fid,MS_ID,PF_Index_Risk_equal,source_row_position,structural_null_count,had_structural_null
24341,24341,0.689255736526002,0,0,False
24342,24342,0.875687751701609,1,0,False
24343,24343,0.877055327641091,2,0,False
24344,24344,0.620164373184599,3,0,False
24345,24345,0.619091387576672,4,0,False
24346,24346,0.61710882850759,5,0,False
24347,24347,0.604110315008139,6,0,False
24348,24348,0.591975527959547,7,0,False
24349,24349,0.589142411647597,8,0,False
24350,24350,0.583378543337703,9,0,False
24351,24351,0.574620137435449,10,0,False
24352,24352,0.548785565188144,11,0,False
24353,24353,0.377933038863419,12,0,False
24354,24354,0.37687297814963,13,0,False
24355,24355,0.378680468390722,14,0,False
24356,24356,0.384593794912328,15,0,False
24357,24357,0.383394834472747,16,0,False
24358,24358,0.382611839838303,17,0,False
24359,24359,0.382446898263781,18,0,False
24360,24360,0.379942676028189,19,0,False
24361,24361,0.380015186207396,20,0,False
24362,24362,0.390722418334932,21,0,False
24363,24363,0.395105645094585,22,0,False
24387,24387,0.313879902202506,23,0,False
24388,24388,0.316293038122735,24,0,False
24389,24389,0.312240222636242,25,0,False
24986,24986,0.369017302974054,26,0,False
24987,24987,0.369742230298405,27,0,False
24988,24988,0.375180245814308,28,0,False
24989,24989,0.535076409686907,29,0,False
24990,24990,0.533307851809034,30,0,False
24996,24996,0.406600851561625,31,1,True
24997,24997,0.397798719988112,32,1,True
24998,24998,0.394411661352711,33,1,True
24999,24999,0.392628225859364,34,1,True
25000,25000,0.384751548590604,35,1,True
25001,25001,0.367017153392623,36,1,True
25002,25002,0.364058649859851,37,1,True
25003,25003,0.351657460877193,38,1,True
25004,25004,0.343695549503565,39,1,True
25005,25005,0.329640939676536,40,1,True
25006,25006,0.306956997518277,41,1,True
25007,25007,0.309498270595886,42,1,True
25008,25008,0.309491305665111,43,1,True
25009,25009,0.298566591320248,44,1,True
25010,25010,0.290950544682178,45,1,True
25011,25011,0.284677096471281,46,1,True
25012,25012,0.269938454330223,47,1,True
25013,25013,0.264054172482199,48,1,True
25014,25014,0.254763527525132,49,1,True
25187,25187,0.402218302399864,50,0,False
25188,25188,0.40507847538162,51,0,False
25189,25189,0.400960421060968,52,0,False
25190,25190,0.399542318801475,53,0,False
25191,25191,0.397677379281799,54,0,False
25198,25198,0.273846337273973,55,0,False
25199,25199,0.269646393046499,56,0,False
25200,25200,0.271075468872436,57,0,False
25201,25201,0.272130560954833,58,0,False
25212,25212,0.279773632258511,59,0,False
25213,25213,0.283508544859799,60,0,False
25214,25214,0.278079143346741,61,0,False
25215,25215,0.272004077792421,62,0,False
25870,25870,0.270967998868374,63,3,True
25871,25871,0.299577923423575,64,3,True
25872,25872,0.307334444740294,65,3,True
25874,25874,0.31428350937582,66,3,True
25875,25875,0.316264779792942,67,3,True
25876,25876,0.317794691316815,68,3,True
25877,25877,0.319035927398673,69,3,True
25878,25878,0.320079374883787,70,3,True
25879,25879,0.320976751018688,71,3,True
25880,25880,0.321762250975052,72,3,True
25881,25881,0.322450843015839,73,3,True
25882,25882,0.322988944104281,74,3,True
25883,25883,0.32347881807355,75,3,True
25884,25884,0.323975965333778,76,3,True
25885,25885,0.325451388052116,77,3,True
25886,25886,0.326079619287057,78,3,True
25887,25887,0.326608466741454,79,3,True
25888,25888,0.327063822902128,80,3,True
25889,25889,0.327450231234624,81,3,True
25890,25890,0.327792985167844,82,3,True
25891,25891,0.328129544629861,83,3,True
25892,25892,0.328451317154032,84,3,True
25893,25893,0.328749935669244,85,3,True
25894,25894,0.329033660646053,86,3,True
25895,25895,0.340449975044331,87,3,True
25896,25896,0.340185545025047,88,3,True
25897,25897,0.340245770219272,89,3,True
25898,25898,0.340281598876261,90,3,True
25899,25899,0.340324646755866,91,3,True
25900,25900,0.340342411989137,92,3,True
25901,25901,0.340368792218626,93,3,True
25902,25902,0.340395792917347,94,3,True
25903,25903,0.340437858304644,95,3,True
25904,25904,0.340472779317595,96,3,True
25905,25905,0.340508028694015,97,3,True
25906,25906,0.340537137436192,98,3,True
25907,25907,0.340557293424865,99,3,True
25908,25908,0.350334423939796,100,3,True
25909,25909,0.350732940844312,101,3,True
25910,25910,0.583333333333333,102,3,True
26337,26337,0.519134623454474,103,3,True
26338,26338,0.522571562497059,104,3,True
26339,26339,0.522869032567975,105,3,True
26340,26340,0.523453754703102,106,3,True
26341,26341,0.524451099861073,107,3,True
26342,26342,0.525475484064987,108,3,True
26343,26343,0.583333333333333,109,3,True
26344,26344,0.583333333333333,110,3,True
26345,26345,0.583333333333333,111,3,True
26432,26432,0.430918786377289,112,0,False
26433,26433,0.416607222736679,113,0,False
26434,26434,0.414663465497278,114,0,False
26435,26435,0.413150466993693,115,0,False
26436,26436,0.410231076255682,116,0,False
26437,26437,0.343588039627676,117,0,False
26438,26438,0.344852137812593,118,0,False
26439,26439,0.361985361877103,119,0,False
26440,26440,0.363755177414462,120,0,False
26441,26441,0.368903699741674,121,0,False
26442,26442,0.373817129841901,122,0,False
26443,26443,0.38041714385087,123,0,False
26444,26444,0.385440221847051,124,0,False
26445,26445,0.388817892468354,125,0,False
26446,26446,0.407034053376412,126,0,False
26762,26762,0.404452198931778,127,1,True
26763,26763,0.397882010350234,128,1,True
26764,26764,0.383554938790747,129,2,True
26765,26765,0.362648945339554,130,1,True
26766,26766,0.34511839935728,131,1,True
26767,26767,0.315981017703224,132,1,True
26768,26768,0.297363722738335,133,1,True
26769,26769,0.288526703206852,134,1,True
26770,26770,0.267089343862813,135,1,True
26771,26771,0.267062852168632,136,1,True
26772,26772,0.262394014632564,137,1,True
26773,26773,0.254112226756906,138,1,True
26916,26916,0.421384842022916,139,0,False
26917,26917,0.412765757502239,140,0,False
26969,26969,0.468917812196318,141,0,False
26970,26970,0.470026651320135,142,0,False
26971,26971,0.469657061059048,143,0,False
26972,26972,0.47046311922818,144,0,False
26973,26973,0.469844358213346,145,0,False
26974,26974,0.466358700197042,146,0,False
26975,26975,0.462219959022234,147,0,False
26976,26976,0.459875547813309,148,0,False
26977,26977,0.462577718144513,149,0,False
26978,26978,0.45722535430162,150,0,False
26979,26979,0.437111482012912,151,0,False
26980,26980,0.417029658148149,152,0,False
26981,26981,0.411109125133928,153,0,False
26982,26982,0.405283862087468,154,0,False
26983,26983,0.389758796264357,155,0,False
26984,26984,0.38605458320205,156,0,False
26985,26985,0.382161321308798,157,0,False
26986,26986,0.334684672142703,158,0,False
26987,26987,0.332023008961092,159,0,False
26988,26988,0.329461368711983,160,0,False
26989,26989,0.327140422416595,161,0,False
26990,26990,0.32477809555292,162,0,False
26991,26991,0.321744548678111,163,0,False
26992,26992,0.320094778876955,164,0,False
26993,26993,0.319680127439312,165,0,False
26994,26994,0.320226109633406,166,0,False
26995,26995,0.31894814662483,167,0,False
27668,27668,0.42275139939944,168,1,True
27669,27669,0.426734225641857,169,1,True
27670,27670,0.43267596372742,170,1,True
27671,27671,0.434315112098668,171,1,True
27672,27672,0.436719660678925,172,1,True
27673,27673,0.43880184194829,173,1,True
27674,27674,0.761355940044271,174,1,True
27675,27675,0.783430404110321,175,0,False
27676,27676,0.783430404110321,176,0,False
27677,27677,0.515076811103995,177,0,False
27678,27678,0.503467085329358,178,0,False
27679,27679,0.462527323086683,179,0,False
27680,27680,0.444872489161355,180,0,False
27681,27681,0.431703063450567,181,0,False
27682,27682,0.425283560349722,182,0,False
27718,27718,0.251511621326185,183,0,False
27719,27719,0.256289425178008,184,0,False
27720,27720,0.258651147539937,185,0,False
27721,27721,0.284627963849887,186,0,False
27723,27723,0.250403272496873,187,0,False
27744,27744,0.273258394692651,188,0,False
28335,28335,0.319589032264733,189,0,False
28336,28336,0.306067429961326,190,0,False
29037,29037,0.301933849187762,191,0,False
29038,29038,0.305982118680271,192,0,False
29039,29039,0.323189844034744,193,0,False
29040,29040,0.25704903294,194,0,False
29041,29041,0.258179565579965,195,0,False
29042,29042,0.27908371454428,196,0,False
29043,29043,0.351933800890293,197,0,False
29044,29044,0.369019001100269,198,0,False
29045,29045,0.920083000583355,199,0,False
29046,29046,0.283996166972926,200,0,False
29200,29200,0.326010743999486,201,3,True
29201,29201,0.31455573379836,202,3,True
29202,29202,0.294395728710353,203,3,True
29203,29203,0.294073702080127,204,3,True
29204,29204,0.293889368125087,205,3,True
29205,29205,0.293658418782216,206,3,True
29206,29206,0.293534682982589,207,3,True
29207,29207,0.293431612572203,208,3,True
29208,29208,0.293258295429731,209,3,True
29209,29209,0.293114813056426,210,3,True
29210,29210,0.29288931724556,211,3,True
29211,29211,0.292587000397539,212,3,True
29212,29212,0.278005282313879,213,3,True
29213,29213,0.277572548659606,214,3,True
29214,29214,0.277411470573275,215,3,True
29215,29215,0.277244454932504,216,3,True
29216,29216,0.277108026681321,217,3,True
29217,29217,0.269825118897522,218,3,True
29218,29218,0.269550495442318,219,3,True
29223,29223,0.451878943240402,220,3,True
29224,29224,0.452224991903486,221,3,True
29225,29225,0.457160913035395,222,3,True
29226,29226,0.45793911331522,223,3,True
29227,29227,0.451800565371018,224,3,True
29228,29228,0.450809569665582,225,3,True
29229,29229,0.461279387328891,226,3,True
29230,29230,0.458920018193238,227,3,True
29231,29231,0.456625189697526,228,3,True
29232,29232,0.454141934699784,229,3,True
29233,29233,0.450861478139808,230,3,True
29234,29234,0.414624685526082,231,3,True
29235,29235,0.408142983813948,232,3,True
29236,29236,0.400675940542792,233,3,True
29237,29237,0.387679880573634,234,3,True
29238,29238,0.370555296349741,235,3,True
29239,29239,0.358110692263221,236,3,True
29240,29240,0.347403160628555,237,3,True
29241,29241,0.343565132649323,238,3,True
29242,29242,0.335884518094997,239,3,True
29243,29243,0.337563483658803,240,3,True
29244,29244,0.340453602534157,241,3,True
29245,29245,0.333915283285321,242,3,True
29246,29246,0.337478172556888,243,3,True
29247,29247,0.338847180392523,244,3,True
29248,29248,0.341068852646218,245,3,True
29249,29249,0.341846793051854,246,3,True
29250,29250,0.342592147965234,247,3,True
29251,29251,0.343095030375707,248,3,True
29252,29252,0.343721659088358,249,3,True
29253,29253,0.346980425194347,250,3,True
29254,29254,0.349391968743459,251,3,True
29255,29255,0.339170724981295,252,3,True
29256,29256,0.341575176692967,253,3,True
29257,29257,0.343044441693036,254,3,True
29295,29295,0.322245522726998,255,0,False
29296,29296,0.341930693776708,256,0,False
29297,29297,0.372368432664854,257,0,False
29298,29298,0.402197239342566,258,0,False
29299,29299,0.407503056276032,259,0,False
29545,29545,0.31101791668696,260,0,False
29546,29546,0.374396847688075,261,1,True
29547,29547,0.384851240245795,262,1,True
29548,29548,0.398745413853407,263,1,True
29549,29549,0.406189337600485,264,1,True
29550,29550,0.78731365754543,265,1,True
29551,29551,0.684583648949431,266,1,True
29552,29552,0.698690614375385,267,1,True
29553,29553,0.691824176915699,268,1,True
29554,29554,0.68037338912602,269,1,True
29778,29778,0.555716499498033,270,0,False
29779,29779,0.557066981375602,271,0,False
29780,29780,0.579524709095676,272,0,False
29781,29781,0.582072945250987,273,0,False
29782,29782,0.569129192888217,274,0,False
29783,29783,0.545086032816379,275,0,False
29867,29867,0.262455466656178,276,0,False
29868,29868,0.266967778202197,277,0,False
29869,29869,0.277407070495381,278,0,False
29870,29870,0.282994238904654,279,0,False
29871,29871,0.290866342235884,280,0,False
29872,29872,0.298853831169611,281,0,False
29873,29873,0.30784782644903,282,0,False
29874,29874,0.312191192046228,283,0,False
29875,29875,0.316256166302256,284,0,False
29876,29876,0.326060674308603,285,0,False
29877,29877,0.324988451354849,286,0,False
29878,29878,0.331225647511235,287,0,False
29879,29879,0.346091093230316,288,0,False
29880,29880,0.348406278501249,289,0,False
29881,29881,0.355998009900108,290,0,False
29882,29882,0.350333014290118,291,0,False
29942,29942,0.691190896829644,292,0,False
29943,29943,0.691846886996187,293,0,False
29944,29944,0.692402284021294,294,0,False
29945,29945,0.693754587987739,295,0,False
29946,29946,0.695269116148409,296,0,False
29947,29947,0.694199827014927,297,0,False
29948,29948,0.693263900060638,298,0,False
29949,29949,0.696305194864918,299,0,False
29950,29950,0.696778928323875,300,0,False
29951,29951,0.69859222735793,301,0,False
29952,29952,0.641147969445783,302,0,False
29953,29953,0.641437422398552,303,0,False
29954,29954,0.643409360757219,304,0,False
29955,29955,0.644193670862264,305,0,False
29956,29956,0.648622060966746,306,0,False
29957,29957,0.646547467551847,307,0,False
29958,29958,0.649080439564701,308,0,False
29959,29959,0.642309728933874,309,0,False
29960,29960,0.638276675336668,310,0,False
29961,29961,0.637450887901938,311,0,False
29962,29962,0.636971946851029,312,0,False
29963,29963,0.63324191188878,313,0,False
30157,30157,0.4152483114864,314,0,False
30158,30158,0.420494107637372,315,0,False
30159,30159,0.421277582001009,316,0,False
30160,30160,0.431195075065248,317,0,False
30161,30161,0.441575335715933,318,0,False
30162,30162,0.450582383954804,319,0,False
30322,30322,0.325035749484231,320,0,False
30323,30323,0.32685988964518,321,0,False
30324,30324,0.32474185513343,322,0,False
30325,30325,0.325255356333718,323,0,False
30326,30326,0.334234642949822,324,0,False
30327,30327,0.328441091231258,325,0,False
30328,30328,0.328316318523005,326,0,False
30373,30373,0.489460919470121,327,0,False
30374,30374,0.489371997549997,328,0,False
30375,30375,0.444985086624996,329,0,False
30376,30376,0.435088934213235,330,0,False
30377,30377,0.434451522354991,331,0,False
30378,30378,0.447173550484395,332,0,False
30379,30379,0.447022356626662,333,0,False
30380,30380,0.445512879669218,334,0,False
30381,30381,0.44316531639916,335,0,False
30382,30382,0.443383857282082,336,0,False
30383,30383,0.368022826213394,337,0,False
30384,30384,0.361305365990416,338,0,False
30385,30385,0.350840846667226,339,0,False
30386,30386,0.342065573434118,340,0,False
30463,30463,0.348573868725253,341,0,False
30464,30464,0.36293212151092,342,0,False
30465,30465,0.372504284002199,343,0,False
30466,30466,0.396529551541005,344,0,False
30467,30467,0.421196270069435,345,0,False
30468,30468,0.939087572778857,346,0,False
30469,30469,0.935577059344422,347,0,False
30470,30470,0.714522382956989,348,0,False
30471,30471,0.710203079534992,349,0,False
30472,30472,0.68731584736531,350,0,False
30473,30473,0.64143240663467,351,0,False
30474,30474,0.640480654264035,352,0,False
30475,30475,0.63680139203331,353,0,False
30476,30476,0.644385134652917,354,0,False
30563,30563,0.253045286504344,355,1,True
30564,30564,0.255636770404218,356,1,True
30565,30565,0.256941059860937,357,1,True
30566,30566,0.257394364312643,358,1,True
30567,30567,0.257408840939141,359,1,True
30568,30568,0.25815378072175,360,1,True
30569,30569,0.259594352347036,361,1,True
30570,30570,0.258304865205528,362,1,True
30571,30571,0.262949520396577,363,1,True
30572,30572,0.265101472982536,364,1,True
30573,30573,0.271016328409277,365,1,True
30574,30574,0.273692113481276,366,1,True
30575,30575,0.27704193890919,367,1,True
30576,30576,0.288547434809795,368,1,True
30577,30577,0.295771469982813,369,1,True
30578,30578,0.303318572679197,370,1,True
30579,30579,0.307189255967632,371,1,True
30580,30580,0.313441390060331,372,1,True
30581,30581,0.318615601927566,373,1,True
30879,30879,0.314581837335884,374,0,False
30880,30880,0.315884577529168,375,0,False
30881,30881,0.370920456949926,376,0,False
30882,30882,0.417988596724544,377,0,False
30883,30883,0.954937376437807,378,0,False
30990,30990,0.257428007253191,379,0,False
30991,30991,0.263621554872843,380,1,True
30992,30992,0.765300390371564,381,1,True
30993,30993,0.811555261661713,382,1,True
30994,30994,0.811555261661713,383,1,True
30995,30995,0.811555261661713,384,1,True
30996,30996,0.811555261661713,385,1,True
30997,30997,0.811555261661713,386,1,True
30998,30998,0.307090184230308,387,1,True
30999,30999,0.292055118956994,388,1,True
31000,31000,0.286703845208613,389,1,True
31001,31001,0.279829010623236,390,1,True
31002,31002,0.273482119182515,391,1,True
31003,31003,0.264293488270701,392,1,True
31040,31040,0.35860010586126,393,0,False
31041,31041,0.354145581134649,394,0,False
31042,31042,0.344108321675627,395,0,False
31043,31043,0.332220550961263,396,0,False
31044,31044,0.32186531209221,397,0,False
31045,31045,0.257036296829897,398,0,False
31119,31119,0.411977573361025,399,0,False
31120,31120,0.41422184751914,400,0,False
31121,31121,0.418222668719702,401,0,False
31122,31122,0.420339610734922,402,0,False
31123,31123,0.430154976329948,403,0,False
31124,31124,0.441478740658368,404,0,False
31125,31125,0.942904617735226,405,0,False
31126,31126,0.9321175142982,406,0,False
31127,31127,0.93181509588367,407,0,False
31128,31128,0.447394083428299,408,0,False
31129,31129,0.438796282108176,409,0,False
31130,31130,0.437100090718275,410,0,False
31131,31131,0.36383253794603,411,0,False
31132,31132,0.361804922489149,412,0,False
31133,31133,0.359343878639526,413,0,False
31134,31134,0.346889385008548,414,0,False
31135,31135,0.342849402629623,415,0,False
31136,31136,0.333571714272517,416,0,False
31137,31137,0.325691941611286,417,0,False
31138,31138,0.307924640038951,418,0,False
31139,31139,0.29169317354407,419,0,False
31140,31140,0.260158825944677,420,0,False
31141,31141,0.25365274077006,421,0,False
31348,31348,0.341930949848946,422,0,False
31436,31436,0.27961355412047,423,0,False
31465,31465,0.430974504870579,424,0,False
31466,31466,0.429531825406816,425,0,False
31467,31467,0.428421135941104,426,0,False
31468,31468,0.4284190075116,427,0,False
31469,31469,0.426989434745936,428,0,False
31470,31470,0.426088404674097,429,0,False
31471,31471,0.426592294063551,430,0,False
31472,31472,0.42654000617225,431,0,False
31473,31473,0.433149674277411,432,0,False
31474,31474,0.449408938502044,433,0,False
31475,31475,0.474247879257729,434,0,False
31476,31476,0.562637784123096,435,0,False
31477,31477,0.577360714276782,436,0,False
31478,31478,0.587901501775035,437,0,False
31479,31479,0.59087927540405,438,0,False
31480,31480,0.454037690583135,439,0,False
31481,31481,0.452706566442081,440,0,False
31482,31482,0.447848831078336,441,0,False
31483,31483,0.440921734925204,442,0,False
31484,31484,0.441621920406128,443,0,False
31485,31485,0.441667646973548,444,0,False
31486,31486,0.442543137946228,445,0,False
31487,31487,0.443190817031471,446,0,False
31488,31488,0.443663454388134,447,0,False
31489,31489,0.442394785056304,448,0,False
31679,31679,0.250714132681468,449,1,True
31680,31680,0.261399699688266,450,1,True
31681,31681,0.273261627893699,451,1,True
31682,31682,0.292687222735967,452,1,True
31683,31683,0.295780944985912,453,1,True
31684,31684,0.284291737472422,454,1,True
31685,31685,0.293246286572312,455,1,True
31686,31686,0.309056725337494,456,1,True
31687,31687,0.325421191559142,457,1,True
31688,31688,0.338633459637086,458,1,True
31689,31689,0.352578289381372,459,1,True
31690,31690,0.369013452667199,460,1,True
31691,31691,0.373479771477581,461,1,True
31774,31774,0.336844724683714,462,0,False
31775,31775,0.337069145995182,463,0,False
31776,31776,0.335903959603433,464,0,False
31777,31777,0.333806271475926,465,0,False
31778,31778,0.332798878267914,466,0,False
31779,31779,0.362992412854586,467,0,False
32247,32247,0.468347362725944,468,0,False
32301,32301,0.286182487760833,469,2,True
32302,32302,0.286262068292604,470,2,True
32303,32303,0.288242134369391,471,2,True
32304,32304,0.275154038693128,472,2,True
32305,32305,0.275118298175215,473,2,True
32306,32306,0.27309336773739,474,2,True
32307,32307,0.272570863130809,475,2,True
32308,32308,0.272298343326973,476,2,True
32309,32309,0.270706201162909,477,2,True
32310,32310,0.271044395210026,478,2,True
32311,32311,0.271113466054682,479,2,True
32312,32312,0.271428822686992,480,2,True
32313,32313,0.269897192996689,481,2,True
32314,32314,0.270346163861271,482,2,True
32315,32315,0.270651419548454,483,2,True
32316,32316,0.25800351135315,484,1,True
32317,32317,0.258483496793851,485,0,False
32318,32318,0.258425175123196,486,0,False
32319,32319,0.265736674698943,487,0,False
32355,32355,0.281214636324119,488,0,False
32712,32712,0.252596862258046,489,1,True
32713,32713,0.261845192267627,490,1,True
32714,32714,0.269493317286572,491,1,True
32715,32715,0.275538164381606,492,1,True
32716,32716,0.280312018996922,493,1,True
32717,32717,0.301552026346501,494,1,True
32718,32718,0.320142819233384,495,1,True
32719,32719,0.334801851362365,496,1,True
32720,32720,0.347613342697683,497,1,True
32721,32721,0.362811189882717,498,1,True
32722,32722,0.387964219433106,499,1,True
32723,32723,0.39041611628363,500,1,True
32749,32749,0.455183116259751,501,0,False
32750,32750,0.465083517443834,502,0,False
32751,32751,0.465376461770068,503,0,False
32752,32752,0.463070053196575,504,0,False
32753,32753,0.463408421129195,505,0,False
33372,33372,0.382055973716224,506,0,False
33373,33373,0.390368290934518,507,0,False
33374,33374,0.39211673250262,508,0,False
33375,33375,0.394704461634964,509,0,False
33376,33376,0.407576422298065,510,0,False
33377,33377,0.410825905643684,511,0,False
33378,33378,0.414659607971368,512,0,False
33379,33379,0.424972100490153,513,0,False
33380,33380,0.42745741480023,514,0,False
33381,33381,0.428829423337835,515,0,False
33382,33382,0.434269254531232,516,0,False
33383,33383,0.435352084455739,517,0,False
33384,33384,0.490005168082248,518,0,False
33385,33385,0.494202319265216,519,0,False
33386,33386,0.497777691964617,520,0,False
33387,33387,0.498394176278791,521,0,False
33388,33388,0.499190699621817,522,0,False
33402,33402,0.362253146307541,523,0,False
33560,33560,0.958016140095198,524,0,False
33561,33561,0.958016140095198,525,0,False
33562,33562,0.95685651292791,526,0,False
33563,33563,0.322070652891346,527,0,False
33564,33564,0.46538044495403,528,0,False
33568,33568,0.328234258289567,529,0,False
33569,33569,0.343223485617626,530,0,False
33570,33570,0.410735435206145,531,0,False
33571,33571,0.414284826540432,532,0,False
33572,33572,0.418332470817852,533,0,False
33573,33573,0.42187787678261,534,0,False
33574,33574,0.426195732810411,535,0,False
33575,33575,0.431364118279529,536,0,False
33576,33576,0.435184335199644,537,0,False
34285,34285,0.343589062964054,538,0,False
34286,34286,0.34363299462185,539,0,False
34287,34287,0.344138581389334,540,0,False
34289,34289,0.295719709585896,541,0,False
34290,34290,0.298267603391227,542,0,False
34291,34291,0.282282534748133,543,0,False
34292,34292,0.281433279086366,544,0,False
34293,34293,0.278170920505261,545,0,False
34299,34299,0.260546469686709,546,0,False
34300,34300,0.26671088096828,547,0,False
34342,34342,0.406878976709168,548,0,False
34343,34343,0.402840685713715,549,0,False
34344,34344,0.398948912047661,550,0,False
34345,34345,0.395896404057368,551,0,False
34346,34346,0.392481922365337,552,0,False
34347,34347,0.388596734198542,553,0,False
34348,34348,0.326286654699332,554,0,False
34425,34425,0.577224375268424,555,0,False
34426,34426,0.575600942495027,556,0,False
34427,34427,0.564851072826863,557,0,False
34428,34428,0.56024857322125,558,0,False
34429,34429,0.544874122449623,559,0,False
34430,34430,0.538539467946256,560,0,False
34431,34431,0.536746402107498,561,0,False
34432,34432,0.536884331999663,562,0,False
34433,34433,0.536265586704709,563,0,False
34434,34434,0.535875696827912,564,0,False
34764,34764,0.563301121117828,565,0,False
34765,34765,0.557652279526802,566,0,False
34766,34766,0.559020353636106,567,0,False
34767,34767,0.558361394649552,568,0,False
34768,34768,0.574790427222946,569,0,False
34769,34769,0.685368119920625,570,0,False
34770,34770,0.692096434065357,571,0,False
34771,34771,0.696363620488174,572,0,False
34772,34772,0.70029592615097,573,0,False
34773,34773,0.937702121397374,574,0,False
34774,34774,0.422144062446819,575,0,False
34775,34775,0.398546868128314,576,0,False
34776,34776,0.372460789555064,577,0,False
34777,34777,0.365053109921471,578,0,False
34948,34948,0.469386465195213,579,0,False
34949,34949,0.474863008375826,580,0,False
35503,35503,0.254846619304017,581,0,False
35584,35584,0.359921406966296,582,0,False
35585,35585,0.359907641567564,583,2,True
35586,35586,0.358822606306681,584,2,True
35587,35587,0.360958182449216,585,2,True
35588,35588,0.360390356973545,586,2,True
35589,35589,0.35928213037314,587,2,True
35665,35665,0.354592739126576,588,3,True
35666,35666,0.353289746718507,589,3,True
35667,35667,0.357307020921177,590,3,True
35668,35668,0.336918206818659,591,3,True
35765,35765,0.478073528524723,592,0,False
35766,35766,0.477365231365681,593,0,False
35767,35767,0.476656252741258,594,0,False
35768,35768,0.368374017346326,595,0,False
35769,35769,0.368238119611638,596,0,False
35770,35770,0.367085496248527,597,0,False
36138,36138,0.272427252112423,598,0,False
36139,36139,0.322537187400991,599,0,False
36431,36431,0.387313655485593,600,0,False
36432,36432,0.387167987904712,601,0,False
36523,36523,0.411304369552117,602,0,False
36524,36524,0.405267465336902,603,0,False
36525,36525,0.405373482148246,604,0,False
36526,36526,0.404989868577478,605,0,False
36527,36527,0.403387912690266,606,0,False
36528,36528,0.401292779839433,607,0,False
36529,36529,0.400466021097853,608,0,False
36530,36530,0.400867756952432,609,0,False
36531,36531,0.403619318448519,610,0,False
36532,36532,0.406548661002342,611,0,False
36533,36533,0.419094157635491,612,0,False
36534,36534,0.42783707889447,613,0,False
36535,36535,0.429478596929671,614,0,False
36536,36536,0.43309719644589,615,0,False
36537,36537,0.436977079675976,616,0,False
36538,36538,0.4299373048577,617,0,False
36539,36539,0.435748535243092,618,0,False
36704,36704,0.261023088422924,619,1,True
36705,36705,0.260848681769225,620,1,True
36706,36706,0.259293202472523,621,1,True
36707,36707,0.26005521108962,622,1,True
36708,36708,0.25948720411143,623,1,True
36719,36719,0.317995677527245,624,0,False
36981,36981,0.500326287806089,625,0,False
36982,36982,0.512486677986085,626,0,False
36983,36983,0.509329831227247,627,0,False
36984,36984,0.50839137233294,628,0,False
36985,36985,0.507518420764996,629,0,False
36986,36986,0.506779711126748,630,0,False
36987,36987,0.505909459275095,631,0,False
36988,36988,0.509316755714773,632,0,False
36989,36989,0.947015966213164,633,0,False
36990,36990,0.932106352411183,634,0,False
36991,36991,0.493360608794037,635,0,False
36992,36992,0.491914813566135,636,0,False
37256,37256,0.28113969699565,637,0,False
37262,37262,0.309767741780723,638,0,False
37263,37263,0.311887059059181,639,0,False
37264,37264,0.31828414287702,640,0,False
37265,37265,0.321858171975614,641,0,False
37266,37266,0.328963183311392,642,0,False
37267,37267,0.324346540527096,643,0,False
37268,37268,0.328616414694953,644,0,False
37269,37269,0.331593106285003,645,0,False
37270,37270,0.333377139516482,646,0,False
37271,37271,0.334220128748253,647,0,False
37272,37272,0.335599030981665,648,0,False
37273,37273,0.3469221513179,649,0,False
37274,37274,0.351468121924136,650,0,False
37275,37275,0.354479236783194,651,0,False
37276,37276,0.35715191934322,652,0,False
37277,37277,0.357877141429055,653,0,False
37278,37278,0.358115200702413,654,0,False
37279,37279,0.360107756244693,655,0,False
37280,37280,0.359646960265755,656,0,False
37281,37281,0.360895511219824,657,0,False
37282,37282,0.360671500955869,658,0,False
37283,37283,0.35588739642228,659,0,False
37284,37284,0.355330505484402,660,0,False
37285,37285,0.355285089799318,661,0,False
37286,37286,0.349426126011985,662,0,False
37288,37288,0.339076867350445,663,0,False
37289,37289,0.339433708193462,664,0,False
37290,37290,0.336463610886395,665,0,False
37291,37291,0.333128577317249,666,0,False
37399,37399,0.42152989493048,667,1,True
37400,37400,0.423973085924981,668,1,True
37401,37401,0.424527071871777,669,1,True
37402,37402,0.426273839144173,670,1,True
37403,37403,0.426809226803889,671,1,True
37404,37404,0.43053237033959,672,1,True
37405,37405,0.449382499401093,673,0,False
37406,37406,0.451271095615481,674,0,False
37407,37407,0.45764576879237,675,0,False
37408,37408,0.783430404110321,676,0,False
37409,37409,0.814488987240307,677,0,False
37410,37410,0.814488987240307,678,0,False
37411,37411,0.814488987240307,679,0,False
37412,37412,0.814488987240307,680,0,False
37413,37413,0.814488987240307,681,0,False
37414,37414,0.53908092385078,682,0,False
37415,37415,0.54032240010957,683,0,False
37416,37416,0.512579559461922,684,0,False
37417,37417,0.495160191703138,685,0,False
37418,37418,0.477598252916947,686,0,False
37419,37419,0.456897289088196,687,0,False
37420,37420,0.445853574440791,688,0,False
37433,37433,0.59159793680484,689,0,False
37434,37434,0.574146708327025,690,0,False
37435,37435,0.601019040749624,691,0,False
37436,37436,0.605814984159665,692,0,False
37897,37897,0.343667405492671,693,0,False
37898,37898,0.34348229810577,694,0,False
37937,37937,0.356940140860521,695,4,True
37938,37938,0.416666666666667,696,4,True
37939,37939,0.416666666666667,697,4,True
37940,37940,0.416666666666667,698,4,True
37941,37941,0.583333333333333,699,3,True
37942,37942,0.583078037887103,700,3,True
37943,37943,0.583035922558222,701,3,True
37944,37944,0.583333333333333,702,3,True
37945,37945,0.583333333333333,703,3,True
37946,37946,0.583333333333333,704,3,True
37947,37947,0.289490020157138,705,3,True
37948,37948,0.255516259223959,706,3,True
37990,37990,0.254254206318912,707,0,False
37992,37992,0.256779512454412,708,0,False
37993,37993,0.26075623263854,709,0,False
37994,37994,0.259872010000453,710,0,False
37995,37995,0.25821401073219,711,0,False
37996,37996,0.260065601269498,712,0,False
37997,37997,0.259173299368189,713,0,False
37998,37998,0.268534272858585,714,0,False
37999,37999,0.298825329186624,715,0,False
38000,38000,0.269293241709228,716,0,False
38001,38001,0.263191414391081,717,0,False
38002,38002,0.262456048541315,718,0,False
38003,38003,0.254706998868311,719,0,False
38172,38172,0.256566939033332,720,1,True
38173,38173,0.25067916219676,721,1,True
38174,38174,0.252563146236521,722,1,True
38175,38175,0.253807147267149,723,1,True
38176,38176,0.257344304381959,724,1,True
38177,38177,0.25640326221406,725,1,True
38178,38178,0.256711663516461,726,1,True
38179,38179,0.269531311278246,727,1,True
38180,38180,0.271997405277163,728,1,True
38181,38181,0.305095720090983,729,1,True
38182,38182,0.299749263579246,730,1,True
38183,38183,0.302823027483414,731,1,True
38184,38184,0.307942264467217,732,1,True
38185,38185,0.307564821641506,733,1,True
38379,38379,0.617816949429927,734,0,False
38380,38380,0.594463594121823,735,0,False
38381,38381,0.597072806503663,736,0,False
38382,38382,0.579469050074866,737,0,False
38383,38383,0.571511848182516,738,0,False
38384,38384,0.542371820531279,739,0,False
38385,38385,0.525947403591958,740,0,False
38386,38386,0.518405237645197,741,0,False
38387,38387,0.514310830612408,742,0,False
38798,38798,0.468810386279834,743,0,False
38799,38799,0.471564076307836,744,0,False
38851,38851,0.456190084453158,745,0,False
38852,38852,0.309934452004539,746,0,False
38853,38853,0.30804734124863,747,0,False
38854,38854,0.306582313086614,748,0,False
38855,38855,0.30489603497749,749,0,False
38856,38856,0.302898683201001,750,0,False
38932,38932,0.763693639392993,751,1,True
38933,38933,0.250511247443763,752,1,True
39042,39042,0.292362278274377,753,0,False
39043,39043,0.317176492836172,754,0,False
39044,39044,0.317520659316414,755,0,False
39045,39045,0.440099587607177,756,0,False
39046,39046,0.438607995801636,757,3,True
39047,39047,0.455641402257631,758,3,True
39048,39048,0.460485623948707,759,3,True
39049,39049,0.47484370621661,760,3,True
39050,39050,0.484600342615143,761,3,True
39051,39051,0.488851126492078,762,3,True
39052,39052,0.493204801033165,763,3,True
39053,39053,0.512479354766146,764,3,True
39054,39054,0.517184691046247,765,3,True
39055,39055,0.524113781828927,766,3,True
39056,39056,0.529708210000936,767,3,True
39057,39057,0.535967416721216,768,3,True
39058,39058,0.544899319474609,769,3,True
39059,39059,0.553530523056407,770,3,True
39060,39060,0.583333333333333,771,3,True
39061,39061,0.583333333333333,772,3,True
39062,39062,0.583333333333333,773,3,True
39063,39063,0.583333333333333,774,3,True
39064,39064,0.583333333333333,775,3,True
39065,39065,0.269028952752725,776,3,True
39066,39066,0.255802489564068,777,3,True
39214,39214,0.35082962017733,778,0,False
39215,39215,0.352002645565686,779,0,False
39216,39216,0.354804521967038,780,0,False
39217,39217,0.358885057262697,781,0,False
39218,39218,0.35896857149748,782,0,False
39219,39219,0.3749019720063,783,1,True
39220,39220,0.376331176524637,784,0,False
39221,39221,0.37660832148618,785,0,False
39222,39222,0.386811795232277,786,0,False
39223,39223,0.38795871830888,787,0,False
39224,39224,0.393171010497424,788,0,False
39483,39483,0.362921642559053,789,0,False
39484,39484,0.36079192042809,790,0,False
39485,39485,0.358844564651411,791,0,False
39486,39486,0.339780998844329,792,0,False
39943,39943,0.377325740249291,793,3,True
39944,39944,0.374986554867871,794,3,True
39945,39945,0.365803659133575,795,3,True
39946,39946,0.363286262626389,796,3,True
39947,39947,0.349154970939482,797,3,True
39948,39948,0.322552334490572,798,3,True
39949,39949,0.317652587947255,799,3,True
39950,39950,0.330525893413068,800,3,True
39951,39951,0.28680903682443,801,3,True
39952,39952,0.276884728603699,802,3,True
39953,39953,0.275248834239917,803,3,True
39954,39954,0.27390726060924,804,3,True
39957,39957,0.269868132713901,805,3,True
39958,39958,0.280719756750759,806,3,True
40019,40019,0.272165413369637,807,1,True
40020,40020,0.587479824440569,808,2,True
40021,40021,0.587479824440569,809,2,True
40022,40022,0.583333333333333,810,3,True
40023,40023,0.316322533051421,811,3,True
40024,40024,0.314208523359387,812,3,True
40025,40025,0.301866725887495,813,2,True
40026,40026,0.28675736060546,814,2,True
40027,40027,0.26248494335154,815,2,True
40064,40064,0.488270821354881,816,0,False
40065,40065,0.758960418205781,817,1,True
40066,40066,0.75937845471191,818,1,True
40067,40067,0.349807743804382,819,0,False
40068,40068,0.343226953213532,820,0,False
40069,40069,0.343213527872737,821,0,False
40070,40070,0.318490644578691,822,1,True
40071,40071,0.311349284217236,823,1,True
40072,40072,0.298541910951764,824,0,False
40073,40073,0.292178178479185,825,0,False
40074,40074,0.282706345462893,826,0,False
40075,40075,0.274574413889076,827,0,False
40436,40436,0.253881760060837,828,0,False
40437,40437,0.251904929132493,829,0,False
40438,40438,0.252483460570016,830,0,False
40439,40439,0.253184479224777,831,0,False
40440,40440,0.256640489403985,832,0,False
40441,40441,0.258105875812585,833,0,False
40442,40442,0.271197292812585,834,0,False
40443,40443,0.306999956335066,835,0,False
40444,40444,0.310827061778181,836,0,False
40445,40445,0.326358597447852,837,0,False
40446,40446,0.332650031246979,838,0,False
40447,40447,0.350379383049508,839,0,False
40448,40448,0.356718132763604,840,0,False
40449,40449,0.363546504501919,841,0,False
40450,40450,0.371638807581589,842,0,False
40451,40451,0.374717912710168,843,0,False
40452,40452,0.37755099131799,844,0,False
40453,40453,0.391220497644352,845,0,False
40454,40454,0.44015493020441,846,0,False
40455,40455,0.444096049305603,847,0,False
40456,40456,0.449160867880596,848,0,False
40457,40457,0.939041846027423,849,0,False
40458,40458,0.942904617735226,850,0,False
40459,40459,0.441676828705678,851,0,False
40923,40923,0.272003406568152,852,3,True
40924,40924,0.302760568710164,853,3,True
40925,40925,0.32207044850658,854,3,True
40926,40926,0.341996239654937,855,3,True
40927,40927,0.336980505563132,856,3,True
40928,40928,0.352885268337036,857,3,True
40929,40929,0.333462092594206,858,3,True
40930,40930,0.358054404160769,859,3,True
40931,40931,0.358708240335732,860,3,True
40932,40932,0.374161362102079,861,3,True
40933,40933,0.383024702820345,862,3,True
40934,40934,0.392411044368062,863,3,True
40935,40935,0.390919367855388,864,3,True
40936,40936,0.392678474778648,865,3,True
41160,41160,0.349181919917732,866,0,False
41161,41161,0.374850191166645,867,0,False
41162,41162,0.374503098917851,868,0,False
41163,41163,0.34945401481065,869,0,False
41164,41164,0.358815812155453,870,0,False
41165,41165,0.354783153091576,871,0,False
41166,41166,0.355160375555971,872,0,False
41167,41167,0.36565131883693,873,0,False
41171,41171,0.281775262794853,874,0,False
41400,41400,0.669913345413718,875,2,True
41401,41401,0.669062453913946,876,2,True
41402,41402,0.668236868339129,877,1,True
41403,41403,0.667823102768136,878,1,True
41404,41404,0.667499351861614,879,1,True
41405,41405,0.667119122777011,880,1,True
41406,41406,0.666690180804979,881,1,True
41407,41407,0.478433128743348,882,1,True
41408,41408,0.478071962158062,883,1,True
41409,41409,0.477775963451812,884,1,True
41411,41411,0.476819098158862,885,1,True
41412,41412,0.476498501198533,886,1,True
41413,41413,0.309515463820522,887,2,True
41414,41414,0.30908083544097,888,2,True
41415,41415,0.30849174269408,889,2,True
41416,41416,0.291145456704829,890,2,True
41417,41417,0.290954157920419,891,2,True
41418,41418,0.290739797313724,892,2,True
41419,41419,0.290267521827146,893,2,True
41420,41420,0.289884661563915,894,2,True
41421,41421,0.28069661540157,895,2,True
41422,41422,0.280330487855446,896,2,True
41423,41423,0.279965162073265,897,2,True
41424,41424,0.279592766214291,898,2,True
41425,41425,0.279299316414202,899,2,True
41426,41426,0.278920628978119,900,2,True
41427,41427,0.278669967007751,901,2,True
41428,41428,0.278471366426284,902,2,True
41429,41429,0.278285144247742,903,2,True
41430,41430,0.278121083557175,904,2,True
41431,41431,0.278033149263504,905,2,True
41432,41432,0.277862660623361,906,2,True
41433,41433,0.277565101977297,907,2,True
41471,41471,0.595100714645871,908,2,True
41472,41472,0.595100714645871,909,2,True
41473,41473,0.595100714645871,910,2,True
41474,41474,0.595100714645871,911,2,True
41475,41475,0.595100714645871,912,2,True
41476,41476,0.594934976880906,913,2,True
41477,41477,0.594778830650093,914,2,True
41607,41607,0.957976263894263,915,0,False
41608,41608,0.96131404708638,916,0,False
41609,41609,0.960496531626051,917,0,False
41610,41610,0.96057344949148,918,0,False
41611,41611,0.269320108574914,919,0,False
41612,41612,0.267589963854452,920,0,False
41613,41613,0.269062844281873,921,0,False
41614,41614,0.268554503489322,922,0,False
41615,41615,0.27058698138806,923,0,False
41656,41656,0.431609290149514,924,0,False
41657,41657,0.43580968475989,925,0,False
41658,41658,0.457038296249483,926,0,False
41659,41659,0.431638164012408,927,0,False
41660,41660,0.441307982227711,928,0,False
41661,41661,0.444814669573517,929,0,False
41662,41662,0.44333508777077,930,0,False
41663,41663,0.445742430857621,931,0,False
41664,41664,0.461239471571923,932,0,False
41665,41665,0.462010143062004,933,0,False
41666,41666,0.461884009763103,934,0,False
41667,41667,0.461724780632492,935,0,False
41668,41668,0.462656063983056,936,0,False
41669,41669,0.458810762485708,937,0,False
41670,41670,0.459107826437135,938,0,False
41671,41671,0.459090038045202,939,0,False
41672,41672,0.459084213538977,940,0,False
41673,41673,0.46006582882006,941,0,False
41674,41674,0.461507342131336,942,0,False
41675,41675,0.467169449252854,943,0,False
41676,41676,0.467850542594449,944,0,False
41677,41677,0.46542832692194,945,0,False
41723,41723,0.465917009844977,946,0,False
41724,41724,0.475783721751046,947,0,False
41725,41725,0.487243298917002,948,0,False
41726,41726,0.493830963020789,949,0,False
41727,41727,0.497090651976918,950,0,False
41728,41728,0.475349230603216,951,0,False
41729,41729,0.48465626367721,952,0,False
41730,41730,0.490020953763854,953,0,False
41731,41731,0.500082870355207,954,0,False
41732,41732,0.520450753917041,955,0,False
41733,41733,0.53828790455716,956,0,False
41734,41734,0.541092935472458,957,0,False
41735,41735,0.555010992962335,958,0,False
41879,41879,0.373921670560086,959,0,False
41880,41880,0.370363562007337,960,0,False
41881,41881,0.370307498738948,961,0,False
41882,41882,0.369735675316028,962,0,False
41883,41883,0.369741183829753,963,0,False
41884,41884,0.36771952579612,964,0,False
41885,41885,0.365114605772793,965,0,False
41886,41886,0.361211967565931,966,0,False
41887,41887,0.360391401842202,967,0,False
41888,41888,0.362972511017176,968,0,False
41889,41889,0.363162781783864,969,0,False
41890,41890,0.362074424975826,970,0,False
41891,41891,0.359880962547367,971,0,False
41896,41896,0.34214053046695,972,0,False
41929,41929,0.318738332017575,973,0,False
41930,41930,0.316934508690465,974,0,False
41931,41931,0.315618886634266,975,0,False
41937,41937,0.295290494427139,976,0,False
41938,41938,0.293188294410784,977,0,False
41939,41939,0.262975577160002,978,0,False
41940,41940,0.254299181581118,979,0,False
42005,42005,0.256835383663245,980,3,True
42006,42006,0.583333333333333,981,3,True
42007,42007,0.583333333333333,982,3,True
42008,42008,0.583333333333333,983,3,True
42009,42009,0.583333333333333,984,3,True
42010,42010,0.559367529162847,985,3,True
42011,42011,0.547200786459733,986,3,True
42012,42012,0.534474581411539,987,3,True
42013,42013,0.516540884797057,988,3,True
42014,42014,0.504503824479481,989,3,True
42015,42015,0.483466278717373,990,3,True
42016,42016,0.473787488086948,991,3,True
42017,42017,0.451013166667679,992,3,True
42018,42018,0.429756979199238,993,3,True
42019,42019,0.417369842081134,994,3,True
42020,42020,0.396660674977091,995,3,True
42095,42095,0.251697814998883,996,0,False
42096,42096,0.25654782030873,997,1,True
42097,42097,0.303111397846942,998,1,True
42098,42098,0.304178773722246,999,1,True
42099,42099,0.323071937486807,1000,0,False
42100,42100,0.323608973929532,1001,0,False
42101,42101,0.324328980675679,1002,0,False
42102,42102,0.346131902246325,1003,0,False
42103,42103,0.374896632058889,1004,1,True
42104,42104,0.758960418205781,1005,1,True
42105,42105,0.513502396352917,1006,0,False
42106,42106,0.471161498408024,1007,0,False
42107,42107,0.440791032290139,1008,0,False
42169,42169,0.488452179870406,1009,0,False
42170,42170,0.474210020250138,1010,0,False
42171,42171,0.407303067587077,1011,0,False
42222,42222,0.253506410183364,1012,3,True
42223,42223,0.252538743559878,1013,3,True
42224,42224,0.252750271912046,1014,3,True
42436,42436,0.415553390879781,1015,4,True
42437,42437,0.415666402349833,1016,4,True
42438,42438,0.41577005041944,1017,4,True
42439,42439,0.415916886226956,1018,4,True
42440,42440,0.416042444944258,1019,4,True
42441,42441,0.416115738734041,1020,4,True
42442,42442,0.416204560053969,1021,4,True
42443,42443,0.416292841930616,1022,4,True
42444,42444,0.416417355644927,1023,4,True
42445,42445,0.416542221422941,1024,4,True
42446,42446,0.416666666666667,1025,4,True
42447,42447,0.416666666666667,1026,4,True
42448,42448,0.416666666666667,1027,4,True
42454,42454,0.286835501677648,1028,3,True
42455,42455,0.285485299233867,1029,3,True
42456,42456,0.284028213580898,1030,3,True
42457,42457,0.282608733856864,1031,3,True
42458,42458,0.28132176082174,1032,3,True
42459,42459,0.279899759298291,1033,3,True
42460,42460,0.278809642758644,1034,3,True
42461,42461,0.27761234941132,1035,3,True
42462,42462,0.266579394215067,1036,3,True
42463,42463,0.265574912941149,1037,3,True
42464,42464,0.264344010624764,1038,3,True
42465,42465,0.262162797381602,1039,3,True
42466,42466,0.26009189026539,1040,3,True
42467,42467,0.258167372579031,1041,3,True
42468,42468,0.256348582055503,1042,3,True
42469,42469,0.254606684997479,1043,3,True
42470,42470,0.253969769533983,1044,3,True
42471,42471,0.253420563632552,1045,3,True
42472,42472,0.252989376545103,1046,3,True
42473,42473,0.252672027763248,1047,3,True
42474,42474,0.25235428658317,1048,3,True
42475,42475,0.251835610699397,1049,3,True
42476,42476,0.251469448262634,1050,2,True
42477,42477,0.250835451664479,1051,2,True
42788,42788,0.365252081868281,1052,0,False
42807,42807,0.515430287570352,1053,3,True
42808,42808,0.520731637538672,1054,3,True
42809,42809,0.522605391387897,1055,3,True
42810,42810,0.583333333333333,1056,3,True
42811,42811,0.583333333333333,1057,3,True
42812,42812,0.583333333333333,1058,3,True
42813,42813,0.583333333333333,1059,3,True
42814,42814,0.583333333333333,1060,3,True
42815,42815,0.36974465083355,1061,3,True
42816,42816,0.357259538063821,1062,3,True
42817,42817,0.348781067947856,1063,3,True
42818,42818,0.348193842362356,1064,3,True
42819,42819,0.341918850215003,1065,3,True
42820,42820,0.34157249109141,1066,3,True
42821,42821,0.300595373944542,1067,3,True
42822,42822,0.300672010079168,1068,3,True
42823,42823,0.300808371173111,1069,3,True
42824,42824,0.32021050037199,1070,3,True
42825,42825,0.326296047326306,1071,3,True
42826,42826,0.320862021602229,1072,3,True
42827,42827,0.321410789796086,1073,3,True
42836,42836,0.261216235825392,1074,3,True
42837,42837,0.276282470259618,1075,3,True
42838,42838,0.278764450669876,1076,3,True
42839,42839,0.2793354816154,1077,3,True
42840,42840,0.26393752466735,1078,3,True
42841,42841,0.265857252742882,1079,3,True
42842,42842,0.268313841775353,1080,3,True
42843,42843,0.270368098818869,1081,3,True
42844,42844,0.309599105606792,1082,0,False
42845,42845,0.315423487664144,1083,0,False
42846,42846,0.88098659707181,1084,0,False
42847,42847,0.694561007847075,1085,0,False
42848,42848,0.682539627010464,1086,0,False
42849,42849,0.62888168167437,1087,0,False
43118,43118,0.269622232487403,1088,0,False
43119,43119,0.274573351263009,1089,0,False
43120,43120,0.429793695404193,1090,0,False
43121,43121,0.321375780669676,1091,0,False
43122,43122,0.320920394621928,1092,0,False
43123,43123,0.270321478607484,1093,0,False
43244,43244,0.272597041185045,1094,0,False
43245,43245,0.271561951259501,1095,0,False
43594,43594,0.433398368268282,1096,0,False
43595,43595,0.426359131409985,1097,0,False
43596,43596,0.422739955294456,1098,0,False
43597,43597,0.414045452174425,1099,0,False
43598,43598,0.700851704543048,1100,2,True
43599,43599,0.700773577245668,1101,2,True
43600,43600,0.700701216955224,1102,2,True
43601,43601,0.70061341706872,1103,2,True
43602,43602,0.700535743754472,1104,2,True
43603,43603,0.700458190584507,1105,2,True
43604,43604,0.700379468079098,1106,2,True
43605,43605,0.700303104342269,1107,2,True
43606,43606,0.700224791161438,1108,2,True
43607,43607,0.700150291156027,1109,2,True
43608,43608,0.700079803954289,1110,2,True
43609,43609,0.700007327854226,1111,2,True
43610,43610,0.699934529131727,1112,2,True
43611,43611,0.69983295522078,1113,2,True
43612,43612,0.699755274350853,1114,2,True
43613,43613,0.699674091349594,1115,2,True
43614,43614,0.699592820206113,1116,2,True
43615,43615,0.699502844244949,1117,2,True
43616,43616,0.699413590440657,1118,2,True
43617,43617,0.699321933709625,1119,2,True
43618,43618,0.699231516731289,1120,2,True
43619,43619,0.699140867926259,1121,2,True
43620,43620,0.699050597001116,1122,2,True
43621,43621,0.698960258155227,1123,2,True
43622,43622,0.698887530135224,1124,2,True
43623,43623,0.698805157999617,1125,2,True
43624,43624,0.698723191173565,1126,2,True
43625,43625,0.698640401337957,1127,2,True
43626,43626,0.698533883765561,1128,2,True
43627,43627,0.698427103891934,1129,2,True
43628,43628,0.698319703052925,1130,2,True
43629,43629,0.698179027774563,1131,2,True
43630,43630,0.6980384752195,1132,2,True
43631,43631,0.697897936993846,1133,2,True
43632,43632,0.697753152479331,1134,2,True
43633,43633,0.697517166819843,1135,2,True
43634,43634,0.697355635212141,1136,2,True
43635,43635,0.697194131074921,1137,2,True
43636,43636,0.686515872562044,1138,2,True
43637,43637,0.686384852498101,1139,2,True
43638,43638,0.68625369295462,1140,2,True
43639,43639,0.686124578098205,1141,2,True
43640,43640,0.685995184053713,1142,2,True
43641,43641,0.685866613839082,1143,2,True
43642,43642,0.685756066948835,1144,2,True
43643,43643,0.685645075777948,1145,2,True
43644,43644,0.685534334621381,1146,2,True
43645,43645,0.685423037071227,1147,2,True
43646,43646,0.685311805532862,1148,2,True
43647,43647,0.685201729374985,1149,2,True
43648,43648,0.685117850935535,1150,2,True
43649,43649,0.662065480128684,1151,2,True
43650,43650,0.661982921374771,1152,2,True
43651,43651,0.661897090849333,1153,2,True
43652,43652,0.66178373615107,1154,2,True
43653,43653,0.66167013075845,1155,2,True
43654,43654,0.661551799483845,1156,2,True
43655,43655,0.661394219652207,1157,2,True
43656,43656,0.661288513482722,1158,2,True
43657,43657,0.661179700687181,1159,2,True
43658,43658,0.661069609871506,1160,2,True
43659,43659,0.660959733111498,1161,2,True
43660,43660,0.660849290947503,1162,2,True
43661,43661,0.66074556488287,1163,2,True
43662,43662,0.660641127115557,1164,2,True
43663,43663,0.660536672170994,1165,2,True
43664,43664,0.670949061467434,1166,2,True
43665,43665,0.670845207562445,1167,2,True
43666,43666,0.670757044368594,1168,2,True
43667,43667,0.670665592216544,1169,2,True
43668,43668,0.670546750243896,1170,2,True
43669,43669,0.670427254958507,1171,2,True
43670,43670,0.670308295288446,1172,2,True
43671,43671,0.670188479737954,1173,2,True
43672,43672,0.670068370361678,1174,2,True
43673,43673,0.669948417139929,1175,2,True
43674,43674,0.669834476863292,1176,2,True
43675,43675,0.669720232156746,1177,2,True
43676,43676,0.66960533982635,1178,2,True
43677,43677,0.669489704157594,1179,2,True
43678,43678,0.669373789520692,1180,2,True
43679,43679,0.669249953897105,1181,2,True
43680,43680,0.66907785241896,1182,2,True
43681,43681,0.66895133978476,1183,2,True
43682,43682,0.668822830721674,1184,2,True
43683,43683,0.668693790363085,1185,2,True
43684,43684,0.668564732615595,1186,2,True
43685,43685,0.668438589656082,1187,2,True
43686,43686,0.668340183216317,1188,2,True
43687,43687,0.668241578083131,1189,2,True
43688,43688,0.668142423544296,1190,2,True
43689,43689,0.668038805605753,1191,2,True
43690,43690,0.667905731552207,1192,2,True
43691,43691,0.481265644115723,1193,3,True
43692,43692,0.481127499790893,1194,3,True
43693,43693,0.480965450754704,1195,3,True
43694,43694,0.480802878929236,1196,3,True
43695,43695,0.480639217977265,1197,3,True
43696,43696,0.480474248371914,1198,3,True
43697,43697,0.480301201739175,1199,3,True
43698,43698,0.480091229153936,1200,3,True
43699,43699,0.47987894353921,1201,3,True
43700,43700,0.479665855026413,1202,3,True
43701,43701,0.479418976195434,1203,3,True
43702,43702,0.47898379870278,1204,3,True
43703,43703,0.478576160826866,1205,3,True
43704,43704,0.311685704941251,1206,4,True
43705,43705,0.311461788099761,1207,4,True
43706,43706,0.311235378144965,1208,4,True
43707,43707,0.31100762920433,1209,4,True
43708,43708,0.310801297464551,1210,4,True
43709,43709,0.31068468076295,1211,4,True
43710,43710,0.310569702722184,1212,4,True
43711,43711,0.310453765675406,1213,4,True
43712,43712,0.310272465984727,1214,4,True
43713,43713,0.31008844766709,1215,4,True
43714,43714,0.293174880195094,1216,4,True
43715,43715,0.293010050217903,1217,4,True
43716,43716,0.292843647780924,1218,4,True
43717,43717,0.292676268815823,1219,4,True
43718,43718,0.292507634993007,1220,4,True
43719,43719,0.292341171171688,1221,4,True
43720,43720,0.292187383137121,1222,4,True
43721,43721,0.292032843397329,1223,4,True
43722,43722,0.291876881676276,1224,4,True
43723,43723,0.291720340210097,1225,4,True
43724,43724,0.291571379071714,1226,4,True
43725,43725,0.291448531696824,1227,4,True
43726,43726,0.291308719925604,1228,4,True
43727,43727,0.291118648228827,1229,4,True
43728,43728,0.29094133511976,1230,4,True
43729,43729,0.290775563367636,1231,4,True
43730,43730,0.29064751308069,1232,4,True
43731,43731,0.290518935274363,1233,4,True
43732,43732,0.290382987716428,1234,4,True
43733,43733,0.290221565901318,1235,4,True
43734,43734,0.290041602713412,1236,4,True
43735,43735,0.289860426029616,1237,4,True
43736,43736,0.28967833728714,1238,4,True
43737,43737,0.289496485030759,1239,4,True
43738,43738,0.289312472707137,1240,4,True
43739,43739,0.289127430149028,1241,4,True
43740,43740,0.288941447446775,1242,4,True
43741,43741,0.288708062260629,1243,4,True
43742,43742,0.288380927198482,1244,4,True
43743,43743,0.28819283875132,1245,4,True
43744,43744,0.288003895577994,1246,4,True
43745,43745,0.287812446622998,1247,4,True
43746,43746,0.287619786387143,1248,4,True
43747,43747,0.28742602754251,1249,4,True
43748,43748,0.287231978169507,1250,4,True
43749,43749,0.287039672841629,1251,4,True
43750,43750,0.286845736078621,1252,4,True
43751,43751,0.28664946783827,1253,4,True
43752,43752,0.286451972470147,1254,4,True
43753,43753,0.286254037174913,1255,4,True
43754,43754,0.286054719687953,1256,4,True
43755,43755,0.285854721938391,1257,4,True
43756,43756,0.285656002414527,1258,4,True
43757,43757,0.285461414345098,1259,4,True
43758,43758,0.28526552951881,1260,4,True
43759,43759,0.285079543264201,1261,4,True
43760,43760,0.284918840364017,1262,4,True
43761,43761,0.284757647517113,1263,4,True
43762,43762,0.284596311946127,1264,4,True
43763,43763,0.284435403279354,1265,4,True
43764,43764,0.284278595221772,1266,4,True
43765,43765,0.284121266994314,1267,4,True
43766,43766,0.283960549839202,1268,4,True
43767,43767,0.283781836449824,1269,4,True
43768,43768,0.283564510732048,1270,4,True
43769,43769,0.283347309004754,1271,4,True
43770,43770,0.283129670683012,1272,4,True
43771,43771,0.282912784268388,1273,4,True
43772,43772,0.282694032322035,1274,4,True
43773,43773,0.282473188573749,1275,4,True
43774,43774,0.282232337390629,1276,4,True
43775,43775,0.281980006031673,1277,4,True
43776,43776,0.281784005573634,1278,4,True
43777,43777,0.28155410792574,1279,4,True
43778,43778,0.281323159784021,1280,4,True
43779,43779,0.281091479528913,1281,4,True
43780,43780,0.280858239849277,1282,4,True
43781,43781,0.280623042863266,1283,4,True
43782,43782,0.280371350483377,1284,4,True
43783,43783,0.280087452531804,1285,4,True
43784,43784,0.279802453678688,1286,4,True
43785,43785,0.279514273824238,1287,4,True
43786,43786,0.279223741776563,1288,4,True
43787,43787,0.27891416033301,1289,4,True
43788,43788,0.278564473348934,1290,4,True
43789,43789,0.278241539995985,1291,4,True
43790,43790,0.277921301100551,1292,4,True
43791,43791,0.277558869949651,1293,4,True
43792,43792,0.277072255373257,1294,4,True
43793,43793,0.27661437074002,1295,4,True
43794,43794,0.276162498543236,1296,4,True
43795,43795,0.275709236070143,1297,4,True
43796,43796,0.275257616985836,1298,4,True
43797,43797,0.274837399873566,1299,4,True
43798,43798,0.274500604015157,1300,4,True
43799,43799,0.274147445927914,1301,4,True
43800,43800,0.273790773397202,1302,4,True
43801,43801,0.273458254161517,1303,4,True
43802,43802,0.273190681001763,1304,4,True
43803,43803,0.272922143340331,1305,4,True
43804,43804,0.272652868180046,1306,4,True
43805,43805,0.272357423840798,1307,4,True
43806,43806,0.272040917490158,1308,4,True
43807,43807,0.271806012262901,1309,4,True
43808,43808,0.271457789542525,1310,4,True
43809,43809,0.271108728620737,1311,4,True
43810,43810,0.270791291232932,1312,4,True
43811,43811,0.270529115428003,1313,4,True
43812,43812,0.270158584532179,1314,4,True
43846,43846,0.466208185230845,1315,0,False
43847,43847,0.467967661931459,1316,0,False
43848,43848,0.480072916624807,1317,0,False
43849,43849,0.488636217703309,1318,0,False
43850,43850,0.493475543013092,1319,0,False
43851,43851,0.521460663383709,1320,0,False
43852,43852,0.516146707615014,1321,0,False
44013,44013,0.252702906084339,1322,3,True
44014,44014,0.253176309825102,1323,3,True
44015,44015,0.253709117071389,1324,3,True
44016,44016,0.254501730220648,1325,3,True
44017,44017,0.269566867768366,1326,3,True
44018,44018,0.27856534594371,1327,3,True
44019,44019,0.306339806307477,1328,3,True
44020,44020,0.308673913649638,1329,3,True
44021,44021,0.309738587982859,1330,3,True
44022,44022,0.31060762237405,1331,3,True
44023,44023,0.311117255635944,1332,3,True
44078,44078,0.296119867330821,1333,0,False
44079,44079,0.471856568672487,1334,0,False
44080,44080,0.475145731489765,1335,1,True
44081,44081,0.492773461269478,1336,1,True
44082,44082,0.761355940044271,1337,1,True
44083,44083,0.761355940044271,1338,1,True
44084,44084,0.761355940044271,1339,1,True
44275,44275,0.260079086039397,1340,0,False
44276,44276,0.284434833871092,1341,0,False
44277,44277,0.294133045555815,1342,0,False
44278,44278,0.302961058993319,1343,0,False
44279,44279,0.316307811766062,1344,0,False
44280,44280,0.322509121147013,1345,0,False
44281,44281,0.336106473283823,1346,0,False
44282,44282,0.365942160314258,1347,1,True
44283,44283,0.374562627221548,1348,1,True
44284,44284,0.384576616813244,1349,1,True
44285,44285,0.408025802804319,1350,1,True
44286,44286,0.42184387861657,1351,1,True
44287,44287,0.542502272696474,1352,1,True
44288,44288,0.625594221737292,1353,1,True
44289,44289,0.636927859024516,1354,1,True
44290,44290,0.641010542420156,1355,1,True
44291,44291,0.649842870741989,1356,1,True
44292,44292,0.654309765855508,1357,1,True
44293,44293,0.671443363975651,1358,2,True
44305,44305,0.252596485980059,1359,0,False
44306,44306,0.250362456384857,1360,0,False
44307,44307,0.251167846383177,1361,0,False
44308,44308,0.25214063190067,1362,0,False
44309,44309,0.28423402891504,1363,0,False
44310,44310,0.299477836310257,1364,0,False
44311,44311,0.313035567033572,1365,2,True
44312,44312,0.325674756855083,1366,1,True
44313,44313,0.330873242904573,1367,1,True
44314,44314,0.337922027201195,1368,1,True
44315,44315,0.682498743181821,1369,2,True
44316,44316,0.75,1370,2,True
44317,44317,0.369617224638162,1371,2,True
44318,44318,0.364098759872852,1372,2,True
44319,44319,0.354323114807741,1373,2,True
44320,44320,0.347682491230201,1374,2,True
44321,44321,0.343093086358292,1375,2,True
44322,44322,0.337676142362464,1376,1,True
44323,44323,0.331276241496573,1377,0,False
44324,44324,0.304826735669392,1378,0,False
44325,44325,0.302287893371537,1379,0,False
44555,44555,0.577699922022623,1380,0,False
44556,44556,0.580369371007307,1381,0,False
44711,44711,0.326618031312392,1382,0,False
44712,44712,0.274117977193725,1383,0,False
44713,44713,0.281952843851972,1384,0,False
44714,44714,0.284110192106282,1385,0,False
45124,45124,0.339748612981205,1386,0,False
45125,45125,0.339654361767729,1387,0,False
45126,45126,0.339928002469238,1388,0,False
45127,45127,0.33945469619523,1389,0,False
45128,45128,0.339279107807494,1390,0,False
45129,45129,0.394973043651032,1391,0,False
45130,45130,0.395372501449178,1392,0,False
45981,45981,0.39508682847521,1393,0,False
45982,45982,0.399345936210362,1394,0,False
45983,45983,0.399339867188416,1395,0,False
45984,45984,0.397119424091333,1396,0,False
45985,45985,0.396248673238538,1397,0,False
45986,45986,0.396374752452417,1398,0,False
45987,45987,0.396773483814461,1399,0,False
45988,45988,0.403219635801455,1400,0,False
45989,45989,0.411424410603611,1401,0,False
45990,45990,0.416274723529947,1402,0,False
46217,46217,0.353937974793138,1403,0,False
46218,46218,0.358826318315013,1404,0,False
46219,46219,0.358747360711592,1405,0,False
46220,46220,0.390148631859191,1406,0,False
46221,46221,0.416683692577732,1407,0,False
46222,46222,0.434322616905162,1408,0,False
46223,46223,0.444579578594519,1409,0,False
46224,46224,0.450317144598432,1410,0,False
46225,46225,0.453542335096922,1411,0,False
46226,46226,0.457360846285213,1412,0,False
46227,46227,0.461487916876752,1413,0,False
46228,46228,0.463799572360616,1414,0,False
46229,46229,0.465408398362548,1415,0,False
46230,46230,0.437541583363438,1416,0,False
46231,46231,0.438528982587988,1417,0,False
46232,46232,0.365092353117218,1418,0,False
46233,46233,0.360987914743881,1419,0,False
46234,46234,0.357074068035156,1420,0,False
46235,46235,0.352715926956102,1421,0,False
46236,46236,0.349815883692001,1422,0,False
46237,46237,0.345828846304834,1423,0,False
46238,46238,0.348738983699611,1424,0,False
46239,46239,0.343926581737004,1425,0,False
46270,46270,0.253751308686376,1426,1,True
46271,46271,0.624093821746494,1427,1,True
46272,46272,0.624093821746494,1428,1,True
46273,46273,0.624093821746494,1429,1,True
46274,46274,0.624093821746494,1430,1,True
46275,46275,0.614846531826658,1431,1,True
46276,46276,0.614846531826658,1432,1,True
46277,46277,0.614846531826658,1433,1,True
46278,46278,0.599089932579996,1434,1,True
46279,46279,0.59895926796534,1435,1,True
46280,46280,0.598532027682011,1436,1,True
46281,46281,0.59848808819304,1437,1,True
46282,46282,0.598450588992802,1438,1,True
46283,46283,0.582621940651957,1439,2,True
46284,46284,0.582559386132689,1440,2,True
46285,46285,0.582495834189284,1441,2,True
46286,46286,0.582454084558107,1442,2,True
46287,46287,0.582417773955431,1443,2,True
46288,46288,0.582348471628134,1444,2,True
46289,46289,0.333333333333333,1445,3,True
46539,46539,0.321278201424428,1446,0,False
46540,46540,0.323878633391053,1447,0,False
46557,46557,0.279384749537352,1448,0,False
46558,46558,0.282702324294201,1449,0,False
46560,46560,0.279995585659682,1450,0,False
46602,46602,0.439607908430484,1451,0,False
46603,46603,0.447431611394865,1452,0,False
46604,46604,0.443481898341951,1453,0,False
46605,46605,0.434393191838765,1454,0,False
46606,46606,0.411870168844111,1455,0,False
46607,46607,0.408271495354858,1456,0,False
46608,46608,0.398242591943709,1457,0,False
46609,46609,0.393424179185218,1458,0,False
46610,46610,0.380545164801539,1459,0,False
46611,46611,0.368884644593144,1460,0,False
46612,46612,0.363894291049378,1461,0,False
47340,47340,0.457100885991113,1462,0,False
47341,47341,0.446890415349716,1463,0,False
47342,47342,0.436380924264492,1464,0,False
47343,47343,0.432871191239676,1465,0,False
47344,47344,0.431588895494283,1466,0,False
47345,47345,0.429030973596771,1467,0,False
47346,47346,0.425165366371314,1468,0,False
47347,47347,0.423546100349379,1469,0,False
47348,47348,0.419411373980743,1470,0,False
47349,47349,0.410552424097841,1471,0,False
47417,47417,0.507105616095302,1472,0,False
47418,47418,0.546385197657387,1473,0,False
47419,47419,0.68910900896353,1474,1,True
47420,47420,0.333657319631894,1475,1,True
47421,47421,0.323490768846897,1476,1,True
47422,47422,0.313291288367964,1477,1,True
47423,47423,0.30589491647914,1478,1,True
47424,47424,0.301706005927461,1479,1,True
47425,47425,0.299547961509,1480,1,True
47426,47426,0.266978000099393,1481,1,True
47427,47427,0.254624240603411,1482,1,True
47437,47437,0.329245827449137,1483,3,True
47438,47438,0.326303501739454,1484,3,True
47439,47439,0.323946981405379,1485,3,True
47440,47440,0.319549705789417,1486,3,True
47441,47441,0.317380093808193,1487,3,True
47442,47442,0.285074647490751,1488,3,True
47443,47443,0.283462795484275,1489,3,True
47444,47444,0.275943901150647,1490,3,True
47445,47445,0.261091585569176,1491,3,True
47446,47446,0.260224479463379,1492,3,True
47447,47447,0.258480976228602,1493,3,True
47448,47448,0.258002530431903,1494,3,True
47484,47484,0.471919071880434,1495,0,False
47485,47485,0.461887978712388,1496,0,False
47552,47552,0.363349144099885,1497,0,False
47553,47553,0.359084254139804,1498,0,False
47567,47567,0.408325123880446,1499,0,False
47568,47568,0.250184314374539,1500,0,False
47569,47569,0.258278828654699,1501,0,False
47570,47570,0.432794054583521,1502,0,False
47571,47571,0.446342689617849,1503,0,False
47572,47572,0.449382886954992,1504,0,False
47573,47573,0.478092622534929,1505,1,True
47574,47574,0.508589043832349,1506,0,False
47575,47575,0.783430404110321,1507,0,False
47576,47576,0.761355940044271,1508,1,True
47881,47881,0.689285666873693,1509,0,False
47882,47882,0.682608965306404,1510,0,False
47883,47883,0.655999319979854,1511,0,False
47884,47884,0.651258372409241,1512,0,False
47885,47885,0.645047757318387,1513,0,False
47886,47886,0.643361371374878,1514,0,False
47887,47887,0.641197973180721,1515,0,False
47888,47888,0.634755509874368,1516,0,False
47889,47889,0.629228111043108,1517,0,False
47890,47890,0.619982894445993,1518,0,False
47891,47891,0.602030401217609,1519,0,False
47892,47892,0.589603565106441,1520,0,False
47893,47893,0.511462917237293,1521,0,False
47894,47894,0.495146415110841,1522,0,False
47895,47895,0.391983587684219,1523,0,False
47896,47896,0.385080393421217,1524,0,False
47897,47897,0.378812128548084,1525,0,False
47898,47898,0.369428914972393,1526,0,False
47899,47899,0.350160144900747,1527,0,False
47900,47900,0.338650671852584,1528,0,False
47901,47901,0.314192553034264,1529,0,False
47902,47902,0.303003281534027,1530,0,False
47903,47903,0.294985913910677,1531,0,False
47904,47904,0.272635395667083,1532,0,False
47905,47905,0.260716040734888,1533,0,False
47906,47906,0.256220789252552,1534,0,False
48044,48044,0.254194647864772,1535,1,True
48045,48045,0.254968063867162,1536,1,True
48046,48046,0.449438059317552,1537,0,False
48047,48047,0.459593243405798,1538,0,False
48048,48048,0.462744862248513,1539,0,False
48049,48049,0.460560793822538,1540,0,False
48050,48050,0.483745510687253,1541,0,False
48051,48051,0.481945620530304,1542,0,False
48052,48052,0.490898418522971,1543,0,False
48132,48132,0.262223089763145,1544,0,False
48133,48133,0.270273204264468,1545,0,False
48134,48134,0.273764893596693,1546,0,False
48135,48135,0.262432282822583,1547,0,False
48136,48136,0.287842579930067,1548,0,False
48137,48137,0.421164735298747,1549,0,False
48138,48138,0.4612428525939,1550,0,False
48166,48166,0.264246011360247,1551,3,True
48167,48167,0.26408716307857,1552,3,True
48168,48168,0.257800868979019,1553,3,True
48169,48169,0.274649075590507,1554,3,True
48170,48170,0.274449024789223,1555,3,True
48171,48171,0.274263537147563,1556,3,True
48172,48172,0.274163258666457,1557,3,True
48173,48173,0.274047922903363,1558,3,True
48174,48174,0.259396960673174,1559,3,True
48175,48175,0.259207084778642,1560,3,True
48213,48213,0.343231129795997,1561,0,False
48214,48214,0.343615932933715,1562,0,False
48215,48215,0.341745655526931,1563,0,False
48220,48220,0.268163411302325,1564,3,True
48221,48221,0.268979956112062,1565,3,True
48222,48222,0.283414026667978,1566,3,True
48223,48223,0.284810660605433,1567,3,True
48224,48224,0.312757899080184,1568,3,True
48225,48225,0.325383233187432,1569,3,True
48226,48226,0.327136860170869,1570,3,True
48227,48227,0.328116185109506,1571,3,True
48228,48228,0.338180202317057,1572,3,True
48229,48229,0.333612004908979,1573,3,True
48230,48230,0.33543299360389,1574,3,True
48231,48231,0.352988234992595,1575,3,True
48235,48235,0.266871117568485,1576,3,True
48236,48236,0.260965640109909,1577,3,True
48237,48237,0.260531729796262,1578,3,True
48238,48238,0.282588252626131,1579,3,True
48239,48239,0.270454865596872,1580,3,True
48240,48240,0.262230143657833,1581,3,True
48241,48241,0.260251121787735,1582,3,True
48242,48242,0.259635143450394,1583,3,True
48243,48243,0.258942025453153,1584,3,True
48244,48244,0.25858542386754,1585,3,True
48245,48245,0.258083279246638,1586,3,True
48246,48246,0.257431185503909,1587,3,True
48247,48247,0.257073899252503,1588,3,True
48248,48248,0.257449494975014,1589,3,True
48249,48249,0.27157711084184,1590,3,True
48250,48250,0.27326565937214,1591,3,True
48251,48251,0.276826093162239,1592,3,True
48252,48252,0.28104408580898,1593,3,True
48253,48253,0.285019783443438,1594,3,True
48254,48254,0.28588354673426,1595,3,True
48349,48349,0.265196770315807,1596,0,False
48350,48350,0.264761097102124,1597,0,False
48351,48351,0.264921508247399,1598,1,True
48352,48352,0.264568022276594,1599,1,True
48353,48353,0.264255629763549,1600,1,True
48354,48354,0.277245418362339,1601,1,True
48857,48857,0.359306638715335,1602,0,False
48858,48858,0.343445203947945,1603,0,False
48859,48859,0.331521684427888,1604,0,False
48860,48860,0.310352741360623,1605,0,False
48961,48961,0.289654301014501,1606,0,False
48962,48962,0.288096996374669,1607,0,False
48963,48963,0.284054145122051,1608,0,False
49063,49063,0.298570021884997,1609,0,False
49064,49064,0.297718999486222,1610,0,False
49065,49065,0.34531947771235,1611,0,False
49066,49066,0.346597687823223,1612,0,False
49067,49067,0.351956816958201,1613,0,False
49068,49068,0.353241032255712,1614,0,False
49069,49069,0.956738728520708,1615,0,False
49070,49070,0.956738728520708,1616,0,False
49071,49071,0.956738728520708,1617,0,False
49072,49072,0.958192983708894,1618,0,False
49073,49073,0.265589245451475,1619,0,False
49074,49074,0.262989778173978,1620,0,False
49686,49686,0.470339621802412,1621,0,False
49687,49687,0.460511805027475,1622,0,False
49688,49688,0.390710816604639,1623,0,False
49689,49689,0.394714805732368,1624,0,False
49860,49860,0.431351995545784,1625,1,True
49861,49861,0.446583962761366,1626,1,True
49862,49862,0.482124119564636,1627,1,True
49863,49863,0.495832303138684,1628,1,True
49864,49864,0.500022222047236,1629,1,True
49865,49865,0.508529146809324,1630,1,True
49866,49866,0.649566074978444,1631,1,True
49867,49867,0.731807280828238,1632,1,True
49868,49868,0.354089937201762,1633,1,True
49869,49869,0.350058690165264,1634,1,True
49870,49870,0.341799963268883,1635,1,True
49871,49871,0.336594043587034,1636,1,True
49872,49872,0.332524132750932,1637,1,True
49930,49930,0.347441360022955,1638,4,True
49931,49931,0.348273975154204,1639,4,True
49932,49932,0.349104510401284,1640,4,True
49933,49933,0.34981728389585,1641,4,True
49934,49934,0.350442947933375,1642,4,True
49935,49935,0.351065100418988,1643,4,True
49936,49936,0.351662345115605,1644,4,True
49937,49937,0.352262065747445,1645,4,True
49938,49938,0.352863511862442,1646,4,True
49939,49939,0.353467227653636,1647,4,True
49940,49940,0.354067657868768,1648,4,True
49941,49941,0.354535471753957,1649,4,True
49942,49942,0.355010887782007,1650,4,True
49943,49943,0.355580931717361,1651,4,True
49944,49944,0.356149710255795,1652,4,True
49945,49945,0.356577245416696,1653,4,True
49946,49946,0.357046027159098,1654,4,True
49947,49947,0.357550854008086,1655,4,True
49948,49948,0.357991019439554,1656,4,True
49949,49949,0.358429013554557,1657,4,True
49950,49950,0.35886723101701,1658,4,True
49951,49951,0.359386903287118,1659,4,True
49952,49952,0.359973400327843,1660,4,True
49953,49953,0.360557599878828,1661,4,True
49954,49954,0.361140745677618,1662,4,True
49955,49955,0.361830197904756,1663,4,True
49956,49956,0.362604283358714,1664,4,True
49957,49957,0.363375569846764,1665,4,True
49958,49958,0.364156143127156,1666,4,True
49959,49959,0.364946053441343,1667,4,True
49960,49960,0.365774383670681,1668,4,True
49961,49961,0.366451277278311,1669,4,True
49962,49962,0.366988733901298,1670,4,True
49963,49963,0.367522059500936,1671,4,True
49964,49964,0.36805672033881,1672,4,True
49965,49965,0.368540093386401,1673,4,True
49966,49966,0.368987532985671,1674,4,True
49967,49967,0.369432210472645,1675,4,True
49968,49968,0.369876284616822,1676,4,True
49969,49969,0.370318389298202,1677,4,True
49970,49970,0.370716044353904,1678,4,True
49971,49971,0.371081597675932,1679,4,True
49972,49972,0.371444482515809,1680,4,True
49973,49973,0.37180549270711,1681,4,True
49974,49974,0.372167274509424,1682,4,True
49975,49975,0.372528145782107,1683,4,True
49976,49976,0.372897375722885,1684,4,True
49977,49977,0.373257686180029,1685,4,True
49978,49978,0.373606918623322,1686,4,True
49979,49979,0.373954080040427,1687,4,True
49980,49980,0.374300052231479,1688,4,True
49981,49981,0.374644602478689,1689,4,True
49982,49982,0.374990273272698,1690,4,True
49983,49983,0.375336816390051,1691,4,True
49984,49984,0.375684511904443,1692,4,True
49985,49985,0.37597826582643,1693,4,True
49986,49986,0.376236942620988,1694,4,True
49987,49987,0.376495920296303,1695,4,True
49988,49988,0.376754580736232,1696,4,True
49989,49989,0.377018369717517,1697,4,True
49990,49990,0.377284760602361,1698,4,True
49991,49991,0.377549995799115,1699,4,True
49992,49992,0.377814959115916,1700,4,True
49993,49993,0.378119087671525,1701,4,True
49994,49994,0.378444879371032,1702,4,True
49995,49995,0.378769940345156,1703,4,True
49996,49996,0.379101603836852,1704,4,True
49997,49997,0.379438373017944,1705,4,True
49998,49998,0.37977365211666,1706,4,True
49999,49999,0.380106452895854,1707,4,True
50000,50000,0.380438675303191,1708,4,True
50001,50001,0.380770102778879,1709,4,True
50002,50002,0.381099532030863,1710,4,True
50003,50003,0.38142648925467,1711,4,True
50004,50004,0.381753284800327,1712,4,True
50005,50005,0.382080649660342,1713,4,True
50006,50006,0.382406970044399,1714,4,True
50007,50007,0.382725335775605,1715,4,True
50008,50008,0.383042663608116,1716,4,True
50009,50009,0.383358600204223,1717,4,True
50010,50010,0.383672892300417,1718,4,True
50011,50011,0.383985584800649,1719,4,True
50012,50012,0.38429734931144,1720,4,True
50013,50013,0.384608083870568,1721,4,True
50014,50014,0.384917024331164,1722,4,True
50015,50015,0.385225331250144,1723,4,True
50016,50016,0.385532140327555,1724,4,True
50017,50017,0.385838237468197,1725,4,True
50018,50018,0.386144600377011,1726,4,True
50019,50019,0.386449517365915,1727,4,True
50020,50020,0.38672885684274,1728,4,True
50021,50021,0.386961331100229,1729,4,True
50022,50022,0.387176328715799,1730,4,True
50023,50023,0.387390741393157,1731,4,True
50024,50024,0.387661749764034,1732,4,True
50025,50025,0.387960951421387,1733,4,True
50026,50026,0.388278797129196,1734,4,True
50027,50027,0.388526390323666,1735,4,True
50028,50028,0.388732050844113,1736,4,True
50029,50029,0.388984754967985,1737,4,True
50030,50030,0.389258844960661,1738,4,True
50031,50031,0.389531742586783,1739,4,True
50032,50032,0.389803537293228,1740,4,True
50033,50033,0.39007355129708,1741,4,True
50034,50034,0.390362027189481,1742,4,True
50035,50035,0.390659133401286,1743,4,True
50036,50036,0.390954665154696,1744,4,True
50037,50037,0.557915590489911,1745,3,True
50038,50038,0.558204958836964,1746,3,True
50039,50039,0.558492385721338,1747,3,True
50040,50040,0.558811007714446,1748,3,True
50041,50041,0.559144029568989,1749,3,True
50042,50042,0.559377622409835,1750,3,True
50043,50043,0.559584548364809,1751,3,True
50044,50044,0.559800306018716,1752,3,True
50045,50045,0.560148663050672,1753,3,True
50046,50046,0.560563593836539,1754,3,True
50047,50047,0.560977459124843,1755,3,True
50048,50048,0.561388333925731,1756,3,True
50049,50049,0.561796197679109,1757,3,True
50050,50050,0.562479045469092,1758,3,True
50051,50051,0.563270724611754,1759,3,True
50052,50052,0.563771889140455,1760,3,True
50053,50053,0.56415856803144,1761,3,True
50054,50054,0.564541769002151,1762,3,True
50055,50055,0.731589116741754,1763,2,True
50056,50056,0.731911702309055,1764,2,True
50057,50057,0.732211878881348,1765,2,True
50058,50058,0.732509368416855,1766,2,True
50059,50059,0.73280462736399,1767,2,True
50060,50060,0.733097840372453,1768,2,True
50061,50061,0.733353548984155,1769,2,True
50062,50062,0.733595479084545,1770,2,True
50063,50063,0.733835561864819,1771,2,True
50064,50064,0.73402954043015,1772,2,True
50065,50065,0.73420798611861,1773,2,True
50066,50066,0.734386177812119,1774,2,True
50067,50067,0.734562767417632,1775,2,True
50068,50068,0.734784082723898,1776,2,True
50069,50069,0.735017850572614,1777,2,True
50070,50070,0.735250319595883,1778,2,True
50071,50071,0.735481342258774,1779,2,True
50072,50072,0.735711207828065,1780,2,True
50073,50073,0.735977104527638,1781,2,True
50074,50074,0.736239030987434,1782,2,True
50075,50075,0.736458591173348,1783,2,True
50076,50076,0.73666729946115,1784,2,True
50077,50077,0.736874652359564,1785,2,True
50078,50078,0.737080601950383,1786,2,True
50079,50079,0.737285539049495,1787,2,True
50080,50080,0.737502259413341,1788,2,True
50081,50081,0.737720444851807,1789,2,True
50082,50082,0.73794055171342,1790,2,True
50083,50083,0.738159823002871,1791,2,True
50084,50084,0.738378312564698,1792,2,True
50085,50085,0.738595286563478,1793,2,True
50086,50086,0.738767854510102,1794,2,True
50087,50087,0.738928824004086,1795,2,True
50088,50088,0.739114776729732,1796,2,True
50089,50089,0.739306153163349,1797,2,True
50090,50090,0.739497040956372,1798,2,True
50091,50091,0.739686502945618,1799,2,True
50092,50092,0.739874977136272,1800,2,True
50093,50093,0.740064767616965,1801,2,True
50094,50094,0.740254201712635,1802,2,True
50095,50095,0.740442334867097,1803,2,True
50096,50096,0.740628985704593,1804,2,True
50097,50097,0.740814521826012,1805,2,True
50098,50098,0.741042354482358,1806,2,True
50099,50099,0.741291645536207,1807,2,True
50100,50100,0.741498882489684,1808,2,True
50101,50101,0.741696763253952,1809,2,True
50102,50102,0.741849478446202,1810,2,True
50103,50103,0.741994204624282,1811,2,True
50104,50104,0.742142287237171,1812,2,True
50105,50105,0.74245335841155,1813,2,True
50106,50106,0.742664786647858,1814,2,True
50107,50107,0.742854387565882,1815,2,True
50108,50108,0.743043201036845,1816,2,True
50109,50109,0.74323024377239,1817,2,True
50110,50110,0.74341600652736,1818,2,True
50111,50111,0.743631793891981,1819,2,True
50112,50112,0.743850376336688,1820,2,True
50113,50113,0.744066845976198,1821,2,True
50114,50114,0.74428486626142,1822,2,True
50115,50115,0.744502145438339,1823,2,True
50116,50116,0.74476343183999,1824,2,True
50117,50117,0.745027860969121,1825,2,True
50118,50118,0.745289196570649,1826,2,True
50119,50119,0.745661333056645,1827,2,True
50120,50120,0.745898564667623,1828,2,True
50121,50121,0.746120561796406,1829,2,True
50122,50122,0.746340824401307,1830,2,True
50123,50123,0.746558999708593,1831,2,True
50124,50124,0.746726636712791,1832,2,True
50125,50125,0.746889474676269,1833,2,True
50126,50126,0.747051598856817,1834,2,True
50127,50127,0.747177817094473,1835,2,True
50128,50128,0.747418214553469,1836,2,True
50129,50129,0.747533038875073,1837,2,True
50130,50130,0.747666737264586,1838,2,True
50131,50131,0.747800653430712,1839,2,True
50132,50132,0.747932896754592,1840,2,True
50133,50133,0.748066739976776,1841,2,True
50134,50134,0.748199710073685,1842,2,True
50135,50135,0.748332617882551,1843,2,True
50136,50136,0.748461503274663,1844,2,True
50137,50137,0.748574071530448,1845,2,True
50138,50138,0.748675279211891,1846,2,True
50139,50139,0.7487725684052,1847,2,True
50140,50140,0.748899141407212,1848,2,True
50141,50141,0.748985284321777,1849,2,True
50142,50142,0.749074366580842,1850,2,True
50143,50143,0.749166633744849,1851,2,True
50144,50144,0.749252323944686,1852,2,True
50145,50145,0.749346334235755,1853,2,True
50146,50146,0.749440212371389,1854,2,True
50147,50147,0.749532716200769,1855,2,True
50148,50148,0.74962498366284,1856,2,True
50149,50149,0.749719939716503,1857,2,True
50150,50150,0.749811626504521,1858,2,True
50151,50151,0.749907096994375,1859,2,True
50152,50152,0.75,1860,2,True
50224,50224,0.310919289397903,1861,0,False
50225,50225,0.31069197986958,1862,0,False
50226,50226,0.311533162196455,1863,0,False
50227,50227,0.311838152256196,1864,0,False
50228,50228,0.31372705700409,1865,0,False
50229,50229,0.315740707968647,1866,0,False
50230,50230,0.316714211467694,1867,0,False
50231,50231,0.313247921579944,1868,0,False
50232,50232,0.31380609933185,1869,0,False
50458,50458,0.332004230946156,1870,3,True
50459,50459,0.331644390887186,1871,3,True
50460,50460,0.31779787871502,1872,3,True
50461,50461,0.317304520994073,1873,3,True
50577,50577,0.375883516559356,1874,0,False
50578,50578,0.375578810332709,1875,0,False
50711,50711,0.319272121031625,1876,1,True
50713,50713,0.307993436636301,1877,1,True
51185,51185,0.589980042926402,1878,0,False
51490,51490,0.295680776703539,1879,1,True
51491,51491,0.323393457153998,1880,1,True
51492,51492,0.349823706842037,1881,1,True
51504,51504,0.343517734454466,1882,1,True
51804,51804,0.320906663925774,1883,0,False
51805,51805,0.327219217967575,1884,0,False
52010,52010,0.403698801729441,1885,0,False
52011,52011,0.4031512231181,1886,0,False
52012,52012,0.418063972878795,1887,0,False
52013,52013,0.473079027751619,1888,0,False
52014,52014,0.489374194261582,1889,0,False
52015,52015,0.325311698773505,1890,0,False
52016,52016,0.322343324412853,1891,0,False
52274,52274,0.338172842373379,1892,0,False
52275,52275,0.322527264330243,1893,0,False
52276,52276,0.270775323407156,1894,0,False
52277,52277,0.272749903753556,1895,0,False
52558,52558,0.45686024045137,1896,0,False
52559,52559,0.456482451222694,1897,0,False
52560,52560,0.460050730300075,1898,0,False
52561,52561,0.459690859203838,1899,0,False
52562,52562,0.448160415347107,1900,0,False
52563,52563,0.925818589478894,1901,0,False
52564,52564,0.92526763282598,1902,0,False
52781,52781,0.424085885703545,1903,0,False
53025,53025,0.314675493106005,1904,0,False
53026,53026,0.290761075308972,1905,0,False
53027,53027,0.291042271904257,1906,0,False
53899,53899,0.408490280534034,1907,0,False
54033,54033,0.333333333333333,1908,4,True
54338,54338,0.476887294313215,1909,0,False
54730,54730,0.45143431401175,1910,2,True
54734,54734,0.609633809372089,1911,0,False
54735,54735,0.6120177161014,1912,0,False
55148,55148,0.279699718231885,1913,0,False
55823,55823,0.288728246700376,1914,0,False
56003,56003,0.258108620605795,1915,1,True
56165,56165,0.251163037858501,1916,2,True
56427,56427,0.264180276259727,1917,1,True
56630,56630,0.337319933081143,1918,0,False
56631,56631,0.337295109582312,1919,0,False
56937,56937,0.354299695356854,1920,0,False
56938,56938,0.356881239336839,1921,0,False
57779,57779,0.311148899549239,1922,0,False
57780,57780,0.3202096439629,1923,0,False
57904,57904,0.683042425487796,1924,0,False
57905,57905,0.677383948177619,1925,0,False
57906,57906,0.633420086762371,1926,0,False
57907,57907,0.63163112616219,1927,0,False
57908,57908,0.608364364339266,1928,0,False
57968,57968,0.314077911597726,1929,0,False
58029,58029,0.293348628499894,1930,1,True
58121,58121,0.625723550959075,1931,0,False
58632,58632,0.28316196826627,1932,0,False
58704,58704,0.33371375089628,1933,3,True
58705,58705,0.323694675749025,1934,3,True
58855,58855,0.251604551169512,1935,0,False
58914,58914,0.647511433347355,1936,0,False
58915,58915,0.627713218636116,1937,0,False
59257,59257,0.296049718537405,1938,0,False
59258,59258,0.278624426929257,1939,0,False
59259,59259,0.269779685687553,1940,0,False
59363,59363,0.672199617443389,1941,0,False
60216,60216,0.375020409391114,1942,0,False
60217,60217,0.378019418032902,1943,0,False
60227,60227,0.264573907813355,1944,0,False
60228,60228,0.278176416330101,1945,0,False
60229,60229,0.278890782363144,1946,0,False
60230,60230,0.293557975471056,1947,0,False
60231,60231,0.291157462904111,1948,0,False
60232,60232,0.254149064806178,1949,0,False
60237,60237,0.262573641159441,1950,1,True
60238,60238,0.34090949988993,1951,0,False
60825,60825,0.489828798630874,1952,0,False
60826,60826,0.429409795694767,1953,0,False
60827,60827,0.423334345457517,1954,0,False
60836,60836,0.601521445427368,1955,0,False
60837,60837,0.596952446952503,1956,0,False
60838,60838,0.631215663782765,1957,0,False
60912,60912,0.416666666666667,1958,4,True
61199,61199,0.329149065775706,1959,0,False
61200,61200,0.373210823628685,1960,0,False
61958,61958,0.251011116817051,1961,3,True
61959,61959,0.320498146657958,1962,3,True
61960,61960,0.349538253085216,1963,3,True
61961,61961,0.343412907136466,1964,3,True
61962,61962,0.335486652570359,1965,3,True
61963,61963,0.321193514589535,1966,3,True
62178,62178,0.250902952285354,1967,1,True
62195,62195,0.254118258663459,1968,1,True
62212,62212,0.430576311905703,1969,0,False
62213,62213,0.407166438518069,1970,0,False
62214,62214,0.386874033801814,1971,0,False
62215,62215,0.395717486384829,1972,0,False
62216,62216,0.369674746140889,1973,0,False
62217,62217,0.315211049519517,1974,0,False
62218,62218,0.31338416789792,1975,0,False
62942,62942,0.51882582455652,1976,0,False
62943,62943,0.543459946622546,1977,0,False
62944,62944,0.53004906588205,1978,0,False
63115,63115,0.45161394579888,1979,0,False
63116,63116,0.402540819235794,1980,0,False
63117,63117,0.267151372130945,1981,0,False
63128,63128,0.336184268021008,1982,3,True
63129,63129,0.334639789614358,1983,3,True
63130,63130,0.332808264950038,1984,3,True
63131,63131,0.332285448414762,1985,3,True
63132,63132,0.330546237193788,1986,3,True
63133,63133,0.330264066297282,1987,3,True
63134,63134,0.329906365961108,1988,3,True
63135,63135,0.329503432452307,1989,3,True
63136,63136,0.328886301697467,1990,3,True
63137,63137,0.328592284074016,1991,3,True
63138,63138,0.305749648063749,1992,3,True
63139,63139,0.292826115152252,1993,3,True
63140,63140,0.291428095688135,1994,3,True
63214,63214,0.304645381489074,1995,1,True
63686,63686,0.483434007539145,1996,0,False
63687,63687,0.470728991481454,1997,0,False
63988,63988,0.800387978124614,1998,0,False
63989,63989,0.462177256177567,1999,0,False
64021,64021,0.276056342012031,2000,0,False
64022,64022,0.275291435538911,2001,0,False
64795,64795,0.571573996042567,2002,0,False
64796,64796,0.566804498202379,2003,0,False
64797,64797,0.559571759652556,2004,0,False
64943,64943,0.592707139943162,2005,2,True
64944,64944,0.591991208396063,2006,2,True
64945,64945,0.588891024037759,2007,2,True
64946,64946,0.588602933829431,2008,2,True
65316,65316,0.296146477593836,2009,0,False
65317,65317,0.266079080819473,2010,0,False
65524,65524,0.614209703710825,2011,0,False
65549,65549,0.666506305629244,2012,0,False
65550,65550,0.696841156339788,2013,0,False
65551,65551,0.709469083261089,2014,0,False
65552,65552,0.727208552692076,2015,0,False
65553,65553,0.792465614132783,2016,0,False
65554,65554,0.953171763939616,2017,0,False
65555,65555,0.398814603408045,2018,0,False
65556,65556,0.375354340720336,2019,0,False
65557,65557,0.374527311380325,2020,0,False
65821,65821,0.275748905629883,2021,0,False
65823,65823,0.377329462611998,2022,0,False
65824,65824,0.308809294689079,2023,0,False
66075,66075,0.337418285207499,2024,3,True
66076,66076,0.327670554987851,2025,3,True
66195,66195,0.313213585087793,2026,0,False
66196,66196,0.269140354989085,2027,0,False
66355,66355,0.313122322780624,2028,3,True
66356,66356,0.31578665176117,2029,3,True
66357,66357,0.323779036208141,2030,3,True
66358,66358,0.302231249615087,2031,3,True
66496,66496,0.270837820930302,2032,1,True
66932,66932,0.338269348194941,2033,0,False
66933,66933,0.333669978548907,2034,0,False
66934,66934,0.323624195367844,2035,0,False
66935,66935,0.302781774051485,2036,0,False
66936,66936,0.294598300127873,2037,2,True
66937,66937,0.268498724016224,2038,1,True
67900,67900,0.324764538498123,2039,0,False
67901,67901,0.308979173367661,2040,0,False
67902,67902,0.309394212128073,2041,0,False
67903,67903,0.304994133531549,2042,0,False
68037,68037,0.943540219294741,2043,0,False
68999,68999,0.262040072770437,2044,3,True
69000,69000,0.262040072770437,2045,3,True
69001,69001,0.262040072770437,2046,3,True
69002,69002,0.262040072770437,2047,3,True
69194,69194,0.586272902265285,2048,0,False
69205,69205,0.257954597465859,2049,0,False
69211,69211,0.305525680187874,2050,1,True
69452,69452,0.296976128434812,2051,0,False
69471,69471,0.357189076352417,2052,3,True
69600,69600,0.333704273239453,2053,1,True
69880,69880,0.418403040587755,2054,0,False
69881,69881,0.428495703561178,2055,0,False
70011,70011,0.322269965337597,2056,0,False
70426,70426,0.40394064959888,2057,0,False
70427,70427,0.331991029167932,2058,0,False
70428,70428,0.338716947335967,2059,0,False
70429,70429,0.336537167912489,2060,0,False
70543,70543,0.34820824479937,2061,0,False
70544,70544,0.365444906169403,2062,0,False
70545,70545,0.259515202644363,2063,0,False
70716,70716,0.382716893686529,2064,0,False
70717,70717,0.37417467077586,2065,0,False
70963,70963,0.417633256028844,2066,1,True
71292,71292,0.508075921818709,2067,0,False
71336,71336,0.32141419756835,2068,0,False
71337,71337,0.417815991605422,2069,0,False
71338,71338,0.417917590051683,2070,0,False
71369,71369,0.638497118885666,2071,0,False
71370,71370,0.663358696170613,2072,0,False
71695,71695,0.270980262983802,2073,3,True
71746,71746,0.397567588884413,2074,3,True
71747,71747,0.398298607258426,2075,3,True
71748,71748,0.433942910245229,2076,3,True
71749,71749,0.434553046125732,2077,3,True
71820,71820,0.575962522334209,2078,0,False
72033,72033,0.522354546393856,2079,0,False
72034,72034,0.523484798610688,2080,0,False
72035,72035,0.523155047668755,2081,0,False
72039,72039,0.580378190392406,2082,0,False
72040,72040,0.580877383971721,2083,0,False
72041,72041,0.581106565680309,2084,0,False
72042,72042,0.584753273669877,2085,0,False
72043,72043,0.585270535768004,2086,0,False
72044,72044,0.603941895012135,2087,0,False
72045,72045,0.526456777506108,2088,0,False
72046,72046,0.411775847544746,2089,1,True
72648,72648,0.406847826990004,2090,3,True
72649,72649,0.411780356546854,2091,3,True
73008,73008,0.491664235710802,2092,0,False
73015,73015,0.32625731009295,2093,0,False
73016,73016,0.313281382433448,2094,0,False
73332,73332,0.433330717887445,2095,1,True
73333,73333,0.386846785428811,2096,1,True
73334,73334,0.314700899063752,2097,2,True
73335,73335,0.314244334670474,2098,2,True
73336,73336,0.310558807398557,2099,2,True
73337,73337,0.302339326314984,2100,2,True
73338,73338,0.283465516473165,2101,2,True
73438,73438,0.38811750601598,2102,1,True
73439,73439,0.386674054208069,2103,1,True
73440,73440,0.385069174820433,2104,1,True
73441,73441,0.384928725664511,2105,1,True
73442,73442,0.383754941394337,2106,1,True
73443,73443,0.287369420776612,2107,2,True
73619,73619,0.593686560495532,2108,0,False
73620,73620,0.6297344697633,2109,0,False
73621,73621,0.633454677828532,2110,0,False
73628,73628,0.430197382725706,2111,0,False
74060,74060,0.490028688137655,2112,0,False
74061,74061,0.391502978073246,2113,0,False
74062,74062,0.443704418915934,2114,0,False
74063,74063,0.429319252373933,2115,0,False
74064,74064,0.418186907141014,2116,0,False
74065,74065,0.400682530334868,2117,0,False
74066,74066,0.392974804226121,2118,0,False
74067,74067,0.388552615324036,2119,0,False
74100,74100,0.508128547827417,2120,0,False
74101,74101,0.507459511312627,2121,0,False
74102,74102,0.42232963705174,2122,1,True
74327,74327,0.355621158982921,2123,0,False
74328,74328,0.358643306530587,2124,0,False
74331,74331,0.296119441999134,2125,0,False
75472,75472,0.484207474357645,2126,0,False
75473,75473,0.473004971828924,2127,0,False
75481,75481,0.277904476718959,2128,3,True
75482,75482,0.312633765766504,2129,3,True
75483,75483,0.324262861503671,2130,3,True
75499,75499,0.2816856442705,2131,0,False
75500,75500,0.260389223969131,2132,0,False
76373,76373,0.632211168393287,2133,0,False
76397,76397,0.262682721067087,2134,1,True
77007,77007,0.604419717882513,2135,0,False
77008,77008,0.605408586170079,2136,0,False
77009,77009,0.60145214684108,2137,0,False
77010,77010,0.612028906962408,2138,0,False
77011,77011,0.58561291197774,2139,0,False
77012,77012,0.54670547697832,2140,0,False
77013,77013,0.525612678160537,2141,0,False
77014,77014,0.504597630280097,2142,0,False
77015,77015,0.510511919130199,2143,0,False
77016,77016,0.499596665334914,2144,0,False
77017,77017,0.505133912731872,2145,0,False
77018,77018,0.475289781802789,2146,0,False
77019,77019,0.955773388231329,2147,0,False
77020,77020,0.497096532013183,2148,0,False
77349,77349,0.250000017500697,2149,2,True
77350,77350,0.5,2150,3,True
77353,77353,0.312889122507241,2151,0,False
77354,77354,0.331194528649908,2152,0,False
77355,77355,0.324283133444338,2153,0,False
77356,77356,0.321098747277259,2154,0,False
77357,77357,0.316667989018495,2155,0,False
77478,77478,0.370167574107559,2156,0,False
77506,77506,0.860557163515236,2157,0,False
77508,77508,0.325239754254906,2158,0,False
77509,77509,0.330712805325435,2159,0,False
77510,77510,0.404169369360248,2160,0,False
77618,77618,0.428882870904676,2161,0,False
77619,77619,0.271535494007677,2162,1,True
77620,77620,0.400585709997293,2163,0,False
77621,77621,0.401054479606389,2164,0,False
77622,77622,0.390469329426521,2165,0,False
77623,77623,0.386112864275395,2166,0,False
77651,77651,0.436420185768546,2167,1,True
77652,77652,0.425518387955538,2168,1,True
77654,77654,0.295694540685711,2169,0,False
78745,78745,0.313132672306222,2170,0,False
78746,78746,0.477908836823159,2171,0,False
78747,78747,0.314716689277207,2172,0,False
79626,79626,0.958764960335703,2173,0,False
79627,79627,0.363822315458841,2174,0,False
79652,79652,0.295253916889621,2175,0,False
79656,79656,0.295352975728866,2176,0,False
80358,80358,0.75,2177,2,True
80359,80359,0.429413522508039,2178,2,True
80360,80360,0.408799084109741,2179,2,True
80361,80361,0.395003055862363,2180,2,True
80362,80362,0.37660908292925,2181,2,True
80363,80363,0.366955562805744,2182,2,True
80364,80364,0.35699311826329,2183,2,True
80365,80365,0.356231700953665,2184,2,True
80366,80366,0.34735802687549,2185,1,True
81390,81390,0.606466824094315,2186,0,False
81391,81391,0.597426419939827,2187,0,False
81392,81392,0.588698172642497,2188,0,False
81393,81393,0.606561218927304,2189,0,False
81658,81658,0.705589857862768,2190,0,False
81659,81659,0.702979170623421,2191,0,False
82584,82584,0.469903701361173,2192,3,True
82585,82585,0.476608877140105,2193,3,True
82586,82586,0.477724908519801,2194,3,True
82587,82587,0.471128490898267,2195,3,True
82588,82588,0.472693652664179,2196,3,True
82589,82589,0.480011348684905,2197,3,True
82590,82590,0.480382887758499,2198,3,True
82591,82591,0.361542599837616,2199,3,True
82592,82592,0.361613345508467,2200,3,True
82593,82593,0.361718224572852,2201,3,True
82594,82594,0.363034481409777,2202,3,True
82595,82595,0.364448091091027,2203,3,True
82596,82596,0.365664962511334,2204,3,True
82597,82597,0.374727192316057,2205,3,True
82598,82598,0.358865204184166,2206,3,True
82599,82599,0.383993204348468,2207,3,True
82600,82600,0.384814730880962,2208,3,True
82601,82601,0.397652051435304,2209,3,True
82602,82602,0.402128936465044,2210,3,True
82603,82603,0.405558722236348,2211,3,True
82604,82604,0.403568442299603,2212,3,True
82605,82605,0.404432260718242,2213,3,True
82606,82606,0.367694457762526,2214,3,True
83211,83211,0.575723196204257,2215,0,False
84375,84375,0.377098183362934,2216,1,True
84444,84444,0.477672066726604,2217,0,False
84445,84445,0.579216885477064,2218,0,False
84446,84446,0.581691281216958,2219,0,False
84447,84447,0.587661233181415,2220,0,False
84448,84448,0.537583466728508,2221,0,False
84449,84449,0.580949751640862,2222,0,False
84450,84450,0.580137632599483,2223,0,False
84451,84451,0.476666153870323,2224,0,False
84597,84597,0.612328054942729,2225,0,False
84782,84782,0.295134703481904,2226,0,False
84881,84881,0.356246967768362,2227,3,True
85078,85078,0.361138862140556,2228,0,False
85079,85079,0.359282002406391,2229,0,False
85110,85110,0.385111763303424,2230,0,False
85111,85111,0.38095369088042,2231,0,False
85112,85112,0.340361342949394,2232,0,False
85352,85352,0.274786688031935,2233,3,True
85353,85353,0.275300001577957,2234,3,True
85468,85468,0.464839965698824,2235,0,False
85469,85469,0.459574047245505,2236,0,False
85470,85470,0.462852018965401,2237,0,False
85471,85471,0.46643474417075,2238,0,False
85472,85472,0.466165688811506,2239,0,False
85473,85473,0.355518990074428,2240,0,False
85474,85474,0.382378185792255,2241,0,False
85475,85475,0.462503451711016,2242,0,False
85476,85476,0.465205903847996,2243,0,False
85477,85477,0.463706532517744,2244,0,False
85478,85478,0.462992231970622,2245,0,False
85479,85479,0.465387777423883,2246,0,False
85480,85480,0.468770959824303,2247,0,False
85683,85683,0.347853154208787,2248,0,False
85731,85731,0.404793352685819,2249,0,False
86841,86841,0.269186647643572,2250,1,True
87408,87408,0.304711369147212,2251,0,False
87409,87409,0.2958032047465,2252,0,False
87410,87410,0.351411944637553,2253,0,False
87411,87411,0.342068993308144,2254,0,False
87412,87412,0.334168786244676,2255,0,False
87413,87413,0.333573734908576,2256,0,False
87414,87414,0.346648927708552,2257,0,False
87415,87415,0.374830044216959,2258,0,False
87416,87416,0.371635674801689,2259,0,False
87417,87417,0.370311604862702,2260,0,False
87418,87418,0.363683559356384,2261,0,False
87452,87452,0.583333333333333,2262,3,True
87453,87453,0.342641748409057,2263,3,True
87454,87454,0.342793450289358,2264,3,True
87455,87455,0.342274749950144,2265,3,True
87456,87456,0.332278662215495,2266,3,True
87457,87457,0.331386533010654,2267,3,True
87458,87458,0.323055905561217,2268,3,True
87459,87459,0.311043250431685,2269,3,True
87460,87460,0.302854026495016,2270,3,True
87461,87461,0.28817487034677,2271,3,True
87541,87541,0.347405091735788,2272,3,True
87542,87542,0.347013171522113,2273,3,True
87593,87593,0.323152990513388,2274,3,True
87594,87594,0.324596341966562,2275,3,True
87984,87984,0.608997371125295,2276,0,False
87988,87988,0.583626056408614,2277,0,False
87989,87989,0.51995534595295,2278,0,False
87990,87990,0.499221119620208,2279,0,False
87991,87991,0.472998270553697,2280,0,False
88169,88169,0.492707257681017,2281,3,True
88170,88170,0.48237729540679,2282,3,True
88171,88171,0.486909682824113,2283,3,True
88172,88172,0.481050636833832,2284,3,True
88173,88173,0.481347986051183,2285,3,True
88281,88281,0.95700825425628,2286,0,False
88461,88461,0.35233654324543,2287,0,False
88462,88462,0.367952625466434,2288,0,False
88817,88817,0.327709686189664,2289,0,False
88818,88818,0.333285222107187,2290,0,False
88819,88819,0.344574738198128,2291,0,False
88962,88962,0.539410904122028,2292,0,False
88985,88985,0.339160861407799,2293,0,False
88986,88986,0.406162032438029,2294,0,False
88987,88987,0.443537297355356,2295,0,False
88988,88988,0.451816441458472,2296,0,False
88989,88989,0.459918339542754,2297,0,False
89003,89003,0.342600752366427,2298,0,False
89017,89017,0.415380174736022,2299,0,False
89019,89019,0.403579974486949,2300,0,False
89338,89338,0.409172573548057,2301,0,False
89339,89339,0.407547357514366,2302,0,False
89340,89340,0.296421492377797,2303,0,False
89341,89341,0.438867367200433,2304,0,False
89342,89342,0.443359743357601,2305,0,False
89343,89343,0.442576770050373,2306,0,False
89344,89344,0.39650418173961,2307,0,False
89346,89346,0.255509895886775,2308,1,True
89558,89558,0.351526671046161,2309,2,True
89559,89559,0.351160367809261,2310,2,True
89560,89560,0.351160367809261,2311,2,True
89561,89561,0.35053356303828,2312,2,True
89562,89562,0.348552511832386,2313,2,True
89778,89778,0.348268729487937,2314,0,False
89868,89868,0.610914298520818,2315,0,False
90154,90154,0.477799730564799,2316,0,False
90189,90189,0.280572006930638,2317,0,False
90358,90358,0.349769636657528,2318,0,False
90359,90359,0.323794807052089,2319,0,False
90360,90360,0.330882843631345,2320,0,False
90822,90822,0.325835534850237,2321,0,False
90823,90823,0.332534906723725,2322,0,False
91933,91933,0.438603448929079,2323,3,True
91934,91934,0.433526524598357,2324,3,True
91935,91935,0.433021764950775,2325,3,True
91936,91936,0.438443689257421,2326,3,True
91937,91937,0.513553752136236,2327,3,True
91938,91938,0.511808695543861,2328,3,True
91939,91939,0.507480580359123,2329,3,True
91940,91940,0.495733893686098,2330,3,True
91941,91941,0.491701275952645,2331,3,True
91942,91942,0.488705496855682,2332,3,True
91943,91943,0.481414160269285,2333,3,True
91944,91944,0.479383365757487,2334,3,True
91945,91945,0.464222778164513,2335,3,True
92070,92070,0.505394249140017,2336,0,False
92112,92112,0.730064865879647,2337,1,True
92457,92457,0.324805151710435,2338,0,False
92458,92458,0.350648393278182,2339,0,False
92459,92459,0.396640348691933,2340,0,False
92460,92460,0.310389307810805,2341,0,False
92613,92613,0.273340308427919,2342,3,True
92764,92764,0.343329077522074,2343,3,True
92765,92765,0.342807298812962,2344,3,True
92766,92766,0.341295575348432,2345,3,True
92767,92767,0.329259050054459,2346,3,True
92768,92768,0.30779651465506,2347,3,True
92819,92819,0.669739333333261,2348,0,False
92820,92820,0.681995609422145,2349,0,False
92938,92938,0.399698514019245,2350,1,True
92939,92939,0.672553446725464,2351,0,False
92940,92940,0.685834725292742,2352,0,False
92941,92941,0.877055327641091,2353,0,False
93011,93011,0.261726116977971,2354,0,False
93241,93241,0.385669210649978,2355,0,False
93242,93242,0.383045640819785,2356,0,False
93243,93243,0.382526540410851,2357,0,False
93244,93244,0.373016230833363,2358,0,False
93245,93245,0.374933936891576,2359,0,False
93246,93246,0.37501384876892,2360,0,False
93247,93247,0.395830251376045,2361,0,False
93248,93248,0.397353062793393,2362,0,False
93249,93249,0.398913000683615,2363,0,False
93330,93330,0.350496803521936,2364,0,False
93834,93834,0.36437078715023,2365,1,True
93909,93909,0.34137618297857,2366,3,True
93910,93910,0.341768428662193,2367,3,True
93911,93911,0.342047366035477,2368,3,True
93912,93912,0.347552523788828,2369,3,True
93999,93999,0.416728289587905,2370,3,True
94000,94000,0.430361329559276,2371,3,True
94001,94001,0.415487821088513,2372,3,True
94002,94002,0.391534815745725,2373,3,True
94003,94003,0.390256536746616,2374,3,True
94004,94004,0.381927173301594,2375,3,True
94537,94537,0.268570240851976,2376,0,False
94547,94547,0.373881940552854,2377,0,False
94548,94548,0.401428755297248,2378,0,False
94549,94549,0.402195574360065,2379,0,False
94550,94550,0.406278446230168,2380,0,False
94797,94797,0.578212359892118,2381,3,True
94798,94798,0.577894380712377,2382,3,True
94799,94799,0.576875104638165,2383,3,True
94800,94800,0.576690854937668,2384,3,True
94801,94801,0.576558975084231,2385,3,True
94802,94802,0.576369482489761,2386,3,True
94803,94803,0.576157528920112,2387,3,True
94804,94804,0.576021563746774,2388,3,True
94805,94805,0.575915523150563,2389,3,True
94806,94806,0.331050228310502,2390,4,True
94897,94897,0.759306470640989,2391,0,False
94898,94898,0.5,2392,2,True
94933,94933,0.280345162471325,2393,1,True
94934,94934,0.289649837808313,2394,1,True
94935,94935,0.313424312314219,2395,1,True
94936,94936,0.291401967768274,2396,2,True
94937,94937,0.28944094120714,2397,2,True
94938,94938,0.287293665139083,2398,2,True
94939,94939,0.288526739787231,2399,2,True
94940,94940,0.288227312356837,2400,2,True
95522,95522,0.255604633555421,2401,3,True
95524,95524,0.360438576603401,2402,3,True
95525,95525,0.255924102495103,2403,3,True
95526,95526,0.255678153272943,2404,3,True
95640,95640,0.264190751564583,2405,2,True
95641,95641,0.275440665761329,2406,2,True
95642,95642,0.294867820118988,2407,2,True
95643,95643,0.310446364616,2408,2,True
95644,95644,0.329394266354218,2409,2,True
95968,95968,0.482764196844191,2410,0,False
95969,95969,0.758960418205781,2411,1,True
96110,96110,0.761578998671743,2412,1,True
96111,96111,0.31281042408578,2413,1,True
96187,96187,0.299461111665898,2414,1,True
96188,96188,0.269083220237873,2415,1,True
96409,96409,0.340148250231387,2416,3,True
96410,96410,0.340150069289544,2417,3,True
96411,96411,0.340220681015752,2418,3,True
96412,96412,0.340223525152165,2419,3,True
96413,96413,0.329505982005225,2420,3,True
96414,96414,0.328189573800638,2421,3,True
96415,96415,0.326260292320131,2422,3,True
96416,96416,0.300650251754382,2423,3,True
96417,96417,0.26872268771426,2424,3,True
96460,96460,0.271677610686629,2425,0,False
96461,96461,0.279972191189096,2426,0,False
96462,96462,0.281352556942489,2427,0,False
97123,97123,0.287302457781773,2428,0,False
97124,97124,0.288821018880417,2429,0,False
97125,97125,0.292399769077706,2430,0,False
97126,97126,0.298956714292874,2431,0,False
97535,97535,0.632831600437289,2432,0,False
97536,97536,0.602129880347107,2433,0,False
97537,97537,0.655955962828376,2434,0,False
97755,97755,0.401950659499855,2435,0,False
97756,97756,0.410935601675759,2436,0,False
97757,97757,0.308626704196081,2437,0,False
97758,97758,0.31436895219844,2438,0,False
97761,97761,0.425695695083971,2439,0,False
97762,97762,0.409687254140233,2440,0,False
97763,97763,0.376230665793884,2441,0,False
97764,97764,0.363090802662364,2442,0,False
97959,97959,0.425368432420717,2443,0,False
97960,97960,0.430062790741318,2444,0,False
98338,98338,0.408764201031025,2445,4,True
98339,98339,0.408178324191601,2446,4,True
98340,98340,0.407724038203201,2447,4,True
98341,98341,0.407017317442458,2448,4,True
98342,98342,0.406300500160365,2449,4,True
98343,98343,0.406082698467297,2450,4,True
98344,98344,0.405585515484746,2451,4,True
98345,98345,0.405225421266124,2452,4,True
98346,98346,0.404779595373852,2453,4,True
98347,98347,0.40421615990484,2454,4,True
98348,98348,0.403560523031466,2455,4,True
98349,98349,0.403283422887555,2456,4,True
98350,98350,0.402914300465794,2457,4,True
98351,98351,0.402489856669147,2458,4,True
98352,98352,0.401836234572444,2459,4,True
98353,98353,0.401410257678316,2460,4,True
98354,98354,0.400653206060933,2461,4,True
98355,98355,0.4000682087193,2462,4,True
98356,98356,0.399817921793629,2463,4,True
98357,98357,0.399700262533056,2464,4,True
98358,98358,0.399379291344713,2465,4,True
98359,98359,0.398539822104389,2466,4,True
98469,98469,0.305633699331257,2467,0,False
98470,98470,0.306440522430829,2468,0,False
99108,99108,0.329738015484223,2469,3,True
99109,99109,0.329572413126346,2470,3,True
99110,99110,0.32942416220889,2471,3,True
99111,99111,0.329127940309033,2472,3,True
99112,99112,0.328675860244013,2473,3,True
99113,99113,0.328359391886429,2474,3,True
99647,99647,0.271664649522761,2475,3,True
99648,99648,0.322996650806299,2476,3,True
99649,99649,0.322935008901603,2477,3,True
99650,99650,0.322887566169643,2478,3,True
99651,99651,0.322721999239519,2479,3,True
99652,99652,0.32245225415618,2480,3,True
99653,99653,0.322057419425815,2481,3,True
99654,99654,0.321540786436437,2482,3,True
99921,99921,0.271676231325707,2483,1,True
100003,100003,0.260764054318761,2484,3,True
100004,100004,0.260764054318761,2485,3,True
100005,100005,0.260764054318761,2486,3,True
100304,100304,0.383516794387686,2487,0,False
100305,100305,0.385344723981568,2488,0,False
100721,100721,0.463239130102339,2489,0,False
100722,100722,0.405413790275266,2490,0,False
101610,101610,0.925481630965246,2491,0,False
101630,101630,0.456583588159285,2492,0,False
101631,101631,0.483861986541398,2493,0,False
101649,101649,0.509147338409664,2494,0,False
101650,101650,0.522212384107909,2495,0,False
101651,101651,0.893734907639148,2496,0,False
101652,101652,0.862092228494692,2497,0,False
101653,101653,0.861218146026685,2498,0,False
101654,101654,0.86118282500786,2499,0,False
101655,101655,0.86113158994833,2500,0,False
101656,101656,0.86108634286039,2501,0,False
101657,101657,0.566352421682796,2502,2,True
102153,102153,0.311031518851138,2503,0,False
102154,102154,0.316030740626541,2504,0,False
102191,102191,0.495516936071749,2505,0,False
102418,102418,0.420487957441251,2506,1,True
102576,102576,0.348481891706061,2507,2,True
102577,102577,0.348338723102434,2508,2,True
102578,102578,0.348257179811333,2509,2,True
102579,102579,0.345764804359879,2510,2,True
102580,102580,0.345639328784282,2511,2,True
102581,102581,0.344496680200749,2512,2,True
102694,102694,0.361383698744009,2513,0,False
102695,102695,0.306547941558191,2514,0,False
102696,102696,0.31855725210345,2515,0,False
102697,102697,0.331112427876336,2516,0,False
103311,103311,0.340766318234256,2517,3,True
103312,103312,0.328819782058893,2518,3,True
103313,103313,0.307914987469641,2519,3,True
103406,103406,0.354884998170751,2520,0,False
103407,103407,0.314249973407204,2521,0,False
103408,103408,0.401017426799197,2522,0,False
103409,103409,0.399418639601805,2523,0,False
103410,103410,0.395861788467293,2524,0,False
103411,103411,0.317387439780821,2525,0,False
103412,103412,0.325234350839284,2526,0,False
103499,103499,0.250574533907342,2527,3,True
103690,103690,0.4087999024161,2528,4,True
103691,103691,0.408545897487546,2529,4,True
103692,103692,0.408380925212023,2530,4,True
103693,103693,0.40808136147733,2531,4,True
103694,103694,0.407447813721585,2532,4,True
103695,103695,0.407217863926269,2533,4,True
103696,103696,0.406897593725791,2534,4,True
103697,103697,0.406262042246083,2535,4,True
103698,103698,0.405862653264359,2536,4,True
103703,103703,0.40277140770291,2537,4,True
104136,104136,0.47137998863045,2538,0,False
104137,104137,0.473648448502583,2539,0,False
104138,104138,0.473670693977264,2540,0,False
104360,104360,0.319528380788315,2541,3,True
104361,104361,0.298909760437059,2542,3,True
104362,104362,0.290300783456831,2543,3,True
104363,104363,0.256640016588787,2544,3,True
104364,104364,0.25671983698766,2545,3,True
104366,104366,0.267278747666702,2546,3,True
104367,104367,0.261687915912241,2547,3,True
104368,104368,0.262003136366297,2548,3,True
104369,104369,0.263162410852881,2549,3,True
104370,104370,0.281116832378695,2550,3,True
104371,104371,0.286215803721078,2551,3,True
104372,104372,0.289855534591468,2552,3,True
104470,104470,0.351818140612098,2553,3,True
104752,104752,0.396708757670884,2554,0,False
104753,104753,0.399129602250711,2555,0,False
104754,104754,0.398489784827259,2556,0,False
104755,104755,0.402845594628688,2557,0,False
104756,104756,0.398769818608854,2558,0,False
104757,104757,0.389240275220877,2559,0,False
104758,104758,0.619924045034579,2560,0,False
104759,104759,0.637939846081166,2561,0,False
104760,104760,0.911250360838595,2562,0,False
104761,104761,0.395000396162234,2563,1,True
104763,104763,0.346675493653561,2564,0,False
104764,104764,0.351511204313329,2565,0,False
104765,104765,0.370220533267946,2566,0,False
104766,104766,0.378735698548301,2567,0,False
104767,104767,0.393765737689656,2568,0,False
104768,104768,0.405790812591707,2569,0,False
105038,105038,0.367777007084697,2570,0,False
105039,105039,0.371904280827676,2571,0,False
105040,105040,0.370424054019734,2572,0,False
105041,105041,0.368964566418311,2573,0,False
105042,105042,0.360643485317013,2574,0,False
105100,105100,0.435458025028532,2575,0,False
105101,105101,0.434795946982856,2576,0,False
105347,105347,0.341015739842907,2577,0,False
105348,105348,0.266537776069928,2578,0,False
105349,105349,0.351787040785563,2579,0,False
105476,105476,0.368507282532479,2580,0,False
105679,105679,0.255666081942809,2581,1,True
105686,105686,0.438566347886161,2582,3,True
105687,105687,0.437187822051567,2583,3,True
105688,105688,0.429455832139488,2584,3,True
105689,105689,0.427287507731254,2585,3,True
105690,105690,0.418595877299685,2586,3,True
105691,105691,0.416654880590639,2587,3,True
105720,105720,0.547827760178857,2588,0,False
105721,105721,0.412498120473144,2589,0,False
105722,105722,0.483498913220989,2590,0,False
105779,105779,0.754982562922217,2591,1,True
105780,105780,0.754846063317499,2592,1,True
105929,105929,0.601646083280796,2593,2,True
105930,105930,0.601498180468794,2594,2,True
105931,105931,0.351498180468794,2595,3,True
106440,106440,0.309380313897768,2596,0,False
106441,106441,0.313866036561282,2597,0,False
106442,106442,0.318540415307447,2598,0,False
106443,106443,0.320959301565062,2599,0,False
106566,106566,0.416481358044092,2600,0,False
106567,106567,0.481860281907761,2601,0,False
106568,106568,0.510230177892331,2602,0,False
106569,106569,0.480779701662979,2603,0,False
106570,106570,0.47030819152082,2604,0,False
106711,106711,0.700341801012843,2605,0,False
106712,106712,0.698736962669615,2606,0,False
107096,107096,0.326542404674951,2607,0,False
107097,107097,0.347204484778959,2608,0,False
107098,107098,0.370583234378789,2609,0,False
107099,107099,0.376998801798717,2610,0,False
107100,107100,0.386411239452471,2611,0,False
107101,107101,0.3713468976727,2612,0,False
108259,108259,0.333333333333333,2613,4,True
108528,108528,0.333588946309074,2614,0,False
108529,108529,0.339926438637925,2615,0,False
108530,108530,0.348732426460508,2616,0,False
108531,108531,0.354629148158058,2617,0,False
108532,108532,0.356060118311164,2618,0,False
108533,108533,0.356487373267245,2619,0,False
108534,108534,0.360688711800899,2620,0,False
108535,108535,0.327577713684876,2621,0,False
109077,109077,0.285941213541727,2622,1,True
109078,109078,0.285500721858002,2623,1,True
109217,109217,0.272443513074588,2624,3,True
109218,109218,0.271731380946656,2625,3,True
109601,109601,0.479494732337587,2626,0,False
109602,109602,0.493963926280773,2627,0,False
109603,109603,0.508393166657538,2628,0,False
109604,109604,0.561053515967674,2629,0,False
109605,109605,0.564191273035036,2630,0,False
109606,109606,0.469878287098226,2631,0,False
109607,109607,0.469391277984038,2632,0,False
109608,109608,0.459057342339386,2633,0,False
109615,109615,0.38406322680879,2634,0,False
109656,109656,0.366030898851008,2635,0,False
109657,109657,0.364304809734347,2636,0,False
109658,109658,0.339254853665068,2637,0,False
109659,109659,0.339913008161138,2638,0,False
109660,109660,0.393204021598032,2639,0,False
110222,110222,0.478990394686269,2640,0,False
110562,110562,0.494420207860788,2641,0,False
110563,110563,0.489538139724598,2642,0,False
110564,110564,0.426415377971679,2643,0,False
110780,110780,0.338858373763189,2644,3,True
110781,110781,0.33874886996541,2645,3,True
110782,110782,0.338497770444812,2646,3,True
110783,110783,0.338265641657412,2647,3,True
110784,110784,0.268665070425088,2648,3,True
111079,111079,0.604917904404727,2649,0,False
111080,111080,0.549883551205711,2650,0,False
111081,111081,0.588184600983191,2651,0,False
111082,111082,0.59341356141064,2652,0,False
111083,111083,0.575197029514437,2653,0,False
111084,111084,0.574897514961497,2654,0,False
111669,111669,0.3408029148154,2655,3,True
111670,111670,0.340506907143265,2656,3,True
111671,111671,0.338948249877872,2657,3,True
111672,111672,0.336994968614465,2658,3,True
111673,111673,0.335987473742625,2659,3,True
111674,111674,0.33529356930087,2660,3,True
111749,111749,0.271003370182152,2661,0,False
111750,111750,0.264025034396847,2662,0,False
111751,111751,0.270195926094568,2663,0,False
111752,111752,0.271153250756621,2664,0,False
111753,111753,0.252327450372435,2665,0,False
111788,111788,0.320061390161825,2666,0,False
111789,111789,0.311310686716516,2667,0,False
112697,112697,0.583333333333333,2668,3,True
112698,112698,0.583333333333333,2669,3,True
112699,112699,0.583333333333333,2670,3,True
112700,112700,0.583333333333333,2671,3,True
112701,112701,0.583333333333333,2672,3,True
112702,112702,0.583333333333333,2673,3,True
112703,112703,0.333333333333333,2674,4,True
112974,112974,0.325194236583373,2675,3,True
112975,112975,0.324836906938436,2676,3,True
112976,112976,0.324525565115792,2677,3,True
112977,112977,0.324128795910833,2678,3,True
112978,112978,0.32368186341568,2679,3,True
112979,112979,0.323363824565683,2680,3,True
112980,112980,0.323046687820861,2681,3,True
112981,112981,0.32291548843611,2682,3,True
112982,112982,0.322720888593832,2683,3,True
112983,112983,0.318460206720277,2684,3,True
112984,112984,0.317484587358653,2685,3,True
112985,112985,0.316529810178641,2686,3,True
112986,112986,0.316155001312086,2687,3,True
112987,112987,0.315656341170566,2688,3,True
113855,113855,0.281072098771881,2689,1,True
113856,113856,0.302356195903304,2690,1,True
113857,113857,0.312551409637113,2691,1,True
114037,114037,0.260904942444985,2692,0,False
114038,114038,0.254780148738736,2693,0,False
114039,114039,0.279342200062032,2694,0,False
114041,114041,0.300523550302491,2695,0,False
114087,114087,0.354862313461482,2696,0,False
114088,114088,0.353336146679453,2697,0,False
114089,114089,0.353524199766016,2698,0,False
114090,114090,0.345703859747397,2699,0,False
114091,114091,0.345625076605438,2700,0,False
114092,114092,0.348741381391509,2701,0,False
114093,114093,0.359613657152855,2702,0,False
114094,114094,0.257549186819129,2703,1,True
114331,114331,0.358803461877234,2704,0,False
114332,114332,0.368103875684504,2705,0,False
114333,114333,0.328909471247745,2706,0,False
114381,114381,0.273492197980793,2707,1,True
114937,114937,0.43412960591851,2708,0,False
114938,114938,0.450370128901973,2709,0,False
115057,115057,0.403646098685657,2710,1,True
115058,115058,0.40452830799744,2711,0,False
115059,115059,0.332816050477681,2712,0,False
115409,115409,0.661258382974173,2713,0,False
115410,115410,0.618504820214485,2714,0,False
115411,115411,0.612375063745935,2715,0,False
115412,115412,0.60082582106064,2716,0,False
116604,116604,0.274498538719799,2717,0,False
116605,116605,0.268219250524201,2718,0,False
116606,116606,0.297636900031672,2719,0,False
116607,116607,0.298312453801122,2720,0,False
116608,116608,0.315819156918791,2721,0,False
116609,116609,0.301752638167849,2722,0,False
116808,116808,0.59490042877887,2723,0,False
116809,116809,0.583017998973738,2724,0,False
116859,116859,0.594551788778336,2725,0,False
116861,116861,0.35617131575566,2726,0,False
116862,116862,0.250166528669654,2727,0,False
116863,116863,0.324195969851398,2728,0,False
116866,116866,0.293680749239291,2729,0,False
116867,116867,0.349719152089219,2730,0,False
117116,117116,0.329707970844977,2731,3,True
117663,117663,0.534184294927813,2732,0,False
117664,117664,0.594141046029581,2733,0,False
118214,118214,0.34313111100187,2734,0,False
118215,118215,0.357054760123615,2735,0,False
118216,118216,0.360911050289307,2736,0,False
118743,118743,0.47258047859299,2737,0,False
119339,119339,0.510263133045729,2738,0,False
119340,119340,0.534789834351064,2739,0,False
119341,119341,0.539100380896546,2740,0,False
119342,119342,0.525671538756672,2741,0,False
119482,119482,0.474231235100175,2742,0,False
119483,119483,0.463756244986335,2743,0,False
119588,119588,0.42519539593389,2744,1,True
119664,119664,0.294085333266499,2745,0,False
119684,119684,0.335267433485489,2746,0,False
119685,119685,0.323576414775374,2747,0,False
119686,119686,0.31101275931336,2748,0,False
119687,119687,0.272402078669485,2749,0,False
119688,119688,0.289633254746229,2750,0,False
119689,119689,0.28272809439555,2751,0,False
119984,119984,0.318917499049185,2752,0,False
119985,119985,0.319989106499791,2753,0,False
119986,119986,0.321273760683892,2754,0,False
119987,119987,0.327879866687301,2755,1,True
120296,120296,0.262660289007932,2756,0,False
120297,120297,0.345127605365377,2757,0,False
120298,120298,0.36469366354384,2758,0,False
120299,120299,0.378747690047163,2759,0,False
120300,120300,0.37028661974097,2760,0,False
120789,120789,0.361562812434168,2761,0,False
120790,120790,0.357273526721522,2762,0,False
120938,120938,0.436155681133017,2763,0,False
121142,121142,0.289884777919391,2764,3,True
121143,121143,0.393740834446079,2765,3,True
121144,121144,0.357258171046368,2766,3,True
121145,121145,0.36095620485905,2767,3,True
121146,121146,0.361795367359071,2768,3,True
121147,121147,0.362266840802823,2769,3,True
121148,121148,0.375106941112493,2770,3,True
121149,121149,0.383529700594283,2771,3,True
121150,121150,0.384899619808611,2772,3,True
121151,121151,0.387071847456367,2773,3,True
121467,121467,0.580276550848817,2774,0,False
121927,121927,0.632096168146251,2775,0,False
121928,121928,0.632724257632361,2776,0,False
121929,121929,0.628251683135099,2777,0,False
121930,121930,0.614541678677217,2778,0,False
121931,121931,0.685513647088268,2779,0,False
121932,121932,0.691086440663168,2780,0,False
121933,121933,0.709428035543831,2781,0,False
121934,121934,0.707406225839932,2782,0,False
121935,121935,0.716983523285833,2783,0,False
121936,121936,0.941367646528173,2784,0,False
122225,122225,0.324527307467879,2785,0,False
122252,122252,0.466909390041789,2786,0,False
122253,122253,0.462886117579672,2787,0,False
122409,122409,0.403392151902553,2788,1,True
122520,122520,0.416666666666667,2789,4,True
122914,122914,0.34621456644882,2790,0,False
122915,122915,0.342428880710117,2791,0,False
122916,122916,0.352150574245278,2792,0,False
122917,122917,0.355352954902833,2793,0,False
122918,122918,0.363994431621047,2794,0,False
122919,122919,0.360646668409689,2795,0,False
123223,123223,0.646737787766841,2796,0,False
123408,123408,0.373444072031366,2797,0,False
123409,123409,0.376809831338294,2798,0,False
123716,123716,0.764451795502744,2799,1,True
123717,123717,0.763693639392993,2800,1,True
123880,123880,0.897926556852856,2801,0,False
124307,124307,0.342762701953855,2802,0,False
124531,124531,0.372156478711693,2803,0,False
124532,124532,0.363001091435186,2804,0,False
124533,124533,0.361229682133739,2805,0,False
124534,124534,0.356359757003456,2806,0,False
124535,124535,0.355451845957804,2807,0,False
124536,124536,0.349798948394212,2808,0,False
124537,124537,0.343441952676449,2809,0,False
124538,124538,0.341202772472425,2810,0,False
124565,124565,0.428917844520856,2811,3,True
124566,124566,0.429217027391697,2812,3,True
124815,124815,0.331732860490935,2813,1,True
124816,124816,0.308111297541627,2814,1,True
124817,124817,0.29868833483824,2815,0,False
124818,124818,0.290887956734284,2816,0,False
124819,124819,0.290616308519814,2817,0,False
124821,124821,0.314557427320114,2818,1,True
125096,125096,0.477526804984717,2819,1,True
125097,125097,0.511809845553477,2820,1,True
125098,125098,0.40302774794363,2821,1,True
125106,125106,0.381296868203394,2822,0,False
125107,125107,0.380463506677742,2823,0,False
125209,125209,0.51564899802497,2824,0,False
125210,125210,0.517410535458082,2825,0,False
125306,125306,0.259010082230886,2826,3,True
125307,125307,0.25884675707397,2827,3,True
125308,125308,0.258492630004458,2828,3,True
125309,125309,0.25808156093187,2829,3,True
125310,125310,0.25773875663824,2830,3,True
125311,125311,0.257329150065482,2831,3,True
125312,125312,0.257000099600456,2832,3,True
125313,125313,0.251026127985007,2833,3,True
125802,125802,0.267882937728421,2834,2,True
125803,125803,0.277807184208121,2835,2,True
125804,125804,0.28425719988199,2836,2,True
125805,125805,0.29314363220468,2837,2,True
125806,125806,0.75,2838,2,True
126095,126095,0.306384656154204,2839,0,False
126096,126096,0.306548321239921,2840,0,False
126097,126097,0.315513730694362,2841,0,False
126098,126098,0.361810473505765,2842,0,False
126099,126099,0.361529252993058,2843,0,False
126100,126100,0.32459364437476,2844,0,False
126101,126101,0.322023320355132,2845,0,False
126102,126102,0.323300898191455,2846,0,False
126545,126545,0.254376185488066,2847,0,False
126556,126556,0.310511527299707,2848,0,False
126883,126883,0.331094926340562,2849,0,False
126884,126884,0.336659988273811,2850,0,False
126885,126885,0.295806495770992,2851,0,False
126926,126926,0.321898952787304,2852,1,True
126938,126938,0.352570221324524,2853,0,False
126945,126945,0.288260486702324,2854,0,False
127295,127295,0.344845831445388,2855,3,True
127296,127296,0.343816638635488,2856,3,True
127299,127299,0.295906126204934,2857,3,True
127300,127300,0.316348899735144,2858,3,True
127301,127301,0.328710920263362,2859,3,True
127302,127302,0.331989270430469,2860,3,True
127500,127500,0.491089439681149,2861,0,False
127501,127501,0.465415141515256,2862,0,False
127502,127502,0.471260239278246,2863,0,False
127641,127641,0.31023283653631,2864,0,False
127642,127642,0.311798891872333,2865,0,False
127643,127643,0.306593006056093,2866,0,False
127691,127691,0.416666666666667,2867,4,True
127692,127692,0.416666666666667,2868,4,True
127693,127693,0.416666666666667,2869,4,True
127694,127694,0.416635810567587,2870,4,True
127695,127695,0.416609566189271,2871,4,True
127696,127696,0.416666666666667,2872,4,True
127697,127697,0.416666666666667,2873,4,True
127698,127698,0.416666666666667,2874,4,True
127699,127699,0.416343582376769,2875,4,True
127700,127700,0.415827867444158,2876,4,True
127701,127701,0.415581086609597,2877,4,True
127702,127702,0.415435897928497,2878,4,True
127703,127703,0.415139027935681,2879,4,True
127816,127816,0.263705766533277,2880,1,True
127843,127843,0.427217595526358,2881,0,False
127844,127844,0.381893758461172,2882,0,False
128053,128053,0.490737193037215,2883,0,False
128054,128054,0.490608953969188,2884,0,False
128055,128055,0.481093713562539,2885,0,False
128056,128056,0.47663148673788,2886,0,False
128057,128057,0.495256923720672,2887,0,False
128058,128058,0.517154144128756,2888,0,False
128059,128059,0.515214613368354,2889,0,False
128060,128060,0.559133987219472,2890,0,False
128061,128061,0.565413766764725,2891,0,False
128062,128062,0.57906687801529,2892,0,False
128063,128063,0.594272360805525,2893,0,False
128064,128064,0.599151555664154,2894,0,False
128065,128065,0.606431301030878,2895,0,False
128675,128675,0.307158596305803,2896,0,False
128676,128676,0.31995222702728,2897,0,False
128677,128677,0.343611612101818,2898,0,False
128678,128678,0.35384483102465,2899,0,False
128679,128679,0.357488913757309,2900,0,False
128823,128823,0.31378900628331,2901,0,False
128873,128873,0.282142749906751,2902,1,True
128874,128874,0.31781641910491,2903,1,True
128875,128875,0.319839227051247,2904,1,True
128876,128876,0.320847813413659,2905,1,True
129388,129388,0.498037883260869,2906,0,False
129389,129389,0.525858898676765,2907,0,False
129390,129390,0.490121907853397,2908,0,False
129391,129391,0.47140057102271,2909,0,False
129752,129752,0.611753793287288,2910,0,False
129773,129773,0.267245328318792,2911,0,False
130002,130002,0.292611242403984,2912,0,False
130003,130003,0.297963863353258,2913,0,False
130004,130004,0.2980227215828,2914,0,False
130005,130005,0.287429699179834,2915,0,False
130006,130006,0.287527203494976,2916,0,False
130009,130009,0.294486109854739,2917,0,False
130010,130010,0.294343916707188,2918,0,False
131150,131150,0.342012702079979,2919,3,True
131151,131151,0.585654143707576,2920,2,True
131152,131152,0.58879286191878,2921,2,True
131153,131153,0.589076160312349,2922,2,True
131154,131154,0.58975720214782,2923,2,True
131263,131263,0.364429295732321,2924,0,False
131264,131264,0.361945882151869,2925,0,False
131265,131265,0.3565254524588,2926,0,False
131622,131622,0.422482834209572,2927,3,True
131623,131623,0.415097850561481,2928,3,True
131624,131624,0.4008550758193,2929,3,True
131625,131625,0.400270674697625,2930,3,True
131626,131626,0.405129663793162,2931,3,True
131627,131627,0.341338903499535,2932,3,True
131811,131811,0.595629910459693,2933,0,False
131812,131812,0.594598506578124,2934,0,False
131994,131994,0.339589040208518,2935,0,False
132198,132198,0.515171603872074,2936,0,False
132199,132199,0.348419612084019,2937,0,False
132200,132200,0.351019277432955,2938,0,False
132201,132201,0.408253378012392,2939,0,False
132202,132202,0.464379984550146,2940,0,False
132203,132203,0.492117653540703,2941,0,False
132204,132204,0.502907516191451,2942,0,False
132205,132205,0.510818932721166,2943,0,False
132206,132206,0.349206073142834,2944,0,False
132207,132207,0.355340604105729,2945,0,False
132244,132244,0.256023355006593,2946,1,True
132245,132245,0.352050948678769,2947,0,False
132260,132260,0.278191361253648,2948,1,True
133147,133147,0.493719685046031,2949,3,True
133148,133148,0.493945217185016,2950,3,True
133149,133149,0.478503233424696,2951,3,True
133150,133150,0.484674389597205,2952,3,True
133151,133151,0.489234755153072,2953,3,True
133152,133152,0.484970482871352,2954,3,True
133153,133153,0.390510370473847,2955,3,True
133154,133154,0.393065846144692,2956,3,True
133155,133155,0.387554830171356,2957,3,True
133156,133156,0.388585271255791,2958,3,True
133680,133680,0.529492530336198,2959,0,False
133681,133681,0.506967138649648,2960,0,False
133682,133682,0.312635774835793,2961,0,False
133683,133683,0.313144203111469,2962,0,False
133699,133699,0.305304742283859,2963,2,True
133700,133700,0.348198348462347,2964,3,True
133814,133814,0.369359775728958,2965,0,False
133815,133815,0.373923344920513,2966,0,False
133816,133816,0.375969214799725,2967,0,False
133817,133817,0.479711238161633,2968,0,False
133818,133818,0.488924570158256,2969,0,False
133819,133819,0.280515248753635,2970,0,False
133820,133820,0.283043081622526,2971,0,False
133821,133821,0.284702820405624,2972,0,False
133822,133822,0.292432872538674,2973,0,False
133823,133823,0.30924252078123,2974,0,False
133824,133824,0.31522331962313,2975,0,False
133917,133917,0.382762773567512,2976,0,False
133918,133918,0.345656075652271,2977,0,False
133948,133948,0.577419327233253,2978,3,True
133949,133949,0.576956239849586,2979,3,True
133950,133950,0.330769230769231,2980,4,True
133976,133976,0.456954343957077,2981,0,False
133977,133977,0.413821467492943,2982,0,False
133978,133978,0.416434087430688,2983,0,False
133979,133979,0.407733813319549,2984,0,False
133980,133980,0.399254094300033,2985,0,False
133981,133981,0.402838526979231,2986,0,False
133982,133982,0.414712389293054,2987,0,False
134650,134650,0.43618178810922,2988,0,False
134651,134651,0.436318309562758,2989,0,False
134652,134652,0.436156621541483,2990,0,False
134653,134653,0.43553001241943,2991,0,False
135169,135169,0.351331404149834,2992,0,False
135170,135170,0.313601264719243,2993,0,False
135209,135209,0.269188828716692,2994,0,False
135210,135210,0.268267305338269,2995,0,False
135211,135211,0.264963191322993,2996,0,False
135212,135212,0.303029370306175,2997,0,False
135213,135213,0.300676437333989,2998,0,False
135318,135318,0.361669330436563,2999,0,False
135319,135319,0.36884711283809,3000,0,False
135320,135320,0.367092832004142,3001,0,False
135673,135673,0.419196044797399,3002,0,False
135674,135674,0.418668544604294,3003,0,False
135889,135889,0.280739308934424,3004,0,False
135890,135890,0.28985380403172,3005,0,False
135891,135891,0.290699506578421,3006,0,False
136725,136725,0.306034623774668,3007,0,False
136726,136726,0.288537530789622,3008,0,False
137383,137383,0.410908164865303,3009,3,True
137384,137384,0.408972104958731,3010,3,True
137739,137739,0.62583380171783,3011,0,False
138305,138305,0.575266449779164,3012,0,False
138306,138306,0.593477206748597,3013,0,False
138307,138307,0.634465480903169,3014,0,False
138521,138521,0.31468105836589,3015,0,False
138923,138923,0.599047877593976,3016,0,False
138924,138924,0.606401660476167,3017,0,False
138925,138925,0.608113962779729,3018,0,False
138926,138926,0.603948008522811,3019,0,False
138927,138927,0.578537662530398,3020,0,False
138928,138928,0.656778997810226,3021,0,False
139091,139091,0.279125925100464,3022,0,False
139092,139092,0.33675008396,3023,0,False
139136,139136,0.416666666666667,3024,4,True
139137,139137,0.411728750276228,3025,4,True
139138,139138,0.409057786586727,3026,4,True
139139,139139,0.40814846040164,3027,4,True
139140,139140,0.407316038423646,3028,4,True
139141,139141,0.406571318640051,3029,4,True
139142,139142,0.406153296872535,3030,4,True
139143,139143,0.405097655151899,3031,4,True
139144,139144,0.404890706054674,3032,4,True
139145,139145,0.405158565119094,3033,4,True
139146,139146,0.405332008555466,3034,4,True
139147,139147,0.40536575626865,3035,4,True
139148,139148,0.405938737697049,3036,4,True
139149,139149,0.410110476957758,3037,4,True
139150,139150,0.409944925627383,3038,4,True
139151,139151,0.409453226230515,3039,4,True
139152,139152,0.405641877389951,3040,4,True
139153,139153,0.400632163898234,3041,4,True
139154,139154,0.397461341829427,3042,4,True
139155,139155,0.396693605196424,3043,4,True
139156,139156,0.395956789408215,3044,4,True
139157,139157,0.395650653678898,3045,4,True
139172,139172,0.323896442774321,3046,0,False
139176,139176,0.251443619116708,3047,0,False
140079,140079,0.263418135861187,3048,1,True
140080,140080,0.757261449231481,3049,1,True
140497,140497,0.333333333333333,3050,4,True
141107,141107,0.472914361604824,3051,0,False
141108,141108,0.481489006646764,3052,0,False
141109,141109,0.547869722519832,3053,0,False
141111,141111,0.398285541374564,3054,0,False
141112,141112,0.409138953755286,3055,0,False
141113,141113,0.427170465261765,3056,0,False
141127,141127,0.386813173609259,3057,0,False
141128,141128,0.382545999367877,3058,0,False
141144,141144,0.292037206063103,3059,0,False
141145,141145,0.289455950267464,3060,0,False
141146,141146,0.2868853842306,3061,0,False
141147,141147,0.285911790333651,3062,0,False
141737,141737,0.318028151808401,3063,1,True
141738,141738,0.311630863290372,3064,1,True
141739,141739,0.301647286096369,3065,1,True
141798,141798,0.474676028669445,3066,0,False
141802,141802,0.432096022408805,3067,0,False
142526,142526,0.355859236801906,3068,3,True
142527,142527,0.354982040675003,3069,3,True
142528,142528,0.352394838083075,3070,3,True
142529,142529,0.354117581693807,3071,3,True
142530,142530,0.326055407588981,3072,3,True
142531,142531,0.293424478987452,3073,3,True
142532,142532,0.277067199800793,3074,3,True
142533,142533,0.275126280483241,3075,3,True
142534,142534,0.273321017825079,3076,3,True
142748,142748,0.60689071442095,3077,0,False
142973,142973,0.598333465167058,3078,1,True
142974,142974,0.598235024978143,3079,1,True
142975,142975,0.582436064225578,3080,2,True
142976,142976,0.582408348021384,3081,2,True
142977,142977,0.333333333333333,3082,3,True
144011,144011,0.583718476780073,3083,0,False
144012,144012,0.600922990569442,3084,0,False
144013,144013,0.632454569045882,3085,0,False
144014,144014,0.693182717618537,3086,0,False
144172,144172,0.332939580606494,3087,0,False
144173,144173,0.358011107563184,3088,0,False
144182,144182,0.290351433367419,3089,0,False
144245,144245,0.72239662137099,3090,0,False
144246,144246,0.85897315555462,3091,0,False
144247,144247,0.551001007250375,3092,0,False
144248,144248,0.536325936677731,3093,0,False
144249,144249,0.527196706442475,3094,0,False
144250,144250,0.524306692846844,3095,0,False
144251,144251,0.522679502132747,3096,0,False
144252,144252,0.518225781633523,3097,0,False
144253,144253,0.515277873463483,3098,0,False
144254,144254,0.512595782570665,3099,1,True
144610,144610,0.577535467774304,3100,3,True
144611,144611,0.57718278802612,3101,3,True
144612,144612,0.576950816204971,3102,3,True
144613,144613,0.331439393939394,3103,4,True
144929,144929,0.308958810007561,3104,0,False
144930,144930,0.430062776555965,3105,0,False
144931,144931,0.456010458619099,3106,0,False
145583,145583,0.291429054594234,3107,1,True
145693,145693,0.317219872441739,3108,0,False
145694,145694,0.317374621089808,3109,0,False
145695,145695,0.312792814889276,3110,0,False
145696,145696,0.312426394240685,3111,0,False
145697,145697,0.311016272134505,3112,0,False
145698,145698,0.311818292638931,3113,0,False
145904,145904,0.477763220578389,3114,0,False
145905,145905,0.478479160298693,3115,0,False
146190,146190,0.288660931672436,3116,0,False
146209,146209,0.272211266897599,3117,1,True
146430,146430,0.292675043878478,3118,0,False
146711,146711,0.416666666666667,3119,4,True
146712,146712,0.404196537202344,3120,4,True
146713,146713,0.403900985798886,3121,4,True
146714,146714,0.40339064972243,3122,4,True
146715,146715,0.402570851592651,3123,4,True
146716,146716,0.402453740887063,3124,4,True
146717,146717,0.402301201808855,3125,4,True
146718,146718,0.402065656310615,3126,4,True
146719,146719,0.401813007979794,3127,4,True
146720,146720,0.401555663872463,3128,4,True
146721,146721,0.400999335730601,3129,4,True
146722,146722,0.400392931323979,3130,4,True
147092,147092,0.955444081538136,3131,0,False
147446,147446,0.577673365293418,3132,0,False
147618,147618,0.346252467341906,3133,0,False
148245,148245,0.342662631393699,3134,0,False
148246,148246,0.347772032170875,3135,0,False
148247,148247,0.362413180008203,3136,0,False
148281,148281,0.375587715522628,3137,3,True
148282,148282,0.377050516493844,3138,3,True
148283,148283,0.364228384140534,3139,3,True
148284,148284,0.363057053312093,3140,3,True
148285,148285,0.3387348226994,3141,3,True
148286,148286,0.33728553521813,3142,3,True
148287,148287,0.331880334436799,3143,3,True
148288,148288,0.32794952716723,3144,3,True
148289,148289,0.326287721439595,3145,3,True
148720,148720,0.296454743186429,3146,0,False
148761,148761,0.378976546946143,3147,0,False
148762,148762,0.371329015066615,3148,0,False
148763,148763,0.372032058100032,3149,0,False
148776,148776,0.421215096238902,3150,0,False
148777,148777,0.322902247923033,3151,0,False
148778,148778,0.326078667816882,3152,1,True
148781,148781,0.682991384900576,3153,0,False
148782,148782,0.672395085216773,3154,0,False
148927,148927,0.305879916706809,3155,0,False
148928,148928,0.32185565757537,3156,0,False
149564,149564,0.586859220160577,3157,2,True
149565,149565,0.579863426043651,3158,2,True
149566,149566,0.579474555920475,3159,2,True
149567,149567,0.579375407451194,3160,2,True
149568,149568,0.57928546615675,3161,2,True
149569,149569,0.576931891139007,3162,2,True
149570,149570,0.576694948120786,3163,2,True
149571,149571,0.576316367954224,3164,2,True
149572,149572,0.333333333333333,3165,3,True
149624,149624,0.264390579769803,3166,0,False
150502,150502,0.334716226384877,3167,0,False
150503,150503,0.333555495416378,3168,0,False
150504,150504,0.332593676697892,3169,0,False
150505,150505,0.32209733004108,3170,0,False
150506,150506,0.309976062888571,3171,0,False
150507,150507,0.388883045435688,3172,0,False
150508,150508,0.397219268850314,3173,0,False
150509,150509,0.391682993138221,3174,0,False
150537,150537,0.42585919607671,3175,0,False
150538,150538,0.423709698012139,3176,0,False
150670,150670,0.353939782694143,3177,1,True
150671,150671,0.395606922822008,3178,0,False
150672,150672,0.406303552267014,3179,1,True
150673,150673,0.628148308514883,3180,0,False
152071,152071,0.25255528443026,3181,0,False
152072,152072,0.356015129883698,3182,0,False
152330,152330,0.390142088218846,3183,0,False
152331,152331,0.377841901389433,3184,0,False
152332,152332,0.363321978591683,3185,0,False
152334,152334,0.283101553205745,3186,0,False
152335,152335,0.28602875105823,3187,0,False
152336,152336,0.287026391590058,3188,0,False
152337,152337,0.28464027639772,3189,0,False
152338,152338,0.278473657661515,3190,0,False
152339,152339,0.285032007314698,3191,0,False
152351,152351,0.303694161786046,3192,0,False
152823,152823,0.303481570010483,3193,0,False
152824,152824,0.310365185724947,3194,0,False
152825,152825,0.321320201277457,3195,0,False
152826,152826,0.312141205814777,3196,0,False
153023,153023,0.576960769813508,3197,3,True
153024,153024,0.576773839881382,3198,3,True
153025,153025,0.576441753299536,3199,3,True
153026,153026,0.576330353824319,3200,3,True
153027,153027,0.576237221437846,3201,3,True
153028,153028,0.576059892709481,3202,3,True
153029,153029,0.575954086165952,3203,3,True
153030,153030,0.331081081081081,3204,4,True
153102,153102,0.301962936086213,3205,0,False
153103,153103,0.295625689810621,3206,0,False
153104,153104,0.28013560295908,3207,0,False
153105,153105,0.30744346966487,3208,0,False
153140,153140,0.288567788994058,3209,2,True
153141,153141,0.375240358926216,3210,1,True
153142,153142,0.379347244099406,3211,1,True
153143,153143,0.378750348160662,3212,1,True
153144,153144,0.380133370140287,3213,1,True
153145,153145,0.382108413562614,3214,0,False
153702,153702,0.271419771570278,3215,0,False
153703,153703,0.511034913499222,3216,0,False
153704,153704,0.487136598598504,3217,0,False
153736,153736,0.277767603937609,3218,0,False
153737,153737,0.260176317071793,3219,0,False
153738,153738,0.261131547054447,3220,0,False
154511,154511,0.39104775860373,3221,1,True
155182,155182,0.293200990151709,3222,0,False
155183,155183,0.417695188091792,3223,0,False
155184,155184,0.399345448078294,3224,0,False
155511,155511,0.357507196274075,3225,0,False
155512,155512,0.299316849032359,3226,0,False
155597,155597,0.444438383520079,3227,0,False
155598,155598,0.268148395477172,3228,0,False
155599,155599,0.329202696513258,3229,0,False
155621,155621,0.289158370883119,3230,0,False
155622,155622,0.265285219132904,3231,0,False
155623,155623,0.269837756282394,3232,0,False
155629,155629,0.29410994743404,3233,0,False
155630,155630,0.292183399082398,3234,0,False
155780,155780,0.507112423226882,3235,0,False
155781,155781,0.505710104682427,3236,0,False
156080,156080,0.25014593255604,3237,1,True
157352,157352,0.451834192340324,3238,0,False
157353,157353,0.457596417620401,3239,0,False
157805,157805,0.284306033471326,3240,0,False
157806,157806,0.351471247447968,3241,0,False
158113,158113,0.578805859693164,3242,3,True
158114,158114,0.577406585108045,3243,3,True
158115,158115,0.577339987387336,3244,3,True
158116,158116,0.57710938284584,3245,3,True
158117,158117,0.576989820678415,3246,3,True
158118,158118,0.576879457289472,3247,3,True
158119,158119,0.576710333683427,3248,3,True
158120,158120,0.331111111111111,3249,4,True
158185,158185,0.274087412602749,3250,0,False
158186,158186,0.285645461224524,3251,0,False
158372,158372,0.298798255018072,3252,0,False
158373,158373,0.29877427566277,3253,0,False
158374,158374,0.298777333579518,3254,0,False
158797,158797,0.606346890182425,3255,0,False
158798,158798,0.61298104033555,3256,0,False
158799,158799,0.618262821684993,3257,0,False
158800,158800,0.689626853525554,3258,0,False
158801,158801,0.673487751329226,3259,0,False
158802,158802,0.554437588698866,3260,0,False
158803,158803,0.535012299597591,3261,0,False
159450,159450,0.798368342217773,3262,1,True
159451,159451,0.695253913689218,3263,1,True
159505,159505,0.654121034908342,3264,0,False
159506,159506,0.644161803985624,3265,0,False
159819,159819,0.295983929232929,3266,0,False
160109,160109,0.291667828235201,3267,0,False
160110,160110,0.288006915922187,3268,0,False
160111,160111,0.287449613962115,3269,0,False
160112,160112,0.286761613661994,3270,0,False
160113,160113,0.287173077934789,3271,0,False
160114,160114,0.283360174364495,3272,0,False
160115,160115,0.255742863853252,3273,0,False
160279,160279,0.312294150382773,3274,0,False
160280,160280,0.310597336355504,3275,0,False
160281,160281,0.305141563035602,3276,0,False
160282,160282,0.296236633350574,3277,0,False
160289,160289,0.27793141242231,3278,0,False
160290,160290,0.281214285744871,3279,0,False
160304,160304,0.291754802816424,3280,0,False
160513,160513,0.75088793424312,3281,1,True
160514,160514,0.750772354125782,3282,1,True
160515,160515,0.750492420886806,3283,1,True
160516,160516,0.749850221914712,3284,1,True
160517,160517,0.748985275908054,3285,1,True
160518,160518,0.748759551477595,3286,1,True
160519,160519,0.748540225710467,3287,1,True
160520,160520,0.748281606454505,3288,1,True
160521,160521,0.746979215256457,3289,1,True
160522,160522,0.577869066573061,3290,2,True
160523,160523,0.566330728583062,3291,2,True
160524,160524,0.563908589017463,3292,2,True
160525,160525,0.538280061263271,3293,2,True
160526,160526,0.35249578291963,3294,3,True
160527,160527,0.339633749735695,3295,3,True
160528,160528,0.328818160997335,3296,3,True
160529,160529,0.32542346998885,3297,4,True
160821,160821,0.323366966520359,3298,1,True
160822,160822,0.322853986552504,3299,1,True
160823,160823,0.322027482423684,3300,1,True
160824,160824,0.481725754921544,3301,0,False
160826,160826,0.321160986197716,3302,3,True
160827,160827,0.321589627945898,3303,3,True
160828,160828,0.321711459567419,3304,3,True
160829,160829,0.321976774712999,3305,3,True
160830,160830,0.322256797392922,3306,3,True
160831,160831,0.32238601340789,3307,3,True
160832,160832,0.32250087756437,3308,3,True
160833,160833,0.322693350395911,3309,3,True
160834,160834,0.322859130218076,3310,3,True
160835,160835,0.32309684427612,3311,3,True
160836,160836,0.323324747094522,3312,3,True
160837,160837,0.32355469326422,3313,3,True
160838,160838,0.323970680750081,3314,3,True
160839,160839,0.324282850678261,3315,3,True
160840,160840,0.324400073660002,3316,3,True
160841,160841,0.324591832347448,3317,3,True
160842,160842,0.324954302103978,3318,3,True
161005,161005,0.539653355153054,3319,0,False
161006,161006,0.426663521921713,3320,1,True
161007,161007,0.288847395895269,3321,0,False
161140,161140,0.644880120320741,3322,0,False
161141,161141,0.635919810950481,3323,0,False
161142,161142,0.648819418244438,3324,0,False
161143,161143,0.623942352490454,3325,0,False
161144,161144,0.648592932361682,3326,0,False
161145,161145,0.654590206514997,3327,0,False
161146,161146,0.660517432259444,3328,0,False
161147,161147,0.664159025012535,3329,0,False
161148,161148,0.657582647382066,3330,0,False
161308,161308,0.674397081434925,3331,0,False
161309,161309,0.696585867845314,3332,0,False
161310,161310,0.686710481926546,3333,0,False
161334,161334,0.370361407244278,3334,1,True
161335,161335,0.367109462195007,3335,1,True
161336,161336,0.352992492697286,3336,1,True
162176,162176,0.416666666666667,3337,4,True
162645,162645,0.404919757153245,3338,0,False
163411,163411,0.304742166915269,3339,0,False
163412,163412,0.319886911783223,3340,0,False
163413,163413,0.320559308178926,3341,0,False
163414,163414,0.326328475304893,3342,0,False
163415,163415,0.321659105376753,3343,0,False
163416,163416,0.325930092779959,3344,0,False
163417,163417,0.327354379857307,3345,0,False
163418,163418,0.331440078517319,3346,0,False
163419,163419,0.333131957243986,3347,0,False
163420,163420,0.334689116523033,3348,0,False
163421,163421,0.339727532632661,3349,0,False
163422,163422,0.347079898337199,3350,0,False
163423,163423,0.346576900151436,3351,0,False
164059,164059,0.384971235720019,3352,0,False
164480,164480,0.46880511528177,3353,0,False
164493,164493,0.334874240391017,3354,0,False
164494,164494,0.327061807660184,3355,0,False
164495,164495,0.287095852017142,3356,1,True
164703,164703,0.611787903955638,3357,0,False
165257,165257,0.318341987851501,3358,0,False
165258,165258,0.318197921421176,3359,0,False
165259,165259,0.428975085792647,3360,0,False
165290,165290,0.370436629523578,3361,2,True
165291,165291,0.356175723972104,3362,2,True
165292,165292,0.356525093351922,3363,2,True
165293,165293,0.357220615590748,3364,2,True
165294,165294,0.357770516809733,3365,2,True
165295,165295,0.358294071021163,3366,1,True
165296,165296,0.358441020974011,3367,1,True
165297,165297,0.358928019743233,3368,1,True
165298,165298,0.353076912212014,3369,1,True
165299,165299,0.364648327000227,3370,1,True
165300,165300,0.350020808684061,3371,1,True
165301,165301,0.336231954322848,3372,1,True
165302,165302,0.34062929177009,3373,1,True
165772,165772,0.51278098789653,3374,0,False
166365,166365,0.27365780222506,3375,1,True
166366,166366,0.282237854820885,3376,1,True
166367,166367,0.283097257810978,3377,1,True
166368,166368,0.273752581123909,3378,1,True
166369,166369,0.284997599246451,3379,1,True
166370,166370,0.288945213649977,3380,1,True
166371,166371,0.299632935105905,3381,1,True
166372,166372,0.30225878221411,3382,1,True
166598,166598,0.312639743659914,3383,0,False
166600,166600,0.377669883819036,3384,0,False
166601,166601,0.326631972627061,3385,0,False
167466,167466,0.330209806171869,3386,0,False
167467,167467,0.330345808505575,3387,0,False
167474,167474,0.25000001200451,3388,2,True
167475,167475,0.333333333333333,3389,4,True
167712,167712,0.322387150747194,3390,0,False
167713,167713,0.319678985980163,3391,0,False
167714,167714,0.32107023086021,3392,0,False
167715,167715,0.3224041197704,3393,0,False
167716,167716,0.318072975714212,3394,0,False
168036,168036,0.472238416577355,3395,3,True
168037,168037,0.471424617586434,3396,3,True
168038,168038,0.452826029717014,3397,3,True
168039,168039,0.452239748806387,3398,3,True
168040,168040,0.38822898126964,3399,3,True
168041,168041,0.388262834137975,3400,3,True
168049,168049,0.328928353589683,3401,0,False
168050,168050,0.325579326868123,3402,0,False
168051,168051,0.343423851472288,3403,0,False
168052,168052,0.352197333222927,3404,0,False
168107,168107,0.379594786112335,3405,0,False
168108,168108,0.373376694189539,3406,0,False
168109,168109,0.365737912706055,3407,0,False
168430,168430,0.436149983773374,3408,0,False
168445,168445,0.369270760001911,3409,0,False
168446,168446,0.341321722481805,3410,0,False
168447,168447,0.341373275137428,3411,0,False
168452,168452,0.290377637880724,3412,0,False
168453,168453,0.292772297565663,3413,0,False
169079,169079,0.579460713543904,3414,2,True
169080,169080,0.579026805780954,3415,2,True
169081,169081,0.578673165922112,3416,2,True
169082,169082,0.333333333333333,3417,3,True
169083,169083,0.586442494661451,3418,2,True
169084,169084,0.586310912900981,3419,2,True
169148,169148,0.585851684323835,3420,0,False
169149,169149,0.599862901314358,3421,0,False
169150,169150,0.602659011347122,3422,0,False
169151,169151,0.574838864738756,3423,0,False
169152,169152,0.591477004612278,3424,0,False
169153,169153,0.608741785142473,3425,0,False
169154,169154,0.621711051649148,3426,0,False
169155,169155,0.634959147516527,3427,0,False
169170,169170,0.438185330933612,3428,0,False
169171,169171,0.409484728980722,3429,0,False
169172,169172,0.503563372149208,3430,0,False
169175,169175,0.43055821897619,3431,0,False
169176,169176,0.426723785405574,3432,0,False
169177,169177,0.416027074055618,3433,0,False
169178,169178,0.404495298454826,3434,0,False
169179,169179,0.375764626690178,3435,0,False
169180,169180,0.361073918606953,3436,0,False
169423,169423,0.27987972490554,3437,0,False
169424,169424,0.27963839976293,3438,0,False
169425,169425,0.288297864282468,3439,0,False
169619,169619,0.485840791973041,3440,0,False
169620,169620,0.468488054488504,3441,0,False
169621,169621,0.466974099150555,3442,0,False
169978,169978,0.273333027626852,3443,0,False
170006,170006,0.35944465599153,3444,1,True
170007,170007,0.35919062768466,3445,1,True
170179,170179,0.312057672174886,3446,0,False
170619,170619,0.493241862987209,3447,3,True
170620,170620,0.497110351316691,3448,3,True
170621,170621,0.498829767529649,3449,3,True
170622,170622,0.583333333333333,3450,3,True
170623,170623,0.583333333333333,3451,3,True
170624,170624,0.583311125581309,3452,3,True
170625,170625,0.583318906873105,3453,3,True
170626,170626,0.583333333333333,3454,3,True
170855,170855,0.49889412285209,3455,0,False
170856,170856,0.497132774638074,3456,0,False
170857,170857,0.493791937160345,3457,0,False
171140,171140,0.268653033618633,3458,1,True
171154,171154,0.483314123365795,3459,0,False
171225,171225,0.298152496779462,3460,0,False
171359,171359,0.271728878569882,3461,0,False
171858,171858,0.392627983150268,3462,0,False
171859,171859,0.286001088073404,3463,0,False
171860,171860,0.269391119400378,3464,0,False
172370,172370,0.67724348776607,3465,0,False
172371,172371,0.709401620159035,3466,0,False
172372,172372,0.705473976195451,3467,0,False
172373,172373,0.704153628743116,3468,0,False
172374,172374,0.708007703256154,3469,0,False
172509,172509,0.454795257483372,3470,0,False
172534,172534,0.312634957478971,3471,0,False
173322,173322,0.416666666666667,3472,4,True
173548,173548,0.477362123443437,3473,0,False
173549,173549,0.471280171817102,3474,0,False
173555,173555,0.598273479512623,3475,0,False
173556,173556,0.600368684560121,3476,0,False
173557,173557,0.589258991103291,3477,0,False
173558,173558,0.593217761772602,3478,0,False
173559,173559,0.541868905179328,3479,0,False
173560,173560,0.536629549625123,3480,0,False
173561,173561,0.525182407455923,3481,0,False
173562,173562,0.495126201545343,3482,0,False
173563,173563,0.461574912240857,3483,0,False
173564,173564,0.398822560061736,3484,0,False
173958,173958,0.307297640431437,3485,0,False
173961,173961,0.308319209401981,3486,0,False
173962,173962,0.384086517711719,3487,0,False
173963,173963,0.380060309070634,3488,0,False
173964,173964,0.363349984745093,3489,0,False
173965,173965,0.337463615271354,3490,0,False
173969,173969,0.295197630577295,3491,0,False
174325,174325,0.313446683148398,3492,0,False
174666,174666,0.441640013802138,3493,0,False
174681,174681,0.490773696004646,3494,0,False
174682,174682,0.355211942816635,3495,0,False
174683,174683,0.353219159403846,3496,0,False
174684,174684,0.382566824065081,3497,0,False
174685,174685,0.381767763098476,3498,0,False
174686,174686,0.351398284687547,3499,0,False
174687,174687,0.355573056605891,3500,0,False
174688,174688,0.361489698735005,3501,0,False
174689,174689,0.365137144948147,3502,0,False
174690,174690,0.356956782474815,3503,0,False
174691,174691,0.361899114823811,3504,0,False
174692,174692,0.360576281661199,3505,0,False
174693,174693,0.345425225680431,3506,0,False
175469,175469,0.29530592840705,3507,1,True
175557,175557,0.26274693956339,3508,3,True
175558,175558,0.260264267974531,3509,3,True
175649,175649,0.446810387406663,3510,0,False
175650,175650,0.349881803193587,3511,0,False
175651,175651,0.264277348841495,3512,1,True
175652,175652,0.347818257108436,3513,0,False
175653,175653,0.34261424026245,3514,0,False
176369,176369,0.34165118485351,3515,0,False
176474,176474,0.295764706501407,3516,1,True
176475,176475,0.259400562963779,3517,1,True
176498,176498,0.48498376988343,3518,0,False
176499,176499,0.487786307086477,3519,0,False
176500,176500,0.932354298859971,3520,0,False
176501,176501,0.947015966213164,3521,0,False
176643,176643,0.265323705198947,3522,0,False
176644,176644,0.258943737781167,3523,0,False
176646,176646,0.251640195752011,3524,0,False
176650,176650,0.411267279995544,3525,0,False
176651,176651,0.418871641668646,3526,0,False
176652,176652,0.415291811625079,3527,0,False
176653,176653,0.413385864949969,3528,0,False
176791,176791,0.450827956676614,3529,0,False
176792,176792,0.458102039169322,3530,0,False
176793,176793,0.465014962551048,3531,0,False
176794,176794,0.446314841991843,3532,0,False
176795,176795,0.431600862547318,3533,0,False
176796,176796,0.426058736639922,3534,0,False
176797,176797,0.427389886188499,3535,0,False
176861,176861,0.6002928239052,3536,0,False
176862,176862,0.616229862604991,3537,0,False
176863,176863,0.619493691733389,3538,0,False
176864,176864,0.600017698057407,3539,0,False
176865,176865,0.667727709581286,3540,0,False
176866,176866,0.678671775329026,3541,0,False
176867,176867,0.680844563293752,3542,0,False
176868,176868,0.660369627667904,3543,0,False
176869,176869,0.66056742366764,3544,0,False
177587,177587,0.273301279668829,3545,0,False
177789,177789,0.705995211132306,3546,0,False
177790,177790,0.704277916470974,3547,0,False
177791,177791,0.704474229497671,3548,0,False
177792,177792,0.702701984757218,3549,0,False
177793,177793,0.695517138524457,3550,0,False
177794,177794,0.679736088554905,3551,0,False
177795,177795,0.670959853973377,3552,0,False
177796,177796,0.664110242182362,3553,0,False
177817,177817,0.35141414774428,3554,1,True
178424,178424,0.358763194574386,3555,0,False
178880,178880,0.371190964440152,3556,0,False
178881,178881,0.372488951879611,3557,0,False
178885,178885,0.567043241885291,3558,3,True
178886,178886,0.333333333333333,3559,4,True
179096,179096,0.337328265485012,3560,0,False
179097,179097,0.362889154748313,3561,0,False
179659,179659,0.395400060202277,3562,0,False
179660,179660,0.367145716315882,3563,0,False
179663,179663,0.319113112388845,3564,1,True
179889,179889,0.303289704750337,3565,1,True
179894,179894,0.275681282162851,3566,1,True
179896,179896,0.266269682424793,3567,1,True
179897,179897,0.265659939491739,3568,1,True
179979,179979,0.493026971187675,3569,0,False
180851,180851,0.342986431788373,3570,1,True
180852,180852,0.344200240848592,3571,1,True
180853,180853,0.378435891381641,3572,1,True
180854,180854,0.339833718342913,3573,1,True
180855,180855,0.353054144799031,3574,1,True
180856,180856,0.33744404365367,3575,2,True
180857,180857,0.416457287342209,3576,1,True
180858,180858,0.342122155046481,3577,1,True
180871,180871,0.284880799822677,3578,0,False
180872,180872,0.285051641755394,3579,0,False
180873,180873,0.294055580755981,3580,0,False
180874,180874,0.356262060079713,3581,0,False
181704,181704,0.540738911648882,3582,0,False
181705,181705,0.513182061704363,3583,0,False
181706,181706,0.514940245194898,3584,0,False
181707,181707,0.468344275105819,3585,0,False
181708,181708,0.484985029317318,3586,0,False
181800,181800,0.309704324018762,3587,0,False
182290,182290,0.385183896969185,3588,1,True
182370,182370,0.349390512163873,3589,0,False
182371,182371,0.349052780531211,3590,0,False
182372,182372,0.343685727826205,3591,0,False
182373,182373,0.336584842140114,3592,0,False
182374,182374,0.32898244351395,3593,0,False
182375,182375,0.329076154112112,3594,0,False
182376,182376,0.328907978423082,3595,0,False
182377,182377,0.33003800513887,3596,0,False
183029,183029,0.745201171636821,3597,1,True
183030,183030,0.745099277174967,3598,1,True
183031,183031,0.744898732897106,3599,1,True
183032,183032,0.744187671274805,3600,1,True
183033,183033,0.507261449231481,3601,2,True
183318,183318,0.595167800554547,3602,2,True
183319,183319,0.599688635197745,3603,2,True
183320,183320,0.600462684735066,3604,2,True
183321,183321,0.307901657922863,3605,2,True
183322,183322,0.290886512457911,3606,2,True
183323,183323,0.286605557229787,3607,2,True
183386,183386,0.29757668722809,3608,0,False
183879,183879,0.372865538428374,3609,0,False
183880,183880,0.368437739675065,3610,0,False
184530,184530,0.328385504956356,3611,1,True
184841,184841,0.422609772179928,3612,1,True
185102,185102,0.504239455695653,3613,0,False
185103,185103,0.5028513092236,3614,0,False
185104,185104,0.482403474390988,3615,0,False
185105,185105,0.562268226608631,3616,0,False
185106,185106,0.526301103060049,3617,0,False
185107,185107,0.561414740306955,3618,0,False
185108,185108,0.569373490218048,3619,0,False
185620,185620,0.404158768842401,3620,0,False
185621,185621,0.394553836161106,3621,0,False
185622,185622,0.379417570493749,3622,1,True
185985,185985,0.485249279506198,3623,0,False
186443,186443,0.555901380171325,3624,0,False
186444,186444,0.523300925689602,3625,0,False
187033,187033,0.306116884086551,3626,0,False
187036,187036,0.311745260138531,3627,0,False
187037,187037,0.311829902033877,3628,0,False
187140,187140,0.398366357965442,3629,3,True
187141,187141,0.395947868106441,3630,3,True
187142,187142,0.394805925050765,3631,3,True
187143,187143,0.378027787091677,3632,3,True
187144,187144,0.43248559145969,3633,3,True
187145,187145,0.509663936378914,3634,3,True
187146,187146,0.432092546062166,3635,3,True
187147,187147,0.423186844971196,3636,3,True
187528,187528,0.335233261568862,3637,0,False
187529,187529,0.336083640328512,3638,0,False
187530,187530,0.342718097013672,3639,0,False
187658,187658,0.384015501017929,3640,0,False
187659,187659,0.370399505917518,3641,0,False
188119,188119,0.350465006982541,3642,0,False
188440,188440,0.279735954301859,3643,3,True
188441,188441,0.279008566333936,3644,3,True
188442,188442,0.250824734576052,3645,3,True
189201,189201,0.289661894737387,3646,0,False
189797,189797,0.848090379548856,3647,0,False
189798,189798,0.626183911327642,3648,0,False
189799,189799,0.475988630132501,3649,0,False
189800,189800,0.475698056547408,3650,0,False
189801,189801,0.478865004529863,3651,0,False
189802,189802,0.447615588601355,3652,0,False
189803,189803,0.444785007493097,3653,0,False
189804,189804,0.447237564122143,3654,0,False
189805,189805,0.339204363265088,3655,1,True
189997,189997,0.335661134431323,3656,0,False
189998,189998,0.363493590496306,3657,0,False
189999,189999,0.341377710592919,3658,0,False
190134,190134,0.616551631562949,3659,0,False
190135,190135,0.533110810637292,3660,0,False
190136,190136,0.610291190454497,3661,0,False
190137,190137,0.607007823392066,3662,0,False
190138,190138,0.60485940651134,3663,0,False
190142,190142,0.47041042490621,3664,0,False
190143,190143,0.507646736532984,3665,0,False
190539,190539,0.605144017881398,3666,0,False
190868,190868,0.33802420085746,3667,0,False
191227,191227,0.634663026227603,3668,0,False
191228,191228,0.637434856669842,3669,0,False
191229,191229,0.661118917123454,3670,0,False
191329,191329,0.443077933770994,3671,0,False
191330,191330,0.443172326550158,3672,0,False
191463,191463,0.429915005206661,3673,0,False
191464,191464,0.436335052143016,3674,0,False
191465,191465,0.444956432398764,3675,0,False
191466,191466,0.435879796007098,3676,0,False
191467,191467,0.436304368719146,3677,0,False
191641,191641,0.567062376225573,3678,0,False
191642,191642,0.569348193068489,3679,0,False
191859,191859,0.314537005099853,3680,0,False
191860,191860,0.282475794967004,3681,0,False
191861,191861,0.491825819084103,3682,0,False
191862,191862,0.490420741255299,3683,0,False
191863,191863,0.377133000348472,3684,0,False
191864,191864,0.349234668361298,3685,0,False
191865,191865,0.285306866955982,3686,0,False
191866,191866,0.293352375070356,3687,0,False
191867,191867,0.298595164810747,3688,0,False
191868,191868,0.299414375750327,3689,0,False
191869,191869,0.261768103003403,3690,0,False
191870,191870,0.307594591855426,3691,0,False
191871,191871,0.315763650414452,3692,0,False
192147,192147,0.321278933886731,3693,0,False
192148,192148,0.309633767412022,3694,0,False
192149,192149,0.261674700029604,3695,0,False
192852,192852,0.361818028674337,3696,1,True
192853,192853,0.393326453391851,3697,1,True
192854,192854,0.391408911018263,3698,1,True
192855,192855,0.397882831006904,3699,1,True
192856,192856,0.404152212188869,3700,1,True
192857,192857,0.435290806512247,3701,0,False
192858,192858,0.451618866322614,3702,0,False
192859,192859,0.489908055959154,3703,0,False
193073,193073,0.301659021510949,3704,1,True
193735,193735,0.709845220054823,3705,0,False
193736,193736,0.700800379644704,3706,0,False
193737,193737,0.663553671453458,3707,0,False
193738,193738,0.662585670188785,3708,0,False
193739,193739,0.661456450627188,3709,0,False
193740,193740,0.632271965285507,3710,0,False
193741,193741,0.650023311375638,3711,0,False
193742,193742,0.617058459712295,3712,0,False
193743,193743,0.627128420422172,3713,0,False
194470,194470,0.609349825987827,3714,0,False
194477,194477,0.378717386034803,3715,0,False
194478,194478,0.378647210704489,3716,1,True
194479,194479,0.285279731168476,3717,2,True
194480,194480,0.255243180192251,3718,0,False
194481,194481,0.254356631724787,3719,0,False
194768,194768,0.295397942669923,3720,0,False
195080,195080,0.487099971993028,3721,0,False
195081,195081,0.502323374732109,3722,0,False
195082,195082,0.488753280273389,3723,0,False
196264,196264,0.576411125118835,3724,3,True
196265,196265,0.576359539272667,3725,3,True
196266,196266,0.331111111111111,3726,4,True
196481,196481,0.600744787650226,3727,0,False
196482,196482,0.633489795904512,3728,0,False
196493,196493,0.505591120232858,3729,0,False
196615,196615,0.262978924212653,3730,0,False
196616,196616,0.315716173029256,3731,0,False
196617,196617,0.352874220041988,3732,0,False
196680,196680,0.75,3733,2,True
196681,196681,0.265144496463487,3734,2,True
196682,196682,0.270006594014559,3735,2,True
196683,196683,0.313705459383767,3736,3,True
196684,196684,0.268953533681041,3737,1,True
196685,196685,0.270786087654494,3738,1,True
196741,196741,0.333333333333333,3739,4,True
196742,196742,0.583333333333333,3740,3,True
196743,196743,0.583333333333333,3741,3,True
196744,196744,0.583333333333333,3742,3,True
196745,196745,0.583333333333333,3743,3,True
196934,196934,0.25652439915801,3744,3,True
196935,196935,0.256526841294142,3745,3,True
196936,196936,0.256531599512268,3746,3,True
197042,197042,0.314867451673575,3747,0,False
197043,197043,0.588330217016939,3748,0,False
197044,197044,0.422959087154361,3749,1,True
197045,197045,0.421582804128948,3750,1,True
197046,197046,0.423527751263538,3751,1,True
197047,197047,0.272073424324132,3752,2,True
197048,197048,0.29856225183453,3753,0,False
197049,197049,0.294280500747339,3754,0,False
197050,197050,0.30513466835606,3755,0,False
197476,197476,0.258881896911145,3756,0,False
197501,197501,0.639717899261794,3757,0,False
197502,197502,0.680329064032571,3758,0,False
197503,197503,0.589604393699916,3759,0,False
197592,197592,0.416666666666667,3760,4,True
197878,197878,0.2763818651993,3761,0,False
197879,197879,0.297174013082046,3762,0,False
198012,198012,0.281773316483828,3763,0,False
198187,198187,0.285972265941393,3764,0,False
198195,198195,0.289364641575872,3765,0,False
198196,198196,0.271260902265699,3766,0,False
198201,198201,0.483074288859215,3767,0,False
198586,198586,0.253926598673092,3768,0,False
198587,198587,0.381946454836933,3769,0,False
198867,198867,0.316494777213246,3770,0,False
198982,198982,0.421052412670616,3771,0,False
199015,199015,0.323100330806568,3772,0,False
199323,199323,0.363364893073819,3773,0,False
199324,199324,0.357386921985997,3774,0,False
199325,199325,0.36083220590654,3775,0,False
199326,199326,0.267790743254903,3776,0,False
199578,199578,0.251180369741899,3777,3,True
199579,199579,0.252000581629186,3778,3,True
199580,199580,0.252287443226023,3779,3,True
199581,199581,0.286971630843314,3780,3,True
199582,199582,0.287102895193563,3781,3,True
199583,199583,0.299827616927324,3782,3,True
199584,199584,0.299884704291111,3783,3,True
199585,199585,0.308040755228775,3784,3,True
199763,199763,0.666602699476937,3785,0,False
199764,199764,0.940147763542019,3786,0,False
199765,199765,0.383278819049796,3787,0,False
199766,199766,0.355757652266899,3788,0,False
199767,199767,0.294917884452538,3789,0,False
199768,199768,0.277239578982302,3790,0,False
199859,199859,0.324527657104447,3791,0,False
199891,199891,0.32434290315375,3792,1,True
199892,199892,0.32408518698304,3793,1,True
199893,199893,0.324824689578729,3794,1,True
200347,200347,0.435942682838089,3795,0,False
200348,200348,0.436185038702911,3796,0,False
200349,200349,0.43625347822835,3797,0,False
200350,200350,0.437459087464381,3798,0,False
200351,200351,0.434935942895263,3799,0,False
200352,200352,0.440324936856407,3800,0,False
200353,200353,0.43388180976631,3801,0,False
200738,200738,0.540826375489027,3802,0,False
200827,200827,0.27270798643289,3803,3,True
200828,200828,0.273845722167479,3804,3,True
201030,201030,0.37507273488374,3805,3,True
201271,201271,0.336584814554888,3806,0,False
201272,201272,0.3433379884111,3807,0,False
201273,201273,0.336244070831072,3808,0,False
201274,201274,0.362985347444085,3809,0,False
201275,201275,0.372308193964059,3810,0,False
201796,201796,0.251293999854025,3811,0,False
201797,201797,0.253514607821486,3812,0,False
201798,201798,0.363649453671916,3813,0,False
201799,201799,0.341392136813917,3814,0,False
201884,201884,0.332925327022274,3815,0,False
201885,201885,0.327624245649512,3816,0,False
201886,201886,0.43427548808795,3817,0,False
202245,202245,0.666512663432548,3818,0,False
202246,202246,0.652341790039454,3819,0,False
202247,202247,0.595402653581139,3820,0,False
202248,202248,0.541995657347717,3821,0,False
202249,202249,0.69805777536797,3822,0,False
202250,202250,0.7063488354286,3823,0,False
202251,202251,0.686819176588394,3824,0,False
202252,202252,0.674903084046205,3825,0,False
202253,202253,0.701453798106318,3826,0,False
202254,202254,0.561587202804354,3827,0,False
202300,202300,0.387210670784759,3828,0,False
202301,202301,0.375920858359553,3829,0,False
202309,202309,0.450416181558785,3830,0,False
202779,202779,0.305656003736707,3831,0,False
202780,202780,0.314529110024368,3832,0,False
202815,202815,0.583333333333333,3833,3,True
202816,202816,0.581349206349206,3834,3,True
202817,202817,0.581242346127621,3835,3,True
202818,202818,0.58085828716828,3836,3,True
202819,202819,0.580656810742273,3837,3,True
202820,202820,0.580625247058172,3838,3,True
202821,202821,0.580593256873553,3839,3,True
202822,202822,0.58069537735532,3840,3,True
202823,202823,0.580689629774786,3841,3,True
202824,202824,0.580836571251224,3842,3,True
202825,202825,0.581163414746364,3843,3,True
202826,202826,0.581666666666667,3844,3,True
202827,202827,0.583333333333333,3845,3,True
202828,202828,0.294939662055639,3846,3,True
202829,202829,0.29453378524161,3847,3,True
202830,202830,0.291832032252836,3848,3,True
202831,202831,0.270090798453888,3849,3,True
202832,202832,0.267111403985636,3850,3,True
202833,202833,0.262312926214569,3851,3,True
202834,202834,0.25565720303292,3852,3,True
202928,202928,0.254538668295874,3853,0,False
202938,202938,0.357459299816458,3854,1,True
202939,202939,0.345937025133889,3855,1,True
203068,203068,0.548864876314525,3856,0,False
203069,203069,0.566693621622998,3857,0,False
203070,203070,0.52329615748225,3858,0,False
203071,203071,0.441366852928468,3859,0,False
203106,203106,0.442623484365839,3860,0,False
203449,203449,0.273390812557684,3861,2,True
203450,203450,0.272252922948454,3862,2,True
203451,203451,0.269829097701727,3863,2,True
203452,203452,0.258776240388444,3864,2,True
203454,203454,0.256021719942914,3865,2,True
204342,204342,0.356916153878694,3866,0,False
204382,204382,0.275333495360397,3867,0,False
205051,205051,0.313396635830565,3868,3,True
205052,205052,0.31316741874432,3869,3,True
205053,205053,0.334913474312584,3870,3,True
205054,205054,0.334784686302029,3871,3,True
205080,205080,0.285519693391024,3872,0,False
205081,205081,0.288375371927759,3873,0,False
205178,205178,0.321662817931671,3874,0,False
205179,205179,0.321812676762582,3875,0,False
205763,205763,0.344891307429671,3876,1,True
205764,205764,0.369885067057672,3877,1,True
205823,205823,0.520175628732715,3878,0,False
205824,205824,0.517031763579078,3879,0,False
205825,205825,0.589719074590632,3880,0,False
205826,205826,0.593971182744101,3881,0,False
205915,205915,0.264610136797857,3882,3,True
205916,205916,0.301014139892506,3883,3,True
205917,205917,0.333333333333333,3884,4,True
206360,206360,0.3179452614265,3885,0,False
206361,206361,0.3195118515983,3886,0,False
206730,206730,0.300224180419137,3887,0,False
206731,206731,0.423287732861786,3888,0,False
206802,206802,0.372985977402338,3889,1,True
206803,206803,0.371850102970707,3890,1,True
206804,206804,0.370313374325894,3891,1,True
206805,206805,0.375332574410477,3892,0,False
206806,206806,0.395115526496953,3893,0,False
206807,206807,0.386459593702673,3894,1,True
206808,206808,0.385700749520011,3895,1,True
206809,206809,0.388471940553164,3896,1,True
206810,206810,0.391285521088868,3897,1,True
206811,206811,0.391138692462191,3898,1,True
206812,206812,0.399541244915935,3899,1,True
206813,206813,0.405665993825762,3900,1,True
206814,206814,0.309130682502761,3901,2,True
207808,207808,0.509027849233827,3902,0,False
207809,207809,0.508251033214998,3903,0,False
207810,207810,0.39120557875574,3904,0,False
207811,207811,0.382246593115246,3905,0,False
207812,207812,0.265747877702035,3906,0,False
207813,207813,0.29348781656068,3907,0,False
208301,208301,0.414121383708841,3908,0,False
208381,208381,0.343635479359394,3909,0,False
208639,208639,0.337203448103192,3910,0,False
208640,208640,0.341060060802339,3911,0,False
208641,208641,0.340959838390683,3912,0,False
208886,208886,0.463491093294999,3913,3,True
208887,208887,0.470039154025478,3914,3,True
208888,208888,0.476633500502337,3915,3,True
208889,208889,0.477440749678231,3916,3,True
208900,208900,0.282602543335223,3917,0,False
208901,208901,0.303259935682033,3918,0,False
208902,208902,0.313710756803294,3919,0,False
208903,208903,0.314892438125176,3920,0,False
208904,208904,0.315635699427302,3921,0,False
209014,209014,0.375624553649155,3922,0,False
209015,209015,0.2887071533612,3923,1,True
209016,209016,0.347976610636126,3924,0,False
209017,209017,0.346243487830671,3925,0,False
209018,209018,0.347439662893946,3926,0,False
209225,209225,0.267290000424648,3927,1,True
209226,209226,0.261364878488084,3928,1,True
209257,209257,0.33343237533991,3929,1,True
209258,209258,0.331444501895758,3930,0,False
209339,209339,0.954937376437807,3931,0,False
209340,209340,0.376693470483593,3932,0,False
209341,209341,0.255338027363927,3933,0,False
209807,209807,0.620553880034463,3934,0,False
210046,210046,0.373979767891714,3935,0,False
210057,210057,0.368303900577909,3936,0,False
210058,210058,0.352890444334962,3937,0,False
210059,210059,0.356012713594152,3938,0,False
210060,210060,0.382170162374629,3939,0,False
210061,210061,0.375753728855103,3940,0,False
210062,210062,0.346771543615785,3941,0,False
210063,210063,0.350622855406685,3942,0,False
210064,210064,0.374264158630138,3943,0,False
210065,210065,0.368231550501479,3944,0,False
210147,210147,0.475927978825374,3945,0,False
210297,210297,0.343514698001413,3946,1,True
210298,210298,0.341467437133821,3947,1,True
210321,210321,0.752560620756855,3948,0,False
210322,210322,0.75722568046969,3949,0,False
210323,210323,0.949180141800529,3950,0,False
210552,210552,0.34424923819125,3951,0,False
210795,210795,0.570425960574493,3952,0,False
210914,210914,0.259848743758193,3953,1,True
211743,211743,0.488642478833,3954,0,False
211744,211744,0.475889073441792,3955,0,False
211745,211745,0.447190640583596,3956,0,False
211746,211746,0.409472502551809,3957,0,False
211747,211747,0.365909743459115,3958,0,False
211748,211748,0.364605349007634,3959,0,False
211764,211764,0.340909965209457,3960,0,False
211765,211765,0.346882361786335,3961,0,False
212214,212214,0.250051083334822,3962,0,False
212215,212215,0.311872994853763,3963,0,False
212216,212216,0.294371694757364,3964,0,False
212217,212217,0.304764580392141,3965,0,False
213286,213286,0.388957669768812,3966,0,False
213312,213312,0.285816245000718,3967,1,True
213313,213313,0.285897154202615,3968,1,True
213314,213314,0.270369863444892,3969,1,True
213315,213315,0.270164704656736,3970,1,True
213316,213316,0.269945725220732,3971,1,True
213322,213322,0.429933046028579,3972,0,False
213323,213323,0.433983156245583,3973,0,False
213324,213324,0.458410028411126,3974,0,False
213325,213325,0.471113514401344,3975,0,False
213326,213326,0.474064376310128,3976,0,False
213327,213327,0.479207154361077,3977,0,False
214048,214048,0.377956278566932,3978,0,False
214049,214049,0.378350157219757,3979,0,False
214050,214050,0.378059967237365,3980,0,False
214051,214051,0.377371527819482,3981,0,False
214057,214057,0.376423056607614,3982,1,True
214058,214058,0.288478742394234,3983,2,True
214059,214059,0.375451684735777,3984,1,True
214060,214060,0.373525521114773,3985,1,True
214345,214345,0.672296089732301,3986,0,False
214346,214346,0.671838303605583,3987,0,False
214555,214555,0.407209609683837,3988,0,False
214556,214556,0.409472440602553,3989,0,False
214756,214756,0.35640547460225,3990,0,False
214757,214757,0.263821825031491,3991,0,False
214758,214758,0.381524658569094,3992,0,False
214759,214759,0.381013862561781,3993,0,False
214760,214760,0.380246025299,3994,0,False
214931,214931,0.262860357958311,3995,0,False
215030,215030,0.507261449231481,3996,2,True
215031,215031,0.743468169022977,3997,1,True
215032,215032,0.744744918147238,3998,1,True
215033,215033,0.75479075826864,3999,1,True
215106,215106,0.583011963732986,4000,2,True
215107,215107,0.581958839823183,4001,2,True
215108,215108,0.581817026332527,4002,2,True
215109,215109,0.581452569652991,4003,3,True
215110,215110,0.581641810611854,4004,3,True
215111,215111,0.581865324661969,4005,3,True
215112,215112,0.582890500743274,4006,3,True
215113,215113,0.583333333333333,4007,3,True
215114,215114,0.333333333333333,4008,4,True
215134,215134,0.497194283723838,4009,0,False
215135,215135,0.955702378761025,4010,0,False
215136,215136,0.957081567647169,4011,0,False
215640,215640,0.355460606257969,4012,0,False
215641,215641,0.362824504588395,4013,0,False
215642,215642,0.431504653416049,4014,0,False
215643,215643,0.441615323029536,4015,0,False
215829,215829,0.258215520982823,4016,0,False
215830,215830,0.263296014948422,4017,0,False
215928,215928,0.262870692365278,4018,0,False
216096,216096,0.41559880227483,4019,3,True
216097,216097,0.417117040971559,4020,3,True
216098,216098,0.448268483098818,4021,3,True
216099,216099,0.449240037703346,4022,3,True
216100,216100,0.480761188761781,4023,3,True
216101,216101,0.481198840527927,4024,3,True
216102,216102,0.481406167811429,4025,3,True
216103,216103,0.499832523026475,4026,3,True
216104,216104,0.510323219097647,4027,3,True
216482,216482,0.511976023863443,4028,0,False
216483,216483,0.560362154165419,4029,0,False
216484,216484,0.476652028974417,4030,0,False
216485,216485,0.475428004518854,4031,0,False
216486,216486,0.467618345531472,4032,0,False
216487,216487,0.453233148258598,4033,0,False
216488,216488,0.448669524703856,4034,0,False
216562,216562,0.34345681483876,4035,3,True
216570,216570,0.250868121336393,4036,3,True
216703,216703,0.298023906381645,4037,0,False
216704,216704,0.297632165192943,4038,0,False
216705,216705,0.298781719658555,4039,0,False
216706,216706,0.298549992124286,4040,0,False
216707,216707,0.297574170372879,4041,0,False
216708,216708,0.29731373877013,4042,0,False
216709,216709,0.296702040887527,4043,0,False
216710,216710,0.294547377191249,4044,0,False
216711,216711,0.294129899046383,4045,0,False
216752,216752,0.300231644485407,4046,0,False
216753,216753,0.300359903955799,4047,0,False
217181,217181,0.313655672350694,4048,0,False
217249,217249,0.431370240155545,4049,0,False
217250,217250,0.436293101904236,4050,0,False
217251,217251,0.450391303134652,4051,0,False
217252,217252,0.461697567185785,4052,0,False
217253,217253,0.463675996586359,4053,0,False
217254,217254,0.545821092081366,4054,0,False
217384,217384,0.349811463891846,4055,3,True
217385,217385,0.320498935390161,4056,3,True
217386,217386,0.32024224086269,4057,3,True
217387,217387,0.341987501673826,4058,3,True
217388,217388,0.278823437303342,4059,3,True
217389,217389,0.525333349018104,4060,3,True
217390,217390,0.438106699674527,4061,3,True
217391,217391,0.25172953106878,4062,3,True
217392,217392,0.259213111664448,4063,3,True
217393,217393,0.259002242659327,4064,3,True
217394,217394,0.258767967653959,4065,3,True
217502,217502,0.362337908910466,4066,0,False
217503,217503,0.358320176324935,4067,0,False
217504,217504,0.340428367285417,4068,0,False
217505,217505,0.397090817862225,4069,0,False
217506,217506,0.346954561055575,4070,0,False
217578,217578,0.359761752202168,4071,0,False
217579,217579,0.360033622207197,4072,0,False
217580,217580,0.475943348130767,4073,0,False
217581,217581,0.471357905586069,4074,0,False
217582,217582,0.282530147655006,4075,0,False
217586,217586,0.251562603933347,4076,0,False
217590,217590,0.279804277390555,4077,0,False
217591,217591,0.275973759317744,4078,0,False
217592,217592,0.370151063333208,4079,0,False
217593,217593,0.392792804895931,4080,0,False
217690,217690,0.417523611671776,4081,0,False
217691,217691,0.421501163401696,4082,0,False
217693,217693,0.344899343378069,4083,0,False
217695,217695,0.284089414024339,4084,0,False
217696,217696,0.321187501859108,4085,0,False
217697,217697,0.31565147610855,4086,0,False
217698,217698,0.327700270098453,4087,0,False
217700,217700,0.286935012017213,4088,0,False
217703,217703,0.251018424714669,4089,0,False
217761,217761,0.46410591192768,4090,0,False
217802,217802,0.333518123825656,4091,2,True
217803,217803,0.28657878104841,4092,2,True
217805,217805,0.351096372665892,4093,3,True
217814,217814,0.26894110640743,4094,0,False
217815,217815,0.412026054743285,4095,0,False
217816,217816,0.253875171975315,4096,0,False
217817,217817,0.297692190142762,4097,0,False
217859,217859,0.305804484661705,4098,0,False
217864,217864,0.264851323392409,4099,1,True
