fid,MS_ID,TF_Index_Risk_equal,source_row_position,structural_null_count,had_structural_null,kmeans_cluster,distance_to_assigned_centroid
24364,24364,0.379226754946849,0,1,True,2,1.4440483234341277
24365,24365,0.375457948071803,1,1,True,2,1.4515143244684872
24366,24366,0.355719907598789,2,1,True,2,1.1154377963682407
24367,24367,0.350387416345715,3,1,True,2,1.2982736626048075
24368,24368,0.322033156939953,4,1,True,2,1.2489447600205297
24398,24398,0.541070611388722,5,0,False,1,0.9594190543675752
24399,24399,0.527506334480146,6,0,False,1,0.9298335682125665
24400,24400,0.526295113161306,7,0,False,1,0.9266516335969808
24401,24401,0.526094105430093,8,1,True,1,0.9234831061027138
24402,24402,0.521733371800992,9,1,True,1,0.9099621762262425
24403,24403,0.522948153243719,10,0,False,1,0.9075229866922341
24404,24404,0.598167448800109,11,0,False,1,2.5575718793230386
24405,24405,0.62284044972954,12,0,False,2,3.4049184531826815
24406,24406,0.595304384223138,13,0,False,1,2.6465847153426205
24407,24407,0.619408874351377,14,0,False,1,2.8271185282110913
24408,24408,0.541991678492843,15,0,False,1,2.7183268616042153
24409,24409,0.594705906435689,16,0,False,1,2.8200185945540306
24410,24410,0.589339225063267,17,0,False,1,3.0761652636995516
24411,24411,0.555925488262495,18,0,False,1,1.8696987847203612
24412,24412,0.340828555475408,19,0,False,1,0.644960164559131
24413,24413,0.335334716445688,20,1,True,1,0.6385974148833677
24414,24414,0.331570695539299,21,1,True,1,0.6403735201133152
24415,24415,0.333833486625669,22,0,False,1,0.6498059267803459
24416,24416,0.308504285944028,23,0,False,1,0.8585195163498518
24417,24417,0.306102050092542,24,0,False,1,0.8637740817275967
24418,24418,0.303652183488904,25,0,False,1,0.8614763064550829
24419,24419,0.39081704105227,26,0,False,1,0.4282400111408539
24420,24420,0.39239981524135,27,1,True,1,0.447885469879112
24421,24421,0.39340311237596,28,1,True,1,0.46517048984441445
24422,24422,0.395351636130575,29,1,True,1,0.4870028091943123
24423,24423,0.394450339092115,30,1,True,1,0.5004636737294917
24424,24424,0.392781656993082,31,1,True,1,0.5154643110210884
24425,24425,0.395119082152465,32,1,True,1,0.5351335487186305
24426,24426,0.396564126675142,33,1,True,1,0.5564699648552734
24427,24427,0.393207175443335,34,2,True,1,0.5857351775748901
24428,24428,0.391513155985508,35,2,True,1,0.6118403755248225
24458,24458,0.577978842015083,36,0,False,2,2.8941083913786443
24459,24459,0.580137931801161,37,0,False,2,2.9377908533124657
24460,24460,0.581051689354064,38,0,False,2,2.9183169857931124
24461,24461,0.579096001634968,39,0,False,2,3.237444185977725
24462,24462,0.598683568971187,40,0,False,2,3.1615638858174755
24463,24463,0.606674795003622,41,0,False,2,3.2180968834608086
24464,24464,0.94449493642731,42,0,False,3,2.676840839166942
24465,24465,0.775498597149607,43,1,True,2,3.949843053047436
24466,24466,0.775871183549581,44,1,True,3,2.8502246277993586
24467,24467,0.775871183549581,45,1,True,3,2.8538548648038047
24468,24468,0.776301494290029,46,1,True,3,2.410440647160683
24469,24469,0.776301494290029,47,1,True,3,2.397584529110392
24581,24581,0.259049683513414,48,0,False,2,1.7203669049598225
24582,24582,0.25905653933308,49,0,False,2,1.7185828513704111
24583,24583,0.259748734294334,50,0,False,2,1.7153817020306306
24584,24584,0.260349334571601,51,0,False,2,1.713532826269337
24585,24585,0.261501713951213,52,0,False,2,1.7140655547923311
24586,24586,0.26219762992524,53,0,False,2,1.712710457901747
24587,24587,0.263187402809097,54,0,False,2,1.7115524152891235
24588,24588,0.290844614530427,55,0,False,2,2.8930502078980993
24589,24589,0.290769778497591,56,0,False,2,2.89307353197757
24590,24590,0.310486615662438,57,0,False,2,2.258374573918619
24591,24591,0.320844893418609,58,0,False,2,3.7269168901331082
24592,24592,0.32217640120361,59,0,False,2,3.723906088284713
24593,24593,0.810929616462967,60,1,True,2,2.505250046972844
24594,24594,0.810969066501303,61,1,True,2,2.5054723260687415
24595,24595,0.810991557212345,62,1,True,2,2.5048631545343962
24596,24596,0.765922830122342,63,1,True,3,1.9258389151617186
24597,24597,0.765922830122342,64,1,True,2,2.556611892295432
24598,24598,0.765920594719049,65,1,True,2,2.5563043716664504
24599,24599,0.76592152752912,66,1,True,2,2.5563198679000374
24600,24600,0.765922830122342,67,1,True,2,2.555930867505573
24601,24601,0.765880301741759,68,1,True,3,1.9255953808995354
24602,24602,0.803054208235545,69,1,True,3,1.9255309652022838
24603,24603,0.750734078801748,70,1,True,2,1.4884381120631507
24604,24604,0.749958719992498,71,1,True,2,1.5075772791542148
24605,24605,0.749915077119387,72,1,True,2,1.5065704057843339
24606,24606,0.749877055184468,73,1,True,2,1.5061491060711598
24607,24607,0.74981952044508,74,1,True,2,1.503489418386723
24608,24608,0.749800358181053,75,1,True,2,1.502748803805074
24609,24609,0.749786449764521,76,1,True,2,1.502392567228549
24610,24610,0.749771210034166,77,1,True,2,1.5024051796504112
24611,24611,0.749726738515734,78,1,True,2,1.4995480862979471
24612,24612,0.749714506227077,79,1,True,2,1.4987619904506204
24613,24613,0.749703090295029,80,1,True,2,1.4979824964967643
24614,24614,0.780070333820029,81,0,False,2,2.754560221870868
24615,24615,0.780081720164718,82,0,False,2,2.7549843080040284
24616,24616,0.942253652785132,83,0,False,3,1.345378825226695
24617,24617,0.941810391376638,84,0,False,3,1.3436041246205457
24618,24618,0.942726034651937,85,0,False,3,1.3412542906626033
24619,24619,0.941814637027645,86,0,False,3,1.327797135637767
24620,24620,0.948298093856733,87,0,False,3,1.3348587950052537
24621,24621,0.949422263394726,88,0,False,3,1.3298603879894333
24622,24622,0.948298093856733,89,0,False,3,1.322547223360039
24623,24623,0.946811176002162,90,0,False,3,1.3257858555389723
24624,24624,0.941814637027645,91,0,False,3,1.321241175088384
24625,24625,0.768684686667053,92,1,True,3,1.6297396136748483
24626,24626,0.768684686667053,93,1,True,3,1.6288457407427144
24627,24627,0.764535069799756,94,1,True,3,1.6278571261637413
24628,24628,0.617392300690735,95,1,True,2,3.2379427145500865
24629,24629,0.606218376280286,96,1,True,2,3.236568338406728
24630,24630,0.601172497331216,97,1,True,2,3.2359193826957675
24631,24631,0.59195880012783,98,1,True,2,3.2355742663589973
24632,24632,0.584193629120491,99,1,True,2,3.2352310076539363
24633,24633,0.554521759022131,100,1,True,2,2.528410544762597
24634,24634,0.553991716664719,101,1,True,2,2.5280283732354216
24635,24635,0.539767429363291,102,1,True,2,1.8652161393310591
24636,24636,0.536667618878552,103,1,True,2,1.8660439810673404
24637,24637,0.514295881188287,104,1,True,2,1.321601083566012
24638,24638,0.505075771940036,105,1,True,2,1.1023204689383315
24639,24639,0.689689594062897,106,1,True,3,3.6724867944987443
24640,24640,0.679112025541895,107,1,True,3,3.6605862779539216
24641,24641,0.679112025541895,108,1,True,3,3.634757132987017
24642,24642,0.674528293618072,109,1,True,3,3.616218473090436
24643,24643,0.676054963948749,110,1,True,3,3.598202604185575
24644,24644,0.676054963948749,111,1,True,3,3.5919946221055166
24645,24645,0.676095460813323,112,1,True,3,3.58377105255228
24646,24646,0.661648105114822,113,1,True,3,3.5749332637422127
24647,24647,0.658009792403861,114,1,True,3,3.569027069108781
24648,24648,0.658009792403861,115,1,True,3,3.5601624619922814
24649,24649,0.629010776458635,116,1,True,3,3.5466677674565212
24650,24650,0.600888441125964,117,2,True,3,3.8358861824978963
24651,24651,0.628005802968478,118,2,True,3,3.8284508242119664
24652,24652,0.497431632703252,119,2,True,2,3.0663197040720465
24653,24653,0.495003683872692,120,2,True,2,3.061077359120911
24777,24777,0.59539061741792,121,2,True,3,2.2354601764486546
24778,24778,0.595213037647502,122,2,True,3,2.2317661490780085
24779,24779,0.595213037647502,123,2,True,3,2.228746976233226
24780,24780,0.595213037647502,124,2,True,3,2.227266363123911
24781,24781,0.616720596158761,125,1,True,3,1.6637179833660032
24782,24782,0.662885829585852,126,1,True,3,1.658941196642808
24783,24783,0.680845476371424,127,1,True,3,1.655513666703648
24784,24784,0.683899282188123,128,1,True,3,1.6522783536027466
24785,24785,0.680845476371424,129,1,True,3,1.6462340277791996
24855,24855,0.685340876553566,130,2,True,2,1.8491713557554617
24856,24856,0.688227969027669,131,2,True,2,1.8563921271558361
24857,24857,0.688562095599028,132,2,True,2,1.859172299567675
24858,24858,0.688893099098968,133,2,True,2,1.8621026533589218
24859,24859,0.689168269764026,134,2,True,2,1.865636288405709
24860,24860,0.669056283099505,135,2,True,2,1.3585414677671974
24861,24861,0.672679223328697,136,2,True,2,1.3636819183860545
24862,24862,0.673332424522273,137,2,True,2,1.3642323373253813
24863,24863,0.674302453081508,138,2,True,2,1.3657799592282474
24864,24864,0.675787039798634,139,2,True,2,1.3686863427072526
24865,24865,0.677810332957569,140,2,True,2,1.373472317391015
24866,24866,0.682014108060594,141,2,True,2,1.384031897398905
24867,24867,0.684230322415628,142,2,True,2,1.390923854121349
24868,24868,0.687372899087868,143,2,True,2,1.3982501859192709
24869,24869,0.675936980908998,144,2,True,2,1.5026489667356002
24870,24870,0.679016091028392,145,2,True,2,1.5064926187732672
24871,24871,0.679146896271284,146,2,True,2,1.5072070753806275
24872,24872,0.679374986489129,147,2,True,2,1.5073355144277694
24873,24873,0.679806570627384,148,2,True,2,1.5075808757101978
24874,24874,0.680258325662621,149,2,True,2,1.509835657336832
24875,24875,0.682211637454025,150,2,True,2,1.5145335256825636
24876,24876,0.684425868480078,151,2,True,2,1.5198323305841976
24983,24983,0.470210966172085,152,0,False,1,1.5415572230753958
24984,24984,0.465383009018629,153,0,False,1,1.5660004142344919
24985,24985,0.46179907868976,154,0,False,1,1.5883022182804383
24986,24986,0.623918661376125,155,0,False,2,2.809721565021192
24987,24987,0.622160589729134,156,0,False,2,2.7976644896934717
24988,24988,0.600859646222859,157,0,False,2,2.5659344220169134
24989,24989,0.594562118106913,158,0,False,2,2.57163415930825
24990,24990,0.592898985983981,159,0,False,2,2.5622413416630896
24996,24996,0.756558829621873,160,1,True,2,1.7827111965553362
24997,24997,0.759730105293088,161,1,True,2,2.0865364745069552
24998,24998,0.759742841843772,162,1,True,2,2.08989628759004
24999,24999,0.759766584816205,163,1,True,2,2.093928665316184
25000,25000,0.759798092258239,164,1,True,2,2.0979733399676435
25001,25001,0.75983811336881,165,1,True,2,2.101882083697211
25002,25002,0.759872977264033,166,1,True,2,2.104454053796156
25003,25003,0.762883031307945,167,1,True,3,1.9324507844207002
25004,25004,0.762883031307945,168,1,True,3,1.933711142617738
25005,25005,0.762883031307945,169,1,True,3,1.9350074866860203
25006,25006,0.762883031307945,170,1,True,3,1.9363133480214818
25007,25007,0.762883031307945,171,1,True,3,1.9372086464761955
25008,25008,0.762883031307945,172,1,True,3,1.9386098182596987
25009,25009,0.762883031307945,173,1,True,3,1.9394805914193272
25010,25010,0.762883031307945,174,1,True,3,1.9415655607992903
25011,25011,0.762883031307945,175,1,True,3,1.9421662147706944
25012,25012,0.76300755624286,176,1,True,3,1.943412044179428
25013,25013,0.76300755624286,177,1,True,3,1.944222493393129
25014,25014,0.76300755624286,178,1,True,3,1.9446634391963873
25015,25015,0.76300755624286,179,1,True,3,1.9455819540899844
25016,25016,0.76300755624286,180,1,True,3,1.9459455430289856
25017,25017,0.431826780913024,181,1,True,2,2.331740717570697
25018,25018,0.432205676110838,182,1,True,2,2.3314352060490613
25019,25019,0.426150731059368,183,1,True,2,2.334270759479866
25020,25020,0.424385706894938,184,1,True,2,2.333407255704484
25021,25021,0.422876504200424,185,1,True,2,2.333972797251105
25022,25022,0.422447240762043,186,1,True,2,2.334230295811086
25023,25023,0.425646837333583,187,1,True,2,2.3310988262952783
25024,25024,0.417667740274253,188,1,True,2,2.2822415692096536
25025,25025,0.401396076751871,189,1,True,2,2.288941207749776
25026,25026,0.393133193102756,190,1,True,2,2.2939500550203493
25027,25027,0.380319641122454,191,1,True,2,2.3008425946749607
25028,25028,0.384802739278125,192,1,True,2,2.2942617153297826
25029,25029,0.389743180071029,193,0,False,2,2.0942836661350186
25030,25030,0.385172127059012,194,0,False,2,2.097679202464219
25031,25031,0.372692981925192,195,0,False,2,2.1030417518328317
25032,25032,0.345839246180536,196,0,False,2,0.9655043733992523
25033,25033,0.338641751724086,197,0,False,2,0.9751069934934782
25034,25034,0.329500927570078,198,0,False,2,0.9915723930358744
25035,25035,0.313798559660426,199,0,False,2,1.0305107991788975
25036,25036,0.309805250047796,200,0,False,2,1.0372059832366027
25037,25037,0.302952862105482,201,0,False,2,1.0471921508122064
25038,25038,0.291310553374765,202,0,False,2,0.9822304829153123
25039,25039,0.283788699224156,203,0,False,2,1.0358558965444078
25040,25040,0.280630838840295,204,0,False,2,1.0402530466773618
25041,25041,0.27654330092674,205,0,False,2,1.0471908774054448
25042,25042,0.273800319578078,206,0,False,2,1.0492899666504731
25043,25043,0.266946287299638,207,0,False,2,1.064617175004451
25044,25044,0.260408255601785,208,0,False,2,1.081200948299315
25045,25045,0.256791162726379,209,0,False,2,1.0864374817794695
25046,25046,0.253606229564815,210,0,False,2,1.0922896172373404
25062,25062,0.657591484877664,211,1,True,2,2.3145168889458043
25063,25063,0.65773861732861,212,1,True,2,2.3147638149490652
25064,25064,0.822477289895531,213,1,True,3,1.9455370612119116
25065,25065,0.496668575115195,214,1,True,2,2.2807648745343543
25066,25066,0.41637025739811,215,2,True,2,0.9766086489824887
25067,25067,0.399726245278201,216,2,True,2,0.9693415353519895
25068,25068,0.401645369800067,217,2,True,2,0.9806637262800161
25069,25069,0.409224269134538,218,2,True,2,0.983102911967356
25070,25070,0.75,219,2,True,3,2.704604270240615
25071,25071,0.75,220,2,True,3,2.6930986160917625
25072,25072,0.407084734250817,221,2,True,2,1.0347940651016172
25073,25073,0.40520370419381,222,2,True,2,1.010402265400818
25074,25074,0.402521094048873,223,2,True,2,0.9945470170181392
25075,25075,0.395401870157837,224,2,True,2,0.9592950911105623
25076,25076,0.407974764111476,225,2,True,2,0.9617346480346258
25077,25077,0.489506849588026,226,1,True,2,2.2777281910968683
25078,25078,0.491256230236102,227,1,True,2,2.280253435237298
25079,25079,0.504894306332495,228,1,True,2,2.2770593652204876
25080,25080,0.505191351760261,229,1,True,2,2.2771956342660307
25081,25081,0.511731937437773,230,1,True,2,2.2841082727481163
25084,25084,0.382703152326907,231,1,True,1,1.4371092094290066
25085,25085,0.38620921615887,232,1,True,1,1.4361160572982126
25086,25086,0.383058838563785,233,1,True,1,1.4391080583521667
25087,25087,0.383521324036021,234,1,True,1,1.4413965530121216
25088,25088,0.384291209133562,235,2,True,1,1.4443845197956546
25089,25089,0.384416534963783,236,2,True,1,1.446604417103577
25090,25090,0.381355900244561,237,2,True,1,1.449693414128039
25091,25091,0.384837760741535,238,2,True,1,1.4520173768264528
25092,25092,0.384998310501404,239,2,True,1,1.4595224889246925
25093,25093,0.38515035210016,240,2,True,1,1.4562120704998462
25094,25094,0.385553435491725,241,2,True,1,1.4585396177987164
25095,25095,0.383505466827827,242,2,True,1,1.4622584768950568
25096,25096,0.387599581893303,243,2,True,1,1.4653730951407695
25097,25097,0.387446790638269,244,2,True,1,1.4685526302382064
25098,25098,0.387530099676389,245,2,True,1,1.4723873717070395
25099,25099,0.387897184951189,246,2,True,1,1.4769179843882039
25100,25100,0.38561636407372,247,2,True,1,1.4807032703880139
25101,25101,0.385931999422316,248,2,True,1,1.48553140596905
25102,25102,0.386334299425704,249,2,True,1,1.490692736412282
25103,25103,0.384862533814521,250,2,True,1,1.4963911977237345
25104,25104,0.383632364827113,251,2,True,1,1.5027162595350636
25105,25105,0.384038664358149,252,2,True,1,1.5084937214376122
25106,25106,0.384347940984365,253,2,True,1,1.5143450532509963
25107,25107,0.385038995339053,254,2,True,1,1.518895396957433
25117,25117,0.940350317395151,255,0,False,3,1.2845289850669521
25118,25118,0.25030637254902,256,0,False,2,1.6508723530745606
25192,25192,0.939942957648641,257,0,False,3,2.375836518270374
25193,25193,0.931735734654172,258,0,False,3,2.3765528908434255
25194,25194,0.93869381442705,259,0,False,3,2.3697714331212563
25195,25195,0.719495186101806,260,0,False,2,2.1770027462779
25196,25196,0.714629370935336,261,0,False,2,2.1309191998323302
25197,25197,0.709112064028807,262,0,False,2,2.1202235102237217
25198,25198,0.841498648536905,263,0,False,3,1.2401691938194053
25199,25199,0.841340206161237,264,0,False,3,1.2395304509228529
25200,25200,0.841340206161237,265,0,False,3,1.241145805110713
25201,25201,0.841340206161237,266,0,False,3,1.242580605290795
25202,25202,0.67467353949457,267,1,True,3,1.5646023690179756
25203,25203,0.67467353949457,268,1,True,3,1.5652609334128993
25204,25204,0.67467353949457,269,1,True,3,1.5656044570812069
25205,25205,0.67467353949457,270,1,True,3,1.5666822865254015
25206,25206,0.67118134363185,271,1,True,3,1.5670984111384723
25207,25207,0.67118134363185,272,1,True,3,1.5675645113177896
25208,25208,0.67467353949457,273,1,True,3,1.5680629062143925
25209,25209,0.67467353949457,274,1,True,3,1.568541217179364
25210,25210,0.67467353949457,275,1,True,3,1.5687818141166383
25211,25211,0.67467353949457,276,1,True,3,1.5695101106593379
25212,25212,0.841340206161237,277,0,False,2,3.4649205584747813
25213,25213,0.841494906983945,278,0,False,2,3.465026102497308
25214,25214,0.841498648536905,279,0,False,3,1.2502238541517998
25215,25215,0.83005481912797,280,0,False,2,2.8740963468986087
25216,25216,0.663251620492974,281,1,True,2,2.7908963038674917
25217,25217,0.663256013724415,282,1,True,2,2.7883487658372728
25218,25218,0.67467353949457,283,1,True,3,1.5678879273444966
25219,25219,0.67118134363185,284,1,True,3,1.5670935511326445
25220,25220,0.67118134363185,285,1,True,3,1.5657352447969943
25221,25221,0.67118134363185,286,1,True,3,1.564579377381733
25222,25222,0.670958567445233,287,1,True,3,1.5641077316133107
25223,25223,0.53011475072119,288,1,True,2,1.6473642193791334
25224,25224,0.708075166681314,289,1,True,3,1.6552241102628247
25225,25225,0.708075166681314,290,1,True,3,1.6576836715111125
25226,25226,0.708075166681314,291,1,True,3,1.657953621995055
25227,25227,0.708075166681314,292,1,True,3,1.6573392589391225
25288,25288,0.312817479673528,293,1,True,2,1.1205605849193063
25289,25289,0.318483299717112,294,1,True,2,1.1121521374944492
25290,25290,0.324723029260361,295,1,True,2,1.099355308668739
25291,25291,0.327237077451486,296,1,True,2,1.100336032659854
25292,25292,0.327914455666927,297,1,True,2,1.0973575885808853
25293,25293,0.696110045387859,298,1,True,3,1.5665600051057813
25294,25294,0.696110045387859,299,1,True,3,1.5654800483342002
25519,25519,0.276568853272028,300,0,False,1,1.0676818782919186
25520,25520,0.275724143585755,301,0,False,1,1.0716830522178677
25521,25521,0.286213987180567,302,0,False,1,1.2196706616414095
25522,25522,0.28581169258273,303,0,False,1,1.2219139157444046
25523,25523,0.284237686498426,304,0,False,1,1.2250829169223296
25524,25524,0.284378168001147,305,0,False,1,1.2252863708506945
25525,25525,0.286304175209927,306,0,False,1,1.2245016373575697
25526,25526,0.284910927815795,307,0,False,1,1.2262739425995517
25527,25527,0.284607319158055,308,0,False,1,1.22750264809872
25528,25528,0.284145181295288,309,0,False,1,1.2278930969454556
25529,25529,0.284668203380623,310,0,False,1,1.2280009854732585
25619,25619,0.944235587077885,311,0,False,3,1.4302828214561254
25620,25620,0.934897944885415,312,0,False,3,1.4343724611712583
25621,25621,0.934437983296021,313,0,False,3,1.4392698686535588
25622,25622,0.931328161997212,314,0,False,3,1.4397741269570214
25623,25623,0.940464490265365,315,0,False,3,1.437222800289508
25624,25624,0.939992463469815,316,0,False,3,1.4391353892082148
25625,25625,0.941100868484188,317,0,False,3,1.4405185917229981
25626,25626,0.941900196327277,318,0,False,3,1.4391692248654284
25627,25627,0.938912155401991,319,0,False,3,1.4336790365133472
25628,25628,0.75,320,2,True,3,2.749758655791941
25629,25629,0.75,321,2,True,3,2.7506088884403477
25630,25630,0.75,322,2,True,3,2.751610194545775
25631,25631,0.75,323,2,True,3,2.752535322641116
25632,25632,0.75,324,2,True,3,2.7533497898666464
25633,25633,0.75,325,2,True,3,2.75422997263988
25634,25634,0.75,326,2,True,3,2.7550241593311426
25635,25635,0.75,327,2,True,3,2.755731240176416
25636,25636,0.75,328,2,True,3,2.7562661183776096
25637,25637,0.75,329,2,True,3,2.757238207532475
25638,25638,0.75,330,2,True,3,2.757536116489543
25639,25639,0.75,331,2,True,3,2.7581674036127315
25640,25640,0.75,332,2,True,3,2.7586968871756357
25641,25641,0.75,333,2,True,3,2.759174516563076
25642,25642,0.75,334,2,True,3,2.759161833358207
25643,25643,0.75,335,2,True,3,2.759756723626143
25644,25644,0.75,336,2,True,3,2.760067029803491
25645,25645,0.75,337,2,True,3,2.760330137443687
25646,25646,0.75,338,2,True,3,2.7601530942740746
25647,25647,0.75,339,2,True,3,2.7602148052425193
25648,25648,0.75,340,2,True,3,2.760265921971138
25649,25649,0.75,341,2,True,3,2.760302842341496
25650,25650,0.75,342,2,True,3,2.7603206876189286
25651,25651,0.75,343,2,True,3,2.7606268157843
25652,25652,0.75,344,2,True,3,2.7602298341508895
25653,25653,0.75,345,2,True,3,2.7600882949829346
25654,25654,0.75,346,2,True,3,2.7599382109035173
25655,25655,0.75,347,2,True,3,2.7597679077827375
25656,25656,0.75,348,2,True,3,2.7595799565684214
25657,25657,0.75,349,2,True,3,2.759372889421536
25658,25658,0.75,350,2,True,3,2.759156305765661
25659,25659,0.75,351,2,True,2,1.7056169650702726
25660,25660,0.74999719400088,352,2,True,2,1.705032581870147
25661,25661,0.75,353,2,True,2,1.7049544848818239
25662,25662,0.75,354,2,True,3,2.758140981466544
25663,25663,0.75,355,2,True,2,1.7024882029170356
25664,25664,0.748987146661546,356,2,True,2,1.6992193030948894
25665,25665,0.748013214782828,357,2,True,2,1.6959356897822322
25666,25666,0.747051351748542,358,2,True,2,1.6926283877605348
25667,25667,0.746130980196483,359,2,True,2,1.6893480413001078
25668,25668,0.74520733735235,360,2,True,2,1.6857773429896183
25669,25669,0.744371389540161,361,2,True,2,1.6820175809518019
25670,25670,0.74392748973183,362,2,True,2,1.6799999214965189
25671,25671,0.74364096315003,363,2,True,2,1.6787489531477016
25672,25672,0.743366848608334,364,2,True,2,1.6783237167251666
25679,25679,0.260908112006662,365,1,True,2,1.801343703297234
25680,25680,0.260909396082833,366,1,True,2,1.8057015898630016
25681,25681,0.250321142964208,367,1,True,2,1.8511046231851747
25682,25682,0.25030980192852,368,1,True,2,1.8431373777036357
25683,25683,0.250304136253041,369,0,False,2,1.8364865902165945
25731,25731,0.847256112022233,370,0,False,3,1.2311071689988349
25732,25732,0.894326583981085,371,0,False,3,1.230767306726668
25733,25733,0.894317015654594,372,0,False,3,1.2291879753935215
25734,25734,0.902214870628039,373,0,False,3,1.229000787622366
25735,25735,0.902214870628039,374,0,False,3,1.229002326857363
25736,25736,0.929953782368112,375,0,False,3,1.2290191322510382
25737,25737,0.929702511764333,376,0,False,3,1.229026980704837
25738,25738,0.935146907360696,377,0,False,3,1.2289648002674083
25739,25739,0.939815433705245,378,0,False,3,1.2292877323539293
25740,25740,0.940620634026938,379,0,False,3,1.2296994884019619
25741,25741,0.941608543013757,380,0,False,3,1.2324901072505492
25742,25742,0.941921801822234,381,0,False,3,1.2345217026817261
25743,25743,0.943307907531977,382,0,False,3,1.2346315223046203
25744,25744,0.944153309613193,383,0,False,3,1.2350081108728665
25770,25770,0.495129164248725,384,2,True,2,1.8643142214796036
25771,25771,0.628005802968478,385,2,True,3,2.8402365959701585
25772,25772,0.666419823818717,386,1,True,3,2.4290568165846187
25773,25773,0.666192879096111,387,1,True,3,2.4336733574397122
25774,25774,0.658009792403861,388,1,True,3,2.4396984647437354
25775,25775,0.661648105114822,389,1,True,3,2.4535615688351085
25776,25776,0.673263978903055,390,1,True,3,2.456248485436274
25777,25777,0.676054963948749,391,1,True,3,2.4644102470404854
25778,25778,0.676054963948749,392,1,True,3,2.4712862925441086
25779,25779,0.676054963948749,393,1,True,3,2.4785255306772016
25780,25780,0.676054963948749,394,1,True,3,2.488721180822503
25781,25781,0.679112025541895,395,1,True,3,2.500029327857406
25782,25782,0.68018675258326,396,1,True,3,2.5426968745621825
25783,25783,0.691407238310506,397,1,True,3,2.550670068884002
25784,25784,0.691407238310506,398,1,True,3,2.563055663973118
26074,26074,0.907754563111601,399,0,False,3,1.3192151709068332
26075,26075,0.907754563111601,400,0,False,3,1.320840468888926
26076,26076,0.907754563111601,401,0,False,3,1.3235741967740378
26077,26077,0.905028023211578,402,0,False,3,1.327362347498212
26078,26078,0.85982950948044,403,0,False,2,2.8144248512304406
26079,26079,0.85948873772156,404,0,False,2,2.8165287867223867
26080,26080,0.859452953907428,405,0,False,2,2.8194611040560273
26081,26081,0.859403074719772,406,0,False,2,2.8232963138198683
26082,26082,0.840099175580192,407,0,False,2,2.8617811449901547
26083,26083,0.819742343772097,408,0,False,2,2.869211798652266
26084,26084,0.816763398245626,409,0,False,2,2.885127864975594
26085,26085,0.811632656353482,410,0,False,2,2.885688660491035
26086,26086,0.762507955269812,411,1,True,2,2.9000224266908496
26087,26087,0.748993041153816,412,2,True,2,1.7562234119283442
26088,26088,0.748918629529169,413,2,True,2,1.762804610882895
26089,26089,0.748832807122799,414,2,True,2,1.774090042136592
26090,26090,0.748498243785949,415,2,True,2,1.8040718094652328
26091,26091,0.748280781478877,416,2,True,2,1.8190431224332284
26092,26092,0.5,417,3,True,1,2.3085745602864485
26155,26155,0.73380196224559,418,2,True,2,1.5744636702944521
26156,26156,0.734918974399323,419,2,True,2,1.57162946662239
26157,26157,0.735766543348698,420,2,True,2,1.5712766038124855
26158,26158,0.736587420122796,421,2,True,2,1.5708812656406406
26159,26159,0.737398300263033,422,2,True,2,1.5705070819911289
26160,26160,0.738198413169432,423,2,True,2,1.5700829539215322
26161,26161,0.738976755472901,424,2,True,2,1.5696149018197494
26162,26162,0.739744899271866,425,2,True,2,1.5691010644892718
26163,26163,0.740501263587844,426,2,True,2,1.5685639640954987
26164,26164,0.741236824588711,427,2,True,2,1.5679905676297516
26165,26165,0.741959511276728,428,2,True,2,1.567402037887948
26166,26166,0.742654397215246,429,2,True,2,1.5667422661957304
26167,26167,0.743308916505608,430,2,True,2,1.5660000757550565
26168,26168,0.74367946600045,431,2,True,2,1.5646241897103583
26169,26169,0.744006995661762,432,2,True,2,1.564253122498127
26170,26170,0.744332337300916,433,2,True,2,1.563869609955551
26171,26171,0.74465471673461,434,2,True,2,1.5634769811795872
26172,26172,0.744968719041999,435,2,True,2,1.5630726277925941
26173,26173,0.745279788503219,436,2,True,2,1.5626664530784282
26174,26174,0.745586079281534,437,2,True,2,1.5622509606181458
26175,26175,0.745892482769599,438,2,True,2,1.561835872245384
26176,26176,0.746194752476304,439,2,True,2,1.5614143970161405
26177,26177,0.746492746013717,440,2,True,2,1.5609814313073358
26178,26178,0.746787128155886,441,2,True,2,1.5605455964152324
26179,26179,0.747078260499782,442,2,True,2,1.5601026461459881
26180,26180,0.747366195974364,443,2,True,2,1.5596538229999437
26181,26181,0.74765018033878,444,2,True,2,1.5591790456454548
26182,26182,0.747926595482659,445,2,True,2,1.5586863306603636
26183,26183,0.74819883245867,446,2,True,2,1.5581881578843748
26184,26184,0.748467364771959,447,2,True,2,1.5576846899085606
26185,26185,0.748731668683199,448,2,True,2,1.5571663377975398
26186,26186,0.748992247475762,449,2,True,2,1.556632014500893
26187,26187,0.749248889000126,450,2,True,2,1.5560904910708786
26188,26188,0.749502402558486,451,2,True,2,1.5555485243279845
26189,26189,0.74975259225201,452,2,True,2,1.5549895484879568
26190,26190,0.75,453,2,True,2,1.554419937855644
26191,26191,0.75,454,2,True,3,2.7041687316149945
26192,26192,0.75,455,2,True,3,2.703878661539318
26193,26193,0.75,456,2,True,2,1.551174925179966
26194,26194,0.749999590698176,457,2,True,2,1.5500864242852195
26195,26195,0.75,458,2,True,2,1.5489637892912338
26196,26196,0.75,459,2,True,3,2.7027119999001035
26197,26197,0.75,460,2,True,3,2.7024165314598605
26198,26198,0.75,461,2,True,3,2.702120678750072
26199,26199,0.75,462,2,True,3,2.7018389007695958
26200,26200,0.75,463,2,True,3,2.7015423682203523
26201,26201,0.75,464,2,True,3,2.7012642624979697
26202,26202,0.75,465,2,True,3,2.7009893210730187
26203,26203,0.75,466,2,True,3,2.7006527881159794
26204,26204,0.75,467,2,True,3,2.7267350548818703
26205,26205,0.75,468,2,True,2,1.6208244912146441
26206,26206,0.748573308304414,469,2,True,2,1.616315934778899
26207,26207,0.748272096358696,470,2,True,2,1.6218403817316274
26208,26208,0.746703761721183,471,2,True,2,1.6197016179722565
26209,26209,0.745714883438084,472,2,True,2,1.618107290630168
26210,26210,0.745051742528877,473,2,True,2,1.6216404886727696
26211,26211,0.743458415553544,474,2,True,2,1.6159330591292154
26212,26212,0.743175538233231,475,2,True,2,1.6162884524503576
26213,26213,0.742611980867928,476,2,True,2,1.6204241995604092
26214,26214,0.740724009332951,477,2,True,2,1.6181901443760307
26215,26215,0.738982272529227,478,2,True,2,1.6154844603207876
26216,26216,0.73746486531557,479,2,True,2,1.607903262867859
26217,26217,0.737332444743698,480,2,True,2,1.6095772477159005
26218,26218,0.736689890102082,481,2,True,2,1.6068551002262994
26219,26219,0.75,482,2,True,3,2.7165235865590747
26220,26220,0.75,483,2,True,3,2.7171820068859605
26221,26221,0.75,484,2,True,3,2.7180019651186367
26222,26222,0.75,485,2,True,3,2.7187867316939327
26223,26223,0.75,486,2,True,3,2.719686572978334
26224,26224,0.75,487,2,True,2,1.6058598310102983
26225,26225,0.749943923722734,488,2,True,2,1.6081340935348702
26226,26226,0.749887056150262,489,2,True,2,1.6104907983436294
26227,26227,0.749829363942569,490,2,True,2,1.6125136021535047
26228,26228,0.749779218804392,491,2,True,2,1.6147745341783106
26229,26229,0.749726999941243,492,2,True,2,1.6169317984743943
26230,26230,0.749677818131842,493,2,True,2,1.6188329200206268
26231,26231,0.749635245828631,494,2,True,2,1.6209858687222805
26232,26232,0.749590235726554,495,2,True,2,1.6229113415127028
26233,26233,0.749548163766541,496,2,True,2,1.6243493012336576
26234,26234,0.74952010505469,497,2,True,2,1.62627548747979
26235,26235,0.749487792063917,498,2,True,2,1.627871565347782
26236,26236,0.749462007035988,499,2,True,2,1.6294358475814976
26237,26237,0.749441854393208,500,2,True,2,1.6309903424502015
26238,26238,0.749425252215705,501,2,True,2,1.6323698968488474
26239,26239,0.749416343681163,502,2,True,2,1.6338314571309203
26240,26240,0.749409811505165,503,2,True,2,1.6350566991108244
26241,26241,0.749414368313188,504,2,True,2,1.6364306962938737
26242,26242,0.749422888844015,505,2,True,2,1.637642922533711
26243,26243,0.74943590552136,506,2,True,2,1.6386273321515865
26244,26244,0.749461277441605,507,2,True,2,1.6397770172135426
26245,26245,0.749487886021786,508,2,True,2,1.6405643463333182
26246,26246,0.749524753698129,509,2,True,2,1.6414306432091257
26247,26247,0.74957637063871,510,2,True,2,1.642427296441743
26248,26248,0.74962984491897,511,2,True,2,1.6430818180733158
26249,26249,0.749693008965202,512,2,True,2,1.643771961298196
26250,26250,0.749772305086754,513,2,True,2,1.6445460442215805
26251,26251,0.749855590348669,514,2,True,2,1.6450417355169318
26252,26252,0.749904566076364,515,2,True,2,1.6447826824565772
26253,26253,0.75,516,2,True,2,1.6457082721782321
26254,26254,0.75,517,2,True,3,2.735013204139287
26255,26255,0.75,518,2,True,3,2.7351319818479785
26256,26256,0.431803689474465,519,2,True,2,1.1173624496823182
26257,26257,0.42937418300656,520,2,True,2,1.1169669700057048
26258,26258,0.423597793729992,521,2,True,2,1.1236493859228402
26259,26259,0.400514351324434,522,2,True,2,1.2114158279171128
26260,26260,0.397930530889676,523,2,True,2,1.2115384944617034
26261,26261,0.387701038165801,524,2,True,2,1.2303095071472712
26262,26262,0.384071406151389,525,2,True,2,1.2296249346805652
26263,26263,0.378927206928493,526,2,True,2,1.2377396067120854
26264,26264,0.377523420222722,527,2,True,2,1.2354021436119849
26265,26265,0.379298716719302,528,2,True,2,1.2322734826506119
26266,26266,0.375807766575411,529,1,True,2,1.229572297815944
26267,26267,0.706844308484938,530,2,True,2,1.3954198153431752
26268,26268,0.705262384776458,531,2,True,2,1.38932631513094
26269,26269,0.70607668005248,532,2,True,2,1.3900720880803348
26270,26270,0.708683294714846,533,2,True,2,1.3970744672633595
26271,26271,0.716088594422464,534,2,True,2,1.4170548247135004
26272,26272,0.717080864479772,535,2,True,2,1.4190473362105114
26273,26273,0.718379117611834,536,2,True,2,1.4219850959355909
26274,26274,0.722075804751658,537,2,True,2,1.4332512984442072
26275,26275,0.75,538,2,True,3,2.699160683677995
26276,26276,0.75,539,2,True,3,2.698949335499894
26277,26277,0.75,540,2,True,3,2.698729033524879
26278,26278,0.75,541,2,True,3,2.6984970297973865
26279,26279,0.75,542,2,True,3,2.69830106158322
26280,26280,0.75,543,2,True,3,2.6979573611284713
26281,26281,0.75,544,2,True,3,2.697750676092322
26282,26282,0.75,545,2,True,3,2.6975692731811094
26283,26283,0.75,546,2,True,3,2.6972746799977223
26284,26284,0.75,547,2,True,3,2.696933679106421
26285,26285,0.674620947576904,548,2,True,2,1.299318156661442
26286,26286,0.673703464845845,549,2,True,2,1.2956180134875375
26287,26287,0.676016721261398,550,2,True,2,1.2955582721965022
26288,26288,0.674803063806787,551,2,True,2,1.29099921594347
26289,26289,0.673475036846717,552,2,True,2,1.2855335885966614
26290,26290,0.67352824497824,553,2,True,2,1.2850211946155423
26291,26291,0.673230460252956,554,2,True,2,1.2838969304118657
26292,26292,0.672931333345604,555,2,True,2,1.282756656397991
26293,26293,0.676192861960548,556,2,True,2,1.2868356918802464
26294,26294,0.675893872351805,557,2,True,2,1.2856946008687329
26295,26295,0.675603518111939,558,2,True,2,1.2845267134414498
26296,26296,0.675539802168629,559,2,True,2,1.284195488114802
26297,26297,0.675325895769946,560,2,True,2,1.2834740249978909
26298,26298,0.649430404924848,561,1,True,2,1.233589018104552
26299,26299,0.660177911341681,562,1,True,2,1.2472386450142774
26300,26300,0.761689868258689,563,1,True,3,1.9274414988234074
26301,26301,0.766600226458562,564,1,True,3,1.9279867300044478
26302,26302,0.766600226458562,565,1,True,3,1.928279363882968
26303,26303,0.766600226458562,566,1,True,3,1.9285145019123058
26304,26304,0.860623765996008,567,0,False,3,1.2370790367732432
26305,26305,0.860623765996008,568,0,False,3,1.2363206098359587
26306,26306,0.766600226458562,569,1,True,3,1.9275835951788856
26307,26307,0.711356072127359,570,1,True,2,2.453559522304586
26308,26308,0.702130524598118,571,1,True,2,2.449131382985128
26309,26309,0.686882825087921,572,1,True,2,2.438573884612952
26310,26310,0.678514192146591,573,1,True,2,2.434210538185923
26311,26311,0.654353427285143,574,2,True,2,1.2823306973943427
26312,26312,0.643517080814455,575,2,True,2,1.2573356295616438
26313,26313,0.636121403660611,576,2,True,2,1.2469055479579054
26314,26314,0.633031820406724,577,2,True,2,1.242511276799083
26315,26315,0.630122004502682,578,2,True,2,1.2380850614462686
26316,26316,0.621882999443414,579,2,True,2,1.2272902295927992
26317,26317,0.622113343407122,580,2,True,2,1.2269286155733998
26318,26318,0.622554694957741,581,2,True,2,1.2259915029574515
26319,26319,0.621712883549052,582,2,True,2,1.225037196904425
26320,26320,0.619860263226233,583,2,True,2,1.2208543173180797
26321,26321,0.618400596759488,584,2,True,2,1.2176720988005791
26322,26322,0.614576690668917,585,2,True,2,1.2117627920718503
26323,26323,0.609017006276021,586,1,True,2,1.2019226871073796
26324,26324,0.60829513350125,587,1,True,2,1.200672250809087
26325,26325,0.601607692305422,588,1,True,2,1.1923515787500185
26337,26337,0.583333333333333,589,3,True,2,1.3145510763356172
26338,26338,0.583332303874718,590,3,True,2,1.3115523908474354
26339,26339,0.583331897852152,591,3,True,2,1.3112938627653488
26340,26340,0.583331876275294,592,3,True,2,1.310675624084172
26341,26341,0.583332215052538,593,3,True,2,1.3097749986426699
26342,26342,0.583333333333333,594,3,True,2,1.3089634872629752
26343,26343,0.583333333333333,595,3,True,3,2.8969260260194907
26344,26344,0.583333333333333,596,3,True,3,2.89504232415681
26345,26345,0.583333333333333,597,3,True,3,2.8949837960747278
26347,26347,0.260479363617741,598,0,False,1,1.086147580078951
26348,26348,0.266182301614145,599,0,False,1,1.0819443193454963
26349,26349,0.264771366804138,600,0,False,1,1.0827421657615344
26350,26350,0.26727625763985,601,0,False,1,1.0858207846736236
26351,26351,0.267309511928501,602,0,False,1,1.0828149352204581
26352,26352,0.267021917446861,603,0,False,1,1.0777558101621854
26353,26353,0.268678697515957,604,0,False,1,1.0746078472511364
26354,26354,0.272385800818598,605,0,False,1,1.0669693735059547
26355,26355,0.272873185476851,606,0,False,1,1.0635039121625527
26356,26356,0.272725362300996,607,0,False,1,1.0551494302123414
26357,26357,0.270613353914482,608,0,False,1,1.0503375928897114
26358,26358,0.270768864528224,609,0,False,1,1.0498802994572065
26359,26359,0.271169985447174,610,0,False,1,1.0480286438934605
26360,26360,0.271801177276031,611,0,False,1,1.0451113540405454
26361,26361,0.267899773850802,612,0,False,1,1.0434997634985292
26362,26362,0.268385489977794,613,0,False,1,1.041247160499286
26363,26363,0.272474086816595,614,0,False,1,1.0355873412689733
26364,26364,0.27292064117075,615,0,False,1,1.0337786733757424
26365,26365,0.279262173294056,616,0,False,1,1.0321021037332647
26366,26366,0.278997097800441,617,0,False,1,1.028510406228519
26367,26367,0.281294869142764,618,0,False,1,1.0247828601578193
26368,26368,0.283423849654392,619,0,False,1,1.023245962240147
26369,26369,0.284204553343364,620,0,False,1,1.0194412120785712
26370,26370,0.285491569197472,621,0,False,1,1.015588392316316
26371,26371,0.285849483890437,622,0,False,1,1.011155976717175
26372,26372,0.289728381613987,623,0,False,1,1.0099461484908885
26373,26373,0.290155328252539,624,0,False,1,1.0090677474184002
26374,26374,0.28842348050799,625,0,False,1,1.0041731935526528
26375,26375,0.376029499052515,626,1,True,1,0.6513997474727569
26376,26376,0.377217687281807,627,1,True,1,0.646756298106599
26377,26377,0.376546900204378,628,1,True,1,0.6422678805634944
26378,26378,0.696110045387859,629,1,True,3,1.6467571254684061
26379,26379,0.696110045387859,630,1,True,3,1.645590208720446
26380,26380,0.256524393430605,631,1,True,2,1.8705888333077483
26381,26381,0.260267181858911,632,1,True,2,1.8747986262317893
26382,26382,0.253355056770408,633,1,True,1,1.8999150937287048
26383,26383,0.251116288942682,634,1,True,1,1.9026965618078118
26384,26384,0.250079387737574,635,1,True,1,1.902698606215192
26385,26385,0.250576818524731,636,1,True,1,1.9012215898688896
26432,26432,0.652909212070877,637,0,False,2,1.4001109140509715
26433,26433,0.664248218703235,638,0,False,2,1.4125444214580476
26434,26434,0.663161382213254,639,0,False,2,1.4153102700615288
26435,26435,0.662658412172882,640,0,False,2,1.4138922223827683
26436,26436,0.660994931283265,641,0,False,2,1.4046291608805606
26437,26437,0.624669508316897,642,0,False,2,1.190175855286846
26438,26438,0.62465456736733,643,0,False,2,1.187903159864445
26439,26439,0.629418169557046,644,0,False,2,1.1898744045945755
26440,26440,0.629701907681995,645,0,False,2,1.1872790571842706
26441,26441,0.632467098384694,646,0,False,2,1.1863304541137816
26442,26442,0.641660478488203,647,0,False,2,1.1134161056634135
26443,26443,0.644612112844056,648,0,False,2,1.131597558901569
26444,26444,0.645409505170599,649,0,False,2,1.1320169579685544
26445,26445,0.646161944157996,650,0,False,2,1.1310694106058854
26446,26446,0.658500676419723,651,0,False,2,1.1367526821607212
26452,26452,0.337233845952939,652,0,False,2,3.8678079088637283
26453,26453,0.337102059672702,653,0,False,2,3.8695722049068073
26454,26454,0.337031065333814,654,0,False,2,3.869867038987664
26455,26455,0.33419456465598,655,0,False,2,3.824219709310491
26456,26456,0.334040456794082,656,0,False,2,3.8264512859102062
26457,26457,0.333962484215988,657,0,False,2,3.826906283158897
26458,26458,0.333886063314846,658,0,False,2,3.8273441200259692
26459,26459,0.333810344910129,659,0,False,2,3.8277521129599235
26460,26460,0.332030704022127,660,0,False,2,3.8299574689918883
26461,26461,0.331952327315158,661,0,False,2,3.8303733328017064
26462,26462,0.331871894398265,662,0,False,2,3.8308161573960606
26463,26463,0.331789914363179,663,0,False,2,3.831226834914057
26464,26464,0.331399373211186,664,0,False,2,3.8322059503290875
26465,26465,0.331309737684606,665,0,False,2,3.8328308688851043
26466,26466,0.331223821085578,666,0,False,2,3.833415383249674
26467,26467,0.33113978272143,667,0,False,2,3.833961855415101
26468,26468,0.305599609242061,668,0,False,2,3.554910773648457
26469,26469,0.305515754774532,669,0,False,2,3.5554731600258047
26470,26470,0.305428846582193,670,0,False,2,3.55625274852336
26471,26471,0.305347824511386,671,0,False,2,3.5569370759697714
26472,26472,0.301113904324525,672,0,False,2,3.5626654737571797
26473,26473,0.301039699546703,673,0,False,2,3.563332110235877
26474,26474,0.300969573841918,674,0,False,2,3.563966877191424
26475,26475,0.300902890174392,675,0,False,2,3.564551167664296
26476,26476,0.300838067178388,676,0,False,2,3.565241628885878
26477,26477,0.300781721549728,677,0,False,2,3.565639458017913
26478,26478,0.300947329776564,678,0,False,2,2.138522087786986
26479,26479,0.300986166193857,679,0,False,2,2.1371567340673256
26480,26480,0.300980936074161,680,0,False,2,2.136494551725776
26481,26481,0.300932747708755,681,0,False,2,2.1365860928316
26482,26482,0.300897933866633,682,0,False,2,2.13613883742915
26636,26636,0.427345425195479,683,1,True,1,1.0236597133874898
26637,26637,0.428913460983234,684,1,True,1,1.0169208528868001
26638,26638,0.428450810366751,685,1,True,1,1.0128245220046184
26639,26639,0.427594696366908,686,1,True,1,1.0082578002615654
26640,26640,0.426661590843271,687,1,True,1,1.0036840028392933
26641,26641,0.432964448455169,688,1,True,1,1.0004386189524683
26642,26642,0.432181637572596,689,1,True,1,0.996805993585433
26643,26643,0.431671637327268,690,1,True,1,0.9940462370892506
26644,26644,0.43104539471468,691,1,True,1,0.9911532599651594
26645,26645,0.43021300901522,692,1,True,1,0.9879958368595578
26646,26646,0.425804810467482,693,1,True,1,0.9841149506550673
26647,26647,0.428613587944381,694,1,True,1,0.9877341687485763
26648,26648,0.428028979258834,695,1,True,1,0.9833454629435472
26649,26649,0.427310749536493,696,1,True,1,0.979499378563148
26650,26650,0.431111094163924,697,1,True,1,0.9800449511351782
26651,26651,0.430285302515685,698,1,True,1,0.9780239753844832
26652,26652,0.429521363393587,699,1,True,1,0.9764322824234495
26653,26653,0.426490019257308,700,1,True,1,0.9737370340065542
26654,26654,0.429021858337377,701,1,True,1,0.9751166964709651
26655,26655,0.427876586542626,702,1,True,1,0.9734441389722784
26656,26656,0.427143132126952,703,1,True,1,0.9732591740002674
26657,26657,0.426830250957764,704,1,True,1,0.9743313678701011
26658,26658,0.423537980755144,705,0,False,1,0.9735354151311777
26659,26659,0.422979435657081,706,0,False,1,0.9741081852325179
26660,26660,0.422996645879959,707,0,False,1,0.9760805492792356
26661,26661,0.422718498393726,708,0,False,1,0.978231305799495
26662,26662,0.424024101269469,709,0,False,1,0.9825120469914516
26663,26663,0.424200892094301,710,0,False,1,0.9902483916059515
26664,26664,0.3377675636978,711,0,False,1,1.252064775387483
26762,26762,0.756635524459057,712,1,True,2,2.2007556777682526
26763,26763,0.756641240662522,713,1,True,2,2.1909507291212833
26764,26764,0.749944096753857,714,2,True,2,1.96428458378836
26765,26765,0.754789177217671,715,1,True,2,2.037170911524983
26766,26766,0.754807804859227,716,1,True,2,2.0274221799580925
26767,26767,0.754836301004196,717,1,True,2,2.0187086536604233
26768,26768,0.762883031307945,718,1,True,3,2.468631432083534
26769,26769,0.764926920568644,719,1,True,3,2.47175533129049
26770,26770,0.764986869158819,720,1,True,3,2.1762469975042285
26771,26771,0.76300755624286,721,1,True,3,2.1709890646634156
26772,26772,0.764986869158819,722,1,True,3,2.169789333650203
26773,26773,0.764986869158819,723,1,True,3,2.16752975444729
26774,26774,0.764986869158819,724,1,True,3,2.164383796614502
26775,26775,0.764986869158819,725,1,True,3,2.158347438785736
26776,26776,0.764986869158819,726,1,True,3,2.151253404891523
26777,26777,0.802614067112694,727,1,True,3,2.155965984487722
26778,26778,0.750189638207455,728,1,True,2,1.6155943106221626
26779,26779,0.750178203920116,729,1,True,2,1.8057907609254658
26780,26780,0.75017417308357,730,1,True,2,1.8015138444934642
26781,26781,0.750156370685402,731,1,True,2,1.7997501459895535
26782,26782,0.750085044024075,732,1,True,2,1.8014482028777918
26783,26783,0.749935589146995,733,1,True,2,1.8026008079392586
26784,26784,0.74991800938593,734,1,True,2,1.8022428905024979
26785,26785,0.749901607601529,735,1,True,2,1.8021171595773482
26786,26786,0.749886956068127,736,1,True,2,1.8012632648852098
26787,26787,0.780253810984549,737,0,False,2,2.928432341158917
26788,26788,0.780221582161884,738,0,False,2,2.93352035744634
26789,26789,0.783576780787299,739,0,False,2,3.14921898740279
26790,26790,0.782317974372556,740,0,False,2,2.8069125828676316
26791,26791,0.784986441416288,741,0,False,2,2.7982210639201037
26847,26847,0.527865662088236,742,0,False,2,2.3813660338053966
26848,26848,0.537630628871053,743,0,False,2,2.167877563706458
26849,26849,0.597845463737086,744,0,False,2,2.408794042136014
26850,26850,0.571990281594573,745,0,False,1,2.3541844711035838
26851,26851,0.55180631697169,746,0,False,1,2.290138101736566
26852,26852,0.538510352736123,747,0,False,1,2.2797856922371955
26853,26853,0.532525939649905,748,0,False,1,2.3253948800780253
27147,27147,0.334356125448365,749,0,False,2,1.0097876701681587
27148,27148,0.334302492366285,750,0,False,2,1.0034873549528767
27192,27192,0.706666592411119,751,1,True,2,1.31162881803672
27193,27193,0.707298858636392,752,1,True,2,1.3124787694698463
27194,27194,0.736335464140403,753,1,True,2,1.294986423369463
27195,27195,0.78614322155071,754,0,False,2,2.6525225175135136
27196,27196,0.786798270285817,755,0,False,2,2.6531380701508653
27197,27197,0.863262936670879,756,0,False,3,1.2833014586431757
27198,27198,0.862318525633677,757,0,False,3,1.289775444161444
27199,27199,0.862318525633677,758,0,False,3,1.2914612044704175
27200,27200,0.865971634538066,759,0,False,3,1.2925825118623742
27201,27201,0.865971634538066,760,0,False,3,1.2938951482516567
27202,27202,0.865971634538066,761,0,False,3,1.294851649143122
27203,27203,0.877239029028592,762,0,False,3,1.2962093849856882
27204,27204,0.902353813299687,763,0,False,3,1.2977988065627701
27205,27205,0.88020308157881,764,0,False,2,2.758450416183065
27206,27206,0.88020308157881,765,0,False,2,2.758401588760177
27209,27209,0.325432721439106,766,0,False,1,2.047490019520938
27210,27210,0.326389365683448,767,0,False,1,2.0628958900620615
27211,27211,0.295644417945139,768,0,False,1,2.0589035216622316
27212,27212,0.296151561815504,769,0,False,1,2.059133682145744
27213,27213,0.305111310187843,770,0,False,1,2.078153951859148
27214,27214,0.344073345410165,771,0,False,1,2.158562679886114
27215,27215,0.348479122580741,772,0,False,1,2.1992761021593386
27216,27216,0.348208412723947,773,0,False,1,2.2124454952347117
27253,27253,0.564882540581275,774,1,True,2,2.4807085697770574
27254,27254,0.563200930203619,775,1,True,2,2.406209276415969
27255,27255,0.559023386272783,776,1,True,2,2.2477122488409225
27256,27256,0.558658069356498,777,1,True,2,2.2478758647969626
27257,27257,0.558378805883123,778,1,True,2,2.247921922329711
27258,27258,0.558197895757824,779,1,True,2,2.247889839071688
27259,27259,0.551472362380464,780,1,True,2,1.8552958001525215
27260,27260,0.551171892983762,781,1,True,2,1.8552404079750027
27261,27261,0.550992017633927,782,1,True,2,1.8558052335085686
27262,27262,0.550666788624752,783,1,True,2,1.856469755440779
27263,27263,0.546660140843601,784,1,True,2,1.9075015459331055
27273,27273,0.870526030502879,785,0,False,3,1.4758398977777647
27274,27274,0.870526030502879,786,0,False,3,1.4685235314546585
27376,27376,0.421303819520021,787,0,False,2,3.394850944492383
27377,27377,0.420358731936473,788,0,False,2,3.401918606982303
27378,27378,0.420650096609212,789,0,False,2,3.3983091353573847
27379,27379,0.422893106157776,790,0,False,2,3.3862200701702316
27380,27380,0.423063966275717,791,0,False,2,3.3896711982990655
27381,27381,0.414165560569744,792,0,False,2,3.3933573310311407
27382,27382,0.417897791049591,793,0,False,2,3.3820463173273523
27383,27383,0.416530700233325,794,0,False,2,3.382664825421623
27385,27385,0.404196541582463,795,0,False,2,3.3988251284351296
27386,27386,0.441148703189562,796,0,False,2,3.370601829827427
27387,27387,0.46634550890736,797,0,False,2,3.52353183033613
27388,27388,0.51588411333108,798,0,False,2,3.6572058200173827
27389,27389,0.516790762462479,799,0,False,2,3.6670850502315777
27390,27390,0.519783194982609,800,1,True,2,3.671761119855845
27626,27626,0.765922830122342,801,1,True,3,1.9606290174115477
27627,27627,0.764986869158819,802,1,True,3,1.961580391205775
27628,27628,0.764986869158819,803,1,True,3,1.9635383563446442
27629,27629,0.764986869158819,804,1,True,2,2.61917906462473
27630,27630,0.763003052791825,805,1,True,2,2.6196400995540596
27631,27631,0.763002711596894,806,1,True,2,2.6206960075325263
27632,27632,0.763003374841021,807,1,True,2,2.62168598118184
27633,27633,0.763005244242625,808,1,True,2,2.622617138621205
27634,27634,0.76300755624286,809,1,True,2,2.623084918243891
27635,27635,0.76300755624286,810,1,True,3,1.9689904957050548
27636,27636,0.76300755624286,811,1,True,3,1.9693295351856464
27637,27637,0.76300755624286,812,1,True,3,1.9696323888809115
27638,27638,0.76300755624286,813,1,True,3,1.9698269137156426
27639,27639,0.76300755624286,814,1,True,3,1.9700015958742512
27640,27640,0.76300755624286,815,1,True,3,1.970131038036475
27641,27641,0.76300755624286,816,1,True,3,1.9701960899192625
27642,27642,0.76300755624286,817,1,True,3,1.9702188117425603
27643,27643,0.76300755624286,818,1,True,3,1.9701484252836383
27644,27644,0.425866797941547,819,1,True,2,2.369436612625024
27645,27645,0.424783093804439,820,1,True,2,2.368830419581207
27646,27646,0.421989325011778,821,1,True,2,2.3681993027699044
27647,27647,0.422571688412681,822,1,True,2,2.365333397441892
27648,27648,0.422375071587854,823,1,True,2,2.362871476213583
27649,27649,0.42317250609003,824,1,True,2,2.360271392317592
27650,27650,0.426005531873722,825,1,True,2,2.358849876794293
27651,27651,0.943127242320501,826,0,False,3,1.2289619528937925
27652,27652,0.943301554882216,827,0,False,3,1.2289291857025713
27653,27653,0.948298093856733,828,0,False,3,1.2289416997862173
27654,27654,0.949472887976037,829,0,False,3,1.228930099685009
27655,27655,0.950466451257372,830,0,False,3,1.228936113459613
27656,27656,0.950480562257664,831,0,False,3,1.2289391291295204
27657,27657,0.950398407835694,832,0,False,3,1.2289812914979283
27658,27658,0.945484023283147,833,0,False,3,1.2289460210642027
27659,27659,0.945484023283147,834,0,False,3,1.2289315381636898
27660,27660,0.945484023283147,835,0,False,3,1.2289375250536863
27661,27661,0.945003253766652,836,0,False,3,1.22893753390087
27662,27662,0.945003253766652,837,0,False,3,1.228995644947291
27663,27663,0.944451072412309,838,0,False,3,1.2290172098630538
27664,27664,0.777784405745642,839,1,True,3,1.5527462638759615
27665,27665,0.568880322464473,840,1,True,2,1.4448498350882837
27666,27666,0.564604477382066,841,1,True,2,1.3228806481253734
27667,27667,0.568613388084621,842,1,True,2,1.443154628440452
27668,27668,0.762883031307945,843,1,True,3,1.9588527298095
27669,27669,0.762883031307945,844,1,True,3,1.958940831038165
27670,27670,0.762883031307945,845,1,True,3,1.9583215477376805
27671,27671,0.762883031307945,846,1,True,2,2.5299579847486933
27672,27672,0.761355332696148,847,1,True,2,2.529947151149189
27673,27673,0.761355940044271,848,1,True,2,2.5299427761401847
27674,27674,0.761355940044271,849,1,True,3,1.9581717997131294
27675,27675,0.783430404110321,850,0,False,3,1.2831575223236733
27676,27676,0.783430404110321,851,0,False,3,1.2798137490242965
27677,27677,0.814488987240307,852,0,False,2,3.4276666964530573
27678,27678,0.814488987240307,853,0,False,2,3.42698278466437
27679,27679,0.801146310641721,854,0,False,2,2.7010778438264995
27680,27680,0.797896834164976,855,0,False,2,2.6965441613150873
27681,27681,0.788891479875277,856,0,False,2,2.6851310879398516
27682,27682,0.786195783392509,857,0,False,2,2.688132542525611
27716,27716,0.527967526090507,858,0,False,2,1.2501765586214828
27717,27717,0.517573703755315,859,0,False,2,1.2628056357109645
27718,27718,0.512913077713413,860,0,False,2,1.2477953556612515
27719,27719,0.515263615369752,861,0,False,2,1.2242741950520537
27720,27720,0.509096030523416,862,0,False,2,1.2298623139911524
27721,27721,0.528982840101982,863,0,False,2,1.1424147253192842
27722,27722,0.482250469768413,864,0,False,2,1.2489051516740846
27723,27723,0.471827125998294,865,0,False,2,1.2520484703075858
27724,27724,0.454935154561006,866,0,False,2,1.2662373886051106
27725,27725,0.430487848185638,867,0,False,2,1.3068039331089676
27726,27726,0.406110692686738,868,0,False,2,1.3520182327394517
27727,27727,0.380415689981454,869,0,False,2,1.4236090056360664
27728,27728,0.266037356224641,870,0,False,2,1.082476958645395
27734,27734,0.53615212498478,871,2,True,2,1.152576450452213
27735,27735,0.637743358287434,872,2,True,3,2.1473372416727448
27736,27736,0.637743358287434,873,2,True,3,2.148449197421763
27737,27737,0.683436728029156,874,1,True,3,1.5605230347213144
27738,27738,0.683436728029156,875,1,True,3,1.5620589585786402
27739,27739,0.690713353451076,876,1,True,3,1.564414357629041
27740,27740,0.693528621437965,877,1,True,3,1.567209490978675
27741,27741,0.696110045387859,878,1,True,3,1.5727574061705203
27742,27742,0.713369012283337,879,1,True,3,1.5785974296311232
27743,27743,0.773832797661984,880,1,True,3,1.5860394411854426
27744,27744,0.944111958826324,881,0,False,3,1.2644795040854488
27745,27745,0.358879826155299,882,3,True,2,1.3672366506592775
27746,27746,0.358877083761427,883,3,True,2,1.3665137845288726
27747,27747,0.358877625446045,884,3,True,2,1.3660716595879618
27748,27748,0.358876799882243,885,3,True,2,1.3653438526623707
27749,27749,0.358875813793761,886,3,True,2,1.3646590319161631
27750,27750,0.358878506638708,887,3,True,2,1.3629055885133021
27751,27751,0.358879165955667,888,3,True,2,1.3624104236122339
27752,27752,0.358896455277703,889,3,True,2,1.3622578593179961
27753,27753,0.358912036837375,890,3,True,2,1.3596897470388656
27754,27754,0.358934498502042,891,3,True,2,1.3570873155496157
27755,27755,0.583333333333333,892,3,True,3,2.913350274752603
27756,27756,0.583333333333333,893,3,True,3,2.9066468533426755
27757,27757,0.583333333333333,894,3,True,3,2.9061898102994643
27758,27758,0.583333333333333,895,3,True,3,2.905830438157662
27759,27759,0.583333333333333,896,3,True,3,2.881387092599528
27760,27760,0.583333333333333,897,3,True,3,2.878657402892442
27761,27761,0.583333333333333,898,3,True,3,2.8773927299910347
27762,27762,0.583333333333333,899,3,True,3,2.877201484161391
27763,27763,0.583333333333333,900,3,True,3,2.8770302713842306
27764,27764,0.583333333333333,901,3,True,3,2.8768235400150597
27765,27765,0.583333333333333,902,3,True,3,2.8765288244200766
27766,27766,0.583333333333333,903,3,True,3,2.876231582268004
27767,27767,0.583333333333333,904,3,True,3,2.875935614712298
27768,27768,0.583333333333333,905,3,True,3,2.8756388632575764
27769,27769,0.583333333333333,906,3,True,3,2.8753425676903595
27770,27770,0.286406546572276,907,3,True,2,1.4871477943197198
27815,27815,0.51974006484112,908,1,True,2,1.7063310874150113
27816,27816,0.525391016769025,909,1,True,2,1.7970861058981698
27817,27817,0.540792068500716,910,1,True,2,2.534932669057589
27818,27818,0.544848064106606,911,1,True,2,2.5359000681467627
27819,27819,0.549746641673061,912,1,True,2,2.5378113458262
27820,27820,0.555687410874464,913,1,True,2,2.539791393672538
27821,27821,0.556668208072077,914,1,True,2,2.542421081761368
27822,27822,0.564142970652899,915,1,True,2,2.542598766898252
27823,27823,0.568040066769473,916,1,True,2,2.5445578334148733
27824,27824,0.572213950712281,917,1,True,2,2.5464180307883653
27825,27825,0.575774640144516,918,1,True,2,2.5481783079447085
27826,27826,0.591176600093396,919,1,True,2,2.6301695565665604
27827,27827,0.599325005349891,920,1,True,2,2.6326554325262403
27828,27828,0.77085387776735,921,1,True,3,1.5584727351633125
27829,27829,0.938426814575409,922,0,False,3,1.2369717597977283
27830,27830,0.939769888333657,923,0,False,3,1.2390980195991153
27831,27831,0.94838181273289,924,0,False,3,1.238602702801574
27832,27832,0.94838181273289,925,0,False,3,1.2390476337104395
27833,27833,0.94838181273289,926,0,False,3,1.2399663832560617
27834,27834,0.94838181273289,927,0,False,3,1.2399455561812063
27835,27835,0.948123781295018,928,0,False,3,1.2418956075994199
27836,27836,0.949761619351747,929,0,False,3,1.2419074332366098
27837,27837,0.949761619351747,930,0,False,3,1.2425467800466035
27838,27838,0.949013288059537,931,0,False,3,1.2446506948360339
27839,27839,0.949013288059537,932,0,False,3,1.2436788599820157
27840,27840,0.948123781295018,933,0,False,3,1.245189057533508
27841,27841,0.948514839368778,934,0,False,3,1.246238229414446
27842,27842,0.938835280984487,935,0,False,3,1.2467199825062247
27843,27843,0.937749951048307,936,0,False,3,1.2464744066504456
27844,27844,0.938138391133035,937,0,False,3,1.2458523382311772
27845,27845,0.938138391133035,938,0,False,3,1.2461708094484096
27846,27846,0.92556785841364,939,0,False,3,1.2473478665372
27847,27847,0.92556785841364,940,0,False,3,1.2468627241182466
27848,27848,0.925179418328912,941,0,False,3,1.24556526602181
27849,27849,0.920333514640699,942,0,False,2,3.311381510224117
27850,27850,0.920820436628399,943,0,False,2,3.3158247988603238
27851,27851,0.924305328980935,944,0,False,2,3.2910621257814094
27852,27852,0.925002468781412,945,0,False,2,3.2984526717924374
27853,27853,0.931048208433628,946,0,False,3,1.243893203036638
27854,27854,0.930062597275609,947,0,False,3,1.2434062425642134
27855,27855,0.929828052212426,948,0,False,3,1.2430109498113757
27856,27856,0.947839098102183,949,0,False,3,3.2780886328428425
27857,27857,0.947839098102183,950,0,False,3,3.2766628281338814
27858,27858,0.93796561728708,951,0,False,3,3.275347569367655
27859,27859,0.93796561728708,952,0,False,3,3.2745155700371615
27860,27860,0.937636163230936,953,0,False,3,3.27208751781475
27861,27861,0.937636163230936,954,0,False,3,3.2712116080270044
27862,27862,0.937636163230936,955,0,False,3,3.2700111913656023
27863,27863,0.937636163230936,956,0,False,3,3.2699593427434563
27864,27864,0.937636163230936,957,0,False,3,3.269394974375845
27865,27865,0.937636163230936,958,0,False,3,3.267109758279794
27866,27866,0.937636163230936,959,0,False,3,3.2659635178448307
27867,27867,0.93729415057727,960,0,False,3,3.266002881846255
27868,27868,0.93729415057727,961,0,False,3,3.2650288749687597
27869,27869,0.936976286305021,962,0,False,3,3.265195705961755
27870,27870,0.936976286305021,963,0,False,3,3.2627054498898387
27871,27871,0.936976286305021,964,0,False,3,3.2669231017037936
27872,27872,0.936976286305021,965,0,False,3,3.266832859496999
27873,27873,0.936976286305021,966,0,False,3,3.265768306097871
27874,27874,0.936128572126076,967,0,False,3,3.263315369676988
27875,27875,0.936128572126076,968,0,False,3,3.2679565168991185
27876,27876,0.936128572126076,969,0,False,3,3.265173820276998
27877,27877,0.936128572126076,970,0,False,3,3.2668904462281376
27878,27878,0.936517012210804,971,0,False,3,3.2685426447687624
27879,27879,0.936517012210804,972,0,False,3,3.270540216446705
27880,27880,0.936517012210804,973,0,False,3,3.2717443710013
27881,27881,0.92556785841364,974,0,False,3,3.2714881246589522
27882,27882,0.925994915418681,975,0,False,3,3.2726777451010833
27883,27883,0.762791769575396,976,1,True,3,2.397823225739349
27884,27884,0.894618404353081,977,0,False,3,1.502764308285671
27885,27885,0.906070819485879,978,0,False,3,1.5126111835069311
27886,27886,0.906070819485879,979,0,False,3,1.5128472936049246
27887,27887,0.910819960392678,980,0,False,3,1.5130184394173654
27888,27888,0.910819960392678,981,0,False,3,1.5094091372671048
27889,27889,0.913703540271877,982,0,False,3,1.5112452497431517
27890,27890,0.913703540271877,983,0,False,3,1.5150929485517168
27891,27891,0.914471920533244,984,0,False,3,1.513018329949408
27892,27892,0.914471920533244,985,0,False,3,1.5123880702570696
27893,27893,0.914898977538286,986,0,False,3,1.5141944387245179
27894,27894,0.918841192033606,987,0,False,3,1.517412125769345
27895,27895,0.921374147898265,988,0,False,3,1.5202742682766086
27896,27896,0.921374147898265,989,0,False,3,1.5209790122808484
27897,27897,0.921699534645284,990,0,False,3,1.521643610609712
27898,27898,0.921699534645284,991,0,False,3,1.522313200675498
27899,27899,0.922370451742033,992,0,False,3,1.524428718883666
27900,27900,0.922370451742033,993,0,False,3,1.5239457005570753
27901,27901,0.922370451742033,994,0,False,3,1.5272841598156113
27902,27902,0.923614499178363,995,0,False,3,1.5287328206015267
28144,28144,0.399208883730696,996,2,True,1,1.2442703716551284
28145,28145,0.349445241699992,997,2,True,1,1.1610486402561013
28146,28146,0.317188136344791,998,2,True,1,0.9537839639742405
28147,28147,0.311313997096219,999,2,True,1,0.9246933211047441
28148,28148,0.298036598801804,1000,2,True,1,0.8675308569124711
28149,28149,0.277134078808185,1001,2,True,1,0.828005328249778
28150,28150,0.259631543263097,1002,2,True,1,0.8281225385345403
28155,28155,0.280220704129056,1003,2,True,2,2.1685871166645114
28242,28242,0.38183436629717,1004,2,True,2,1.4158178888741997
28243,28243,0.386341167629543,1005,2,True,2,1.4138375651325144
28244,28244,0.407084734250817,1006,2,True,2,1.4539618647077628
28245,28245,0.75,1007,2,True,3,2.80907231389257
28246,28246,0.75,1008,2,True,3,2.812563327958955
28247,28247,0.75,1009,2,True,2,1.8276749370279275
28248,28248,0.5,1010,3,True,1,2.3085745602864485
28249,28249,0.464594630101203,1011,0,False,2,1.126480286411594
28250,28250,0.471003174825317,1012,0,False,2,1.125278134658814
28251,28251,0.460956872785666,1013,0,False,2,1.1340875079807082
28252,28252,0.46894581182472,1014,0,False,2,1.1254422870891834
28253,28253,0.471167724349127,1015,0,False,2,1.1317574236594585
28254,28254,0.47293510699204,1016,0,False,2,1.1098180437498173
28255,28255,0.473399567427651,1017,1,True,2,1.1211395370485664
28256,28256,0.477403964910608,1018,0,False,2,1.12156551718584
28257,28257,0.404360332065919,1019,0,False,2,1.1846928282374198
28258,28258,0.413470565641869,1020,0,False,2,1.2096476852319744
28259,28259,0.414094260416327,1021,0,False,2,1.214637562598679
28260,28260,0.406850114084366,1022,0,False,2,1.2973807401452808
28261,28261,0.407659588990556,1023,0,False,2,1.2978693659477794
28262,28262,0.408529546426745,1024,0,False,2,1.296696617308346
28263,28263,0.408886598393581,1025,0,False,2,1.2994237829062572
28264,28264,0.409116555280661,1026,0,False,2,1.3144582689324071
28265,28265,0.409041221530154,1027,0,False,2,1.3136998572300083
28266,28266,0.411693321849508,1028,0,False,2,1.310899476882105
28338,28338,0.674842071307186,1029,2,True,2,1.3012882313310123
28339,28339,0.673387805929283,1030,2,True,2,1.3004295288107057
28340,28340,0.673857105218837,1031,2,True,2,1.3021946536644269
28341,28341,0.674323638664585,1032,2,True,2,1.3040715025813814
28342,28342,0.674751840318627,1033,2,True,2,1.3058366312744727
28343,28343,0.675155613110499,1034,2,True,2,1.3075006077371336
28344,28344,0.675437376456902,1035,2,True,2,1.3088194472521146
28345,28345,0.675843789079499,1036,2,True,2,1.3105560391653428
28346,28346,0.676249402888718,1037,2,True,2,1.3123331489136227
28347,28347,0.676656370610317,1038,2,True,2,1.314162211468963
28348,28348,0.673209403551786,1039,2,True,2,1.3110851059284083
28349,28349,0.673617022308602,1040,2,True,2,1.3130164497034855
28350,28350,0.677877886760436,1041,2,True,2,1.319925464614366
28351,28351,0.678287204553433,1042,2,True,2,1.3219480322520896
28352,28352,0.67869537472455,1043,2,True,2,1.3239953117757117
28353,28353,0.67922681487158,1044,2,True,2,1.3264435242398809
28354,28354,0.6796379598751,1045,2,True,2,1.3285930338495078
28355,28355,0.680045599496496,1046,2,True,2,1.330766056230329
28356,28356,0.680453695325955,1047,2,True,2,1.332985926139853
28357,28357,0.680861759685451,1048,2,True,2,1.3352535145758209
28358,28358,0.75,1049,2,True,3,2.7016906319773537
28359,28359,0.75,1050,2,True,3,2.701762538953235
28360,28360,0.75,1051,2,True,3,2.701832724501082
28361,28361,0.75,1052,2,True,3,2.701902299916844
28362,28362,0.75,1053,2,True,3,2.701971018403858
28363,28363,0.75,1054,2,True,3,2.7020591608275524
28364,28364,0.75,1055,2,True,3,2.7021438372350186
28365,28365,0.75,1056,2,True,3,2.7022146068531363
28366,28366,0.75,1057,2,True,3,2.7022940453309574
28367,28367,0.75,1058,2,True,3,2.7023712082955487
28368,28368,0.75,1059,2,True,3,2.702440431536224
28369,28369,0.75,1060,2,True,3,2.7025191818180985
28370,28370,0.75,1061,2,True,3,2.7025962540639905
28371,28371,0.75,1062,2,True,3,2.702670195227444
28372,28372,0.75,1063,2,True,3,2.702732199533537
28373,28373,0.75,1064,2,True,3,2.702800320799777
28374,28374,0.75,1065,2,True,3,2.7029424237681368
28375,28375,0.75,1066,2,True,3,2.703179537963278
28427,28427,0.538327864648882,1067,1,True,2,2.3325825736408214
28428,28428,0.54816064182573,1068,1,True,2,2.736957709238191
28429,28429,0.551367129345905,1069,1,True,2,2.7371091518634474
28430,28430,0.553230090633407,1070,1,True,2,2.734122265544788
28431,28431,0.555492415559138,1071,1,True,2,2.7343151670081993
28432,28432,0.557508018222312,1072,1,True,2,2.733710183738698
28433,28433,0.563016858172423,1073,1,True,2,2.7319957138690536
28435,28435,0.572658387739767,1074,1,True,2,2.7293059171168594
28436,28436,0.576799669157165,1075,1,True,2,2.7280741323266318
28437,28437,0.765875962217071,1076,1,True,3,2.037680618939439
28438,28438,0.769847855971906,1077,1,True,3,2.0380501603219217
28439,28439,0.769847855971906,1078,1,True,3,2.042712220696004
28440,28440,0.771942062748578,1079,1,True,3,2.0423142442530273
28441,28441,0.771942062748578,1080,1,True,3,2.04414526760744
28442,28442,0.771942062748578,1081,1,True,3,2.043616905219847
28443,28443,0.938608729415245,1082,0,False,3,1.8107362009657642
28444,28444,0.939071170180908,1083,0,False,3,1.8110623646840471
28445,28445,0.946657354966148,1084,0,False,3,1.8104988425227795
28446,28446,0.946657354966148,1085,0,False,3,1.810828007283651
28447,28447,0.945893495386088,1086,0,False,2,3.539798982611147
28448,28448,0.944707842200426,1087,0,False,2,3.542891631913786
28449,28449,0.944707834660674,1088,0,False,2,3.5430870079552426
28450,28450,0.947819790868205,1089,0,False,2,3.5437097539807745
28451,28451,0.936739935614776,1090,0,False,3,1.3026697238016187
28452,28452,0.936739935614776,1091,0,False,3,1.3001226904369245
28453,28453,0.936739935614776,1092,0,False,3,1.2999180335118887
28454,28454,0.936739935614776,1093,0,False,3,1.3007124441207085
28455,28455,0.944993549376716,1094,0,False,3,1.2989386107926175
28456,28456,0.945597015932715,1095,0,False,3,1.2968761419661867
28457,28457,0.946283056113534,1096,0,False,3,1.2962201216094729
28458,28458,0.946283056113534,1097,0,False,3,1.2350631070962923
28459,28459,0.946283056113534,1098,0,False,3,1.2364792075682949
28465,28465,0.634684363663421,1099,0,False,2,1.683325073769493
28466,28466,0.917783628441936,1100,0,False,3,1.4740181186205383
28467,28467,0.917783628441936,1101,0,False,3,1.4766059182152682
28468,28468,0.917783628441936,1102,0,False,3,1.4792306210994368
28469,28469,0.916594263010637,1103,0,False,3,1.4816832118129133
28470,28470,0.916594263010637,1104,0,False,3,1.484293516878845
28471,28471,0.916594263010637,1105,0,False,3,1.4870559464166704
28472,28472,0.916594263010637,1106,0,False,3,1.4899779338538532
28473,28473,0.917783628441936,1107,0,False,3,1.4931145136339103
28474,28474,0.917783628441936,1108,0,False,3,1.4964909736755665
28475,28475,0.929802497829679,1109,0,False,3,1.4994980601009846
28476,28476,0.645844797987303,1110,0,False,2,1.7014907492546145
28477,28477,0.64584826428833,1111,0,False,2,1.6602917280495189
28478,28478,0.643223329475966,1112,0,False,2,1.6498003005476802
28479,28479,0.641295417068225,1113,0,False,2,1.6437248875256778
28706,28706,0.44773520662083,1114,0,False,2,0.823624162317344
28707,28707,0.460885824509226,1115,0,False,2,0.7398263833702612
28708,28708,0.45867338913486,1116,0,False,2,0.7429303888516803
28709,28709,0.497364989732568,1117,0,False,2,1.080655780235764
28710,28710,0.587117421597807,1118,0,False,2,1.0790641415249416
28711,28711,0.58595460330836,1119,0,False,2,1.0765917972007608
28712,28712,0.467621357156234,1120,0,False,1,1.4645533806343245
28713,28713,0.467332595904011,1121,0,False,1,1.4433749125542195
28714,28714,0.468757482827532,1122,0,False,1,1.442933456307439
28715,28715,0.471100346871514,1123,0,False,1,1.4583005558208142
28716,28716,0.473230452657137,1124,0,False,1,1.4458504612541385
28717,28717,0.489807533083729,1125,0,False,1,1.7875092786399898
28718,28718,0.490091227049551,1126,0,False,1,1.7869390566378796
28719,28719,0.491679997453924,1127,0,False,1,1.7828767252656441
28720,28720,0.493373654840812,1128,0,False,1,1.7848505811997046
28721,28721,0.495214368897253,1129,0,False,1,1.7849813723527068
28722,28722,0.495681090409579,1130,0,False,1,1.7829917588261417
28723,28723,0.496585730966826,1131,0,False,1,1.7826487679787135
28724,28724,0.500505818109495,1132,0,False,1,1.7928013990664957
28725,28725,0.541408000341414,1133,0,False,1,1.7418646778603768
28726,28726,0.548578922897787,1134,0,False,1,1.7736579371258998
28727,28727,0.554795959825823,1135,0,False,2,1.7904700490355883
28728,28728,0.561444646575939,1136,0,False,2,1.4421579190387184
28729,28729,0.563675356891539,1137,0,False,2,1.7551825905505698
28730,28730,0.579235684044081,1138,0,False,2,2.0936999348093566
28731,28731,0.580724259202555,1139,0,False,2,2.0887368973103224
28732,28732,0.525081214703123,1140,0,False,2,1.8546450383224315
28733,28733,0.516712191267096,1141,0,False,2,1.897148826928598
28734,28734,0.476655298513378,1142,0,False,1,0.914689518474629
28735,28735,0.476133202980096,1143,0,False,1,0.9075490867560458
28736,28736,0.47590054907992,1144,0,False,1,0.9016450663862865
28737,28737,0.468415546985893,1145,0,False,1,0.8895649222391522
28738,28738,0.468259382772584,1146,0,False,1,0.8873900718650372
28739,28739,0.468040824644625,1147,0,False,1,0.8801283900427498
28740,28740,0.464724608596321,1148,0,False,1,0.8684568436990093
28741,28741,0.465718516799659,1149,0,False,1,0.8622023738545288
28742,28742,0.468378369779807,1150,0,False,1,0.823017060534881
28992,28992,0.441276378299759,1151,0,False,1,1.6784185207936029
28993,28993,0.440532542570532,1152,0,False,1,1.677134565414533
28994,28994,0.440266423407718,1153,0,False,1,1.6803797142823163
28995,28995,0.441697199467283,1154,0,False,1,1.6758307936375632
28996,28996,0.443332485815307,1155,0,False,1,1.6754170840222924
28997,28997,0.442799401862555,1156,0,False,1,1.6757377955002506
28998,28998,0.440295162239842,1157,0,False,1,1.676644886358297
28999,28999,0.440141687974525,1158,0,False,1,1.6781664231106252
29000,29000,0.439669400182268,1159,0,False,1,1.6734706380604345
29001,29001,0.438972964788359,1160,0,False,1,1.6743555930428449
29008,29008,0.749543388929348,1161,2,True,2,1.6096457720273474
29009,29009,0.749585513374118,1162,2,True,2,1.6110033718224848
29010,29010,0.74961069366651,1163,2,True,2,1.6107157912397674
29025,29025,0.435486728683173,1164,0,False,2,1.5256869383798504
29026,29026,0.43741817918636,1165,0,False,2,1.5264345534055797
29027,29027,0.498805010006205,1166,0,False,2,2.387887495794263
29028,29028,0.499277676333059,1167,0,False,2,2.391084494614558
29029,29029,0.494049863634519,1168,0,False,2,2.241696322530538
29030,29030,0.475865188634801,1169,0,False,2,2.1369439832239134
29031,29031,0.47734120153678,1170,0,False,2,2.1381663806471143
29032,29032,0.484661278403081,1171,0,False,2,2.268255864608594
29033,29033,0.487329690226934,1172,0,False,2,2.2714694848305275
29034,29034,0.502375865591171,1173,0,False,2,2.635245854070915
29035,29035,0.922701999063211,1174,0,False,3,1.2318577497722836
29036,29036,0.656030314028927,1175,1,True,3,3.92688085292436
29037,29037,0.906030314028927,1176,0,False,3,1.452394572694184
29038,29038,0.906030314028927,1177,0,False,3,1.4412845316059255
29039,29039,0.909455476973526,1178,0,False,3,1.4309496312395422
29040,29040,0.918688275649568,1179,0,False,3,1.4170431681886537
29041,29041,0.918688275649568,1180,0,False,3,1.4080719141385505
29042,29042,0.918688275649568,1181,0,False,3,1.2326951477308943
29043,29043,0.909455476973526,1182,0,False,2,3.4307150527635857
29044,29044,0.911144269709777,1183,0,False,2,3.430036436555698
29045,29045,0.920083000583355,1184,0,False,3,1.2351553144525196
29046,29046,0.291530274741943,1185,0,False,2,1.3878139473974072
29064,29064,0.283619054267981,1186,1,True,1,1.2005897243008836
29065,29065,0.306707965644323,1187,1,True,1,1.166887837185967
29066,29066,0.33914982786438,1188,1,True,2,1.3560126579936718
29076,29076,0.270891844241922,1189,2,True,2,2.164228756268436
29077,29077,0.25639273849403,1190,2,True,2,2.1885296668985657
29112,29112,0.624672261219385,1191,2,True,2,1.2477626695464825
29113,29113,0.625984302382769,1192,2,True,2,1.252321480569953
29114,29114,0.627480923646987,1193,2,True,2,1.2564925798020705
29115,29115,0.631425352960792,1194,2,True,2,1.2686413831342622
29116,29116,0.636946895881397,1195,2,True,2,1.2776072429365197
29117,29117,0.638343104360291,1196,2,True,2,1.2795302297146913
29118,29118,0.639015194904097,1197,2,True,2,1.2818268762437548
29119,29119,0.642509238544387,1198,2,True,2,1.2878021633234136
29120,29120,0.662907322964061,1199,2,True,2,1.3299781585187793
29121,29121,0.668463883743207,1200,2,True,2,1.3385607887554807
29122,29122,0.695971612040385,1201,1,True,2,2.387588702417176
29123,29123,0.715480807754619,1202,1,True,2,2.4166251788070543
29124,29124,0.766600226458562,1203,1,True,3,1.9415665851141377
29125,29125,0.860623765996008,1204,0,False,3,1.2587201566029225
29126,29126,0.862318525633677,1205,0,False,3,1.2601694887059423
29127,29127,0.767181021584202,1206,1,True,3,1.9428404325023108
29128,29128,0.767181021584202,1207,1,True,3,1.9420579847930528
29129,29129,0.766785219429998,1208,1,True,3,1.9417526803477174
29130,29130,0.767655840658931,1209,1,True,3,1.9401916315208847
29131,29131,0.765352802079024,1210,1,True,3,1.9380359633451003
29132,29132,0.765352802079024,1211,1,True,3,1.937040213376503
29133,29133,0.666254999908157,1212,1,True,2,1.3059355628020077
29134,29134,0.690005346847933,1213,1,True,2,1.4490505354768053
29135,29135,0.646432521702601,1214,1,True,2,1.202161236132711
29136,29136,0.348774692887302,1215,0,False,2,2.1357631103985844
29137,29137,0.348456199739849,1216,0,False,2,2.1329982520894974
29138,29138,0.347275837456491,1217,0,False,2,2.1384132314873807
29150,29150,0.583333333333333,1218,3,True,3,2.906687325219864
29151,29151,0.583333333333333,1219,3,True,3,2.906169689909523
29152,29152,0.583333333333333,1220,3,True,3,2.905979289814228
29154,29154,0.898821004464058,1221,0,False,3,2.908507653810329
29155,29155,0.894464502494025,1222,0,False,3,2.8899691903420437
29156,29156,0.845013873231352,1223,0,False,3,2.8484208472274526
29157,29157,0.845013873231352,1224,0,False,3,2.8541087001750705
29158,29158,0.845013873231352,1225,0,False,3,2.823065122557456
29159,29159,0.845013873231352,1226,0,False,3,2.8276678981745516
29160,29160,0.845013873231352,1227,0,False,3,2.8256198524929053
29161,29161,0.841498648536905,1228,0,False,3,2.7782498507361786
29162,29162,0.679257271418393,1229,1,True,3,2.910538171293862
29163,29163,0.679257271418393,1230,1,True,3,2.929724765971084
29164,29164,0.689771233573476,1231,1,True,3,2.9206978578536957
29165,29165,0.689771233573476,1232,1,True,3,2.9131494541121703
29166,29166,0.68018675258326,1233,1,True,3,1.604830885917691
29167,29167,0.679257271418393,1234,1,True,3,1.5964189422119672
29168,29168,0.841498648536905,1235,0,False,3,1.2851030936090062
29169,29169,0.841498648536905,1236,0,False,3,1.2838076718267548
29170,29170,0.845013873231352,1237,0,False,3,1.277799816003703
29171,29171,0.845013873231352,1238,0,False,3,1.2782803819932473
29172,29172,0.842043598041026,1239,0,False,3,1.2815338563510372
29200,29200,0.345261626009057,1240,3,True,1,1.070567368766248
29201,29201,0.333877002470918,1241,3,True,1,1.0490835237723006
29202,29202,0.313774257125184,1242,3,True,1,1.033296668277879
29203,29203,0.313514136499997,1243,3,True,1,1.0316546906004715
29204,29204,0.313342932680024,1244,3,True,1,1.0307194286273358
29205,29205,0.313157568535536,1245,3,True,1,1.029495689889558
29206,29206,0.313033820007658,1246,3,True,1,1.028852060859156
29207,29207,0.31294609131781,1247,3,True,1,1.0283230870423061
29208,29208,0.312809489418281,1248,3,True,1,1.0274564144783487
29209,29209,0.312680624760853,1249,3,True,1,1.026736357166979
29210,29210,0.312503810706271,1250,3,True,1,1.0256024175818625
29211,29211,0.312248476104719,1251,3,True,1,1.0241016104428031
29212,29212,0.297971668390023,1252,3,True,1,1.0152744600695098
29213,29213,0.297339357768439,1253,3,True,1,1.0124500687155333
29214,29214,0.29718162178113,1254,3,True,1,1.0116976886770395
29215,29215,0.297011995871829,1255,3,True,1,1.0108685851573893
29216,29216,0.296860564876895,1256,3,True,1,1.010137684859873
29217,29217,0.287881442477405,1257,3,True,1,0.9102220570136322
29218,29218,0.287670070391718,1258,3,True,1,0.9095957222754651
29219,29219,0.259857106474474,1259,3,True,1,0.9546339555025712
29220,29220,0.259478900999963,1260,3,True,1,0.9536318349592307
29221,29221,0.25137919909927,1261,3,True,1,0.9554352899170434
29223,29223,0.483397353938228,1262,3,True,2,1.4233054427387042
29224,29224,0.48430833351756,1263,3,True,2,1.4231535268693034
29225,29225,0.489908148512654,1264,3,True,2,1.4294991219355984
29226,29226,0.491633221912441,1265,3,True,2,1.4309489569435943
29227,29227,0.488966184937815,1266,3,True,2,1.4266321086103608
29228,29228,0.492992902523976,1267,3,True,2,1.4303808460446563
29229,29229,0.5123435407085,1268,3,True,2,1.4564522789573493
29230,29230,0.519349166754292,1269,3,True,2,1.469518787675781
29231,29231,0.525333349018104,1270,3,True,2,1.4835247984981785
29232,29232,0.583333333333333,1271,3,True,3,2.953811756329199
29233,29233,0.583333333333333,1272,3,True,3,2.954989758092806
29234,29234,0.583333333333333,1273,3,True,3,2.958729869471535
29235,29235,0.583333333333333,1274,3,True,3,2.9592983495878227
29236,29236,0.583333333333333,1275,3,True,3,2.960024078202674
29237,29237,0.583333333333333,1276,3,True,3,2.961342814449413
29238,29238,0.583333333333333,1277,3,True,3,2.9620479927679697
29239,29239,0.583333333333333,1278,3,True,3,2.9615014245746045
29240,29240,0.583333333333333,1279,3,True,3,2.9612230020967676
29241,29241,0.583333333333333,1280,3,True,3,2.9612226737702936
29242,29242,0.583333333333333,1281,3,True,3,2.9610766953342478
29243,29243,0.583333333333333,1282,3,True,3,2.960102628513537
29244,29244,0.583333333333333,1283,3,True,3,2.958642924321794
29245,29245,0.583333333333333,1284,3,True,3,2.9576569526908583
29246,29246,0.583333333333333,1285,3,True,3,2.955288656293758
29247,29247,0.583333333333333,1286,3,True,3,2.9537919454978865
29248,29248,0.501541678863105,1287,3,True,2,1.4422489042828903
29249,29249,0.495857562877072,1288,3,True,2,1.428481325914438
29250,29250,0.49059651684822,1289,3,True,2,1.4176765882131706
29251,29251,0.485665925304065,1290,3,True,2,1.4093617976391324
29252,29252,0.478137599448473,1291,3,True,2,1.3997046930945507
29253,29253,0.463058355966901,1292,3,True,2,1.3886073722266574
29254,29254,0.452614955611454,1293,3,True,2,1.3873836849214956
29255,29255,0.429408815588185,1294,3,True,2,1.3864930025832534
29256,29256,0.422361629199592,1295,3,True,2,1.3884003285128463
29257,29257,0.41836916155953,1296,3,True,2,1.389445942948297
29555,29555,0.778279069075621,1297,0,False,2,2.517480935267864
29556,29556,0.78635519729547,1298,0,False,2,2.7246662731761075
29557,29557,0.864106826268385,1299,0,False,3,1.239827993564116
29558,29558,0.887248922358022,1300,0,False,3,1.238495756554571
29559,29559,0.889070740456369,1301,0,False,3,1.2370423557279187
29560,29560,0.272773406806858,1302,0,False,2,1.645288012562524
29561,29561,0.263937622287959,1303,0,False,2,1.6237138440874768
29608,29608,0.66754303092089,1304,1,True,3,1.5918847704940358
29609,29609,0.667783706696539,1305,1,True,3,1.5903676854880064
29610,29610,0.667783706696539,1306,1,True,3,1.5894081635412185
29611,29611,0.667783706696539,1307,1,True,3,1.588900270686911
29612,29612,0.630071328192253,1308,1,True,3,1.587884988141545
29613,29613,0.630071328192253,1309,1,True,3,1.5867319325132423
29614,29614,0.614212667505947,1310,1,True,3,1.5834252649650966
29615,29615,0.614212667505947,1311,1,True,3,1.581949801626643
29616,29616,0.614212667505947,1312,1,True,3,1.5803198920729387
29617,29617,0.614212667505947,1313,1,True,3,1.579650776767191
29618,29618,0.788816863092605,1314,0,False,3,1.2619888953898462
29619,29619,0.788816863092605,1315,0,False,3,1.2601323319067288
29620,29620,0.788816863092605,1316,0,False,3,1.2581108936253138
29621,29621,0.791242404899912,1317,0,False,3,1.6988207108347475
29622,29622,0.791242404899912,1318,0,False,3,1.694272596911165
29623,29623,0.826206988424694,1319,0,False,3,1.7003973696965873
29624,29624,0.839462174091132,1320,0,False,3,1.702394825594763
29625,29625,0.839462174091132,1321,0,False,3,1.7064836691916534
29626,29626,0.839462174091132,1322,0,False,3,1.7082069004188627
29627,29627,0.839462174091132,1323,0,False,3,1.7100654924383913
29628,29628,0.839462174091132,1324,0,False,3,1.7123957719718756
29629,29629,0.842043598041026,1325,0,False,3,1.7147908432478778
29630,29630,0.842043598041026,1326,0,False,3,1.7154161573161357
29631,29631,0.842043598041026,1327,0,False,3,2.343266402659909
29632,29632,0.839462174091132,1328,0,False,3,2.342722013501953
29663,29663,0.253639241391295,1329,0,False,2,1.1404170174697952
29664,29664,0.253812828246772,1330,0,False,2,1.1401394662558768
29665,29665,0.253924169234895,1331,0,False,2,1.139945127032082
29666,29666,0.253962080900256,1332,0,False,2,1.1398531410453183
29667,29667,0.253953900699496,1333,0,False,2,1.139916240313443
29791,29791,0.583333333333333,1334,3,True,3,2.9420802918190336
29792,29792,0.305555555555556,1335,3,True,2,1.6429965895587477
29793,29793,0.287482805152531,1336,3,True,2,1.6160293019993914
29794,29794,0.283997173470402,1337,3,True,2,1.6140231002215648
29795,29795,0.281915526621209,1338,3,True,2,1.6135354746041761
29796,29796,0.279730286576695,1339,3,True,2,1.61353329643435
29797,29797,0.277375044669394,1340,3,True,2,1.6137107697953748
29798,29798,0.275885780388797,1341,3,True,2,1.6144772983282993
29799,29799,0.272964597445579,1342,3,True,2,1.616166650116352
29800,29800,0.269616460470808,1343,3,True,2,1.6191058055157006
29801,29801,0.26624788171916,1344,3,True,2,1.6227723469346198
29802,29802,0.264383261118187,1345,3,True,2,1.6250274162538727
29803,29803,0.262625601548589,1346,3,True,2,1.6267832140287979
29857,29857,0.271570832147698,1347,1,True,1,1.9661371378791574
29972,29972,0.25089077187479,1348,0,False,2,1.0769329320252492
29973,29973,0.301471544459451,1349,0,False,2,1.7137871748348692
29974,29974,0.302027281029575,1350,0,False,2,1.7067347741293875
29975,29975,0.303573904078403,1351,0,False,2,1.6828869129299706
29976,29976,0.304462316430269,1352,0,False,2,1.6785914623629652
29977,29977,0.305638392026323,1353,0,False,2,1.6710396221145303
29978,29978,0.307216643835013,1354,0,False,2,1.6475541701835485
29979,29979,0.306625986790562,1355,0,False,2,1.6506253876198
29980,29980,0.30998060395245,1356,0,False,2,1.6296879418684764
29981,29981,0.324542803928894,1357,0,False,2,1.5724376441827193
30022,30022,0.499969021641203,1358,1,True,2,1.422272537717956
30023,30023,0.499209047411867,1359,1,True,2,1.4179465802237583
30024,30024,0.416815391353683,1360,1,True,2,1.3144000557996876
30025,30025,0.417186892263114,1361,0,False,2,1.2578798735677745
30026,30026,0.404839686384913,1362,0,False,2,1.2487979706655135
30027,30027,0.399004570589903,1363,0,False,2,1.262959789201537
30028,30028,0.405097768336031,1364,0,False,2,1.2947481006353454
30029,30029,0.406599995623999,1365,0,False,2,1.2985421425532535
30030,30030,0.409722092657875,1366,0,False,2,1.300798044547602
30031,30031,0.417586653743169,1367,0,False,2,1.2944826461189494
30032,30032,0.415054579320803,1368,0,False,2,1.3049459909981278
30033,30033,0.412534641936492,1369,0,False,2,1.3229897108404856
30034,30034,0.412143035782627,1370,0,False,2,1.3252914183538202
30035,30035,0.412248740316577,1371,0,False,2,1.3115408158434303
30036,30036,0.416003741664966,1372,0,False,2,4.319938279272242
30037,30037,0.419170990933354,1373,0,False,2,4.325120513404011
30038,30038,0.910630816491655,1374,0,False,3,4.13422890293507
30039,30039,0.91269140665003,1375,0,False,3,4.131257991841422
30040,30040,0.91269140665003,1376,0,False,3,4.127987598783296
30332,30332,0.287800113862754,1377,0,False,2,2.71616436749285
30345,30345,0.261935443434858,1378,0,False,1,1.4318288383512503
30346,30346,0.280100413211992,1379,0,False,1,1.1476572043917632
30347,30347,0.297520256515207,1380,0,False,1,0.8941264495330967
30387,30387,0.923614499178363,1381,0,False,3,6.543247762472356
30388,30388,0.923614499178363,1382,0,False,3,6.54322993508787
30389,30389,0.922370451742033,1383,0,False,3,6.540457791292206
30390,30390,0.922370451742033,1384,0,False,3,6.528965439381485
30391,30391,0.921699534645284,1385,0,False,3,6.52591710798695
30392,30392,0.921374147898265,1386,0,False,3,6.52698374829248
30393,30393,0.921374147898265,1387,0,False,3,6.526190166720326
30394,30394,0.919291145065081,1388,0,False,3,6.525278359862084
30395,30395,0.915348930569761,1389,0,False,3,6.515265800746367
30396,30396,0.915348930569761,1390,0,False,3,6.514105459574902
30397,30397,0.916960721169991,1391,0,False,3,6.480955733270286
30398,30398,0.898821004464058,1392,0,False,3,6.484690594319912
30510,30510,0.931807218741334,1393,0,False,3,1.399517405132532
30511,30511,0.931698299213467,1394,0,False,3,1.401975267939969
30512,30512,0.931297509406915,1395,0,False,3,1.4079373192948905
30513,30513,0.930983572927606,1396,0,False,3,1.4078044447654694
30514,30514,0.930983572927606,1397,0,False,3,1.4231089841605724
30515,30515,0.931540982803293,1398,0,False,3,1.432451840967496
30516,30516,0.934816523289878,1399,0,False,3,1.4138659178881752
30517,30517,0.937705972897382,1400,0,False,3,1.4247044596274823
30518,30518,0.93791588149223,1401,0,False,3,1.371028827962672
30519,30519,0.93791588149223,1402,0,False,3,1.3684584267768338
30523,30523,0.854872699135424,1403,0,False,3,1.2786936983745805
30524,30524,0.854872699135424,1404,0,False,3,1.2788748294882606
30525,30525,0.854872699135424,1405,0,False,3,1.4208184450864414
30526,30526,0.854872699135424,1406,0,False,3,1.4222520570804082
30527,30527,0.854872699135424,1407,0,False,3,1.4236029671545758
30528,30528,0.854872699135424,1408,0,False,3,1.424246175810512
30529,30529,0.854772365814276,1409,0,False,3,1.4242613217719207
30530,30530,0.854772365814276,1410,0,False,3,1.4245516924661485
30531,30531,0.854772365814276,1411,0,False,3,1.433689477299211
30532,30532,0.811555261661713,1412,1,True,3,2.059512496302656
30533,30533,0.811555261661713,1413,1,True,3,2.0587177546559396
30534,30534,0.811555261661713,1414,1,True,3,2.0577030253023043
30535,30535,0.811555261661713,1415,1,True,3,2.05679345170481
30536,30536,0.811555261661713,1416,1,True,3,2.055805641914565
30537,30537,0.811555261661713,1417,1,True,3,2.054594348223106
30538,30538,0.811555261661713,1418,1,True,3,1.95892387197343
30539,30539,0.811555261661713,1419,1,True,3,1.9586718086996258
30540,30540,0.811555261661713,1420,1,True,3,1.9577367961659213
30541,30541,0.811555261661713,1421,1,True,3,1.9563777064393704
30542,30542,0.811738764225672,1422,1,True,3,1.9550335182975527
30543,30543,0.811738764225672,1423,1,True,3,1.9437720028857688
30544,30544,0.811738764225672,1424,1,True,3,1.9431622291364932
30545,30545,0.811753537557747,1425,1,True,3,1.9424425565833723
30546,30546,0.811753537557747,1426,1,True,3,1.9417150433361061
30547,30547,0.811753537557747,1427,1,True,3,1.940985006412388
30548,30548,0.811753537557747,1428,1,True,3,1.940252338784058
30549,30549,0.811753537557747,1429,1,True,2,2.5831667628988906
30550,30550,0.811752787482205,1430,1,True,2,2.5819319753815475
30551,30551,0.811752663885127,1431,1,True,2,2.5806656778524135
30552,30552,0.811752790337898,1432,1,True,2,2.579271880876345
30553,30553,0.811753187638508,1433,1,True,2,2.5362769081933325
30554,30554,0.811753537557747,1434,1,True,2,2.536298627622312
30555,30555,0.811753537557747,1435,1,True,3,1.9247798863871084
30556,30556,0.765922830122342,1436,1,True,3,1.9270231589827056
30557,30557,0.765922830122342,1437,1,True,3,1.9269586754874213
30558,30558,0.765922830122342,1438,1,True,3,1.9269257991124176
30559,30559,0.765922830122342,1439,1,True,3,1.9268830885179147
30560,30560,0.765922830122342,1440,1,True,3,1.926861149883033
30561,30561,0.765922830122342,1441,1,True,3,1.9643400991403908
30562,30562,0.765922830122342,1442,1,True,3,1.9638626087487339
30563,30563,0.420023209595069,1443,1,True,2,2.2736493472482495
30564,30564,0.42276441098897,1444,1,True,2,2.278456576536055
30565,30565,0.423684940962941,1445,1,True,2,2.279445595904427
30566,30566,0.423909319432426,1446,1,True,2,2.280391583963749
30567,30567,0.424075475299336,1447,1,True,2,2.281425261560821
30568,30568,0.4244475425223,1448,1,True,2,2.2830887118054894
30569,30569,0.419886592264953,1449,1,True,2,2.2857297734368904
30570,30570,0.420326680363766,1450,1,True,2,2.2869194053796056
30571,30571,0.764926920568644,1451,1,True,3,1.9234655967288226
30572,30572,0.764926920568644,1452,1,True,3,1.9237785051798009
30573,30573,0.76521439801533,1453,1,True,3,1.9241794511616332
30574,30574,0.764451795502744,1454,1,True,3,1.9246735051663417
30575,30575,0.764451795502744,1455,1,True,3,1.9252499788449304
30576,30576,0.764451795502744,1456,1,True,3,1.9259000819777838
30577,30577,0.761767381312538,1457,1,True,2,2.558726776357181
30578,30578,0.761765685231521,1458,1,True,2,2.5606368726390834
30579,30579,0.761765699023303,1459,1,True,2,2.5622369082803673
30580,30580,0.761766405992499,1460,1,True,2,2.5630553650021035
30581,30581,0.761767381312538,1461,1,True,2,2.5636260427522726
30879,30879,0.383730264722239,1462,0,False,2,1.5695777842597838
30880,30880,0.38444918498211,1463,0,False,2,1.566277070992267
30881,30881,0.433949806256409,1464,0,False,2,2.076865364241129
30882,30882,0.478545176014881,1465,0,False,2,2.163434172928165
30883,30883,0.954937376437807,1466,0,False,3,1.7496814391397693
30884,30884,0.634571214345527,1467,1,True,2,1.1673755952738543
30885,30885,0.636153832078306,1468,2,True,2,1.1660355312293376
30886,30886,0.64248069686555,1469,2,True,2,1.174091628129486
30887,30887,0.653010757521914,1470,2,True,2,1.1921253159677907
30888,30888,0.662981293023373,1471,2,True,2,1.2070586637619518
30889,30889,0.671004260906345,1472,2,True,2,1.2281482311476497
30890,30890,0.689658065605868,1473,1,True,2,1.279614627358353
30891,30891,0.695751861010202,1474,1,True,2,1.2897781148577225
30892,30892,0.846260063857436,1475,0,False,3,1.2403688016991365
30893,30893,0.863594091059108,1476,0,False,3,1.24413453243327
30894,30894,0.865262009937319,1477,0,False,3,1.2290324762481837
30895,30895,0.539813574205557,1478,0,False,2,2.874107697962901
30896,30896,0.526210174685086,1479,0,False,2,2.494786359246269
30897,30897,0.529821856285887,1480,0,False,2,2.5087314827939524
30898,30898,0.539970460866245,1481,0,False,2,2.875499777793383
30899,30899,0.417747065555749,1482,0,False,2,2.283161703552701
30900,30900,0.387677176906863,1483,1,True,2,1.0505091822955646
30901,30901,0.38761234357229,1484,1,True,2,1.0591681936486161
30902,30902,0.387786587799423,1485,2,True,2,1.067651387936886
30903,30903,0.42675318442396,1486,2,True,2,0.9070288931398119
30932,30932,0.75,1487,2,True,3,2.7035733801688115
30933,30933,0.75,1488,2,True,3,2.703868886005661
30934,30934,0.75,1489,2,True,3,2.704126320287867
30935,30935,0.75,1490,2,True,3,2.7058960115840067
30975,30975,0.2968979117067,1491,0,False,1,1.2696916873943302
30976,30976,0.300170793499947,1492,0,False,1,1.2826921194257395
30977,30977,0.302506995925945,1493,0,False,1,1.3005973318357995
30978,30978,0.306208583759556,1494,0,False,1,1.3177554408411443
30979,30979,0.309039726220022,1495,0,False,2,1.3172832009619002
30980,30980,0.326103716529025,1496,0,False,2,1.274532781914647
30981,30981,0.330280861159967,1497,0,False,2,1.2625275618047689
30982,30982,0.334396699477295,1498,0,False,2,1.250278284018616
30983,30983,0.341332893862971,1499,0,False,2,1.2320312958125665
30984,30984,0.359856311236657,1500,0,False,2,1.9595782738125656
30985,30985,0.367694746675292,1501,0,False,2,2.0569155669638413
30986,30986,0.373043553490431,1502,0,False,2,2.0505790220848397
30987,30987,0.382147684572616,1503,0,False,2,2.2142433388869045
30988,30988,0.389214750126447,1504,0,False,2,2.2062964043909044
30989,30989,0.395044865169054,1505,0,False,2,2.2434501785076293
30990,30990,0.400213729999996,1506,0,False,2,2.240495201429342
30991,30991,0.390130487163033,1507,1,True,2,2.3953367092466475
30992,30992,0.392102535731082,1508,1,True,2,2.4001718169029185
30993,30993,0.44227347563841,1509,1,True,2,2.4055306656740805
30994,30994,0.447960128676533,1510,1,True,2,2.413245652765434
30995,30995,0.452389387754836,1511,1,True,2,2.416065251706307
30996,30996,0.811555261661713,1512,1,True,3,1.992762482076028
30997,30997,0.811555261661713,1513,1,True,3,1.9925568976321397
30998,30998,0.811555261661713,1514,1,True,3,1.9922280815161304
30999,30999,0.811555261661713,1515,1,True,3,1.9917514276521953
31000,31000,0.811555261661713,1516,1,True,3,1.9913017607723826
31001,31001,0.811555261661713,1517,1,True,3,1.9907159490304847
31002,31002,0.811555261661713,1518,1,True,3,1.990071457969407
31003,31003,0.811738764225672,1519,1,True,3,1.9900218091678832
31004,31004,0.811738764225672,1520,1,True,3,1.9872551254113013
31024,31024,0.264132010132313,1521,1,True,2,1.6709960774996049
31025,31025,0.290066839759838,1522,1,True,2,1.7007394306517762
31026,31026,0.613910004213552,1523,1,True,3,1.7454050439020465
31027,31027,0.613910004213552,1524,1,True,2,3.5267638332734452
31028,31028,0.613746780739729,1525,1,True,2,3.5282414811747578
31029,31029,0.613614295800738,1526,1,True,2,3.529712201291965
31030,31030,0.613478909451032,1527,1,True,2,3.5306019893235265
31031,31031,0.613392515953118,1528,1,True,2,3.531326376397261
31032,31032,0.613317138758929,1529,1,True,2,3.532775613015131
31033,31033,0.363910004213552,1530,2,True,1,4.328819857285848
31040,31040,0.623743292939413,1531,0,False,2,1.6746228950954412
31041,31041,0.620206031155415,1532,0,False,2,1.6747531061232985
31042,31042,0.616497904344262,1533,0,False,2,1.6533366514863537
31043,31043,0.61211085514056,1534,0,False,2,1.6494588599043167
31044,31044,0.594603835550715,1535,0,False,2,1.2388959239284354
31045,31045,0.587212680235867,1536,0,False,2,1.5618986398770076
31061,31061,0.842432449281458,1537,0,False,3,1.2328219503622075
31062,31062,0.842432449281458,1538,0,False,3,1.2328417567536463
31063,31063,0.845013873231352,1539,0,False,3,1.2328973234465035
31064,31064,0.845013873231352,1540,0,False,3,1.2331528531532505
31065,31065,0.845013873231352,1541,0,False,3,1.233580318045957
31066,31066,0.845013873231352,1542,0,False,3,1.234040034025466
31067,31067,0.845013873231352,1543,0,False,3,1.2346223165422152
31068,31068,0.845013873231352,1544,0,False,3,1.2350182467792528
31069,31069,0.845013873231352,1545,0,False,3,1.2353762118592826
31070,31070,0.842043598041026,1546,0,False,3,1.235656641086334
31071,31071,0.842043598041026,1547,0,False,3,1.2362817480454624
31072,31072,0.842043598041026,1548,0,False,3,1.2369518226073797
31073,31073,0.842043598041026,1549,0,False,3,1.237849539061862
31074,31074,0.842043598041026,1550,0,False,3,1.2381302671264758
31075,31075,0.842043598041026,1551,0,False,3,2.3429240098276787
31076,31076,0.582557097733312,1552,0,False,2,1.1505903097305936
31077,31077,0.586341390310944,1553,0,False,2,1.1543464477142522
31078,31078,0.590111941156564,1554,0,False,2,1.1602867639214343
31079,31079,0.589506958498859,1555,0,False,2,1.161873057449947
31080,31080,0.59146683373672,1556,0,False,2,1.16562095952587
31081,31081,0.592998396086592,1557,0,False,2,1.168642595847062
31082,31082,0.592255900170959,1558,0,False,2,1.1704878556702822
31083,31083,0.591044726313571,1559,0,False,2,1.1718088653911145
31084,31084,0.593809395694347,1560,0,False,2,1.1783664913761662
31085,31085,0.591643889472702,1561,0,False,2,1.1821193474601073
31086,31086,0.593450423681956,1562,0,False,2,1.1870197837297023
31087,31087,0.596296016577756,1563,0,False,2,1.1919027315378556
31088,31088,0.597107134292469,1564,0,False,2,1.1949783614536116
31089,31089,0.59882669195672,1565,0,False,2,1.1999943052043696
31090,31090,0.596384033421372,1566,1,True,2,1.207766684395077
31091,31091,0.604965641660501,1567,1,True,2,1.213619042972215
31092,31092,0.613788398249141,1568,1,True,2,1.2279014691409094
31093,31093,0.625971316629183,1569,1,True,2,1.2572133543124648
31094,31094,0.630731866992137,1570,1,True,2,1.2581706189701005
31119,31119,0.661576413448613,1571,0,False,2,1.1404571125849936
31120,31120,0.662849285212571,1572,0,False,2,1.1431347167490138
31121,31121,0.665027302879921,1573,0,False,2,1.1456089525102593
31122,31122,0.666298677584844,1574,0,False,2,1.1474834371899807
31123,31123,0.672288857209501,1575,0,False,2,1.1509137718450684
31124,31124,0.942904617735226,1576,0,False,3,1.3208689362496042
31125,31125,0.942904617735226,1577,0,False,3,1.3222919543382063
31126,31126,0.9321175142982,1578,0,False,3,1.3252764911457435
31127,31127,0.93181509588367,1579,0,False,3,1.3251209711114356
31128,31128,0.503099709475967,1580,0,False,2,2.4756266563794034
31129,31129,0.500103831258666,1581,0,False,2,2.476518745100328
31130,31130,0.499373866418107,1582,0,False,2,2.464912013362875
31131,31131,0.425202402323418,1583,0,False,2,2.4788221632077887
31132,31132,0.425245377228104,1584,0,False,2,2.478156348152185
31133,31133,0.424322258732832,1585,0,False,2,2.4791128987144355
31134,31134,0.412738537408685,1586,0,False,2,1.9283119836153986
31135,31135,0.408966883759937,1587,0,False,2,1.9320656111849825
31136,31136,0.402256943667439,1588,0,False,2,1.8329776604242667
31137,31137,0.394252010084393,1589,0,False,2,1.5815512300501067
31138,31138,0.388704685279447,1590,0,False,2,1.40598856570412
31139,31139,0.379469551752455,1591,0,False,2,1.2103261903081857
31140,31140,0.35402375722161,1592,0,False,2,1.2949822151542545
31141,31141,0.351714573035761,1593,0,False,2,1.298680981636435
31142,31142,0.339529811585998,1594,0,False,2,1.156762661616729
31143,31143,0.337442460355168,1595,0,False,2,1.165143897991754
31144,31144,0.304697753924854,1596,0,False,2,1.1545261279082775
31145,31145,0.304825599869522,1597,0,False,2,1.1566612373213163
31146,31146,0.304246428739448,1598,0,False,2,1.1607853773970473
31147,31147,0.301640343337676,1599,0,False,2,1.1714727080870102
31148,31148,0.300798655847084,1600,0,False,2,1.1756401448803693
31149,31149,0.3005422555151,1601,0,False,2,1.177361348160908
31150,31150,0.300288932335041,1602,0,False,2,1.1788238846954036
31151,31151,0.298605702546758,1603,0,False,2,1.1847201235965628
31152,31152,0.298279054876695,1604,0,False,2,1.1868593017999247
31153,31153,0.28868233400493,1605,0,False,2,1.2793580539486338
31154,31154,0.288493962629541,1606,0,False,2,1.281157743936734
31155,31155,0.288359333232627,1607,0,False,2,1.282263525493342
31156,31156,0.288245750868401,1608,0,False,2,1.283468200279007
31157,31157,0.286084565316257,1609,0,False,2,1.2869986930007558
31158,31158,0.327264231032009,1610,0,False,2,0.9888099236640302
31159,31159,0.327299854354913,1611,0,False,2,0.9860446417648092
31160,31160,0.327367786348968,1612,0,False,2,0.9881607353942342
31161,31161,0.327424091214048,1613,0,False,2,0.9881802143307095
31162,31162,0.326959166438761,1614,0,False,2,0.9898692374621584
31163,31163,0.3271850024754,1615,0,False,2,0.9893456153596895
31164,31164,0.327202149575376,1616,0,False,2,0.9894221341046329
31165,31165,0.327537693089453,1617,0,False,2,0.9902642658760358
31166,31166,0.324625566115096,1618,0,False,2,0.9924314781397545
31167,31167,0.324426787550796,1619,0,False,2,0.99314891307987
31168,31168,0.312114926734567,1620,0,False,2,1.167608212177908
31169,31169,0.302778753293393,1621,0,False,2,1.1697243491136593
31170,31170,0.290458659679097,1622,0,False,2,1.1867824317808053
31171,31171,0.281296110636487,1623,0,False,2,1.220705755727775
31172,31172,0.274406230589993,1624,0,False,2,1.2645119490925383
31173,31173,0.269502676627404,1625,0,False,2,1.3025833820831245
31174,31174,0.26568978650349,1626,0,False,1,1.2595453135415842
31175,31175,0.261725312421043,1627,0,False,1,1.2151612922788357
31176,31176,0.258680811151405,1628,0,False,1,1.1888108802688206
31177,31177,0.257306766854286,1629,0,False,1,1.1738145078671214
31178,31178,0.25613624530561,1630,0,False,1,1.1620425314697356
31179,31179,0.254321256382725,1631,0,False,1,1.1552807837646908
31245,31245,0.391672258945921,1632,0,False,2,0.9041922450310512
31246,31246,0.393026996997446,1633,0,False,2,0.9180289819548335
31247,31247,0.399995182030078,1634,0,False,2,0.8100659181599972
31248,31248,0.430279984044204,1635,1,True,2,1.2974306736764756
31249,31249,0.429859323042194,1636,1,True,2,1.2974919783267596
31250,31250,0.400376891121155,1637,0,False,2,0.8098678313755586
31251,31251,0.475158097246571,1638,0,False,2,0.7117070322205803
31252,31252,0.474621876705105,1639,0,False,2,0.7115615516900314
31253,31253,0.473988288043428,1640,0,False,2,0.6996457614160255
31348,31348,0.601228255866733,1641,0,False,2,1.1580292907142757
31349,31349,0.608511860234391,1642,0,False,2,1.1592067523390703
31350,31350,0.61237063016729,1643,0,False,2,1.1606638421529603
31351,31351,0.631827500729055,1644,0,False,2,1.1663568926380625
31352,31352,0.635817579164696,1645,0,False,2,1.174232375682642
31353,31353,0.63904748873173,1646,0,False,2,1.1724323358597308
31354,31354,0.638528130938148,1647,0,False,2,1.1863483202388194
31355,31355,0.636696752189738,1648,0,False,2,1.1937077816541701
31356,31356,0.636454412547969,1649,0,False,2,1.20671688958806
31357,31357,0.633625204466429,1650,0,False,2,1.2111138652407605
31358,31358,0.48831133621156,1651,0,False,1,0.9733953124057174
31359,31359,0.488549361181708,1652,0,False,1,1.0484901718093806
31360,31360,0.488216068458758,1653,0,False,1,0.997019569291404
31361,31361,0.480581620470203,1654,0,False,1,0.9792199273955194
31362,31362,0.477202599395482,1655,0,False,1,0.9760750813224164
31363,31363,0.466419021130196,1656,0,False,1,0.8207251002212754
31364,31364,0.464185539982822,1657,0,False,1,0.8286331150614445
31365,31365,0.445557198487423,1658,0,False,1,0.507626368765924
31366,31366,0.446552689149152,1659,0,False,1,0.5257403618194662
31367,31367,0.444605812318316,1660,0,False,1,0.536904123708824
31368,31368,0.442449349002457,1661,0,False,1,0.5478750237160052
31369,31369,0.442940341850761,1662,0,False,1,0.5634290647391534
31370,31370,0.443760625812031,1663,0,False,1,0.5789484867423871
31371,31371,0.441571957168506,1664,0,False,1,0.592079646828407
31372,31372,0.442356313650411,1665,0,False,1,0.6106324127341229
31373,31373,0.448875914408208,1666,0,False,1,0.633513874268149
31374,31374,0.45065899143336,1667,0,False,1,0.6570778972550978
31375,31375,0.44362351204395,1668,0,False,1,0.6918386663942218
31376,31376,0.443669720754526,1669,0,False,1,0.7458708887981359
31377,31377,0.452996453308393,1670,0,False,1,0.7886215331883752
31378,31378,0.453696511083172,1671,0,False,1,0.8020626565158309
31379,31379,0.453725933713222,1672,0,False,1,0.8143098839800811
31380,31380,0.452520420054103,1673,1,True,1,0.8274490891645768
31381,31381,0.452840010172359,1674,1,True,1,0.8382343557223632
31382,31382,0.453355287434961,1675,1,True,1,0.8465967967980176
31436,31436,0.380378803005363,1676,0,False,1,1.0588910218584675
31437,31437,0.44875857288145,1677,2,True,2,2.0362347834312673
31438,31438,0.437164081834974,1678,2,True,2,2.0478708076499155
31439,31439,0.433700759239791,1679,2,True,2,2.027141416131663
31440,31440,0.373158713889053,1680,2,True,2,2.0071818515552047
31441,31441,0.359113477622393,1681,2,True,2,2.018274679988814
31442,31442,0.348845086336629,1682,2,True,2,2.014838048799179
31443,31443,0.342969631660686,1683,2,True,2,2.0143288537494897
31444,31444,0.334032088705635,1684,2,True,2,2.0119349903278616
31445,31445,0.321143817537002,1685,2,True,2,2.0209939550138833
31446,31446,0.317420179937991,1686,2,True,2,2.01816785554343
31447,31447,0.311114480563081,1687,2,True,2,2.018119782512168
31448,31448,0.303831336697191,1688,2,True,2,2.0258859144460684
31630,31630,0.266600791015096,1689,0,False,2,1.1236706431169043
31631,31631,0.270855841085074,1690,0,False,2,1.1073175587023487
31632,31632,0.274529586314443,1691,0,False,2,1.0960124961888422
31633,31633,0.278562849966846,1692,0,False,2,1.0835279393856534
31634,31634,0.283328682272943,1693,0,False,2,1.069527338680598
31635,31635,0.287901571668435,1694,0,False,2,1.0576900155752422
31636,31636,0.290943566849009,1695,0,False,2,1.0523434459817764
31637,31637,0.294530811591255,1696,0,False,2,1.0468371986968845
31638,31638,0.300742642813555,1697,0,False,2,1.0317237775354036
31639,31639,0.306093841686131,1698,0,False,2,1.0223910746129992
31640,31640,0.308067123023178,1699,0,False,2,1.024034340740339
31641,31641,0.311319089427138,1700,0,False,2,1.0205763742214333
31642,31642,0.315381848843156,1701,0,False,2,1.0140765511728587
31643,31643,0.319430597420498,1702,0,False,2,1.0117179955288162
31644,31644,0.323233877466822,1703,0,False,2,0.9707815937904272
31645,31645,0.349146476752227,1704,0,False,2,0.9749129727594769
31646,31646,0.351552714891402,1705,0,False,2,0.9788431147590818
31647,31647,0.355164119186712,1706,0,False,2,0.9762529352855587
31648,31648,0.357406688533847,1707,0,False,2,0.9770960792382415
31649,31649,0.360582893734422,1708,0,False,2,0.97591622184239
31650,31650,0.365335506880062,1709,0,False,2,0.9736039295159241
31651,31651,0.38559724821567,1710,0,False,2,0.9284141718518655
31652,31652,0.904433252567213,1711,0,False,3,1.2468433081536971
31653,31653,0.872528338476809,1712,0,False,3,1.247603745253304
31654,31654,0.867186221323068,1713,0,False,2,3.2414452482067575
31655,31655,0.865472591881839,1714,0,False,2,3.241159652987783
31656,31656,0.76245432309116,1715,1,True,2,2.163439866803135
31657,31657,0.76172825770253,1716,1,True,2,2.112726653444095
31658,31658,0.763498856348776,1717,1,True,2,2.2346240546866034
31659,31659,0.763493420854076,1718,1,True,2,2.2345486431514567
31660,31660,0.763482394961347,1719,1,True,2,2.2344672135911163
31661,31661,0.763422739932898,1720,1,True,2,2.2771583984017463
31662,31662,0.810788152899597,1721,1,True,2,2.518300199626564
31663,31663,0.763466639378328,1722,1,True,2,2.2800054761386486
31664,31664,0.763486362630039,1723,1,True,2,2.2804731387440778
31665,31665,0.763502974478041,1724,1,True,2,2.2804206398962683
31666,31666,0.763525906969715,1725,1,True,2,2.280778911632938
31667,31667,0.761888203160061,1726,1,True,2,2.1700814590079425
31668,31668,0.76190532552648,1727,1,True,2,2.169476094610703
31669,31669,0.761928784619309,1728,1,True,2,2.169666622084457
31670,31670,0.761951103398512,1729,1,True,2,2.16952336003554
31671,31671,0.757640115000547,1730,1,True,2,1.8069382599816872
31672,31672,0.757665167071685,1731,1,True,2,1.8066855332418799
31673,31673,0.76300755624286,1732,1,True,3,1.931370586297329
31674,31674,0.76300755624286,1733,1,True,3,1.93121801015934
31675,31675,0.76300755624286,1734,1,True,3,1.9310733001643738
31676,31676,0.76300755624286,1735,1,True,3,1.9308487355292314
31677,31677,0.76300755624286,1736,1,True,3,1.93074711385947
31678,31678,0.76300755624286,1737,1,True,3,1.9308545229156835
31679,31679,0.762883031307945,1738,1,True,3,1.930518884015622
31680,31680,0.762883031307945,1739,1,True,3,1.9305564849174177
31681,31681,0.762883031307945,1740,1,True,3,1.929497046827936
31682,31682,0.762883031307945,1741,1,True,3,1.9291445048376323
31683,31683,0.762883031307945,1742,1,True,3,1.9288851582987139
31684,31684,0.762883031307945,1743,1,True,3,1.928380776383165
31685,31685,0.762883031307945,1744,1,True,3,1.927948635854604
31686,31686,0.762883031307945,1745,1,True,3,1.9272157920252235
31687,31687,0.762883031307945,1746,1,True,3,1.9266572437340321
31688,31688,0.755538499440799,1747,1,True,2,1.583144406088783
31689,31689,0.755538499440799,1748,1,True,2,1.5814971856453688
31690,31690,0.762883031307945,1749,1,True,3,1.9249201511569327
31691,31691,0.762883031307945,1750,1,True,3,1.924347006871566
31698,31698,0.87222413364163,1751,0,False,3,1.4193097338522662
31699,31699,0.765629173555105,1752,1,True,3,2.0720813988951914
31700,31700,0.789551329324681,1753,0,False,3,1.4515195551617657
31701,31701,0.789551329324681,1754,0,False,3,1.4425996877074927
31702,31702,0.791519765626292,1755,0,False,3,1.4359518732120973
31703,31703,0.789681255900187,1756,0,False,3,1.4265681668595662
31704,31704,0.789681255900187,1757,0,False,3,1.4207609318826242
31705,31705,0.790121735954636,1758,0,False,3,1.413325513056294
31706,31706,0.75495330073514,1759,0,False,2,1.6209468290156495
31768,31768,0.931874523503595,1760,0,False,3,1.2434435942428297
31769,31769,0.933100800344405,1761,0,False,2,3.210252970833304
31770,31770,0.941958363594098,1762,0,False,3,1.277814132120904
31771,31771,0.941958363594098,1763,0,False,3,1.2787077233282842
31772,31772,0.941958363594098,1764,0,False,3,1.2808430075388793
31773,31773,0.941958363594098,1765,0,False,3,1.283230464169844
31774,31774,0.84592393808506,1766,0,False,3,1.243436709286165
31775,31775,0.84592393808506,1767,0,False,3,1.2428440204068225
31776,31776,0.84592393808506,1768,0,False,3,1.2424120819803521
31777,31777,0.84592393808506,1769,0,False,3,1.2417406529226347
31778,31778,0.846853419249926,1770,0,False,3,1.2416862433937421
31779,31779,0.856437900240142,1771,0,False,3,1.240678153177013
31780,31780,0.689771233573476,1772,1,True,3,1.5608241973263444
31781,31781,0.689771233573476,1773,1,True,3,1.5602708843459596
31891,31891,0.943900913000403,1774,0,False,3,1.2469501968007928
31892,31892,0.943900913000403,1775,0,False,3,1.2471790265317526
31893,31893,0.943900913000403,1776,0,False,2,3.4610677018353497
31894,31894,0.944230964627759,1777,0,False,2,3.46231070829688
31895,31895,0.944232071685846,1778,0,False,2,3.463128967833959
31896,31896,0.930792104184291,1779,0,False,2,3.463524547780578
31897,31897,0.930590743088891,1780,0,False,3,1.2504369965195812
31898,31898,0.939992463469815,1781,0,False,3,1.2474184244327309
31899,31899,0.939992463469815,1782,0,False,3,1.5070770185916893
31900,31900,0.940626764936939,1783,0,False,3,1.5052410753709213
32041,32041,0.356053857477403,1784,1,True,2,1.179729727006491
32042,32042,0.351073421834764,1785,1,True,2,1.172279376401235
32043,32043,0.376338502463927,1786,0,False,2,2.5947704404550365
32044,32044,0.36288088323456,1787,0,False,2,1.9447632314345447
32045,32045,0.486101700784155,1788,0,False,2,2.91996558107912
32046,32046,0.469128853532556,1789,0,False,2,2.5466871927123234
32047,32047,0.464243818174856,1790,0,False,2,2.548341524221121
32048,32048,0.337976037437279,1791,0,False,2,2.293698251692294
32049,32049,0.290749615999174,1792,1,True,2,1.1729799263108738
32050,32050,0.308081938844752,1793,2,True,2,1.0768730584025503
32051,32051,0.339155409648716,1794,2,True,2,0.9938043739106045
32052,32052,0.361960163637325,1795,2,True,2,0.9092530942016287
32053,32053,0.355875318520688,1796,2,True,2,0.9095219206271478
32054,32054,0.364836680439253,1797,2,True,2,0.8891103488229791
32055,32055,0.501209830326275,1798,2,True,2,1.240677950699384
32056,32056,0.506886364825327,1799,1,True,2,1.2373391070393642
32057,32057,0.508539289780985,1800,1,True,2,1.2306045103550687
32149,32149,0.940350317395151,1801,0,False,3,1.3348456811707445
32150,32150,0.25030637254902,1802,0,False,2,1.7159554512438113
32247,32247,0.507214183127914,1803,0,False,2,1.3794814221579355
32248,32248,0.497022204820811,1804,1,True,2,1.8548415584571976
32249,32249,0.496448374950405,1805,1,True,2,1.8489491324823966
32250,32250,0.499642028063133,1806,1,True,2,1.8578669623518695
32251,32251,0.499516762102429,1807,1,True,2,1.8535380165603
32252,32252,0.499350561224578,1808,1,True,2,1.8523964762090124
32253,32253,0.499214474241889,1809,1,True,2,1.8491280715758274
32254,32254,0.498951964815089,1810,1,True,2,1.8473155887901727
32255,32255,0.495434188839215,1811,1,True,2,1.7984114442797814
32256,32256,0.489323809037106,1812,1,True,2,1.6458257739061728
32257,32257,0.476187157593529,1813,1,True,2,1.678134377066854
32258,32258,0.475733436684777,1814,1,True,2,1.675331624615238
32259,32259,0.48117843994259,1815,1,True,2,1.7972272963692812
32260,32260,0.480568255720575,1816,1,True,2,1.7941010006156795
32261,32261,0.448246952478633,1817,1,True,2,1.479707276321542
32262,32262,0.447516300219007,1818,1,True,2,1.4793458651518414
32263,32263,0.583333333333333,1819,3,True,3,2.93899668055444
32264,32264,0.583333333333333,1820,3,True,3,2.9392280389473613
32265,32265,0.583333333333333,1821,3,True,3,2.9390974869674653
32266,32266,0.583333333333333,1822,3,True,3,2.9389544133112184
32267,32267,0.583333333333333,1823,3,True,3,2.938801076946714
32268,32268,0.583333333333333,1824,3,True,3,2.9386345945069348
32269,32269,0.583333333333333,1825,3,True,3,2.9384489520038315
32270,32270,0.583333333333333,1826,3,True,3,2.938250161343551
32271,32271,0.583333333333333,1827,3,True,3,2.9380277651938016
32272,32272,0.583333333333333,1828,3,True,3,2.937778770763502
32273,32273,0.583333333333333,1829,3,True,3,2.937516915112955
32274,32274,0.583333333333333,1830,3,True,3,2.9372409969404436
32275,32275,0.583333333333333,1831,3,True,3,2.936923780420468
32276,32276,0.583333333333333,1832,3,True,3,2.9365995758923926
32277,32277,0.583333333333333,1833,3,True,3,2.9362589475381005
32278,32278,0.583333333333333,1834,3,True,3,2.935903190980273
32279,32279,0.583333333333333,1835,3,True,3,2.935521061244857
32280,32280,0.583333333333333,1836,3,True,3,2.9351188055930506
32281,32281,0.583333333333333,1837,3,True,3,2.9346926582225015
32282,32282,0.583333333333333,1838,3,True,3,2.9342502891564677
32283,32283,0.583333333333333,1839,3,True,3,2.933792292713672
32284,32284,0.583333333333333,1840,3,True,3,2.933312572435401
32285,32285,0.583333333333333,1841,3,True,3,2.9328069054799912
32286,32286,0.583333333333333,1842,3,True,3,2.9322876243704608
32287,32287,0.583333333333333,1843,3,True,3,2.931750894329499
32288,32288,0.583333333333333,1844,3,True,3,2.9311844301251275
32289,32289,0.583333333333333,1845,3,True,3,2.930580242859489
32290,32290,0.583333333333333,1846,3,True,3,2.9299650754817006
32291,32291,0.583333333333333,1847,3,True,3,2.929333807275894
32292,32292,0.583333333333333,1848,3,True,3,2.928674775467575
32293,32293,0.583333333333333,1849,3,True,3,2.9279902543524465
32294,32294,0.583333333333333,1850,3,True,3,2.9272890530377063
32295,32295,0.583333333333333,1851,3,True,3,2.9265631219415282
32296,32296,0.583333333333333,1852,3,True,3,2.9258109778067762
32297,32297,0.583333333333333,1853,3,True,3,2.925034824887749
32298,32298,0.583333333333333,1854,3,True,3,2.924227214678537
32299,32299,0.583333333333333,1855,3,True,3,2.923389560570074
32300,32300,0.583333333333333,1856,3,True,3,2.92253255152953
32301,32301,0.75,1857,2,True,3,2.763241705154128
32302,32302,0.75,1858,2,True,3,2.7622742128115143
32303,32303,0.75,1859,2,True,3,2.761295986947462
32304,32304,0.75,1860,2,True,3,2.760304149244329
32305,32305,0.75,1861,2,True,3,2.7592947479978984
32306,32306,0.75,1862,2,True,3,2.758274237140616
32307,32307,0.75,1863,2,True,3,2.7572309435682976
32308,32308,0.75,1864,2,True,3,2.756180342434986
32309,32309,0.75,1865,2,True,3,2.7551094412652426
32310,32310,0.75,1866,2,True,3,2.754029719325596
32311,32311,0.75,1867,2,True,3,2.752919646275206
32312,32312,0.75,1868,2,True,3,2.751777571648741
32313,32313,0.75,1869,2,True,2,1.6856242795559355
32314,32314,0.749836730404354,1870,2,True,2,1.6826561834760052
32315,32315,0.749704805208938,1871,2,True,2,1.679604090366233
32316,32316,0.801963037433403,1872,1,True,2,2.657972765136445
32317,32317,0.840505803567201,1873,0,False,2,3.521457425829624
32318,32318,0.840451800408561,1874,0,False,2,3.5198933733306226
32319,32319,0.840418831573688,1875,0,False,2,3.5182879934502624
32320,32320,0.840405146683146,1876,0,False,2,3.5166349347867523
32321,32321,0.840970742309737,1877,0,False,2,3.5149262292011816
32322,32322,0.840989456974662,1878,0,False,2,3.513164085358278
32323,32323,0.846042272637803,1879,0,False,2,3.5113791149729794
32324,32324,0.846084552699141,1880,0,False,2,3.5095748092600227
32325,32325,0.846746805510034,1881,0,False,2,3.5077256180831613
32326,32326,0.846806511011337,1882,0,False,2,3.5058436316328967
32327,32327,0.846872402709151,1883,0,False,2,3.5039484268340413
32328,32328,0.846943333399871,1884,0,False,2,3.5020434288380207
32329,32329,0.847084031276913,1885,0,False,2,3.500125545935088
32330,32330,0.847161663363266,1886,0,False,2,3.4982122267806885
32331,32331,0.847256112022233,1887,0,False,2,3.4963025796130833
32332,32332,0.87304837343197,1888,0,False,3,1.2949436943634347
32333,32333,0.87304837343197,1889,0,False,3,1.291847625667512
32334,32334,0.829085584623848,1890,0,False,2,3.4592063348017335
32335,32335,0.828645961480326,1891,0,False,2,3.457176843083098
32336,32336,0.828190344058665,1892,0,False,2,3.4551059558969817
32337,32337,0.827790921206873,1893,0,False,2,3.4501595986633897
32338,32338,0.828364272774786,1894,0,False,2,3.4493876360648335
32339,32339,0.828078247009715,1895,0,False,2,3.447255763735741
32340,32340,0.827823375475169,1896,0,False,2,3.4451229590998462
32341,32341,0.827740206120307,1897,0,False,2,3.4439105404911996
32342,32342,0.828009062177242,1898,0,False,2,3.4424927823214695
32343,32343,0.823934480046119,1899,0,False,2,3.442107944904791
32355,32355,0.378374307017837,1900,0,False,1,0.9995734444540155
32516,32516,0.953742220723973,1901,0,False,3,3.385245360907547
32699,32699,0.823881477027116,1902,0,False,2,3.436171268989853
32700,32700,0.823587828680924,1903,0,False,2,3.4314429616340756
32701,32701,0.786391601093458,1904,1,True,2,2.562993692442191
32702,32702,0.78650408378695,1905,1,True,2,2.5611709753870397
32703,32703,0.747259074981195,1906,1,True,2,2.471425143478417
32704,32704,0.748039315100588,1907,1,True,2,2.4703628801571886
32705,32705,0.748800768228772,1908,1,True,2,2.46964918800995
32706,32706,0.76300755624286,1909,1,True,3,1.9469741234631308
32707,32707,0.76300755624286,1910,1,True,3,1.9459364440507543
32708,32708,0.764986869158819,1911,1,True,3,1.9924780067420642
32709,32709,0.764986869158819,1912,1,True,3,1.9948329788015686
32710,32710,0.765922830122342,1913,1,True,3,1.9441431991318818
32711,32711,0.764986869158819,1914,1,True,3,1.9443630852553764
32712,32712,0.764986869158819,1915,1,True,3,1.9450070882877917
32713,32713,0.76300755624286,1916,1,True,2,2.5284062532223763
32714,32714,0.76300755624286,1917,1,True,3,1.9459599045811686
32715,32715,0.76300755624286,1918,1,True,3,1.9471405352766684
32716,32716,0.762883031307945,1919,1,True,3,1.948661536455323
32717,32717,0.762883031307945,1920,1,True,3,1.9485337332108328
32718,32718,0.762883031307945,1921,1,True,3,1.9525071956860447
32719,32719,0.762883031307945,1922,1,True,3,1.95413119635657
32720,32720,0.762883031307945,1923,1,True,3,1.956856579896001
32721,32721,0.762883031307945,1924,1,True,3,1.954841458387536
32722,32722,0.762883031307945,1925,1,True,3,1.9610732394649453
32723,32723,0.762883031307945,1926,1,True,3,1.9661164049252193
32749,32749,0.468373970513046,1927,0,False,2,1.3516833884016108
32750,32750,0.478009476594016,1928,0,False,2,1.3225150398123713
32751,32751,0.478562221206467,1929,0,False,2,1.3248870477739352
32752,32752,0.481013933156009,1930,0,False,2,1.5451066669250468
32753,32753,0.481142568655548,1931,0,False,2,1.540325336062799
32754,32754,0.336548913999374,1932,2,True,1,2.50547010332308
32755,32755,0.357293917333666,1933,2,True,1,2.473551513903364
32756,32756,0.357404928163119,1934,2,True,1,2.4806743274862253
32757,32757,0.358834746922113,1935,2,True,1,2.479654875072397
32758,32758,0.358990030220994,1936,2,True,1,2.491323579380947
32759,32759,0.359047774470576,1937,2,True,1,2.490916745579213
32760,32760,0.411873347105827,1938,3,True,2,1.0638709639479165
32761,32761,0.413764627479108,1939,3,True,2,1.0644937187185197
32762,32762,0.432230937774594,1940,3,True,2,1.0706425153595502
32763,32763,0.434756443752009,1941,3,True,2,1.0724139976718525
32764,32764,0.4414769913589,1942,3,True,2,1.0781796459680744
32765,32765,0.476636807818814,1943,3,True,2,1.0753893969044634
32766,32766,0.483707287090499,1944,3,True,2,1.08492600316558
32767,32767,0.488508267737057,1945,3,True,2,1.0913374499479958
32768,32768,0.49615830995837,1946,3,True,2,1.1044688708723687
32769,32769,0.497999231942491,1947,3,True,2,1.1051574904345187
32770,32770,0.500892589776877,1948,3,True,2,1.1070960166655435
32771,32771,0.678388808960804,1949,2,True,2,1.3188037970273816
32772,32772,0.690731267000294,1950,2,True,2,1.3372369834144584
32773,32773,0.715998473856617,1951,2,True,2,1.360572697232903
32774,32774,0.724967171560855,1952,2,True,2,1.3815203408250516
32775,32775,0.733612198241723,1953,2,True,2,1.3949051849711256
32776,32776,0.75,1954,2,True,3,2.7191164171073585
32777,32777,0.414535415962483,1955,2,True,2,0.8543513627125515
32778,32778,0.41116938430709,1956,2,True,2,0.8533090796804167
32779,32779,0.379238674785513,1957,2,True,2,0.9929038766975282
32780,32780,0.368467217267206,1958,1,True,2,1.0214976740406363
32781,32781,0.361033456223479,1959,1,True,2,1.038099857996913
32782,32782,0.3586211489722,1960,1,True,2,1.036093351961785
32783,32783,0.362640643084643,1961,1,True,2,1.0264963240380836
32784,32784,0.391645559569776,1962,0,False,2,2.1000236264676833
32785,32785,0.47576152287417,1963,0,False,2,1.978707366220711
32786,32786,0.361701670094194,1964,0,False,2,1.5574421615562621
32787,32787,0.358395262685109,1965,0,False,2,1.5683287474689687
32788,32788,0.366883010813595,1966,0,False,2,1.7491471102181166
32789,32789,0.363980272735456,1967,0,False,2,1.7533894226835096
32790,32790,0.345714117069577,1968,0,False,2,1.0544989655303851
32791,32791,0.350125604603544,1969,0,False,2,1.115736520353889
32792,32792,0.337656815010828,1970,0,False,2,1.0784331395830364
32793,32793,0.342280405817962,1971,0,False,2,1.0709395672661801
32794,32794,0.343724171487566,1972,0,False,2,1.0716755736669776
32966,32966,0.75,1973,2,True,3,2.7117835449316177
32967,32967,0.75,1974,2,True,3,2.7115298541687745
32968,32968,0.75,1975,2,True,3,2.710745933755894
32969,32969,0.75,1976,2,True,3,2.7102168467895624
32970,32970,0.75,1977,2,True,3,2.71010588710016
32978,32978,0.665072768286282,1978,0,False,2,2.482400226922623
32979,32979,0.664302166849987,1979,0,False,2,2.482080668007552
32980,32980,0.667870249933172,1980,0,False,2,2.461802221701802
32981,32981,0.558514350134964,1981,0,False,2,2.307356091562375
32982,32982,0.560094314999564,1982,0,False,2,2.302613398300056
32983,32983,0.572612879813104,1983,0,False,2,2.4880408851443705
32984,32984,0.573888915029979,1984,0,False,2,2.4852490109291323
32985,32985,0.575103771578866,1985,0,False,2,2.483195418591792
32986,32986,0.444716120108903,1986,0,False,2,0.9196382708408596
32987,32987,0.445045813934934,1987,0,False,2,0.9206016724771182
32988,32988,0.44523905328703,1988,0,False,2,0.9201386136304959
32989,32989,0.445615729880469,1989,0,False,2,0.9199822201635768
32990,32990,0.446348165247135,1990,0,False,2,0.9216786028883237
32991,32991,0.447283990177113,1991,0,False,2,0.9235983175880763
32992,32992,0.447604931824718,1992,0,False,2,0.9233846969207785
32993,32993,0.448593582482568,1993,0,False,2,0.9260646288598416
32994,32994,0.448976788746277,1994,0,False,2,0.9254513687332767
32995,32995,0.449077165466956,1995,0,False,2,0.9248973704771191
32996,32996,0.449376726899716,1996,0,False,2,0.9248247608337125
32997,32997,0.44959813244986,1997,0,False,2,0.9245121886838278
32998,32998,0.452221526687118,1998,0,False,2,0.9203606877734418
32999,32999,0.452600593937118,1999,0,False,2,0.9199685490914168
33000,33000,0.45586347573705,2000,0,False,2,0.9169896818267232
33001,33001,0.456187057992127,2001,0,False,2,0.9144097431950952
33002,33002,0.459018087120399,2002,0,False,2,0.912123395924244
33003,33003,0.504376565391103,2003,0,False,2,1.486863874199697
33004,33004,0.504277698151148,2004,0,False,2,1.485947858419281
33005,33005,0.586652671499394,2005,0,False,2,2.1261032543431777
33006,33006,0.634783997902743,2006,0,False,2,2.758788190513706
33007,33007,0.638539434592622,2007,0,False,2,2.8212204199436854
33008,33008,0.617706854656949,2008,0,False,2,2.106100095011203
33009,33009,0.621337989838089,2009,0,False,2,2.1139746787501656
33010,33010,0.632568198285664,2010,0,False,2,2.264149188935793
33011,33011,0.650750464205729,2011,0,False,2,2.2751294812275344
33012,33012,0.649344719821743,2012,0,False,2,2.276172478548286
33013,33013,0.639025134066134,2013,0,False,2,2.088024768946715
33014,33014,0.642441265656818,2014,0,False,2,2.0885956855143655
33015,33015,0.642690237364154,2015,0,False,2,2.0898135715254353
33016,33016,0.656659505962894,2016,0,False,2,2.066650765421604
33390,33390,0.916697152651354,2017,0,False,3,1.2374641907808401
33391,33391,0.916697152651354,2018,0,False,3,1.2375838478737944
33392,33392,0.916697152651354,2019,0,False,3,1.2378738937703897
33393,33393,0.922293019212366,2020,0,False,3,1.238767758641807
33394,33394,0.931326443578062,2021,0,False,3,1.2374643044140383
33560,33560,0.958016140095198,2022,0,False,3,1.229763103882937
33561,33561,0.958016140095198,2023,0,False,3,1.2292348107961952
33562,33562,0.95685651292791,2024,0,False,3,1.2292510448293388
33563,33563,0.33486847788768,2025,0,False,2,1.4997165346333527
33564,33564,0.48396966890161,2026,0,False,2,1.682583490385074
33565,33565,0.253522489408106,2027,1,True,1,2.1998134861245155
33568,33568,0.501199944484796,2028,0,False,2,1.2384739146048434
33569,33569,0.495106501972066,2029,0,False,2,1.2119298174995796
33570,33570,0.515668356916924,2030,0,False,2,1.2726133058262845
33571,33571,0.515569474599324,2031,0,False,2,1.2751495704895028
33572,33572,0.518378849217638,2032,0,False,2,1.2809250081789185
33573,33573,0.519583874418679,2033,0,False,2,1.2804404903767004
33574,33574,0.52167880986851,2034,0,False,2,1.2864106244892757
33575,33575,0.529392354642108,2035,0,False,2,1.2673039651458369
33576,33576,0.524722458975088,2036,0,False,2,1.2564209723589712
34285,34285,0.444223582098214,2037,0,False,1,1.2839670016005895
34286,34286,0.44401967211628,2038,0,False,1,1.2881979986495975
34287,34287,0.444544541025101,2039,0,False,1,1.2898739893597408
34288,34288,0.27538420040091,2040,1,True,1,2.1605772186259684
34289,34289,0.465458969336188,2041,0,False,2,1.542069763995986
34290,34290,0.468842824169411,2042,0,False,2,1.4745422419520031
34291,34291,0.404382730490077,2043,0,False,1,2.068553720598137
34292,34292,0.402497645667832,2044,0,False,1,2.0432557644288583
34293,34293,0.404193747632128,2045,0,False,1,2.05344530655835
34297,34297,0.270105615400897,2046,1,True,1,1.7085826983985575
34298,34298,0.270772590066441,2047,1,True,1,1.706279237712833
34299,34299,0.270323189562911,2048,0,False,2,1.506880283067284
34300,34300,0.278615944385945,2049,0,False,2,1.4407597050249499
34301,34301,0.946728646088161,2050,0,False,2,3.7595337841696814
34302,34302,0.945390039924782,2051,0,False,3,2.317515364752667
34303,34303,0.854427965036688,2052,0,False,2,3.527627799241379
34304,34304,0.853279620558453,2053,0,False,2,3.52473603574478
34305,34305,0.851244882832552,2054,0,False,2,3.5068788641658055
34306,34306,0.846842913025537,2055,0,False,2,3.5023217802399724
34307,34307,0.841053757384619,2056,0,False,2,3.4681742680893604
34308,34308,0.811294988840254,2057,0,False,2,3.4415772729015166
34309,34309,0.810312036517608,2058,0,False,2,3.4395900672117445
34310,34310,0.80665754922132,2059,0,False,2,3.3552718994868416
34311,34311,0.802652825075336,2060,0,False,2,3.30040979374915
34312,34312,0.80124397352575,2061,0,False,2,3.2868674815093066
34313,34313,0.799355628339116,2062,0,False,2,3.2856675239097792
34314,34314,0.795996987910154,2063,0,False,2,3.238453554620824
34315,34315,0.788668189711029,2064,0,False,2,3.1945873665007753
34316,34316,0.786815202734895,2065,0,False,2,3.1920524769973957
34317,34317,0.77892075418372,2066,0,False,2,3.1311343134226735
34318,34318,0.775435039253516,2067,0,False,2,3.1298583326005653
34319,34319,0.769908132938401,2068,0,False,2,3.0293817815842536
34320,34320,0.670795732612249,2069,0,False,2,2.0836013707101713
34321,34321,0.671355907572991,2070,0,False,2,2.0840176832915542
34322,34322,0.683003299034073,2071,0,False,2,2.8886394740041386
34323,34323,0.696614197637186,2072,0,False,2,3.043005219837703
34324,34324,0.697374636483159,2073,0,False,2,3.0435652597374037
34325,34325,0.780342460029741,2074,0,False,2,3.2814287066717363
34326,34326,0.783894080239783,2075,0,False,2,3.282690914765635
34327,34327,0.788052570803317,2076,0,False,2,3.3297693951039893
34328,34328,0.788170545726891,2077,0,False,2,3.3313983707668595
34329,34329,0.788418626904818,2078,0,False,2,3.3304214859787025
34330,34330,0.790923040630077,2079,0,False,2,3.33167431298216
34331,34331,0.802262325928543,2080,0,False,2,3.417909401126859
34332,34332,0.801846037448755,2081,0,False,2,3.418417535143469
34333,34333,0.802297178749537,2082,0,False,2,3.4190283801736605
34334,34334,0.804562256304274,2083,0,False,2,3.446811995357153
34335,34335,0.8075293896988,2084,0,False,2,3.4849092325883047
34336,34336,0.811088889267933,2085,0,False,2,3.56653207832169
34337,34337,0.812071649015119,2086,0,False,2,3.5680966538288574
34338,34338,0.856682550218929,2087,0,False,2,3.817777738420519
34339,34339,0.943936917504161,2088,0,False,3,2.5910388400807434
34340,34340,0.946728646088161,2089,0,False,2,3.9136405471739844
34341,34341,0.414939332891258,2090,0,False,2,0.9145299110424083
34342,34342,0.467980715076972,2091,0,False,2,1.3738014293091316
34343,34343,0.470188928350611,2092,0,False,2,1.3760195059313445
34344,34344,0.461648312670336,2093,0,False,2,1.3969651210463854
34345,34345,0.460132649067622,2094,0,False,2,1.4039724687529576
34346,34346,0.458188511270152,2095,0,False,2,1.4122088458747046
34347,34347,0.456519084322131,2096,0,False,2,1.4203172679749638
34348,34348,0.396951389121182,2097,0,False,1,1.5919434566881152
34349,34349,0.727072871150624,2098,2,True,2,1.6133969692919508
34350,34350,0.726360914878467,2099,2,True,2,1.6152414696980892
34351,34351,0.724747102227006,2100,2,True,2,1.622914480212487
34352,34352,0.720636300399044,2101,2,True,2,1.6348556310301863
34353,34353,0.715155210070711,2102,2,True,2,1.6431891470971214
34354,34354,0.705951170706087,2103,2,True,2,1.6647140405690053
34355,34355,0.688654294065272,2104,2,True,2,1.687925709717528
34356,34356,0.67093121458779,2105,2,True,2,1.7139197062235343
34357,34357,0.652412095349168,2106,2,True,1,1.6825430174088576
34358,34358,0.632996431145344,2107,2,True,1,1.6113578735714889
34359,34359,0.613302335182178,2108,2,True,1,1.5401007830976032
34360,34360,0.564586663637456,2109,2,True,1,1.2900230595459916
34369,34369,0.75,2110,2,True,3,2.6965251458729473
34370,34370,0.75,2111,2,True,3,2.696557996269048
34371,34371,0.75,2112,2,True,2,1.5204855623671751
34372,34372,0.749951205547768,2113,2,True,2,1.5203884332935274
34373,34373,0.749907488370465,2114,2,True,2,1.520256260779827
34374,34374,0.749867679418747,2115,2,True,2,1.520038031195953
34375,34375,0.749831721774005,2116,2,True,2,1.5197467734181918
34376,34376,0.749799626979424,2117,2,True,2,1.5193901612567962
34377,34377,0.749771467826138,2118,2,True,2,1.5189406518127033
34378,34378,0.749747082968192,2119,2,True,2,1.5184421769557366
34379,34379,0.74972644571122,2120,2,True,2,1.5178893533613973
34380,34380,0.749709560997395,2121,2,True,2,1.5172696472280618
34381,34381,0.74969625660745,2122,2,True,2,1.5166019967220739
34382,34382,0.749686610194384,2123,2,True,2,1.5158707002600866
34383,34383,0.749676727674253,2124,2,True,2,1.514847515090007
34384,34384,0.749669707635081,2125,2,True,2,1.513934448368626
34385,34385,0.749668994003877,2126,2,True,2,1.5134616428144552
34386,34386,0.749669145953085,2127,2,True,2,1.51296557983892
34387,34387,0.749670179760723,2128,2,True,2,1.5124435546970378
34388,34388,0.749672064198094,2129,2,True,2,1.511900406389652
34389,34389,0.749674794193464,2130,2,True,2,1.511336347330589
34390,34390,0.749678362502436,2131,2,True,2,1.5107479526994534
34391,34391,0.749682730553003,2132,2,True,2,1.510143500030256
34392,34392,0.749687825912911,2133,2,True,2,1.5095224287238094
34393,34393,0.749702991105513,2134,2,True,2,1.509163408982785
34394,34394,0.73041911995998,2135,0,False,2,2.1516263893554695
34395,34395,0.726665709062973,2136,0,False,2,2.151182794285897
34396,34396,0.714588111096938,2137,0,False,2,2.0548973890419155
34397,34397,0.713554661730426,2138,0,False,2,2.0550797488812167
34398,34398,0.712509399519572,2139,0,False,2,2.0552163652337225
34399,34399,0.710059930625449,2140,0,False,2,2.055201554188863
34400,34400,0.709013172351444,2141,0,False,2,2.0555225085623317
34401,34401,0.708975644469377,2142,0,False,2,2.0556714304901256
34402,34402,0.706672305743081,2143,0,False,2,2.0031053956891562
34403,34403,0.692439307286605,2144,0,False,2,1.5145494324414082
34404,34404,0.652024277782082,2145,0,False,2,1.7057738973958259
34405,34405,0.668965669447446,2146,0,False,2,2.0319317548487597
34406,34406,0.641487813669702,2147,0,False,2,1.2241639899244416
34407,34407,0.637958291561914,2148,1,True,2,1.2316437499879085
34563,34563,0.75,2149,2,True,3,2.796951569019781
34564,34564,0.75,2150,2,True,3,2.7895872007523335
34565,34565,0.75,2151,2,True,3,2.7869488715215636
34566,34566,0.75,2152,2,True,3,2.7802442778049246
34567,34567,0.75,2153,2,True,3,2.777417183369851
34568,34568,0.75,2154,2,True,3,2.7745867764031855
34569,34569,0.75,2155,2,True,3,2.7718653590473314
34570,34570,0.75,2156,2,True,3,2.77239347899161
34571,34571,0.75,2157,2,True,3,2.7719263582870983
34572,34572,0.75,2158,2,True,3,2.770690494787064
34573,34573,0.75,2159,2,True,3,2.770019917382696
34574,34574,0.745085362957075,2160,2,True,2,1.4868870879963052
34575,34575,0.744873637733169,2161,2,True,2,1.4859153983679096
34576,34576,0.744869692739353,2162,2,True,2,1.4865952773456677
34577,34577,0.74486679591534,2163,2,True,2,1.484830295109936
34578,34578,0.744870708204082,2164,2,True,2,1.484109383313509
34579,34579,0.744873781371027,2165,2,True,2,1.4848122956808303
34580,34580,0.744878807454395,2166,2,True,2,1.4848919845892594
34581,34581,0.75,2167,2,True,3,2.769284378303984
34582,34582,0.583333333333333,2168,3,True,2,1.3413290987237159
34583,34583,0.583333333333333,2169,3,True,3,2.9290101262071513
34584,34584,0.583333333333333,2170,3,True,3,3.0278372539159015
34585,34585,0.555877178171374,2171,3,True,2,1.3771153771822
34586,34586,0.555073625315066,2172,3,True,2,1.3750563711804098
34587,34587,0.554909608621002,2173,3,True,2,1.3755732425231026
34588,34588,0.55480526745776,2174,3,True,2,1.375306729558345
34589,34589,0.553845081134582,2175,3,True,2,1.3720375834759726
34590,34590,0.553612929559744,2176,3,True,2,1.3710917268091953
34591,34591,0.546868081809442,2177,3,True,2,1.3541287411331662
34592,34592,0.543720193831188,2178,3,True,2,1.3490052613331174
34593,34593,0.539334001124641,2179,3,True,2,1.3414683134003171
34697,34697,0.310348888089796,2180,0,False,2,1.2543850648154704
34698,34698,0.310039818071925,2181,0,False,2,1.255062854059641
34699,34699,0.308906844030268,2182,0,False,2,1.256110225838168
34700,34700,0.319792831688642,2183,0,False,2,1.22207213687533
34701,34701,0.307798012998935,2184,0,False,2,1.2808940922188703
34702,34702,0.317525073705157,2185,0,False,2,1.253623553477465
34703,34703,0.327684380508046,2186,0,False,2,1.2220422392081
34704,34704,0.330217216274293,2187,0,False,2,1.1980826466851637
34705,34705,0.3342916241686,2188,1,True,2,1.1933843324351954
34706,34706,0.335242547995373,2189,1,True,2,1.1794398414306977
34751,34751,0.276822967154079,2190,2,True,2,1.1645509865195016
34752,34752,0.290696422701529,2191,2,True,2,1.139662248783172
34753,34753,0.297756224030025,2192,2,True,2,1.1292546647262345
34754,34754,0.303247330195979,2193,2,True,2,1.1278057289004397
34755,34755,0.30572201007177,2194,2,True,2,1.1208230830809203
34756,34756,0.313918543785878,2195,2,True,2,1.1054367345488998
34757,34757,0.330899204182785,2196,2,True,2,1.101120624422024
34758,34758,0.339813485225105,2197,2,True,2,1.1136564227165606
34759,34759,0.349149064697595,2198,2,True,2,1.1092836804119748
34760,34760,0.372243674526308,2199,2,True,2,1.0983703415591293
34761,34761,0.418659849509989,2200,2,True,2,1.1437409552066686
34762,34762,0.421101916427991,2201,2,True,2,1.14023634594289
34763,34763,0.464618556673605,2202,2,True,2,1.7958178883066505
34948,34948,0.500004429248764,2203,0,False,2,1.5624531776167219
34949,34949,0.509973445951677,2204,0,False,2,1.5838232959463054
35026,35026,0.344694617285783,2205,2,True,2,1.0575476347555195
35027,35027,0.341472404261046,2206,2,True,2,1.0542035881985754
35028,35028,0.343557891000123,2207,2,True,2,1.0573168958992514
35029,35029,0.332731598347399,2208,2,True,2,1.0587410835703657
35030,35030,0.332349115597447,2209,2,True,2,1.0580527464552436
35031,35031,0.324596521944316,2210,2,True,2,1.0543068344623294
35032,35032,0.320090374160436,2211,2,True,2,1.0707171435200653
35033,35033,0.319023603458955,2212,2,True,2,1.073189254715998
35034,35034,0.318527279104986,2213,2,True,2,1.0746354896659767
35035,35035,0.31833545519684,2214,2,True,2,1.074853317280419
35036,35036,0.277514124104302,2215,2,True,2,1.1676073850476054
35037,35037,0.272843636971295,2216,2,True,2,1.1670049445355197
35038,35038,0.272022307508211,2217,2,True,2,1.1674142765174216
35039,35039,0.269150405978729,2218,2,True,2,1.170156762179273
35040,35040,0.26311053021237,2219,2,True,2,1.1730146149322531
35041,35041,0.262682468310971,2220,2,True,2,1.1739089551305735
35042,35042,0.25605288758477,2221,2,True,2,1.1796989103100395
35043,35043,0.252530336980674,2222,2,True,2,1.1848945481272226
35044,35044,0.252023568138458,2223,2,True,2,1.18804261328814
35045,35045,0.2512325008341,2224,2,True,2,1.1879445305707985
35046,35046,0.250303349543046,2225,2,True,2,1.1917981073538169
35066,35066,0.943542841250603,2226,0,False,3,1.2316737732301928
35067,35067,0.948298093856733,2227,0,False,3,1.2316855176891561
35068,35068,0.948298093856733,2228,0,False,3,1.2318274433558432
35069,35069,0.948298093856733,2229,0,False,3,1.232178242566633
35070,35070,0.949422263394726,2230,0,False,3,1.2323376378216657
35071,35071,0.949422263394726,2231,0,False,3,1.2325320822885797
35072,35072,0.949422263394726,2232,0,False,3,1.2326285452483674
35073,35073,0.949422263394726,2233,0,False,3,1.2328139566799072
35074,35074,0.948514839368778,2234,0,False,3,1.2332555712644222
35075,35075,0.948514839368778,2235,0,False,3,1.2331936255303872
35076,35076,0.948514839368778,2236,0,False,3,1.2331341001625644
35077,35077,0.948514839368778,2237,0,False,3,1.2333913633991744
35078,35078,0.943518300394261,2238,0,False,3,1.2336656140282438
35079,35079,0.943134573352964,2239,0,False,2,3.4474265727932374
35080,35080,0.943134573352964,2240,0,False,2,3.4473744453489945
35081,35081,0.938835280984487,2241,0,False,3,1.2335899322262034
35082,35082,0.938835280984487,2242,0,False,3,1.2333458695461454
35083,35083,0.939180307704828,2243,0,False,3,1.2334120991172932
35084,35084,0.939180307704828,2244,0,False,3,1.233253378507935
35085,35085,0.938138391133035,2245,0,False,3,1.2333440712317743
35086,35086,0.938138391133035,2246,0,False,3,1.2332312356580362
35087,35087,0.938138391133035,2247,0,False,3,1.2331911104007391
35088,35088,0.938138391133035,2248,0,False,3,1.233263866252008
35089,35089,0.92556785841364,2249,0,False,3,1.2330425107466132
35090,35090,0.92556785841364,2250,0,False,3,1.2334808432912843
35091,35091,0.925179418328912,2251,0,False,3,1.2289351454096833
35092,35092,0.925179418328912,2252,0,False,2,3.4376821769044774
35093,35093,0.925179017805883,2253,0,False,2,3.438121024057457
35094,35094,0.925879188278892,2254,0,False,2,3.4387070435914042
35095,35095,0.930389922925529,2255,0,False,3,1.2291559100298115
35096,35096,0.931048208433628,2256,0,False,3,1.2293346498329953
35097,35097,0.930062597275609,2257,0,False,3,1.229553162225994
35098,35098,0.929828052212426,2258,0,False,3,1.2295581000701414
35099,35099,0.765300390371564,2259,1,True,3,2.0310924105451047
35100,35100,0.809240141176468,2260,0,False,3,1.3990234429465
35101,35101,0.870526030502879,2261,0,False,3,1.408299382516291
35207,35207,0.279665061419123,2262,1,True,1,1.284752887829872
35208,35208,0.328011275242477,2263,2,True,1,1.1125706519749499
35503,35503,0.944111958826324,2264,0,False,3,1.2345984564243029
35504,35504,0.774929041831102,2265,1,True,3,1.5592542699410417
35505,35505,0.774969736329923,2266,1,True,3,1.5644649584975303
35506,35506,0.771618643434427,2267,1,True,3,1.568196436266464
35507,35507,0.77126111470075,2268,1,True,3,1.5702611734253187
35568,35568,0.251788335064707,2269,0,False,2,1.051896948622904
35569,35569,0.254521852314734,2270,0,False,2,1.0524683670510657
35570,35570,0.258999629665001,2271,0,False,2,1.0492322195509447
35571,35571,0.266372752344019,2272,0,False,2,1.0402604920451874
35572,35572,0.272037736714959,2273,0,False,2,1.0351188901015134
35573,35573,0.273663081084395,2274,0,False,2,1.0407230746691958
35574,35574,0.277987985676545,2275,0,False,2,1.034542308437798
35575,35575,0.278889939334905,2276,0,False,2,1.0417610786068512
35576,35576,0.280975833264016,2277,0,False,2,1.0430240920166398
35577,35577,0.2840734068041,2278,0,False,2,1.0444290967543397
35578,35578,0.288681076508423,2279,0,False,2,1.0496990586899753
35579,35579,0.309060717536929,2280,0,False,2,1.0358433934556532
35580,35580,0.313319290319647,2281,0,False,2,1.0504619112035454
35581,35581,0.341829277948569,2282,0,False,2,2.593313099515992
35582,35582,0.344259709825561,2283,0,False,2,2.5827897426864364
35583,35583,0.352097743528636,2284,0,False,2,2.5693624064018183
35665,35665,0.370367994806637,2285,3,True,2,1.315652205405013
35666,35666,0.369024786028665,2286,3,True,2,1.3236635826476668
35667,35667,0.37286214932023,2287,3,True,2,1.3290151331914815
35668,35668,0.351874743172085,2288,3,True,2,1.3578844222850859
35669,35669,0.839462174091132,2289,0,False,3,2.3401420543657068
35670,35670,0.839462174091132,2290,0,False,3,2.3424812267678923
35671,35671,0.839462174091132,2291,0,False,3,2.340058740978402
35672,35672,0.826206988424694,2292,0,False,3,2.3406135368480823
35673,35673,0.807397815061995,2293,0,False,3,2.3462772658329123
35674,35674,0.888694627893383,2294,0,False,3,2.350400976249849
35675,35675,0.90051694939664,2295,0,False,3,2.3572688577544234
35676,35676,0.903515805970979,2296,0,False,3,2.3647461226062556
35677,35677,0.903515805970979,2297,0,False,3,2.372001478679009
35678,35678,0.909986908738907,2298,0,False,3,2.3751740924426485
35679,35679,0.913608681015255,2299,0,False,3,2.3738601964587236
35680,35680,0.914622005450068,2300,0,False,3,2.0239375690800454
35681,35681,0.916697152651354,2301,0,False,3,2.037876938410502
35682,35682,0.925644548732577,2302,0,False,3,2.030783115819364
35683,35683,0.930737561250725,2303,0,False,3,2.0574191672063353
35684,35684,0.939481726231211,2304,0,False,3,2.0585283981772227
35685,35685,0.939942957648641,2305,0,False,3,2.059345580077563
35686,35686,0.939354075321304,2306,0,False,3,2.0651207906647313
35687,35687,0.942749013366764,2307,0,False,3,2.067321397250822
35688,35688,0.942749013366764,2308,0,False,3,2.069639931026265
35804,35804,0.377306739308042,2309,1,True,1,1.059082083535446
35805,35805,0.369724466701809,2310,2,True,1,1.0504904129562898
35806,35806,0.365999715026998,2311,2,True,1,1.04390407251797
35807,35807,0.36474734494027,2312,2,True,1,1.0422588017464927
35808,35808,0.363906484183679,2313,2,True,1,1.0417822886706856
35809,35809,0.374927514509368,2314,2,True,1,1.0645500702855277
35810,35810,0.374354693807352,2315,2,True,1,1.0638736857336912
35811,35811,0.374068024728907,2316,2,True,1,1.0642461972153232
35812,35812,0.373035112604341,2317,2,True,1,1.0623990359787425
35813,35813,0.371881908087963,2318,2,True,1,1.0604660912697301
35814,35814,0.360802243421725,2319,2,True,1,1.0505098298828222
35815,35815,0.360239272279833,2320,2,True,1,1.0496019886034897
35821,35821,0.524347236758253,2321,1,True,2,2.0512787395516763
35822,35822,0.526744142247773,2322,1,True,2,2.0500062649028385
35823,35823,0.526734047995875,2323,1,True,2,2.0503692424542175
35824,35824,0.527864949585531,2324,1,True,2,2.047858799666829
35825,35825,0.543526883836517,2325,1,True,2,2.773844623145522
35826,35826,0.549440725693947,2326,1,True,2,2.772418968530915
35827,35827,0.550792942298047,2327,1,True,2,2.771814068208181
35828,35828,0.55109038755921,2328,1,True,2,2.7694878422160882
35829,35829,0.553980577591775,2329,1,True,2,2.765976272218911
35830,35830,0.561280382908818,2330,1,True,2,2.7613483842049766
35831,35831,0.56504452276125,2331,1,True,2,2.7615164934429854
35832,35832,0.57088265392148,2332,1,True,2,2.761429848874358
35833,35833,0.571663183637911,2333,1,True,2,2.7574928686681823
35834,35834,0.588826054356708,2334,1,True,2,2.830923448959873
35835,35835,0.590812503207168,2335,1,True,2,2.8315669043859266
35836,35836,0.593671943646397,2336,1,True,2,2.8307970849801434
35837,35837,0.597182163956169,2337,1,True,2,2.8305613762200403
35838,35838,0.762063462949821,2338,1,True,3,2.086231913862281
35839,35839,0.762063462949821,2339,1,True,3,2.0855137763087743
35840,35840,0.762063462949821,2340,1,True,3,2.0861133239567176
35841,35841,0.937027415559451,2341,0,False,3,1.8537474359632011
35842,35842,0.937027415559451,2342,0,False,3,1.8505203853168823
35843,35843,0.943765886165746,2343,0,False,3,1.8534143923037532
35844,35844,0.943765886165746,2344,0,False,3,1.8509534423136258
35845,35845,0.946486432022356,2345,0,False,3,1.8518238943279364
35846,35846,0.946486432022356,2346,0,False,3,1.8534702252929145
35847,35847,0.946486432022356,2347,0,False,3,1.8526889880572803
35848,35848,0.949293210357182,2348,0,False,3,1.8507936579245183
35849,35849,0.950085476099507,2349,0,False,3,1.8487224190324132
35850,35850,0.949239556084402,2350,0,False,3,1.8529882336708041
35851,35851,0.949239556084402,2351,0,False,3,1.8545108930912069
35852,35852,0.949810370212503,2352,0,False,3,1.8563086404870652
35853,35853,0.949239556084402,2353,0,False,3,1.8582104737723106
35854,35854,0.948886196496679,2354,0,False,3,1.8596393083564575
35855,35855,0.944993124277539,2355,0,False,3,1.8615356326581791
35856,35856,0.944993124277539,2356,0,False,3,1.8635263072192
35857,35857,0.943907794341359,2357,0,False,3,1.864890647635976
35858,35858,0.936517012210804,2358,0,False,3,1.8678828596162924
35859,35859,0.92556785841364,2359,0,False,3,1.874595827697619
35860,35860,0.92556785841364,2360,0,False,3,1.879130790849159
35861,35861,0.92556785841364,2361,0,False,3,1.8798535803457168
35862,35862,0.92556785841364,2362,0,False,3,1.8786913915804329
35863,35863,0.92556785841364,2363,0,False,3,1.882851210276336
35864,35864,0.936517012210804,2364,0,False,3,1.8867545902385359
35865,35865,0.936517012210804,2365,0,False,3,1.8906862477716657
35866,35866,0.925994915418681,2366,0,False,3,1.9147476591600094
35919,35919,0.260874765504173,2367,0,False,1,2.319791595472087
35920,35920,0.260906263025503,2368,0,False,1,2.3206858128580725
35921,35921,0.261066570136808,2369,0,False,1,2.320984009959896
35922,35922,0.261356211649703,2370,0,False,1,2.3223299019013632
35925,35925,0.261445098461387,2371,0,False,1,2.3246164935499456
35926,35926,0.26149639098353,2372,0,False,1,2.324964933307735
35927,35927,0.263265376843274,2373,0,False,1,2.324185480374041
35928,35928,0.263255412472221,2374,0,False,1,2.325554249468946
35929,35929,0.263309713209405,2375,0,False,1,2.3259053286994344
35930,35930,0.263394494231942,2376,0,False,1,2.326730115223655
35931,35931,0.263343233133364,2377,0,False,1,2.3287544786746412
35932,35932,0.263422422128841,2378,0,False,1,2.3288018799581023
35933,35933,0.26339286044355,2379,0,False,1,2.3308023848159825
35938,35938,0.690385655690653,2380,2,True,2,1.3215887537445452
35939,35939,0.692543163931236,2381,2,True,2,1.3275019170133107
35940,35940,0.693079829921653,2382,2,True,2,1.33018223801487
35941,35941,0.75,2383,2,True,3,2.778252177784613
35942,35942,0.559012210924502,2384,2,True,2,1.1405717426254238
35943,35943,0.558704036767662,2385,2,True,2,1.1398649650245036
35944,35944,0.560249519421052,2386,2,True,2,1.1420386631301487
35945,35945,0.410373677989806,2387,2,True,2,1.0731375690601879
35946,35946,0.410935558435324,2388,2,True,2,1.0699479383642814
35947,35947,0.401831518947046,2389,2,True,2,1.0675024546214875
35948,35948,0.944153309613193,2390,0,False,3,2.450995530084643
35949,35949,0.944153309613193,2391,0,False,3,2.445654977320451
35950,35950,0.941608543013757,2392,0,False,3,2.4370467396562363
35951,35951,0.941624207579684,2393,0,False,3,2.4373899545793876
35952,35952,0.940620634026938,2394,0,False,3,2.1871010218075653
35953,35953,0.940620634026938,2395,0,False,3,2.1883285982056435
35954,35954,0.939815433705245,2396,0,False,3,2.173363539143751
35955,35955,0.937692165897482,2397,0,False,3,2.157620659701007
35956,35956,0.929738184224083,2398,0,False,3,2.158889125586202
35957,35957,0.929953782368112,2399,0,False,3,2.1726914670617625
35958,35958,0.894317015654594,2400,0,False,3,2.141680923684895
35959,35959,0.894326583981085,2401,0,False,3,1.2629529319512303
35960,35960,0.847256112022233,2402,0,False,3,1.261687026776064
35995,35995,0.935118161452574,2403,0,False,3,1.4151008219060328
36050,36050,0.443552722592426,2404,2,True,1,1.433751737956218
36051,36051,0.618545575122551,2405,2,True,1,1.6165431322385198
36052,36052,0.629604284057747,2406,2,True,1,1.6655225638015465
36053,36053,0.643383593663196,2407,2,True,2,1.6889098340650808
36054,36054,0.656901591798322,2408,2,True,2,1.670181079451194
36055,36055,0.668388077068052,2409,2,True,2,1.6546164475659224
36056,36056,0.678918400043007,2410,2,True,2,1.6419822547939302
36057,36057,0.692542407882103,2411,2,True,2,1.6231772444069952
36058,36058,0.473880053896575,2412,0,False,2,1.3198252940488926
36059,36059,0.41628834973749,2413,0,False,2,1.0923573388668695
36060,36060,0.410169892478412,2414,0,False,2,1.0928037301113054
36061,36061,0.417472036644529,2415,0,False,2,1.100309594607511
36062,36062,0.420813205367773,2416,0,False,2,1.0919545873644045
36063,36063,0.427526907806971,2417,0,False,2,1.0944510704577965
36064,36064,0.456994686748321,2418,0,False,2,1.1561414883023908
36065,36065,0.482569255220755,2419,0,False,2,1.536617640363454
36066,36066,0.48311579054048,2420,0,False,2,1.5376349755140981
36067,36067,0.485778735196194,2421,0,False,2,1.4952290051846728
36068,36068,0.49064539800458,2422,0,False,2,1.5259430105559133
36069,36069,0.491312556756211,2423,0,False,2,1.519678068422416
36070,36070,0.473931848748508,2424,0,False,2,1.072673063240391
36071,36071,0.47532516804073,2425,0,False,2,1.066549492402825
36072,36072,0.446442854340889,2426,0,False,2,1.055920437157269
36073,36073,0.444340495532125,2427,0,False,2,2.1821031350978513
36074,36074,0.442840846012059,2428,0,False,2,2.13986524108286
36075,36075,0.433910907376342,2429,0,False,2,2.1401129555602325
36076,36076,0.43456031642078,2430,0,False,2,2.1228611771619983
36077,36077,0.428723455275172,2431,0,False,2,2.117260024320715
36078,36078,0.459645113960795,2432,0,False,2,2.068069695685848
36079,36079,0.428786193216012,2433,0,False,2,2.1008827256547615
36080,36080,0.423561664628017,2434,0,False,2,2.0906630490915954
36081,36081,0.425093589642836,2435,0,False,2,2.081608043715062
36082,36082,0.424280033986115,2436,0,False,2,2.075256111319059
36083,36083,0.425449578709445,2437,0,False,2,2.059962323281532
36084,36084,0.436685746369081,2438,0,False,2,2.0666258096567356
36085,36085,0.437507851852352,2439,0,False,2,2.069965439904446
36086,36086,0.437830517111417,2440,0,False,2,2.068546986882493
36087,36087,0.440030940141583,2441,0,False,2,2.0682596247940768
36088,36088,0.441319372828336,2442,0,False,2,2.0624358854519595
36089,36089,0.445353751420045,2443,0,False,2,2.0716650854225387
36090,36090,0.44313893620689,2444,0,False,2,2.0792610725722356
36091,36091,0.440167005529867,2445,0,False,2,2.0749594866972982
36116,36116,0.573895705390244,2446,2,True,2,1.418854268708086
36117,36117,0.576140495500434,2447,2,True,2,1.4119275720916216
36118,36118,0.577030373714188,2448,2,True,2,1.4113038597445935
36119,36119,0.57835488657289,2449,2,True,2,1.4083623928403306
36120,36120,0.584173505558118,2450,2,True,2,1.3990124882873463
36121,36121,0.587515709672431,2451,2,True,2,1.394366039858515
36122,36122,0.595200645424301,2452,2,True,2,1.492116850581501
36123,36123,0.593817729617168,2453,2,True,2,1.4960171832592135
36124,36124,0.59593969094919,2454,2,True,2,1.4917047817435414
36125,36125,0.599906334931807,2455,2,True,2,1.4834145634923095
36126,36126,0.60207255317779,2456,2,True,2,1.4814564076396708
36127,36127,0.602611333145489,2457,2,True,2,1.4816157789730433
36128,36128,0.612979535856566,2458,2,True,2,1.4646621088589156
36129,36129,0.613580601053035,2459,2,True,2,1.4647806652481556
36130,36130,0.614011099620047,2460,2,True,2,1.4654667025885206
36131,36131,0.614467117305436,2461,2,True,2,1.4654049608213364
36132,36132,0.614895511161535,2462,2,True,2,1.4656484120909457
36133,36133,0.615692009254613,2463,2,True,2,1.46438310385753
36134,36134,0.75,2464,2,True,3,2.918084775457573
36135,36135,0.41181258969366,2465,2,True,2,1.3797156572073357
36136,36136,0.411638815372897,2466,2,True,2,1.3796946493938516
36137,36137,0.412574529609292,2467,2,True,2,1.38046459956246
36138,36138,0.341666012906771,2468,0,False,2,1.3856426477821255
36139,36139,0.334663894417056,2469,0,False,2,1.5349414873051088
36140,36140,0.253500141134949,2470,0,False,1,1.0413418834662558
36178,36178,0.353930187462746,2471,0,False,1,1.060291856988819
36179,36179,0.327126524922945,2472,0,False,1,1.1871709885430188
36180,36180,0.326246905444489,2473,0,False,1,1.1782002042410336
36181,36181,0.325533314669122,2474,0,False,1,1.1697785246330037
36182,36182,0.325611308428544,2475,0,False,1,1.1621869259861966
36183,36183,0.320330722849887,2476,0,False,1,1.1548855525992539
36184,36184,0.318937690583132,2477,0,False,1,1.1442929243672928
36185,36185,0.317523202431958,2478,0,False,1,1.1354855303545168
36186,36186,0.31651203091322,2479,0,False,1,1.1264056149754758
36187,36187,0.318022053507954,2480,0,False,1,1.1179414105535022
36188,36188,0.317621013972706,2481,0,False,1,1.1074149397976292
36189,36189,0.316180721267143,2482,0,False,1,1.0988359634432239
36190,36190,0.314555268795397,2483,0,False,1,1.0910411594257265
36191,36191,0.314133170447518,2484,1,True,1,1.0850811166194911
36192,36192,0.308726057596658,2485,1,True,1,1.081200529744275
36193,36193,0.303152122226388,2486,1,True,1,1.0784359944195259
36194,36194,0.304710061902615,2487,1,True,1,1.0702992601626258
36195,36195,0.302674498884096,2488,1,True,1,1.062748917391025
36196,36196,0.297420465433417,2489,1,True,1,1.0619466137543339
36197,36197,0.28698134130193,2490,1,True,1,1.0666719822549975
36198,36198,0.285445880526999,2491,1,True,1,1.0592211984948994
36199,36199,0.284410778215628,2492,1,True,1,1.053184053171705
36200,36200,0.277860483111748,2493,1,True,1,1.0591812028515823
36201,36201,0.27714610403817,2494,1,True,1,1.0545060088802414
36202,36202,0.277869733124624,2495,1,True,1,1.0513819986432318
36203,36203,0.273240097932662,2496,1,True,1,1.0634777673502673
36204,36204,0.272589341309637,2497,1,True,1,1.0591103857792878
36205,36205,0.273631151634192,2498,2,True,1,1.0567930690106437
36206,36206,0.273396909185092,2499,2,True,1,1.0530667814799395
36207,36207,0.273439388952212,2500,2,True,1,1.0497570746650002
36208,36208,0.272768664261491,2501,2,True,1,1.045621241851774
36209,36209,0.270914225180296,2502,2,True,1,1.0401330605048242
36210,36210,0.269239942039687,2503,2,True,1,1.035047459841607
36211,36211,0.267809408388739,2504,2,True,1,1.0304149070770527
36212,36212,0.26515133746756,2505,2,True,1,1.0247770182608167
36213,36213,0.26121175489775,2506,2,True,1,1.0186390921377961
36214,36214,0.257650204318496,2507,2,True,1,1.013597687661531
36215,36215,0.26077828821566,2508,2,True,1,1.0055521878620792
36216,36216,0.259770898998306,2509,2,True,1,1.0019511992553378
36217,36217,0.261612310933054,2510,2,True,1,0.9999864620842778
36218,36218,0.255749255904358,2511,1,True,1,1.0091565732586107
36219,36219,0.253573822061148,2512,1,True,1,1.0055668518838539
36220,36220,0.255219450286095,2513,1,True,1,1.0054225002083792
36221,36221,0.269342422585241,2514,0,False,2,1.129418207412998
36222,36222,0.269545138816384,2515,0,False,2,1.12760805897578
36223,36223,0.301996181723305,2516,0,False,2,1.1693983537508208
36224,36224,0.302200170553009,2517,0,False,2,1.171558543418405
36225,36225,0.30222512877512,2518,0,False,2,1.1738728825752556
36226,36226,0.299750620250121,2519,0,False,2,1.1824576081460634
36227,36227,0.271000277104325,2520,0,False,2,1.1780009783242593
36228,36228,0.27054461114626,2521,0,False,2,1.1818566909588677
36229,36229,0.269651524390907,2522,0,False,2,1.1862870913718626
36230,36230,0.269118650648958,2523,0,False,2,1.190114460909682
36231,36231,0.268701650615338,2524,0,False,2,1.1931546656900247
36232,36232,0.267544962973732,2525,0,False,2,1.1979737895089622
36233,36233,0.344047499473335,2526,1,True,2,0.9623383158341375
36234,36234,0.774969736329923,2527,1,True,3,1.9919488198086392
36235,36235,0.77126111470075,2528,1,True,3,2.0153490288327105
36236,36236,0.42555600760542,2529,1,True,2,1.356385739167926
36431,36431,0.754368318184173,2530,0,False,2,2.6116767415160607
36432,36432,0.741852585145665,2531,0,False,2,1.7526291316183877
36433,36433,0.571332353659995,2532,1,True,2,1.6073924655459628
36434,36434,0.561387066040499,2533,1,True,2,1.5932163185099075
36435,36435,0.523679722938243,2534,1,True,2,1.5891184274804506
36436,36436,0.473279440882849,2535,1,True,2,1.5628580842027682
36437,36437,0.452935477639068,2536,1,True,2,0.9040917667444722
36438,36438,0.450546348989013,2537,1,True,2,0.8983064793705452
36439,36439,0.460584894158068,2538,1,True,2,1.5455051455181839
36440,36440,0.636669175935162,2539,0,False,2,1.8592211847997044
36441,36441,0.631619040600785,2540,0,False,2,1.5981036845797045
36442,36442,0.630067337180283,2541,0,False,2,1.5953318953750204
36443,36443,0.628726116186655,2542,0,False,2,1.5927570557958635
36444,36444,0.628905684540981,2543,0,False,2,1.5937233775439874
36445,36445,0.626697598490169,2544,0,False,2,1.595071868647471
36446,36446,0.626019247182599,2545,0,False,2,1.5942740268284326
36543,36543,0.628674200359056,2546,2,True,2,1.4023738205546443
36544,36544,0.646206512506287,2547,2,True,2,1.421636926663001
36545,36545,0.652094936556007,2548,2,True,2,1.4462166450868883
36546,36546,0.653350347845448,2549,2,True,2,1.458167254664152
36636,36636,0.535929595226494,2550,3,True,2,1.3422452151245798
36637,36637,0.535766226588015,2551,3,True,2,1.3393282850892558
36638,36638,0.535476468702207,2552,3,True,2,1.3355457600392953
36639,36639,0.532649856533645,2553,3,True,2,1.3259108935847246
36640,36640,0.532112295807969,2554,3,True,2,1.3161215745669559
36641,36641,0.528589279443306,2555,3,True,2,1.3046485735052633
36642,36642,0.52595375802741,2556,3,True,2,1.277716257644264
36643,36643,0.525474808709192,2557,3,True,2,1.2736464234094254
36644,36644,0.524859975740495,2558,3,True,2,1.2715890845649598
36645,36645,0.524399015306886,2559,3,True,2,1.268326033085356
36646,36646,0.505868334436195,2560,3,True,2,1.1790834395094765
36647,36647,0.504946288486272,2561,3,True,2,1.170624614516435
36648,36648,0.500566694819764,2562,3,True,2,1.1627811170769191
36649,36649,0.499460440316878,2563,3,True,2,1.1617027161037172
36650,36650,0.497158314402,2564,3,True,2,1.1562083979301563
36651,36651,0.496444100730868,2565,3,True,2,1.1566346713958335
36652,36652,0.485513201864127,2566,3,True,2,1.1367746269430543
36653,36653,0.481736197766629,2567,3,True,2,1.129909413275528
36654,36654,0.47960425275711,2568,3,True,2,1.1254366983182735
36655,36655,0.477410905175359,2569,3,True,2,1.1231940153717812
36656,36656,0.475664451959839,2570,3,True,2,1.1216837071166321
36657,36657,0.468745772868582,2571,3,True,2,1.1170976734099696
36658,36658,0.460139715441678,2572,3,True,2,1.114521783603676
36659,36659,0.45906375873754,2573,3,True,2,1.115156763054992
36660,36660,0.45847068827143,2574,3,True,2,1.1133032986087126
36661,36661,0.451084706245153,2575,3,True,2,1.114813719826947
36662,36662,0.449989388661437,2576,3,True,2,1.1143254839854098
36663,36663,0.445558035519689,2577,3,True,2,1.1161641531320003
36664,36664,0.444484407044209,2578,3,True,2,1.1152788453377742
36665,36665,0.434790634208093,2579,3,True,2,1.1270499483744942
36666,36666,0.434202944178405,2580,3,True,2,1.1271839206443823
36667,36667,0.406360456972018,2581,3,True,2,1.122846850016957
36668,36668,0.405233377714838,2582,3,True,2,1.1227386887059136
36669,36669,0.342234679255269,2583,3,True,2,1.3285691826076393
36670,36670,0.341932289266263,2584,3,True,2,1.3279411219423527
36671,36671,0.341639274771545,2585,3,True,2,1.327897396779415
36672,36672,0.338003010112381,2586,3,True,2,1.3360511115026827
36673,36673,0.337708511889642,2587,3,True,2,1.3358117799453835
36674,36674,0.337439491792177,2588,3,True,2,1.335846257909715
36675,36675,0.337153732473242,2589,3,True,2,1.335622466833979
36676,36676,0.331586319788684,2590,3,True,2,1.3513655278311485
36677,36677,0.33142844893868,2591,3,True,2,1.3507645933455876
36678,36678,0.314473074782316,2592,3,True,1,1.2709839136464605
36679,36679,0.306160556671971,2593,3,True,1,1.2821711609430189
36680,36680,0.285646431255628,2594,3,True,1,1.128348547992429
36681,36681,0.28502362795581,2595,3,True,1,1.1246446208509444
36682,36682,0.284472676666524,2596,3,True,1,1.1217427090261713
36683,36683,0.276487880874833,2597,3,True,1,1.1413841316239846
36684,36684,0.275919267592258,2598,3,True,1,1.1390130169841242
36685,36685,0.275821511538435,2599,3,True,1,1.1395912922177758
36686,36686,0.275467445589431,2600,3,True,1,1.137112162689795
36687,36687,0.275371653863488,2601,3,True,1,1.1373643140684613
36702,36702,0.420173506580732,2602,1,True,2,2.2701271086623396
36703,36703,0.419925694022521,2603,1,True,2,2.269526615977236
36704,36704,0.422112934776131,2604,1,True,2,2.4336121329054468
36705,36705,0.422976649126637,2605,1,True,2,2.4361861790338355
36706,36706,0.765922830122342,2606,1,True,3,2.019653921032463
36707,36707,0.765922830122342,2607,1,True,3,2.0201806281701047
36708,36708,0.811753537557747,2608,1,True,3,2.020242952190816
36719,36719,0.400155212668125,2609,0,False,1,1.572070413371716
36730,36730,0.705558926115814,2610,2,True,2,1.677562260144643
36731,36731,0.705954798857872,2611,2,True,2,1.6750799561227534
36732,36732,0.706608329679566,2612,2,True,2,1.6787434587035217
36733,36733,0.70691344496759,2613,2,True,2,1.677180250617082
36734,36734,0.708078295878161,2614,2,True,2,1.6833557922187252
36735,36735,0.709961998961848,2615,2,True,2,1.686629383709401
36736,36736,0.711215014119856,2616,2,True,2,1.686564373912024
36737,36737,0.712118223258805,2617,2,True,2,1.6875391740999606
36738,36738,0.712726516548026,2618,2,True,2,1.687749887467288
36739,36739,0.714974861957808,2619,2,True,2,1.6930844446982303
36740,36740,0.719247538927095,2620,2,True,2,1.6978667347345981
36741,36741,0.726856653023615,2621,2,True,2,1.699377994265463
36742,36742,0.7281427523142,2622,2,True,2,1.7002827054721539
36743,36743,0.728970946331277,2623,2,True,2,1.700273745573191
36744,36744,0.733130337761713,2624,2,True,2,1.7060691718485173
36745,36745,0.741811497979663,2625,2,True,2,1.7130422622291341
36746,36746,0.75,2626,2,True,2,1.7155522666762082
36747,36747,0.75,2627,2,True,3,2.761171900169606
36748,36748,0.404199564596322,2628,2,True,2,1.2944487431781495
36749,36749,0.377728512123473,2629,2,True,2,1.300930733574257
36750,36750,0.749779246396125,2630,2,True,2,1.6258492433388436
36751,36751,0.749796702446669,2631,2,True,2,1.6237951596344473
36752,36752,0.749807962444244,2632,2,True,2,1.6229170875628172
36753,36753,0.749819160462246,2633,2,True,2,1.6226190904224862
36754,36754,0.749830690809521,2634,2,True,2,1.622377994965103
36755,36755,0.749842523843841,2635,2,True,2,1.6220997067545753
36756,36756,0.749854600460914,2636,2,True,2,1.6217078996008767
36757,36757,0.749866963926124,2637,2,True,2,1.6212213865429788
36758,36758,0.749879488809748,2638,2,True,2,1.6207185719686543
36759,36759,0.749892182274865,2639,2,True,2,1.620179639668525
36760,36760,0.749905041818012,2640,2,True,2,1.6196037798232013
36761,36761,0.749918016610123,2641,2,True,2,1.618998795414608
36762,36762,0.74993117538019,2642,2,True,2,1.6183770300207998
36763,36763,0.749944476650228,2643,2,True,2,1.617727606989778
36764,36764,0.749957306963109,2644,2,True,2,1.617039525055918
36765,36765,0.75,2645,2,True,2,1.6171976179216636
36766,36766,0.75,2646,2,True,3,2.723657166088789
36767,36767,0.75,2647,2,True,3,2.7226928960463512
36768,36768,0.75,2648,2,True,2,1.6097321945282665
36769,36769,0.75,2649,2,True,3,2.708686195627496
36770,36770,0.75,2650,2,True,3,2.7081838480358247
36771,36771,0.75,2651,2,True,3,2.7081897557682777
36772,36772,0.75,2652,2,True,3,2.7070994504527586
36773,36773,0.75,2653,2,True,3,2.7067365591903703
36774,36774,0.75,2654,2,True,3,2.706451080717108
36775,36775,0.75,2655,2,True,3,2.706166873098771
36776,36776,0.75,2656,2,True,3,2.70598885705046
36777,36777,0.75,2657,2,True,3,2.7052730348133216
36778,36778,0.75,2658,2,True,3,2.7049619543585735
36779,36779,0.75,2659,2,True,3,2.7046580002210585
36780,36780,0.75,2660,2,True,3,2.7044649020778913
36781,36781,0.75,2661,2,True,3,2.703938433089365
36782,36782,0.75,2662,2,True,3,2.702799916679159
36783,36783,0.75,2663,2,True,3,2.7024787716700023
36784,36784,0.75,2664,2,True,3,2.7021583614930327
36785,36785,0.75,2665,2,True,3,2.7018367934301604
36786,36786,0.75,2666,2,True,3,2.7015115948394475
36787,36787,0.75,2667,2,True,3,2.7011877812899616
36788,36788,0.75,2668,2,True,3,2.700864435497493
36789,36789,0.75,2669,2,True,3,2.70054968595007
36790,36790,0.75,2670,2,True,2,1.5377379490144
36791,36791,0.501630361845214,2671,1,True,1,1.2810794714235265
36792,36792,0.503719463404325,2672,0,False,1,1.2737392046807785
36793,36793,0.503737971049696,2673,0,False,1,1.2703857335878923
36794,36794,0.503109788055076,2674,0,False,1,1.269038384863667
36795,36795,0.499718722616923,2675,0,False,1,1.2611589583980576
36796,36796,0.535511014234983,2676,0,False,2,1.708559999603372
36797,36797,0.533373855735475,2677,0,False,2,1.5271137499849334
36798,36798,0.533363116309967,2678,0,False,2,1.5276666885718726
36799,36799,0.535001030430276,2679,0,False,2,1.5300514525196538
36800,36800,0.540475892386208,2680,0,False,2,1.7141448618824544
36801,36801,0.537893904451372,2681,0,False,2,1.7145195417700672
36802,36802,0.537457313089039,2682,0,False,2,1.7152984892660708
36803,36803,0.533386092811524,2683,0,False,2,1.7054897072235038
36804,36804,0.527686221961084,2684,0,False,2,1.5197748400011881
36805,36805,0.511439577018804,2685,0,False,1,1.2371779285944116
36806,36806,0.527657591850606,2686,0,False,1,1.257316347994598
36807,36807,0.554540818037374,2687,0,False,2,1.2815319112485914
36988,36988,0.529747240464844,2688,0,False,2,1.2287733444996765
36989,36989,0.947015966213164,2689,0,False,3,1.2336496344189598
36990,36990,0.932106352411183,2690,0,False,3,1.2355368470285493
36991,36991,0.503492726218694,2691,0,False,2,1.5219720043969283
36992,36992,0.502599369135672,2692,0,False,2,1.532877205860141
37086,37086,0.923186140668864,2693,0,False,2,3.4272624037455546
37087,37087,0.923186528435021,2694,0,False,2,3.42742579161634
37088,37088,0.924772804750185,2695,0,False,2,3.427502842415224
37089,37089,0.924773399215682,2696,0,False,2,3.427583516048492
37090,37090,0.92556785841364,2697,0,False,3,1.2399725903649188
37091,37091,0.92556785841364,2698,0,False,3,1.23852366158799
37092,37092,0.92556785841364,2699,0,False,3,1.2367994229386658
37093,37093,0.936240412229845,2700,0,False,3,1.2361291045931764
37094,37094,0.943134573352964,2701,0,False,3,1.2351532815024093
37095,37095,0.943127242320501,2702,0,False,3,1.23446503068423
37096,37096,0.949422263394726,2703,0,False,3,1.2348143280222126
37097,37097,0.949422263394726,2704,0,False,3,1.2339880510960388
37098,37098,0.948298093856733,2705,0,False,3,1.234238496605501
37099,37099,0.946811176002162,2706,0,False,3,1.2338251152794966
37100,37100,0.946811176002162,2707,0,False,3,1.2341640901245106
37101,37101,0.946811176002162,2708,0,False,3,1.2340475543470797
37102,37102,0.941814637027645,2709,0,False,3,1.2331410585618834
37103,37103,0.937049270185099,2710,0,False,3,1.2333978865151773
37104,37104,0.769607929159705,2711,1,True,3,1.5568011540019315
37105,37105,0.767034625003358,2712,1,True,3,1.5565604332833662
37106,37106,0.767034625003358,2713,1,True,3,1.5564561657632623
37107,37107,0.751964537080361,2714,1,True,3,1.5565953183775703
37108,37108,0.607926773647902,2715,1,True,2,3.234328962679053
37109,37109,0.601694283570571,2716,1,True,2,3.233652943683811
37110,37110,0.594630175949456,2717,1,True,2,3.2327847764298623
37111,37111,0.590785520696187,2718,1,True,2,3.2323271766581136
37112,37112,0.554358560662571,2719,1,True,2,2.52429305574748
37113,37113,0.536767387515801,2720,1,True,2,1.8590735300172945
37114,37114,0.527829183795147,2721,1,True,2,1.7820317002381623
37115,37115,0.523509379482055,2722,1,True,2,1.6801520907596446
37116,37116,0.502780127158216,2723,1,True,2,1.082572271725912
37256,37256,0.780317277761325,2724,0,False,2,3.420193915180277
37257,37257,0.790035631891905,2725,0,False,2,3.4294207433826536
37258,37258,0.805791978076967,2726,0,False,2,3.4472773400462864
37259,37259,0.804118237213155,2727,0,False,2,3.4485780431329953
37260,37260,0.804237171432499,2728,0,False,2,3.448442913269135
37261,37261,0.804889239864103,2729,0,False,2,3.449597188535295
37262,37262,0.808722346385937,2730,0,False,2,3.454533817934741
37263,37263,0.808599943677033,2731,0,False,2,3.454643534136591
37264,37264,0.841498648536905,2732,0,False,3,1.309787702536552
37265,37265,0.841340206161237,2733,0,False,3,1.3097195844234377
37266,37266,0.841340206161237,2734,0,False,3,1.3090789964653933
37267,37267,0.837848010298517,2735,0,False,3,1.3096870823391757
37268,37268,0.837848010298517,2736,0,False,3,1.3107539099223353
37269,37269,0.837848010298517,2737,0,False,3,1.311564673177858
37270,37270,0.834209697587557,2738,0,False,3,1.3109386328975903
37271,37271,0.837848010298517,2739,0,False,3,1.3109383089889453
37272,37272,0.837848010298517,2740,0,False,3,1.311307720884475
37273,37273,0.841340206161237,2741,0,False,3,1.3115661038042525
37274,37274,0.841340206161237,2742,0,False,3,1.311371662105126
37275,37275,0.841340206161237,2743,0,False,3,1.3115564154834858
37276,37276,0.841814247225471,2744,0,False,3,1.3120095929318771
37277,37277,0.841814247225471,2745,0,False,3,1.311338870749812
37278,37278,0.841814247225471,2746,0,False,3,1.311309401549065
37279,37279,0.841814247225471,2747,0,False,3,1.3110601621816804
37280,37280,0.841814247225471,2748,0,False,3,1.3104231206320267
37281,37281,0.841814247225471,2749,0,False,3,1.3103603719771622
37282,37282,0.841194960284738,2750,0,False,3,1.310842598225617
37283,37283,0.841194960284738,2751,0,False,3,1.309008654328536
37284,37284,0.841194960284738,2752,0,False,3,1.3077931335033934
37285,37285,0.841194960284738,2753,0,False,3,1.3080223022773432
37286,37286,0.841194960284738,2754,0,False,3,1.3076007953833098
37288,37288,0.841194960284738,2755,0,False,3,1.3042357311911772
37289,37289,0.841194960284738,2756,0,False,3,1.3049131626082553
37290,37290,0.841194960284738,2757,0,False,3,1.3033327582447762
37291,37291,0.841194960284738,2758,0,False,3,1.3006163091206004
37292,37292,0.689771233573476,2759,1,True,3,2.0790223184947876
37293,37293,0.68018675258326,2760,1,True,3,2.0863170784616694
37294,37294,0.68018675258326,2761,1,True,3,2.0873972634967597
37399,37399,0.762883031307945,2762,1,True,3,1.954590931211802
37400,37400,0.762883031307945,2763,1,True,3,1.9545836329238868
37401,37401,0.762883031307945,2764,1,True,3,1.9547100262603967
37402,37402,0.762883031307945,2765,1,True,3,1.9551595231966377
37403,37403,0.762883031307945,2766,1,True,2,2.5292818802162853
37404,37404,0.761355181405792,2767,1,True,2,2.5292592035535497
37405,37405,0.783429850521149,2768,0,False,2,3.4268606028748545
37406,37406,0.783430404110321,2769,0,False,2,3.4269108276084665
37407,37407,0.783430404110321,2770,0,False,3,1.2766353858866055
37408,37408,0.783430404110321,2771,0,False,3,1.2765738242231977
37409,37409,0.814488987240307,2772,0,False,3,1.2765832619096105
37410,37410,0.814488987240307,2773,0,False,3,1.2755151472063637
37411,37411,0.814488987240307,2774,0,False,3,1.277188450498592
37412,37412,0.814488987240307,2775,0,False,3,1.2763503556619753
37413,37413,0.814488987240307,2776,0,False,3,1.2755251451956793
37414,37414,0.818127299951267,2777,0,False,2,3.4270113216735285
37415,37415,0.833879254551287,2778,0,False,2,3.427004560269439
37416,37416,0.841677175166127,2779,0,False,2,3.426925091266833
37417,37417,0.841677175166127,2780,0,False,3,1.2785741967103437
37418,37418,0.841677175166127,2781,0,False,3,1.2818924352897203
37419,37419,0.841194960284738,2782,0,False,3,1.2876670376287995
37420,37420,0.841194960284738,2783,0,False,3,1.2881569048925972
37621,37621,0.250060276023695,2784,2,True,2,1.2869030144153357
37628,37628,0.287216812964509,2785,2,True,1,0.8742496252780976
37629,37629,0.327996545016096,2786,2,True,1,1.1129536474136532
37630,37630,0.356606701957812,2787,2,True,1,1.2237841461560295
37631,37631,0.406918042259634,2788,2,True,1,1.3991873756850455
37632,37632,0.418122327951768,2789,2,True,2,1.374245135692314
37633,37633,0.428052545561049,2790,2,True,2,1.3504135950361906
37767,37767,0.257131778440198,2791,1,True,2,1.5197314012145868
37768,37768,0.259659502757241,2792,1,True,2,1.518905525218114
37769,37769,0.267532468491288,2793,1,True,2,1.4905702335825475
37770,37770,0.304564955335924,2794,1,True,2,1.4683516708436155
37771,37771,0.310889294396328,2795,1,True,2,1.454067955880674
37772,37772,0.303885623635492,2796,1,True,2,1.4965623145732148
37773,37773,0.316778778513793,2797,1,True,2,1.5437452285952133
37774,37774,0.331215362296465,2798,1,True,2,1.7431269946858654
37775,37775,0.334186816691339,2799,1,True,2,1.7434440785009504
37776,37776,0.767696805225991,2800,1,True,3,1.6006026733988268
37777,37777,0.767696805225991,2801,1,True,3,1.599935493454751
37778,37778,0.767696805225991,2802,1,True,3,1.5991364221206081
37779,37779,0.767696805225991,2803,1,True,3,1.5984979199280773
37780,37780,0.767696805225991,2804,1,True,3,1.5977471900988844
37781,37781,0.768780043602473,2805,1,True,3,1.5970203161119296
37782,37782,0.769775201149747,2806,1,True,3,1.5962716809586999
37783,37783,0.772268894046578,2807,1,True,3,1.5952091415665894
37784,37784,0.773683650728484,2808,1,True,3,1.594368381333204
37785,37785,0.773683650728484,2809,1,True,3,1.5937156266655268
37786,37786,0.940350317395151,2810,0,False,3,1.2794862718032527
37897,37897,0.445886828452384,2811,0,False,1,1.2505911640019807
37898,37898,0.445869556415737,2812,0,False,1,1.2496189870017584
37914,37914,0.459200792126091,2813,0,False,1,2.0322597377336185
37915,37915,0.466332073559399,2814,0,False,1,1.8701070297235942
37916,37916,0.469635749769724,2815,0,False,1,1.7929572117922608
37933,37933,0.416666666666667,2816,4,True,2,2.912767750116862
37934,37934,0.416666666666667,2817,4,True,2,2.9144310368736783
37935,37935,0.416666666666667,2818,4,True,2,2.916520698969012
37936,37936,0.416666666666667,2819,4,True,2,2.9187094431216534
37937,37937,0.416666666666667,2820,4,True,2,2.9193331291878404
37938,37938,0.416666666666667,2821,4,True,2,2.920968814856905
37939,37939,0.416666666666667,2822,4,True,2,2.9215440787367823
37940,37940,0.416666666666667,2823,4,True,2,2.922589304060143
37941,37941,0.583333333333333,2824,3,True,3,2.94599740006346
37942,37942,0.583333333333333,2825,3,True,3,2.946149109392519
37943,37943,0.583333333333333,2826,3,True,3,2.9459429710033818
37944,37944,0.583333333333333,2827,3,True,3,2.9461865650018195
37945,37945,0.583333333333333,2828,3,True,3,2.9456475060026
37946,37946,0.583333333333333,2829,3,True,3,2.9454402184064117
37947,37947,0.583333333333333,2830,3,True,3,2.9443609462082914
37948,37948,0.583333333333333,2831,3,True,3,2.9423621872548944
37949,37949,0.583333333333333,2832,3,True,3,2.940450318259217
37950,37950,0.583333333333333,2833,3,True,3,2.9388514706361546
37951,37951,0.583333333333333,2834,3,True,3,2.936555136437896
37952,37952,0.583333333333333,2835,3,True,3,2.9342551997415685
37953,37953,0.583333333333333,2836,3,True,2,1.6005260996881718
37954,37954,0.583222220264284,2837,3,True,2,1.5974062197886982
37955,37955,0.583148769651023,2838,3,True,2,1.594557500748016
37956,37956,0.583140014546908,2839,3,True,2,1.5936390802665268
37957,37957,0.583111042832984,2840,3,True,2,1.5907709361632858
37958,37958,0.583117142981313,2841,3,True,2,1.587456996958999
37959,37959,0.583167850069169,2842,3,True,2,1.582831660988739
37960,37960,0.583287222799595,2843,3,True,2,1.5766389443571878
37961,37961,0.583311121169183,2844,3,True,2,1.5677674698075983
37962,37962,0.583321058113378,2845,3,True,2,1.5662089271627417
37963,37963,0.583333333333333,2846,3,True,2,1.5657492936858266
37964,37964,0.583333333333333,2847,3,True,3,2.919056101779768
37965,37965,0.583333333333333,2848,3,True,3,2.9188975673068565
37988,37988,0.290498321021557,2849,0,False,2,1.0096065720106255
37989,37989,0.405826450520917,2850,0,False,2,1.383227351373642
37990,37990,0.436357992856933,2851,0,False,2,1.3126650203657015
37991,37991,0.446948527940215,2852,0,False,2,1.3064657191738163
37992,37992,0.458012805491518,2853,0,False,2,1.28635883855571
37993,37993,0.467267724039454,2854,0,False,2,1.2731185018065379
37994,37994,0.477044594287285,2855,0,False,2,1.2686878334829386
37995,37995,0.481293583170833,2856,0,False,2,1.2757086622108567
37996,37996,0.485065446945296,2857,0,False,2,1.2726818302656369
37997,37997,0.495993228251683,2858,0,False,2,1.2645897458984514
37998,37998,0.50172723548267,2859,0,False,2,1.2612267933668864
37999,37999,0.536221094091535,2860,0,False,2,1.1275594036250536
38000,38000,0.511868100663109,2861,0,False,2,1.2684205498864152
38001,38001,0.520917517516059,2862,0,False,2,1.2540243670643942
38002,38002,0.518657829659757,2863,0,False,2,1.307570601555183
38003,38003,0.52742725282296,2864,0,False,2,1.3088885453898875
38004,38004,0.775127545846663,2865,1,True,3,1.5683053951449326
38005,38005,0.77126111470075,2866,1,True,3,1.5640037209941227
38006,38006,0.696110045387859,2867,1,True,3,1.5581745890808159
38007,38007,0.693528621437965,2868,1,True,3,1.553806704954358
38008,38008,0.683670572066152,2869,1,True,3,1.5528915072603462
38009,38009,0.683670572066152,2870,1,True,3,1.5526706753631057
38010,38010,0.38888400813292,2871,1,True,2,1.0832740649696213
38011,38011,0.263978903420441,2872,2,True,2,1.4311867934294618
38034,38034,0.276905648189535,2873,1,True,1,2.470378254583739
38035,38035,0.276882385006156,2874,1,True,1,2.4631282368615532
38036,38036,0.277674257801732,2875,1,True,1,2.4615453574710813
38037,38037,0.284533505290531,2876,1,True,1,2.6022711985131872
38038,38038,0.285145943930014,2877,1,True,1,2.5976050493290757
38039,38039,0.289664692471361,2878,1,True,1,2.6383378484674718
38040,38040,0.302668499097428,2879,1,True,1,2.6831401522735656
38041,38041,0.298826208796996,2880,1,True,1,2.643530021460541
38042,38042,0.300196565518927,2881,1,True,1,2.6340208625581907
38043,38043,0.303557354790555,2882,1,True,1,2.629583483384599
38044,38044,0.297696184300654,2883,1,True,1,2.6068824750572275
38045,38045,0.298621088741787,2884,1,True,1,2.60147028431853
38152,38152,0.583496453161655,2885,0,False,2,1.6073887180417745
38153,38153,0.57051346354473,2886,0,False,2,1.1830699482354434
38154,38154,0.572697446012014,2887,0,False,2,1.1824970815291251
38155,38155,0.574319873594101,2888,0,False,2,1.1798681976971737
38156,38156,0.574104809429013,2889,0,False,2,1.1776637993490429
38157,38157,0.573730860632863,2890,0,False,2,1.1737971914422225
38158,38158,0.57288667985633,2891,0,False,2,1.1759909227558156
38159,38159,0.56755878149224,2892,0,False,2,1.1399066951474008
38160,38160,0.568611414979076,2893,0,False,2,1.133624627443798
38161,38161,0.566701801553505,2894,0,False,2,1.1225413462499594
38595,38595,0.454969208997943,2895,0,False,2,1.0019126820264899
38596,38596,0.46416666419801,2896,0,False,2,0.9934277027948966
38597,38597,0.457234815040925,2897,0,False,2,0.9854741673377097
38598,38598,0.457568537042276,2898,0,False,2,0.9847905972071223
38599,38599,0.453519279530592,2899,0,False,2,0.9914891705047337
38600,38600,0.45204160020105,2900,0,False,2,0.9916644390238213
38601,38601,0.450454147619897,2901,0,False,2,0.9874620743981638
38602,38602,0.451015104292662,2902,0,False,2,0.9958223385151586
38603,38603,0.448208771617098,2903,0,False,2,1.1551395117310397
38604,38604,0.44301828315513,2904,0,False,2,1.1408257337976184
38605,38605,0.439570230865346,2905,0,False,2,1.1663799345429617
38606,38606,0.429934958280446,2906,0,False,2,1.1507414563662894
38607,38607,0.440030276680047,2907,0,False,2,1.1779834301060543
38608,38608,0.435220454869666,2908,0,False,1,0.9809246447634082
38609,38609,0.434727339770322,2909,0,False,1,0.9734316350508136
38610,38610,0.440633143534515,2910,0,False,1,0.9938872699307328
38611,38611,0.443478457797765,2911,0,False,1,0.9692934418746432
38612,38612,0.43697699489578,2912,0,False,1,0.9276267004786373
38613,38613,0.447548776191059,2913,0,False,1,0.9368503423462453
38614,38614,0.485026481343977,2914,0,False,2,1.307787730238289
38615,38615,0.483938914326791,2915,0,False,2,1.3150970964224258
38616,38616,0.480886066169016,2916,0,False,2,1.1503753559224787
38617,38617,0.498059279017422,2917,0,False,2,1.5810825159167583
38618,38618,0.497928812528369,2918,0,False,2,1.5828873834457347
38619,38619,0.497708746542071,2919,0,False,2,1.5871328806413028
38620,38620,0.496105688337689,2920,0,False,2,1.5921351921246936
38621,38621,0.49586449733991,2921,0,False,2,1.595621347118969
38622,38622,0.480744665309028,2922,0,False,2,1.171531901149454
38623,38623,0.44685102982556,2923,0,False,1,0.925195544294861
38624,38624,0.440808386622452,2924,0,False,1,0.9170101890833579
38625,38625,0.44043155626649,2925,0,False,1,0.9215700074525901
38626,38626,0.442455485854164,2926,0,False,1,0.9297709830927339
38627,38627,0.447609567606429,2927,0,False,1,0.9443455407759695
38628,38628,0.461186837742989,2928,0,False,2,1.3147922241005197
38629,38629,0.511552629378372,2929,0,False,2,1.5050686410504686
38630,38630,0.511136093331476,2930,0,False,2,1.5061902437905974
38686,38686,0.655741629119029,2931,0,False,2,2.081067623073914
38687,38687,0.657292858752939,2932,0,False,2,2.081693589114232
38688,38688,0.670502490176178,2933,0,False,2,2.2811897750919723
38689,38689,0.670812422374528,2934,0,False,2,2.2817347057956026
38783,38783,0.336869952049086,2935,1,True,2,1.7081345868963642
38784,38784,0.728756471261278,2936,1,True,3,1.5721907584248438
38785,38785,0.728756471261278,2937,1,True,3,1.5727158062851168
38786,38786,0.725685657596703,2938,1,True,3,1.5736777984013648
38787,38787,0.647768237922607,2939,1,True,2,2.4988015190183623
38788,38788,0.644906777757588,2940,1,True,2,2.4942936037460686
38789,38789,0.6444680201651,2941,1,True,2,2.495014552314616
38790,38790,0.643909960535889,2942,1,True,2,2.4948189826163163
38791,38791,0.639400224346294,2943,1,True,2,2.4869427282963654
38792,38792,0.570216341349613,2944,1,True,2,2.4768347493320184
38793,38793,0.569888986045834,2945,1,True,2,2.4764678852497246
38794,38794,0.569832796317934,2946,1,True,2,2.476760777527947
38798,38798,0.48419647930034,2947,0,False,2,1.3274508637324383
38799,38799,0.482884479434502,2948,0,False,2,1.3299224489165897
38851,38851,0.51326116696964,2949,0,False,2,1.5758123642748572
38852,38852,0.44184482440817,2950,0,False,1,1.1554125330244152
38853,38853,0.441971803303087,2951,0,False,1,1.1570978483021577
38854,38854,0.442124465789004,2952,0,False,1,1.1584236696116812
38855,38855,0.440969612682011,2953,0,False,1,1.1621978325270252
38856,38856,0.440894578528857,2954,0,False,1,1.1681947373289858
38857,38857,0.284347723288447,2955,1,True,1,2.148558347108918
38905,38905,0.418208731769755,2956,1,True,2,2.296612385217206
38906,38906,0.416660947397359,2957,1,True,2,2.2967709332933928
38907,38907,0.416241109472283,2958,1,True,2,2.2972121833222503
38908,38908,0.4149514668727,2959,1,True,2,2.2977141774047296
38909,38909,0.412765411708728,2960,1,True,2,2.3001123240811174
38910,38910,0.399821812470255,2961,1,True,2,2.3066771521637426
38911,38911,0.393598213036628,2962,1,True,2,2.310973942765329
38912,38912,0.390592229189647,2963,1,True,2,2.311368679480378
38913,38913,0.389744996723282,2964,1,True,2,2.3109636556126403
38914,38914,0.409522489395297,2965,0,False,2,2.3079554271021596
38915,38915,0.400480741339181,2966,0,False,2,2.109699855898529
38916,38916,0.39835386843947,2967,0,False,2,2.1108613797135694
38917,38917,0.400670354144323,2968,0,False,2,2.1079131047250574
38918,38918,0.395000258803964,2969,0,False,2,2.113887772104326
38919,38919,0.390124053683359,2970,0,False,2,2.118251345299071
38920,38920,0.384249710551135,2971,0,False,2,2.1240589208238667
38921,38921,0.371470528884323,2972,0,False,2,1.2217868220077848
38922,38922,0.368511876452477,2973,0,False,2,1.2265563567932396
38923,38923,0.353991892181578,2974,0,False,2,1.0245169924428685
38924,38924,0.350564931501711,2975,0,False,2,1.0321908798807453
38925,38925,0.344733040852511,2976,0,False,2,1.047091746205061
38926,38926,0.34089220201836,2977,0,False,2,1.0566501527444905
38927,38927,0.324541300866819,2978,0,False,2,1.1028096642244503
38928,38928,0.32233852556586,2979,0,False,2,1.1073166857562624
38929,38929,0.319481625164494,2980,0,False,2,1.1163312931882734
38930,38930,0.315011499624524,2981,0,False,2,1.127140508565901
38931,38931,0.312346831193845,2982,0,False,2,1.1338909110139284
38932,38932,0.763693639392993,2983,1,True,3,1.929204742639186
38933,38933,0.765414406102528,2984,1,True,3,1.92943448781525
38934,38934,0.789121794419528,2985,0,False,3,1.2517892622492113
38935,38935,0.785939712687334,2986,0,False,3,1.2456335795665283
38936,38936,0.785939712687334,2987,0,False,3,1.2369365315139378
38937,38937,0.789121794419528,2988,0,False,2,3.4494593487980105
38938,38938,0.7918386881659,2989,0,False,3,1.2801334331801388
38939,38939,0.7918386881659,2990,0,False,3,1.286105688713325
38940,38940,0.790121735954636,2991,0,False,3,1.2883226463517232
38941,38941,0.79041838001729,2992,0,False,3,1.2935089155135522
39042,39042,0.379562911377223,2993,0,False,1,1.114833603569471
39043,39043,0.359884244987414,2994,0,False,1,1.3360663018169205
39044,39044,0.359722274263729,2995,0,False,1,1.345365983207531
39045,39045,0.497339194603558,2996,0,False,2,1.6310791735338523
39046,39046,0.453831298724699,2997,3,True,2,1.1691463299314815
39047,39047,0.47091777609809,2998,3,True,2,1.1780474450891425
39048,39048,0.475784439428291,2999,3,True,2,1.1807466840148704
39049,39049,0.490224629294533,3000,3,True,2,1.1952241084282975
39050,39050,0.499974562993215,3001,3,True,2,1.2058828022394652
39051,39051,0.504095866705799,3002,3,True,2,1.207019318499576
39052,39052,0.508384024200769,3003,3,True,2,1.2086744755138246
39053,39053,0.527445549435754,3004,3,True,2,1.247639519344024
39054,39054,0.532123708244935,3005,3,True,2,1.2495263963196463
39055,39055,0.538833654974835,3006,3,True,2,1.2554146104721646
39056,39056,0.544115054831804,3007,3,True,2,1.2562729201553176
39057,39057,0.550045760610935,3008,3,True,2,1.2574664600345022
39058,39058,0.583333333333333,3009,3,True,3,2.86522140580268
39059,39059,0.583333333333333,3010,3,True,3,2.8645771379455764
39060,39060,0.583333333333333,3011,3,True,3,2.8637563439111724
39061,39061,0.583333333333333,3012,3,True,3,2.8630317605934636
39062,39062,0.583333333333333,3013,3,True,3,2.862609367889832
39063,39063,0.583333333333333,3014,3,True,3,2.8616218786410235
39064,39064,0.583333333333333,3015,3,True,3,2.861416515140087
39065,39065,0.583333333333333,3016,3,True,3,2.8597068377561903
39066,39066,0.583333333333333,3017,3,True,3,2.8586966216143823
39067,39067,0.583333333333333,3018,3,True,3,2.85819370881778
39084,39084,0.749659179017499,3019,2,True,2,1.6115192108659762
39085,39085,0.74969574312621,3020,2,True,2,1.6112661074497923
39086,39086,0.749734001737206,3021,2,True,2,1.6113250471259661
39087,39087,0.749773480457077,3022,2,True,2,1.6113621316177515
39088,39088,0.749815293152141,3023,2,True,2,1.6113836832366373
39089,39089,0.749905250593503,3024,2,True,2,1.6124657983087036
39090,39090,0.75,3025,2,True,2,1.6122458157507917
39091,39091,0.75,3026,2,True,3,2.722498693212451
39092,39092,0.75,3027,2,True,3,2.722343872579591
39093,39093,0.75,3028,2,True,3,2.7221390774947225
39094,39094,0.75,3029,2,True,3,2.722029990204425
39095,39095,0.75,3030,2,True,3,2.7230755889637455
39096,39096,0.75,3031,2,True,3,2.6946254327712174
39097,39097,0.75,3032,2,True,3,2.6944783916211446
39098,39098,0.75,3033,2,True,3,2.6944320981427192
39099,39099,0.75,3034,2,True,3,2.694356462505712
39100,39100,0.75,3035,2,True,3,2.6943507033241922
39101,39101,0.75,3036,2,True,3,2.6943464312554957
39102,39102,0.75,3037,2,True,3,2.694216948773893
39103,39103,0.75,3038,2,True,3,2.694217170859444
39104,39104,0.75,3039,2,True,3,2.6941847296027377
39105,39105,0.75,3040,2,True,3,2.694115039455491
39106,39106,0.75,3041,2,True,3,2.694079603074178
39143,39143,0.360924706329957,3042,2,True,2,1.053780858215603
39144,39144,0.360764496249357,3043,2,True,2,1.0545059179146787
39145,39145,0.360575159952604,3044,2,True,2,1.05518771881367
39146,39146,0.360244462543919,3045,2,True,2,1.0571541601830827
39147,39147,0.353458570255771,3046,2,True,2,1.0432349559749736
39148,39148,0.350367239031493,3047,2,True,2,1.0393657846377895
39149,39149,0.349983929727578,3048,2,True,2,1.0408429528447236
39150,39150,0.349604476527855,3049,2,True,2,1.0422844421438064
39151,39151,0.349250870617876,3050,2,True,2,1.0435318477554885
39152,39152,0.348924303635404,3051,2,True,2,1.0448258634947571
39153,39153,0.348435442072129,3052,2,True,2,1.0477709961281223
39154,39154,0.344733819669864,3053,2,True,2,1.0474559680222169
39155,39155,0.3293643192526,3054,2,True,2,1.0975054954769505
39156,39156,0.328286785358441,3055,2,True,2,1.0994213333792373
39157,39157,0.323012968354751,3056,2,True,2,1.097867635014901
39158,39158,0.298010046281703,3057,2,True,2,1.148679900448051
39159,39159,0.296357313237006,3058,2,True,2,1.1528987907314845
39160,39160,0.294628805578978,3059,2,True,2,1.1561317778498958
39161,39161,0.287757464318619,3060,2,True,2,1.1591744918808489
39162,39162,0.285924383534452,3061,2,True,2,1.1618582164158595
39163,39163,0.282279615812685,3062,2,True,2,1.1645558276076255
39164,39164,0.278184301133762,3063,2,True,2,1.1675136545458928
39165,39165,0.282554719574332,3064,2,True,2,1.168134681700077
39166,39166,0.280866107167775,3065,2,True,2,1.1712854298872057
39167,39167,0.276181539518715,3066,2,True,2,1.1748531189626745
39168,39168,0.269184633407014,3067,2,True,2,1.1791558456695788
39169,39169,0.26065832644287,3068,2,True,2,1.185306749428039
39170,39170,0.252203169329455,3069,2,True,2,1.19429290529073
39171,39171,0.250548408441153,3070,2,True,2,1.1959365900339887
39247,39247,0.958834022474552,3071,0,False,3,2.7313387342764512
39290,39290,0.75,3072,2,True,3,2.7415864040663482
39291,39291,0.75,3073,2,True,3,2.7433724634916907
39292,39292,0.75,3074,2,True,3,2.744472715845104
39293,39293,0.75,3075,2,True,3,2.7455469393319465
39294,39294,0.75,3076,2,True,3,2.746054224056002
39295,39295,0.75,3077,2,True,3,2.746697542740239
39296,39296,0.75,3078,2,True,3,2.7478775901051855
39297,39297,0.75,3079,2,True,3,2.7488044639650644
39298,39298,0.75,3080,2,True,3,2.7496320577019886
39299,39299,0.75,3081,2,True,3,2.7504393450123357
39300,39300,0.75,3082,2,True,3,2.7512159955544546
39301,39301,0.75,3083,2,True,2,1.6876741544423188
39302,39302,0.749991804443783,3084,2,True,2,1.688346306756198
39303,39303,0.749986478861917,3085,2,True,2,1.6891650122022521
39304,39304,0.749982421772012,3086,2,True,2,1.689978718235408
39305,39305,0.749979686892601,3087,2,True,2,1.6907712644527977
39306,39306,0.749978295707546,3088,2,True,2,1.691549323986619
39307,39307,0.749978277591443,3089,2,True,2,1.6923095066886946
39308,39308,0.749979674111376,3090,2,True,2,1.6930494072986684
39309,39309,0.749982515386076,3091,2,True,2,1.693755250691726
39310,39310,0.749986829877592,3092,2,True,2,1.694438483107514
39311,39311,0.74999264451256,3093,2,True,2,1.6950982019149605
39312,39312,0.75,3094,2,True,2,1.6956823332539914
39313,39313,0.75,3095,2,True,3,2.755528356974163
39314,39314,0.75,3096,2,True,3,2.7559288698098743
39315,39315,0.75,3097,2,True,2,1.699365378037874
39316,39316,0.748908494629866,3098,2,True,2,1.6962805918852484
39317,39317,0.747818308594847,3099,2,True,2,1.6934643557419582
39318,39318,0.746762555644412,3100,2,True,2,1.6895641694696584
39319,39319,0.746322285419498,3101,2,True,2,1.6896679839623754
39320,39320,0.745396556516279,3102,2,True,2,1.6880119765394248
39321,39321,0.744327698886987,3103,2,True,2,1.686978219901719
39322,39322,0.742793490960658,3104,2,True,2,1.6835362282749249
39323,39323,0.75,3105,2,True,3,2.744511857201113
39324,39324,0.75,3106,2,True,3,2.744166528948681
39325,39325,0.75,3107,2,True,3,2.743505666234105
39326,39326,0.75,3108,2,True,3,2.743177160346652
39327,39327,0.75,3109,2,True,3,2.742520060219239
39328,39328,0.75,3110,2,True,3,2.7422972678580786
39329,39329,0.75,3111,2,True,3,2.7423547566099025
39330,39330,0.75,3112,2,True,3,2.7421481985956615
39331,39331,0.75,3113,2,True,3,2.7412219602798102
39332,39332,0.75,3114,2,True,3,2.7405372718017436
39390,39390,0.540480361288069,3115,1,True,2,2.679301114902792
39391,39391,0.554009828122245,3116,1,True,2,2.639010859727913
39392,39392,0.775759416477108,3117,1,True,3,2.852458177893408
39393,39393,0.783937193930352,3118,1,True,3,2.85186074355274
39394,39394,0.614310121967434,3119,0,False,2,3.2719330454013558
39395,39395,0.606877884321748,3120,0,False,2,3.2687705589797713
39396,39396,0.597640426635578,3121,0,False,2,3.1953322181490216
39397,39397,0.594149928289405,3122,0,False,2,3.2227581744897735
39398,39398,0.585886654917299,3123,0,False,2,3.2256216574071708
39672,39672,0.305016147574254,3124,0,False,2,1.089143615533678
39673,39673,0.300043046461965,3125,0,False,2,1.089137761038461
39674,39674,0.294786727027896,3126,0,False,2,1.0897598159738884
39675,39675,0.290898538736769,3127,0,False,2,1.085379315212222
39676,39676,0.283882185504708,3128,0,False,2,1.0893513159808312
39677,39677,0.272627942630415,3129,0,False,2,1.1023822530191358
39678,39678,0.261731632020226,3130,0,False,2,1.1128205665177848
39679,39679,0.252712370959763,3131,0,False,2,1.1246237188698722
39705,39705,0.250132782476248,3132,1,True,1,1.1439515452558733
39706,39706,0.253211100347157,3133,1,True,1,1.2114324498018614
39707,39707,0.264218412537172,3134,0,False,1,1.2480453055971041
39708,39708,0.265773261353059,3135,0,False,1,1.2615757744000369
39709,39709,0.265834862237961,3136,0,False,1,1.281545924178182
39710,39710,0.268153287004573,3137,0,False,1,1.2970027186358637
39711,39711,0.270503236225881,3138,0,False,1,1.3268567854645226
39712,39712,0.273133350395659,3139,0,False,1,1.3353829556060954
39713,39713,0.271158100266453,3140,0,False,1,1.348689226245261
39714,39714,0.270207241108544,3141,0,False,1,1.361959209092488
39715,39715,0.271810041466591,3142,0,False,1,1.3520102149419022
39716,39716,0.2725301537217,3143,0,False,1,1.3503572817739353
39717,39717,0.272288041010678,3144,0,False,1,1.343475744581488
39718,39718,0.267374310203694,3145,0,False,1,1.3119940990328143
39719,39719,0.266486146265526,3146,0,False,1,1.2872627737576348
39720,39720,0.265191988963192,3147,0,False,1,1.2766429218757114
39800,39800,0.434678391760817,3148,2,True,2,1.3471321518450015
39801,39801,0.479797372327676,3149,2,True,2,1.277840901099136
39802,39802,0.521931624503538,3150,2,True,2,1.2472240688573544
39803,39803,0.529938926348199,3151,2,True,2,1.240636946976846
39804,39804,0.549561728851081,3152,2,True,2,1.2384305118586845
39805,39805,0.569012225343949,3153,2,True,2,1.241090996377635
39806,39806,0.580090768588314,3154,2,True,2,1.2438462539348332
39807,39807,0.606981344610111,3155,2,True,2,1.2474579049266947
39808,39808,0.627629348527369,3156,2,True,2,1.265520471822112
39809,39809,0.646997753167624,3157,2,True,2,1.2900359658059544
39810,39810,0.667774865211942,3158,2,True,2,1.3172921363484351
39811,39811,0.687568089557635,3159,2,True,2,1.3513457940525269
39812,39812,0.701340244901082,3160,2,True,2,1.3826661399116946
39829,39829,0.250116439286078,3161,4,True,2,1.3106774375042918
39830,39830,0.250769197968991,3162,4,True,2,1.3100418513236796
39831,39831,0.255586202014434,3163,4,True,2,1.3078628498827927
39832,39832,0.255961450524493,3164,4,True,2,1.3077080417191569
39833,39833,0.256273888821425,3165,4,True,2,1.3072083108489732
39834,39834,0.256541886541737,3166,4,True,2,1.3069926759823782
39835,39835,0.256722883330802,3167,4,True,2,1.3065740661720107
39836,39836,0.268960655225986,3168,4,True,2,1.302373421599899
39837,39837,0.273539203763117,3169,4,True,2,1.3027005997846126
39838,39838,0.2744320497827,3170,4,True,2,1.302817963865519
39839,39839,0.275797853473277,3171,4,True,2,1.3031453304475147
39840,39840,0.27660504683734,3172,4,True,2,1.300892325519365
39841,39841,0.276975745725313,3173,4,True,2,1.2998189473504242
39842,39842,0.277384859197334,3174,4,True,2,1.2997872366461332
39843,39843,0.282516663487309,3175,4,True,2,1.2987754956270199
39844,39844,0.288897620822306,3176,4,True,2,1.3028538823365412
39845,39845,0.289371909996878,3177,4,True,2,1.3024160434856875
39846,39846,0.294055661570662,3178,4,True,2,1.30604479420545
39847,39847,0.294779825977307,3179,4,True,2,1.3057680070375972
39848,39848,0.295607430836063,3180,4,True,2,1.3050742211663724
39849,39849,0.296413247271447,3181,4,True,2,1.3040201687204727
39850,39850,0.299366593944461,3182,4,True,2,1.30536078677721
39851,39851,0.306933197610246,3183,4,True,2,1.2971100868773873
39852,39852,0.474224178624851,3184,3,True,2,1.1284271400391395
39853,39853,0.474575440506423,3185,3,True,2,1.1268277363070451
39854,39854,0.47683923588562,3186,3,True,2,1.1236274132438708
39855,39855,0.477521115591252,3187,3,True,2,1.1237844715059966
39856,39856,0.478206042083985,3188,3,True,2,1.1225273881821343
39857,39857,0.645303565958371,3189,2,True,2,1.314596082563334
39858,39858,0.645433482423472,3190,2,True,2,1.3133922897924117
39859,39859,0.647118033578173,3191,2,True,2,1.3109604119135794
39860,39860,0.647807250062238,3192,2,True,2,1.3114312942644066
39861,39861,0.655831667557377,3193,2,True,2,1.3210225053336369
39862,39862,0.656321323414046,3194,2,True,2,1.3198979476452957
39863,39863,0.656614549410701,3195,2,True,2,1.3185731723492582
39864,39864,0.656940752995698,3196,2,True,2,1.3181278825564922
39865,39865,0.657262259942563,3197,2,True,2,1.3174228127884573
39866,39866,0.657597681049968,3198,2,True,2,1.3166451490529816
39867,39867,0.699478046587729,3199,2,True,2,1.2976638523730148
39868,39868,0.700120808246936,3200,2,True,2,1.2980335483560028
39869,39869,0.75,3201,2,True,3,2.70440441949142
39870,39870,0.646091843871059,3202,2,True,2,1.3027964824049112
39871,39871,0.643482785225086,3203,2,True,2,1.2999775548891719
39872,39872,0.64320968329519,3204,2,True,2,1.2997552746847172
39873,39873,0.642117368402701,3205,2,True,2,1.29858091207028
39874,39874,0.641944425750338,3206,2,True,2,1.2984221511326082
39875,39875,0.641551902951802,3207,2,True,2,1.2980486214403
39876,39876,0.64090504645483,3208,2,True,2,1.2974060599465296
39877,39877,0.646417951906699,3209,2,True,2,1.2861838707873876
39878,39878,0.653532969631633,3210,2,True,2,1.2752648336876258
39879,39879,0.648796764943041,3211,2,True,2,1.278781117463647
39880,39880,0.648231937015202,3212,2,True,2,1.2782514426891864
39881,39881,0.647595757597371,3213,2,True,2,1.2776747543930955
39882,39882,0.64667185214133,3214,2,True,2,1.2768188019210642
39883,39883,0.653010663589212,3215,2,True,2,1.268791346893786
39884,39884,0.648805294817052,3216,2,True,2,1.269633632600171
39885,39885,0.644991711639568,3217,2,True,2,1.2709933871887662
39886,39886,0.643934537320127,3218,2,True,2,1.2701114076983335
39887,39887,0.643108200676533,3219,2,True,2,1.26944032697426
39888,39888,0.607178758298977,3220,2,True,2,1.2507594977579246
39889,39889,0.60684467163219,3221,2,True,2,1.2506570393103253
39890,39890,0.585899571011591,3222,2,True,2,1.2015834712072821
39891,39891,0.561937394144582,3223,2,True,2,1.1753092898659094
39892,39892,0.538650168192913,3224,2,True,2,1.184457168260907
39893,39893,0.536516037652942,3225,2,True,2,1.185697787827729
39894,39894,0.530579633898664,3226,2,True,2,1.2012886087289825
39895,39895,0.529919363490019,3227,2,True,2,1.201126378128206
39896,39896,0.522996925069208,3228,2,True,2,1.1821189721151342
39897,39897,0.522301967742606,3229,2,True,2,1.1828162053023281
39898,39898,0.521566166975151,3230,2,True,2,1.1837693772883469
39899,39899,0.519411520727571,3231,2,True,2,1.1886839915806644
39900,39900,0.518466589796815,3232,2,True,2,1.1900155480597172
39901,39901,0.521092680008134,3233,2,True,2,1.1819679942959118
39943,39943,0.385367136967958,3234,3,True,2,1.420383158752759
39944,39944,0.382678642112006,3235,3,True,2,1.429999460573354
39945,39945,0.373362843827851,3236,3,True,2,1.4330456239499574
39946,39946,0.370581936934339,3237,3,True,2,1.4361729904581657
39947,39947,0.356106369807111,3238,3,True,2,1.4500607226900293
39948,39948,0.329462617145315,3239,3,True,1,1.4713261552409802
39949,39949,0.324669290361572,3240,3,True,1,1.4375600883625348
39950,39950,0.33787911948969,3241,3,True,1,1.3716943601445204
39951,39951,0.294554889662738,3242,3,True,1,1.2748535952638187
39952,39952,0.284977617738895,3243,3,True,1,1.2492362159895518
39953,39953,0.283690248283723,3244,3,True,1,1.2233961186160818
39954,39954,0.282606805768429,3245,3,True,1,1.2069376718884182
39955,39955,0.255759866349936,3246,3,True,1,1.2260193432968016
39956,39956,0.255236093971098,3247,3,True,1,1.2165045079706212
39957,39957,0.27951677072095,3248,3,True,1,1.1473400273881769
39958,39958,0.291215004423007,3249,3,True,1,1.0917045270874504
40058,40058,0.920944960586934,3250,0,False,3,1.3791731701878438
40086,40086,0.250310378817428,3251,1,True,2,1.6970254363260473
40087,40087,0.772268894046578,3252,1,True,3,1.6265658927260591
40088,40088,0.772268894046578,3253,1,True,3,1.6275407820554015
40089,40089,0.769321616622601,3254,1,True,3,1.6284955956376306
40090,40090,0.768780043602473,3255,1,True,3,1.6295855533127996
40091,40091,0.767696805225991,3256,1,True,3,1.6307674555101805
40092,40092,0.767696805225991,3257,1,True,3,1.6316015141873008
40093,40093,0.341961666190983,3258,1,True,2,1.8622152405041736
40094,40094,0.328249959806745,3259,1,True,2,1.6447428722893722
40095,40095,0.321992710337759,3260,1,True,2,1.6515430400123794
40096,40096,0.303096272909892,3261,1,True,2,1.5406672585462682
40097,40097,0.296294530929435,3262,1,True,2,1.5518600566975644
40098,40098,0.291536988666169,3263,1,True,2,1.5587913632115231
40099,40099,0.293470023478124,3264,1,True,2,1.536988554766264
40100,40100,0.289984763552527,3265,1,True,2,1.5400175280874788
40423,40423,0.320120838967043,3266,0,False,2,3.7220814688786135
40424,40424,0.321722236162953,3267,0,False,2,3.7213471696432863
40425,40425,0.339735542209242,3268,0,False,2,3.28629291671388
40426,40426,0.340045245555669,3269,0,False,2,3.279298961932542
40427,40427,0.346151177174047,3270,0,False,2,3.785901469526052
40428,40428,0.34639691805376,3271,0,False,2,3.784613986774391
40429,40429,0.349343595607439,3272,0,False,2,3.782746672171568
40430,40430,0.349019415937922,3273,0,False,2,3.781788067677115
40431,40431,0.34942495959693,3274,0,False,2,3.780413657372834
40432,40432,0.349678182319163,3275,0,False,2,3.778759996935088
40433,40433,0.349395051180592,3276,0,False,2,3.778508641994284
40434,40434,0.350616749608186,3277,0,False,2,3.8964522708615204
40435,40435,0.35424215046894,3278,0,False,2,3.8947168255576434
40436,40436,0.354430019179862,3279,0,False,2,3.8913699578901624
40437,40437,0.352976631610666,3280,0,False,2,3.8902286976987157
40438,40438,0.353036928819523,3281,0,False,2,3.8823259147441633
40439,40439,0.353254725524638,3282,0,False,2,3.877437018732849
40440,40440,0.356369246171608,3283,0,False,2,3.8745442755145314
40441,40441,0.356595995312134,3284,0,False,2,3.871547740075453
40442,40442,0.36733733853723,3285,0,False,2,3.845298208148674
40443,40443,0.400699875292861,3286,0,False,2,3.903461439413381
40444,40444,0.400638645214653,3287,0,False,2,3.9020609733700504
40445,40445,0.411780787440217,3288,0,False,2,3.9626936594581643
40446,40446,0.411391281514621,3289,0,False,2,3.9620082649564035
40447,40447,0.420182099608555,3290,0,False,2,4.031988869882289
40448,40448,0.425201734350106,3291,0,False,2,4.080125686377963
40449,40449,0.430595118066496,3292,0,False,2,4.078543404345496
40450,40450,0.436233103284304,3293,0,False,2,4.181277857253555
40451,40451,0.439307391339961,3294,0,False,2,4.226819902682425
40452,40452,0.442597624594824,3295,0,False,2,4.222232743032064
40453,40453,0.453302737208552,3296,0,False,2,4.4972775756369545
40454,40454,0.501380925371918,3297,0,False,2,4.7063126431504045
40455,40455,0.501290812148029,3298,0,False,2,4.703110054757155
40456,40456,0.503099709475967,3299,0,False,2,4.704283172587383
40457,40457,0.939041846027423,3300,0,False,3,4.435557641414243
40458,40458,0.942904617735226,3301,0,False,3,4.4348913612930625
40459,40459,0.944186645914251,3302,0,False,3,4.435457471702479
40466,40466,0.552168564435391,3303,1,True,2,1.3254393064801495
40467,40467,0.551384989062321,3304,1,True,2,1.32817466430931
40468,40468,0.553551036916124,3305,1,True,2,1.3489581594588211
40469,40469,0.723288463302062,3306,0,False,2,1.591158154664599
40470,40470,0.720773022941881,3307,0,False,2,1.5191385446959074
40471,40471,0.726409834539984,3308,0,False,2,1.59374319251175
40472,40472,0.733530302228622,3309,0,False,2,1.752517554257615
40473,40473,0.737088206172608,3310,0,False,2,1.770015212147426
40624,40624,0.344442957921671,3311,0,False,2,1.133421399032514
40625,40625,0.342354424556666,3312,0,False,2,1.1418910194690055
40626,40626,0.341977367139052,3313,0,False,2,1.1423650950305515
40627,40627,0.341077237828811,3314,0,False,2,1.143928125762422
40923,40923,0.280671737597282,3315,3,True,1,1.0217582478834826
40924,40924,0.312566145331571,3316,3,True,2,1.3305843142687162
40925,40925,0.331708583210126,3317,3,True,2,1.3030521931307673
40926,40926,0.351354727545107,3318,3,True,2,1.3304214971039314
40927,40927,0.346062659897159,3319,3,True,2,1.3383396714373872
40928,40928,0.361569491523965,3320,3,True,2,1.3720864076540884
40929,40929,0.341886688000338,3321,3,True,2,1.4178117884916586
40930,40930,0.366482059393297,3322,3,True,2,1.3773583802464628
40931,40931,0.367206555918077,3323,3,True,2,1.3731148487420086
40932,40932,0.382831513520704,3324,3,True,2,1.372163190686309
40933,40933,0.391853388913093,3325,3,True,2,1.3644579558341055
40934,40934,0.401323325534126,3326,3,True,2,1.3629136123126777
40935,40935,0.400015015823128,3327,3,True,2,1.3521845289438938
40936,40936,0.401745421621774,3328,3,True,2,1.3371176523777326
40937,40937,0.405529937332329,3329,2,True,2,0.9991029180239238
40938,40938,0.382653395125024,3330,2,True,2,0.9966401881651579
40939,40939,0.381778374324013,3331,2,True,2,0.996099552247652
40940,40940,0.362969494618245,3332,2,True,2,0.9936307839313107
40941,40941,0.350884884745102,3333,2,True,2,0.969180700674119
40942,40942,0.337286323386157,3334,2,True,2,0.9720983637792733
40943,40943,0.327851618489069,3335,2,True,2,0.9679314784779981
40944,40944,0.319701775559393,3336,2,True,2,0.9677976409478839
40945,40945,0.318147726392991,3337,2,True,2,0.971109648223857
40946,40946,0.318524509746835,3338,2,True,2,0.9703440300661729
40947,40947,0.318888383982792,3339,2,True,2,0.9569018617741377
40948,40948,0.314110070854176,3340,2,True,2,0.9586159040420893
40949,40949,0.310085492560882,3341,2,True,2,0.9600635536488261
40950,40950,0.283592458094217,3342,2,True,2,1.0030671367169526
40951,40951,0.280118397880688,3343,2,True,2,1.005029969186322
40952,40952,0.276673261530105,3344,2,True,2,0.9991753085515253
40953,40953,0.255908986621728,3345,2,True,2,1.0702986692927763
40954,40954,0.251008954877793,3346,2,True,2,1.1164536083770187
41050,41050,0.626611000384302,3347,0,False,2,2.294098770328063
41051,41051,0.705123609275278,3348,0,False,2,2.58329617192303
41052,41052,0.707946408176378,3349,0,False,2,2.582675942518848
41053,41053,0.707893015800561,3350,0,False,2,2.581874715670747
41054,41054,0.702073536559125,3351,0,False,2,2.562306413349975
41055,41055,0.698170958911783,3352,0,False,2,2.4819485295231263
41056,41056,0.680695847470109,3353,0,False,2,2.171336278175416
41057,41057,0.680776974863511,3354,0,False,2,2.170481227676965
41058,41058,0.666465613867072,3355,0,False,2,2.2674783722892924
41059,41059,0.669089608145611,3356,0,False,2,2.2676137653467814
41060,41060,0.648474119671595,3357,0,False,2,2.0964475202219184
41061,41061,0.649420716439416,3358,0,False,2,2.0974115291393765
41062,41062,0.648618175158884,3359,0,False,2,2.0975190410606017
41063,41063,0.667994732762721,3360,0,False,2,2.881883352925286
41064,41064,0.667626292940597,3361,0,False,2,2.8810273337594707
41065,41065,0.664552403702602,3362,0,False,2,2.821660763575258
41066,41066,0.618960556237469,3363,0,False,2,1.987133856003475
41067,41067,0.610656985765971,3364,1,True,2,1.9869465215650546
41068,41068,0.610679852119529,3365,1,True,2,1.9867237075892585
41069,41069,0.588242085431555,3366,1,True,2,1.1826469370350363
41070,41070,0.586167364399247,3367,1,True,2,1.1852376809074014
41071,41071,0.596065414119774,3368,1,True,2,1.1911211975301415
41072,41072,0.601543485910965,3369,1,True,2,1.1951580027859343
41073,41073,0.602359254629232,3370,1,True,2,1.1977535206968086
41074,41074,0.602299626216468,3371,1,True,2,1.197698384530767
41075,41075,0.60245575679374,3372,1,True,2,1.1983716942222056
41076,41076,0.600426439399455,3373,2,True,2,1.1971689127583043
41077,41077,0.600589611880501,3374,2,True,2,1.1977303422002568
41078,41078,0.604970337315518,3375,2,True,2,1.2022735112957066
41079,41079,0.604767296792226,3376,2,True,2,1.2020938820145146
41080,41080,0.604812283833897,3377,2,True,2,1.2026634375052268
41081,41081,0.604989040073144,3378,2,True,2,1.203627633308027
41082,41082,0.605316237159954,3379,2,True,2,1.204987594013544
41083,41083,0.610237739784021,3380,2,True,2,1.2131579536772272
41084,41084,0.610577176819529,3381,2,True,2,1.2145465513191427
41085,41085,0.610800726187457,3382,2,True,2,1.215386954946742
41086,41086,0.484172870470616,3383,0,False,2,2.288093333331383
41087,41087,0.484609567119097,3384,0,False,2,2.2858439417176393
41088,41088,0.484997910632758,3385,0,False,2,2.2832812307515837
41089,41089,0.470192403247628,3386,0,False,2,2.256221646836517
41090,41090,0.472050795802148,3387,0,False,2,2.2527324527017893
41091,41091,0.487111831048396,3388,0,False,2,2.2721511453260312
41092,41092,0.487343129294139,3389,0,False,2,2.2709360124904436
41093,41093,0.487727229708141,3390,0,False,2,2.269493317921891
41094,41094,0.487963168266399,3391,0,False,2,2.268510365881381
41095,41095,0.49992506545498,3392,0,False,2,2.4462369925723277
41154,41154,0.261636548405099,3393,1,True,1,1.2934393074073611
41155,41155,0.283453493360029,3394,1,True,1,1.4398485584016296
41156,41156,0.273435832317536,3395,1,True,1,1.3350652866986485
41157,41157,0.267469037526259,3396,1,True,2,2.4684694138527274
41158,41158,0.268186242765425,3397,1,True,2,2.470147178146902
41159,41159,0.295145185459472,3398,1,True,2,2.4288786381370526
41160,41160,0.46451412302533,3399,0,False,2,2.5484111662303537
41161,41161,0.501219255217189,3400,0,False,2,2.706583830519772
41162,41162,0.501489079435219,3401,0,False,2,2.7075712342161786
41163,41163,0.519632851465383,3402,0,False,2,1.7747453540704148
41164,41164,0.530955431478612,3403,0,False,2,1.8010226811625885
41165,41165,0.531999844156498,3404,0,False,2,1.8011663958583375
41166,41166,0.532739906876025,3405,0,False,2,1.8110582261765622
41167,41167,0.550097028181625,3406,0,False,2,2.108812168275483
41168,41168,0.372029728172198,3407,1,True,2,0.9945282919771481
41169,41169,0.770415714849547,3408,1,True,3,1.5533063696568625
41170,41170,0.775360831849973,3409,1,True,3,1.5566211122922315
41171,41171,0.944111958826324,3410,0,False,3,1.2362107682886823
41318,41318,0.842043598041026,3411,0,False,3,1.2823553861772083
41319,41319,0.842043598041026,3412,0,False,3,1.2829938843278224
41320,41320,0.839462174091132,3413,0,False,3,1.2824487990200715
41321,41321,0.839462174091132,3414,0,False,3,1.2827340914936758
41322,41322,0.839462174091132,3415,0,False,3,1.2817747319201311
41323,41323,0.826206988424694,3416,0,False,3,1.2829205458406796
41324,41324,0.804312157696861,3417,0,False,3,1.2874477930634654
41325,41325,0.807397815061995,3418,0,False,3,1.2848257380322137
41326,41326,0.90051694939664,3419,0,False,3,1.289299188108228
41327,41327,0.903515805970979,3420,0,False,3,1.2956510905252725
41328,41328,0.903515805970979,3421,0,False,3,1.2973159076939729
41329,41329,0.909986908738907,3422,0,False,3,1.2977091301559087
41330,41330,0.915556165962287,3423,0,False,3,1.2990853380941454
41331,41331,0.916697152651354,3424,0,False,3,1.3021308294615028
41332,41332,0.922293019212366,3425,0,False,3,1.30904378925317
41333,41333,0.941176170265498,3426,0,False,3,1.6577469684128578
41334,41334,0.941176170265498,3427,0,False,3,1.6597546726614525
41335,41335,0.942253652785132,3428,0,False,3,1.658392274819705
41453,41453,0.69062231991086,3429,1,True,3,1.5857440092355972
41454,41454,0.680845476371424,3430,1,True,3,1.5861674819261589
41455,41455,0.680845476371424,3431,1,True,3,1.5869450649511383
41456,41456,0.680845476371424,3432,1,True,3,1.587702059831865
41457,41457,0.680845476371424,3433,1,True,3,1.588071761642957
41458,41458,0.680845476371424,3434,1,True,3,1.5884800103220336
41459,41459,0.662885829585852,3435,1,True,3,1.5892726718196357
41460,41460,0.662885829585852,3436,1,True,3,1.5896394495941613
41461,41461,0.662885829585852,3437,1,True,3,1.590045898010895
41462,41462,0.662885829585852,3438,1,True,3,1.5904533464790525
41463,41463,0.662885829585852,3439,1,True,3,1.5908607692809638
41464,41464,0.662885829585852,3440,1,True,3,1.59126742070299
41465,41465,0.616495950155501,3441,1,True,3,1.5916761716459842
41466,41466,0.616495950155501,3442,1,True,3,1.5920859591804144
41467,41467,0.616495950155501,3443,1,True,3,1.5924953649805211
41468,41468,0.616495950155501,3444,1,True,3,1.5930361553591854
41469,41469,0.616495950155501,3445,1,True,3,1.5938500417824029
41470,41470,0.595100714645871,3446,2,True,3,2.177882224063923
41471,41471,0.595100714645871,3447,2,True,3,2.2459617267676
41472,41472,0.595100714645871,3448,2,True,3,2.247183997447474
41473,41473,0.595100714645871,3449,2,True,3,2.2485629281588206
41474,41474,0.595100714645871,3450,2,True,3,2.250487355556326
41475,41475,0.595100714645871,3451,2,True,3,2.252521388180312
41476,41476,0.595100714645871,3452,2,True,3,2.2543995983055196
41477,41477,0.595100714645871,3453,2,True,3,2.256517791655518
41490,41490,0.479028376341364,3454,2,True,2,2.0985571847746263
41491,41491,0.47896157211125,3455,2,True,2,2.0984325080086834
41492,41492,0.478838724675534,3456,2,True,2,2.0969843699390056
41493,41493,0.461293520380217,3457,2,True,1,1.5769439593135903
41494,41494,0.461193361239256,3458,2,True,1,1.5733125498954041
41495,41495,0.460049739081465,3459,2,True,1,1.528968135248786
41496,41496,0.461011198772669,3460,2,True,1,1.5171529094116338
41497,41497,0.457493854160876,3461,2,True,1,1.5078044995564375
41498,41498,0.449501853296243,3462,2,True,1,1.5121819761667399
41499,41499,0.445644834667804,3463,2,True,1,1.5163091568675406
41500,41500,0.4445485249309,3464,2,True,1,1.450149627623841
41501,41501,0.445488526669996,3465,2,True,1,1.4453530886931854
41502,41502,0.445365282725504,3466,2,True,1,1.4382536706406173
41503,41503,0.445177749308242,3467,2,True,1,1.434444792355673
41504,41504,0.444443950607911,3468,2,True,1,1.4123509203216946
41505,41505,0.444245447849017,3469,2,True,1,1.4086635714166165
41506,41506,0.444093544216782,3470,2,True,1,1.4052028792139721
41507,41507,0.443961121020832,3471,2,True,1,1.4029707471882509
41508,41508,0.444613860879103,3472,2,True,1,1.3889350055056082
41509,41509,0.442404822358417,3473,2,True,1,1.3925621503644146
41510,41510,0.442337009218816,3474,2,True,1,1.3923121778250782
41511,41511,0.442293733077299,3475,2,True,1,1.3888518448735399
41512,41512,0.442186036881036,3476,2,True,1,1.3882004015640235
41513,41513,0.43812036521401,3477,2,True,1,1.3928638279035794
41514,41514,0.437985437250568,3478,2,True,1,1.3920036251445067
41515,41515,0.437299233985047,3479,2,True,1,1.373132996305589
41516,41516,0.437043101176903,3480,2,True,1,1.3743533587450492
41517,41517,0.429064160032146,3481,2,True,1,1.261706511616217
41518,41518,0.428926373236146,3482,2,True,1,1.2587661423978989
41519,41519,0.424447828865752,3483,2,True,1,1.2689340838391538
41520,41520,0.415237140216875,3484,2,True,1,1.2953341823572455
41521,41521,0.413924896924825,3485,2,True,1,1.2986170437416538
41522,41522,0.413790193925387,3486,2,True,1,1.2983991398753119
41523,41523,0.413713485623635,3487,2,True,1,1.2986405845544704
41524,41524,0.414193081746949,3488,2,True,1,1.2954742891397117
41525,41525,0.414064828986862,3489,2,True,1,1.2953972507353613
41526,41526,0.413979412709743,3490,2,True,1,1.2952895543427116
41527,41527,0.413911662672916,3491,2,True,1,1.2949263153602453
41528,41528,0.413790006109666,3492,2,True,1,1.2941906462763995
41529,41529,0.413628195430924,3493,2,True,1,1.2930019188736268
41530,41530,0.41907760522652,3494,2,True,1,1.292362170827715
41531,41531,0.418310605210183,3495,2,True,1,1.2928559727799878
41532,41532,0.434030627879376,3496,2,True,1,1.2621791070920902
41533,41533,0.441019606049438,3497,2,True,1,1.2419443110067558
41534,41534,0.445032735576213,3498,2,True,1,1.2457080676951446
41535,41535,0.453483219531957,3499,2,True,1,1.2458246262341688
41536,41536,0.454610840007837,3500,2,True,1,1.2388747476615047
41537,41537,0.443357724133323,3501,2,True,1,1.2472919307108281
41538,41538,0.442944638000845,3502,2,True,1,1.245146330565567
41539,41539,0.442603588148259,3503,2,True,1,1.24368076842635
41540,41540,0.437668310786936,3504,2,True,1,1.2275439700296362
41541,41541,0.417868419156252,3505,2,True,1,1.2895464159770496
41542,41542,0.417613508848525,3506,2,True,1,1.2888993435593106
41543,41543,0.417442857588899,3507,2,True,1,1.2882363219162225
41544,41544,0.413786962241975,3508,2,True,1,1.2706312108401812
41545,41545,0.412883015061241,3509,2,True,1,1.2687984721706551
41546,41546,0.407710013130413,3510,2,True,1,1.260247530996477
41547,41547,0.40748152917945,3511,2,True,1,1.2595381853423686
41548,41548,0.390696048793867,3512,2,True,1,1.2172703008268786
41549,41549,0.3909256375587,3513,2,True,1,1.2137084553624977
41550,41550,0.390603155112353,3514,2,True,1,1.2131406451176887
41551,41551,0.373623218923799,3515,2,True,1,1.2059567156152848
41552,41552,0.367346421977922,3516,2,True,1,1.2099648647851469
41553,41553,0.364640293646815,3517,2,True,1,1.2066848784917263
41554,41554,0.364486095011492,3518,2,True,1,1.207051072390958
41555,41555,0.364372394263547,3519,2,True,1,1.2071188885287283
41556,41556,0.294808394315934,3520,2,True,1,1.3741557481877689
41557,41557,0.294658096569913,3521,2,True,1,1.374096673574122
41558,41558,0.293700107100556,3522,2,True,1,1.3767375146687086
41559,41559,0.293444199748984,3523,2,True,1,1.375741355791706
41607,41607,0.957976263894263,3524,0,False,3,1.2529979109554117
41608,41608,0.96131404708638,3525,0,False,3,1.2553211455435596
41609,41609,0.960496531626051,3526,0,False,3,1.258980647482996
41610,41610,0.588820981193755,3527,0,False,2,1.7130851613470452
41611,41611,0.411698883731426,3528,0,False,1,1.04675144697558
41612,41612,0.409550088730917,3529,0,False,1,1.038498865147867
41613,41613,0.410686639098169,3530,0,False,1,1.0403274644651113
41614,41614,0.414033449579088,3531,0,False,1,1.081207091650452
41615,41615,0.415492358760796,3532,0,False,1,1.0876458474276016
41656,41656,0.443887925291492,3533,0,False,2,1.7434045975414776
41657,41657,0.447866978054851,3534,0,False,2,1.7368107464941729
41658,41658,0.469463694750039,3535,0,False,2,1.6701502667862558
41659,41659,0.448534862650019,3536,0,False,2,1.7638788742163107
41660,41660,0.452001706915957,3537,0,False,2,1.7623395332467313
41661,41661,0.456225695253206,3538,0,False,2,1.748447147332722
41662,41662,0.455454403843395,3539,0,False,2,1.7441354954663764
41663,41663,0.458258067797322,3540,0,False,2,1.743324426274212
41664,41664,0.473859541397156,3541,0,False,2,1.7178120042891911
41665,41665,0.475152492708037,3542,0,False,2,1.7023800829251134
41666,41666,0.47495032649043,3543,0,False,2,1.6964827991087232
41667,41667,0.474694456104975,3544,0,False,2,1.690730723698106
41668,41668,0.475545987191785,3545,0,False,2,1.6838435718371643
41669,41669,0.471545903367733,3546,0,False,2,1.6806612391290565
41670,41670,0.471933339484476,3547,0,False,2,1.6737027221857501
41671,41671,0.471895044472838,3548,0,False,2,1.6681241729394716
41672,41672,0.472484098512481,3549,0,False,2,1.6615442252553254
41673,41673,0.473238459091988,3550,0,False,2,1.6517715796072228
41674,41674,0.474367733661823,3551,0,False,2,1.644569889314128
41675,41675,0.479738076668413,3552,0,False,2,1.6238816062333434
41676,41676,0.480489392013095,3553,0,False,2,1.6157404061150955
41677,41677,0.477997729315114,3554,0,False,2,1.5998967293455029
41736,41736,0.524732769922212,3555,0,False,2,2.7910329559770264
41737,41737,0.512289933926824,3556,0,False,2,2.5970600188452417
41738,41738,0.527147610421446,3557,0,False,2,2.708204125728235
41739,41739,0.527851926690877,3558,0,False,2,2.689754554087566
41740,41740,0.39636414033091,3559,0,False,2,2.0766405325136748
41741,41741,0.401722696174369,3560,0,False,2,2.0715643491273443
41742,41742,0.401722696174369,3561,0,False,2,2.0745690752693045
41876,41876,0.790513774730471,3562,0,False,2,3.4672004852005793
41877,41877,0.821488979949571,3563,0,False,2,3.4684607895353476
41878,41878,0.821490378826803,3564,0,False,2,3.4687731211023114
41879,41879,0.835620535969066,3565,0,False,2,3.471364434725718
41880,41880,0.834209697587557,3566,0,False,3,1.2610925070328918
41881,41881,0.834209697587557,3567,0,False,3,1.2621284331755882
41882,41882,0.834209697587557,3568,0,False,3,1.2622165077073455
41883,41883,0.834209697587557,3569,0,False,3,1.2643823505164535
41884,41884,0.834209697587557,3570,0,False,3,1.2655708823232819
41885,41885,0.837848010298517,3571,0,False,3,1.265685535342613
41886,41886,0.837848010298517,3572,0,False,3,1.267290614814639
41887,41887,0.837848010298517,3573,0,False,3,1.268291702761181
41888,41888,0.841340206161237,3574,0,False,3,1.2685950109113076
41889,41889,0.841498648536905,3575,0,False,3,1.2704799311976025
41890,41890,0.841498648536905,3576,0,False,2,3.4799021421320706
41891,41891,0.842430910972747,3577,0,False,2,3.4804650906065944
41892,41892,0.842430375946782,3578,0,False,2,3.4806369183171975
41893,41893,0.842430548201219,3579,0,False,2,3.481054885791424
41894,41894,0.842432449281458,3580,0,False,2,3.482850709407606
41895,41895,0.845013873231352,3581,0,False,3,1.2765119278935049
41896,41896,0.841479430172394,3582,0,False,2,3.488928286846043
41897,41897,0.674813945699725,3583,1,True,2,3.4210339251025546
41898,41898,0.674816111079136,3584,1,True,2,3.421570466105679
41899,41899,0.674817158919502,3585,1,True,2,3.4216048091858733
41900,41900,0.67481966919222,3586,1,True,2,3.4220196240350287
41901,41901,0.674821840161489,3587,1,True,2,3.4222029957611704
41902,41902,0.674823074812994,3588,1,True,2,3.4221698879169256
41903,41903,0.671415533379515,3589,1,True,2,3.4224553300673577
41904,41904,0.671417201408567,3590,1,True,2,3.422453146516992
41905,41905,0.671418530105953,3591,1,True,2,3.422456584171378
41906,41906,0.671422019407499,3592,1,True,2,3.4228380245824046
41907,41907,0.671422019407499,3593,1,True,3,1.6014605575971703
41908,41908,0.67118134363185,3594,1,True,3,1.601109229147016
41909,41909,0.67118134363185,3595,1,True,3,1.601214252603904
41910,41910,0.67118134363185,3596,1,True,3,1.6012946804669823
41911,41911,0.67118134363185,3597,1,True,3,1.6011642561341775
41912,41912,0.67118134363185,3598,1,True,3,1.6009666042431958
41913,41913,0.67118134363185,3599,1,True,3,1.6007036284762117
41914,41914,0.67118134363185,3600,1,True,3,1.600544633157037
41915,41915,0.67118134363185,3601,1,True,3,1.600278831246675
41916,41916,0.671422019407499,3602,1,True,3,1.599755896738361
41917,41917,0.671422019407499,3603,1,True,3,1.5996787392471048
41918,41918,0.671422019407499,3604,1,True,3,1.599179085501924
41919,41919,0.671422019407499,3605,1,True,3,1.599105208460688
41920,41920,0.671422019407499,3606,1,True,3,1.598070051659651
41921,41921,0.671422019407499,3607,1,True,3,1.5975431294164373
41922,41922,0.674831981870239,3608,1,True,3,1.597257678341828
41923,41923,0.674831981870239,3609,1,True,3,1.5965272130426558
41924,41924,0.674831981870239,3610,1,True,3,1.5958025061254253
41925,41925,0.674831981870239,3611,1,True,3,1.5951819982156996
41926,41926,0.674831981870239,3612,1,True,3,1.5946303397421218
41927,41927,0.674831981870239,3613,1,True,3,1.5942122199738833
41928,41928,0.674831981870239,3614,1,True,3,1.593455084856068
41929,41929,0.841498648536905,3615,0,False,3,1.2790338509020425
41930,41930,0.841498648536905,3616,0,False,3,1.277981034897334
41931,41931,0.841498648536905,3617,0,False,3,1.27670323198712
41932,41932,0.842432449281458,3618,0,False,3,1.2753054228875849
41933,41933,0.842432449281458,3619,0,False,3,1.274277276793942
41934,41934,0.842432449281458,3620,0,False,3,1.2736832190878966
41935,41935,0.842432449281458,3621,0,False,3,1.273032904516744
41936,41936,0.674831981870239,3622,1,True,3,1.5856837181574976
41937,41937,0.453823590139012,3623,0,False,1,1.5186613582302058
41938,41938,0.455882484366084,3624,0,False,1,1.5524407491867898
41939,41939,0.474019041150091,3625,0,False,2,1.6205844073694435
41940,41940,0.481560955847996,3626,0,False,2,1.6342199905407742
41957,41957,0.941250885600369,3627,0,False,3,1.4663910900680133
41958,41958,0.941100868484188,3628,0,False,3,1.4699328635804991
41959,41959,0.940626764936939,3629,0,False,3,1.4712139120217682
41960,41960,0.940626764936939,3630,0,False,3,1.472786007503948
41961,41961,0.939926975716401,3631,0,False,3,1.481191196218743
41962,41962,0.939926975716401,3632,0,False,3,1.4720848223794483
41963,41963,0.939926975716401,3633,0,False,3,1.4711626416551242
41964,41964,0.939926975716401,3634,0,False,3,1.4694105270125686
41965,41965,0.939926975716401,3635,0,False,3,1.4673909251401387
41966,41966,0.939926975716401,3636,0,False,3,1.4642867005473015
41967,41967,0.939926975716401,3637,0,False,3,1.4579518826457407
41968,41968,0.939926975716401,3638,0,False,3,1.4630589846185453
41969,41969,0.939926975716401,3639,0,False,2,3.5861318453420012
41970,41970,0.939926975716401,3640,0,False,2,3.585827808608955
41971,41971,0.939926975716401,3641,0,False,3,1.4543207924247326
41972,41972,0.939926975716401,3642,0,False,3,1.4486983629628176
41973,41973,0.939926975716401,3643,0,False,3,1.4385155493757311
41974,41974,0.939926975716401,3644,0,False,3,1.4321670732809173
41975,41975,0.946341207963779,3645,0,False,3,2.3572284908032217
41976,41976,0.949239556084402,3646,0,False,3,2.349686031917831
41977,41977,0.949761619351747,3647,0,False,3,2.3462141598765602
41978,41978,0.950398407835694,3648,0,False,3,2.3289467066489484
41979,41979,0.740534064605955,3649,0,False,2,2.4191511687955893
41980,41980,0.739909852973228,3650,0,False,2,2.4188307901777004
41981,41981,0.733408302359056,3651,0,False,2,2.3043073456191796
42003,42003,0.251070781216002,3652,3,True,2,1.6260827343587614
42004,42004,0.268565130278135,3653,3,True,2,1.5797793365198893
42005,42005,0.583333333333333,3654,3,True,3,2.8861407131213075
42006,42006,0.583333333333333,3655,3,True,3,2.8873392285862143
42007,42007,0.583333333333333,3656,3,True,3,2.8888515874608673
42008,42008,0.583333333333333,3657,3,True,3,2.8881317379594793
42009,42009,0.583333333333333,3658,3,True,3,2.8883482281629056
42010,42010,0.583333333333333,3659,3,True,3,2.8882268535953832
42011,42011,0.583333333333333,3660,3,True,3,2.8887778912679387
42012,42012,0.551479295530968,3661,3,True,2,1.3551549263707172
42013,42013,0.533129370483787,3662,3,True,2,1.3310062010363835
42014,42014,0.520693076239116,3663,3,True,2,1.3229491340830417
42015,42015,0.498831941107765,3664,3,True,2,1.2962835649590037
42016,42016,0.488524951105091,3665,3,True,2,1.289273698160049
42017,42017,0.465383099561048,3666,3,True,2,1.2649289730302564
42018,42018,0.443581053755313,3667,3,True,2,1.2509935764883575
42019,42019,0.430420996571782,3668,3,True,2,1.2384056885582309
42020,42020,0.40913514747409,3669,3,True,2,1.2362668321198058
42151,42151,0.274558361911917,3670,1,True,1,1.4226622457149087
42152,42152,0.275127282661153,3671,1,True,1,1.4234921081106982
42153,42153,0.275787244780269,3672,1,True,1,1.4244766354368186
42154,42154,0.276389983588723,3673,1,True,1,1.4253939601570704
42155,42155,0.291505772200929,3674,1,True,1,1.3407034734956607
42156,42156,0.313929925594589,3675,1,True,1,1.2853925108941582
42157,42157,0.341586095540034,3676,1,True,1,1.171196535024735
42158,42158,0.346497883020345,3677,1,True,1,1.1675578696366782
42159,42159,0.347170912963271,3678,2,True,1,1.1688967826737129
42160,42160,0.347803095381143,3679,2,True,1,1.1701477855554294
42161,42161,0.348508132160197,3680,2,True,1,1.1715924421461692
42162,42162,0.349167389816709,3681,2,True,1,1.1728295057036269
42163,42163,0.34975734839957,3682,2,True,1,1.173979019330194
42164,42164,0.350369818472757,3683,2,True,1,1.1751863780710825
42165,42165,0.361138881249632,3684,2,True,1,1.127795608406433
42169,42169,0.513801194272666,3685,0,False,2,1.5982799633224327
42170,42170,0.50826935674482,3686,0,False,2,1.6063525685778806
42171,42171,0.476014453436684,3687,0,False,1,1.6030958767554735
42222,42222,0.261777264964274,3688,3,True,1,0.7725563126039788
42223,42223,0.260763246831659,3689,3,True,1,0.7742471117597567
42224,42224,0.260557331534714,3690,3,True,1,0.796936062168335
42436,42436,0.416666666666667,3691,4,True,2,2.9326701891346967
42437,42437,0.416666666666667,3692,4,True,2,2.932490954203329
42438,42438,0.416666666666667,3693,4,True,2,2.9323048162358925
42439,42439,0.416666666666667,3694,4,True,2,2.9321397732369863
42440,42440,0.416666666666667,3695,4,True,2,2.9318951741133117
42441,42441,0.416666666666667,3696,4,True,2,2.931682575760544
42442,42442,0.416666666666667,3697,4,True,2,2.931563973408847
42443,42443,0.416666666666667,3698,4,True,2,2.9314167581300685
42444,42444,0.416666666666667,3699,4,True,2,2.9312747145408835
42445,42445,0.416666666666667,3700,4,True,2,1.7695121427248113
42446,42446,0.416666666666667,3701,4,True,2,1.7691664827681826
42447,42447,0.416666666666667,3702,4,True,2,2.930690046550017
42448,42448,0.416666666666667,3703,4,True,2,2.9299289871297454
42449,42449,0.305555557805891,3704,4,True,2,1.6490572948145332
42450,42450,0.300695587689578,3705,3,True,2,1.6372601968989107
42451,42451,0.296097993140519,3706,3,True,2,1.628090559556953
42452,42452,0.291561365074671,3707,3,True,2,1.621059505522964
42453,42453,0.287192922481412,3708,3,True,2,1.616201197202646
42454,42454,0.265139124031246,3709,3,True,2,1.6566892545401284
42455,42455,0.263199148916901,3710,3,True,2,1.655913971881687
42456,42456,0.261100412857397,3711,3,True,2,1.655443918246524
42457,42457,0.259031967863598,3712,3,True,2,1.6553562461380178
42458,42458,0.257142778016471,3713,3,True,2,1.6556159415523306
42459,42459,0.255005589895064,3714,3,True,2,1.65624193703269
42460,42460,0.253357390120234,3715,3,True,2,1.6570039412940079
42461,42461,0.251526542856478,3716,3,True,2,1.6581027742101824
42462,42462,0.273534720668706,3717,3,True,2,1.6051033960746863
42463,42463,0.271949304386321,3718,3,True,2,1.606539983933727
42464,42464,0.269991744193533,3719,3,True,2,1.6086293395546543
42465,42465,0.26658514394929,3720,3,True,2,1.6129016931218236
42466,42466,0.263242563752401,3721,3,True,2,1.6179185693185254
42467,42467,0.260018471346379,3722,3,True,2,1.623452864166774
42468,42468,0.256892290197436,3723,3,True,2,1.6295240108280828
42469,42469,0.253861773655662,3724,3,True,2,1.6359528388873947
42470,42470,0.252697862317567,3725,3,True,2,1.6385507903695486
42471,42471,0.25168915918114,3726,3,True,2,1.6408751385018816
42472,42472,0.250898408940808,3727,3,True,2,1.6427556364585512
42473,42473,0.250310046364597,3728,3,True,2,1.644186499250429
42478,42478,0.916211730901855,3729,0,False,3,1.232929013463136
42479,42479,0.915881605613884,3730,0,False,3,1.2329084990835877
42480,42480,0.915881605613884,3731,0,False,3,1.2323706451513272
42481,42481,0.915881605613884,3732,0,False,3,1.2320749363047727
42482,42482,0.915881605613884,3733,0,False,3,1.2318426277398187
42483,42483,0.915881605613884,3734,0,False,3,1.231523871940565
42484,42484,0.915881605613884,3735,0,False,3,1.2305520688138099
42485,42485,0.934134531717772,3736,0,False,3,1.230116972904383
42486,42486,0.934134531717772,3737,0,False,3,1.229841316125004
42487,42487,0.937681518349401,3738,0,False,3,1.2295602895543953
42488,42488,0.939929696387406,3739,0,False,3,1.2293476077839671
42489,42489,0.934134531717772,3740,0,False,3,1.229108469658905
42490,42490,0.865262009937319,3741,0,False,3,1.228994746932597
42650,42650,0.402781934172866,3742,0,False,1,0.5653093003102753
42651,42651,0.404260890886667,3743,0,False,1,0.5985787896761839
42652,42652,0.28289228304742,3744,1,True,1,1.9355762952987143
42788,42788,0.458314343579397,3745,0,False,1,1.3474654961562915
42807,42807,0.520113461122212,3746,3,True,2,1.4210704592730066
42808,42808,0.525333349018104,3747,3,True,2,1.426581987477881
42809,42809,0.583333333333333,3748,3,True,3,3.1037476248862164
42810,42810,0.583333333333333,3749,3,True,3,3.0902828132231686
42811,42811,0.583333333333333,3750,3,True,3,3.101537853298537
42812,42812,0.583333333333333,3751,3,True,3,3.097159831838357
42813,42813,0.583333333333333,3752,3,True,3,3.10008662722134
42814,42814,0.583333333333333,3753,3,True,3,3.097161129086335
42815,42815,0.583333333333333,3754,3,True,3,3.0998795368167316
42816,42816,0.583333333333333,3755,3,True,3,3.092773319521434
42817,42817,0.356670468114201,3756,3,True,2,1.4162098256529425
42818,42818,0.356130819310203,3757,3,True,2,1.4140272615873486
42819,42819,0.34989098268402,3758,3,True,2,1.4297922167719954
42820,42820,0.349564561315753,3759,3,True,2,1.4294889889211375
42821,42821,0.31528885292741,3760,3,True,2,1.1981844102831771
42822,42822,0.31537013596309,3761,3,True,2,1.1984095591762107
42823,42823,0.315585198119888,3762,3,True,2,1.195958937610425
42824,42824,0.335025881732671,3763,3,True,2,1.1656215569736266
42825,42825,0.341228735770404,3764,3,True,2,1.1600768513106945
42826,42826,0.33585506094392,3765,3,True,2,1.164079872459527
42827,42827,0.336402630468673,3766,3,True,2,1.1661990127006714
42836,42836,0.267705373652339,3767,3,True,1,0.9465352323356496
42837,42837,0.282671448442466,3768,3,True,1,0.961074344528212
42838,42838,0.285778456122615,3769,3,True,1,0.9688127141158561
42839,42839,0.28608792161235,3770,3,True,1,0.9739179988103801
42840,42840,0.271236969272715,3771,3,True,1,0.9844447858363129
42841,42841,0.273454841576518,3772,3,True,1,0.9939291072896332
42842,42842,0.276296129911029,3773,3,True,1,1.0053097116166443
42843,42843,0.278763881576787,3774,3,True,1,1.0153735344095638
42883,42883,0.645048570023555,3775,0,False,2,2.255247329008738
42884,42884,0.652519531306355,3776,0,False,2,2.4087708776126826
42885,42885,0.649084144840174,3777,0,False,2,2.4078951794157666
42886,42886,0.648873842193764,3778,0,False,2,2.4057848895714407
42887,42887,0.645830236249381,3779,0,False,2,2.394368257050064
43093,43093,0.61339791032749,3780,0,False,2,1.436262679190638
43094,43094,0.615849533455575,3781,0,False,2,1.4399571777949682
43095,43095,0.616311645965849,3782,0,False,2,1.4373573133480715
43096,43096,0.618052604252137,3783,0,False,2,1.440453260854343
43097,43097,0.616877370142634,3784,0,False,2,1.4415480511643943
43098,43098,0.618129843363195,3785,0,False,2,1.442692665801923
43099,43099,0.619141430275922,3786,0,False,2,1.4432838163321646
43100,43100,0.625309578656452,3787,0,False,2,1.6473469799822043
43101,43101,0.625892711256391,3788,0,False,2,1.647373557052762
43102,43102,0.626759288304086,3789,0,False,2,1.6482812577975035
43103,43103,0.628124851813898,3790,0,False,2,1.6466903205187018
43104,43104,0.629355290111957,3791,0,False,2,1.6478248828905284
43105,43105,0.632071584363181,3792,0,False,2,1.651776101915744
43106,43106,0.633410129957553,3793,0,False,2,1.6530261333439795
43107,43107,0.634031730817934,3794,0,False,2,1.652376028451626
43118,43118,0.339176795370439,3795,0,False,2,1.119774130258871
43119,43119,0.343771502908277,3796,0,False,2,1.0469571553053234
43120,43120,0.442821795087644,3797,0,False,2,1.6363771649123808
43121,43121,0.333846309545088,3798,0,False,2,1.328048126086875
43122,43122,0.333873332794528,3799,0,False,2,1.3249175761882708
43123,43123,0.282577328057041,3800,0,False,2,1.4176515134860577
43244,43244,0.47131817025703,3801,0,False,2,1.3622236180818366
43245,43245,0.481596104931948,3802,0,False,2,1.3712754042253004
43246,43246,0.30700886989348,3803,1,True,2,1.1584517998789399
43272,43272,0.538986425649209,3804,3,True,2,1.431511989948314
43273,43273,0.539156806603311,3805,3,True,2,1.4297531229318818
43274,43274,0.543320544355232,3806,3,True,2,1.4402701397681779
43275,43275,0.543437347312823,3807,3,True,2,1.4391382289711534
43276,43276,0.543546809115226,3808,3,True,2,1.438992361668
43277,43277,0.549186811291561,3809,3,True,2,1.4525740819667738
43278,43278,0.54926552067171,3810,3,True,2,1.4529001734756406
43279,43279,0.549385467431319,3811,3,True,2,1.4523307744398593
43280,43280,0.549551674740261,3812,3,True,2,1.4517621313608122
43281,43281,0.552073751871954,3813,3,True,2,1.4583473578713881
43282,43282,0.552290268153359,3814,3,True,2,1.4577482141762257
43283,43283,0.553781157414228,3815,3,True,2,1.4607156594088908
43284,43284,0.555025780098616,3816,3,True,2,1.4619343410217276
43285,43285,0.555877178171374,3817,3,True,2,1.466526271903354
43286,43286,0.583333333333333,3818,3,True,3,3.0821703343467126
43287,43287,0.522109757291602,3819,3,True,2,1.3777296591253037
43288,43288,0.520193973881215,3820,3,True,2,1.3773707748293702
43289,43289,0.481755847531349,3821,3,True,2,1.156652475355767
43290,43290,0.478890464647079,3822,3,True,2,1.1497315968135353
43291,43291,0.478683147193934,3823,3,True,2,1.1438718409010158
43292,43292,0.475074366742191,3824,3,True,2,1.1383252299991367
43293,43293,0.474838001371213,3825,3,True,2,1.1375813018907188
43294,43294,0.471682183817089,3826,3,True,2,1.1297145626973255
43295,43295,0.471316960785943,3827,3,True,2,1.1291821335079726
43296,43296,0.469306681789564,3828,3,True,2,1.1282867492345643
43297,43297,0.46927851003427,3829,3,True,2,1.127510711936207
43298,43298,0.46348018668833,3830,3,True,2,1.094552697402058
43299,43299,0.463366006640124,3831,3,True,2,1.0939610162778293
43300,43300,0.463278324950042,3832,3,True,2,1.0927066520591486
43301,43301,0.463020689685044,3833,3,True,2,1.0908422535468778
43302,43302,0.462800128686933,3834,3,True,2,1.0907854754285784
43303,43303,0.462718955973572,3835,3,True,2,1.0885038877003215
43304,43304,0.462414378335287,3836,3,True,2,1.0888979923206417
43305,43305,0.457154859461973,3837,3,True,2,1.0679955465161277
43306,43306,0.456987276155715,3838,3,True,2,1.0682864842911337
43307,43307,0.454142933321822,3839,3,True,2,1.0656219116009569
43308,43308,0.45395814687411,3840,3,True,2,1.0654061367286911
43309,43309,0.453687716218326,3841,3,True,2,1.0663823244242396
43310,43310,0.444274065050383,3842,3,True,2,0.9915335804266904
43311,43311,0.43734262184487,3843,3,True,2,0.9852007180384609
43312,43312,0.433740093892379,3844,3,True,2,0.9847203775583465
43313,43313,0.418579241760415,3845,3,True,2,1.001540109797488
43314,43314,0.417582024025965,3846,3,True,2,0.9991112299109997
43315,43315,0.416958211561697,3847,3,True,2,0.9981222189656199
43316,43316,0.416095623711444,3848,3,True,2,0.9956576529056252
43317,43317,0.415442546545995,3849,3,True,2,0.9955595725729312
43318,43318,0.415037621816778,3850,3,True,2,0.9968239439991828
43319,43319,0.414584669755364,3851,3,True,2,0.9962811351138863
43320,43320,0.419277956994756,3852,3,True,2,0.9979432872328144
43321,43321,0.424993836238007,3853,3,True,2,1.0032120989584639
43322,43322,0.418212911190199,3854,3,True,2,0.9973373542008952
43323,43323,0.418001935906751,3855,3,True,2,0.9980124894375546
43324,43324,0.411766910823017,3856,3,True,2,0.9930553854875164
43325,43325,0.409008554966736,3857,3,True,2,0.9852896282160698
43326,43326,0.40849681593405,3858,3,True,2,0.9869415356093344
43327,43327,0.397800933997394,3859,3,True,2,1.0060372535041693
43328,43328,0.392530753873606,3860,3,True,2,0.9966431931557111
43329,43329,0.390204543125953,3861,3,True,2,0.9978735555989281
43330,43330,0.388814929486772,3862,3,True,2,0.9912817299362758
43331,43331,0.359414388818887,3863,3,True,2,1.5315437086976433
43332,43332,0.347825148860777,3864,3,True,2,1.5127447786189967
43333,43333,0.316694885731263,3865,3,True,2,1.4993915817433738
43334,43334,0.316613440004733,3866,3,True,2,1.4948026346668046
43335,43335,0.30806379744084,3867,3,True,2,1.4935996098305846
43336,43336,0.307914182737405,3868,3,True,2,1.4929627986597898
43337,43337,0.300727963951276,3869,3,True,2,1.5037785491080728
43338,43338,0.296872595553223,3870,3,True,2,1.4542220366165874
43339,43339,0.307604890011857,3871,3,True,2,1.4400466685841204
43340,43340,0.305228703700192,3872,3,True,2,1.4431101823125794
43341,43341,0.305208373212951,3873,3,True,2,1.442776501073053
43342,43342,0.303836151825814,3874,3,True,2,1.3264922544213802
43343,43343,0.303813067090103,3875,3,True,2,1.3242949276417424
43344,43344,0.30377952242295,3876,3,True,2,1.3226883511883263
43345,43345,0.299584277820252,3877,3,True,2,1.3218538443327377
43346,43346,0.306706452541791,3878,3,True,2,1.3209503268164329
43347,43347,0.305064557051591,3879,3,True,2,1.338709574340726
43348,43348,0.297965860304624,3880,3,True,2,1.3524213764240294
43349,43349,0.297960460465127,3881,3,True,2,1.3502866035553545
43350,43350,0.297941725123106,3882,3,True,2,1.3486005727358776
43351,43351,0.297924641598651,3883,3,True,2,1.3472158564352068
43352,43352,0.289767555795764,3884,3,True,2,1.3652236917380396
43353,43353,0.289750314400655,3885,3,True,2,1.3645109536500644
43354,43354,0.289744470146701,3886,3,True,2,1.3630792540183394
43355,43355,0.289733942191938,3887,3,True,2,1.3630029720052463
43356,43356,0.289747823860768,3888,3,True,2,1.3604902541999915
43357,43357,0.289743145168595,3889,3,True,2,1.3599497051098204
43358,43358,0.289745431302505,3890,3,True,2,1.3589679887579273
43359,43359,0.28974739534987,3891,3,True,2,1.358268931856706
43360,43360,0.30332033136726,3892,3,True,2,1.2200016979005786
43361,43361,0.293924697795718,3893,3,True,2,1.2507853713197448
43362,43362,0.29396929000835,3894,3,True,2,1.250486814967371
43363,43363,0.294044147278911,3895,3,True,2,1.2497093007134294
43364,43364,0.294129509323893,3896,3,True,2,1.2489224711580451
43365,43365,0.26984111085054,3897,3,True,1,1.3079867736419681
43366,43366,0.254256379314699,3898,3,True,1,1.3128644649027423
43367,43367,0.256738801918163,3899,3,True,1,1.307088474650688
43368,43368,0.256633478368112,3900,3,True,1,1.3045845398172462
43369,43369,0.256505986270906,3901,3,True,1,1.3023937171857638
43594,43594,0.650821535859021,3902,0,False,2,2.309428554700914
43595,43595,0.648539193737048,3903,0,False,2,2.311978883048786
43596,43596,0.64763576426825,3904,0,False,2,2.305902574117038
43597,43597,0.659515290531309,3905,0,False,2,2.299091583687816
43939,43939,0.845013873231352,3906,0,False,3,1.3933620416261847
43940,43940,0.842432449281458,3907,0,False,3,1.404110280400898
44013,44013,0.268092576982479,3908,3,True,1,0.8548881000254943
44014,44014,0.268381877165179,3909,3,True,1,0.8565628103675731
44015,44015,0.268735432532222,3910,3,True,1,0.8584501962305991
44016,44016,0.269168581063218,3911,3,True,1,0.8602973588817371
44017,44017,0.283620074633552,3912,3,True,1,0.8697407325151119
44018,44018,0.291982417354723,3913,3,True,1,0.8897170046493501
44019,44019,0.319387713113933,3914,3,True,1,0.9362572573101463
44020,44020,0.321502153419626,3915,3,True,1,0.9459631832384979
44021,44021,0.322396477308,3916,3,True,1,0.9515004837298622
44022,44022,0.323165773266258,3917,3,True,1,0.9563037755580107
44023,44023,0.323667417132692,3918,3,True,1,0.9591944676105393
44078,44078,0.790522780288615,3919,0,False,2,3.6071241140136734
44079,44079,0.788100259360537,3920,0,False,2,3.6001449202521356
44080,44080,0.758095596890962,3921,1,True,2,2.7623162141228006
44081,44081,0.761355940044271,3922,1,True,2,2.7533912118384154
44082,44082,0.761355940044271,3923,1,True,3,2.3572503615534415
44083,44083,0.761355940044271,3924,1,True,3,2.352344012120976
44084,44084,0.761355940044271,3925,1,True,3,2.3541479264027347
44669,44669,0.689771233573476,3926,1,True,3,1.62560733274979
44670,44670,0.68018675258326,3927,1,True,3,1.626329196376674
44671,44671,0.680057096603433,3928,1,True,3,1.6267328931606764
44672,44672,0.680057096603433,3929,1,True,3,1.625797809297306
44673,44673,0.679112025541895,3930,1,True,3,1.625440157845426
44674,44674,0.679112025541895,3931,1,True,3,1.6253668063803435
44675,44675,0.679112025541895,3932,1,True,3,1.624751319158062
44676,44676,0.679112025541895,3933,1,True,3,1.6241779550676205
44677,44677,0.679112025541895,3934,1,True,3,1.6238364066359543
44678,44678,0.679112025541895,3935,1,True,3,1.6232791825021242
44679,44679,0.674528293618072,3936,1,True,3,1.622483620670871
44680,44680,0.674528293618072,3937,1,True,3,1.6220150486463134
44681,44681,0.674528293618072,3938,1,True,3,1.6218888946129506
44682,44682,0.674528293618072,3939,1,True,3,1.621842590318048
44683,44683,0.674528293618072,3940,1,True,3,1.6214715910338864
44684,44684,0.674528293618072,3941,1,True,3,1.619119306330104
44685,44685,0.674528293618072,3942,1,True,3,1.620670348418916
44686,44686,0.674528293618072,3943,1,True,3,1.6204159043605015
44687,44687,0.674528293618072,3944,1,True,3,1.6200101789785788
44688,44688,0.674528293618072,3945,1,True,3,1.6198778879867584
44689,44689,0.674528293618072,3946,1,True,3,1.620029750092696
44690,44690,0.674528293618072,3947,1,True,3,1.6204541541426032
44691,44691,0.674528293618072,3948,1,True,3,1.6217612446566914
44692,44692,0.674528293618072,3949,1,True,3,1.6200043761204164
44693,44693,0.528911925832488,3950,1,True,2,1.5948413683645326
44711,44711,0.45741555076575,3951,0,False,1,1.4798461501295506
44712,44712,0.437976358849793,3952,0,False,1,1.259475485501499
44713,44713,0.423260187115561,3953,0,False,1,1.0652877083918035
44714,44714,0.411370508472738,3954,0,False,1,1.045525636588772
44892,44892,0.578313643505171,3955,0,False,2,5.738253238084345
44893,44893,0.585340238392209,3956,0,False,2,5.755979405134727
44894,44894,0.586016037433061,3957,0,False,2,5.757796165930578
44895,44895,0.586934349116146,3958,0,False,2,5.754986424192964
44896,44896,0.585728260141339,3959,0,False,2,1.5861854337465318
44897,44897,0.581876841937752,3960,0,False,2,1.5883210763704256
44898,44898,0.577330834280389,3961,0,False,2,1.3804585271526038
44899,44899,0.57773314243245,3962,0,False,2,1.3808334842423198
44900,44900,0.579302685927378,3963,0,False,2,1.3814801858274055
44901,44901,0.93791588149223,3964,0,False,3,1.3570387628305007
44902,44902,0.936849511819313,3965,0,False,3,1.3711826111460448
44903,44903,0.942471817638667,3966,0,False,3,1.388045904034288
44904,44904,0.937507937942071,3967,0,False,3,1.3919514244651692
44905,44905,0.937507937942071,3968,0,False,3,1.392749086186909
44906,44906,0.936486521245508,3969,0,False,3,1.4168276648819187
44907,44907,0.936486521245508,3970,0,False,3,1.4193104478393384
44908,44908,0.792950310159244,3971,0,False,2,2.847746796375302
44909,44909,0.939299878210045,3972,0,False,3,1.4210297940528978
44910,44910,0.938278461513482,3973,0,False,3,1.419398100346789
44911,44911,0.938278461513482,3974,0,False,2,3.5684651061408648
44912,44912,0.90310847953477,3975,0,False,3,1.4095628740955266
44913,44913,0.929408183002617,3976,0,False,3,1.3197801760125107
44914,44914,0.943477906344572,3977,0,False,3,1.3040291061806615
44915,44915,0.251130966006512,3978,1,True,1,1.1127046260317175
44916,44916,0.260055172114078,3979,1,True,1,1.1115458025728027
44917,44917,0.2696967976192,3980,1,True,1,1.1171785645275405
44918,44918,0.272092061932721,3981,1,True,1,1.120275573833695
44919,44919,0.273205693766497,3982,1,True,1,1.1226483213863612
44920,44920,0.275850217973439,3983,1,True,1,1.1198956625298453
44957,44957,0.477466514303919,3984,2,True,1,2.099685604727982
44958,44958,0.477223282984761,3985,2,True,1,2.0952833568498894
44959,44959,0.476589544135851,3986,2,True,1,2.1017858809357794
44960,44960,0.476198665775252,3987,2,True,1,2.102979623352336
44961,44961,0.475726570543366,3988,2,True,1,2.1053972919055957
44962,44962,0.472846642765673,3989,2,True,1,2.1104123381222464
44963,44963,0.47231533724882,3990,2,True,1,2.1142336508505157
44964,44964,0.471858233001181,3991,2,True,1,2.1210750918009165
44965,44965,0.69535815171006,3992,1,True,3,1.5604907696108754
44966,44966,0.701237627873463,3993,1,True,3,1.563922225658993
44967,44967,0.369878226647829,3994,1,True,2,1.2949545863509468
44968,44968,0.349400186365699,3995,1,True,2,1.1421203062134904
44969,44969,0.256136246224108,3996,1,True,2,1.4401950244144248
44970,44970,0.26050053264567,3997,1,True,2,1.438541401242353
45947,45947,0.255838005814242,3998,2,True,1,1.646730799980229
45948,45948,0.25751759235712,3999,2,True,1,1.6465797413092942
45991,45991,0.640632359982405,4000,1,True,2,1.300040448573821
45992,45992,0.63675903468269,4001,1,True,2,1.2729098871406592
45993,45993,0.631173244936854,4002,1,True,2,1.2717495355798414
45994,45994,0.636535728562523,4003,1,True,2,1.2686673381137825
45995,45995,0.63938503290213,4004,0,False,2,1.2785369253233534
45996,45996,0.655421971692678,4005,0,False,2,1.7111587110999271
45997,45997,0.627131753605266,4006,0,False,2,1.6814132212092672
45998,45998,0.627312824724111,4007,0,False,2,1.6768468588176706
45999,45999,0.628225829962794,4008,0,False,2,1.6778018958577265
46000,46000,0.63389723034769,4009,0,False,2,1.3416415875982273
46001,46001,0.631944133610079,4010,1,True,2,1.327262350979402
46056,46056,0.387932816062151,4011,2,True,1,2.7005366431637388
46057,46057,0.3880572185722,4012,2,True,1,2.704228713584252
46058,46058,0.383371642422729,4013,2,True,1,2.689123294533851
46059,46059,0.390688796902057,4014,2,True,1,2.685070016781369
46060,46060,0.390945529335631,4015,2,True,1,2.683754805295236
46061,46061,0.391192448617296,4016,2,True,1,2.6832933483636254
46062,46062,0.39302453238469,4017,2,True,1,2.681182595118676
46063,46063,0.393228339373561,4018,2,True,1,2.683850071262307
46064,46064,0.393372391924571,4019,2,True,1,2.684515537010963
46065,46065,0.394486025719878,4020,2,True,1,2.6829357540289647
46066,46066,0.394652842351143,4021,2,True,1,2.6820754914297464
46067,46067,0.394807642163978,4022,2,True,1,2.685083842770316
46068,46068,0.394901978614861,4023,2,True,1,2.68553157888005
46069,46069,0.394994790047797,4024,2,True,1,2.6854950976168657
46070,46070,0.393954381836293,4025,2,True,1,2.686626618888244
46071,46071,0.407359751980474,4026,2,True,1,2.564118885248164
46072,46072,0.407498904687285,4027,2,True,1,2.5637774563694817
46073,46073,0.407649387149408,4028,2,True,1,2.5633609928844048
46074,46074,0.407793909882423,4029,2,True,1,2.5640140840678924
46075,46075,0.433836983930806,4030,2,True,1,2.467716614434281
46076,46076,0.433982617334764,4031,2,True,1,2.4667419859217654
46077,46077,0.434269438264162,4032,2,True,1,2.4625923279787396
46078,46078,0.434459442694849,4033,2,True,1,2.4657852677502023
46079,46079,0.434631652934764,4034,2,True,1,2.4651242699668656
46080,46080,0.434784422981043,4035,2,True,1,2.465665559194745
46081,46081,0.434903460264421,4036,2,True,1,2.4663407984284422
46082,46082,0.435018010398171,4037,2,True,1,2.4662628777332554
46083,46083,0.435131538306869,4038,2,True,1,2.4663387195588404
46084,46084,0.435235104983038,4039,2,True,1,2.466637539388092
46085,46085,0.435341462367609,4040,2,True,1,2.466591836299369
46086,46086,0.435450904156425,4041,2,True,1,2.4666722460852193
46087,46087,0.435595560079299,4042,2,True,1,2.465863732499536
46088,46088,0.436385364255686,4043,2,True,1,2.4630913103231524
46089,46089,0.436578058789137,4044,2,True,1,2.465699685053578
46090,46090,0.435204094287476,4045,2,True,1,2.466003634376836
46091,46091,0.435559182453237,4046,2,True,1,2.464543751691806
46092,46092,0.435877345208654,4047,2,True,1,2.4677969488943416
46093,46093,0.437215807332733,4048,2,True,1,2.4647615398633023
46094,46094,0.438996599094746,4049,2,True,1,2.4571024550782377
46095,46095,0.443805921091451,4050,2,True,1,2.476023538530898
46096,46096,0.44395643807486,4051,2,True,1,2.4777391215250217
46097,46097,0.4440206509598,4052,2,True,1,2.48158749821601
46255,46255,0.25155939494429,4053,1,True,2,1.773056330057506
46256,46256,0.253689968776996,4054,1,True,2,1.7786074535070122
46257,46257,0.62419836068454,4055,1,True,3,1.725274540646476
46258,46258,0.62419836068454,4056,1,True,3,1.7257115726640255
46259,46259,0.62419836068454,4057,1,True,3,1.7262505916985575
46260,46260,0.62419836068454,4058,1,True,3,1.7267871201424565
46261,46261,0.62419836068454,4059,1,True,3,1.7273248605819487
46262,46262,0.62419836068454,4060,1,True,3,1.7278589135423164
46263,46263,0.62419836068454,4061,1,True,3,1.7283985221941183
46264,46264,0.62419836068454,4062,1,True,3,1.7289354732943656
46265,46265,0.62419836068454,4063,1,True,3,1.7294729666861544
46266,46266,0.62419836068454,4064,1,True,3,1.7301161003762233
46267,46267,0.62419836068454,4065,1,True,3,1.7305458388494008
46268,46268,0.62419836068454,4066,1,True,3,1.7310844262534437
46269,46269,0.624093821746494,4067,1,True,3,1.7316204761319622
46270,46270,0.624093821746494,4068,1,True,3,1.732156210519784
46271,46271,0.624093821746494,4069,1,True,3,1.7326944809976645
46272,46272,0.624093821746494,4070,1,True,3,1.7332309271632547
46273,46273,0.624093821746494,4071,1,True,3,1.7337683401927093
46274,46274,0.624093821746494,4072,1,True,3,1.7343067332280713
46275,46275,0.614846531826658,4073,1,True,3,1.7351151392327004
46276,46276,0.614846531826658,4074,1,True,3,1.7375909919590746
46277,46277,0.614846531826658,4075,1,True,3,1.7399853203924165
46278,46278,0.614846531826658,4076,1,True,3,1.7423299670907395
46279,46279,0.599089932579996,4077,1,True,2,2.857149357086119
46280,46280,0.598898927489911,4078,1,True,2,2.8626479243490195
46281,46281,0.598855296700388,4079,1,True,2,2.863166715913791
46282,46282,0.598818671375758,4080,1,True,2,2.86421475993628
46283,46283,0.582990509181578,4081,2,True,2,1.6918009682907225
46284,46284,0.582928606484026,4082,2,True,2,1.6933200742873211
46285,46285,0.58286560347127,4083,2,True,2,1.6942875257199084
46286,46286,0.582824395508017,4084,2,True,2,1.6950771992704525
46287,46287,0.582789518928405,4085,2,True,2,1.6967108002432298
46288,46288,0.582721227567666,4086,2,True,2,1.6975429976846834
46289,46289,0.333333333333333,4087,3,True,1,2.299238125459992
46415,46415,0.495650892134104,4088,1,True,2,3.277553594188225
46416,46416,0.560339161098339,4089,1,True,2,3.2800553356331483
46417,46417,0.577625279341181,4090,1,True,2,3.2902025917811324
46418,46418,0.582901464449118,4091,1,True,2,3.295495291006161
46419,46419,0.602974903348881,4092,1,True,2,3.3091925254406096
46425,46425,0.267521504492605,4093,2,True,2,1.0263919664446715
46426,46426,0.271902247550638,4094,2,True,2,1.0241480024494922
46427,46427,0.298069379015839,4095,2,True,2,0.9787112708470549
46428,46428,0.297229808787766,4096,2,True,2,0.9895873320443445
46429,46429,0.298325301328714,4097,2,True,2,0.9902164483360637
46430,46430,0.295683470574244,4098,2,True,2,0.9927047405834311
46431,46431,0.295092084166526,4099,2,True,2,0.9948055249137709
46432,46432,0.294794653769891,4100,2,True,2,0.995992894992394
46433,46433,0.307342276947999,4101,2,True,2,0.9855100494053141
46434,46434,0.31470701915224,4102,2,True,2,0.9846275127191406
46435,46435,0.327767427705533,4103,2,True,2,0.9915840840960923
46436,46436,0.335247135812572,4104,2,True,2,0.986787273230612
46437,46437,0.335167106737201,4105,2,True,2,0.9891782603853015
46438,46438,0.341865545116805,4106,2,True,2,0.9926873064019492
46439,46439,0.37945050011021,4107,2,True,2,0.9835871654451164
46440,46440,0.385200471896075,4108,2,True,2,0.9972294189831871
46441,46441,0.39468771404733,4109,2,True,2,1.0199462688868897
46442,46442,0.40418860308422,4110,2,True,2,1.003824563023388
46539,46539,0.366891188370727,4111,0,False,1,1.3729539617553679
46540,46540,0.364277588182064,4112,0,False,1,1.3980153617940825
46557,46557,0.374336706764445,4113,0,False,1,1.5106160318285438
46558,46558,0.373657557322798,4114,0,False,1,1.4292970860627228
46560,46560,0.392941739982129,4115,0,False,1,1.2333302019298835
46595,46595,0.286741881300712,4116,1,True,2,2.573449209352616
46596,46596,0.287904636112832,4117,1,True,2,2.5629209784893887
46597,46597,0.349155630717159,4118,1,True,2,1.138556135586152
46598,46598,0.348738116732909,4119,1,True,2,1.1409650694197302
46617,46617,0.261237644512554,4120,1,True,2,3.9536940901924402
46618,46618,0.250364720562117,4121,1,True,2,4.217357059581589
46621,46621,0.294299484072944,4122,1,True,2,3.9432557983432925
46622,46622,0.374373296765765,4123,1,True,2,4.366911439280338
46624,46624,0.250023289100562,4124,1,True,2,4.033091242942785
47014,47014,0.75,4125,2,True,3,2.7389146606858255
47015,47015,0.75,4126,2,True,3,2.7399020598344426
47016,47016,0.75,4127,2,True,3,2.739975567291478
47017,47017,0.75,4128,2,True,3,2.7400530710653865
47018,47018,0.75,4129,2,True,3,2.740116005789147
47019,47019,0.75,4130,2,True,3,2.7401650447976222
47020,47020,0.75,4131,2,True,3,2.7408138212292004
47021,47021,0.75,4132,2,True,3,2.7402197802944777
47022,47022,0.75,4133,2,True,3,2.740214010706469
47023,47023,0.75,4134,2,True,3,2.74059769529343
47024,47024,0.75,4135,2,True,3,2.74049638961926
47025,47025,0.75,4136,2,True,3,2.7403184031182546
47026,47026,0.75,4137,2,True,3,2.7401059891950252
47027,47027,0.75,4138,2,True,3,2.7398471370867847
47028,47028,0.75,4139,2,True,3,2.7395578713394055
47029,47029,0.75,4140,2,True,3,2.7392437361614372
47030,47030,0.75,4141,2,True,3,2.7388934876628546
47031,47031,0.75,4142,2,True,3,2.738486699575875
47032,47032,0.75,4143,2,True,3,2.738058299834969
47033,47033,0.75,4144,2,True,3,2.737717333379391
47034,47034,0.75,4145,2,True,3,2.7370857925660252
47035,47035,0.75,4146,2,True,3,2.736287434567951
47036,47036,0.75,4147,2,True,3,2.735836565757931
47037,47037,0.75,4148,2,True,3,2.7352303985738047
47038,47038,0.75,4149,2,True,3,2.7345767773196425
47039,47039,0.75,4150,2,True,3,2.7338998342485903
47040,47040,0.75,4151,2,True,3,2.7331818479410606
47041,47041,0.75,4152,2,True,3,2.732396282076478
47042,47042,0.75,4153,2,True,3,2.7315731542186383
47043,47043,0.75,4154,2,True,3,2.7307109053372236
47044,47044,0.75,4155,2,True,3,2.7296586670098804
47045,47045,0.508898504194442,4156,1,True,2,1.4148130862876052
47046,47046,0.512316539871197,4157,0,False,2,1.4087934547493213
47047,47047,0.515793972747937,4158,0,False,2,1.4083862974259018
47048,47048,0.53721408507503,4159,0,False,2,1.84854784209452
47049,47049,0.551406989688076,4160,0,False,2,1.7438635740219743
47050,47050,0.552753748986032,4161,0,False,2,1.743257801843367
47051,47051,0.555380686883805,4162,0,False,2,1.747563280843875
47052,47052,0.578157604805104,4163,0,False,2,1.8546857172173632
47053,47053,0.561458040740901,4164,0,False,2,1.4293572779194397
47054,47054,0.56625628082355,4165,0,False,2,1.4335436466979032
47055,47055,0.56433898053306,4166,1,True,2,1.4350641371603587
47056,47056,0.566033922167601,4167,1,True,2,1.4455197785904563
47057,47057,0.569243036545248,4168,1,True,2,1.4520926846395241
47058,47058,0.579314917422432,4169,2,True,2,1.4602454648466068
47059,47059,0.58355476557366,4170,2,True,2,1.4665528258203917
47060,47060,0.585553754726615,4171,1,True,2,1.4661914887498895
47061,47061,0.585657238786236,4172,1,True,2,1.4712200211533648
47062,47062,0.596686436549938,4173,1,True,2,1.4817883531050038
47063,47063,0.609902299417125,4174,1,True,2,1.492528070616086
47094,47094,0.425963533530113,4175,1,True,1,0.53778226113883
47095,47095,0.431981530471475,4176,1,True,1,0.52898809357534
47096,47096,0.431394723405982,4177,1,True,1,0.5161429376719022
47097,47097,0.430553731386244,4178,1,True,1,0.5030110647363301
47098,47098,0.429929199092729,4179,1,True,1,0.5052513645786968
47099,47099,0.429912245659476,4180,1,True,1,0.5040593202376074
47100,47100,0.429635437678372,4181,1,True,1,0.5017211070582822
47101,47101,0.431937913722283,4182,1,True,1,0.4954225139126275
47102,47102,0.433207282680718,4183,1,True,1,0.49063446004507644
47103,47103,0.430046946300482,4184,1,True,1,0.481435790518728
47104,47104,0.431911655914377,4185,1,True,1,0.4817394957122556
47105,47105,0.431446110409215,4186,0,False,1,0.4833202922486848
47106,47106,0.427910074172036,4187,0,False,1,0.4783207825338277
47107,47107,0.42923384234723,4188,0,False,1,0.4910908445648282
47108,47108,0.345502759290275,4189,0,False,1,0.9096324320095572
47109,47109,0.370629438190415,4190,1,True,1,0.7422945944873744
47110,47110,0.514581390597646,4191,1,True,1,0.9811468945095446
47111,47111,0.64921079587402,4192,0,False,2,3.0046302708992325
47112,47112,0.641615522241594,4193,0,False,2,2.702873713856488
47113,47113,0.564410156830156,4194,0,False,2,2.393878644821779
47114,47114,0.645522745930289,4195,0,False,2,2.678753489247175
47115,47115,0.685871509342344,4196,0,False,2,3.385738648492353
47116,47116,0.550561380145933,4197,1,True,1,1.2206525606885366
47117,47117,0.554976429740635,4198,1,True,1,1.2434099879003053
47118,47118,0.55510979371805,4199,1,True,1,1.2479774847835527
47119,47119,0.571735527097003,4200,1,True,1,1.2984607218026678
47120,47120,0.572941320332911,4201,1,True,1,1.3160286121180271
47121,47121,0.571986577348524,4202,2,True,1,1.342595368612483
47122,47122,0.581049881847758,4203,2,True,1,1.4058024332072632
47123,47123,0.588214109568266,4204,2,True,1,1.4443464464957052
47124,47124,0.710656590631208,4205,1,True,3,1.653195277111995
47125,47125,0.708075166681314,4206,1,True,3,1.655893048094879
47337,47337,0.75,4207,2,True,3,2.801649821809243
47338,47338,0.759265220365785,4208,1,True,3,2.067753889377954
47339,47339,0.526037481554513,4209,1,True,2,1.3414081283363943
47350,47350,0.318173348471985,4210,0,False,1,0.8358963081452692
47351,47351,0.312953476447403,4211,0,False,1,0.8347918297490986
47352,47352,0.31730768234951,4212,0,False,1,0.8298479436881272
47353,47353,0.31548444072172,4213,0,False,1,0.8236444669828049
47354,47354,0.314440311644601,4214,0,False,1,0.8196496988505264
47355,47355,0.313466204243675,4215,0,False,1,0.8159768060602643
47356,47356,0.312187549999627,4216,0,False,1,0.8086511080333876
47357,47357,0.310811341062093,4217,0,False,1,0.8058418094031605
47358,47358,0.304774744701689,4218,0,False,1,0.8055154653744404
47359,47359,0.302461175359776,4219,0,False,1,0.8021533575190876
47360,47360,0.30128198766341,4220,0,False,1,0.8024207707989298
47361,47361,0.298761430157917,4221,0,False,1,0.7999763941996556
47362,47362,0.295726534330912,4222,0,False,1,0.7973204377254681
47363,47363,0.293357320367143,4223,0,False,1,0.7972031835634669
47364,47364,0.292829779815512,4224,0,False,1,0.7971862370047933
47365,47365,0.285858588191002,4225,0,False,1,0.7995902456243874
47366,47366,0.272593312906782,4226,0,False,1,0.8162526671243063
47367,47367,0.261507225225613,4227,0,False,1,0.8307142267147182
47368,47368,0.260597610612379,4228,0,False,1,0.8277985558599426
47369,47369,0.252048664329371,4229,1,True,1,0.8511869611291902
47417,47417,0.771884170451035,4230,0,False,2,1.9541857974025874
47418,47418,0.788120411683901,4231,0,False,2,1.9827568657556411
47419,47419,0.68910900896353,4232,1,True,3,1.636077525345981
47420,47420,0.68910900896353,4233,1,True,2,3.4470804237549872
47421,47421,0.68910900896353,4234,1,True,2,3.4462850406310657
47422,47422,0.689689594062897,4235,1,True,3,1.6310290051818102
47423,47423,0.689771233573476,4236,1,True,3,1.629334241572941
47424,47424,0.691407238310506,4237,1,True,3,1.6288830687131324
47425,47425,0.691407238310506,4238,1,True,3,1.6289071884491386
47426,47426,0.63926339749425,4239,1,True,2,2.9594359293758994
47427,47427,0.678054788629503,4240,1,True,3,1.6346720320310044
47428,47428,0.678054788629503,4241,1,True,3,1.6114320853673423
47437,47437,0.350604925618839,4242,3,True,1,0.971740555539757
47438,47438,0.348453006112856,4243,3,True,1,0.9595629916605952
47439,47439,0.346548576238948,4244,3,True,1,0.9499287260224307
47440,47440,0.342421074479461,4245,3,True,1,0.9387476186134368
47441,47441,0.340526123956464,4246,3,True,1,0.9313687353109988
47442,47442,0.308503561583776,4247,3,True,1,0.8870070281754742
47443,47443,0.307229843582079,4248,3,True,1,0.8811332868011916
47444,47444,0.299915806469478,4249,3,True,1,0.8683060763272349
47445,47445,0.285339707482271,4250,3,True,1,0.8593394795706376
47446,47446,0.284500493141111,4251,3,True,1,0.8562597248016666
47447,47447,0.282965405995165,4252,3,True,1,0.8507125340113465
47448,47448,0.282491097000652,4253,3,True,1,0.8490784397255009
47449,47449,0.254554665890235,4254,3,True,1,0.8965000565100895
47450,47450,0.254089544539604,4255,3,True,1,0.8950456202084169
47484,47484,0.500395325563584,4256,0,False,2,1.5610185591382242
47485,47485,0.497401406261972,4257,0,False,2,1.5643245077497825
47520,47520,0.297992653504908,4258,0,False,2,1.5784757154762603
47521,47521,0.300250457698943,4259,0,False,2,1.5731886884210602
47522,47522,0.298755564979976,4260,0,False,2,1.575793877796638
47523,47523,0.300229535935279,4261,0,False,2,1.5755555875578262
47524,47524,0.300545913862071,4262,0,False,2,1.572682007568105
47525,47525,0.298876680522626,4263,0,False,2,1.5738705753483935
47526,47526,0.29810709499625,4264,0,False,2,1.5824113534218163
47527,47527,0.298852295435056,4265,0,False,2,1.5799871663538723
47528,47528,0.301449327272293,4266,0,False,2,1.5487777037363029
47529,47529,0.29966644882943,4267,0,False,2,1.5540651993892427
47530,47530,0.299640899041616,4268,0,False,2,1.555869257444549
47531,47531,0.299141557807403,4269,0,False,2,1.5541875205160622
47532,47532,0.297568199999414,4270,0,False,2,1.5631596587149776
47533,47533,0.296788917944743,4271,0,False,2,1.5687296721434028
47534,47534,0.29574556650084,4272,0,False,2,1.5770253966503573
47535,47535,0.293775842033868,4273,0,False,2,1.585496935587503
47536,47536,0.292503295429064,4274,0,False,2,1.5946748173683045
47537,47537,0.288987243512648,4275,0,False,2,1.6324467947661525
47538,47538,0.288194949550146,4276,0,False,2,1.6387190087012156
47539,47539,0.286924786066308,4277,0,False,2,1.6420437755048563
47540,47540,0.28354866973372,4278,0,False,2,1.6590436268583344
47541,47541,0.282604435284115,4279,0,False,2,1.6652089449115022
47542,47542,0.282224737424183,4280,0,False,2,1.6705062507145907
47543,47543,0.28154706549261,4281,0,False,2,1.6759902531770074
47545,47545,0.925606475333954,4282,0,False,3,5.290639612437069
47546,47546,0.898821004464058,4283,0,False,3,4.285383524653339
47547,47547,0.898932860281841,4284,0,False,3,4.287829506855598
47548,47548,0.859314113406007,4285,0,False,3,4.283434611719664
47549,47549,0.859066803286556,4286,0,False,3,4.282778747574823
47550,47550,0.839462174091132,4287,0,False,3,4.282645395108534
47551,47551,0.788405957162966,4288,0,False,2,2.7931408489393164
47552,47552,0.799369535086802,4289,0,False,2,2.776259510203384
47553,47553,0.800777704084345,4290,0,False,2,2.778569108740028
47554,47554,0.635895320284812,4291,1,True,2,2.694555858779602
47555,47555,0.67467353949457,4292,1,True,3,1.5962552922939701
47556,47556,0.67467353949457,4293,1,True,3,1.5951740633486478
47557,47557,0.67467353949457,4294,1,True,3,1.5949789653674198
47558,47558,0.67118134363185,4295,1,True,3,1.595116710645963
47559,47559,0.67118134363185,4296,1,True,3,1.5950521009474852
47560,47560,0.67118134363185,4297,1,True,3,1.5948131534504457
47561,47561,0.67118134363185,4298,1,True,3,1.5945814885292002
47562,47562,0.67118134363185,4299,1,True,3,1.594251830290141
47563,47563,0.66754303092089,4300,1,True,3,1.5936714676010184
47564,47564,0.66754303092089,4301,1,True,3,1.593640501134396
47565,47565,0.66754303092089,4302,1,True,3,1.5919047794230883
47566,47566,0.66754303092089,4303,1,True,3,1.5914397506167894
47567,47567,0.781914478248713,4304,0,False,2,3.3582977482121965
47568,47568,0.797342092913079,4305,0,False,2,3.373416484146138
47569,47569,0.803294314214914,4306,0,False,2,3.381490519817646
47570,47570,0.805657298345869,4307,0,False,2,3.3836446223569565
47571,47571,0.810174334074036,4308,0,False,2,3.3876234612042944
47572,47572,0.815497879020788,4309,0,False,2,3.397033226221554
47573,47573,0.770280778071662,4310,1,True,2,2.743001625046837
47574,47574,0.814488987240307,4311,0,False,2,3.433026555714069
47575,47575,0.783430404110321,4312,0,False,3,1.322822216348751
47576,47576,0.761355940044271,4313,1,True,3,1.9840835776180117
47577,47577,0.91517296404932,4314,0,False,3,1.3099620729894064
47578,47578,0.91517296404932,4315,0,False,3,1.3092320092570089
47579,47579,0.91517296404932,4316,0,False,3,1.3091151172103828
47580,47580,0.917098093964749,4317,0,False,3,1.3085440065702258
47581,47581,0.917098093964749,4318,0,False,2,3.4304736285130883
47758,47758,0.673133924874995,4319,0,False,2,2.1607561092053102
47759,47759,0.671885567618849,4320,0,False,2,2.1558333424068095
47760,47760,0.671767729338168,4321,0,False,2,2.1500848156595747
47761,47761,0.670382244195863,4322,0,False,2,2.1416271945562
47762,47762,0.66964522882295,4323,0,False,2,2.145729863844127
47763,47763,0.618176043518236,4324,0,False,2,1.8935637692282323
47764,47764,0.61812497609892,4325,0,False,2,1.8880087609032832
47765,47765,0.618028809259557,4326,0,False,2,1.8819681140526918
47766,47766,0.61761710521567,4327,0,False,2,1.8709819788782667
47767,47767,0.56491648762681,4328,0,False,2,1.7001780910040454
47768,47768,0.561633954857289,4329,0,False,2,1.6984079608452032
47769,47769,0.552191134448292,4330,0,False,2,1.6866261409299268
47770,47770,0.548820249216314,4331,0,False,2,1.6760027601915228
47771,47771,0.548631524594999,4332,0,False,2,1.6728484507505184
47772,47772,0.547606231848948,4333,0,False,2,1.6675199378649699
47773,47773,0.547258222201976,4334,0,False,2,1.663162639878842
47774,47774,0.547063172915782,4335,0,False,2,1.663493435992281
47775,47775,0.546921213749235,4336,0,False,2,1.6609700390399451
47776,47776,0.545779612652321,4337,0,False,2,1.653282786561796
47777,47777,0.543858448587754,4338,0,False,2,1.6317861995346965
47778,47778,0.514334145829746,4339,0,False,1,1.3941194596776902
47779,47779,0.514950636751993,4340,0,False,1,1.3970616173447934
47780,47780,0.514512668018657,4341,0,False,1,1.3863533144292388
47781,47781,0.514159323495965,4342,0,False,1,1.3839295664217384
47782,47782,0.51371100407623,4343,0,False,1,1.3714677277100857
47783,47783,0.497285727456575,4344,0,False,1,1.0773782866492738
47784,47784,0.495981205497276,4345,0,False,1,1.0758017526755883
47785,47785,0.487633160706874,4346,0,False,1,1.0619348060535354
47786,47786,0.471501067140411,4347,0,False,1,1.0458514524126352
47787,47787,0.4633969867646,4348,0,False,1,1.047441325007222
47788,47788,0.450431131894005,4349,0,False,1,0.9295481912019605
47789,47789,0.425944335451521,4350,0,False,1,0.9367928967613948
47790,47790,0.406300099216938,4351,0,False,1,0.9829641184795257
47791,47791,0.306467535011022,4352,0,False,1,1.2221533560880178
47792,47792,0.28269123647759,4353,0,False,1,1.3137517622851753
47850,47850,0.3880579878948,4354,1,True,1,1.2128027984506153
47851,47851,0.389168581335922,4355,1,True,1,1.2166439392693036
47852,47852,0.400033706585238,4356,1,True,1,1.2581482957054702
47853,47853,0.400555863005551,4357,1,True,1,1.2602938854612737
47854,47854,0.401095548476528,4358,1,True,1,1.262558716864523
47855,47855,0.401674856579061,4359,1,True,1,1.2650819926920092
47856,47856,0.413619239257472,4360,1,True,2,1.227621275864912
47857,47857,0.414194199948574,4361,1,True,2,1.2251362761999631
47858,47858,0.422902492809532,4362,1,True,2,1.1517876294733633
47859,47859,0.479700293874311,4363,1,True,2,1.0370016427885242
47860,47860,0.480330305253786,4364,1,True,2,1.0373329802476985
47861,47861,0.481051930817768,4365,1,True,2,1.037888305461152
47862,47862,0.48185173022284,4366,1,True,2,1.0385291276138435
47863,47863,0.496606277867163,4367,1,True,2,1.049740044249739
47864,47864,0.506762347476276,4368,1,True,2,1.0657471405755832
47865,47865,0.507701228780458,4369,1,True,2,1.0673668970570784
47866,47866,0.508172717482292,4370,1,True,2,1.0688430585315913
47867,47867,0.508552731453423,4371,1,True,2,1.0696587900595038
48110,48110,0.500785484651754,4372,0,False,2,1.357267774789212
48111,48111,0.500843892281422,4373,0,False,2,1.341425700224494
48112,48112,0.500314343275794,4374,0,False,2,1.3352549455152003
48113,48113,0.500171844106883,4375,0,False,2,1.4620621984582531
48114,48114,0.466881290612481,4376,0,False,2,1.3172655085711462
48115,48115,0.466279643502998,4377,0,False,2,1.3110016766012162
48116,48116,0.461240369003895,4378,0,False,2,1.2880974175889817
48117,48117,0.458505573575221,4379,0,False,2,1.2859193013656758
48118,48118,0.459479357408077,4380,0,False,2,1.2723927488169422
48119,48119,0.461168229707453,4381,0,False,2,1.2462925711333561
48127,48127,0.288042793844153,4382,0,False,2,1.6627676331615069
48128,48128,0.263784828034747,4383,0,False,2,1.6524532984436062
48129,48129,0.268516216294597,4384,0,False,2,1.635689198369099
48130,48130,0.255278394134429,4385,0,False,2,1.6880181935210299
48131,48131,0.281618773350823,4386,0,False,2,1.621124022838144
48132,48132,0.293842097785889,4387,0,False,2,1.5960721917861846
48133,48133,0.296014475891037,4388,0,False,2,1.5810862402866517
48134,48134,0.296366720491119,4389,0,False,2,1.5665516013688079
48135,48135,0.282741339739328,4390,0,False,2,1.637329544137422
48136,48136,0.297769708803506,4391,0,False,2,1.5324653220478062
48137,48137,0.427368938736067,4392,0,False,2,1.5035112163969708
48138,48138,0.463814874882989,4393,0,False,2,1.3556812486525616
48166,48166,0.276382469293181,4394,3,True,2,1.5571315893504538
48167,48167,0.276235855598116,4395,3,True,2,1.557560473958725
48168,48168,0.269957066010423,4396,3,True,2,1.5739508749521998
48169,48169,0.287352601462134,4397,3,True,2,1.1872870969135636
48170,48170,0.287167629855876,4398,3,True,2,1.1874096111867123
48171,48171,0.286992437765785,4399,3,True,2,1.1879328722582854
48172,48172,0.286900013060118,4400,3,True,2,1.1880012524150245
48173,48173,0.286797179853003,4401,3,True,2,1.1876885502240784
48174,48174,0.272161467449813,4402,3,True,2,1.2431128540212737
48175,48175,0.271982076755781,4403,3,True,2,1.2436484409268318
48176,48176,0.258223837967845,4404,3,True,2,1.2861260805120356
48219,48219,0.265741613183037,4405,3,True,1,0.9993300247404938
48220,48220,0.293834677804159,4406,3,True,1,0.953186460195746
48221,48221,0.294595510528432,4407,3,True,1,0.9514572342789633
48222,48222,0.308871085860055,4408,3,True,1,0.9533739721368184
48223,48223,0.310074602838266,4409,3,True,1,0.9523037242174024
48224,48224,0.337506837778949,4410,3,True,1,0.9761194404778912
48225,48225,0.34971478504442,4411,3,True,1,0.9990678989103234
48226,48226,0.351238549165329,4412,3,True,1,1.0022818525317678
48227,48227,0.35198724687989,4413,3,True,1,1.0040591513610504
48228,48228,0.361819568607477,4414,3,True,1,1.0223825311350643
48229,48229,0.356884021802826,4415,3,True,1,1.0149170592561396
48230,48230,0.358177592391523,4416,3,True,1,1.0212193814719277
48231,48231,0.406482601839106,4417,3,True,2,1.1115070374142288
48232,48232,0.252855586642031,4418,3,True,1,0.8318814985267219
48233,48233,0.257379081623552,4419,3,True,1,0.835750293506834
48234,48234,0.256732825262697,4420,3,True,1,0.8449592887039946
48235,48235,0.275524267597499,4421,3,True,1,0.8651875245697657
48236,48236,0.269653504352524,4422,3,True,1,0.8665638408215489
48237,48237,0.26925451705398,4423,3,True,1,0.873967478394407
48238,48238,0.291389486082713,4424,3,True,1,0.9502699431088788
48239,48239,0.279317971343319,4425,3,True,1,0.9569038017171138
48240,48240,0.271123028040005,4426,3,True,1,0.9674098444564431
48241,48241,0.269145215746984,4427,3,True,1,1.0064594665999695
48242,48242,0.268592734040106,4428,3,True,1,1.0258648693696897
48243,48243,0.267928914627091,4429,3,True,1,1.0445139912978199
48244,48244,0.26759651131879,4430,3,True,1,1.0562244429420673
48245,48245,0.267104392539644,4431,3,True,1,1.070342080211117
48246,48246,0.266457838858566,4432,3,True,1,1.0880724324780509
48247,48247,0.266097754857491,4433,3,True,1,1.1008598370088807
48248,48248,0.266462724254728,4434,3,True,1,1.0999595342109654
48249,48249,0.280590164600538,4435,3,True,1,1.0937758101977
48250,48250,0.282271958200674,4436,3,True,1,1.067630695369969
48251,48251,0.285889371001482,4437,3,True,1,1.009068654698868
48252,48252,0.290235481513429,4438,3,True,1,0.9453733454081079
48253,48253,0.29430970126359,4439,3,True,1,0.8940880101753664
48254,48254,0.295211680847566,4440,3,True,1,0.8847707979542331
48277,48277,0.336797910636785,4441,0,False,2,3.0097736277942326
48278,48278,0.345240426426771,4442,0,False,2,2.9912473405460096
48279,48279,0.405067239500967,4443,0,False,2,3.507751954837356
48280,48280,0.410023175128951,4444,0,False,2,3.6086373898802737
48281,48281,0.408458953170679,4445,0,False,2,3.603904681177962
48282,48282,0.938912155401991,4446,0,False,3,2.536634878691223
48283,48283,0.547967695967066,4447,0,False,2,3.467136512247993
48284,48284,0.52883041370806,4448,0,False,2,3.1498036917686396
48285,48285,0.525080464080126,4449,0,False,2,3.136848880241679
48286,48286,0.529270640450105,4450,0,False,2,3.1171992935462507
48287,48287,0.517388097083559,4451,0,False,2,2.9427612503982625
48288,48288,0.401688631398034,4452,0,False,2,2.6096758215374867
48289,48289,0.30539116234222,4453,0,False,2,3.212282754046345
48290,48290,0.281496037599214,4454,0,False,2,2.6415450900333837
48291,48291,0.289356604440042,4455,0,False,2,2.769401298081389
48292,48292,0.934437983296021,4456,0,False,3,1.4056216568912894
48293,48293,0.934437983296021,4457,0,False,3,1.4162227699040661
48294,48294,0.93103917531421,4458,0,False,3,1.4203576760788013
48295,48295,0.930590743088891,4459,0,False,3,1.421256606575945
48296,48296,0.942734218825921,4460,0,False,3,1.425565475077459
48297,48297,0.943600308462619,4461,0,False,3,1.424799424077198
48298,48298,0.941100868484188,4462,0,False,3,1.4240313410776138
48299,48299,0.941100868484188,4463,0,False,3,1.422843027643011
48300,48300,0.942312992845581,4464,0,False,3,1.4402808676987133
48301,48301,0.941900196327277,4465,0,False,3,1.4419946131262076
48302,48302,0.939926975716401,4466,0,False,3,1.4325064295957926
48303,48303,0.939926975716401,4467,0,False,3,1.3842278628310496
48304,48304,0.938776836219466,4468,0,False,3,1.3832262073988446
48305,48305,0.938613448397767,4469,0,False,3,1.3819482972857324
48306,48306,0.938613448397767,4470,0,False,3,1.3385111587985408
48323,48323,0.785280735943859,4471,0,False,2,2.803771263210647
48324,48324,0.785598409392791,4472,0,False,2,2.800744748444196
48325,48325,0.785668552949971,4473,0,False,2,2.8014223197534807
48326,48326,0.785744582182774,4474,0,False,2,2.8021156533448175
48327,48327,0.785887131633564,4475,0,False,2,2.8025892079670274
48328,48328,0.87304837343197,4476,0,False,3,1.3122873184989396
48329,48329,0.894326583981085,4477,0,False,3,1.3132888261383797
48330,48330,0.87304837343197,4478,0,False,3,1.314289541253968
48331,48331,0.87304837343197,4479,0,False,2,3.5067578438863323
48332,48332,0.847139237693344,4480,0,False,2,3.5073201063601047
48333,48333,0.847035811183258,4481,0,False,2,3.50784008307832
48334,48334,0.846934243817384,4482,0,False,2,3.5083330282724425
48335,48335,0.846769625010979,4483,0,False,2,3.508771553002887
48336,48336,0.846675504451049,4484,0,False,2,3.5091578182061296
48337,48337,0.84658740699877,4485,0,False,2,3.5094943327296093
48338,48338,0.846506229338459,4486,0,False,2,3.509772590286796
48339,48339,0.846430398613748,4487,0,False,2,3.5096610901036103
48340,48340,0.846377750919734,4488,0,False,2,3.5092568855654194
48341,48341,0.845755185443942,4489,0,False,2,3.5101799372551157
48342,48342,0.845696977727977,4490,0,False,2,3.5102892335999765
48343,48343,0.845647309610254,4491,0,False,2,3.510337983366683
48344,48344,0.84058429115266,4492,0,False,2,3.5103338046181904
48345,48345,0.841190973258847,4493,0,False,2,3.510301660241565
48346,48346,0.841164277442749,4494,0,False,2,3.5102262879085733
48347,48347,0.840626324620646,4495,0,False,2,3.5101164278505474
48348,48348,0.840613918077559,4496,0,False,2,3.5099718414592354
48349,48349,0.84060802123369,4497,0,False,2,3.509798640981358
48350,48350,0.840608367508062,4498,0,False,2,3.5095918568448994
48351,48351,0.801767051236499,4499,1,True,2,2.63986123638827
48352,48352,0.80177940961063,4500,1,True,2,2.6394793308698525
48353,48353,0.801797421723215,4501,1,True,2,2.639047359244858
48354,48354,0.763676511471582,4502,1,True,2,2.6385501924690695
48700,48700,0.923187145282409,4503,0,False,2,3.829094271930549
48701,48701,0.923187442173322,4504,0,False,2,3.8305540407437606
48702,48702,0.92556785841364,4505,0,False,3,2.3319674717442416
48703,48703,0.92556785841364,4506,0,False,3,2.3389378356698147
48704,48704,0.941048519355591,4507,0,False,3,2.3619370456147863
48705,48705,0.941176170265498,4508,0,False,3,2.3654041746537127
48706,48706,0.941176170265498,4509,0,False,3,2.367952065289843
48707,48707,0.939942957648641,4510,0,False,3,2.3701466276674688
48708,48708,0.939942957648641,4511,0,False,3,2.374296834346417
48859,48859,0.390850374421752,4512,0,False,2,2.085763429980938
48860,48860,0.842745966456954,4513,0,False,3,1.4422425559028256
48861,48861,0.592745966456954,4514,1,True,3,3.92688085292436
48871,48871,0.365836681392234,4515,0,False,2,0.9843527012466888
48872,48872,0.363839805830952,4516,0,False,2,0.9905872549076676
48873,48873,0.362858347101631,4517,0,False,2,0.9839568080966901
48960,48960,0.285661167571833,4518,1,True,1,2.1488866906393786
48961,48961,0.440475578003783,4519,0,False,1,1.1921053363930918
48962,48962,0.439505206237665,4520,0,False,1,1.187277169879329
48963,48963,0.440906711992715,4521,0,False,1,1.1761064945237705
48964,48964,0.275276674754179,4522,1,True,1,1.1494832967022142
48965,48965,0.262344558413076,4523,1,True,1,1.1421836749188534
49069,49069,0.956738728520708,4524,0,False,3,1.275128769101238
49070,49070,0.956738728520708,4525,0,False,3,1.274241408052505
49071,49071,0.956738728520708,4526,0,False,3,1.2727925181986481
49072,49072,0.958192983708894,4527,0,False,3,1.2695427717095806
49073,49073,0.287017231580743,4528,0,False,2,1.4824301768426837
49074,49074,0.284802295772293,4529,0,False,2,1.480507800923453
49332,49332,0.317260169814468,4530,1,True,1,0.9815852133039583
49333,49333,0.316280463892059,4531,1,True,1,0.9742316201506007
49334,49334,0.315873005033686,4532,1,True,1,0.9740823088027124
49335,49335,0.315544371459242,4533,1,True,1,0.9737959894412886
49336,49336,0.315341152997923,4534,1,True,1,0.9735783534653984
49337,49337,0.315165423987613,4535,1,True,1,0.9734916627523968
49338,49338,0.315020275850511,4536,1,True,1,0.9734317773174006
49339,49339,0.31548904772111,4537,1,True,1,0.9745068665135881
49340,49340,0.314903011524557,4538,1,True,1,0.9741041275457103
49341,49341,0.320864822260379,4539,1,True,1,0.9879308616425627
49342,49342,0.32540858697155,4540,1,True,1,1.0101162294543748
49343,49343,0.327559463368066,4541,1,True,1,1.0270829849077874
49344,49344,0.334163169481582,4542,1,True,1,1.1051514025199318
49345,49345,0.336206252908305,4543,1,True,1,1.1240598426717077
49346,49346,0.332511389294564,4544,1,True,1,1.0543571550806925
49347,49347,0.331466617172941,4545,1,True,1,1.0361979561636425
49348,49348,0.331107347253169,4546,1,True,1,1.029911456880207
49349,49349,0.330940618018733,4547,1,True,1,1.0263816837047555
49350,49350,0.330793712828306,4548,1,True,1,1.0238360063962622
49351,49351,0.333643290270245,4549,1,True,1,1.022813676908062
49352,49352,0.341139536453408,4550,1,True,1,1.03476667990706
49353,49353,0.341442291253267,4551,1,True,1,1.0303252864689765
49354,49354,0.341656860013523,4552,1,True,1,1.0285859458616489
49355,49355,0.351360453626024,4553,1,True,1,1.0352913465712048
49356,49356,0.367527368290731,4554,1,True,1,1.0470120387444801
49357,49357,0.372702596455443,4555,1,True,1,1.054467110790673
49358,49358,0.374778962792705,4556,1,True,1,1.0558791173808912
49359,49359,0.374956062955838,4557,1,True,1,1.054576148324874
49360,49360,0.373271031373956,4558,1,True,1,1.0508378347611347
49361,49361,0.372697461292601,4559,1,True,1,1.0493635117594862
49362,49362,0.372810903062613,4560,1,True,1,1.0488980347068249
49363,49363,0.372895527006131,4561,1,True,1,1.0485266978660026
49364,49364,0.371522829685185,4562,1,True,1,1.0460766592346176
49365,49365,0.36899238095908,4563,1,True,1,1.03792934887747
49366,49366,0.364600988804279,4564,1,True,1,1.0319994199735858
49367,49367,0.363652782733283,4565,1,True,1,1.0304147204031213
49368,49368,0.362607908823798,4566,1,True,1,1.0289004115833578
49369,49369,0.362691613899013,4567,1,True,1,1.028577760790525
49370,49370,0.355594710685044,4568,1,True,1,1.0232202334159333
49371,49371,0.353869136536119,4569,1,True,1,1.0221550856573502
49372,49372,0.353943369493548,4570,1,True,1,1.0218321839334656
49373,49373,0.344659987270364,4571,1,True,1,1.012911408706968
49374,49374,0.344758184116199,4572,1,True,1,1.0124273533815233
49375,49375,0.344861387734165,4573,1,True,1,1.0119973049780127
49376,49376,0.354349573277719,4574,1,True,1,1.02003949742213
49377,49377,0.363471845995883,4575,1,True,1,1.0252278582257115
49378,49378,0.363617724255075,4576,1,True,1,1.0245396595824057
49379,49379,0.364886282669025,4577,1,True,1,1.025177403288975
49686,49686,0.510491973109455,4578,0,False,2,1.1740834801866409
49687,49687,0.504850012939251,4579,0,False,2,1.2326052684470186
49688,49688,0.489036806807537,4580,0,False,2,1.277223142111163
49689,49689,0.488747975207301,4581,0,False,2,1.2618086713658074
49703,49703,0.737366454516561,4582,0,False,2,1.9173373166066852
49704,49704,0.740474668425065,4583,0,False,2,1.978082717596286
49705,49705,0.740964295910006,4584,0,False,2,1.9767150128999245
49706,49706,0.950480562257664,4585,0,False,3,1.7815667608373658
49707,49707,0.950466451257372,4586,0,False,3,1.7939842845568843
49708,49708,0.950272305452988,4587,0,False,3,1.795222545198999
49709,49709,0.949239556084402,4588,0,False,3,1.7805346760368828
49710,49710,0.839709484210583,4589,0,False,3,1.2569150883529323
49711,49711,0.839709484210583,4590,0,False,3,1.257499663510755
49712,49712,0.842043598041026,4591,0,False,2,3.426522755966526
49713,49713,0.839462174091132,4592,0,False,3,1.2489080738294716
49714,49714,0.789834622264333,4593,0,False,2,3.268376075785332
49715,49715,0.591224610713111,4594,2,True,2,1.7849746907893318
49716,49716,0.591227256043568,4595,2,True,2,1.785415152280734
49717,49717,0.842043598041026,4596,0,False,2,3.426533372980387
49718,49718,0.594819291176207,4597,2,True,3,2.1474228540329485
49719,49719,0.792047656834574,4598,0,False,3,1.2393979061475189
49720,49720,0.839462174091132,4599,0,False,3,1.2404105761051198
49721,49721,0.839462174091132,4600,0,False,3,1.2420708371818037
49722,49722,0.842043598041026,4601,0,False,3,1.2460061299417298
49723,49723,0.842043598041026,4602,0,False,3,1.2478473642070849
49724,49724,0.791242404899912,4603,0,False,3,1.2599646435025647
49725,49725,0.61178712569864,4604,1,True,3,1.5785667089994082
49726,49726,0.618579436006508,4605,1,True,3,1.5804366582825675
49727,49727,0.618579436006508,4606,1,True,3,1.581914520915671
49782,49782,0.376536255723283,4607,1,True,1,1.0087439875224409
49783,49783,0.374593765671449,4608,1,True,1,1.0054472655557563
49784,49784,0.378766616478319,4609,1,True,1,1.0185317682283193
49785,49785,0.379526461770686,4610,1,True,1,1.0243061530529722
49786,49786,0.378321116927563,4611,1,True,1,1.0208957197226751
49787,49787,0.377747742917923,4612,1,True,1,1.020110430352463
49788,49788,0.377638405179793,4613,1,True,1,1.0202610382595727
49789,49789,0.376478179516326,4614,1,True,1,1.0185694102341694
49790,49790,0.375841329575187,4615,1,True,1,1.0176898941953634
49791,49791,0.375761415664614,4616,1,True,1,1.0178210853361607
49792,49792,0.373838331064675,4617,1,True,1,1.0149087205431022
49793,49793,0.373030447854898,4618,1,True,1,1.0141106004695966
49794,49794,0.371368467222407,4619,1,True,1,1.0124044765915248
49795,49795,0.360122051710193,4620,1,True,1,1.007174792801962
49796,49796,0.350823207440841,4621,1,True,1,1.0020227110244933
49797,49797,0.341166967020883,4622,1,True,1,0.9939515690587604
49798,49798,0.340932833659393,4623,1,True,1,0.9944951520893092
49799,49799,0.340723122087794,4624,1,True,1,0.994934349038967
49800,49800,0.340532843707357,4625,1,True,1,0.9953066539183968
49801,49801,0.340350528459156,4626,1,True,1,0.9957155007132222
49802,49802,0.3401625707199,4627,1,True,1,0.9961989122328632
49803,49803,0.332852681147783,4628,1,True,1,0.9791814326224819
49804,49804,0.332686981581858,4629,1,True,1,0.9796362662241936
49805,49805,0.329913791963561,4630,1,True,1,0.9807572494143467
49806,49806,0.329756876318189,4631,1,True,1,0.9812282225617833
49807,49807,0.329557878079778,4632,1,True,1,0.981858481623411
49808,49808,0.329376021366325,4633,1,True,1,0.9823952632341508
49809,49809,0.329199574491203,4634,1,True,1,0.9829346611205431
49810,49810,0.322924587183604,4635,1,True,1,0.9719541568566279
49811,49811,0.322732422725932,4636,1,True,1,0.9723494859721022
49812,49812,0.322439791090015,4637,1,True,1,0.9729863268431119
49813,49813,0.32216878851672,4638,1,True,1,0.9734717439835168
49814,49814,0.32196723028583,4639,1,True,1,0.9738215047245069
49815,49815,0.321807482572227,4640,1,True,1,0.9741022445213571
49816,49816,0.319728379917738,4641,1,True,1,0.9714793731690619
49817,49817,0.319583382929063,4642,1,True,1,0.9716862075799961
49818,49818,0.319438442255679,4643,1,True,1,0.971921225973176
49819,49819,0.319224222506321,4644,1,True,1,0.9723125999976916
49820,49820,0.318752446029134,4645,1,True,1,0.9731082748594186
49821,49821,0.315778314675328,4646,1,True,1,0.9829651778613744
49822,49822,0.311663380221932,4647,1,True,1,0.9873065074392036
49823,49823,0.303160702314259,4648,1,True,1,0.9766928812640117
49824,49824,0.310936959476907,4649,1,True,1,0.9877033752830029
49825,49825,0.314325830236616,4650,1,True,1,0.9841201518117688
49860,49860,0.435945539310618,4651,1,True,2,2.4078013966184852
49861,49861,0.450714324223787,4652,1,True,2,2.4957633540871034
49862,49862,0.485658525078238,4653,1,True,2,2.4965285964535036
49863,49863,0.499021237163554,4654,1,True,2,2.502275956701995
49864,49864,0.502964280327019,4655,1,True,2,2.5050723289450056
49865,49865,0.649566074978444,4656,1,True,3,1.5527890440357959
49866,49866,0.649566074978444,4657,1,True,3,1.5528275492458024
49867,49867,0.731807280828238,4658,1,True,3,1.5529278446405286
49868,49868,0.734100153123086,4659,1,True,3,1.5529340731917731
49869,49869,0.35121483298627,4660,1,True,2,1.5240979619248098
49870,49870,0.343074450933052,4661,1,True,2,1.5389276477420446
49871,49871,0.338052060849385,4662,1,True,2,1.5423659738439548
49872,49872,0.334101320125557,4663,1,True,2,1.5465270717589028
49873,49873,0.811753537557747,4664,1,True,3,1.971335422208047
49874,49874,0.811753537557747,4665,1,True,3,1.9683168273253566
49875,49875,0.765922830122342,4666,1,True,3,1.9663293494928071
49876,49876,0.765922830122342,4667,1,True,3,1.965380416416655
49877,49877,0.765922830122342,4668,1,True,3,1.9649007757334143
49878,49878,0.765922830122342,4669,1,True,3,1.9642178213902453
49879,49879,0.765880301741759,4670,1,True,3,1.9635192975255389
49880,49880,0.765880301741759,4671,1,True,3,1.9631505149543116
49881,49881,0.765880301741759,4672,1,True,3,1.9625634163183883
49882,49882,0.765880301741759,4673,1,True,3,1.9621680397435475
49883,49883,0.765880301741759,4674,1,True,3,1.9620562510038235
49884,49884,0.802603041136469,4675,1,True,3,1.9597513327386833
49885,49885,0.802614067112694,4676,1,True,3,1.9582976498163538
49886,49886,0.802614067112694,4677,1,True,3,1.9579173080503953
49887,49887,0.75,4678,2,True,3,2.732326950049234
49888,49888,0.75,4679,2,True,3,2.7335494134706186
49889,49889,0.75,4680,2,True,3,2.733706210997614
49890,49890,0.75,4681,2,True,3,2.7339005044444935
49891,49891,0.75,4682,2,True,3,2.705328499050407
49892,49892,0.75,4683,2,True,3,2.70477435994789
49893,49893,0.75,4684,2,True,3,2.7045504483725415
49894,49894,0.75,4685,2,True,3,2.7043595346000937
49895,49895,0.75,4686,2,True,3,2.704185851963458
49896,49896,0.75,4687,2,True,3,2.704008064913127
49897,49897,0.75,4688,2,True,3,2.7038666121068955
49898,49898,0.75,4689,2,True,3,2.7037505222193716
49899,49899,0.75,4690,2,True,3,2.7036517133474502
49900,49900,0.75,4691,2,True,3,2.7035806287701427
49901,49901,0.75,4692,2,True,3,2.7035324646912042
49902,49902,0.75,4693,2,True,3,2.703502799790922
49903,49903,0.75,4694,2,True,3,2.703494446530375
49904,49904,0.75,4695,2,True,3,2.7035037441301513
49905,49905,0.75,4696,2,True,3,2.70353321338644
49906,49906,0.75,4697,2,True,2,1.4628295723638614
49907,49907,0.75,4698,2,True,3,2.703503131438251
49908,49908,0.75,4699,2,True,3,2.7039956787685826
49909,49909,0.718845391325387,4700,2,True,2,1.3430763580264564
49910,49910,0.718144503766645,4701,2,True,2,1.3413745623096005
49911,49911,0.718012097135225,4702,2,True,2,1.3414802435455506
49912,49912,0.716098456899103,4703,2,True,2,1.335805427241451
49913,49913,0.713373239633305,4704,2,True,2,1.3283114070962418
49914,49914,0.69900790030658,4705,2,True,2,1.2914733492928854
49915,49915,0.674893846425179,4706,2,True,2,1.3230667851470528
49916,49916,0.639812754000399,4707,2,True,2,1.2639860507329774
49917,49917,0.596608640262643,4708,2,True,2,1.215165613003016
49918,49918,0.57745237803477,4709,2,True,2,1.2086168886894908
49919,49919,0.548595788481249,4710,2,True,2,1.207020888914388
49920,49920,0.524666521251697,4711,1,True,2,1.2194388241223968
49921,49921,0.508558537471813,4712,0,False,2,1.2384725340702958
49922,49922,0.464519502678004,4713,0,False,2,1.2973049306971498
49923,49923,0.378584350516589,4714,0,False,2,1.4958906943894903
49924,49924,0.606303281406744,4715,0,False,2,1.9004501128557731
49925,49925,0.623635023725574,4716,0,False,2,1.9538002387034834
49926,49926,0.7085256970539,4717,0,False,2,2.538159067249952
49927,49927,0.712287857217357,4718,0,False,2,2.5389870936541796
49928,49928,0.911475806403688,4719,0,False,3,2.1832910542296213
49929,49929,0.911042409499412,4720,0,False,3,2.183114703325981
50223,50223,0.349486715797854,4721,1,True,2,1.0326107409281047
50224,50224,0.516158672601152,4722,0,False,2,1.2426720391658197
50225,50225,0.512747598286121,4723,0,False,2,1.2326362710469414
50226,50226,0.512871616010984,4724,0,False,2,1.233231640954547
50227,50227,0.512608789688024,4725,0,False,2,1.236399374750382
50228,50228,0.513896654917027,4726,0,False,2,1.242122361496011
50229,50229,0.513253489352016,4727,0,False,2,1.2408683745379705
50230,50230,0.513324055543433,4728,0,False,2,1.2380087996056794
50231,50231,0.519614677196909,4729,0,False,2,1.16430505611671
50232,50232,0.509490646161048,4730,0,False,2,1.241982340580378
50296,50296,0.313104268473371,4731,3,True,1,2.1261798937834846
50297,50297,0.40464720832497,4732,2,True,1,0.9492924747629018
50298,50298,0.406233067230253,4733,3,True,1,2.11467254973964
50458,50458,0.341986129963373,4734,3,True,1,1.1807929589977697
50459,50459,0.341640900571748,4735,3,True,1,1.1816126181253483
50460,50460,0.327781955526181,4736,3,True,1,1.1803208521393151
50461,50461,0.327068548116926,4737,3,True,1,1.1821316501839658
50607,50607,0.356312890819369,4738,3,True,1,2.085740863322124
50608,50608,0.413341941916921,4739,2,True,1,1.122849989273787
50609,50609,0.411200171368166,4740,2,True,1,1.121110196980424
50610,50610,0.398422317129603,4741,2,True,1,1.1081953733174892
50611,50611,0.392432582665827,4742,2,True,1,1.1158247045991783
50612,50612,0.392710297888638,4743,2,True,1,1.1133146450701572
50613,50613,0.333333333333333,4744,4,True,1,2.299238125459992
50623,50623,0.335741524147592,4745,2,True,2,1.065496530103619
50624,50624,0.334877857902966,4746,2,True,2,1.0653545152004138
50625,50625,0.329817035352168,4747,2,True,2,1.0607896441838809
50630,50630,0.936470460551752,4748,0,False,3,1.446250705927421
50658,50658,0.349453809492591,4749,0,False,1,3.0607297711443184
50711,50711,0.327537592339005,4750,1,True,1,1.4345920720405638
50713,50713,0.320538987880868,4751,1,True,1,1.203638179835645
50928,50928,0.305579796824448,4752,3,True,1,1.2695038622803054
50929,50929,0.306987179653776,4753,3,True,1,1.2610788230529
50930,50930,0.306828605434924,4754,3,True,1,1.2589962850411331
50939,50939,0.392542117797573,4755,2,True,1,1.1216778283860949
50940,50940,0.393874736478108,4756,2,True,1,1.1209687602807041
50941,50941,0.333766778112314,4757,3,True,1,2.0923307283342605
50944,50944,0.333333333333333,4758,4,True,1,2.299238125459992
50947,50947,0.573447697172984,4759,2,True,1,1.0289564297715708
50948,50948,0.400485712064597,4760,1,True,2,1.1026162910144857
50949,50949,0.422741630274147,4761,1,True,2,1.055977797480294
50950,50950,0.423224104248567,4762,1,True,2,1.0560272534900785
50951,50951,0.423641549593877,4763,1,True,2,1.0561019614971654
50952,50952,0.423899779420668,4764,1,True,2,1.055566625370317
50953,50953,0.424226758828091,4765,1,True,2,1.0549277138082394
50954,50954,0.426071294027463,4766,1,True,2,1.0584441552703345
50955,50955,0.456883401478664,4767,1,True,2,1.423474960225402
50956,50956,0.452304087642455,4768,1,True,2,1.4269247296399783
50957,50957,0.442280697311127,4769,1,True,2,1.4388683883004054
50958,50958,0.419532949004309,4770,1,True,1,1.2913813949412325
50959,50959,0.410444496311979,4771,1,True,1,1.2102096056802827
50960,50960,0.40863706595761,4772,1,True,1,1.1831765253843438
50961,50961,0.396390544814976,4773,1,True,1,1.115512301789323
50962,50962,0.384656198779475,4774,1,True,1,1.0581473635851542
50963,50963,0.361074685672732,4775,1,True,1,1.0038469004992394
50964,50964,0.348668716841933,4776,1,True,1,0.9752943595310225
50965,50965,0.337834770946735,4777,1,True,1,0.9553188365003117
50966,50966,0.326222119786142,4778,1,True,1,0.9350906512604179
50967,50967,0.312118413158641,4779,1,True,1,0.9148427544608979
50977,50977,0.293440241584391,4780,0,False,2,3.5453657641267706
50978,50978,0.290878005662722,4781,0,False,2,3.5801198488550674
50979,50979,0.287777551511949,4782,0,False,2,3.4998766263574184
50980,50980,0.280975943860768,4783,0,False,2,3.46374669722165
50981,50981,0.302705670944393,4784,0,False,2,3.878945064024641
50982,50982,0.299097801062984,4785,0,False,2,3.907526138065799
50983,50983,0.293379384835558,4786,0,False,2,3.544174541467762
50984,50984,0.930305634383682,4787,0,False,3,1.3177178081656624
50985,50985,0.930305634383682,4788,0,False,3,1.326593476618056
50986,50986,0.930168170164913,4789,0,False,3,1.326441051429984
50987,50987,0.930121876769527,4790,0,False,3,1.326316908772545
50988,50988,0.930121876769527,4791,0,False,3,1.3329812045433977
50989,50989,0.922447351360136,4792,0,False,3,1.3325468234615585
51004,51004,0.406900495387847,4793,0,False,2,3.9478756321557222
51169,51169,0.441894984560812,4794,0,False,2,0.8454886127817726
51170,51170,0.441531511886995,4795,0,False,2,0.8424106880855593
51171,51171,0.439946797838936,4796,0,False,2,0.8415156577197277
51185,51185,0.575362115875197,4797,0,False,2,1.5369436690204594
51450,51450,0.943717102731701,4798,0,False,3,1.2330470850975543
51451,51451,0.940737270676421,4799,0,False,3,1.231065599596999
51452,51452,0.940788436507063,4800,0,False,3,1.232232364511221
51453,51453,0.278551980579467,4801,2,True,1,1.2428675146532393
51454,51454,0.279516928345712,4802,2,True,1,1.2566407679943614
51461,51461,0.54040475436047,4803,0,False,1,1.0514855745590028
51473,51473,0.418735950328608,4804,0,False,2,1.5881307364269917
51474,51474,0.42095816476164,4805,0,False,2,1.5739915332014836
51475,51475,0.478746677168552,4806,0,False,2,3.336764808088348
51490,51490,0.308416200883686,4807,1,True,1,1.2078984645455444
51491,51491,0.331150479388165,4808,1,True,2,1.454333934242495
51492,51492,0.353424723295186,4809,1,True,2,0.9608921288133763
51504,51504,0.347237766451451,4810,1,True,2,0.9630172199687678
51525,51525,0.411671650680209,4811,0,False,1,1.7384361739138325
51526,51526,0.487160327596256,4812,0,False,1,0.884115789681977
51527,51527,0.512381097561382,4813,0,False,1,0.915315775814552
51528,51528,0.513489326584991,4814,0,False,1,0.9155545215196853
51529,51529,0.516929588312806,4815,0,False,1,0.9198564567328195
51530,51530,0.685801666072048,4816,1,True,3,1.755521902588502
51531,51531,0.685801666072048,4817,1,True,3,1.7560298479858394
51532,51532,0.685801666072048,4818,1,True,3,1.7572787708841808
51533,51533,0.674537563289545,4819,1,True,3,1.758343502886318
51534,51534,0.674537563289545,4820,1,True,3,1.7592150635098713
51535,51535,0.674537563289545,4821,1,True,3,1.7597640307493796
51536,51536,0.673872578876142,4822,1,True,3,1.7597656481139397
51537,51537,0.673872578876142,4823,1,True,3,1.7592596728496692
51538,51538,0.673872578876142,4824,1,True,3,1.7587639416588816
51539,51539,0.674537563289545,4825,1,True,3,1.7581635289554638
51540,51540,0.674537563289545,4826,1,True,3,1.7573466102793813
51541,51541,0.674537563289545,4827,1,True,3,1.7570536070157337
51542,51542,0.685801666072048,4828,1,True,3,1.756534563872836
51643,51643,0.63010167530201,4829,0,False,2,2.1725269004903405
51644,51644,0.642990683519081,4830,0,False,2,2.1778134028700467
51804,51804,0.38801991525614,4831,0,False,2,2.270789435712269
51805,51805,0.392109143493419,4832,0,False,2,2.2661781995485963
51848,51848,0.581690307145284,4833,2,True,1,0.9632331965945846
51849,51849,0.580850635269437,4834,2,True,1,0.9649914442480122
51850,51850,0.580681835521376,4835,2,True,1,0.9689833248310542
51851,51851,0.576398242136583,4836,2,True,1,0.9590445677306967
51852,51852,0.578987770126187,4837,2,True,1,0.973494997447537
51853,51853,0.424654834420299,4838,3,True,1,2.1223682551754943
51857,51857,0.938912155401991,4839,0,False,3,1.2353928619729035
51858,51858,0.934134531717772,4840,0,False,3,1.2291421493446555
51859,51859,0.933481850011707,4841,0,False,3,1.2290006904161472
51860,51860,0.929923502543709,4842,0,False,3,1.2290794392566444
51906,51906,0.369367345660376,4843,3,True,1,1.2368354554514356
51907,51907,0.364214348233769,4844,3,True,1,1.2362976135719064
51908,51908,0.357213385153061,4845,3,True,1,1.2391109303505232
51909,51909,0.35698931641624,4846,3,True,1,1.2388762403028257
51910,51910,0.356367158561906,4847,3,True,1,1.2381191255723254
51911,51911,0.356135801177583,4848,3,True,1,1.2380982630531172
51930,51930,0.346526510835382,4849,0,False,1,1.5448314675471815
51982,51982,0.284447923050917,4850,3,True,1,1.2489994411924263
51991,51991,0.297306604349324,4851,3,True,1,1.294083622451805
51992,51992,0.295861618649255,4852,3,True,1,1.2939626473435226
51993,51993,0.295784720739928,4853,3,True,1,1.2930982255174197
51994,51994,0.295722925336586,4854,3,True,1,1.292026311491772
51995,51995,0.295695797722841,4855,3,True,1,1.2913623732177963
51996,51996,0.307920065978066,4856,3,True,1,1.248583767847218
52010,52010,0.528830310559673,4857,0,False,1,1.4233676871337504
52011,52011,0.531640385676019,4858,0,False,1,1.424141881781757
52012,52012,0.544646175531933,4859,0,False,1,1.4144645848572088
52013,52013,0.603310406445639,4860,0,False,2,1.5020493790607663
52014,52014,0.600960727233888,4861,0,False,2,1.3910774257608054
52015,52015,0.60352123331532,4862,0,False,2,1.3853789106095875
52016,52016,0.602957950623393,4863,0,False,2,1.3673113754325286
52069,52069,0.275935269504163,4864,0,False,1,0.9669857147251685
52135,52135,0.34773548328907,4865,1,True,1,1.0752877495906148
52136,52136,0.301269642686953,4866,1,True,1,1.1517719497114205
52209,52209,0.406030635969425,4867,3,True,1,1.394694079582689
52210,52210,0.41283437092553,4868,3,True,1,1.4624042685406102
52211,52211,0.417327758273758,4869,3,True,1,1.5048866860908405
52212,52212,0.335513817699233,4870,3,True,1,0.9351774973790085
52213,52213,0.322097712668688,4871,3,True,1,0.897658757586531
52214,52214,0.325834794632168,4872,3,True,1,0.8901777713778068
52215,52215,0.302874872515187,4873,3,True,1,0.8752146468418784
52252,52252,0.267141526141838,4874,0,False,1,1.0256682824727232
52253,52253,0.267119264512477,4875,0,False,1,1.0259561920917522
52264,52264,0.317617403072409,4876,0,False,1,0.8933729401791601
52265,52265,0.330200370158842,4877,0,False,1,0.9552644294771796
52266,52266,0.404766254540237,4878,0,False,1,0.8010053340879087
52274,52274,0.514326090921637,4879,0,False,1,1.453532037547291
52275,52275,0.503779677357578,4880,0,False,1,1.4790509611962157
52276,52276,0.396588828705409,4881,0,False,1,1.0536613796058694
52277,52277,0.397119105180687,4882,0,False,1,1.0490045835887207
52281,52281,0.737649861792078,4883,0,False,2,1.6972795701082422
52282,52282,0.738625735531599,4884,0,False,2,1.690281542108705
52283,52283,0.739673453075,4885,0,False,2,1.6691793191931557
52284,52284,0.739915951512376,4886,0,False,2,1.6636883227856705
52285,52285,0.74011368747015,4887,0,False,2,1.661376562641402
52286,52286,0.740325476429051,4888,0,False,2,1.6584112312655643
52287,52287,0.767969424031127,4889,0,False,2,2.4470839473286743
52288,52288,0.770498222170017,4890,0,False,2,2.5910514286792248
52447,52447,0.385233737587984,4891,1,True,1,1.044929221971153
52448,52448,0.382316106242077,4892,1,True,1,1.0360333586607406
52491,52491,0.77013399362243,4893,0,False,2,1.9241294521416048
52525,52525,0.936147336579983,4894,0,False,3,1.2339215261209693
52558,52558,0.477852542095423,4895,0,False,2,1.565978613593816
52559,52559,0.478261637873139,4896,0,False,2,1.568772892382809
52560,52560,0.481213518925431,4897,0,False,2,1.5554901684654596
52561,52561,0.487486710356731,4898,0,False,2,1.5412409370808964
52562,52562,0.508373711177512,4899,0,False,2,1.394330898432765
52563,52563,0.925818589478894,4900,0,False,3,1.2498882689802582
52564,52564,0.92526763282598,4901,0,False,3,1.2515012181776075
52568,52568,0.708054179180498,4902,0,False,2,4.483052141076719
52569,52569,0.703232260142832,4903,0,False,2,4.49126648145387
52570,52570,0.679422785867442,4904,0,False,2,4.498920956828566
52590,52590,0.690512679324793,4905,1,True,3,1.7490110363025233
52591,52591,0.390678863752695,4906,2,True,1,3.3534803143224576
52790,52790,0.287475663021908,4907,0,False,2,1.6115687711217772
52858,52858,0.529986364901061,4908,2,True,1,0.9354608089787289
53025,53025,0.328806013818965,4909,0,False,2,1.5039478272871256
53026,53026,0.301553023543647,4910,0,False,2,1.389209553372253
53027,53027,0.30680293510184,4911,0,False,2,1.3621668858287186
53065,53065,0.36330573119792,4912,2,True,1,2.0596923984022397
53066,53066,0.363232292911477,4913,2,True,1,2.051503079025625
53067,53067,0.363077821301661,4914,2,True,1,2.0344103768335144
53068,53068,0.361649163541458,4915,2,True,1,2.02877954152252
53069,53069,0.352878661038642,4916,2,True,1,2.041809157142291
53070,53070,0.340866455809647,4917,2,True,1,2.056514763963963
53071,53071,0.292561216985105,4918,3,True,1,0.9958089120842356
53072,53072,0.291245459919148,4919,3,True,1,0.988424843458179
53073,53073,0.290350007531258,4920,3,True,1,0.9836918147776024
53075,53075,0.336987876367693,4921,3,True,1,1.516646060135852
53076,53076,0.306880919786997,4922,3,True,1,1.0336451217541687
53077,53077,0.311031011487842,4923,3,True,1,1.1084751436708666
53078,53078,0.327744188014588,4924,3,True,1,1.1017296106164023
53085,53085,0.513674021426789,4925,2,True,1,1.403211688744428
53086,53086,0.556941601104659,4926,2,True,1,0.996968279745659
53087,53087,0.561134851409887,4927,2,True,1,0.9651396950158706
53088,53088,0.568413729661101,4928,2,True,1,0.9739793739392754
53089,53089,0.56888980033565,4929,2,True,1,0.9726008976089694
53090,53090,0.571438029737583,4930,2,True,1,0.9777991374240697
53091,53091,0.272432956162342,4931,0,False,2,1.3600691618619543
53124,53124,0.463524614298805,4932,0,False,2,4.6476471182433245
53125,53125,0.454955840150639,4933,0,False,2,4.6246018334595504
53157,53157,0.253491409156373,4934,1,True,1,0.9145197296460056
53158,53158,0.252583075772796,4935,1,True,1,0.9142296072054311
53266,53266,0.393583745084479,4936,2,True,2,1.3538520668599774
53267,53267,0.394264049899581,4937,2,True,2,1.356209832842207
53268,53268,0.394362396282964,4938,2,True,2,1.355919430741527
53269,53269,0.393901511294758,4939,2,True,2,1.3532553642451641
53302,53302,0.316110153611401,4940,0,False,2,1.2384769712144004
53303,53303,0.315094650895563,4941,0,False,2,1.2419109154173622
53304,53304,0.312248613127194,4942,0,False,2,1.2528138680977166
53307,53307,0.287396477414276,4943,1,True,1,3.414449998157063
53362,53362,0.327091872167192,4944,2,True,1,1.382559994605807
53363,53363,0.391768740572875,4945,2,True,1,0.9266269750872815
53364,53364,0.387998412792935,4946,2,True,1,0.9328680480017415
53365,53365,0.394660397735935,4947,2,True,1,0.9426048082264756
53366,53366,0.418260315171365,4948,2,True,1,0.9393207752356517
53367,53367,0.428840257472697,4949,2,True,1,1.0724079315045159
53370,53370,0.335560896068202,4950,2,True,1,1.3427904414594676
53453,53453,0.276560174152696,4951,3,True,2,1.638986804709887
53454,53454,0.310347116701532,4952,3,True,2,1.6596919692519498
53455,53455,0.583333333333333,4953,3,True,3,2.9707691206792473
53456,53456,0.583333333333333,4954,3,True,3,2.9713805341302812
53457,53457,0.333333333333333,4955,4,True,1,3.901803392274079
53546,53546,0.265668626277661,4956,3,True,1,0.9781380554492701
53547,53547,0.265568398850561,4957,3,True,1,0.9795700264796399
53548,53548,0.265515104430575,4958,3,True,1,0.9801923105088373
53549,53549,0.265493330691183,4959,3,True,1,0.9811483286022021
53550,53550,0.265468647451067,4960,3,True,1,0.982559619202084
53551,53551,0.265355386581919,4961,3,True,1,0.9829297150191949
53552,53552,0.265223132391027,4962,3,True,1,0.9828872919890848
53554,53554,0.363534742516249,4963,0,False,1,0.46940440542408873
53555,53555,0.414438650278882,4964,0,False,1,1.052973172513818
53556,53556,0.441644301200379,4965,0,False,2,1.167516397892593
53563,53563,0.278298953458528,4966,0,False,1,1.4285550630716113
53564,53564,0.279509101183936,4967,0,False,1,1.4581744373108727
53641,53641,0.426772112489006,4968,0,False,2,1.0321825293437816
53655,53655,0.58674967224143,4969,0,False,2,3.3064204715562524
53656,53656,0.561576901827781,4970,0,False,2,3.2239208768046472
53899,53899,0.474909633094484,4971,0,False,1,1.498919201098514
53949,53949,0.315226584004996,4972,0,False,1,1.3130030481607167
54091,54091,0.421315019507753,4973,2,True,1,0.892831264264215
54092,54092,0.420564200534916,4974,2,True,1,0.9073593631587498
54093,54093,0.415325613094896,4975,2,True,1,0.9403680066153633
54094,54094,0.41526839473963,4976,2,True,1,0.942212693349817
54095,54095,0.415055063690343,4977,2,True,1,0.9467510268867501
54096,54096,0.405623178224534,4978,2,True,1,1.5514478136460903
54100,54100,0.279181405016229,4979,3,True,1,1.1068960168708288
54101,54101,0.28703153221935,4980,3,True,1,1.1810261610509865
54102,54102,0.292338043908319,4981,3,True,1,1.2384636878828694
54103,54103,0.297162076328248,4982,3,True,1,1.2890222291031064
54104,54104,0.302032841673696,4983,3,True,1,1.3457772301496742
54105,54105,0.309964133194584,4984,3,True,1,1.4335365506257196
54106,54106,0.314517210251444,4985,3,True,1,1.4659688168207503
54107,54107,0.316788958866722,4986,3,True,1,1.4704708836463127
54108,54108,0.301255128985549,4987,3,True,1,1.4348729214803595
54109,54109,0.315062183050313,4988,3,True,1,1.3832345321453448
54110,54110,0.315007819585544,4989,3,True,1,1.3705880105703008
54111,54111,0.315123281004359,4990,3,True,1,1.3642554730700287
54112,54112,0.315044033379669,4991,3,True,1,1.3523975781973405
54113,54113,0.315504929346324,4992,3,True,1,1.349548565010117
54114,54114,0.31352948844639,4993,3,True,1,1.3328452771938917
54115,54115,0.3219900261478,4994,3,True,1,1.3086164293712084
54116,54116,0.322028201694907,4995,3,True,1,1.3050271305039858
54117,54117,0.32206518804552,4996,3,True,1,1.303813836635725
54118,54118,0.322130096249623,4997,3,True,1,1.3016895225385787
54119,54119,0.322218688803474,4998,3,True,1,1.2982320001397791
54120,54120,0.329840664889325,4999,3,True,1,1.2824690666200769
54121,54121,0.657728187367361,5000,2,True,2,1.5360573127811126
54122,54122,0.655198059591841,5001,2,True,2,1.5552843707675275
54123,54123,0.532956046672868,5002,2,True,1,0.9435414374585162
54124,54124,0.526671820371782,5003,2,True,1,0.9282878886544316
54125,54125,0.399342567029578,5004,3,True,1,2.0971436832852017
54157,54157,0.464459252305541,5005,0,False,2,1.4624834630348162
54158,54158,0.936112015257363,5006,0,False,3,1.3785007946151386
54159,54159,0.950489578292457,5007,0,False,3,1.3805591675419606
54160,54160,0.951445610378511,5008,0,False,3,1.368021528689773
54338,54338,0.512819868161939,5009,0,False,2,1.3304129724149636
54466,54466,0.416666666666667,5010,4,True,2,2.958605974580057
54511,54511,0.328111359881141,5011,0,False,2,1.3422584644210493
54512,54512,0.328388458153882,5012,0,False,2,1.3407902014429816
54513,54513,0.329174991913204,5013,0,False,2,1.332514182659586
54655,54655,0.418140611797856,5014,3,True,1,1.5089466799954279
54674,54674,0.376701033544052,5015,3,True,1,1.203716409183127
54675,54675,0.627175532590896,5016,2,True,2,1.5843221499315936
54676,54676,0.429829646871042,5017,2,True,1,1.4899514039320771
54681,54681,0.491076056182908,5018,0,False,1,1.0725789688906595
54682,54682,0.489791926357424,5019,0,False,1,1.0802979669383086
54683,54683,0.490618515437953,5020,0,False,1,1.0948388367366444
54684,54684,0.487877825671891,5021,0,False,1,1.108919122256943
54685,54685,0.489023265904102,5022,0,False,1,1.117269867553069
54686,54686,0.492389238345208,5023,0,False,1,1.1226706529683024
54687,54687,0.494392549034568,5024,0,False,1,1.1201302081742122
54688,54688,0.490131892430432,5025,0,False,1,1.0479174760196823
54689,54689,0.340573339761318,5026,1,True,1,2.092811435094286
54692,54692,0.478816289058568,5027,3,True,1,2.2443522051183002
54734,54734,0.626504928918618,5028,0,False,2,1.4277227429974333
54735,54735,0.627896670901439,5029,0,False,2,1.4150028091603806
54752,54752,0.515252570088418,5030,0,False,1,0.876113093021165
54753,54753,0.514850631493075,5031,0,False,1,0.8756212340713899
54754,54754,0.398424818163805,5032,1,True,1,2.09349978446373
54773,54773,0.571858762442364,5033,0,False,1,1.0396654551971238
54774,54774,0.566272412319093,5034,0,False,1,1.0295246501394055
54775,54775,0.566241692657639,5035,0,False,1,1.0317912227585737
54776,54776,0.564108390867844,5036,0,False,1,1.028953025297164
54777,54777,0.410487554279182,5037,1,True,1,2.1047792532264564
54778,54778,0.416510063091029,5038,1,True,1,2.1124222464118008
54779,54779,0.564150633387528,5039,0,False,1,1.0330618228849537
54780,54780,0.569253042507527,5040,0,False,1,1.039058058544636
55044,55044,0.673651127383248,5041,2,True,2,1.603295658769464
55045,55045,0.641801472160557,5042,2,True,1,1.3354955917037592
55046,55046,0.644305237701247,5043,2,True,1,1.3769662756704821
55047,55047,0.644714677166956,5044,2,True,1,1.384991976892894
55072,55072,0.25492454856656,5045,1,True,1,1.3079785771174386
55073,55073,0.294913108200796,5046,1,True,1,1.2279229418496864
55074,55074,0.280590634223649,5047,1,True,1,1.708152866671501
55075,55075,0.284749549088766,5048,1,True,1,1.7021327333417455
55126,55126,0.429311885758265,5049,0,False,1,0.7293686700554239
55127,55127,0.434315989874109,5050,0,False,1,0.7896606770721019
55128,55128,0.449282094672794,5051,0,False,1,0.9766573214858943
55129,55129,0.459970044415092,5052,0,False,1,1.2829098719700318
55130,55130,0.34412049367526,5053,0,False,1,0.9390816355101612
55131,55131,0.361857801336718,5054,0,False,1,0.6171075424981518
55230,55230,0.30743276676054,5055,0,False,1,1.445485620633634
55241,55241,0.357938127537792,5056,0,False,1,0.3794825152674427
55242,55242,0.352337152197577,5057,0,False,1,0.548085475694292
55490,55490,0.58956884320816,5058,0,False,1,1.0319925864964714
55555,55555,0.331529563807126,5059,2,True,1,1.5423509737079357
55593,55593,0.332680499457439,5060,0,False,2,1.2420057881584112
55594,55594,0.325947029372551,5061,0,False,2,1.2667735606147998
55595,55595,0.409387418604005,5062,0,False,2,1.127696889425781
55596,55596,0.411782345516512,5063,0,False,2,1.1853191149647975
55597,55597,0.413224387000986,5064,0,False,2,1.213203239354046
55598,55598,0.416589095555678,5065,0,False,2,1.213528573884435
55599,55599,0.416832158512347,5066,0,False,2,1.2157899930928808
55661,55661,0.252949055455578,5067,1,True,1,1.5399212817181411
55666,55666,0.933327100141305,5068,0,False,3,1.256204853165259
55667,55667,0.931874523503595,5069,0,False,3,1.254500042165801
55668,55668,0.941958363594098,5070,0,False,3,1.2479178064788183
55823,55823,0.433174025859548,5071,0,False,1,1.30825822340158
56003,56003,0.27016272274034,5072,1,True,1,1.4915413348004307
56323,56323,0.255056504989414,5073,0,False,2,1.4403136254515596
56330,56330,0.375292458700107,5074,1,True,1,1.1450182660860668
56331,56331,0.379110129023705,5075,1,True,1,1.1532188587294099
56332,56332,0.377200584154452,5076,1,True,1,1.157055211091326
56333,56333,0.381364293333838,5077,1,True,1,1.166768496251797
56340,56340,0.402397434075791,5078,3,True,1,1.273964517516057
56341,56341,0.402235450873877,5079,3,True,1,1.2738236184572456
56342,56342,0.401757231486499,5080,3,True,1,1.2755065589472778
56343,56343,0.266001979733035,5081,4,True,1,2.1238055347666114
56352,56352,0.583264525295673,5082,3,True,2,1.6843249618097182
56353,56353,0.583219977887882,5083,3,True,2,1.694469476361029
56354,56354,0.333333333333333,5084,4,True,1,2.299238125459992
56355,56355,0.400189759613921,5085,3,True,1,1.1427141441230177
56356,56356,0.394939056707314,5086,3,True,1,1.1302513454253154
56357,56357,0.260677004772561,5087,4,True,1,2.1166785527480725
56358,56358,0.28753899863595,5088,0,False,2,1.2239096363639845
56359,56359,0.944396264885344,5089,0,False,3,1.387223819594529
56371,56371,0.340377620386754,5090,0,False,2,2.4026955375515513
56375,56375,0.545819995906196,5091,0,False,1,1.0675356175923785
56376,56376,0.39887443808488,5092,0,False,1,0.5745565742318288
56377,56377,0.387119008492234,5093,0,False,1,0.6124279333805167
56378,56378,0.282593099915793,5094,1,True,1,1.9381785514164562
56379,56379,0.397343517669459,5095,0,False,1,0.5672061426388263
56386,56386,0.337181931560579,5096,0,False,2,2.6126619368055373
56387,56387,0.32911649571834,5097,0,False,2,2.469136194885574
56388,56388,0.324703759135829,5098,0,False,2,2.4682430830255346
56389,56389,0.450948144506201,5099,0,False,2,0.9270468986062531
56390,56390,0.45048256511757,5100,0,False,2,0.8252590589405729
56391,56391,0.458631467858458,5101,0,False,2,1.5325224754874816
56413,56413,0.931386783788166,5102,0,False,3,1.4590549835574067
56414,56414,0.931386783788166,5103,0,False,3,1.4618134774540805
56415,56415,0.931386783788166,5104,0,False,3,1.4618515075685294
56416,56416,0.925837060081648,5105,0,False,3,1.461405761321037
56417,56417,0.622400780312194,5106,0,False,2,1.5163490663472898
56630,56630,0.349965125315315,5107,0,False,2,1.42829858381811
56631,56631,0.349314633022891,5108,0,False,2,1.4572624447864178
56651,56651,0.457351493251542,5109,0,False,2,1.228774198215515
56727,56727,0.518618559051711,5110,0,False,2,3.068696391763621
56728,56728,0.57045979613394,5111,0,False,2,3.310152564493559
56936,56936,0.561865469831543,5112,0,False,2,1.314561612851985
56937,56937,0.553548839280205,5113,0,False,2,1.2921467252232202
56938,56938,0.547250977504079,5114,0,False,2,1.2928035709451886
57028,57028,0.390225740606736,5115,1,True,1,2.088496712105575
57200,57200,0.931450633507373,5116,0,False,3,1.2380393768637439
57201,57201,0.934289956171412,5117,0,False,3,1.2307379750441976
57202,57202,0.933809992400281,5118,0,False,3,1.393516375521001
57203,57203,0.937003596923229,5119,0,False,3,1.3948406450946669
57214,57214,0.37037740894353,5120,3,True,1,1.0651676280251154
57246,57246,0.396200533224697,5121,0,False,1,0.8946111637414838
57247,57247,0.407132319389986,5122,0,False,1,0.964043286378974
57248,57248,0.382971815047471,5123,0,False,1,0.8037552993910247
57249,57249,0.384669546693849,5124,0,False,1,0.7625467069596683
57250,57250,0.382794373327062,5125,0,False,1,0.7539291513355433
57251,57251,0.382428889749458,5126,0,False,1,0.745050682751764
57252,57252,0.383248593690538,5127,0,False,1,0.7395387920019137
57253,57253,0.379855545308671,5128,0,False,1,0.7419290082290761
57254,57254,0.381124063743144,5129,0,False,1,0.6624337103240683
57255,57255,0.383499560523176,5130,0,False,1,0.6441649262282015
57262,57262,0.428384784072949,5131,0,False,2,0.9650178378040638
57626,57626,0.313047087531338,5132,0,False,2,1.5117577859498894
57678,57678,0.376844992439385,5133,2,True,1,1.0876802424983822
57693,57693,0.501443339592725,5134,0,False,1,0.9736261760452154
57694,57694,0.491002833309797,5135,0,False,1,0.9661761986247291
57695,57695,0.482600026621427,5136,0,False,1,0.9724044767470372
57696,57696,0.483052118912379,5137,0,False,1,0.996541802409326
57697,57697,0.47660598150401,5138,0,False,1,1.03144877015733
57698,57698,0.334265991822594,5139,1,True,2,1.4529913939255352
57699,57699,0.332006967840941,5140,1,True,1,0.9548596047887231
57717,57717,0.25607375467604,5141,0,False,2,1.5931426264300987
57718,57718,0.255888328419099,5142,0,False,2,1.6054821440152742
57737,57737,0.378496480444715,5143,0,False,2,2.0559904928129984
57738,57738,0.373362995297787,5144,0,False,2,2.025516402157706
57739,57739,0.369662874054328,5145,0,False,2,1.9365167943784491
57740,57740,0.432754211527427,5146,0,False,2,1.8748301614422365
57779,57779,0.513366108632835,5147,0,False,2,1.335197030186258
57780,57780,0.504917689932344,5148,0,False,2,1.3463158731361207
57795,57795,0.435117601954715,5149,2,True,1,1.4166314550866514
57796,57796,0.434223067388656,5150,2,True,1,1.4104942034376358
57797,57797,0.43347723480344,5151,2,True,1,1.4062522837490299
57798,57798,0.432641397358531,5152,2,True,1,1.400969190740654
57799,57799,0.42772463090459,5153,2,True,1,1.375715438109227
57800,57800,0.423124411030582,5154,2,True,1,1.343260749385674
57801,57801,0.422481451218502,5155,2,True,1,1.3393556564524274
57885,57885,0.43395800048873,5156,0,False,1,0.8779129195188318
57886,57886,0.424617077341795,5157,0,False,1,0.8077240129965146
57887,57887,0.380325612758558,5158,0,False,1,0.37495606453908803
57888,57888,0.368679918810295,5159,0,False,1,0.5110444302428703
57889,57889,0.437092288162177,5160,0,False,1,0.9111612927817156
57904,57904,0.700852959115497,5161,0,False,2,2.0238389825193646
57905,57905,0.696207407509001,5162,0,False,2,2.0386628425400475
57906,57906,0.650800197658768,5163,0,False,2,2.0064154465457533
57907,57907,0.651467344939441,5164,0,False,2,2.0060964409966546
57908,57908,0.630355275178607,5165,0,False,2,1.9915002775430615
57944,57944,0.273654296177904,5166,2,True,1,1.31411402685131
58029,58029,0.66652190799526,5167,1,True,3,3.92688085292436
58036,58036,0.934404740666401,5168,0,False,3,1.46254667849096
58037,58037,0.653457813456102,5169,0,False,2,1.4833869752288757
58038,58038,0.6090891695328,5170,0,False,1,1.33688672798422
58041,58041,0.369351429017946,5171,3,True,1,2.098971260356071
58101,58101,0.571519115725384,5172,2,True,1,1.0263264769437308
58102,58102,0.569105923591413,5173,2,True,1,1.0173224688481277
58103,58103,0.568257257403944,5174,2,True,1,1.0155115345786614
58104,58104,0.566832941605186,5175,2,True,1,1.0150953764952237
58105,58105,0.494905337494367,5176,2,True,1,1.4225774954037727
58106,58106,0.48788591657155,5177,2,True,1,1.87607434754233
58115,58115,0.491694080321907,5178,0,False,2,2.4592630612147155
58116,58116,0.454515204879154,5179,0,False,2,4.621482829303251
58117,58117,0.442372916985818,5180,0,False,2,3.7849559056696718
58121,58121,0.641204979242532,5181,0,False,2,1.4497256629687523
58131,58131,0.949295168391602,5182,0,False,3,1.3894001793772517
58132,58132,0.941408900749222,5183,0,False,3,1.3965002583377837
58163,58163,0.368114003507854,5184,0,False,1,1.6917494256446493
58164,58164,0.35275393359499,5185,0,False,1,1.8416721325308885
58165,58165,0.35297550772753,5186,0,False,1,1.8383294628278768
58166,58166,0.392718316368144,5187,0,False,1,1.681685912906397
58501,58501,0.387932903524503,5188,1,True,1,2.0853194967191757
58502,58502,0.534042855083548,5189,0,False,1,1.0823583166763298
58504,58504,0.36736110597278,5190,1,True,1,2.0773609411265785
58505,58505,0.503339783174707,5191,0,False,1,0.9812506636973425
58506,58506,0.495231336099854,5192,0,False,1,0.9720931456527181
58530,58530,0.305555555555556,5193,3,True,2,1.7131515628315106
58531,58531,0.333333333333333,5194,4,True,1,3.901803392274079
58552,58552,0.854772365814276,5195,0,False,3,1.3136486798078384
58553,58553,0.854872699135424,5196,0,False,3,1.3135236582297276
58554,58554,0.854872699135424,5197,0,False,3,1.3137196880492843
58580,58580,0.584070232634988,5198,2,True,2,1.476671523014602
58632,58632,0.589390467229601,5199,0,False,2,3.127688759844727
58672,58672,0.476045165760883,5200,3,True,1,2.2357095994681284
58693,58693,0.615556422672619,5201,0,False,2,1.1438293821386194
58694,58694,0.610642341579553,5202,0,False,2,1.1473493733651008
58695,58695,0.389236206398758,5203,1,True,1,2.174676903633449
58703,58703,0.466094385070369,5204,0,False,2,1.3013942927784092
58837,58837,0.412301608386661,5205,2,True,2,1.1048325731560649
58838,58838,0.412128570774143,5206,2,True,2,1.104761740350106
58854,58854,0.315020906140507,5207,0,False,1,1.312106797929799
58855,58855,0.355309176118947,5208,0,False,1,1.324087248426265
58914,58914,0.645026283440337,5209,0,False,2,1.6169172482770808
58915,58915,0.623782222570028,5210,0,False,2,1.5042451729871746
58998,58998,0.465369011596829,5211,3,True,1,1.2099506324771827
58999,58999,0.909364407632423,5212,0,False,3,1.3176390103366644
59000,59000,0.665202249074632,5213,1,True,3,3.92688085292436
59001,59001,0.581735477032362,5214,3,True,2,1.6983583664227249
59002,59002,0.333333333333333,5215,4,True,1,2.299238125459992
59003,59003,0.424154284690088,5216,2,True,1,1.0279654844599089
59025,59025,0.37893111623817,5217,1,True,1,1.1317087271659092
59030,59030,0.355445267105001,5218,0,False,1,0.46738459701574614
59031,59031,0.296588242682729,5219,0,False,1,1.0348138829502909
59032,59032,0.27720010878624,5220,1,True,1,2.1588267937868357
59059,59059,0.5664808683059,5221,0,False,1,0.9808651693637724
59060,59060,0.561205102378262,5222,0,False,1,0.9932278593644672
59061,59061,0.547534567378979,5223,0,False,1,0.9699166171196251
59062,59062,0.542681989487192,5224,0,False,1,0.9710074330441092
59063,59063,0.541174751073603,5225,0,False,1,0.9785028658372543
59064,59064,0.399284292560493,5226,1,True,1,2.094146963001533
59245,59245,0.327402641217619,5227,0,False,1,1.0085121086322917
59246,59246,0.326905235093826,5228,0,False,1,1.0049318211364286
59265,59265,0.502021733113075,5229,2,True,1,0.8579636760813502
59266,59266,0.498273001916677,5230,2,True,1,0.8608729986277809
59267,59267,0.48972508936058,5231,2,True,1,0.8732606267070465
59268,59268,0.489700115642232,5232,2,True,1,0.873258230848047
59317,59317,0.472142709312144,5233,3,True,2,1.2140969011205502
59397,59397,0.940620634026938,5234,0,False,3,1.2628399449344074
59555,59555,0.284299821421697,5235,0,False,2,1.4549123636646972
59556,59556,0.252902477404776,5236,0,False,1,1.1903838510376858
59745,59745,0.75,5237,2,True,3,2.816481257045932
59746,59746,0.75,5238,2,True,3,2.8172067414465127
59747,59747,0.75,5239,2,True,3,2.8174844035666005
59748,59748,0.75,5240,2,True,3,2.8171421954187874
59749,59749,0.75,5241,2,True,3,2.816154724514261
59823,59823,0.4168252608376,5242,3,True,1,1.1797882125940997
59824,59824,0.416370761403472,5243,3,True,1,1.1799738464294154
59825,59825,0.416137770433861,5244,3,True,1,1.1797302460685928
59826,59826,0.275666823747532,5245,4,True,1,2.141879315913743
59828,59828,0.481779733766416,5246,0,False,1,0.8824825501099159
59829,59829,0.364183233901209,5247,0,False,1,2.07747023594607
59953,59953,0.348224580700823,5248,3,True,1,1.0426973261633568
59954,59954,0.346597563422164,5249,3,True,1,1.061776811185987
59955,59955,0.306974932164539,5250,3,True,1,1.0596871810256268
59956,59956,0.306961744518623,5251,3,True,1,1.06133690838979
59979,59979,0.300463950306003,5252,0,False,2,1.1164305420840066
60000,60000,0.327555646398211,5253,3,True,2,1.3723643908743077
60001,60001,0.319407719530258,5254,3,True,2,1.3588370844650763
60002,60002,0.308147607886042,5255,3,True,2,1.3516126463414604
60190,60190,0.256531820674667,5256,1,True,1,1.9314103118412471
60191,60191,0.318413385463458,5257,0,False,1,0.613524964930613
60192,60192,0.274534731008183,5258,0,False,1,1.1773906052806482
60201,60201,0.765488789318052,5259,1,True,3,1.577969701039932
60560,60560,0.76927371681265,5260,0,False,2,2.860198286559109
60649,60649,0.390594159013411,5261,1,True,1,1.3889877422185117
60650,60650,0.30722748726782,5262,0,False,1,1.5947674596448085
60651,60651,0.318982593011229,5263,0,False,1,1.6214888434095673
60652,60652,0.352717785525142,5264,0,False,1,1.4698516786979192
60653,60653,0.352752843997472,5265,0,False,1,1.3870615178035501
60654,60654,0.356536082906512,5266,1,True,1,1.3572653825883338
60710,60710,0.529577030929898,5267,0,False,2,1.0792214338219535
60711,60711,0.910688575689125,5268,0,False,3,1.4938346837416154
60712,60712,0.650008513305499,5269,0,False,2,1.301170932034844
60713,60713,0.655560089482593,5270,0,False,2,1.29647677821957
60714,60714,0.674286091096114,5271,0,False,2,1.238471732128829
60715,60715,0.68542645863276,5272,0,False,2,1.2537232872779935
60716,60716,0.930303405167812,5273,0,False,3,1.538420395911936
60717,60717,0.927344817250583,5274,0,False,3,1.5978402069991473
60745,60745,0.928230813177891,5275,0,False,3,1.42152254971034
60746,60746,0.922774845637681,5276,0,False,3,1.42431323862001
60747,60747,0.922433780991093,5277,0,False,3,1.432697221559524
60748,60748,0.922191545384077,5278,0,False,3,1.4365112981238202
60749,60749,0.922191545384077,5279,0,False,3,1.441004058891972
60750,60750,0.916741410130444,5280,0,False,3,1.4705315359222777
60751,60751,0.65556721520487,5281,1,True,3,3.92688085292436
60761,60761,0.251693844961303,5282,0,False,1,0.8837946954515018
60762,60762,0.251645861313761,5283,0,False,1,0.8951644671490705
60763,60763,0.271813458858539,5284,0,False,1,0.9192302658315328
60764,60764,0.273901157673228,5285,0,False,1,0.9280508042077105
60765,60765,0.275117909197662,5286,0,False,1,1.1461192775244402
60823,60823,0.442645056782309,5287,1,True,2,1.452940810858232
60825,60825,0.533029311826389,5288,0,False,2,1.477939980213121
60826,60826,0.487425215106614,5289,0,False,1,1.6148694317567531
60827,60827,0.503552890318367,5290,0,False,2,1.3637852050454164
60834,60834,0.652302525176752,5291,0,False,2,1.3041055894712985
60835,60835,0.637441677614253,5292,0,False,2,1.1882138025834792
60862,60862,0.509948609435251,5293,0,False,1,0.897583192026588
60863,60863,0.514290638827539,5294,0,False,1,0.9035822484847658
60864,60864,0.514188664217504,5295,0,False,1,0.9038630851630254
60865,60865,0.51411487270929,5296,0,False,1,0.9043173658201272
60866,60866,0.512811500225394,5297,0,False,1,0.9054188152400036
60867,60867,0.508359817372055,5298,0,False,1,0.9051977688193761
60889,60889,0.476137060522088,5299,0,False,1,0.980640752323599
60890,60890,0.476015153988887,5300,0,False,1,0.9821834699653048
60891,60891,0.459827729894887,5301,0,False,1,1.0066749376925157
60912,60912,0.416666666666667,5302,4,True,2,2.952042635290615
61142,61142,0.417298109502536,5303,0,False,1,2.113189046266221
61188,61188,0.271555780385782,5304,3,True,1,1.0734719212245851
61189,61189,0.275624301134803,5305,3,True,1,1.057207749756752
61199,61199,0.582176359601235,5306,0,False,2,3.1336906780500997
61200,61200,0.592928882449287,5307,0,False,2,4.727053352973379
61208,61208,0.509375803143338,5308,0,False,1,0.842690224592174
61209,61209,0.524759331911106,5309,0,False,1,0.8662252432452542
61210,61210,0.526636748354546,5310,0,False,1,0.8679738701363421
61211,61211,0.527853962502311,5311,0,False,1,0.8699453752302095
61328,61328,0.485397632066479,5312,0,False,1,1.0057433346793256
61329,61329,0.445288142155643,5313,0,False,1,1.0505044722395445
61413,61413,0.315283602953194,5314,1,True,1,1.0955587174958168
61421,61421,0.32654448551828,5315,0,False,1,0.8935270392209856
61422,61422,0.478090992940528,5316,0,False,2,1.3198582112246446
61424,61424,0.342752392327796,5317,1,True,1,1.177821676208728
61765,61765,0.599979365178183,5318,2,True,3,2.281983266156747
61766,61766,0.599979365178183,5319,2,True,3,2.283327625808136
61767,61767,0.599979365178183,5320,2,True,3,2.2876353566140404
61768,61768,0.599979365178183,5321,2,True,3,2.2907844523957626
61769,61769,0.583333333333333,5322,3,True,3,2.96827478415703
61770,61770,0.583333333333333,5323,3,True,3,2.969650103943156
61933,61933,0.451813289516915,5324,0,False,1,1.1565360610483202
61934,61934,0.421863687244207,5325,0,False,1,0.8989083116273872
61935,61935,0.425039277509443,5326,0,False,1,0.8708323188973012
61936,61936,0.362256691772737,5327,0,False,1,0.4871332949094137
61937,61937,0.311993215622511,5328,0,False,1,1.5144326177523617
61950,61950,0.326119060524162,5329,0,False,1,1.5623720813827997
61951,61951,0.354827401368958,5330,0,False,1,1.1639184565352263
61958,61958,0.262912669065724,5331,3,True,1,1.1220788088899258
61959,61959,0.329201091886486,5332,3,True,1,0.9224095442066743
61960,61960,0.35608344061008,5333,3,True,1,1.0011149096542857
61961,61961,0.350695977468803,5334,3,True,1,0.9842855916399467
61962,61962,0.343160477659068,5335,3,True,1,0.9551274703712295
61963,61963,0.329596607171062,5336,3,True,1,0.9223154412281847
62176,62176,0.265048700049855,5337,1,True,1,1.394780521206473
62177,62177,0.261747429877699,5338,1,True,1,1.389499004306694
62178,62178,0.267607764988577,5339,1,True,1,1.3680824821197453
62194,62194,0.252941706179216,5340,1,True,1,1.672145792663867
62195,62195,0.26813333686837,5341,1,True,2,1.6806480186823836
62196,62196,0.601562770382295,5342,0,False,2,1.3162347003369452
62197,62197,0.602231160704913,5343,0,False,2,1.3253373517612785
62198,62198,0.603620101904033,5344,0,False,2,1.3309459533617154
62199,62199,0.613887598467801,5345,0,False,2,1.3504087446248583
62200,62200,0.623106877472811,5346,0,False,2,1.3633212184853634
62201,62201,0.643660428015358,5347,0,False,2,1.325585448846149
62202,62202,0.661118251376012,5348,0,False,2,1.4824462176610853
62203,62203,0.423264187355449,5349,0,False,1,1.5107687446790674
62204,62204,0.436371773971737,5350,0,False,1,1.4978814069914734
62205,62205,0.445050392901906,5351,0,False,1,1.4942376199992387
62206,62206,0.457717278184096,5352,0,False,1,1.4799255743472757
62207,62207,0.380750376629332,5353,0,False,1,1.867147131128139
62208,62208,0.391735027324439,5354,0,False,1,1.8609440919744136
62209,62209,0.400774372476543,5355,0,False,1,1.8545391668317437
62210,62210,0.415708032634345,5356,0,False,1,1.8505732998113278
62211,62211,0.416631530403383,5357,0,False,1,1.8564220704356686
62212,62212,0.581516957880145,5358,0,False,2,3.92765217335334
62213,62213,0.550518092240474,5359,0,False,2,3.721635325998695
62214,62214,0.509936791463624,5360,0,False,2,3.3060087912018394
62215,62215,0.501271627345436,5361,0,False,2,3.3240773375764374
62216,62216,0.463962609858261,5362,0,False,2,3.499134498065622
62217,62217,0.38577874680183,5363,0,False,2,1.552366006677244
62218,62218,0.382666746529179,5364,0,False,2,1.5531713862714105
62352,62352,0.564022698053668,5365,0,False,2,1.1550290404498529
62353,62353,0.589842699010965,5366,0,False,2,1.1782627053973393
62391,62391,0.388385572716389,5367,1,True,1,1.0550831707538357
62392,62392,0.38988029514734,5368,1,True,1,1.0565122493813204
62393,62393,0.381575784155164,5369,1,True,1,1.039042702216827
62511,62511,0.261174677406943,5370,1,True,1,1.102545043503652
62651,62651,0.286324491564154,5371,0,False,1,1.2328158639929077
62675,62675,0.264304631410704,5372,0,False,2,0.9834521361386838
62676,62676,0.41692201218942,5373,0,False,2,1.223592498531715
62719,62719,0.253342175482424,5374,1,True,1,0.9118379254024168
62720,62720,0.299496228433268,5375,1,True,1,0.7859980034279433
62721,62721,0.32943985008027,5376,1,True,1,0.8872725341726502
62722,62722,0.355618314953374,5377,1,True,1,1.080469964406207
62815,62815,0.534926247067929,5378,0,False,2,0.8474105310044262
62816,62816,0.553733688095299,5379,0,False,2,1.3512772200876666
62887,62887,0.703616536661344,5380,2,True,2,1.3700660510552343
62934,62934,0.287337721581791,5381,0,False,2,3.856204780816274
62935,62935,0.307304411881872,5382,0,False,2,5.748767302633145
62936,62936,0.378333910157923,5383,1,True,1,0.5398641591154805
62937,62937,0.380804593820989,5384,1,True,1,0.5465446932720751
62938,62938,0.276509133580221,5385,2,True,1,1.9383707566459356
62941,62941,0.287158779579986,5386,0,False,2,3.861023724215941
62942,62942,0.527964683308855,5387,0,False,2,1.4223994293283866
62943,62943,0.55149203159339,5388,0,False,2,1.5719273382312677
62944,62944,0.537529762492011,5389,0,False,2,1.6367778567013602
62978,62978,0.583333333333333,5390,3,True,3,2.965065582555624
63115,63115,0.931360676047727,5391,0,False,3,1.3804725232418713
63116,63116,0.917012828874284,5392,0,False,3,1.4114437287524702
63117,63117,0.900637023287476,5393,0,False,3,1.4819803366669417
63128,63128,0.351095190702838,5394,3,True,2,1.3632650151813022
63129,63129,0.34936034680965,5395,3,True,2,1.3726638869477183
63130,63130,0.347120893757657,5396,3,True,2,1.377363076002554
63131,63131,0.346513603357292,5397,3,True,2,1.3808931280072914
63132,63132,0.344560316163004,5398,3,True,1,1.3681781934271833
63133,63133,0.344213419134761,5399,3,True,1,1.3657876379815765
63134,63134,0.343753129571506,5400,3,True,1,1.3618872286637669
63135,63135,0.343280535731077,5401,3,True,1,1.3571154532882872
63136,63136,0.338605410971642,5402,3,True,2,1.245539227021171
63137,63137,0.338247055304837,5403,3,True,2,1.2470498568204174
63138,63138,0.315191352006187,5404,3,True,2,1.307794856180586
63139,63139,0.301956739700153,5405,3,True,2,1.3518962747073366
63140,63140,0.300118134165617,5406,3,True,2,1.3616424276492534
63187,63187,0.282353580923428,5407,0,False,1,1.1988537599236746
63211,63211,0.294073994347355,5408,0,False,2,1.3507988636595567
63212,63212,0.297147297326092,5409,0,False,2,1.3699384655889022
63213,63213,0.254346137038635,5410,0,False,1,1.3474189253998325
63214,63214,0.424824544931074,5411,1,True,1,2.958536753161264
63300,63300,0.483035496567182,5412,0,False,1,0.94875870212006
63301,63301,0.492596110969881,5413,0,False,1,0.948275289457443
63302,63302,0.506861896409356,5414,0,False,1,0.9614556797221581
63303,63303,0.499470360218919,5415,0,False,1,0.951720419249806
63304,63304,0.448969877253756,5416,0,False,1,0.881474814866699
63305,63305,0.42682744468173,5417,0,False,1,0.8649376425803794
63306,63306,0.387911043705025,5418,0,False,1,1.2550742472711134
63317,63317,0.53789330202744,5419,0,False,1,1.132571904927176
63318,63318,0.544972992664425,5420,0,False,1,1.1640481733358476
63319,63319,0.544865447060106,5421,0,False,1,1.1697281446567747
63320,63320,0.545025939513821,5422,0,False,1,1.1778938607897678
63321,63321,0.545442583234391,5423,0,False,1,1.1919042144500296
63322,63322,0.545549063019536,5424,0,False,1,1.2188686706798666
63606,63606,0.75,5425,2,True,3,2.6930242136849087
63607,63607,0.75,5426,2,True,3,2.6930140775865503
63608,63608,0.5,5427,3,True,1,4.470107043909776
63609,63609,0.310653579744123,5428,3,True,1,1.0382921269084444
63610,63610,0.316397758711406,5429,3,True,1,1.0342617724644636
63619,63619,0.417139375007684,5430,3,True,2,1.5067812493576416
64002,64002,0.277995780919391,5431,2,True,1,1.3106695517748561
64003,64003,0.347833636770531,5432,2,True,1,1.1298246742704594
64018,64018,0.671560357639373,5433,1,True,3,3.92688085292436
64019,64019,0.921560357639373,5434,0,False,3,1.422026284418906
64020,64020,0.921667182510972,5435,0,False,3,1.3896962859936388
64021,64021,0.345272848238054,5436,0,False,2,1.2494701046309502
64022,64022,0.347759947208327,5437,0,False,2,1.2437060665518815
64132,64132,0.951660543361786,5438,0,False,3,1.376512369667746
64133,64133,0.949878553415719,5439,0,False,3,1.407901126742821
64134,64134,0.941048646174343,5440,0,False,3,1.4322108865933543
64135,64135,0.937168699950335,5441,0,False,3,1.4549201376633458
64136,64136,0.627254684639296,5442,1,True,1,3.734946549642741
64181,64181,0.416666666666667,5443,4,True,2,2.9124877550454706
64182,64182,0.416666666666667,5444,4,True,2,2.9126983601904075
64183,64183,0.416666666666667,5445,4,True,2,2.9136471973456257
64184,64184,0.416666666666667,5446,4,True,2,2.9142823123420545
64185,64185,0.416666666666667,5447,4,True,2,2.9147207609858983
64186,64186,0.416666666666667,5448,4,True,2,2.9149518206432203
64187,64187,0.416666666666667,5449,4,True,2,2.91492848277038
64188,64188,0.583333333333333,5450,3,True,3,2.940368587446861
64336,64336,0.327282485912814,5451,0,False,2,1.336432388679254
64348,64348,0.29905490632413,5452,0,False,1,1.252349592363087
64380,64380,0.56595855450749,5453,1,True,2,1.611823195434474
64381,64381,0.732906474839916,5454,0,False,2,1.7487325005966559
64382,64382,0.733164346365375,5455,0,False,2,1.7464769717014654
64383,64383,0.734049451958608,5456,0,False,2,1.7443278138226948
64398,64398,0.450502278571296,5457,0,False,1,1.0031947642362737
64522,64522,0.403863745354445,5458,2,True,1,1.5847714143516038
64523,64523,0.407309243357855,5459,2,True,1,1.5812354668055184
64524,64524,0.418935962482877,5460,2,True,1,1.6028466935712071
64525,64525,0.420040317127997,5461,2,True,1,1.593266303533545
64526,64526,0.424395895513602,5462,2,True,1,1.5582856712979711
64529,64529,0.302216327628157,5463,0,False,2,2.531403922945709
64530,64530,0.334819828685333,5464,0,False,2,2.612486502011889
64531,64531,0.335729863616117,5465,0,False,2,2.6737136443636986
64532,64532,0.335584662580917,5466,0,False,2,2.6802226427610836
64609,64609,0.509423586528988,5467,0,False,2,2.8398547690330127
64610,64610,0.455006205493718,5468,0,False,1,1.5927217433691725
64611,64611,0.485533278061196,5469,0,False,1,1.6847732438961462
64612,64612,0.477148233223669,5470,0,False,1,1.613390997044581
64613,64613,0.477151054841899,5471,0,False,1,1.6120739682807814
64614,64614,0.477534395476952,5472,0,False,1,1.6064169757189004
64615,64615,0.499064919242779,5473,0,False,1,1.5252658861668387
64616,64616,0.491279740943924,5474,0,False,1,1.309268809827008
64617,64617,0.493051665543035,5475,0,False,1,1.292632677599675
64618,64618,0.511796010258856,5476,0,False,1,1.5297108400599113
64619,64619,0.639577863224408,5477,0,False,2,1.3525029633897476
64620,64620,0.646130680456168,5478,0,False,2,1.33953726826104
64621,64621,0.647950189667148,5479,0,False,2,1.3373454361653079
64622,64622,0.658950520901233,5480,0,False,2,1.394939988862619
64630,64630,0.440416596503365,5481,1,True,1,1.2252221549875808
64631,64631,0.440255981286029,5482,1,True,1,1.2250657494853372
64632,64632,0.439871248948271,5483,1,True,1,1.2357086297370645
64633,64633,0.439804065295787,5484,1,True,1,1.2357384299898133
64634,64634,0.270786894988511,5485,2,True,1,2.1304408094516507
64635,64635,0.700393268962459,5486,1,True,3,1.6369773541942563
64636,64636,0.361108289120136,5487,2,True,2,1.85951008638625
64637,64637,0.364027338919188,5488,1,True,2,1.5854140148018094
64638,64638,0.323633627233992,5489,1,True,2,1.2570998487376592
64639,64639,0.322418678454483,5490,1,True,2,1.2322985462899858
64640,64640,0.317235136324807,5491,1,True,2,1.1779106268403836
64641,64641,0.312103968724181,5492,1,True,2,1.457877863688872
64740,64740,0.583333333333333,5493,3,True,3,2.9529997004470068
64741,64741,0.583333333333333,5494,3,True,3,2.951677726515077
64742,64742,0.583333333333333,5495,3,True,3,2.9508322699192044
64743,64743,0.583333333333333,5496,3,True,3,2.950754733768251
64744,64744,0.583333333333333,5497,3,True,3,2.9409841297684705
64745,64745,0.431830453105548,5498,3,True,2,1.475946337108675
64746,64746,0.427324379879902,5499,3,True,2,1.479789967875611
64747,64747,0.425378776351813,5500,3,True,2,1.4820365663109583
64775,64775,0.615365587522089,5501,0,False,2,1.3046951313416837
64776,64776,0.520830347306821,5502,0,False,2,1.3230222986006899
64777,64777,0.522834065060542,5503,0,False,2,1.3431233271463212
64778,64778,0.323672653793819,5504,3,True,1,2.100171351651585
64783,64783,0.277515907243506,5505,0,False,1,0.8743160715532259
64784,64784,0.287013107974464,5506,0,False,1,0.9315706091878232
64793,64793,0.321124852365684,5507,0,False,1,1.2484872148406976
64794,64794,0.324604923105711,5508,0,False,1,1.2355153151531972
64795,64795,0.578179265694081,5509,0,False,2,1.6713424333280775
64796,64796,0.573773506794918,5510,0,False,2,1.6845364083682886
64797,64797,0.566454261008559,5511,0,False,2,1.6168126776263414
64940,64940,0.372920181227036,5512,2,True,1,1.0442882552390444
64943,64943,0.592707139963381,5513,2,True,2,2.2714516242287384
64944,64944,0.591991208396063,5514,2,True,2,2.2472305849081984
64945,64945,0.588891024037759,5515,2,True,2,2.0480003013321184
64946,64946,0.588602933802818,5516,2,True,2,2.0485373868684253
64952,64952,0.583333333333333,5517,3,True,3,2.968407491467094
64953,64953,0.583333333333333,5518,3,True,2,1.6951633552390435
64954,64954,0.333333333333333,5519,4,True,1,2.299238125459992
64988,64988,0.30591507549006,5520,0,False,2,4.380032709895953
64995,64995,0.301573375000081,5521,0,False,2,3.5439867813770913
64996,64996,0.452826545142452,5522,0,False,2,1.1500092156096298
64997,64997,0.346113381662137,5523,0,False,1,0.9570558917833969
64998,64998,0.607630848561012,5524,0,False,2,0.9867393860159442
64999,64999,0.624458004807581,5525,0,False,2,1.0216235587061282
65000,65000,0.504631884775379,5526,0,False,1,1.0136175379687649
65001,65001,0.92372198081553,5527,0,False,3,1.3989212958569197
65065,65065,0.265679192653758,5528,1,True,1,2.0627883321602773
65086,65086,0.424973740467397,5529,1,True,1,1.1657855328916842
65087,65087,0.424846940712501,5530,1,True,1,1.165836983583991
65088,65088,0.424747299899425,5531,1,True,1,1.166089519157261
65089,65089,0.424653521631937,5532,1,True,1,1.1663225456997426
65090,65090,0.424507081494924,5533,1,True,1,1.1668697711964864
65091,65091,0.423950277049038,5534,1,True,1,1.16897923548223
65092,65092,0.423503213303753,5535,1,True,1,1.1694136464941176
65149,65149,0.371135052831124,5536,3,True,3,4.302249262722952
65150,65150,0.621135052831124,5537,2,True,3,2.2656763319321143
65151,65151,0.613259694602417,5538,2,True,2,1.8876555158108979
65152,65152,0.613259694602417,5539,2,True,2,1.8857266082834379
65153,65153,0.621135052831124,5540,2,True,3,2.2632721836170866
65231,65231,0.494685338425586,5541,0,False,2,1.2665996895780955
65232,65232,0.371733283453991,5542,0,False,1,1.869209587683571
65233,65233,0.372865275076262,5543,0,False,1,1.9365839626457355
65234,65234,0.395071761018045,5544,0,False,1,1.4582001767799773
65247,65247,0.415877369905347,5545,0,False,1,1.0173154334535006
65250,65250,0.941375348195066,5546,0,False,3,1.2973697303885605
65251,65251,0.942760480695144,5547,0,False,3,1.2998917912428696
65252,65252,0.942760480695144,5548,0,False,3,1.3008303469795592
65253,65253,0.943542841250603,5549,0,False,3,1.3013953514039038
65316,65316,0.411068508464587,5550,0,False,1,1.0406159648121232
65317,65317,0.364040729518865,5551,0,False,1,1.3492299741320637
65318,65318,0.472414648376801,5552,0,False,1,0.9633486272730652
65319,65319,0.451095378297336,5553,0,False,1,0.9798430247788639
65320,65320,0.450069548853185,5554,0,False,1,0.9829945100155281
65321,65321,0.387935942298586,5555,0,False,1,1.0911107745763173
65322,65322,0.392651012233009,5556,0,False,1,1.0787002053212391
65323,65323,0.35224338133103,5557,0,False,1,1.233408658461396
65468,65468,0.391053111964096,5558,2,True,1,0.9561695913007358
65469,65469,0.321215007616421,5559,2,True,1,1.159983221611214
65470,65470,0.322149954019815,5560,2,True,1,1.1539590784904583
65486,65486,0.345606426777912,5561,3,True,1,1.0526760701787232
65487,65487,0.253550798819396,5562,4,True,1,2.111017700078787
65507,65507,0.302595537931375,5563,1,True,2,1.483804874106707
65508,65508,0.302611445246531,5564,1,True,2,1.4837761336025264
65509,65509,0.307448133627031,5565,1,True,1,0.9321500125898253
65521,65521,0.384136497775617,5566,0,False,2,0.8253011248399129
65522,65522,0.379266149834308,5567,0,False,2,0.8408125022349373
65523,65523,0.375269818698387,5568,0,False,2,0.8535829323191213
65524,65524,0.634634697227379,5569,0,False,2,1.731698946801177
65525,65525,0.312045805515277,5570,0,False,2,0.9560995108724829
65526,65526,0.301428878911455,5571,0,False,2,0.9746848300140373
65527,65527,0.294546865122802,5572,0,False,2,0.9789241042496679
65528,65528,0.29154917538727,5573,0,False,2,0.9701594548949245
65529,65529,0.277116221170176,5574,0,False,2,1.0004034861006819
65530,65530,0.26994464630812,5575,0,False,2,0.9813816633684057
65675,65675,0.276449722750654,5576,1,True,1,1.3146094175023102
65678,65678,0.385544226848796,5577,0,False,2,1.0392310504150277
65679,65679,0.407686902422037,5578,0,False,2,1.114937061801287
65705,65705,0.396091843871059,5579,3,True,1,2.115146599672074
65763,65763,0.75,5580,2,True,3,2.6931643867139745
65764,65764,0.75,5581,2,True,3,2.6931712364372262
65765,65765,0.75,5582,2,True,3,2.693171654197086
65766,65766,0.75,5583,2,True,3,2.693250982287336
65767,65767,0.380345645006726,5584,3,True,1,1.2480893247837066
65768,65768,0.370314645230661,5585,3,True,1,1.1572286475797566
65769,65769,0.361008075134537,5586,3,True,1,1.0747735892727606
65770,65770,0.344587195661207,5587,3,True,1,0.9874416594745162
65795,65795,0.426702200934696,5588,0,False,1,0.9978224552165265
65796,65796,0.417489672758517,5589,0,False,1,0.8939407221663171
65797,65797,0.417376432578769,5590,0,False,1,0.8672546231613703
65821,65821,0.389411966848628,5591,0,False,1,1.3762827906812918
65823,65823,0.458674590361451,5592,0,False,1,1.2160323791485648
65824,65824,0.379536101896178,5593,0,False,1,1.334944655626064
65843,65843,0.592335388983389,5594,0,False,1,1.3418297893132785
65844,65844,0.595263961243833,5595,0,False,1,1.3451702193888495
66075,66075,0.355390726023361,5596,3,True,2,1.0579770989974506
66076,66076,0.344720389842744,5597,3,True,2,1.0997184995158853
66113,66113,0.557804793992246,5598,0,False,1,1.2165894058760454
66114,66114,0.551470213756758,5599,0,False,1,1.2012572054968416
66115,66115,0.36793102699805,5600,1,True,1,1.1333097630192421
66116,66116,0.34911446399289,5601,1,True,1,1.0000547734871703
66117,66117,0.328100627342084,5602,1,True,1,0.9003098005238104
66120,66120,0.305223512188922,5603,1,True,1,0.9026176688305539
66147,66147,0.734755181563887,5604,0,False,2,1.8023539236063704
66148,66148,0.734460646842741,5605,0,False,2,1.8038556281835592
66149,66149,0.733977459208186,5606,0,False,2,1.8131348780488623
66195,66195,0.363863699627675,5607,0,False,1,1.1358172040205337
66196,66196,0.317114837479969,5608,0,False,1,1.358196860182183
66213,66213,0.25426170619061,5609,2,True,2,1.5698558709369488
66219,66219,0.379824399573887,5610,1,True,2,2.7890135225785615
66235,66235,0.374906917248116,5611,0,False,1,0.5756211884511753
66236,66236,0.374623291848073,5612,0,False,1,0.5625910017944356
66237,66237,0.369034568044635,5613,0,False,1,0.577743244622291
66238,66238,0.36837205046502,5614,0,False,1,0.5866510075326037
66239,66239,0.391855949042892,5615,0,False,1,1.2660276209607246
66240,66240,0.366496237609934,5616,0,False,1,1.1118893983223754
66241,66241,0.366226780458627,5617,0,False,1,0.5742084486046478
66242,66242,0.370881049676868,5618,0,False,1,0.5728557678937447
66243,66243,0.372359769462918,5619,2,True,1,1.2024569075544265
66244,66244,0.372318177722066,5620,2,True,1,1.2034365488791985
66245,66245,0.325120027457039,5621,3,True,1,2.0998357002171186
66355,66355,0.324405666532816,5622,3,True,1,1.227397406603707
66356,66356,0.32769197871078,5623,3,True,1,1.268438959254356
66357,66357,0.336106210374685,5624,3,True,1,1.2089702182032507
66358,66358,0.307671142527,5625,3,True,1,0.8688178555553835
66406,66406,0.487170554614199,5626,3,True,2,1.2107583565756013
66407,66407,0.485801198609611,5627,3,True,2,1.2146200518770207
66415,66415,0.315532956972917,5628,1,True,1,0.9648023936700254
66428,66428,0.543332521779633,5629,0,False,1,1.0191173580737782
66460,66460,0.293484398747385,5630,0,False,1,1.2273812620061855
66473,66473,0.341269813648837,5631,0,False,2,4.616516580507133
66474,66474,0.347982596358486,5632,0,False,2,4.5099582175298565
66480,66480,0.347856736797684,5633,1,True,1,1.1402055914248124
66481,66481,0.394510567524071,5634,1,True,2,1.2690111834678568
66496,66496,0.277690008235356,5635,1,True,2,1.0343594597666583
66501,66501,0.323567589585369,5636,2,True,2,1.5378546617004545
66502,66502,0.603679513648574,5637,2,True,3,2.2728137160559814
66503,66503,0.603679513648574,5638,2,True,3,2.273727244485677
66504,66504,0.603679513648574,5639,2,True,3,2.274786103875737
66505,66505,0.603679513648574,5640,2,True,3,2.276412799883009
66506,66506,0.603635188143787,5641,2,True,3,2.282975278024697
66507,66507,0.603635188143787,5642,2,True,3,2.283935367857305
66508,66508,0.603635188143787,5643,2,True,3,2.2851724622820697
66509,66509,0.603635188143787,5644,2,True,3,2.2862511922811914
66510,66510,0.353517560914421,5645,3,True,3,4.302249262722952
66720,66720,0.35441676148599,5646,0,False,2,1.2751120109685585
66721,66721,0.354280360636111,5647,0,False,2,1.27438211146681
66722,66722,0.34677840477046,5648,0,False,2,1.3237748167204384
66723,66723,0.347887481750414,5649,0,False,2,1.320806903416332
66766,66766,0.292141032176974,5650,3,True,1,1.1234450419331712
66767,66767,0.290504113154946,5651,3,True,1,1.1474103604725043
66768,66768,0.295380034546224,5652,3,True,1,1.1405424689142558
66871,66871,0.5,5653,3,True,1,2.3085745602864485
66916,66916,0.632823195238484,5654,1,True,3,1.585696238804396
66917,66917,0.652185655220688,5655,1,True,2,2.28746710568869
66918,66918,0.695714181630278,5656,1,True,3,1.5876177663127604
66919,66919,0.695714181630278,5657,1,True,3,1.5868250727493076
66920,66920,0.692059571399541,5658,1,True,3,1.589078399500451
66921,66921,0.700246843853217,5659,1,True,3,1.5873526349874445
66922,66922,0.700618200981118,5660,1,True,3,1.5928223341738958
66923,66923,0.700618200981118,5661,1,True,3,1.5936678579446524
66924,66924,0.70215913958731,5662,1,True,3,1.585253896843381
66925,66925,0.700055819103112,5663,1,True,3,1.5850458368605818
66926,66926,0.388005756014084,5664,1,True,2,1.0864867538499157
66927,66927,0.381106944240717,5665,1,True,2,1.0216539578865735
66928,66928,0.391668557362842,5666,1,True,2,2.3153560433370544
66929,66929,0.267102243890776,5667,0,False,2,1.240586532600206
66932,66932,0.502357941287743,5668,0,False,2,1.225405389786021
66933,66933,0.495233022614171,5669,0,False,2,1.242445273376076
66934,66934,0.494471623136495,5670,0,False,2,1.251336275566218
66935,66935,0.488942624553167,5671,0,False,2,1.2695985752589818
66936,66936,0.481063984801193,5672,2,True,2,1.298239141027045
66937,66937,0.467917451109788,5673,1,True,2,1.3460419452773535
66938,66938,0.314170495733873,5674,2,True,2,1.1806810971819475
66939,66939,0.307246951914296,5675,2,True,2,1.206723699906901
66940,66940,0.30476810837958,5676,2,True,2,1.1998842622646029
66941,66941,0.306875596492756,5677,2,True,2,1.2026195837663605
66942,66942,0.31123312872675,5678,2,True,2,1.2143809269732515
66943,66943,0.31328210127517,5679,2,True,2,1.215936707022508
66953,66953,0.34412869899564,5680,1,True,2,2.789800621734334
66954,66954,0.410161599208572,5681,1,True,2,2.7883401512804094
66955,66955,0.632823195238484,5682,1,True,3,1.7402687393147356
66956,66956,0.632823195238484,5683,1,True,3,1.7387045680429953
67024,67024,0.370728734282441,5684,2,True,1,1.1210867469854664
67070,67070,0.339645282025241,5685,2,True,1,1.0183030646658202
67071,67071,0.339486204892174,5686,2,True,1,1.0178093484307695
67072,67072,0.338719611674584,5687,2,True,1,1.015993963954117
67167,67167,0.394085413369027,5688,2,True,1,0.9036858120842632
67168,67168,0.391636158459709,5689,2,True,1,0.9088934224545752
67249,67249,0.466475004946464,5690,2,True,2,1.4243000382242534
67250,67250,0.497353899891968,5691,2,True,2,1.397381304598837
67251,67251,0.565277222374649,5692,2,True,2,1.3463805402073763
67252,67252,0.333113460590776,5693,2,True,1,1.3449935065279297
67253,67253,0.302145541365259,5694,3,True,1,1.0992168394128925
67254,67254,0.313214025691178,5695,3,True,1,1.2262193122548193
67255,67255,0.313108369860732,5696,3,True,1,1.2253690126085879
67256,67256,0.313064651654486,5697,3,True,1,1.2250117813838586
67257,67257,0.312973123709073,5698,3,True,1,1.2242925679957266
67258,67258,0.305173120797754,5699,3,True,1,1.244785974905687
67259,67259,0.305098749462126,5700,3,True,1,1.244140890419312
67260,67260,0.305071166814929,5701,3,True,1,1.2439226040963172
67261,67261,0.305034887093257,5702,3,True,1,1.243667746054093
67262,67262,0.304979763207538,5703,3,True,1,1.2434095841533184
67263,67263,0.424413052050628,5704,2,True,1,0.9115485493234545
67264,67264,0.423114197127938,5705,2,True,1,0.9174610152953602
67265,67265,0.324606256448631,5706,3,True,1,1.3089648224804775
67306,67306,0.406439037429572,5707,0,False,1,1.0183869661325493
67826,67826,0.531667125564562,5708,1,True,2,2.8052116615598215
67827,67827,0.533211313004384,5709,1,True,2,2.8083017044415612
67828,67828,0.528483678657935,5710,1,True,2,3.8302511624609568
67897,67897,0.387061313738538,5711,0,False,1,1.389180172679128
67898,67898,0.402535831493088,5712,0,False,2,0.9812275001193094
67899,67899,0.387133594926945,5713,0,False,2,1.0745273333492227
67900,67900,0.369847065706113,5714,0,False,1,1.4644642968461203
67901,67901,0.352383782836302,5715,0,False,1,1.5918888512599851
67902,67902,0.353177487597332,5716,0,False,1,1.632984285425596
67903,67903,0.346725467604399,5717,0,False,1,1.7134044378599895
68037,68037,0.943540219294741,5718,0,False,3,1.4806657749673817
68042,68042,0.548246637010288,5719,0,False,1,0.95195419452563
68102,68102,0.691135403955128,5720,2,True,2,1.3064109271573556
68103,68103,0.689699456435615,5721,2,True,2,1.3050621421037754
68104,68104,0.689062282844481,5722,2,True,2,1.3052757820104892
68105,68105,0.688134967925375,5723,2,True,2,1.3061330905785458
68106,68106,0.686579290388141,5724,2,True,2,1.3060377976889177
68107,68107,0.685099414045682,5725,2,True,2,1.305282264187234
68108,68108,0.682326428776376,5726,2,True,2,1.301160835929604
68109,68109,0.681352895605153,5727,2,True,2,1.3013375855119926
68110,68110,0.679761577607891,5728,2,True,2,1.3035435293855708
68111,68111,0.673868954163909,5729,2,True,2,1.2940568181123349
68112,68112,0.673037693916759,5730,2,True,2,1.293711201040028
68113,68113,0.67234754903761,5731,2,True,2,1.2935593857978263
68114,68114,0.399600453602592,5732,3,True,1,1.02871451165334
68115,68115,0.399702232896765,5733,3,True,1,1.0268015428948338
68116,68116,0.396673856580611,5734,3,True,1,1.0336804630320204
68117,68117,0.397715683238673,5735,3,True,1,0.9971208444801483
68118,68118,0.398664144992015,5736,3,True,1,0.9936977229944636
68131,68131,0.299090954073024,5737,1,True,1,1.1011092100273778
68132,68132,0.305367158156485,5738,1,True,1,1.155919346487896
68135,68135,0.280673831254872,5739,1,True,1,0.9915539488880698
68383,68383,0.936486521245508,5740,0,False,3,1.422618164797
68384,68384,0.873720595294389,5741,0,False,2,2.68466678839147
68385,68385,0.606348010434218,5742,1,True,1,3.2903972032691025
68411,68411,0.75,5743,2,True,3,2.70050052105016
68412,68412,0.75,5744,2,True,3,2.700732828065274
68413,68413,0.75,5745,2,True,3,2.700828045535838
68414,68414,0.75,5746,2,True,2,1.542661367648514
68415,68415,0.75,5747,2,True,3,2.7024994510358433
68416,68416,0.75,5748,2,True,3,2.7025656082043694
68417,68417,0.75,5749,2,True,3,2.7028837338256637
68418,68418,0.75,5750,2,True,3,2.7029891334547833
68419,68419,0.75,5751,2,True,3,2.703166818352777
68420,68420,0.75,5752,2,True,3,2.7034817543343177
68421,68421,0.75,5753,2,True,3,2.7038045977871974
68450,68450,0.39173930260205,5754,3,True,1,1.1674858160799733
68451,68451,0.391305948837716,5755,3,True,1,1.167587390888838
68452,68452,0.390153790085123,5756,3,True,1,1.1679110920970406
68453,68453,0.389621847585871,5757,3,True,1,1.168076972712249
68454,68454,0.38917232176941,5758,3,True,1,1.1680974479921866
68455,68455,0.383987801440771,5759,3,True,1,1.1607063464927667
68456,68456,0.383290806346663,5760,3,True,1,1.160919721115407
68457,68457,0.256614684612372,5761,4,True,1,2.1135597903038588
68458,68458,0.393561581661756,5762,3,True,1,1.1629775087120815
68461,68461,0.386199842711147,5763,3,True,1,1.277741827067277
68462,68462,0.426638839064547,5764,3,True,1,1.3010101443112856
68463,68463,0.425016336798237,5765,3,True,1,1.290106259065293
68464,68464,0.424023830778516,5766,3,True,1,1.2840837197789774
68465,68465,0.418322636368144,5767,3,True,1,1.2597204122046013
68466,68466,0.415383486144668,5768,3,True,1,1.2467426469289205
68467,68467,0.41099783814348,5769,3,True,1,1.2318809212668156
68468,68468,0.408742805887482,5770,3,True,1,1.213782182376387
68469,68469,0.398562532923487,5771,3,True,1,1.1493533879226698
68470,68470,0.412750496287117,5772,2,True,1,1.6253307167145348
68471,68471,0.412554722241455,5773,2,True,1,1.6293830063452144
68481,68481,0.340784950764866,5774,3,True,1,2.0969928233619974
68482,68482,0.43084521702425,5775,2,True,1,0.9962945708117475
68483,68483,0.431077448007559,5776,2,True,1,0.9894293342695065
68484,68484,0.431092807631699,5777,2,True,1,0.9866740449973603
68485,68485,0.430053504803106,5778,2,True,1,0.9884583074997738
68486,68486,0.430070792349064,5779,2,True,1,0.9874514847458571
68487,68487,0.393774310843327,5780,2,True,1,1.0944873422889194
68488,68488,0.392229615671809,5781,2,True,1,1.0973317712352582
68489,68489,0.391455502884088,5782,2,True,1,1.1094960523891528
68490,68490,0.393913779636133,5783,2,True,1,1.115240947348287
68526,68526,0.375144627898949,5784,2,True,1,1.4179938597287631
68527,68527,0.375930956597288,5785,2,True,1,1.41295086186451
68528,68528,0.376025355382359,5786,2,True,1,1.412399229653247
68529,68529,0.375014501128563,5787,2,True,1,1.4138314646561903
68530,68530,0.401304648782187,5788,2,True,2,1.2081552570103056
68531,68531,0.414535415962483,5789,2,True,2,1.2517544326568064
68532,68532,0.75,5790,2,True,3,2.776885209873128
68840,68840,0.396729100822093,5791,2,True,1,1.1038644390514936
68841,68841,0.333766778112314,5792,3,True,1,2.0923307283342605
68866,68866,0.254650711296946,5793,0,False,2,1.3954537729850287
68867,68867,0.273838536277181,5794,0,False,2,1.434123045685246
68868,68868,0.273876749531773,5795,0,False,2,1.5200140790387755
68869,68869,0.275243161578776,5796,0,False,2,1.5213779424790246
68882,68882,0.911360971402125,5797,0,False,3,1.3624682793738334
68883,68883,0.903566034922242,5798,0,False,3,1.3818275983316985
68884,68884,0.901702848855028,5799,0,False,3,1.3911925466615869
68885,68885,0.90031419666127,5800,0,False,3,1.4064123735748608
68886,68886,0.897722068331496,5801,0,False,3,1.4192991929139835
68887,68887,0.594489319802793,5802,1,True,3,3.92688085292436
68903,68903,0.271525619861679,5803,2,True,2,1.5934721772688671
68904,68904,0.267741697236494,5804,2,True,2,1.595383862343805
68905,68905,0.265336094414854,5805,2,True,2,1.6108308823631041
69116,69116,0.260403216448189,5806,4,True,2,1.3490195644275185
69117,69117,0.25965438908105,5807,4,True,2,1.3475806410985323
69118,69118,0.259428954760868,5808,4,True,2,1.3476194643443502
69119,69119,0.25915607926537,5809,4,True,2,1.34835874432665
69120,69120,0.330280300591527,5810,3,True,1,1.0519312214702905
69121,69121,0.289723906024051,5811,3,True,1,1.669211968044653
69122,69122,0.311846949395707,5812,3,True,1,1.3031689786698315
69123,69123,0.383590658335462,5813,3,True,1,1.1811222053044022
69175,69175,0.329266247415608,5814,0,False,2,1.0922713179635481
69184,69184,0.879884331531217,5815,0,False,3,1.3659655746530306
69190,69190,0.526260911163982,5816,0,False,2,3.4745475750451393
69194,69194,0.500454123280001,5817,0,False,2,1.6935291592369572
69205,69205,0.295984481082904,5818,0,False,1,1.6184818239762846
69207,69207,0.929610666712377,5819,0,False,3,1.3651355915418493
69208,69208,0.901830775590052,5820,0,False,3,1.37053685712304
69209,69209,0.901830775590052,5821,0,False,3,1.3721321165812004
69211,69211,0.311128511618906,5822,1,True,2,0.9777150699822345
69361,69361,0.262202185129812,5823,3,True,1,1.118621539866694
69374,69374,0.278756626787338,5824,0,False,2,1.6728870268124034
69399,69399,0.388030642987741,5825,3,True,1,1.0938916080375276
69400,69400,0.257331404237265,5826,4,True,1,2.1129126607639934
69452,69452,0.310035248067762,5827,0,False,2,1.373943890532069
69471,69471,0.363552552866079,5828,3,True,1,1.0369564629457066
69517,69517,0.26323139170787,5829,4,True,2,1.3791121931177548
69518,69518,0.267985286434342,5830,4,True,2,1.3845808853711215
69519,69519,0.27708694971287,5831,4,True,2,1.3942444599566737
69520,69520,0.310627716692796,5832,4,True,2,1.3987996027279852
69521,69521,0.313673548237051,5833,4,True,2,1.397974748604986
69522,69522,0.496696003671015,5834,3,True,2,1.2342589715372585
69523,69523,0.499347048760701,5835,3,True,2,1.236727042732513
69524,69524,0.510601487568741,5836,3,True,2,1.2403722449234789
69525,69525,0.583333333333333,5837,3,True,3,2.876953409975257
69526,69526,0.289679422053117,5838,3,True,2,1.422058643433747
69527,69527,0.283735177599706,5839,3,True,2,1.4154214005659496
69528,69528,0.281476224998817,5840,3,True,2,1.414539913046454
69529,69529,0.263383816148036,5841,3,True,2,1.4518662819720547
69546,69546,0.40372892407337,5842,2,True,2,1.0002827564584686
69547,69547,0.396694149618824,5843,2,True,2,1.0054631074627745
69600,69600,0.337518494714543,5844,1,True,2,0.9424022263938845
69759,69759,0.264894473105865,5845,0,False,1,1.199555889478285
69760,69760,0.338296216908959,5846,0,False,2,1.413108526757773
69761,69761,0.355503714909974,5847,0,False,2,1.4233397673452428
69878,69878,0.372813881167258,5848,1,True,2,1.0538305823995175
69879,69879,0.351401321651446,5849,1,True,2,1.3247584724074428
70047,70047,0.366638616000052,5850,2,True,1,1.135612828482393
70083,70083,0.428301571716747,5851,0,False,2,0.9101050633832327
70084,70084,0.428716092282633,5852,0,False,2,0.910280385509649
70085,70085,0.428517560275169,5853,0,False,2,0.9202005157189308
70134,70134,0.432792116309966,5854,1,True,1,1.1817324604113177
70135,70135,0.432611081779147,5855,1,True,1,1.1821804862753165
70136,70136,0.432482288325517,5856,1,True,1,1.1823808066899315
70137,70137,0.432381115582699,5857,1,True,1,1.182598576812443
70426,70426,0.473383081685171,5858,0,False,1,1.4845500345396663
70427,70427,0.354597788024013,5859,0,False,1,1.447376372009074
70428,70428,0.335815779699995,5860,0,False,1,1.4629429257421283
70429,70429,0.328369699240489,5861,0,False,1,1.4613932153195173
70457,70457,0.264537127306372,5862,4,True,2,1.6547009057789501
70458,70458,0.261745275820262,5863,4,True,2,1.6558281120310685
70459,70459,0.260872841589379,5864,4,True,2,1.6652352555415189
70460,70460,0.259929387808029,5865,4,True,2,1.6724434300108009
70461,70461,0.25966352137449,5866,4,True,2,1.6742407364789333
70462,70462,0.255355266421271,5867,4,True,2,1.673026148616902
70463,70463,0.251414710143482,5868,4,True,2,1.693813672949534
70521,70521,0.423059170917926,5869,2,True,1,0.9291173684903413
70522,70522,0.422840114453424,5870,2,True,1,0.9219378120025881
70526,70526,0.274865313027998,5871,2,True,1,1.3020095878985019
70527,70527,0.308141512474162,5872,2,True,2,1.0809353713914074
70528,70528,0.308353911338332,5873,2,True,2,1.0822066903260992
70529,70529,0.303446037878932,5874,2,True,2,1.0866417213351505
70538,70538,0.618560189251954,5875,0,False,2,1.2866859475505532
70539,70539,0.653580757704483,5876,0,False,2,1.4674820047980681
70540,70540,0.657279046382395,5877,0,False,2,1.46513039018731
70543,70543,0.519119409070692,5878,0,False,1,1.4843842507583023
70544,70544,0.529447918131791,5879,0,False,1,1.4708815906731996
70545,70545,0.460021662086578,5880,0,False,1,1.5571466148822823
70716,70716,0.553418149696855,5881,0,False,2,2.9480517830465973
70717,70717,0.547197986745012,5882,0,False,2,2.81799633307495
70773,70773,0.37755377115374,5883,2,True,1,1.3312794554840404
70774,70774,0.36732840331557,5884,2,True,1,1.4785799447372645
70779,70779,0.296921130460016,5885,0,False,2,1.2081218545485986
70780,70780,0.298132457179913,5886,0,False,2,1.2082259292162547
70781,70781,0.294799586214078,5887,0,False,2,1.2039186748472133
70782,70782,0.28637530290655,5888,0,False,2,1.264164017732338
70783,70783,0.285567528941094,5889,0,False,2,1.2670826712518337
70784,70784,0.281741318060666,5890,0,False,2,1.2726930224300927
70785,70785,0.281426094581831,5891,0,False,2,1.2746624419763832
70786,70786,0.281699081057176,5892,0,False,2,1.2785687137792539
70787,70787,0.278162946206393,5893,0,False,2,1.2906965390583547
70788,70788,0.277250764779424,5894,0,False,2,1.2955196497377695
70811,70811,0.319328272609751,5895,0,False,2,1.5818036382173375
70813,70813,0.951660543361786,5896,0,False,3,1.3478810836151283
70814,70814,0.954331005466971,5897,0,False,3,1.3723874733479755
70815,70815,0.962421770976616,5898,0,False,3,1.3100642716912854
70817,70817,0.566370824649209,5899,1,True,2,1.4381059622188506
70818,70818,0.567742766310136,5900,1,True,2,1.4390520266893085
70963,70963,0.756635385792969,5901,1,True,2,2.2085123798774666
70996,70996,0.626560296948656,5902,2,True,1,1.1399273787436972
70997,70997,0.359193511494267,5903,0,False,1,1.049193900261043
70998,70998,0.260606918774425,5904,0,False,1,1.7879221950278097
70999,70999,0.385863200840344,5905,0,False,1,1.1159640993569229
71003,71003,0.942555397637916,5906,0,False,3,1.2440497979370706
71121,71121,0.68788308677984,5907,1,True,3,3.92688085292436
71182,71182,0.288324271752044,5908,4,True,1,2.1627398843744836
71183,71183,0.466990026373738,5909,3,True,1,1.4443626653421495
71184,71184,0.467004924800204,5910,3,True,1,1.444752995731048
71185,71185,0.467112030228555,5911,3,True,1,1.442682333446784
71186,71186,0.467249978100715,5912,3,True,1,1.4417506486975218
71189,71189,0.332504151849687,5913,3,True,1,2.092030575539835
71190,71190,0.392323477739404,5914,2,True,1,1.1064454089181273
71191,71191,0.394580872510669,5915,2,True,1,1.0763059802312063
71192,71192,0.392924847071407,5916,2,True,1,1.359455463190784
71193,71193,0.392978125058495,5917,2,True,1,1.3617746158416018
71196,71196,0.394190837243303,5918,3,True,1,1.1373795164947211
71197,71197,0.365899702357075,5919,3,True,1,1.0250182935260679
71198,71198,0.358533980660074,5920,3,True,1,1.0118345156671962
71199,71199,0.352107232410346,5921,3,True,1,1.0433248544918226
71227,71227,0.527679986628313,5922,0,False,1,1.4127744137603329
71228,71228,0.538688481117213,5923,0,False,1,1.4093222107399237
71229,71229,0.544887014176458,5924,0,False,1,1.407098887009396
71230,71230,0.580416873118618,5925,0,False,2,1.2138739321653267
71231,71231,0.571906947062477,5926,0,False,2,1.2194265187688387
71232,71232,0.568985665991958,5927,0,False,2,1.2299144693742803
71292,71292,0.498758124507139,5928,0,False,2,1.7838946998864158
71371,71371,0.921560357639373,5929,0,False,3,1.4659276464489952
71372,71372,0.921560357639373,5930,0,False,3,1.4819873786207587
71373,71373,0.921560357639373,5931,0,False,3,1.4817142424788814
71374,71374,0.302563067039743,5932,0,False,1,0.9107365718159534
71472,71472,0.411760806833312,5933,2,True,2,0.9757397727114009
71473,71473,0.410983595921118,5934,2,True,2,0.9728529070381574
71474,71474,0.403200222722373,5935,2,True,2,0.9810634771193
71475,71475,0.332608052438218,5936,3,True,1,0.9486370196767236
71685,71685,0.743004054572269,5937,0,False,2,1.4276797652103959
71686,71686,0.685256046029215,5938,0,False,2,1.7509370376681999
71687,71687,0.684825059148623,5939,0,False,2,1.751088454459451
71688,71688,0.736305025143934,5940,0,False,2,1.5548545011930337
71689,71689,0.736311826616133,5941,0,False,2,1.553164252692016
71718,71718,0.402100177041213,5942,1,True,1,2.3394009625695324
71797,71797,0.558426681333085,5943,0,False,1,0.9967262229064384
71798,71798,0.549190526699409,5944,0,False,1,0.9746103304622329
71799,71799,0.566358868128221,5945,0,False,1,1.1143153021727752
71800,71800,0.53849223881863,5946,0,False,1,0.9560834284264004
71801,71801,0.537367191353468,5947,0,False,1,0.9569402212559253
71802,71802,0.395066764955608,5948,0,False,1,1.1046753208647595
71803,71803,0.399942904823186,5949,0,False,1,1.1319903867741647
71804,71804,0.399508068920026,5950,0,False,1,1.1518934164615244
71805,71805,0.403143378817365,5951,0,False,1,1.1477448415912674
71820,71820,0.594137111491406,5952,0,False,2,1.4154047403803625
72033,72033,0.518750522682034,5953,0,False,2,1.6768063213227635
72034,72034,0.519798356024432,5954,0,False,2,1.6643511722653985
72035,72035,0.519397655780587,5955,0,False,2,1.6643126763164586
72153,72153,0.612963011102117,5956,0,False,2,2.4942873642471577
72154,72154,0.572444051337711,5957,0,False,2,2.3274925371647344
72155,72155,0.578154433976584,5958,0,False,2,2.361374740106887
72295,72295,0.847241236194925,5959,0,False,3,1.9190201961390216
72296,72296,0.894326583981085,5960,0,False,3,1.5403559655050658
72357,72357,0.384730392092268,5961,2,True,1,1.315310126033799
72358,72358,0.390000195553943,5962,2,True,1,1.1586548710755824
72359,72359,0.390446580501466,5963,2,True,1,1.1500976152004556
72360,72360,0.390770806713605,5964,2,True,1,1.144370849491628
72361,72361,0.387831586713329,5965,2,True,1,1.1465040928182981
72362,72362,0.391038659018092,5966,2,True,1,1.1053404332179058
72367,72367,0.423269157458107,5967,2,True,1,0.9279332992614617
72368,72368,0.333460084246138,5968,3,True,1,2.092703015937595
72399,72399,0.331279888938361,5969,0,False,2,1.2181564418130024
72400,72400,0.327667255658183,5970,0,False,2,1.080038138195347
72419,72419,0.495572200869813,5971,0,False,2,2.463385355958137
72420,72420,0.500988922896312,5972,0,False,2,6.169739001068361
72421,72421,0.304847085002335,5973,0,False,1,1.296075062494457
72422,72422,0.298010144309483,5974,0,False,1,1.1018829165796797
72423,72423,0.288403875640401,5975,0,False,1,0.9467204317868517
72425,72425,0.258294941271343,5976,0,False,1,0.9232166901471778
72426,72426,0.27781604803671,5977,0,False,1,0.8628679942762457
72430,72430,0.587619633853631,5978,0,False,2,1.6888036723441564
72431,72431,0.607126766440201,5979,0,False,2,1.691849522209638
72432,72432,0.633694096789973,5980,0,False,2,1.9021213611052616
72433,72433,0.931123621724041,5981,0,False,3,1.457738513372259
72648,72648,0.446247149147531,5982,3,True,2,1.0521636175849651
72649,72649,0.450100142916852,5983,3,True,2,1.05688496915219
72725,72725,0.29560690604658,5984,3,True,1,2.1185802633880213
72726,72726,0.383954484399376,5985,2,True,1,1.062341910448942
72727,72727,0.397323515555933,5986,2,True,1,1.019499676392583
72728,72728,0.396235762487074,5987,2,True,1,1.0305335788761396
72736,72736,0.936037319455506,5988,0,False,3,1.2513626740568193
72742,72742,0.755464428165675,5989,0,False,2,1.5037142370997407
72743,72743,0.755444831936211,5990,0,False,2,1.5058944751312495
72744,72744,0.754162653131051,5991,0,False,2,1.633677746358817
72745,72745,0.754129013102051,5992,0,False,2,1.6417831449836047
72746,72746,0.754078474480899,5993,0,False,2,1.6464115379980824
72747,72747,0.7540399485494,5994,0,False,2,1.654795304229207
72748,72748,0.75390902122965,5995,0,False,2,1.706135781027295
72749,72749,0.748625335802715,5996,0,False,2,1.7594178910903755
72750,72750,0.748570873609616,5997,0,False,2,1.769953092561257
72751,72751,0.748484665954861,5998,0,False,2,1.7753705282836194
72752,72752,0.748433922872454,5999,0,False,2,1.7803309801782545
72753,72753,0.748358437947409,6000,0,False,2,1.794744898687901
72754,72754,0.748225588688019,6001,0,False,2,1.804175056098333
72755,72755,0.748130321934206,6002,0,False,2,1.8107443166494808
72756,72756,0.748043494229178,6003,0,False,2,1.8194962037305673
72757,72757,0.5,6004,1,True,1,2.3085745602864485
73008,73008,0.496100657259049,6005,0,False,1,1.575973342277817
73288,73288,0.321299136930353,6006,2,True,1,1.6319054273509361
73289,73289,0.270792663710383,6007,3,True,1,2.1434802370817545
73295,73295,0.376003584679092,6008,2,True,1,1.244484680782074
73296,73296,0.356826228767011,6009,2,True,1,1.6035154161196539
73314,73314,0.394536115432623,6010,0,False,1,0.6158007123287732
73315,73315,0.393973513364329,6011,0,False,1,0.610647086621352
73316,73316,0.392172095449642,6012,0,False,1,0.5857579013304068
73317,73317,0.376002500036233,6013,0,False,1,0.4431418894134627
73318,73318,0.368923355688476,6014,0,False,1,0.46715768732809765
73326,73326,0.73439711262923,6015,0,False,2,1.452437732663133
73327,73327,0.806769510701495,6016,0,False,2,2.3791193512073443
73328,73328,0.791959016275184,6017,0,False,2,2.3288418467000236
73332,73332,0.434357338070757,6018,1,True,2,2.7740953399546235
73333,73333,0.387746184707562,6019,1,True,2,2.7831748915700487
73334,73334,0.315782533641154,6020,2,True,2,1.5916176917930531
73335,73335,0.315322406616849,6021,2,True,2,1.588016361902749
73336,73336,0.311613618488577,6022,2,True,2,1.574102403406274
73337,73337,0.303435976255537,6023,2,True,2,1.5858519359355459
73338,73338,0.284567207691123,6024,2,True,2,1.5752141080890376
73542,73542,0.332372627916987,6025,3,True,1,2.094055072190091
73543,73543,0.424664371178892,6026,2,True,1,0.9274749928609848
73544,73544,0.428256529070593,6027,2,True,1,0.9084083004681768
73545,73545,0.418111745272608,6028,2,True,1,1.650337998912971
73546,73546,0.894674469803088,6029,0,False,3,1.2905590265493667
73547,73547,0.894674469803088,6030,0,False,3,1.2896245461671196
73548,73548,0.822477289895531,6031,1,True,3,1.9618570388205703
73549,73549,0.822477289895531,6032,1,True,3,1.9567248204744399
73550,73550,0.822477289895531,6033,1,True,3,1.9569359070518186
73551,73551,0.822477289895531,6034,1,True,3,2.083588135355034
73552,73552,0.822477289895531,6035,1,True,3,2.0835332173362837
73553,73553,0.34329381413536,6036,3,True,1,2.0939818428838923
73554,73554,0.429847108919406,6037,2,True,1,0.9868225760138204
73555,73555,0.430066876189545,6038,2,True,1,0.9829878832396051
73556,73556,0.430133060342693,6039,2,True,1,0.9813731900417975
73557,73557,0.429126399235543,6040,2,True,1,0.9833401736744196
73558,73558,0.822477289895531,6041,1,True,3,1.9316693061676575
73559,73559,0.89595057004946,6042,0,False,3,1.238305014556386
73560,73560,0.905532499689573,6043,0,False,3,1.243255792336558
73561,73561,0.916211730901855,6044,0,False,2,3.4272828963062123
73562,73562,0.916211730901855,6045,0,False,3,1.244467433902964
73567,73567,0.392789546865957,6046,2,True,1,1.1234142900384478
73568,73568,0.339704542449026,6047,3,True,1,2.0844362217491765
73585,73585,0.317698448159544,6048,0,False,1,0.7200386327723328
73590,73590,0.35458927241002,6049,0,False,2,2.834947060094644
73607,73607,0.947839098102183,6050,0,False,3,1.4321370723967837
73608,73608,0.697167631392373,6051,1,True,3,3.92688085292436
73615,73615,0.697221337777273,6052,1,True,3,1.5527508654858186
73616,73616,0.697221337777273,6053,1,True,3,1.5526946525575254
73617,73617,0.69100160111642,6054,1,True,3,1.5541925166971937
73618,73618,0.697420438723086,6055,1,True,3,1.6857286788403436
73628,73628,0.597067610579182,6056,0,False,2,1.3530278459413607
73898,73898,0.410066696276419,6057,0,False,1,2.1043107700843087
74073,74073,0.38693850474541,6058,1,True,1,1.0479195371655818
74074,74074,0.43438845527035,6059,1,True,2,1.3299116922602447
74075,74075,0.772661688734154,6060,1,True,3,1.7553291493675929
74076,74076,0.521135063597058,6061,2,True,3,4.039913063489347
74077,74077,0.432964144744634,6062,0,False,2,1.2685706190991475
74078,74078,0.426178059446344,6063,1,True,2,1.2563523455542327
74216,74216,0.320840502363873,6064,2,True,1,1.438381371033909
74217,74217,0.321438065814625,6065,2,True,1,1.4303209659925085
74224,74224,0.474344794913711,6066,3,True,1,2.2300575332933024
74225,74225,0.62529722461519,6067,2,True,1,1.173307325626168
74266,74266,0.41339183547656,6068,0,False,2,1.3530378340296472
74267,74267,0.41254454033375,6069,0,False,2,1.3673570267496817
74268,74268,0.425518757876214,6070,0,False,2,1.3488474730254547
74269,74269,0.437267546279854,6071,0,False,2,1.3828821127766942
74281,74281,0.36986564472631,6072,1,True,2,1.1808387378014822
74282,74282,0.371827482686684,6073,1,True,2,1.1835047429152403
74283,74283,0.372497301346169,6074,1,True,2,1.1861500017013002
74284,74284,0.545683407638421,6075,0,False,2,1.3724576227355785
74292,74292,0.269033970493395,6076,0,False,2,1.5244966469493364
74293,74293,0.28451174903887,6077,0,False,1,0.9138240151289782
74327,74327,0.452462059024451,6078,0,False,1,1.3811477577117808
74328,74328,0.454974681844595,6079,0,False,1,1.37831631948893
74331,74331,0.355388188684554,6080,0,False,1,1.401821081455639
74360,74360,0.479615013131568,6081,0,False,1,1.0915794740030604
74868,74868,0.363322770586819,6082,2,True,1,0.9869746528462924
74869,74869,0.320396141249426,6083,2,True,1,1.0849079072445134
74883,74883,0.348195769307949,6084,3,True,1,0.9695013287392269
74884,74884,0.343919779472835,6085,3,True,1,0.9585989194928429
74885,74885,0.346296552595133,6086,3,True,1,0.9720280671706519
74886,74886,0.351286259081892,6087,3,True,1,1.0120857537351216
74887,74887,0.369771412953787,6088,3,True,1,1.161459211787815
74888,74888,0.388519008050645,6089,3,True,1,1.315220002591595
74889,74889,0.390893808059594,6090,3,True,1,1.3449310721811938
74890,74890,0.40182031083188,6091,3,True,1,1.4298145510517881
74891,74891,0.262609731473668,6092,4,True,1,2.1196774173364163
74892,74892,0.366897639457473,6093,3,True,1,1.1817571014055317
74893,74893,0.36744167306386,6094,3,True,1,1.1801309831659483
74894,74894,0.367518739478152,6095,3,True,1,1.1800920629618095
74895,74895,0.372830893096366,6096,3,True,1,1.1917500325452959
75195,75195,0.655646770558377,6097,1,True,3,3.92688085292436
75407,75407,0.323638154891086,6098,1,True,1,1.0455643054833625
75408,75408,0.323411352272185,6099,1,True,1,1.045761644910134
75409,75409,0.322870150270744,6100,1,True,1,1.0461904021357964
75410,75410,0.311543213668469,6101,1,True,1,1.0547573370781707
75411,75411,0.325021843430259,6102,1,True,1,1.0508045958278331
75412,75412,0.326610832231676,6103,1,True,1,1.047718386739226
75413,75413,0.324467888066593,6104,1,True,1,1.0447901193993878
75448,75448,0.379458778014252,6105,0,False,2,1.340545629905851
75449,75449,0.337977925217909,6106,0,False,2,1.3180821734262154
75458,75458,0.422355815823992,6107,0,False,2,0.9125229243241696
75459,75459,0.425263758474722,6108,0,False,2,0.9019462039781353
75460,75460,0.426381930929459,6109,0,False,2,0.9008796080787099
75461,75461,0.300504500572759,6110,0,False,1,1.4011549761844926
75462,75462,0.34021989873635,6111,0,False,1,0.5351069805352752
75463,75463,0.37863656092288,6112,0,False,1,0.403530028806716
75464,75464,0.407160283153225,6113,0,False,1,0.7570905491933666
75465,75465,0.403012027711356,6114,0,False,1,0.6851313946865871
75472,75472,0.496174342657399,6115,0,False,2,1.3185481250469484
75473,75473,0.494914259297593,6116,0,False,2,1.6305311011870405
75503,75503,0.306820885319148,6117,0,False,2,1.484707069155026
75504,75504,0.325329667899745,6118,0,False,2,1.3790805729423095
75694,75694,0.388448107900651,6119,0,False,2,1.9765768405566921
75695,75695,0.403591978964311,6120,0,False,2,2.314380739292247
75773,75773,0.319144203014305,6121,0,False,2,1.1928108957570944
75781,75781,0.450480616739598,6122,0,False,2,2.184227695800887
75821,75821,0.268486948266017,6123,1,True,2,2.18271528704917
75822,75822,0.266471060431017,6124,1,True,2,1.4283405313760424
75823,75823,0.263462815226017,6125,1,True,2,1.4155976502860534
75827,75827,0.251346540467702,6126,1,True,1,1.348077952793083
75865,75865,0.394238225977564,6127,2,True,1,1.6001984907699793
75866,75866,0.395086502191227,6128,2,True,1,1.5730305630153707
75867,75867,0.396535875270142,6129,2,True,1,1.5500823621929236
75868,75868,0.401083234214475,6130,2,True,1,1.5444058314865503
75869,75869,0.401459351497597,6131,2,True,1,1.5468974847673196
75870,75870,0.405330657527055,6132,2,True,1,1.5449670100658248
75882,75882,0.946965862535819,6133,0,False,3,1.4607147290610647
75887,75887,0.412508229166911,6134,2,True,1,1.0673424655189905
75888,75888,0.409820234494493,6135,2,True,1,1.0771072924667777
75889,75889,0.410503628158604,6136,2,True,1,1.0837367595532623
75901,75901,0.75,6137,2,True,3,2.6941742020579995
75920,75920,0.271932367317927,6138,0,False,2,1.2505619519100375
75923,75923,0.640898442182766,6139,0,False,2,3.4278758660901
75924,75924,0.626542793277092,6140,0,False,2,4.03012263694532
75927,75927,0.464664571729424,6141,0,False,2,2.936511997176377
75928,75928,0.459746181442393,6142,0,False,2,2.97312768809429
75929,75929,0.402004917402908,6143,0,False,2,3.753839321269212
75930,75930,0.403822498551891,6144,0,False,2,3.7546483189819053
75950,75950,0.334549585690534,6145,1,True,1,2.1661594038053833
76256,76256,0.468245498555151,6146,2,True,2,1.005944382429439
76257,76257,0.474377047804708,6147,2,True,2,1.0089864532606587
76258,76258,0.486827126339562,6148,2,True,2,1.734285467699649
76259,76259,0.59143504977673,6149,2,True,3,2.2424591205162256
76260,76260,0.593413738408751,6150,2,True,3,2.2359964484580783
76261,76261,0.593413738408751,6151,2,True,3,2.247747068511866
76262,76262,0.788816863092605,6152,0,False,3,1.402894791880393
76373,76373,0.653898914463849,6153,0,False,2,1.802411236185766
76397,76397,0.295249122970318,6154,1,True,1,2.141970064917593
76647,76647,0.902214870628039,6155,0,False,3,1.481258754873069
76886,76886,0.284257483022952,6156,3,True,1,1.5274128771614006
76899,76899,0.303522939872427,6157,0,False,2,1.1998398802498742
76900,76900,0.302951710130612,6158,0,False,2,1.2039904381967872
76901,76901,0.301433287659326,6159,0,False,2,1.208994633983487
77007,77007,0.602620444933906,6160,0,False,2,1.6409809636691028
77008,77008,0.603202339268928,6161,0,False,2,1.6332300725994535
77009,77009,0.600940013898155,6162,0,False,2,1.6140494301524064
77010,77010,0.611419052553667,6163,0,False,2,1.4779628586527351
77011,77011,0.588806848571154,6164,0,False,2,1.2139568918099028
77012,77012,0.557836689247543,6165,0,False,2,1.2114927169571177
77013,77013,0.536928224491168,6166,0,False,2,1.3282725630089331
77014,77014,0.512728583338857,6167,0,False,2,1.3446314552022813
77015,77015,0.518474003245376,6168,0,False,2,1.306538888813682
77016,77016,0.507894316356663,6169,0,False,2,1.3474719589961481
77017,77017,0.522300649659515,6170,0,False,2,1.3068368607366354
77018,77018,0.462735026804259,6171,0,False,2,1.3112445570145255
77019,77019,0.955773388231329,6172,0,False,3,1.2628278750673496
77020,77020,0.521508946095756,6173,0,False,2,1.3844283095001246
77030,77030,0.290098334901804,6174,1,True,1,1.9420015556561228
77032,77032,0.325412490525615,6175,3,True,1,2.0976664892825623
77109,77109,0.437413041126274,6176,3,True,1,1.3993715538152256
77110,77110,0.436889104089044,6177,3,True,1,1.3998596741971636
77111,77111,0.439051789015878,6178,3,True,1,1.408935697102365
77112,77112,0.284165258686245,6179,4,True,1,2.153962666540602
77124,77124,0.583333333333333,6180,3,True,3,2.961713598042032
77145,77145,0.357288767087347,6181,0,False,2,1.3430817462395583
77161,77161,0.258098810087286,6182,1,True,1,2.231280894173409
77203,77203,0.416666666666667,6183,4,True,2,2.9507248399064574
77204,77204,0.416666666666667,6184,4,True,2,2.9444790822133804
77205,77205,0.416666666666667,6185,4,True,2,1.791087184878695
77360,77360,0.519285350088532,6186,2,True,1,0.943500107396979
77361,77361,0.513487890308431,6187,2,True,1,0.965589917671537
77362,77362,0.509737892985398,6188,2,True,1,0.9633095820445121
77363,77363,0.50963710894218,6189,2,True,1,0.9644877564139656
77364,77364,0.386490332674292,6190,3,True,1,2.0844450013233145
77410,77410,0.447218502997113,6191,0,False,2,1.0182670492057824
77411,77411,0.448523621923113,6192,0,False,2,1.0198734936641163
77412,77412,0.449747738959688,6193,0,False,2,1.008063409525781
77413,77413,0.448387400976538,6194,0,False,2,1.0017466233068169
77414,77414,0.449845492191775,6195,0,False,2,1.0062353698770794
77492,77492,0.442437658573163,6196,0,False,2,0.8026310573949632
77493,77493,0.449246548771519,6197,0,False,2,0.8032140279570988
77506,77506,0.860557163515236,6198,0,False,2,3.5902498117995547
77507,77507,0.749161156439921,6199,1,True,2,1.7349974350197177
77608,77608,0.689125251660546,6200,0,False,2,1.5925103089743395
77609,77609,0.710371756496278,6201,0,False,2,1.7050714020215714
77610,77610,0.682868163914489,6202,0,False,2,1.6480754285282788
77611,77611,0.665305891020901,6203,0,False,2,4.031437276014005
77612,77612,0.676079540279763,6204,0,False,2,1.7424299288499046
77613,77613,0.708930451908722,6205,0,False,2,1.8294214838757297
77614,77614,0.675763372318903,6206,0,False,2,1.6974510543927885
77615,77615,0.675374291815336,6207,0,False,2,1.6926482287150542
77618,77618,0.942781479484681,6208,0,False,3,1.2729008111681788
77619,77619,0.632577142077891,6209,1,True,1,4.085160082055327
77620,77620,0.888470211628048,6210,0,False,2,3.3454306551510347
77621,77621,0.888487282595681,6211,0,False,2,3.341572904360356
77622,77622,0.900637023287476,6212,0,False,3,1.4605137477546304
77623,77623,0.91288190163127,6213,0,False,3,1.4060858680301902
77624,77624,0.711794283684744,6214,0,False,2,4.149890444198593
77625,77625,0.710040932876497,6215,0,False,2,4.2327691326899854
77635,77635,0.250879451785175,6216,0,False,1,1.0771866555614993
77651,77651,0.436420185768546,6217,1,True,2,2.1256881242201455
77652,77652,0.425633837475813,6218,1,True,2,2.1550457692947793
77654,77654,0.354589081502547,6219,0,False,1,1.3944233855747556
77870,77870,0.944374428202636,6220,0,False,3,1.4286369135679133
77871,77871,0.393224620317352,6221,0,False,1,1.7077551793799057
78036,78036,0.748603539042503,6222,2,True,2,1.8128509253332505
78037,78037,0.748458267723311,6223,2,True,2,1.816963762015307
78038,78038,0.748364602335883,6224,2,True,2,1.8197529018190473
78039,78039,0.748273367882259,6225,2,True,2,1.8259017660996788
78040,78040,0.5,6226,3,True,1,2.3085745602864485
78054,78054,0.615707749034657,6227,2,True,1,1.1277703769496372
78055,78055,0.626014434230911,6228,2,True,1,1.1497134597750152
78056,78056,0.625911508805351,6229,2,True,1,1.1499974765467473
78057,78057,0.625805450291267,6230,2,True,1,1.1503501441894255
78058,78058,0.624444759894984,6231,2,True,1,1.1437493137884651
78059,78059,0.623978002528187,6232,2,True,1,1.1459403648253057
78062,78062,0.449325585488046,6233,2,True,1,0.9939186235960693
78063,78063,0.448122590384855,6234,2,True,1,1.0014100388795117
78064,78064,0.437390770671076,6235,2,True,1,0.9958164856451203
78065,78065,0.437151491328392,6236,2,True,1,0.997371655585834
78066,78066,0.436313806457367,6237,2,True,1,1.0014185758108465
78067,78067,0.428392532380305,6238,2,True,1,1.0106688959025005
78068,78068,0.427754590346349,6239,2,True,1,1.0129918274290302
78069,78069,0.427560481475871,6240,2,True,1,1.0137528166245666
78070,78070,0.424847303231322,6241,2,True,1,1.018835535662325
78071,78071,0.423869191393,6242,2,True,1,1.0280683350994988
78175,78175,0.467123726895466,6243,0,False,1,1.8657813623712864
78176,78176,0.475531726600999,6244,0,False,1,1.3471218339896645
78177,78177,0.523875572460407,6245,0,False,1,1.2169091950854578
78178,78178,0.540716803220318,6246,0,False,1,1.252669368084854
78312,78312,0.252663142559141,6247,3,True,2,1.7422712271238574
78313,78313,0.257644445151918,6248,3,True,2,1.7869696260945138
78314,78314,0.583333333333333,6249,3,True,3,2.9563246188452674
78315,78315,0.583333333333333,6250,3,True,3,2.96525023587364
78316,78316,0.583333333333333,6251,3,True,2,1.6845283867496863
78317,78317,0.583296653446258,6252,3,True,2,1.6860460566540827
78318,78318,0.58327392998413,6253,3,True,2,1.687369631640375
78319,78319,0.583254316865312,6254,3,True,2,1.6891651315087635
78320,78320,0.333333333333333,6255,4,True,1,2.299238125459992
78441,78441,0.321553173201236,6256,2,True,1,1.4233599680106415
78442,78442,0.321222162523748,6257,2,True,1,1.4230351930701193
78443,78443,0.298064516936701,6258,2,True,1,1.2557680290317628
78445,78445,0.951911800315606,6259,0,False,3,1.7234528692845703
78446,78446,0.9524437222231,6260,0,False,3,1.712746865677583
78447,78447,0.951954558927933,6261,0,False,3,2.174921083719155
78517,78517,0.355976196743229,6262,2,True,1,0.9829326944877561
78518,78518,0.328876943885291,6263,2,True,1,1.5942838363631147
78519,78519,0.414473265165863,6264,2,True,1,1.5045742120846153
78520,78520,0.473270172729205,6265,2,True,1,1.103382759334349
78521,78521,0.523940975828715,6266,2,True,1,0.8306878236949061
78522,78522,0.529065261385969,6267,2,True,1,0.8334547743059912
78523,78523,0.531021799324515,6268,2,True,1,0.8339187481912843
78524,78524,0.53961438018349,6269,2,True,1,0.85030531306982
78525,78525,0.548927227350363,6270,2,True,1,0.8612446236363316
78526,78526,0.545962840207091,6271,2,True,1,0.8436228365453512
78527,78527,0.546017080870104,6272,2,True,1,0.8438696931571105
78528,78528,0.547298322034172,6273,2,True,1,0.8479239850753273
78529,78529,0.389126824744189,6274,2,True,1,0.9551476430125814
78530,78530,0.388460915856005,6275,2,True,1,0.9544867878733279
78531,78531,0.387791301159225,6276,2,True,1,0.9537533729806547
78532,78532,0.479305693269409,6277,2,True,1,0.8048955023357175
78533,78533,0.426667996078356,6278,2,True,1,0.9094595737099469
78664,78664,0.568968683690598,6279,0,False,2,2.0882150562568937
78668,78668,0.439951271635744,6280,1,True,1,2.121064426758384
78691,78691,0.53004936437352,6281,0,False,2,0.8348610282966566
78692,78692,0.523845045475577,6282,0,False,2,0.8367307794850112
78693,78693,0.56814094681659,6283,0,False,2,1.4869652168035774
78694,78694,0.573070531146333,6284,0,False,2,4.122066117154183
78695,78695,0.534362828940329,6285,0,False,2,6.159271357670092
78696,78696,0.555994475704823,6286,0,False,2,5.399486824372641
78744,78744,0.594482173247793,6287,0,False,1,1.8427421901743277
78745,78745,0.416079828982524,6288,0,False,1,1.039295739621046
78746,78746,0.504469985386028,6289,0,False,2,1.6247940349362184
78747,78747,0.435779187109927,6290,0,False,1,1.1027691864488054
78748,78748,0.665340623037202,6291,0,False,2,1.5852788326250242
78798,78798,0.764065795153649,6292,1,True,3,2.0296756828527616
78935,78935,0.369674632669794,6293,3,True,1,1.2116031103407194
78936,78936,0.368567771106143,6294,3,True,1,1.2130391123809026
78937,78937,0.368427956798147,6295,3,True,1,1.212769569010046
78938,78938,0.362968107543466,6296,3,True,1,1.2217917075384397
78939,78939,0.355762905034359,6297,3,True,1,1.2243804195938093
78940,78940,0.354676039212345,6298,3,True,1,1.2233073749238106
78941,78941,0.354432342106494,6299,3,True,1,1.2228482253760362
78942,78942,0.354266639886798,6300,3,True,1,1.2228266232107903
78943,78943,0.353709376047118,6301,3,True,1,1.2298801932268366
78944,78944,0.353241944727445,6302,3,True,1,1.229190726085548
78945,78945,0.34725046836605,6303,3,True,1,1.2342870774999686
78946,78946,0.346839764948351,6304,3,True,1,1.2339802949044902
78947,78947,0.296927223761916,6305,1,True,2,1.378659813283208
78952,78952,0.928794654490416,6306,0,False,3,1.233894572483865
78956,78956,0.403556704479943,6307,3,True,1,1.152499905118023
78957,78957,0.403144245297755,6308,3,True,1,1.154775926633489
78958,78958,0.402825991098983,6309,3,True,1,1.1563335868325593
78959,78959,0.401127036783463,6310,3,True,1,1.1573921807578254
78960,78960,0.264556327049794,6311,4,True,1,2.1233385402973948
78961,78961,0.266257007321903,6312,4,True,1,2.1253955119073105
78962,78962,0.403045097069942,6313,3,True,1,1.155802310013053
78985,78985,0.274720551842046,6314,0,False,1,1.1063876504553607
78986,78986,0.278674581435012,6315,0,False,1,0.9919718274092983
78994,78994,0.389595032720444,6316,0,False,2,3.651916676590617
78995,78995,0.390105222088475,6317,0,False,2,3.660399160018027
78996,78996,0.394431040375569,6318,0,False,2,3.669215972542457
78997,78997,0.394232835034611,6319,0,False,2,3.676820209430046
79018,79018,0.955181844151549,6320,0,False,3,1.2844832633474121
79019,79019,0.482599364332289,6321,0,False,2,1.1226813067772812
79034,79034,0.316955559375013,6322,2,True,1,1.0075283112242015
79256,79256,0.411634725065097,6323,2,True,1,1.1248604312327088
79257,79257,0.344469081113529,6324,3,True,1,2.0970008704779666
79308,79308,0.457079014070133,6325,3,True,2,1.047761378580038
79309,79309,0.456911999185207,6326,3,True,2,1.049213056326902
79310,79310,0.457092892239576,6327,3,True,2,1.046832854840498
79369,79369,0.497806001988086,6328,0,False,2,1.2576943584303288
79567,79567,0.7018619865365,6329,2,True,2,1.640626257978796
79568,79568,0.702006092462629,6330,2,True,2,1.6451163149360697
79569,79569,0.527478392342629,6331,3,True,2,1.4920130623104007
79570,79570,0.513011013498209,6332,3,True,2,1.4710854940390012
79571,79571,0.506206785092941,6333,3,True,2,1.4743594954289985
79604,79604,0.378218574470203,6334,0,False,2,4.296132443835903
79605,79605,0.344174923213874,6335,0,False,2,2.73073550438059
79606,79606,0.362010591614641,6336,0,False,2,1.4120369318428607
79607,79607,0.359989950902098,6337,0,False,2,1.3889275890345882
79608,79608,0.42899245280735,6338,0,False,2,2.090840552155613
79618,79618,0.30459227730826,6339,0,False,1,1.3153245294816698
79626,79626,0.958764960335703,6340,0,False,3,3.268859202793261
79627,79627,0.422296398540978,6341,0,False,2,3.373863546709565
79628,79628,0.30980272977492,6342,0,False,2,3.829535916225692
79629,79629,0.302954762697705,6343,0,False,2,3.9550271270161956
79638,79638,0.766640561808752,6344,1,True,3,1.694689292043885
79639,79639,0.767696805225991,6345,1,True,3,1.6906155757402308
79640,79640,0.767696805225991,6346,1,True,3,1.6429654111115697
79652,79652,0.362695363867154,6347,0,False,1,1.3168495943118161
79656,79656,0.355587945255679,6348,0,False,1,1.3248309692376332
79983,79983,0.413528807196745,6349,3,True,1,1.1530780025151217
79984,79984,0.41310505811736,6350,3,True,1,1.153723557832121
79985,79985,0.414973336084427,6351,3,True,1,1.1726633102470534
79986,79986,0.405543793317525,6352,3,True,1,1.142423407490578
79987,79987,0.404424273734681,6353,3,True,1,1.1433191860507637
79988,79988,0.404289344737136,6354,3,True,1,1.1442207793146209
79989,79989,0.404151298576611,6355,3,True,1,1.1452591205727432
80004,80004,0.66362180602123,6356,1,True,3,3.92688085292436
80350,80350,0.354781903034833,6357,3,True,1,1.2365191546708036
80351,80351,0.354915586113977,6358,3,True,1,1.236471141871613
80352,80352,0.355062143017081,6359,3,True,1,1.2371913036541902
80456,80456,0.274891097261314,6360,0,False,1,0.885926942788867
80726,80726,0.266705855161543,6361,0,False,1,1.0551850378496788
80732,80732,0.318323163986985,6362,0,False,1,0.8707381595754136
80733,80733,0.311648932513282,6363,0,False,2,1.6179531006429937
80734,80734,0.316004300955277,6364,0,False,2,1.6349254501321089
80735,80735,0.315391991899692,6365,0,False,2,1.6426955077972563
80736,80736,0.263669547493481,6366,0,False,1,1.8164674724756005
81114,81114,0.460984930949775,6367,1,True,2,1.1799046264884796
81115,81115,0.449070911996347,6368,1,True,2,1.1545663686411025
81116,81116,0.444822267396596,6369,1,True,2,1.149801961030323
81117,81117,0.446095114421494,6370,1,True,2,1.1503432376665
81194,81194,0.603543755915272,6371,2,True,1,1.4318337434885857
81195,81195,0.611068116002003,6372,2,True,2,1.5364148794413397
81196,81196,0.613205404159444,6373,2,True,2,1.5368464726453344
81197,81197,0.614768040365206,6374,2,True,2,1.5393043503471797
81198,81198,0.409808292856421,6375,3,True,1,2.1126025172494947
81199,81199,0.366709900271477,6376,2,True,2,1.1394227919242412
81200,81200,0.36385492071236,6377,2,True,2,1.126537142860938
81201,81201,0.582224799817366,6378,3,True,2,1.6716526171770913
81202,81202,0.582192475066626,6379,3,True,2,1.6753712715026376
81203,81203,0.582106508450236,6380,3,True,2,1.6762155337746378
81204,81204,0.582056025343691,6381,3,True,2,1.6920617619319562
81205,81205,0.581671650487034,6382,3,True,2,1.6946235300339862
81206,81206,0.581598451101259,6383,3,True,2,1.6958402538580728
81207,81207,0.581564526906564,6384,3,True,2,1.696710138133343
81208,81208,0.333333333333333,6385,4,True,1,2.299238125459992
81209,81209,0.583333333333333,6386,3,True,3,2.9315967825183735
81210,81210,0.583333333333333,6387,3,True,3,2.9327831541167013
81211,81211,0.583333333333333,6388,3,True,3,2.940431213192539
81212,81212,0.583333333333333,6389,3,True,2,1.6296489733393524
81213,81213,0.583158097747019,6390,3,True,2,1.6341903114029919
81214,81214,0.583057177542568,6391,3,True,2,1.644346255577156
81215,81215,0.582831459878642,6392,3,True,2,1.6635535590759436
81216,81216,0.582400881373757,6393,3,True,2,1.6647297509491674
81394,81394,0.683712794561928,6394,1,True,3,3.92688085292436
81425,81425,0.447673999924118,6395,1,True,2,1.3499114092972448
81428,81428,0.303497746076132,6396,0,False,1,2.097684523897626
81455,81455,0.535117301994012,6397,1,True,2,1.7986527078669423
81456,81456,0.533598951484445,6398,1,True,2,1.7986615874416632
81457,81457,0.525283707110307,6399,1,True,2,1.3396652314809703
81458,81458,0.524326339539924,6400,1,True,2,1.341147972535377
81459,81459,0.522306404602105,6401,1,True,2,1.2811827768573956
81460,81460,0.515011188173844,6402,1,True,2,1.2707897058479967
81461,81461,0.514454638731836,6403,1,True,2,1.2741313987084046
81462,81462,0.513267370772475,6404,1,True,2,1.2745534008411015
81463,81463,0.512445619453041,6405,1,True,2,1.2767217292255257
81464,81464,0.511507380770288,6406,1,True,2,1.2764089351323546
81517,81517,0.910377261226231,6407,0,False,3,1.2300958673029605
81518,81518,0.910761936102243,6408,0,False,3,1.230209260017436
81519,81519,0.910761936102243,6409,0,False,2,3.433253384033281
81520,81520,0.910760456511317,6410,0,False,2,3.4330933282525793
81534,81534,0.254919422285546,6411,0,False,1,1.6295408724118243
81541,81541,0.318889089236026,6412,3,True,1,1.2096926353988193
81542,81542,0.318541403317008,6413,3,True,1,1.2087687522784136
81559,81559,0.373055765414364,6414,0,False,1,1.3881963347871815
81560,81560,0.380080192060016,6415,0,False,2,1.4021791957681526
81561,81561,0.364749351132695,6416,0,False,1,1.3914456366837398
81562,81562,0.298066749556623,6417,0,False,1,1.1928777379196895
81563,81563,0.328966715340391,6418,0,False,1,0.6849813134593081
81582,81582,0.839462174091132,6419,0,False,3,3.1453785749911822
81583,81583,0.839462174091132,6420,0,False,3,3.1299027689942656
81584,81584,0.826206988424694,6421,0,False,3,3.1283444156947513
81585,81585,0.791242404899912,6422,0,False,3,3.1210805518257994
81586,81586,0.791242404899912,6423,0,False,3,3.108293231510105
81625,81625,0.269085875058373,6424,3,True,1,1.7804866989107295
81658,81658,0.723029312406199,6425,0,False,2,1.91114021136732
81659,81659,0.722986437311661,6426,0,False,2,1.903668667995335
81664,81664,0.58000814754427,6427,0,False,2,3.6438729187245964
81665,81665,0.566349962456702,6428,0,False,2,3.036386204673539
81666,81666,0.581139981506645,6429,0,False,2,3.2579892779797532
81852,81852,0.783059575074751,6430,0,False,2,2.980662215544293
81853,81853,0.785551100421639,6431,0,False,2,2.9626861626305656
81854,81854,0.785573265471333,6432,0,False,2,2.9668388272253945
81855,81855,0.627656190641229,6433,2,True,2,1.5740216029582847
81856,81856,0.623283778696466,6434,2,True,2,1.5658321377185958
81857,81857,0.369012676361966,6435,2,True,1,1.8553021208379932
81858,81858,0.368866574757474,6436,2,True,1,1.850707195161826
81859,81859,0.369397553414361,6437,2,True,1,1.8381119925821592
81860,81860,0.492419016426246,6438,2,True,1,1.83273705523529
81861,81861,0.492606165626539,6439,2,True,1,1.831813098706076
81862,81862,0.492708371678399,6440,2,True,1,1.8322811500413185
81863,81863,0.492910592440196,6441,2,True,1,1.8307872962469403
81864,81864,0.48926135789918,6442,2,True,1,0.9571007522076123
81865,81865,0.490351690552361,6443,2,True,1,0.9646684553425322
81866,81866,0.490064139344823,6444,2,True,1,0.9623115832616281
81867,81867,0.487893279886487,6445,2,True,1,0.9469796707760505
81868,81868,0.485611060195491,6446,2,True,1,0.931819192324086
81885,81885,0.533309365531611,6447,1,True,2,1.7268951075699144
81941,81941,0.438214450971932,6448,2,True,1,1.0695311608741565
81942,81942,0.42513473173494,6449,2,True,1,1.0487334856563308
81943,81943,0.424766165118079,6450,2,True,1,1.047810443486146
81944,81944,0.424528050928887,6451,2,True,1,1.0466924659158834
81945,81945,0.424286238431864,6452,2,True,1,1.0449671202081785
81946,81946,0.407360809828237,6453,2,True,1,1.036328140035192
81947,81947,0.40153412982619,6454,2,True,1,1.0364897235049966
81948,81948,0.385752716748523,6455,2,True,1,0.8976097227636576
81949,81949,0.316044597738253,6456,2,True,1,1.113067925516686
81950,81950,0.315764449494823,6457,2,True,1,1.113665360887937
81951,81951,0.316221557373596,6458,2,True,1,1.1119246366965327
82129,82129,0.363836158271383,6459,0,False,2,2.5704296315404838
82322,82322,0.773035699263512,6460,1,True,3,1.7246024145385923
82323,82323,0.54901782102384,6461,1,True,2,1.8372952973868748
82324,82324,0.534614450337784,6462,1,True,2,1.686753358588268
82325,82325,0.520975213356669,6463,1,True,2,1.5015009142028826
82326,82326,0.524662865233874,6464,1,True,2,1.555258379770353
82584,82584,0.476379479384548,6465,3,True,2,1.0684811187985541
82585,82585,0.482837851239112,6466,3,True,2,1.0682198561524785
82586,82586,0.483798519911678,6467,3,True,2,1.067327450106339
82587,82587,0.477080981147529,6468,3,True,2,1.0635991687792792
82588,82588,0.478528601468602,6469,3,True,2,1.0655462903845048
82589,82589,0.485749670010077,6470,3,True,2,1.0699180177534702
82590,82590,0.486068984411963,6471,3,True,2,1.069142958001384
82591,82591,0.373399023215862,6472,3,True,2,1.0339875889922032
82592,82592,0.373516173248296,6473,3,True,2,1.0371364685066162
82593,82593,0.373680730946663,6474,3,True,2,1.0413727607922523
82594,82594,0.375050217551779,6475,3,True,2,1.0959843022794167
82595,82595,0.376496051982953,6476,3,True,2,1.1030219881675214
82596,82596,0.377739735063904,6477,3,True,2,1.1092538170849406
82597,82597,0.386956391456417,6478,3,True,2,1.1223541681044198
82598,82598,0.371081286567708,6479,3,True,2,1.1538966007433928
82599,82599,0.396223085578642,6480,3,True,2,1.1323550752823164
82600,82600,0.397137431345202,6481,3,True,2,1.1392361415332095
82601,82601,0.410001368750461,6482,3,True,2,1.1464731319253079
82602,82602,0.414677388498872,6483,3,True,2,1.170280485904382
82603,82603,0.418243127459221,6484,3,True,2,1.181257238892384
82604,82604,0.41602540373748,6485,3,True,2,1.1777413692828282
82605,82605,0.416797133015555,6486,3,True,2,1.176795666330846
82606,82606,0.382706123806836,6487,3,True,2,1.2713904292447649
82758,82758,0.262501655292473,6488,1,True,1,0.9594074722561121
82832,82832,0.327432659905683,6489,0,False,2,2.3215001639720434
82837,82837,0.385657551516759,6490,0,False,2,1.1080541408067959
82838,82838,0.390450437925086,6491,0,False,2,1.1111690271512928
82839,82839,0.360967814176339,6492,0,False,2,1.1463193653095887
82840,82840,0.355769451092165,6493,0,False,2,1.1875723467103376
82841,82841,0.350138193522069,6494,0,False,2,1.2304569860912171
82886,82886,0.529365918998348,6495,0,False,1,0.9886608881701988
82887,82887,0.524554825713285,6496,0,False,1,0.9685954744567846
83212,83212,0.387696862059201,6497,0,False,1,0.39756881286186196
83213,83213,0.399429028323424,6498,0,False,1,0.6224069170297978
83214,83214,0.416666666666667,6499,4,True,2,2.9583205376668342
83245,83245,0.645355590631116,6500,2,True,2,1.3663781286958716
83246,83246,0.644962424295684,6501,2,True,2,1.3668602602490316
83247,83247,0.64436100460591,6502,2,True,2,1.3701623710402808
83248,83248,0.643498233979279,6503,2,True,2,1.3698624521279836
83249,83249,0.642787781323043,6504,2,True,2,1.3738471827903755
83250,83250,0.639071708581274,6505,2,True,2,1.3756649213676206
83251,83251,0.470675882618533,6506,3,True,2,1.1896040024831323
83252,83252,0.470240605397431,6507,3,True,2,1.190070670916707
83253,83253,0.469881024511713,6508,3,True,2,1.190618292680215
83254,83254,0.469257060530899,6509,3,True,2,1.1952457547716626
83255,83255,0.468017210671842,6510,3,True,2,1.194544718793359
83256,83256,0.300728193000116,6511,4,True,2,1.3562233108000774
83257,83257,0.29758549930248,6512,4,True,2,1.3558224358232114
83258,83258,0.29091881962194,6513,4,True,2,1.3477480773456914
83259,83259,0.290508046679063,6514,4,True,2,1.3481943542344355
83260,83260,0.289876532518097,6515,4,True,2,1.3524043783387893
83261,83261,0.288469814163116,6516,4,True,2,1.3503896593225377
83262,83262,0.28856518058163,6517,4,True,2,1.3514578018376389
83263,83263,0.285092225726563,6518,4,True,2,1.3497397451138555
83264,83264,0.284301319336354,6519,4,True,2,1.3513972784431212
83265,83265,0.283243656153861,6520,4,True,2,1.351460113846425
83266,83266,0.282476074031062,6521,4,True,2,1.350587857052936
83267,83267,0.281724918654283,6522,4,True,2,1.3584234072901378
83440,83440,0.332903696845078,6523,0,False,1,1.2971972283137492
83441,83441,0.31006962741457,6524,0,False,1,1.39159415791993
83443,83443,0.416886597980543,6525,0,False,2,1.9180607368706535
83444,83444,0.415084770180018,6526,0,False,2,1.9202172190044227
83445,83445,0.471364968788506,6527,0,False,2,3.648232553451253
83446,83446,0.474654527155913,6528,0,False,2,2.7541514731057823
83547,83547,0.293297374392146,6529,0,False,1,2.0518274194609214
83548,83548,0.293627812595214,6530,0,False,1,2.026727956158395
83569,83569,0.455124293512308,6531,0,False,1,1.0158831584825743
83570,83570,0.478369569515111,6532,0,False,1,0.9895659198889116
83650,83650,0.396117613774614,6533,2,True,1,0.9116190841028333
83651,83651,0.39508504739529,6534,2,True,1,0.9153911095763737
83683,83683,0.486242441300422,6535,0,False,2,1.002291548096645
83684,83684,0.487527061165587,6536,0,False,2,1.034011194077226
83685,83685,0.47784688644832,6537,0,False,2,1.0409424349794107
83686,83686,0.493619267731678,6538,0,False,2,1.042905425346023
83687,83687,0.492106621671466,6539,0,False,2,1.050046757625055
83688,83688,0.50010032555819,6540,0,False,2,1.0603265806611366
83689,83689,0.506726001264558,6541,0,False,2,1.1515701432484473
83690,83690,0.518963412795611,6542,0,False,2,1.0801830667066155
83691,83691,0.508673086867895,6543,0,False,2,1.0981036976872938
83740,83740,0.33162931163472,6544,0,False,2,1.2052904245412175
83741,83741,0.680664816269155,6545,1,True,3,3.92688085292436
83743,83743,0.930305634383682,6546,0,False,3,1.4477417353316893
83744,83744,0.931256167460997,6547,0,False,3,1.4477324877738988
83745,83745,0.931386783788166,6548,0,False,3,1.4517946073301111
83917,83917,0.260194832950981,6549,0,False,1,0.9798369804580369
83932,83932,0.308096046125451,6550,2,True,1,2.9827346831608135
83933,83933,0.508699528930459,6551,1,True,2,2.2782609696362606
83934,83934,0.509251992517916,6552,1,True,2,2.2708607055586687
83935,83935,0.509526888262464,6553,1,True,2,2.267407873912775
83999,83999,0.325477517896356,6554,3,True,1,1.2002872811940875
84000,84000,0.420934041577068,6555,2,True,2,1.272331899216319
84005,84005,0.475646790587475,6556,0,False,1,0.8931516013875935
84006,84006,0.472462522626492,6557,0,False,1,0.8901699685042643
84007,84007,0.474739470098808,6558,0,False,1,0.8913953391619742
84008,84008,0.475046014708348,6559,0,False,1,0.8925965596819834
84020,84020,0.41915963631761,6560,0,False,1,0.9002772788082625
84100,84100,0.289633735617709,6561,2,True,1,2.1900226640334868
84359,84359,0.534130457865696,6562,2,True,1,0.9775352642940837
84360,84360,0.560567207449955,6563,2,True,1,1.446271471968107
84375,84375,0.384078703611656,6564,1,True,1,2.36583617686479
84381,84381,0.424026905979355,6565,0,False,2,0.9606638492620778
84382,84382,0.424861637690476,6566,0,False,2,0.971149231393196
84383,84383,0.425109702990429,6567,0,False,2,0.97707994640472
84384,84384,0.426116209415473,6568,0,False,2,0.9868297278505707
84385,84385,0.423431866407437,6569,0,False,2,0.9949362536798471
84386,84386,0.421028189616853,6570,0,False,2,1.0039935510275069
84387,84387,0.420387070957,6571,0,False,2,1.0077900456138353
84388,84388,0.415784814562349,6572,0,False,2,1.0152407328075135
84444,84444,0.928072681338414,6573,0,False,3,1.4453957569802658
84445,84445,0.89299388695624,6574,0,False,2,3.5761607688018753
84446,84446,0.890295193931179,6575,0,False,2,3.5737172643172324
84447,84447,0.896577867375362,6576,0,False,3,1.4676290592619723
84448,84448,0.91652190799526,6577,0,False,3,1.467554579790703
84449,84449,0.896577867375362,6578,0,False,3,1.4614880084970476
84450,84450,0.899310104677582,6579,0,False,3,1.4658288717336965
84451,84451,0.928072681338414,6580,0,False,3,1.4405830772441135
84454,84454,0.488391171576421,6581,2,True,1,1.0081317205141462
84455,84455,0.545437048224909,6582,2,True,2,1.6102998229841745
84464,84464,0.916211730901855,6583,0,False,3,1.2431300956661755
84465,84465,0.929923502543709,6584,0,False,3,1.2432210958291363
84587,84587,0.256499311166432,6585,0,False,2,5.269753004299775
84588,84588,0.255490318143157,6586,0,False,2,4.639587254781625
84589,84589,0.358155941499874,6587,0,False,2,0.9115171396264002
84590,84590,0.349338001271224,6588,0,False,2,0.9468995386333248
84594,84594,0.263588593145274,6589,0,False,2,1.3317211785115526
84595,84595,0.256879672632807,6590,0,False,1,1.3436891632211139
84596,84596,0.258762638841143,6591,0,False,1,1.3101864096763707
84597,84597,0.635551511965135,6592,0,False,2,1.6848834943156816
84650,84650,0.471374874431967,6593,1,True,1,1.4832391731802177
84651,84651,0.470677037872114,6594,1,True,1,1.481886020832025
84652,84652,0.470244393548155,6595,1,True,1,1.4809715481791006
84653,84653,0.469617008471201,6596,1,True,1,1.4796107781496504
84654,84654,0.468088208454354,6597,1,True,1,1.4779526462554806
84655,84655,0.452132978365694,6598,1,True,1,1.415134542005079
84656,84656,0.451808868599341,6599,1,True,1,1.4143115883882666
84657,84657,0.451621700169711,6600,1,True,1,1.4140190012665856
84658,84658,0.450933260388358,6601,1,True,1,1.4138912626591031
84707,84707,0.583333333333333,6602,3,True,3,2.9526944305567318
84708,84708,0.583333333333333,6603,3,True,3,2.9509707019932807
84782,84782,0.361433150894269,6604,0,False,1,1.4011329105078145
84793,84793,0.355237429560791,6605,0,False,2,1.620479847388036
84881,84881,0.461835784031786,6606,3,True,2,1.1079183858303534
84984,84984,0.289384833329669,6607,3,True,1,1.1616441129787494
84986,84986,0.528886907687476,6608,2,True,2,1.0356814397997263
84987,84987,0.380150701619666,6609,2,True,2,0.9657110392641712
84988,84988,0.386863362506482,6610,2,True,2,0.9727738982343991
84989,84989,0.529526910795996,6611,2,True,2,1.0370018820299451
84990,84990,0.285504250349339,6612,3,True,1,1.3968121274825758
84991,84991,0.289328217561312,6613,3,True,1,1.3998025848920381
84992,84992,0.296648553942876,6614,3,True,1,1.4047312576814375
84993,84993,0.296402772646908,6615,3,True,1,1.4094191212799454
84994,84994,0.300049348168315,6616,3,True,1,1.4134274895122805
84995,84995,0.300101838393172,6617,3,True,1,1.4153815922662942
84996,84996,0.29994190187254,6618,3,True,1,1.4211852538576608
84997,84997,0.299559661853943,6619,3,True,1,1.4183786053676233
84998,84998,0.299335771406965,6620,3,True,1,1.4241089334371344
84999,84999,0.310144509668652,6621,3,True,1,1.4550932185004544
85019,85019,0.28588257617955,6622,0,False,1,1.5643343744523686
85020,85020,0.390919343825226,6623,0,False,1,1.4047592973367362
85090,85090,0.276074119037664,6624,0,False,1,1.0660718577651103
85091,85091,0.27631861671604,6625,0,False,1,1.0583547420295625
85092,85092,0.274998979062496,6626,0,False,1,1.0591613937602842
85110,85110,0.570174384731549,6627,0,False,2,1.4352473638561498
85111,85111,0.56457492504824,6628,0,False,2,1.4350505137858562
85112,85112,0.498664135728487,6629,0,False,1,1.46134054739221
85348,85348,0.250939955903537,6630,3,True,1,1.0542023468184807
85349,85349,0.259799847757259,6631,3,True,1,1.0589520727066548
85350,85350,0.260629609630777,6632,3,True,1,1.0628420694947196
85351,85351,0.261302113144971,6633,3,True,1,1.0652528661143985
85352,85352,0.289310507331524,6634,3,True,1,1.0264820710091533
85353,85353,0.289919132726597,6635,3,True,1,1.0275833178441025
85443,85443,0.285644927810892,6636,1,True,1,0.964988920564118
85468,85468,0.474323924010414,6637,0,False,2,1.6307209498040491
85469,85469,0.46895518632975,6638,0,False,2,1.6305401304554255
85470,85470,0.476591811207028,6639,0,False,2,1.64828578290317
85471,85471,0.476055176775581,6640,0,False,2,1.6526825624159291
85472,85472,0.47599898056186,6641,0,False,2,1.655498235135156
85473,85473,0.364910368428691,6642,0,False,1,1.2281199727422778
85474,85474,0.394921383005961,6643,0,False,1,1.417943865460976
85475,85475,0.475315275263322,6644,0,False,2,1.7202696651131517
85476,85476,0.475043861277864,6645,0,False,2,1.7194835493709804
85477,85477,0.473427267636113,6646,0,False,2,1.7185086316126708
85478,85478,0.472844851464266,6647,0,False,2,1.7138667675744594
85479,85479,0.47498362241717,6648,0,False,2,1.6813634364457055
85480,85480,0.478697159462059,6649,0,False,2,1.6571815574804571
85558,85558,0.397862500942569,6650,2,True,1,1.3037693419952217
85559,85559,0.401481682969378,6651,2,True,1,1.3145733006244649
85560,85560,0.429690801167542,6652,2,True,2,0.9696260993652441
85561,85561,0.291991637032698,6653,1,True,1,1.4201463664497103
85562,85562,0.452490270742306,6654,1,True,2,1.1793688638825968
85563,85563,0.452970884287507,6655,1,True,2,1.1848421144030452
85564,85564,0.470209163682794,6656,1,True,2,1.5543237824602818
85678,85678,0.359909279465836,6657,0,False,2,1.3365203663540084
85683,85683,0.373733798214099,6658,0,False,2,2.630476837357672
85765,85765,0.93587325430626,6659,0,False,3,1.3330689874173858
85766,85766,0.935230525147692,6660,0,False,3,1.3381072501343005
85780,85780,0.764451795502744,6661,1,True,3,1.9366086131066018
85781,85781,0.765414406102528,6662,1,True,2,2.551977389284805
85782,85782,0.394027555188495,6663,0,False,1,0.7923271591423222
85783,85783,0.402603917624209,6664,0,False,1,0.9831209624032404
85784,85784,0.575486832739456,6665,0,False,1,1.2098853553474522
85785,85785,0.399103999278529,6666,1,True,1,2.095991452470189
85789,85789,0.250472747587251,6667,4,True,1,2.108863910919067
86161,86161,0.322835071885925,6668,0,False,2,2.30170641256406
86162,86162,0.317462552999889,6669,0,False,2,2.3000863691860762
86163,86163,0.299923469234151,6670,0,False,2,3.0987045936627364
86164,86164,0.271604922819437,6671,0,False,1,1.7824629701449253
86165,86165,0.266525128855418,6672,0,False,1,1.793722523111943
86181,86181,0.635718756275925,6673,1,True,2,2.5345022581917434
86182,86182,0.622370897282126,6674,1,True,2,2.5861560241898625
86190,86190,0.285588696216869,6675,1,True,1,2.1485934296761795
86247,86247,0.394332630190493,6676,3,True,1,1.4668559395670688
86262,86262,0.309752953023004,6677,0,False,1,1.3874646605148109
86359,86359,0.484549312369302,6678,2,True,1,1.4500512021794372
86360,86360,0.485749056200608,6679,2,True,1,1.3609456241464712
86361,86361,0.486364503288134,6680,2,True,1,1.262434037547755
86362,86362,0.541803747478395,6681,2,True,1,1.0679865895680996
86363,86363,0.54207149089447,6682,2,True,1,1.0709165305173545
86364,86364,0.542521134851836,6683,2,True,1,1.0761278160626897
86477,86477,0.566795184574416,6684,2,True,1,1.2575105198704115
86478,86478,0.481105854682561,6685,2,True,1,2.0012821346781378
86489,86489,0.465551128914037,6686,0,False,2,1.6542543733444028
86524,86524,0.280986112005574,6687,0,False,2,1.4306202346562453
86525,86525,0.274069936785842,6688,0,False,2,1.569867685885461
86687,86687,0.400073433974634,6689,0,False,1,2.0947400238871063
86759,86759,0.5,6690,3,True,1,4.470107043909776
86760,86760,0.75,6691,2,True,3,2.693881762830416
86761,86761,0.75,6692,2,True,3,2.6936698891740485
86765,86765,0.29975467354143,6693,3,True,1,0.978614498581676
86766,86766,0.308669813740023,6694,3,True,1,1.142865283080512
86767,86767,0.316029669817407,6695,3,True,1,1.1477301590419329
86771,86771,0.264898969799805,6696,3,True,1,1.2283280252563784
86772,86772,0.265395579997411,6697,3,True,1,1.2159806333544854
86773,86773,0.265689481300119,6698,3,True,1,1.2113952496201428
86775,86775,0.446309735671601,6699,3,True,2,1.2933273965081138
86776,86776,0.444725857984444,6700,3,True,2,1.299112937185695
86806,86806,0.250904816611787,6701,0,False,1,0.9019192863637816
86839,86839,0.804901543956611,6702,0,False,2,2.3902841441061775
86840,86840,0.801859755736082,6703,0,False,2,2.350590400044375
86841,86841,0.771415372841417,6704,1,True,2,2.292380353319245
87087,87087,0.385224893054776,6705,3,True,1,2.120501043758111
87133,87133,0.318139402096076,6706,0,False,1,1.263748774434337
87134,87134,0.307815899715193,6707,0,False,1,1.2540213325461533
87135,87135,0.310218611620833,6708,0,False,1,1.2504042723173834
87408,87408,0.372157695971021,6709,0,False,2,1.6458540225200453
87409,87409,0.341592253152804,6710,0,False,1,1.1807361982536677
87410,87410,0.424218453150484,6711,0,False,1,1.3339096268881678
87411,87411,0.413123404542289,6712,0,False,1,1.2986117049876238
87412,87412,0.402923403928538,6713,0,False,1,1.263467339116254
87413,87413,0.399080540285897,6714,0,False,1,1.2436316193914942
87414,87414,0.447245561162438,6715,0,False,2,1.4757047329743247
87415,87415,0.480044146169397,6716,0,False,2,1.3897703030457658
87416,87416,0.453382953213513,6717,0,False,2,1.4173339243148835
87417,87417,0.450852727829078,6718,0,False,2,1.435644973376239
87418,87418,0.443240853438586,6719,0,False,2,1.4652913139228354
87419,87419,0.310561713430521,6720,0,False,1,0.6714761200165825
87420,87420,0.307899196047993,6721,0,False,1,0.6778330367272745
87541,87541,0.366502787967412,6722,3,True,2,1.3661240803762111
87542,87542,0.366126570763489,6723,3,True,2,1.3656901302954458
87593,87593,0.335329560799804,6724,3,True,1,0.9870520379290433
87594,87594,0.336941755618148,6725,3,True,1,0.9973029634320374
87742,87742,0.520883195962642,6726,2,True,2,1.2084037293889076
87774,87774,0.356121697466549,6727,2,True,1,2.078827327125887
87775,87775,0.472698008604234,6728,1,True,1,0.9025046227738377
87971,87971,0.348030762060511,6729,3,True,1,2.124346100689125
87972,87972,0.263598991346742,6730,4,True,1,2.120831703760489
87977,87977,0.343622673026059,6731,0,False,1,1.1180869708755352
87978,87978,0.340505594241159,6732,0,False,1,1.1234872853539257
87979,87979,0.338005478372803,6733,0,False,1,1.114523685490919
87980,87980,0.30144267417983,6734,0,False,1,0.9252584944235007
87981,87981,0.319684000927147,6735,0,False,1,1.0060274196722085
87982,87982,0.32436746224816,6736,0,False,1,1.002029712223672
87983,87983,0.335841254926557,6737,0,False,1,1.0375631831554193
87984,87984,0.630689264416899,6738,0,False,2,1.879974642115118
88169,88169,0.497444120136281,6739,3,True,2,1.0779477035814
88170,88170,0.487684995350965,6740,3,True,2,1.0696426411881668
88171,88171,0.491832860831246,6741,3,True,2,1.0735106655285525
88172,88172,0.486641090287168,6742,3,True,2,1.0697820857094478
88173,88173,0.486828520683352,6743,3,True,2,1.0689927461549975
88281,88281,0.95700825425628,6744,0,False,3,2.8286207995513277
88311,88311,0.328019009620567,6745,0,False,2,1.3573221776004571
88312,88312,0.936875744480753,6746,0,False,3,1.3646444971793872
88313,88313,0.935460582010395,6747,0,False,3,1.366382361785694
88321,88321,0.322718584070366,6748,0,False,1,1.0074188764739789
88359,88359,0.318655257614046,6749,3,True,1,1.026670227270271
88366,88366,0.333494315221169,6750,2,True,1,2.0925966689181448
88367,88367,0.451587207777269,6751,2,True,1,0.9209997174284348
88368,88368,0.302068533008949,6752,3,True,1,1.190953029700371
88369,88369,0.30069557499502,6753,3,True,1,1.1901455149963562
88489,88489,0.309181500800475,6754,0,False,1,1.3845883716913163
88490,88490,0.307670731602413,6755,0,False,1,1.375899235120596
88785,88785,0.405592317812769,6756,2,True,1,1.5922862849639776
88816,88816,0.285882714975987,6757,1,True,1,1.4405109447651225
88817,88817,0.407355856058794,6758,0,False,1,2.0123880762791413
88818,88818,0.413210227643783,6759,0,False,1,2.101764655433171
88819,88819,0.419115742057557,6760,0,False,1,1.9102579531503956
88821,88821,0.286623217112345,6761,1,True,1,1.3301614338764587
88822,88822,0.31378122929264,6762,1,True,2,1.385358477009111
88836,88836,0.27442032896914,6763,0,False,2,1.5737809686751687
88871,88871,0.391801298995174,6764,3,True,1,1.2538437615334592
88872,88872,0.397326009586443,6765,3,True,1,1.2820028100418597
88873,88873,0.391372087715592,6766,3,True,1,1.2638417294548603
88874,88874,0.390444050413556,6767,3,True,1,1.2632386663216053
88875,88875,0.393330429525043,6768,3,True,1,1.2720183190925727
88876,88876,0.393267407182008,6769,3,True,1,1.2724725224510318
88877,88877,0.393299658614355,6770,3,True,1,1.2733452146794835
88878,88878,0.280380629851606,6771,4,True,1,2.146574212804141
88950,88950,0.254116642302202,6772,0,False,2,1.3007600944605755
88951,88951,0.2560624034457,6773,0,False,2,1.2893695321586016
88952,88952,0.260557725582371,6774,0,False,2,1.2743737798275054
88957,88957,0.383877410305339,6775,0,False,1,0.4248197974950363
88958,88958,0.384133457889657,6776,0,False,1,0.48918194217643807
88959,88959,0.390692838848062,6777,0,False,1,0.6448646946928795
88960,88960,0.296216714251951,6778,1,True,1,1.9386776793826852
88961,88961,0.363167396860546,6779,0,False,2,0.9517025906514145
88962,88962,0.556859920296507,6780,0,False,2,1.4888494705923743
88978,88978,0.767047837727454,6781,1,True,3,1.6931527777937325
88985,88985,0.733024980033517,6782,0,False,2,1.5764254810066407
88986,88986,0.765492706520484,6783,0,False,2,1.753967373951612
88987,88987,0.766399043129047,6784,0,False,2,1.7807997302567231
88988,88988,0.766232790761225,6785,0,False,2,1.7826453206103523
88989,88989,0.76657527641643,6786,0,False,2,1.7845118501386246
89003,89003,0.442347895777586,6787,0,False,1,1.1582812877789797
89008,89008,0.901830775590052,6788,0,False,3,1.4103911137849392
89009,89009,0.901830775590052,6789,0,False,3,1.420262174068909
89010,89010,0.893932920616607,6790,0,False,3,1.4247204045470232
89011,89011,0.893932920616607,6791,0,False,3,1.437197229935842
89012,89012,0.893588844051636,6792,0,False,3,1.4457874828061534
89013,89013,0.893588844051636,6793,0,False,3,1.4509175532502783
89014,89014,0.871871477278249,6794,0,False,3,1.4540950733950064
89015,89015,0.871871477278249,6795,0,False,3,1.4583008131582167
89016,89016,0.59105768086147,6796,1,True,3,3.92688085292436
89017,89017,0.548604324960737,6797,0,False,2,1.5010865253070091
89018,89018,0.570604133036699,6798,0,False,2,1.2745674818467885
89019,89019,0.550882336527867,6799,0,False,2,1.449864906784472
89115,89115,0.622611326421267,6800,2,True,3,2.250771505630589
89116,89116,0.622611326421267,6801,2,True,3,2.2501772774272317
89117,89117,0.622611326421267,6802,2,True,3,2.249654077215502
89118,89118,0.622611326421267,6803,2,True,3,2.2482169882163747
89119,89119,0.631596148450865,6804,2,True,3,2.247728573530911
89120,89120,0.631596148450865,6805,2,True,3,2.2447552614794004
89218,89218,0.256514252454264,6806,1,True,2,1.3641942690669113
89247,89247,0.326464113478545,6807,3,True,1,2.1000929112781344
89251,89251,0.421592982456579,6808,2,True,1,0.8970277905193444
89252,89252,0.421493377905448,6809,2,True,1,0.8986837564241148
89253,89253,0.421428633257858,6810,2,True,1,0.8996482453770422
89254,89254,0.420927764426844,6811,2,True,1,0.908059049719401
89255,89255,0.420760650272864,6812,2,True,1,0.9105370937428118
89256,89256,0.414653163242845,6813,2,True,1,0.929939310667632
89257,89257,0.414668076175527,6814,2,True,1,0.930312899656557
89258,89258,0.419548240187207,6815,2,True,1,0.933395896769894
89259,89259,0.419453657146863,6816,2,True,1,0.9348778147265535
89260,89260,0.419275503319358,6817,2,True,1,0.938065623499277
89261,89261,0.41891614630457,6818,2,True,1,0.9425407954382407
89262,89262,0.414213158799692,6819,2,True,1,0.9673515143666463
89263,89263,0.412526330671504,6820,2,True,1,0.9732819530090291
89264,89264,0.323784838290344,6821,3,True,1,2.1064763311334906
89265,89265,0.305014048852089,6822,3,True,1,1.462431724666745
89272,89272,0.385473363240382,6823,0,False,1,0.600166624748094
89273,89273,0.38687349239268,6824,0,False,1,0.59053118160242
89274,89274,0.39738610328332,6825,0,False,1,0.5704701713938292
89275,89275,0.396273142482148,6826,0,False,1,0.562611859450603
89287,89287,0.541561646615302,6827,0,False,1,0.9713111026708344
89288,89288,0.54061005855676,6828,0,False,1,0.9707393841823303
89289,89289,0.540602343212375,6829,0,False,1,0.9718976245062452
89290,89290,0.400073433974634,6830,1,True,1,2.0947591640400853
89338,89338,0.499984885604172,6831,0,False,2,1.2126132056015737
89339,89339,0.499184318297433,6832,0,False,2,1.2138603261086218
89340,89340,0.462672558581364,6833,0,False,2,1.5483616388444719
89341,89341,0.50229443394663,6834,0,False,2,1.5108251847229721
89342,89342,0.509260905484064,6835,0,False,2,1.4970163853606828
89343,89343,0.508446087725686,6836,0,False,2,1.4906088943167792
89344,89344,0.39485165519188,6837,0,False,1,0.9942263573820225
89346,89346,0.263958822500602,6838,1,True,1,1.0869475406006992
89444,89444,0.454274494927051,6839,1,True,2,1.441614294382652
89445,89445,0.45236901690713,6840,1,True,2,1.4437412998300148
89553,89553,0.296476092974816,6841,0,False,1,0.916457180904178
89597,89597,0.256304375597454,6842,0,False,1,1.3202081266462107
89598,89598,0.263305085472405,6843,0,False,1,1.302004410809479
89772,89772,0.524242315115944,6844,1,True,2,1.8141203787898736
89778,89778,0.33062998223924,6845,0,False,1,1.5833530886924025
89868,89868,0.634523564452408,6846,0,False,2,1.6150796996823895
89874,89874,0.449348828752369,6847,1,True,1,1.4137803246834733
90069,90069,0.645520353505517,6848,1,True,2,1.2874810514014108
90070,90070,0.651612344524864,6849,1,True,2,1.2918680746962476
90071,90071,0.743076953782439,6850,0,False,2,2.7017893256756453
90072,90072,0.761972782767311,6851,0,False,2,2.736524531372544
90073,90073,0.812922365914681,6852,0,False,2,3.031148769914905
90074,90074,0.813136777853732,6853,0,False,2,3.030470481356133
90075,90075,0.814045787891638,6854,0,False,2,3.030488382793339
90076,90076,0.819655867161121,6855,0,False,2,3.048896162917919
90077,90077,0.908995790457754,6856,0,False,3,1.2570098019733371
90078,90078,0.909507867444481,6857,0,False,3,1.253998184520576
90079,90079,0.910761936102243,6858,0,False,3,1.2512537396635597
90103,90103,0.320811002344429,6859,3,True,1,2.1225793445616747
90108,90108,0.458416442052881,6860,3,True,1,2.1803685938286956
90109,90109,0.393274582075933,6861,2,True,1,1.0668060026635413
90110,90110,0.39345615595181,6862,2,True,1,1.0659216525334556
90111,90111,0.393587451175945,6863,2,True,1,1.0652658870990914
90112,90112,0.387629203499657,6864,2,True,1,1.0657414778233683
90113,90113,0.395705339714285,6865,2,True,1,1.045298656457525
90114,90114,0.39456133524448,6866,2,True,1,1.047700299266915
90115,90115,0.394696233269629,6867,2,True,1,1.0472927398581908
90116,90116,0.393708557497262,6868,2,True,1,1.049492299667826
90117,90117,0.392818185102605,6869,2,True,1,1.0518251108573164
90118,90118,0.39349317762641,6870,2,True,1,1.0540875645384915
90119,90119,0.393563910918336,6871,2,True,1,1.0543272645202395
90120,90120,0.39188102059658,6872,2,True,1,1.0603642689889694
90136,90136,0.283744494675437,6873,0,False,1,0.9771088212752894
90146,90146,0.309029877575074,6874,0,False,1,0.5409936204442634
90147,90147,0.283408477939287,6875,0,False,1,0.7739591233657939
90148,90148,0.310966734205766,6876,0,False,1,0.5568324536150802
90149,90149,0.356062979901087,6877,0,False,1,0.7726927408476452
90189,90189,0.731843773234807,6878,0,False,2,1.5080496004898765
90358,90358,0.39785431362752,6879,0,False,2,2.834669200610889
90359,90359,0.373502092448653,6880,0,False,2,2.709685847526889
90360,90360,0.368689532570629,6881,0,False,2,2.7391822418416667
90427,90427,0.371499022417113,6882,3,True,1,1.3490948623203816
90433,90433,0.251735849980878,6883,0,False,2,1.3619205503020069
90451,90451,0.252066197706364,6884,1,True,1,0.9811934114590675
90456,90456,0.478988697371867,6885,0,False,2,3.331218307530517
90457,90457,0.4945531539261,6886,0,False,2,3.1723291278648977
90458,90458,0.525403702673061,6887,0,False,2,3.269573666091892
90459,90459,0.548585966982908,6888,0,False,2,3.335366934547532
90460,90460,0.923014314963986,6889,0,False,3,3.6683059441856547
90461,90461,0.64761298644868,6890,0,False,2,3.232988918690062
90525,90525,0.314041620366679,6891,0,False,1,1.3904415131492454
90526,90526,0.391874696128046,6892,0,False,1,1.1016340959531672
90668,90668,0.689009481198761,6893,1,True,3,3.92688085292436
90671,90671,0.254931093559638,6894,0,False,1,1.2374607084469587
90787,90787,0.40556950570421,6895,0,False,1,0.8233125126722739
90822,90822,0.333708758072078,6896,0,False,2,1.4873895655663416
90823,90823,0.343185656188452,6897,0,False,2,1.5722339345335474
90840,90840,0.308184957554888,6898,0,False,2,3.9805479611345573
90841,90841,0.307407080714462,6899,0,False,2,3.897099222710003
90842,90842,0.372881757067019,6900,0,False,2,3.9538775265290917
90843,90843,0.370623399619729,6901,0,False,2,3.8686944833173587
90844,90844,0.378788542523805,6902,0,False,2,3.7337443772233314
90845,90845,0.375894425497724,6903,0,False,2,3.6293346127873303
90910,90910,0.338203650309823,6904,0,False,2,1.4444810116454327
90911,90911,0.336601724233536,6905,0,False,2,1.446028712120352
90912,90912,0.309260137003896,6906,0,False,2,1.4716462559036543
90949,90949,0.355540032988061,6907,3,True,1,0.9906266694906528
90966,90966,0.358359436197237,6908,3,True,1,2.109673015536857
91284,91284,0.423581481359659,6909,1,True,2,1.1514815453893406
91285,91285,0.435574129410025,6910,1,True,2,1.2518019407135714
91286,91286,0.440514034168235,6911,1,True,2,1.2167687257455102
91287,91287,0.447815592183362,6912,1,True,2,1.2147373500335146
91288,91288,0.452131668164679,6913,1,True,2,1.215475244037669
91289,91289,0.456149427957033,6914,1,True,2,1.2167892943052494
91290,91290,0.464167357134882,6915,1,True,2,1.2234331019662785
91291,91291,0.470325209072752,6916,1,True,2,1.2239511062523696
91292,91292,0.444857751172239,6917,1,True,2,1.2334698298537308
91293,91293,0.451379951820539,6918,1,True,2,1.2304544736408836
91498,91498,0.436816287395958,6919,3,True,1,1.5089854663958946
91499,91499,0.269788423811065,6920,4,True,2,1.7009857776101065
91533,91533,0.422734987497358,6921,0,False,2,1.4521341171071542
91534,91534,0.420871171084868,6922,0,False,2,1.4316957594085684
91535,91535,0.408823628208848,6923,0,False,2,1.2648617428370503
91536,91536,0.317836944932044,6924,0,False,2,1.460495865671873
91537,91537,0.313750224266795,6925,0,False,2,1.4686324083887565
91767,91767,0.643863499334187,6926,1,True,3,1.7373787389367243
91768,91768,0.642669807967513,6927,1,True,3,1.7577236615058915
91769,91769,0.642669807967513,6928,1,True,3,1.7545798500892722
91933,91933,0.456053448353245,6929,3,True,2,1.2498338662314137
91934,91934,0.451300451262593,6930,3,True,2,1.2337146760727753
91935,91935,0.450741686655261,6931,3,True,2,1.2347055208605087
91936,91936,0.456364521522379,6932,3,True,2,1.2450143842716337
91937,91937,0.515473355414177,6933,3,True,2,1.2010693336184655
91938,91938,0.513850085063669,6934,3,True,2,1.2032696973494217
91939,91939,0.509792806972455,6935,3,True,2,1.2079581101084516
91940,91940,0.498858063304793,6936,3,True,2,1.1967229454822548
91941,91941,0.495061029393485,6937,3,True,2,1.192532580812784
91942,91942,0.492267692880354,6938,3,True,2,1.1906213654517472
91943,91943,0.485216360789994,6939,3,True,2,1.1727116209327226
91944,91944,0.483406184811291,6940,3,True,2,1.1747895870673764
91945,91945,0.468543351488724,6941,3,True,2,1.1611758881915168
91999,91999,0.411704956030989,6942,2,True,1,0.9487819242741938
92000,92000,0.411696406245531,6943,2,True,1,0.9535936908441958
92001,92001,0.411525735073567,6944,2,True,1,0.9561291940223449
92002,92002,0.411559066338533,6945,2,True,1,0.9582412711919458
92003,92003,0.326366098145214,6946,3,True,1,2.10241896907176
92027,92027,0.361771472699862,6947,2,True,2,1.2668171456548492
92028,92028,0.364929452059662,6948,2,True,2,1.2626560666264273
92029,92029,0.36526177206471,6949,2,True,2,1.2633753620826516
92030,92030,0.365683074805221,6950,2,True,2,1.2642446829017604
92031,92031,0.377800074806272,6951,2,True,2,1.224906717284668
92056,92056,0.407888283450713,6952,0,False,1,0.8270407259580675
92057,92057,0.415898555434237,6953,0,False,1,0.7434358401898344
92058,92058,0.419657366030306,6954,0,False,1,0.7213093024053382
92059,92059,0.419918946616962,6955,0,False,1,0.7132315367575833
92060,92060,0.419844329509019,6956,0,False,1,0.6991501567845513
92070,92070,0.492880466406985,6957,0,False,1,1.3164207239855235
92112,92112,0.730064865879647,6958,1,True,3,2.6291903453199876
92300,92300,0.474344794913711,6959,3,True,1,2.2300575332933024
92385,92385,0.446791805435179,6960,0,False,1,0.9893646376027488
92386,92386,0.380616636799093,6961,0,False,1,1.1121336827839388
92457,92457,0.52456286356381,6962,0,False,1,2.1636197033544398
92458,92458,0.43521584658289,6963,0,False,1,2.3213944213513478
92459,92459,0.440514331750499,6964,0,False,1,2.406144331302756
92460,92460,0.509959461295065,6965,0,False,1,2.2134115563340178
92492,92492,0.340547312700182,6966,1,True,1,1.9461072973969116
92493,92493,0.494724304843882,6967,0,False,1,0.8212426119743412
92545,92545,0.388192730855306,6968,0,False,2,1.3574917047404151
92546,92546,0.401578264758321,6969,0,False,2,1.3751822678655374
92547,92547,0.393447129554877,6970,0,False,2,1.4130457603613993
92684,92684,0.718734754166787,6971,0,False,2,3.5814983649522785
92685,92685,0.726004269556561,6972,0,False,2,3.621203612258105
92686,92686,0.544149597685448,6973,1,True,2,1.632641316989676
92764,92764,0.355447680220532,6974,3,True,1,1.078163563295306
92765,92765,0.35502905428416,6975,3,True,1,1.07889030188315
92766,92766,0.353656315645932,6976,3,True,1,1.0786353337978065
92767,92767,0.341795071108894,6977,3,True,1,1.0617989300464419
92768,92768,0.320594231586683,6978,3,True,1,1.0488172190569325
92789,92789,0.450463427828209,6979,2,True,1,1.0290033841444812
92790,92790,0.274412948578621,6980,3,True,1,1.0397993772235568
92791,92791,0.293312932573257,6981,3,True,1,0.9904525409124373
92792,92792,0.292782101038919,6982,3,True,1,0.9923823632823994
92793,92793,0.292378534191797,6983,3,True,1,0.9936974452107498
92794,92794,0.288809854569295,6984,3,True,1,1.0045890199307155
92803,92803,0.400206549633336,6985,2,True,2,1.0624613204532283
92804,92804,0.400097479611357,6986,2,True,2,1.0622527295076603
92805,92805,0.399970944819847,6987,2,True,2,1.062014837287726
92806,92806,0.393895926239654,6988,2,True,2,1.0474208071567994
92807,92807,0.930350991767046,6989,0,False,3,1.4548975042687426
92808,92808,0.930031612827198,6990,0,False,3,1.4549174487865542
92809,92809,0.657411537983692,6991,0,False,2,1.9499190996890616
92810,92810,0.646861913696295,6992,0,False,2,1.9314179622203331
92827,92827,0.527686823588366,6993,2,True,2,1.3784184907529262
92828,92828,0.528352799628003,6994,2,True,2,1.373536178945639
92829,92829,0.53236865516575,6995,2,True,2,1.3710756209968233
93010,93010,0.410473694933018,6996,0,False,2,2.557657322148948
93011,93011,0.271886928083895,6997,0,False,2,1.5135272542923726
93031,93031,0.305283231005263,6998,1,True,1,1.3917807068034744
93035,93035,0.32151810159426,6999,1,True,1,1.2569789368331705
93271,93271,0.380258707137942,7000,1,True,1,1.0242482625432294
93272,93272,0.381796373917963,7001,1,True,1,1.0266340927178033
93279,93279,0.429044129342613,7002,0,False,2,0.8878196260920009
93280,93280,0.431259451836718,7003,0,False,2,0.8845452085478034
93289,93289,0.322099875583702,7004,2,True,1,1.4192584655042095
93290,93290,0.339615800505812,7005,2,True,2,1.3397257374518488
93291,93291,0.340394219365589,7006,2,True,2,1.3089256185857514
93292,93292,0.344534167000697,7007,2,True,2,1.2936813214200282
93293,93293,0.406482307379261,7008,0,False,1,0.6952459728851494
93294,93294,0.40890438513695,7009,0,False,1,0.7164150152308085
93295,93295,0.409698040929161,7010,0,False,1,0.721014726098445
93296,93296,0.409487690977784,7011,0,False,1,0.7298546886600161
93297,93297,0.410262369354973,7012,0,False,1,0.742368263689379
93298,93298,0.41372274324232,7013,0,False,1,0.7445264211823038
93299,93299,0.427684656541402,7014,0,False,1,1.1148721904891172
93329,93329,0.332041792689935,7015,1,True,1,2.18713166806466
93330,93330,0.519349413280998,7016,0,False,1,1.5092180461799738
93449,93449,0.442159391739622,7017,2,True,1,0.8822349932550255
93450,93450,0.442480835630517,7018,2,True,1,0.8776675384833056
93451,93451,0.441616763834401,7019,3,True,1,1.5114210602819094
93452,93452,0.446788458272928,7020,3,True,1,1.524968186157545
93453,93453,0.281366440727474,7021,4,True,1,2.1484434405437005
93454,93454,0.439414179939181,7022,2,True,1,0.8529380240016238
93455,93455,0.437116836093387,7023,2,True,1,0.8542973403167441
93456,93456,0.437673037311913,7024,2,True,1,0.8488380494178577
93457,93457,0.435206107796887,7025,2,True,1,0.8523410446203448
93458,93458,0.43188937184493,7026,2,True,1,0.8580618052914913
93459,93459,0.427108906006117,7027,2,True,1,0.8670611311614117
93460,93460,0.425176953556749,7028,2,True,1,0.8790213074315123
93461,93461,0.424202976652062,7029,2,True,1,0.8827101283378435
93462,93462,0.42301873596238,7030,2,True,1,0.8870189745718563
93463,93463,0.412343373498991,7031,2,True,1,0.9166791432538833
93464,93464,0.412505420682301,7032,2,True,1,0.9177570110403039
93465,93465,0.416541903685684,7033,2,True,1,0.9319174425181297
93466,93466,0.415159588137039,7034,2,True,1,0.9386588732979944
93467,93467,0.413539076008319,7035,2,True,1,0.9469563322226041
93468,93468,0.410976377249766,7036,2,True,1,0.9604598292431187
93469,93469,0.408073194935071,7037,2,True,1,0.9790290720206968
93470,93470,0.407808024782592,7038,2,True,1,0.9895516087291136
93471,93471,0.404948391964041,7039,2,True,1,1.0022450268309848
93472,93472,0.398638290534808,7040,2,True,1,1.043429432115182
93473,93473,0.376085037914634,7041,2,True,1,1.1000503674184166
93475,93475,0.312695705000377,7042,0,False,2,1.2930127465309909
93476,93476,0.268530038801003,7043,0,False,2,1.2469764718048522
93522,93522,0.311152249967768,7044,0,False,2,1.4667720999690557
93523,93523,0.314851586995198,7045,0,False,2,1.451107876242074
93526,93526,0.6487399852268,7046,0,False,2,5.289665297525021
93527,93527,0.930755649212978,7047,0,False,3,5.463452599857908
93528,93528,0.514398213713483,7048,0,False,2,4.907497507893466
93529,93529,0.491443825753549,7049,0,False,2,5.018705305115371
93530,93530,0.48846758832561,7050,0,False,2,5.059846108567748
93531,93531,0.475568412435878,7051,0,False,2,1.9145576236020412
93532,93532,0.476950058762647,7052,0,False,2,1.9135661915866569
93533,93533,0.476545377162469,7053,0,False,2,1.9187194182407044
93539,93539,0.634772213250085,7054,1,True,3,1.5688548832151776
93540,93540,0.477841585780063,7055,1,True,2,2.076000201261289
93734,93734,0.309484606280383,7056,0,False,1,1.3882409702339993
93772,93772,0.953949379210968,7057,0,False,3,1.4608213231598453
93800,93800,0.471448234003509,7058,3,True,1,2.2305241730801777
93835,93835,0.386066608213445,7059,2,True,1,0.9299222380187723
93836,93836,0.371607274905121,7060,2,True,1,0.9744029691090816
93837,93837,0.384590114510522,7061,2,True,1,0.9403270446472585
93838,93838,0.387006945465113,7062,2,True,1,0.9303002307762741
93839,93839,0.386759956390851,7063,2,True,1,0.9302481913536303
93999,93999,0.442677849257689,7064,3,True,2,1.0199127450505685
94000,94000,0.455867001803402,7065,3,True,2,1.0337903813713885
94001,94001,0.441449005398354,7066,3,True,2,1.0221086747559527
94002,94002,0.408424286796057,7067,3,True,2,1.3430569941312485
94003,94003,0.406963916383577,7068,3,True,2,1.3451180832647973
94004,94004,0.398132480165195,7069,3,True,2,1.3283490280644739
94071,94071,0.255543801082912,7070,0,False,1,0.9585963909387114
94072,94072,0.25604701535771,7071,0,False,1,0.9539803176766488
94073,94073,0.254138759805338,7072,0,False,1,0.945625223378536
94188,94188,0.416666666666667,7073,4,True,2,2.934492207759286
94388,94388,0.419633131282553,7074,2,True,1,0.9412534524166429
94389,94389,0.325412490525615,7075,3,True,1,2.0976664892825623
94456,94456,0.392289604442876,7076,2,True,1,1.0694386609124615
94457,94457,0.393382394961792,7077,2,True,1,1.0666795423502446
94458,94458,0.393317528461207,7078,2,True,1,1.0669646842261389
94459,94459,0.393252125017182,7079,2,True,1,1.0672271862689129
94460,94460,0.395348012701264,7080,2,True,1,1.0628555291847075
94461,94461,0.393296218031492,7081,2,True,1,1.090297944462696
94462,94462,0.392629883081212,7082,2,True,1,1.098306481712679
94463,94463,0.364694230199669,7083,2,True,1,1.5744343309234308
94464,94464,0.365055254005624,7084,2,True,1,1.5679879969414539
94465,94465,0.360769362822485,7085,2,True,1,1.6650490171093875
94470,94470,0.323277299028087,7086,3,True,1,2.1096231817898103
94471,94471,0.415279464246741,7087,2,True,1,0.962823306856482
94480,94480,0.330282789643858,7088,3,True,1,1.2372522001128108
94481,94481,0.322646042661899,7089,3,True,1,1.2518658797860682
94482,94482,0.322038811140877,7090,3,True,1,1.2496537319669272
94484,94484,0.583333333333333,7091,3,True,3,2.966578966108971
94485,94485,0.583333333333333,7092,3,True,2,1.6896765587103733
94486,94486,0.583108116370745,7093,3,True,2,1.69115353927829
94487,94487,0.583025132398165,7094,3,True,2,1.6925321245210243
94488,94488,0.58295028963426,7095,3,True,2,1.6938101006527482
94489,94489,0.582879792671609,7096,3,True,2,1.695165891633932
94490,94490,0.582805283411534,7097,3,True,2,1.6963972391077873
94491,94491,0.582735554583918,7098,3,True,2,1.697648690945739
94492,94492,0.333333333333333,7099,4,True,1,2.299238125459992
94514,94514,0.312342078719446,7100,0,False,1,1.0669786487278177
94515,94515,0.389700549566,7101,0,False,1,0.6879739413356174
94516,94516,0.381692223459751,7102,0,False,1,0.6701741352144484
94517,94517,0.379827840106095,7103,0,False,1,0.6571498947737391
94518,94518,0.383290884882139,7104,0,False,1,0.601141187871846
94519,94519,0.384072459978104,7105,0,False,1,0.5772389978923881
94520,94520,0.393459349461426,7106,0,False,1,0.5357327315818514
94521,94521,0.277113721658763,7107,0,False,1,0.860759535285602
94522,94522,0.314171952416277,7108,0,False,1,1.0322389866993666
94523,94523,0.332642869953282,7109,0,False,1,1.346439589113605
94536,94536,0.663124199082375,7110,0,False,2,1.4443643428140331
94541,94541,0.634669784872794,7111,0,False,2,1.7304009929086752
94542,94542,0.660415735634837,7112,0,False,2,1.4468731021833414
94547,94547,0.46985348358639,7113,0,False,2,1.5476567777761117
94548,94548,0.452207348827385,7114,0,False,2,1.3625462265212227
94549,94549,0.452266427081998,7115,0,False,2,1.365113886983968
94550,94550,0.441777092510232,7116,0,False,2,1.441307619053934
94563,94563,0.397799330393951,7117,2,True,2,1.3093471552166618
94564,94564,0.357821261602453,7118,2,True,1,0.9962825872706526
94565,94565,0.355780499778158,7119,2,True,1,0.9792683610623658
94566,94566,0.347604630487924,7120,2,True,1,0.9570502998219794
94567,94567,0.320694783288741,7121,2,True,1,0.8959370861270601
94691,94691,0.453894324020037,7122,0,False,2,1.8335624196790863
94749,94749,0.42933643329784,7123,0,False,2,0.9733345957183661
94797,94797,0.578535494423099,7124,3,True,2,1.6053974442780363
94798,94798,0.578223273613453,7125,3,True,2,1.6185085047397494
94799,94799,0.577207237631192,7126,3,True,2,1.6595485097053586
94800,94800,0.577026204716892,7127,3,True,2,1.6630788010263677
94801,94801,0.576899191077875,7128,3,True,2,1.6689015024476532
94802,94802,0.576715775434936,7129,3,True,2,1.6762047697716649
94803,94803,0.576506859788255,7130,3,True,2,1.6796815504369602
94804,94804,0.57637546024791,7131,3,True,2,1.683557900566393
94805,94805,0.576271384637592,7132,3,True,2,1.6855724304912616
94806,94806,0.331050228310502,7133,4,True,1,2.2958392794435443
94872,94872,0.39108529297582,7134,2,True,1,1.1527598762177413
94873,94873,0.390750963114364,7135,2,True,1,1.1527791280900215
94874,94874,0.40935340646472,7136,2,True,1,1.712723784490301
94875,94875,0.405497552304443,7137,2,True,1,1.718924926376544
94876,94876,0.486076602092233,7138,2,True,1,1.6038123459519043
94877,94877,0.486126977664638,7139,2,True,1,1.605170077284364
94878,94878,0.489562960264635,7140,2,True,1,1.6008801770981438
94879,94879,0.469842315968358,7141,2,True,1,1.6612253042447511
94880,94880,0.470078565977121,7142,2,True,1,1.6602753902601268
94881,94881,0.332405016493627,7143,3,True,1,2.0940140816421704
94882,94882,0.421312344016654,7144,2,True,1,0.9296359033193092
94897,94897,0.759306470640989,7145,0,False,2,2.934881004598517
94898,94898,0.5,7146,2,True,1,2.3085745602864485
94927,94927,0.940620634026938,7147,0,False,3,1.2373991519281613
94928,94928,0.940620634026938,7148,0,False,3,1.2395303923526575
94929,94929,0.939796267055231,7149,0,False,3,1.2429745636847225
94930,94930,0.939187682470726,7150,0,False,3,1.2493704171927529
94931,94931,0.922829020129453,7151,0,False,3,1.2688439446093123
94932,94932,0.883116050657797,7152,0,False,2,3.4585539945806465
94933,94933,0.749949648779276,7153,1,True,2,1.6508810187701652
94934,94934,0.75,7154,1,True,2,1.6638150410808399
94935,94935,0.758377099226888,7155,1,True,3,2.0319505601962167
94936,94936,0.75,7156,2,True,3,2.781585470203014
94937,94937,0.75,7157,2,True,3,2.7871635414664646
94938,94938,0.75,7158,2,True,2,1.7708105764484248
94939,94939,0.75,7159,2,True,3,2.7890377899985657
94940,94940,0.75,7160,2,True,3,2.7898233763528175
94941,94941,0.583333333333333,7161,3,True,3,2.9530226941608504
94942,94942,0.583333333333333,7162,3,True,3,2.9556627046670325
94943,94943,0.583333333333333,7163,3,True,3,2.968929754318582
94944,94944,0.583333333333333,7164,3,True,3,2.9709046292172445
94945,94945,0.333333333333333,7165,4,True,1,3.901803392274079
95083,95083,0.512588453859136,7166,1,True,2,1.572757569130185
95084,95084,0.50942606225894,7167,1,True,2,1.5762177629899483
95170,95170,0.435408900944247,7168,2,True,1,4.099148291250827
95171,95171,0.685408900944247,7169,1,True,2,3.2879177008270415
95172,95172,0.690512679324793,7170,1,True,3,1.7546883268653002
95457,95457,0.36308066148425,7171,2,True,1,1.2775292097195592
95458,95458,0.361914747832771,7172,2,True,1,1.304685721495364
95527,95527,0.393219536554352,7173,2,True,1,0.9949930345074102
95528,95528,0.391660471997326,7174,2,True,1,0.9956623309165861
95529,95529,0.390666213842424,7175,2,True,1,0.9984411830763954
95530,95530,0.389503100036699,7176,2,True,1,0.9972346682358588
95531,95531,0.389768595061954,7177,2,True,1,0.9882931270256414
95532,95532,0.374240131523247,7178,2,True,1,1.0255823943914482
95533,95533,0.367094517311679,7179,2,True,1,1.0537528419704902
95534,95534,0.361126662519206,7180,2,True,1,1.1056551356551108
95535,95535,0.352679549788651,7181,2,True,1,1.212026912660683
95536,95536,0.340600648859751,7182,2,True,1,1.3518055976482908
95537,95537,0.294905887519801,7183,2,True,1,1.831256121231887
95538,95538,0.273612146083789,7184,2,True,1,1.9963676244667994
95539,95539,0.302986703415327,7185,2,True,1,1.264468372870685
95540,95540,0.302853571013163,7186,2,True,1,1.2649324843892737
95541,95541,0.270303599454985,7187,2,True,1,1.3876453658923544
95576,95576,0.521429630940362,7188,2,True,1,1.278162304943935
95577,95577,0.541700910292837,7189,2,True,1,1.333953606525449
95583,95583,0.330797141163613,7190,2,True,1,1.3594691788044397
95592,95592,0.451542867264962,7191,2,True,1,0.9773022229551313
95593,95593,0.451863393239529,7192,2,True,1,0.975145253798184
95633,95633,0.410483882868933,7193,0,False,1,1.0022069550525599
95634,95634,0.414237289702247,7194,0,False,1,1.0721861252299494
95635,95635,0.42034077341722,7195,0,False,1,1.244681245291988
95636,95636,0.416939156574536,7196,0,False,1,1.2612056301487258
95637,95637,0.395833704904947,7197,0,False,1,0.9976920788698461
95638,95638,0.254470378085041,7198,1,True,2,1.2022295756714876
95639,95639,0.256880604244273,7199,2,True,2,1.221432481403112
95640,95640,0.271822940698369,7200,2,True,2,1.1899649734154234
95641,95641,0.282944433181907,7201,2,True,2,1.1630960725630095
95642,95642,0.302252226282462,7202,2,True,2,1.1243763691341493
95643,95643,0.317702395934046,7203,2,True,2,1.1057776356085238
95644,95644,0.336380308264204,7204,2,True,2,1.0711188711898578
95811,95811,0.684565467692517,7205,1,True,3,3.92688085292436
95956,95956,0.531721837841233,7206,0,False,2,2.6842529141341664
95957,95957,0.50280707783415,7207,0,False,2,2.7702544305023182
95958,95958,0.509913398051287,7208,0,False,1,2.9023470600695456
95959,95959,0.504929667027928,7209,0,False,1,2.886550156036661
95960,95960,0.496971702104694,7210,0,False,1,2.878392838833494
96029,96029,0.276629255955178,7211,0,False,2,1.3527832021480088
96030,96030,0.276956243964327,7212,0,False,2,1.3627431759954056
96031,96031,0.361833421965606,7213,0,False,2,0.8867759345206649
96032,96032,0.939967014319262,7214,0,False,3,1.2315532075786573
96033,96033,0.383570338442899,7215,0,False,2,0.9166898994666243
96036,96036,0.945198023982831,7216,0,False,3,1.3345382671367945
96037,96037,0.944235587077885,7217,0,False,3,1.3478016135126392
96038,96038,0.934897944885415,7218,0,False,3,1.3524486235826463
96052,96052,0.450208343741762,7219,2,True,1,0.9931538677660108
96053,96053,0.449182409666126,7220,2,True,1,1.0005021728964063
96054,96054,0.372244206292959,7221,3,True,1,2.0782738330688724
96055,96055,0.45049955196885,7222,2,True,1,0.9920393245995589
96110,96110,0.761578998671743,7223,1,True,3,2.366548165704622
96111,96111,0.756887172652164,7224,1,True,3,2.3703069474758154
96112,96112,0.756887172652164,7225,1,True,2,2.93618672879663
96113,96113,0.749794688761085,7226,2,True,2,1.8155636476827406
96114,96114,0.756887172652164,7227,1,True,2,2.951079756482981
96115,96115,0.756887172652164,7228,1,True,3,2.3977113494383047
96116,96116,0.756887172652164,7229,1,True,2,2.9407126595840296
96117,96117,0.761578998671743,7230,1,True,3,2.384561171479324
96128,96128,0.290055724101844,7231,1,True,1,1.9409484543161315
96129,96129,0.405805446658257,7232,0,False,1,0.6438415354817694
96130,96130,0.40464817636605,7233,0,False,1,0.6235772618379087
96131,96131,0.405465983348561,7234,0,False,1,0.6090680853465057
96133,96133,0.594819291176207,7235,2,True,3,2.1925415690567878
96134,96134,0.594819291176207,7236,2,True,3,2.194283755183837
96187,96187,0.310157874236326,7237,1,True,1,1.2257695442490641
96188,96188,0.288937262593435,7238,1,True,1,0.9038386105168088
96381,96381,0.336001636859038,7239,0,False,2,1.2345186430944919
96382,96382,0.315181834077308,7240,0,False,1,1.1994923144943384
96383,96383,0.303630803101465,7241,0,False,1,1.0976731075220076
96432,96432,0.295636901620655,7242,0,False,1,0.8928727224196656
96433,96433,0.29617101571253,7243,0,False,1,0.8903843213889885
96434,96434,0.298457792582403,7244,0,False,1,0.9023659473087956
96458,96458,0.349048646518865,7245,0,False,1,0.8693916101212377
96459,96459,0.342950315387491,7246,0,False,1,0.8603814395644367
96460,96460,0.410747312095453,7247,0,False,1,1.0281217819173976
96461,96461,0.414493109264479,7248,0,False,1,1.0391408749377922
96462,96462,0.411738061604726,7249,0,False,1,1.0559863368497953
96470,96470,0.326337139916953,7250,0,False,1,1.4079896082607464
96472,96472,0.420623072237462,7251,0,False,2,1.2505136138419455
96473,96473,0.42323261990774,7252,0,False,2,1.1930991823016632
96474,96474,0.421342207262637,7253,0,False,2,1.1627590195348465
96475,96475,0.540648093774451,7254,0,False,1,1.3502865080740931
96476,96476,0.383713413896896,7255,1,True,2,1.2356911106694173
96492,96492,0.422499975754492,7256,1,True,1,1.1774815823166356
96493,96493,0.42221737489581,7257,1,True,1,1.1773113336738559
96494,96494,0.422074541870852,7258,1,True,1,1.1774100419736162
96495,96495,0.421477044008963,7259,1,True,1,1.1779928940609816
96496,96496,0.263588661420656,7260,2,True,1,2.1208194394593813
96669,96669,0.9542451002245,7261,0,False,3,1.4677623454541695
96670,96670,0.946825425476719,7262,0,False,3,1.4810623535455827
96671,96671,0.946825425476719,7263,0,False,3,1.4660471617774047
96819,96819,0.26820069692805,7264,0,False,2,1.4259790843299402
96823,96823,0.70757402883659,7265,2,True,2,1.3987726619298602
96824,96824,0.710856859471305,7266,2,True,2,1.402632347537682
96825,96825,0.711826689522841,7267,2,True,2,1.3984108014160397
96826,96826,0.714654084452373,7268,2,True,2,1.403322855056802
96835,96835,0.264479441135912,7269,0,False,2,1.1850779467348866
96836,96836,0.288945152874937,7270,0,False,2,1.0937229315206178
96837,96837,0.377694577059798,7271,1,True,1,1.049474987404887
96841,96841,0.546999353068411,7272,2,True,1,0.9160922129796055
96842,96842,0.546528918828017,7273,2,True,1,0.9210443908537493
96880,96880,0.916649945643923,7274,0,False,3,1.4252998900048455
96881,96881,0.918725136187534,7275,0,False,3,1.3844290195678068
96882,96882,0.317815000962623,7276,0,False,2,2.1472527208216623
96908,96908,0.461673752837936,7277,1,True,2,1.1423793727444296
96909,96909,0.454342394799561,7278,1,True,2,1.1446386412491305
96910,96910,0.447938917900946,7279,1,True,2,1.1427191744371488
96928,96928,0.885723333623005,7280,0,False,2,3.4699312879664443
96929,96929,0.883399803234423,7281,0,False,2,3.459611114037304
96930,96930,0.88114101763202,7282,0,False,2,3.456638785947639
96931,96931,0.845175220465873,7283,0,False,2,3.450833678933543
96932,96932,0.843376145691477,7284,0,False,2,3.435481129684899
96933,96933,0.84335556778407,7285,0,False,2,3.4383313396350847
96934,96934,0.783728456294909,7286,0,False,2,2.7535323280427355
97123,97123,0.576804007691577,7287,0,False,2,2.055808650281831
97124,97124,0.582715550082707,7288,0,False,2,2.015490858252833
97125,97125,0.609813188382438,7289,0,False,2,2.2969302773315032
97126,97126,0.599286360128159,7290,0,False,2,2.0242646981221974
97138,97138,0.258455209342881,7291,3,True,1,1.1571383151444135
97139,97139,0.262237445828615,7292,3,True,1,1.1324835472207515
97140,97140,0.328091836945521,7293,3,True,1,1.1016493740155238
97155,97155,0.323324249562529,7294,0,False,1,1.632227195350719
97156,97156,0.323118442549123,7295,0,False,1,1.632464414328382
97157,97157,0.319309787297892,7296,0,False,1,1.5865332330104056
97158,97158,0.281774922020311,7297,0,False,1,1.0129616948707012
97159,97159,0.28075975200105,7298,0,False,1,0.9906549521739488
97287,97287,0.35536207730557,7299,1,True,1,2.163367251371904
97410,97410,0.266862334198416,7300,4,True,1,2.1261512260035307
97507,97507,0.318851635187864,7301,3,True,1,0.9474288198396158
97508,97508,0.30790781228087,7302,3,True,1,0.9376774199308111
97535,97535,0.652961375501818,7303,0,False,2,1.9156186288920334
97536,97536,0.618597047943732,7304,0,False,2,1.356729042693352
97537,97537,0.673504446824153,7305,0,False,2,1.3209829469609276
97541,97541,0.388828960872174,7306,1,True,1,2.0859646101757363
97698,97698,0.254901568372739,7307,3,True,1,1.5457435543235774
97699,97699,0.263797522955059,7308,3,True,1,1.2946781152444289
97700,97700,0.281710184687693,7309,3,True,1,1.2432995380207514
97701,97701,0.261143241252305,7310,3,True,1,0.952934812694692
97702,97702,0.26030826502089,7311,3,True,1,0.9539041949110229
97717,97717,0.254815893803231,7312,3,True,1,1.0287858383332344
97780,97780,0.484322223436707,7313,1,True,1,1.572760250075002
97781,97781,0.484139992655548,7314,1,True,1,1.573079643170547
97782,97782,0.289633735617709,7315,2,True,1,2.1900226640334868
97935,97935,0.615699498518904,7316,0,False,2,1.4216410982008014
97936,97936,0.618565762212068,7317,0,False,2,1.3641644856248378
97971,97971,0.289206349886907,7318,0,False,1,1.6160483740700953
97972,97972,0.300323786308916,7319,0,False,1,1.5044741941816595
97973,97973,0.314438080712591,7320,0,False,1,1.4188389646913726
97974,97974,0.38360826051602,7321,0,False,1,1.7102856630105319
97975,97975,0.381604175155077,7322,0,False,1,1.7087886851071055
97976,97976,0.384879817445109,7323,0,False,1,1.7156181580580818
97986,97986,0.296735838574883,7324,3,True,1,2.137367600465344
97987,97987,0.394318222701138,7325,2,True,1,1.1237434636696986
97988,97988,0.395609534365952,7326,2,True,1,1.126247095841594
97989,97989,0.330334063667419,7327,3,True,1,2.0912696352406774
98034,98034,0.553727866906939,7328,0,False,2,1.3566400251361108
98035,98035,0.516380871228791,7329,0,False,1,1.2771422792767781
98224,98224,0.289195728595013,7330,0,False,2,1.4955509748366425
98245,98245,0.743075663210688,7331,1,True,2,1.8268854123435125
98246,98246,0.67994616049193,7332,1,True,2,1.820949294890149
98247,98247,0.789121794419528,7333,0,False,3,1.2785671954720028
98248,98248,0.789121794419528,7334,0,False,3,1.274983111602722
98249,98249,0.789121794419528,7335,0,False,3,1.2726232624912384
98250,98250,0.789121794419528,7336,0,False,3,1.2702108285436333
98291,98291,0.260456713036434,7337,2,True,1,1.6587438702495672
98295,98295,0.441724786398861,7338,1,True,1,2.1229183740254
98400,98400,0.939397345931244,7339,0,False,3,1.4599966020542856
98405,98405,0.75,7340,2,True,3,2.693069605417104
98406,98406,0.75,7341,2,True,3,2.6931143729965
98407,98407,0.75,7342,2,True,3,2.693019260310668
98408,98408,0.75,7343,2,True,3,2.6930411115394737
98409,98409,0.75,7344,2,True,3,2.693015886905869
98410,98410,0.75,7345,2,True,3,2.693116715151932
98411,98411,0.655945062862066,7346,2,True,2,1.2187499309917451
98412,98412,0.657728187367361,7347,2,True,2,1.2251045489422694
98413,98413,0.457039914695013,7348,2,True,1,1.0008308754833075
98414,98414,0.455953421321879,7349,2,True,1,1.0011656550814974
98415,98415,0.454532270102228,7350,2,True,1,1.0004781298461738
98416,98416,0.419599392447874,7351,2,True,1,1.681799683815841
98417,98417,0.4211277660982,7352,2,True,1,1.656785035637755
98418,98418,0.418854363587235,7353,2,True,1,1.6352009471640705
98419,98419,0.419547834617393,7354,2,True,1,1.5622379767009003
98420,98420,0.434182584550551,7355,2,True,1,1.5523983052248156
98421,98421,0.44126092666297,7356,2,True,1,1.5290258615964638
98440,98440,0.455256554504063,7357,0,False,2,5.576296053145159
98441,98441,0.449807795093568,7358,0,False,2,5.431190032790722
98442,98442,0.440400317985234,7359,0,False,2,4.142702461711479
98449,98449,0.332407018839869,7360,0,False,2,1.2214657496597974
98452,98452,0.272929142428203,7361,0,False,1,0.983348571606016
98454,98454,0.26579585883447,7362,0,False,1,1.0226183567521174
98455,98455,0.266823174309864,7363,0,False,1,1.0078959953786792
98456,98456,0.313464886273185,7364,0,False,1,0.8581829322019305
98469,98469,0.385863744063178,7365,0,False,1,1.0658759639758533
98470,98470,0.386338742741408,7366,0,False,1,1.0670437799737544
98704,98704,0.53969596570359,7367,1,True,2,2.6739081033125762
98792,98792,0.307846310713075,7368,0,False,2,1.2605104439024768
98793,98793,0.313455323980309,7369,0,False,2,1.2299879625745476
98794,98794,0.359424647246435,7370,0,False,2,1.1727156486505261
98795,98795,0.372057977740631,7371,0,False,2,1.1253606032884083
99005,99005,0.344860661480882,7372,3,True,1,1.2401018489516795
99006,99006,0.346035134990673,7373,3,True,1,1.2433669672109988
99007,99007,0.339599718130144,7374,3,True,1,1.251925845911699
99008,99008,0.311390792250527,7375,3,True,1,1.1448454942476611
99009,99009,0.310934117676992,7376,3,True,1,1.1424543567284289
99013,99013,0.270852178488529,7377,2,True,1,1.2936756679468244
99018,99018,0.548633219712944,7378,2,True,1,0.9591594624940922
99019,99019,0.573351008688151,7379,2,True,1,1.05697946655472
99020,99020,0.585511975840078,7380,2,True,1,1.1279886419970244
99021,99021,0.596328991328938,7381,2,True,1,1.152520603469728
99022,99022,0.595955860387426,7382,2,True,1,1.1540995152454463
99023,99023,0.595878387722605,7383,2,True,1,1.1542547942383234
99024,99024,0.46359234280981,7384,3,True,1,2.207610442579462
99075,99075,0.446837077062578,7385,1,True,2,1.071550716736455
99076,99076,0.442523663353579,7386,1,True,2,1.0673655900992711
99104,99104,0.638835623646518,7387,1,True,3,1.5993612681645815
99348,99348,0.627260351350876,7388,0,False,2,1.6930371466455785
99470,99470,0.351210302211108,7389,1,True,1,2.2164608053503714
99471,99471,0.41150379926211,7390,0,False,1,1.6433598589649243
99472,99472,0.506395418664032,7391,0,False,1,1.1645609046402055
99473,99473,0.748950610537274,7392,1,True,3,1.74802739978452
99474,99474,0.540070082813388,7393,1,True,2,1.7427181692676472
99507,99507,0.592321524132964,7394,0,False,1,1.0566644334787976
99508,99508,0.443098170124581,7395,1,True,1,2.1239482204085283
99633,99633,0.450664620944601,7396,1,True,2,1.4047653821065722
99634,99634,0.620407459200341,7397,0,False,2,1.5454346122057294
99635,99635,0.626515266254549,7398,0,False,2,1.5265199168552956
99816,99816,0.409340293482849,7399,4,True,2,1.8071003936081762
99817,99817,0.409725104235472,7400,4,True,2,1.8056909251862008
99818,99818,0.410267377065858,7401,4,True,2,1.8053304054007735
99819,99819,0.410597197330421,7402,4,True,2,1.804352067982293
99820,99820,0.415728541896861,7403,4,True,2,1.8071002563515264
99821,99821,0.415942364876264,7404,4,True,2,1.8022162840542502
99822,99822,0.416047717306916,7405,4,True,2,1.801862352594482
99823,99823,0.416517603329532,7406,4,True,2,1.8018519566557993
99834,99834,0.40649849842779,7407,4,True,2,1.8099830439752547
99835,99835,0.407225355183577,7408,4,True,2,1.8102261577598933
99836,99836,0.407429485081519,7409,4,True,2,1.8087466961204868
99837,99837,0.407621948600213,7410,4,True,2,1.808571985316949
99900,99900,0.75,7411,2,True,3,2.8174679501451005
99901,99901,0.75,7412,2,True,3,2.8071882116646907
99902,99902,0.75,7413,2,True,3,2.8063149428444247
99903,99903,0.75,7414,2,True,3,2.8054134669541164
99921,99921,0.290118518088666,7415,1,True,1,0.9122358826322599
99925,99925,0.617149083982883,7416,0,False,2,1.3649120869861555
99926,99926,0.613756676719206,7417,0,False,2,1.3663651602611606
99927,99927,0.614252081854698,7418,0,False,2,1.3666630955857564
99928,99928,0.620206766849489,7419,0,False,2,1.365271570076224
99929,99929,0.591435259470491,7420,0,False,2,1.3079165511016735
99930,99930,0.591520052454553,7421,0,False,2,1.3087383949228044
99931,99931,0.592512666636319,7422,0,False,2,1.3111352872677478
99989,99989,0.621135052831124,7423,2,True,3,2.269058689056402
99990,99990,0.621135052831124,7424,2,True,3,2.2691599007995493
99991,99991,0.59120869156204,7425,2,True,2,1.6984241056069391
99992,99992,0.621135052831124,7426,2,True,3,2.269628180917058
99993,99993,0.623142962178837,7427,2,True,3,2.2722560328989663
99994,99994,0.623142962178837,7428,2,True,2,2.6417581546981053
99995,99995,0.623142962178837,7429,2,True,3,2.2739987189678703
99996,99996,0.623142962178837,7430,2,True,3,2.2741177562794186
99997,99997,0.45647629551217,7431,3,True,3,2.680424262018613
99998,99998,0.45647629551217,7432,3,True,3,2.6808053500985154
99999,99999,0.454244995521356,7433,3,True,3,2.683080511834395
100000,100000,0.454244995521356,7434,3,True,3,2.6832756870836976
100001,100001,0.269468053005957,7435,4,True,2,2.7817685904023186
100003,100003,0.260764054318761,7436,4,True,2,2.780831924947066
100004,100004,0.260764054318761,7437,4,True,2,2.782068665668108
100005,100005,0.260764054318761,7438,4,True,2,2.783946871707093
100078,100078,0.300536796183775,7439,2,True,1,1.3556442923627186
100079,100079,0.305268829840594,7440,2,True,1,1.3697663888757003
100080,100080,0.301988007585957,7441,2,True,1,1.3661705886334918
100139,100139,0.789121794419528,7442,0,False,3,1.3166129458046922
100240,100240,0.382327924866568,7443,3,True,1,1.0729291720410847
100241,100241,0.644817078097064,7444,2,True,2,1.5016926561070276
100242,100242,0.645131775132924,7445,2,True,2,1.5002367993908512
100243,100243,0.64961150151699,7446,2,True,2,1.5042036802562946
100244,100244,0.675976077758982,7447,2,True,2,1.5660621139933275
100245,100245,0.627605104917976,7448,2,True,1,1.174855200831164
100246,100246,0.624065885347856,7449,2,True,1,1.1756977769044434
100247,100247,0.486008810715548,7450,2,True,1,1.9599898383382792
100248,100248,0.482977809652306,7451,2,True,1,2.128971714121398
100249,100249,0.575693752769547,7452,2,True,1,1.1953087281112154
100250,100250,0.578181430715563,7453,2,True,1,1.1562670047661359
100251,100251,0.589099234993234,7454,2,True,1,1.1487510442207884
100252,100252,0.567684510530382,7455,2,True,1,0.9916187255505766
100253,100253,0.567825429843718,7456,2,True,1,0.9914997561171992
100254,100254,0.570888137621156,7457,2,True,1,0.988915338676155
100301,100301,0.417058368877689,7458,0,False,1,2.539853659791443
100304,100304,0.502102927631837,7459,0,False,2,1.3451744235725107
100305,100305,0.502008024362848,7460,0,False,2,1.3585909081805563
100498,100498,0.250944406246842,7461,4,True,2,1.6991363620567526
100499,100499,0.250912373162376,7462,4,True,2,1.7002093941746717
100500,100500,0.250864605205981,7463,4,True,2,1.7010240624862787
100501,100501,0.250785469865254,7464,4,True,2,1.701882862433433
100504,100504,0.250860616964821,7465,4,True,2,1.701718056510541
100505,100505,0.250938353373189,7466,4,True,2,1.7006419032614084
100506,100506,0.25097513141922,7467,4,True,2,1.6995638661980375
100526,100526,0.499310151602137,7468,2,True,1,0.9462404123411364
100527,100527,0.485312477500793,7469,2,True,1,0.9360226231499963
100528,100528,0.482261904930041,7470,2,True,1,0.9349656433893816
100529,100529,0.478718835902191,7471,2,True,1,0.9345316295172165
100530,100530,0.484055713867779,7472,2,True,1,0.9425467798372124
100531,100531,0.494922472785686,7473,2,True,1,0.9486331911161001
100532,100532,0.547929143821021,7474,2,True,1,1.0832614040388948
100594,100594,0.424535624797556,7475,2,True,1,1.943762005533114
100595,100595,0.438198561409427,7476,2,True,1,1.9492350663609357
100713,100713,0.29553217425798,7477,0,False,2,4.446003385994759
100721,100721,0.501611286988827,7478,0,False,2,1.2510787715850116
100722,100722,0.504307102703332,7479,0,False,2,1.266835830540546
100743,100743,0.435674175760758,7480,0,False,1,1.2815340573785299
100744,100744,0.527862550165981,7481,0,False,1,0.9726868138341906
100747,100747,0.502187879342058,7482,0,False,1,0.9714782084957905
100748,100748,0.501986874794359,7483,0,False,1,0.9721267994916261
100749,100749,0.493915140791447,7484,0,False,1,0.9700734800376132
100750,100750,0.493775822434586,7485,0,False,1,0.9729684407233015
100751,100751,0.493858958904734,7486,0,False,1,0.9801120640567651
100937,100937,0.366532762940262,7487,4,True,2,1.790988881312679
100938,100938,0.390332007580682,7488,4,True,2,1.7997826535860153
100939,100939,0.410161800396493,7489,4,True,2,1.810687442159114
100940,100940,0.415662912816734,7490,4,True,2,1.811231933641461
100941,100941,0.4159854750428,7491,4,True,2,1.8099429799488138
101097,101097,0.255345129306337,7492,2,True,1,2.527979798700321
101190,101190,0.381542391401136,7493,2,True,1,2.0821440347914826
101191,101191,0.493805224135948,7494,1,True,1,0.9104435029050324
101256,101256,0.320430022015627,7495,3,True,1,1.1521260214699807
101535,101535,0.929923502543709,7496,0,False,3,1.280371327276134
101536,101536,0.933261139232501,7497,0,False,3,1.2714868279316098
101537,101537,0.937338052239756,7498,0,False,3,1.2717226385840907
101538,101538,0.937681518349401,7499,0,False,3,1.2452193984349627
101539,101539,0.943890758213196,7500,0,False,2,3.5677946586879057
101540,101540,0.943900913000403,7501,0,False,2,3.569865083461213
101541,101541,0.678481680156356,7502,1,True,3,3.92688085292436
101587,101587,0.559935762540127,7503,2,True,2,1.6084357226065749
101588,101588,0.559529398975663,7504,2,True,2,1.6077192600145511
101610,101610,0.925481630965246,7505,0,False,3,1.234249411041155
101611,101611,0.266296834060474,7506,0,False,1,1.2254643251994262
101612,101612,0.320434925112479,7507,0,False,1,1.6853834240696022
101613,101613,0.27816366280344,7508,0,False,1,0.8543946986663156
101627,101627,0.288352493302939,7509,0,False,1,1.0443696791298078
101628,101628,0.254442446439334,7510,0,False,1,0.8717385931930416
101629,101629,0.263172741369571,7511,0,False,1,0.8520995362841535
101630,101630,0.417805471518771,7512,0,False,1,1.6877140162786959
101631,101631,0.458980641945897,7513,0,False,1,1.861766303601336
101649,101649,0.705933415343301,7514,0,False,2,3.417624160738955
101650,101650,0.714548465627524,7515,0,False,2,3.4276812591733203
101651,101651,0.893734907639148,7516,0,False,3,1.4232583374816947
101652,101652,0.862092228494692,7517,0,False,3,1.432883520837286
101653,101653,0.861218146017934,7518,0,False,2,3.5833160403558533
101654,101654,0.86118282500786,7519,0,False,2,3.5859310913943223
101655,101655,0.86113158994833,7520,0,False,2,3.5879046313710763
101656,101656,0.861086342786549,7521,0,False,2,3.5906449482219434
101657,101657,0.566352421682796,7522,2,True,1,3.399265221006125
101869,101869,0.291971661657156,7523,3,True,1,1.1353344404864154
101870,101870,0.291810292967268,7524,3,True,1,1.1346609682823192
101871,101871,0.291650902165663,7525,3,True,1,1.1340353928829827
101872,101872,0.291377226750713,7526,3,True,1,1.1329840760168086
101873,101873,0.278020130814341,7527,3,True,1,1.167615580220529
101874,101874,0.272366506504706,7528,3,True,1,1.1511393418069946
101944,101944,0.618579436006508,7529,1,True,3,1.7167730678178676
101945,101945,0.607829748434599,7530,1,True,3,1.734378263618529
101946,101946,0.607829748434599,7531,1,True,2,3.523738814264983
101947,101947,0.357829748434599,7532,2,True,3,4.039913063489347
102153,102153,0.513795024063055,7533,0,False,2,1.327416725013451
102154,102154,0.516260312733005,7534,0,False,2,1.291199524353113
102260,102260,0.401463135867737,7535,1,True,2,1.1000730082471974
102261,102261,0.394562399330634,7536,1,True,2,1.0851294600323573
102262,102262,0.377845534843563,7537,1,True,2,1.0765120982572414
102263,102263,0.358431297003291,7538,1,True,2,1.056354739189065
102264,102264,0.355842841455815,7539,1,True,2,1.0631950008748825
102265,102265,0.336151418838693,7540,1,True,2,1.0542232206898352
102267,102267,0.337843277680679,7541,0,False,2,1.0709743359026755
102268,102268,0.545102545040847,7542,0,False,2,2.275879556647513
102276,102276,0.290999284721953,7543,0,False,1,1.4615263271341998
102277,102277,0.378728105058269,7544,0,False,1,0.542806160773436
102278,102278,0.37667932491711,7545,1,True,1,0.5538320412258956
102279,102279,0.37836486128186,7546,1,True,1,0.5484498513385858
102408,102408,0.402425396829775,7547,0,False,1,2.05004716978278
102409,102409,0.320340839478813,7548,0,False,2,1.26951335350754
102410,102410,0.320916814344917,7549,0,False,2,1.264891778824522
102411,102411,0.321009532535535,7550,0,False,2,1.2591246814822832
102412,102412,0.320576933534845,7551,0,False,2,1.2576212987881552
102413,102413,0.319200842965902,7552,0,False,2,1.2616066771275123
102414,102414,0.318793275266356,7553,0,False,2,1.239191111824015
102415,102415,0.315188162847198,7554,0,False,2,1.2310274065843665
102416,102416,0.341201760227195,7555,0,False,2,1.2313732360768515
102440,102440,0.324563968020922,7556,0,False,1,1.1008159923124687
102441,102441,0.352452493758137,7557,0,False,2,4.216155471799928
102470,102470,0.31160438091561,7558,2,True,1,0.9611405408005039
102471,102471,0.311141834564973,7559,2,True,1,0.9603282028164485
102472,102472,0.310783611435191,7560,2,True,1,0.9594673154936622
102473,102473,0.310443767059118,7561,2,True,1,0.9587467990452304
102474,102474,0.309812450705973,7562,2,True,1,0.9576301735191679
102475,102475,0.308463710244221,7563,2,True,1,0.955109409280499
102476,102476,0.307036405882794,7564,2,True,1,0.9514354431534753
102477,102477,0.306616451947788,7565,2,True,1,0.9492913040523
102478,102478,0.34086290712353,7566,2,True,1,1.0160558533970165
102479,102479,0.340333196852971,7567,2,True,1,1.0147055330794328
102480,102480,0.34003134229055,7568,2,True,1,1.013578536686855
102481,102481,0.339833001389951,7569,2,True,1,1.0129443891659267
102543,102543,0.910761936102243,7570,0,False,3,1.2295019887378742
102544,102544,0.91208372317624,7571,0,False,3,1.2295426151295463
102545,102545,0.91208372317624,7572,0,False,3,1.2297657592719669
102546,102546,0.910377261226231,7573,0,False,3,1.2297532850072173
102547,102547,0.910377261226231,7574,0,False,3,1.2297063117729858
102548,102548,0.910761936102243,7575,0,False,3,1.2297956506151553
102549,102549,0.910761936102243,7576,0,False,3,1.4504551631367033
102550,102550,0.910761936102243,7577,0,False,3,1.4507143821332662
102551,102551,0.910761936102243,7578,0,False,3,1.2613650034387889
102552,102552,0.910761936102243,7579,0,False,3,1.2612737285580216
102553,102553,0.910761936102243,7580,0,False,3,1.344974262533085
102554,102554,0.910761936102243,7581,0,False,3,1.3448437092289809
102555,102555,0.946828316787599,7582,0,False,3,1.4425756571040391
102556,102556,0.696519525301926,7583,1,True,3,3.92688085292436
102646,102646,0.317883941934542,7584,2,True,1,1.6299113300846748
102647,102647,0.317777271761052,7585,2,True,1,1.6301787766508
102648,102648,0.320344803330611,7586,2,True,1,1.626444149966488
102649,102649,0.331593658290738,7587,2,True,1,1.788312205186907
102672,102672,0.943477906344572,7588,0,False,3,1.4028201522216244
102673,102673,0.677603201571284,7589,1,True,3,3.92688085292436
102684,102684,0.419069632499391,7590,1,True,2,1.6247187659224538
102724,102724,0.749070400399469,7591,0,False,2,1.821748174065031
102725,102725,0.5,7592,1,True,1,2.3085745602864485
102794,102794,0.583333333333333,7593,3,True,3,2.971138773132189
102795,102795,0.583333333333333,7594,3,True,3,2.9717232605016544
102796,102796,0.583333333333333,7595,3,True,3,2.9724281219451996
102797,102797,0.583333333333333,7596,3,True,3,2.9726619776283703
102798,102798,0.333333333333333,7597,4,True,1,3.901803392274079
102899,102899,0.334549585690534,7598,1,True,1,2.1661594038053833
102960,102960,0.322668010284085,7599,2,True,1,1.136776309249455
102968,102968,0.293923057898863,7600,3,True,1,1.0108908564348373
102969,102969,0.293801385606101,7601,3,True,1,1.011006119472328
102970,102970,0.293282136176605,7602,3,True,1,1.01220545073315
102971,102971,0.293144526551513,7603,3,True,1,1.012275040447624
102972,102972,0.292905486366189,7604,3,True,1,1.0131917611506744
102973,102973,0.273046861998776,7605,3,True,1,1.0695365938673709
102974,102974,0.272695017311825,7606,3,True,1,1.070290743062882
102975,102975,0.27242612749614,7607,3,True,1,1.0710218132955822
102976,102976,0.272892991354622,7608,3,True,1,1.0808200799705332
102977,102977,0.272703281870255,7609,3,True,1,1.0807288026737467
102979,102979,0.300853077139607,7610,0,False,2,1.0930988645724355
102980,102980,0.330852400090306,7611,0,False,2,1.2545048039717634
102981,102981,0.336252221188518,7612,1,True,1,2.0935815725268556
103061,103061,0.561480847452163,7613,0,False,1,0.9718499828681015
103122,103122,0.252250684318771,7614,0,False,1,2.8368720732395443
103123,103123,0.924388331306854,7615,0,False,3,1.2306939270444477
103124,103124,0.919482226296638,7616,0,False,3,1.2333056845539807
103125,103125,0.905811069095749,7617,0,False,3,1.231903040073951
103130,103130,0.257863825872274,7618,0,False,2,1.4302114428891812
103131,103131,0.257571321373118,7619,0,False,2,1.4325807158074078
103311,103311,0.352894433531401,7620,3,True,1,1.0842649465398184
103312,103312,0.341144058942669,7621,3,True,1,1.0667565499851768
103313,103313,0.320385578601429,7622,3,True,1,1.053955713739161
103406,103406,0.418042654706266,7623,0,False,1,1.3814150009900852
103407,103407,0.398955711478747,7624,0,False,1,1.6119165683577876
103408,103408,0.384431159848223,7625,0,False,1,1.0909133019987187
103409,103409,0.38287408458854,7626,0,False,1,1.0945216853377835
103410,103410,0.380747278118652,7627,0,False,1,1.097943905943718
103411,103411,0.503794244750986,7628,0,False,2,1.250207076617436
103412,103412,0.509243482883874,7629,0,False,2,1.176466959488878
103413,103413,0.286762962588701,7630,3,True,1,1.2430377278421059
103414,103414,0.286097552621471,7631,3,True,1,1.2417668421240304
103415,103415,0.285706809673967,7632,3,True,1,1.2408681876028358
103493,103493,0.363398350537068,7633,0,False,2,1.4124501718361944
103496,103496,0.253973015677598,7634,3,True,1,1.0771903358750536
103497,103497,0.26000852479381,7635,3,True,1,1.0899304349065102
103498,103498,0.260448804374831,7636,3,True,1,1.0946393850808598
103499,103499,0.26112143285065,7637,3,True,1,1.100844746648889
103785,103785,0.289157664228638,7638,0,False,1,0.7894458820497401
103786,103786,0.289804325469813,7639,0,False,1,0.7912853680922388
103787,103787,0.332322892138495,7640,0,False,2,1.0057413310650332
103788,103788,0.332505172692997,7641,0,False,2,1.0062441146156273
103789,103789,0.332384426098951,7642,0,False,2,1.006222956830223
103856,103856,0.294591400949777,7643,1,True,1,0.9498987017006363
103857,103857,0.290015801126042,7644,1,True,1,0.9262521576601408
103923,103923,0.632103743952374,7645,0,False,2,3.5284885564399446
103943,103943,0.756140644599925,7646,0,False,2,1.6403675118677994
103944,103944,0.762650851436201,7647,0,False,2,1.9306959335485894
103945,103945,0.762654798423174,7648,0,False,2,1.9365245760089755
103946,103946,0.762660721394958,7649,0,False,2,1.9409037403650216
103947,103947,0.762697689170381,7650,0,False,2,1.9439074009894242
103948,103948,0.756129336631804,7651,0,False,2,1.635471518612884
103965,103965,0.25668279996409,7652,1,True,2,1.685975773416309
103966,103966,0.293699603510641,7653,1,True,2,1.7013941921644378
103967,103967,0.451968888685104,7654,2,True,3,4.039913063489347
104136,104136,0.509769506764874,7655,0,False,2,1.353677858763281
104137,104137,0.510484320895999,7656,0,False,2,1.3459836592164742
104138,104138,0.510355930682243,7657,0,False,2,1.342123165792063
104165,104165,0.480392004775152,7658,0,False,2,2.4093737908789254
104166,104166,0.479632570428891,7659,0,False,2,2.4168781790709057
104167,104167,0.479916519284302,7660,0,False,2,2.4156809874961027
104168,104168,0.479450321378689,7661,0,False,2,2.4227463435766805
104181,104181,0.393049583974666,7662,2,True,2,1.0524602293852536
104182,104182,0.391273329059184,7663,2,True,2,1.0518713573542136
104183,104183,0.390258379639254,7664,2,True,2,1.0514186792300337
104223,104223,0.386632204819949,7665,2,True,1,1.1278802119323186
104224,104224,0.413356438698829,7666,2,True,1,1.070613913073846
104225,104225,0.398870430925732,7667,2,True,1,1.1051175934928512
104226,104226,0.323959277046405,7668,3,True,1,2.1571371192862756
104227,104227,0.401770229344996,7669,2,True,2,0.9692677832427976
104228,104228,0.402302606689541,7670,2,True,2,0.975075595375631
104229,104229,0.409795813913334,7671,2,True,2,0.9864219776404036
104360,104360,0.32530478818779,7672,3,True,1,1.1589816937722182
104361,104361,0.306012868500079,7673,3,True,1,1.0742806966665541
104362,104362,0.298880691582374,7674,3,True,1,1.003551980850344
104363,104363,0.268302028130706,7675,3,True,1,0.9644888328921387
104364,104364,0.270141703175969,7676,3,True,1,0.9512722834870557
104366,104366,0.283375961592229,7677,3,True,1,0.8773549926511663
104367,104367,0.277899143123338,7678,3,True,1,0.877899839920234
104368,104368,0.278413876976487,7679,3,True,1,0.879226418565915
104369,104369,0.28041994628374,7680,3,True,1,0.8854209825639691
104370,104370,0.299257781294672,7681,3,True,1,0.9083939326938805
104371,104371,0.304845266575239,7682,3,True,1,0.9282025464775261
104372,104372,0.308340820058385,7683,3,True,1,0.9409303156047409
104461,104461,0.938613448397767,7684,0,False,3,1.4132324719001548
104464,104464,0.758825509528166,7685,1,True,3,1.7141460753810953
104465,104465,0.758336158879895,7686,1,True,3,1.7277122221113081
104466,104466,0.753152159871176,7687,1,True,3,1.738227803525472
104467,104467,0.602897953578844,7688,2,True,2,2.8563046622725063
104468,104468,0.60287352284697,7689,2,True,2,2.8592959617666165
104469,104469,0.602897953578844,7690,2,True,2,2.8663179225691238
104470,104470,0.351818140612098,7691,3,True,3,4.458074481434709
104577,104577,0.766246801086333,7692,1,True,3,1.704844235275527
104578,104578,0.762518521878439,7693,1,True,3,1.7487078571941923
104579,104579,0.496454344919427,7694,2,True,1,4.1537024244433915
104593,104593,0.313183625718958,7695,2,True,1,0.9659037929148082
104594,104594,0.317949646288479,7696,2,True,1,0.9986369275538746
104698,104698,0.412598236671731,7697,1,True,1,1.063640804423287
104699,104699,0.483570920408367,7698,1,True,2,1.0233446396712522
104700,104700,0.415743928673893,7699,1,True,1,1.1346083413430577
104708,104708,0.916211730901855,7700,0,False,3,1.248077372049131
104709,104709,0.916211730901855,7701,0,False,3,1.2482885920861437
104710,104710,0.916211730901855,7702,0,False,3,1.2485245559521538
104711,104711,0.916211730901855,7703,0,False,3,1.2488604348443744
104842,104842,0.311001801898546,7704,0,False,2,1.5940928984771574
104843,104843,0.312317073154523,7705,0,False,2,1.5928723101127875
104932,104932,0.416666666666667,7706,4,True,2,2.9461606776475655
104933,104933,0.416666666666667,7707,4,True,2,2.945810995777056
104934,104934,0.416666666666667,7708,4,True,2,2.9452592593866034
105024,105024,0.286927977133181,7709,0,False,1,1.3555215844473174
105025,105025,0.283777460324366,7710,0,False,1,1.3501509788803132
105026,105026,0.276733786663497,7711,0,False,1,1.3438413208784141
105027,105027,0.276121094317217,7712,0,False,1,1.360806230787633
105061,105061,0.478282047726248,7713,0,False,2,2.4718772795035706
105062,105062,0.48085620038496,7714,0,False,2,2.477583566728305
105063,105063,0.480890676470403,7715,0,False,2,2.4807755095320703
105064,105064,0.484813433495678,7716,0,False,2,2.4544058996948057
105065,105065,0.326720625176316,7717,1,True,1,3.171049745878681
105100,105100,0.448218302928848,7718,0,False,2,1.7646138302372723
105101,105101,0.447179627614808,7719,0,False,2,1.7655740745017467
105219,105219,0.360609009086373,7720,3,True,1,2.0805140255246597
105220,105220,0.469690161203208,7721,2,True,1,0.9202174876227978
105221,105221,0.473059952269389,7722,2,True,1,0.9084545985976411
105222,105222,0.479649703638032,7723,2,True,1,0.8991320605330899
105236,105236,0.366473403138577,7724,1,True,2,1.1844659121343142
105237,105237,0.355945344032216,7725,1,True,2,1.189375073403411
105238,105238,0.348817958512835,7726,1,True,2,1.1916064066447938
105239,105239,0.328945113194267,7727,1,True,2,1.213119194821021
105240,105240,0.34339596770107,7728,0,False,2,1.3717727806897706
105241,105241,0.326131373108223,7729,0,False,1,1.3972457392474609
105278,105278,0.396874132845087,7730,0,False,1,0.5528711875390393
105347,105347,0.418193929806736,7731,0,False,1,1.2786364672856816
105348,105348,0.302947460883156,7732,0,False,1,1.7535105186857884
105349,105349,0.436107033611245,7733,0,False,2,1.5858323975995365
105476,105476,0.299965805018088,7734,0,False,1,1.9798771629503558
105555,105555,0.475832876829624,7735,0,False,2,1.6820376307564204
105556,105556,0.473354559238291,7736,0,False,1,1.0432643863005469
105557,105557,0.335126201712284,7737,1,True,1,2.077959705674253
105567,105567,0.256000065026173,7738,0,False,2,4.639573768177035
105637,105637,0.376684748877341,7739,2,True,2,1.0285202791283965
105641,105641,0.5554889620862,7740,0,False,2,2.7049340993830997
105675,105675,0.28232034930311,7741,1,True,1,1.318554057752973
105676,105676,0.286002268931469,7742,1,True,1,1.2681193597308975
105679,105679,0.278759825842922,7743,1,True,1,2.1618206380120846
105686,105686,0.456125534891011,7744,3,True,2,1.2538313480097456
105687,105687,0.454534828261399,7745,3,True,2,1.2537671933546573
105688,105688,0.446722575552039,7746,3,True,2,1.24927474998419
105689,105689,0.444326705566031,7747,3,True,2,1.2478427583531166
105690,105690,0.435390299728938,7748,3,True,2,1.2460279656118511
105691,105691,0.433192017853153,7749,3,True,2,1.245551840124534
105704,105704,0.289320169591505,7750,3,True,1,0.9730001340235392
105705,105705,0.289089464948489,7751,3,True,1,0.9715716932539891
105706,105706,0.269658223188418,7752,3,True,1,1.0258599883513866
105720,105720,0.489858146722383,7753,0,False,2,1.71271302699993
105721,105721,0.479055155768263,7754,0,False,1,1.5036765786664783
105722,105722,0.504316533481873,7755,0,False,2,1.5421158675338595
105927,105927,0.325412490525615,7756,3,True,1,2.0976664892825623
105959,105959,0.338397881497207,7757,2,True,1,1.8891938275599949
105960,105960,0.339897622171948,7758,2,True,1,1.9641550484383834
105961,105961,0.339917189902728,7759,2,True,1,1.9696777777166266
105962,105962,0.340912916016513,7760,2,True,1,1.9742402928487632
105963,105963,0.340965791254399,7761,2,True,1,1.978319005924636
105964,105964,0.340880782688301,7762,2,True,1,1.9815371013694978
105965,105965,0.341137192069535,7763,2,True,1,1.992538238067895
105966,105966,0.339868152913444,7764,2,True,1,2.003444076072617
105967,105967,0.341166593873626,7765,2,True,1,2.0062280072884016
105968,105968,0.341299484373546,7766,2,True,1,2.010707116932958
105969,105969,0.342616590709547,7767,2,True,1,2.015202363213965
105970,105970,0.34283155071041,7768,2,True,1,2.0205314970734674
105971,105971,0.341505685081526,7769,2,True,1,2.0253064736634414
105972,105972,0.341738966119867,7770,2,True,1,2.0283948310936633
105993,105993,0.370216263936055,7771,2,True,1,1.1099656047871491
105994,105994,0.371098555324217,7772,2,True,1,1.1064267866707567
105995,105995,0.337905606492266,7773,3,True,1,1.057525030784208
105996,105996,0.337704949622077,7774,3,True,1,1.058005645228074
105997,105997,0.337494145005302,7775,3,True,1,1.056557147939215
105998,105998,0.337213223875013,7776,3,True,1,1.055024590645204
105999,105999,0.40945226373428,7777,2,True,1,0.9488675479699057
106000,106000,0.409380106237091,7778,2,True,1,0.9459095524798266
106001,106001,0.332462961498363,7779,2,True,1,1.3545744648654756
106002,106002,0.336765729724989,7780,2,True,1,1.3532709320554677
106003,106003,0.330776098361437,7781,2,True,1,1.3774081202578294
106012,106012,0.304323133902407,7782,0,False,1,0.9593545316388978
106013,106013,0.30139584385186,7783,0,False,1,0.934479791725015
106014,106014,0.296396200466654,7784,0,False,1,0.9141203370407336
106015,106015,0.286841479191013,7785,0,False,1,0.9191757410100956
106016,106016,0.280913400310463,7786,0,False,1,0.9119446346565117
106151,106151,0.341900854920296,7787,0,False,1,0.9154359672491978
106152,106152,0.343060586956407,7788,0,False,1,1.0596005904258368
106546,106546,0.931447248746271,7789,0,False,3,1.228951961773442
106547,106547,0.935581509181617,7790,0,False,3,1.229091142368073
106548,106548,0.613777546848299,7791,0,False,2,1.315528612494817
106549,106549,0.937973064507321,7792,0,False,3,1.4696357325340499
106571,106571,0.482736002869946,7793,0,False,1,0.9467678160012623
106572,106572,0.457455586050285,7794,0,False,1,0.9492298836313078
106573,106573,0.450080736290423,7795,0,False,1,0.9473975921926839
106574,106574,0.448679579396487,7796,0,False,1,0.9442181808905341
106575,106575,0.275147678929898,7797,0,False,1,1.9621859909222228
106576,106576,0.393750687132422,7798,0,False,1,1.0444275951042954
106577,106577,0.425112126781972,7799,0,False,1,1.4461396646541136
106578,106578,0.474636319433864,7800,0,False,1,1.1199343381555515
106698,106698,0.280531810248728,7801,4,True,2,1.3937873354349246
106699,106699,0.279193235104177,7802,4,True,2,1.394414799031398
106770,106770,0.331529307400375,7803,3,True,1,2.089870464084674
107096,107096,0.436945852317208,7804,0,False,2,1.2377934281608245
107097,107097,0.450560321488614,7805,0,False,2,1.2593912296729788
107098,107098,0.468990260017707,7806,0,False,2,1.6973015657665174
107099,107099,0.47053465081949,7807,0,False,2,1.7072006135408517
107100,107100,0.47535025178924,7808,0,False,2,1.7720367589929171
107101,107101,0.460062228592103,7809,0,False,2,2.1851249869036544
107102,107102,0.403969311759361,7810,0,False,2,2.6898388510652254
107103,107103,0.39533631858493,7811,0,False,2,2.7385079581402665
107104,107104,0.393588720857898,7812,0,False,2,2.6947319408377317
107105,107105,0.385854689972156,7813,0,False,2,2.6621447291631806
107106,107106,0.408368891710369,7814,0,False,2,3.0123937941876697
107209,107209,0.372611326421267,7815,3,True,3,4.302249262722952
107326,107326,0.253894433064832,7816,0,False,1,0.894628097512752
107327,107327,0.263992152776724,7817,0,False,1,0.8290351842513849
107328,107328,0.29517953716349,7818,0,False,1,1.0254881827303854
107329,107329,0.329879583089532,7819,0,False,2,1.254051759663925
107330,107330,0.338493591064108,7820,0,False,2,1.2293413085932223
107331,107331,0.257664258072357,7821,1,True,1,2.41745188917259
107333,107333,0.47041890957156,7822,0,False,2,1.8495671353310876
107334,107334,0.469888804168261,7823,0,False,2,1.858121354654897
107339,107339,0.592408908171627,7824,0,False,1,1.049820780394228
107340,107340,0.592344886566442,7825,0,False,1,1.050850992363193
107341,107341,0.442794861112162,7826,1,True,1,2.1236172008023337
107400,107400,0.350609259287895,7827,4,True,2,1.608807182805005
107401,107401,0.352217415894159,7828,4,True,2,1.6116455787562654
107402,107402,0.352685071995111,7829,4,True,2,1.6124570317523117
107499,107499,0.340889543952448,7830,3,True,1,2.086247049863244
107507,107507,0.472212350147715,7831,1,True,2,2.2940029321145334
107508,107508,0.822477289895531,7832,1,True,3,1.9702901453159383
107516,107516,0.252854372251803,7833,3,True,1,1.0447725335393532
107854,107854,0.480308705446426,7834,0,False,1,0.8698599688124083
107855,107855,0.470417568794616,7835,0,False,1,0.8776360947269285
107856,107856,0.462871775177041,7836,0,False,1,0.9283139374270851
107857,107857,0.395398510253836,7837,0,False,1,2.1213018054523847
107858,107858,0.393279904041332,7838,0,False,1,2.1172761099628112
107859,107859,0.393273726660399,7839,0,False,1,2.117477078297935
107885,107885,0.291680514326634,7840,0,False,1,1.4013222094339621
107888,107888,0.520139450498098,7841,0,False,1,0.9848300169973825
107889,107889,0.523952701736272,7842,0,False,1,0.9676867348515533
107890,107890,0.524042848116656,7843,0,False,1,0.967298205948874
107891,107891,0.52413002707593,7844,0,False,1,0.9669723419656624
107892,107892,0.524231270311177,7845,0,False,1,0.9666342085302191
107893,107893,0.528501547612855,7846,0,False,1,0.9735215821732582
107894,107894,0.522837532058868,7847,0,False,1,0.9580178610950608
108073,108073,0.75,7848,2,True,3,2.71046425321176
108080,108080,0.285266671843637,7849,3,True,1,1.4065481940073683
108082,108082,0.75,7850,2,True,3,2.6939674234812485
108083,108083,0.75,7851,2,True,3,2.693679052874539
108093,108093,0.452356804358232,7852,3,True,2,1.2331143740580477
108094,108094,0.455194711078382,7853,3,True,2,1.232208565415203
108095,108095,0.461575671942521,7854,3,True,2,1.2328730384506088
108096,108096,0.467787555117972,7855,3,True,2,1.2380125142990008
108097,108097,0.436756956233942,7856,3,True,2,1.4178504219169537
108098,108098,0.364823691476472,7857,3,True,1,0.9742971912631936
108259,108259,0.333333333333333,7858,4,True,1,3.901803392274079
108528,108528,0.412570053036124,7859,0,False,2,1.772764875335603
108529,108529,0.420839375440996,7860,0,False,2,1.7415683785082787
108530,108530,0.429355933834387,7861,0,False,2,1.7372250695126168
108531,108531,0.43454300736853,7862,0,False,2,1.741257146327802
108532,108532,0.4363043575737,7863,0,False,2,1.7430577402475778
108533,108533,0.436941668610954,7864,0,False,2,1.7443993335167693
108534,108534,0.444284864774136,7865,0,False,2,1.7314052694659767
108535,108535,0.39257329630859,7866,0,False,2,2.2743492753478214
108547,108547,0.381358812468494,7867,2,True,1,1.7396980217784328
108548,108548,0.440881512809328,7868,2,True,1,0.8972504708823041
108549,108549,0.441451269975135,7869,2,True,1,0.8984788247360023
108550,108550,0.445993384994163,7870,2,True,1,0.8804296376842609
108551,108551,0.45449711982738,7871,2,True,1,0.8622221640627207
108552,108552,0.449915188941742,7872,2,True,1,0.8756239228055509
108553,108553,0.445127575154786,7873,2,True,1,0.9196085421755903
108554,108554,0.436909262454908,7874,2,True,1,0.957092311244266
108568,108568,0.545995483761672,7875,1,True,3,3.92688085292436
108611,108611,0.662885829585852,7876,1,True,3,1.64242540082648
108612,108612,0.662885829585852,7877,1,True,3,1.6402725133579599
108613,108613,0.616495950155501,7878,1,True,3,1.638948137274988
108614,108614,0.616495950155501,7879,1,True,3,1.6379472419848244
108830,108830,0.565509708210004,7880,1,True,2,1.5601788306314974
108831,108831,0.564308343385446,7881,1,True,2,1.557890295588107
108832,108832,0.561051357606989,7882,1,True,2,1.4826005569792469
108844,108844,0.353563806228993,7883,3,True,3,4.302249262722952
109046,109046,0.57848922235487,7884,2,True,2,1.2730637082822704
109047,109047,0.580000212497133,7885,2,True,2,1.270625567803133
109048,109048,0.567735436877838,7886,2,True,2,1.2100706382203648
109049,109049,0.568133069212933,7887,2,True,2,1.2103977245804551
109050,109050,0.568286677962646,7888,2,True,2,1.210487542026114
109051,109051,0.414451110187892,7889,2,True,1,1.3903580169700918
109052,109052,0.41428306507645,7890,2,True,1,1.3908845286973681
109053,109053,0.414215293842293,7891,2,True,1,1.3910033621483748
109076,109076,0.253612178781792,7892,1,True,2,1.2462146127234004
109077,109077,0.300493786488241,7893,1,True,1,1.483788867110434
109078,109078,0.299975687443152,7894,1,True,1,1.4660076230207415
109115,109115,0.479253859186543,7895,0,False,1,1.5664066596380373
109116,109116,0.476990217902954,7896,0,False,1,1.5980864155210368
109117,109117,0.47492611712105,7897,0,False,1,1.6263525619677102
109118,109118,0.475151572141651,7898,0,False,1,1.621240699759089
109217,109217,0.282165409740681,7899,3,True,1,1.1505122639513705
109218,109218,0.281531632243288,7900,3,True,1,1.150406238519136
109319,109319,0.383184239794393,7901,3,True,1,1.4620102156864032
109320,109320,0.37900832940615,7902,3,True,1,1.4421252321156663
109321,109321,0.372041043009383,7903,3,True,1,1.3115724654111358
109322,109322,0.525390085340397,7904,2,True,1,0.9432496510944066
109323,109323,0.385224893054776,7905,3,True,1,2.120501043758111
109353,109353,0.252913650234922,7906,0,False,1,1.0998545538859397
109465,109465,0.474060615006099,7907,1,True,1,1.4873166846521437
109601,109601,0.519760404781574,7908,0,False,2,1.5136940739400861
109602,109602,0.922397350179446,7909,0,False,3,1.2751300095681726
109603,109603,0.91652190799526,7910,0,False,3,1.275779023274479
109604,109604,0.896577867375362,7911,0,False,3,1.2830858598792247
109605,109605,0.903529079543008,7912,0,False,2,3.486881957662153
109606,109606,0.928072681338414,7913,0,False,3,1.2690580304037986
109607,109607,0.928222989429712,7914,0,False,3,1.2335619233124941
109608,109608,0.928222989429712,7915,0,False,3,1.2329274697879555
109655,109655,0.443090939656593,7916,0,False,2,0.8691162653626358
109667,109667,0.511568729798277,7917,1,True,2,1.5153550734526813
109668,109668,0.511738877018129,7918,1,True,2,1.513755445662179
109669,109669,0.506456965630923,7919,1,True,2,1.5004217559384367
109670,109670,0.50133113823371,7920,1,True,2,1.49077422248607
109754,109754,0.306170790080749,7921,0,False,1,1.2357164070012339
109755,109755,0.301700373046545,7922,0,False,1,1.2141440394879919
109756,109756,0.309859246634456,7923,0,False,1,1.1961197092075486
109757,109757,0.312702344854071,7924,0,False,1,1.2062404592577674
109758,109758,0.308807102676788,7925,0,False,1,1.2074326486781253
109759,109759,0.31131791420996,7926,0,False,1,1.2097570415220236
109760,109760,0.392068131082087,7927,1,True,1,0.925787485991556
109777,109777,0.426100186199059,7928,2,True,1,0.8879231509076912
109778,109778,0.425698743359005,7929,2,True,1,0.8929247758580782
109779,109779,0.306751495159891,7930,3,True,1,1.3123251334221901
109780,109780,0.306284165938976,7931,3,True,1,1.309177927736681
109781,109781,0.300164918570217,7932,3,True,1,1.3204374610730585
109815,109815,0.455977063809906,7933,0,False,2,4.298062643592112
109816,109816,0.461971192892011,7934,0,False,2,4.6128506064517385
109817,109817,0.465843692171151,7935,0,False,2,4.419485059287634
109818,109818,0.46055997582065,7936,0,False,2,4.327653970782122
109819,109819,0.458846998805299,7937,0,False,2,4.412299437488081
109820,109820,0.456976493662201,7938,0,False,2,4.558801025605432
109821,109821,0.456934473115928,7939,0,False,2,4.561926055889607
109822,109822,0.415488149566782,7940,0,False,2,1.2550913914245758
109823,109823,0.417623016122451,7941,0,False,2,1.2515562560564755
109936,109936,0.261173385041564,7942,1,True,1,0.9182457040996765
109937,109937,0.496755932276649,7943,0,False,1,0.891469757326811
109938,109938,0.482860249715937,7944,0,False,1,0.8772598048559118
109939,109939,0.48222921890208,7945,0,False,1,0.8810793930643961
109940,109940,0.356121697466549,7946,2,True,1,2.078827327125887
110222,110222,0.502834258806489,7947,0,False,2,1.3229606439547736
110326,110326,0.766404601616644,7948,0,False,2,2.9450578633829023
110476,110476,0.31401968993564,7949,3,True,1,1.0276379175847712
110477,110477,0.315714216109011,7950,3,True,1,1.0269116105665457
110478,110478,0.315894449001989,7951,3,True,1,1.0269222845481287
110562,110562,0.849703727250244,7952,0,False,3,1.4627172301101619
110563,110563,0.84391362759539,7953,0,False,3,1.465225516749707
110564,110564,0.839077113230619,7954,0,False,3,1.481438143069974
110565,110565,0.839077113230619,7955,0,False,2,3.5785886105127136
110566,110566,0.839077113230619,7956,0,False,3,1.439694530567817
110567,110567,0.839077113230619,7957,0,False,3,1.436208625233361
110759,110759,0.326921313989533,7958,0,False,1,0.9951641531969944
110760,110760,0.32368332514382,7959,0,False,1,1.0036677445468112
110761,110761,0.296842016953083,7960,0,False,1,0.9442885820304624
110763,110763,0.411803422604797,7961,0,False,2,1.431747509352011
110780,110780,0.352347214873352,7962,3,True,2,1.2359314314639054
110781,110781,0.35228771740171,7963,3,True,2,1.2360695875156789
110782,110782,0.35204308623436,7964,3,True,2,1.2356763025603956
110783,110783,0.351790698728272,7965,3,True,2,1.2349609430165034
110784,110784,0.278622036203073,7966,3,True,1,0.9862903235264026
111028,111028,0.909293075375296,7967,0,False,3,1.2299722117724279
111029,111029,0.905481082728101,7968,0,False,3,1.230013703962828
111030,111030,0.896021803985711,7969,0,False,3,1.2320284174303497
111031,111031,0.682431561640082,7970,0,False,2,1.0575630714552304
111032,111032,0.661730646094844,7971,0,False,2,1.1373698905213074
111079,111079,0.611121546455327,7972,0,False,2,2.621906977949309
111080,111080,0.558722530614142,7973,0,False,2,2.4532963014138267
111081,111081,0.584209273707898,7974,0,False,2,1.9584765993830815
111082,111082,0.589771794560016,7975,0,False,2,2.118865836949868
111083,111083,0.572552424352439,7976,0,False,2,1.9768607626815111
111084,111084,0.57038710144496,7977,0,False,2,1.7608025844735573
111096,111096,0.643872309875443,7978,1,True,3,1.6998190664856139
111097,111097,0.640738521698649,7979,1,True,3,1.7310515547045822
111098,111098,0.642377381931925,7980,1,True,3,1.754844502574563
111156,111156,0.5980064767882,7981,2,True,3,2.1657005477906996
111157,111157,0.631170613793072,7982,1,True,3,1.586041353416746
111158,111158,0.632823195238484,7983,1,True,3,1.585967211657037
111399,111399,0.376679829176859,7984,0,False,2,1.3727528904075266
111468,111468,0.283640308908225,7985,0,False,1,1.0965205323852327
111481,111481,0.261156053866887,7986,3,True,1,1.8296313526973877
111482,111482,0.342874069267934,7987,3,True,1,1.042459634660111
111483,111483,0.342368949547578,7988,3,True,1,1.0441969702624507
111484,111484,0.34211570589694,7989,3,True,1,1.0452067744103313
111485,111485,0.341781579199473,7990,3,True,1,1.04546570079274
111486,111486,0.347664371979393,7991,3,True,1,1.0538763220309184
111502,111502,0.301202352402077,7992,2,True,1,1.2002599247029822
111503,111503,0.347797581027487,7993,2,True,1,1.4880467710047518
111504,111504,0.359803726515537,7994,2,True,1,1.5215384005910757
111505,111505,0.351219471939882,7995,2,True,2,1.510192579255709
111525,111525,0.375181262231039,7996,0,False,1,0.4188004472513418
111526,111526,0.346403091402321,7997,0,False,1,0.8459847471463513
111527,111527,0.389843682508526,7998,0,False,1,0.44094104873758766
111528,111528,0.39092631538217,7999,0,False,1,0.44581817768525
111600,111600,0.274771526806074,8000,2,True,1,2.149908536275273
111601,111601,0.448867296624178,8001,1,True,1,1.4146429160192573
111602,111602,0.448802762135619,8002,1,True,1,1.4137958401924184
111669,111669,0.345205425487125,8003,3,True,1,1.346570775248844
111670,111670,0.34480993947821,8004,3,True,1,1.3461527279785466
111671,111671,0.342737594870134,8005,3,True,1,1.3407217048821187
111672,111672,0.340509275877663,8006,3,True,1,1.3184638920480722
111673,111673,0.339514981270001,8007,3,True,1,1.3063269966668998
111674,111674,0.338925106110777,8008,3,True,1,1.3001337322050963
111749,111749,0.925300180207046,8009,0,False,3,1.2289342439868922
111750,111750,0.926214143042338,8010,0,False,3,1.2289381775147905
111751,111751,0.28931445117802,8011,0,False,2,1.3337545458687645
111752,111752,0.281742418321866,8012,0,False,2,1.5104980937425536
111753,111753,0.26297392382855,8013,0,False,2,1.5637857809656328
111911,111911,0.321174251936473,8014,0,False,1,0.8735942154449732
111912,111912,0.329070886132189,8015,0,False,1,0.9432758413051809
111913,111913,0.328941136082126,8016,0,False,1,0.9641481984851803
111928,111928,0.34232435399727,8017,0,False,2,4.480067951834952
111929,111929,0.348402408432058,8018,0,False,2,4.315482308711003
111932,111932,0.338088370842124,8019,0,False,1,1.0177908080720914
111933,111933,0.281123740899604,8020,0,False,1,1.366066949217716
111934,111934,0.261212881246046,8021,0,False,1,1.44576668904521
112103,112103,0.543557966674853,8022,0,False,2,2.3191140946139535
112104,112104,0.559899004539308,8023,0,False,2,1.0701955732584438
112510,112510,0.397220252839655,8024,2,True,1,1.1306594709152105
112511,112511,0.441237842609116,8025,2,True,1,1.052879213204313
112512,112512,0.500388393651475,8026,2,True,1,1.064768938030234
112513,112513,0.3816127080954,8027,2,True,1,1.0695827651568208
112514,112514,0.389472883423831,8028,2,True,1,1.0564737639124797
112539,112539,0.392328982550313,8029,0,False,2,2.4766659225936234
112630,112630,0.270831834225886,8030,1,True,1,1.9462260215093905
112655,112655,0.25703588989859,8031,0,False,1,2.2917994072949375
112656,112656,0.257074047904002,8032,0,False,1,2.290343963720275
112657,112657,0.257123898756612,8033,0,False,1,2.288542824199706
112658,112658,0.257144785696468,8034,0,False,1,2.286894980609589
112659,112659,0.257090976594945,8035,0,False,1,2.2860527013849397
112661,112661,0.250559416140775,8036,0,False,1,2.3881660124612485
112707,112707,0.44038649917907,8037,2,True,1,0.9577134531732515
112708,112708,0.320811002344429,8038,3,True,1,2.1225793445616747
112713,112713,0.951911800315606,8039,0,False,3,1.8576178180796212
112714,112714,0.952962223634064,8040,0,False,3,1.893207619290445
112715,112715,0.944527172646005,8041,0,False,3,1.869989737630577
112716,112716,0.936213575721343,8042,0,False,3,1.7097699134617144
112717,112717,0.931698299213467,8043,0,False,3,1.3138794341523878
112818,112818,0.622611326421267,8044,2,True,3,2.256047909121911
112819,112819,0.622611326421267,8045,2,True,3,2.257048345628057
112845,112845,0.308379732259769,8046,2,True,1,1.347535469337778
112846,112846,0.306202128786034,8047,2,True,1,1.3434124777795686
112847,112847,0.306182561642096,8048,2,True,1,1.3441024029179214
112848,112848,0.305997775813273,8049,2,True,1,1.3539387925759767
112849,112849,0.305975541508628,8050,2,True,1,1.3553647688459398
112851,112851,0.309459970060649,8051,2,True,1,1.3783450869205995
112852,112852,0.309692325889657,8052,2,True,1,1.377778518962011
112853,112853,0.321078526638739,8053,2,True,1,1.3256411655209253
112854,112854,0.322693318836492,8054,2,True,1,1.3289946330630684
112855,112855,0.322778820648961,8055,2,True,1,1.3277894850682272
112856,112856,0.322866819736463,8056,2,True,1,1.3273811103099646
112857,112857,0.356398803078968,8057,2,True,2,1.5055684829062712
112858,112858,0.353162964111223,8058,2,True,2,1.5091574646275012
112941,112941,0.304710881378075,8059,3,True,1,1.2425755375202971
112942,112942,0.306625492197969,8060,3,True,1,1.2363996336884977
112969,112969,0.69100160111642,8061,1,True,3,1.7051090802514974
112970,112970,0.69100160111642,8062,1,True,3,1.7322524020178933
112971,112971,0.643863499334187,8063,1,True,3,1.7339554055986786
113201,113201,0.947839098102183,8064,0,False,3,2.9743944589939812
113321,113321,0.257813491216318,8065,0,False,1,1.3830412456853711
113459,113459,0.39081015837303,8066,3,True,1,1.2829158650448405
113460,113460,0.37195458562837,8067,3,True,1,1.1862225297132383
113461,113461,0.367664632541491,8068,3,True,1,1.1698861673720438
113462,113462,0.366774350420754,8069,3,True,1,1.1656267156014284
113463,113463,0.374808261396667,8070,3,True,1,1.182630281897606
113464,113464,0.313104268473371,8071,3,True,1,2.1261798937834846
113466,113466,0.460554263602494,8072,3,True,1,1.4318509752438064
113467,113467,0.440527732604776,8073,3,True,1,1.241381850638323
113468,113468,0.427967433952485,8074,3,True,1,1.140272073508434
113469,113469,0.413480972775817,8075,3,True,1,1.061946462599364
113470,113470,0.405567084708101,8076,3,True,1,1.0373353702998844
113471,113471,0.376325398007592,8077,3,True,1,1.1394667232254283
113472,113472,0.366251069150392,8078,3,True,1,1.0304621395910292
113473,113473,0.337465342954117,8079,2,True,2,1.4660574936377444
113474,113474,0.339945283794857,8080,2,True,2,1.463759777636758
113475,113475,0.349993134114125,8081,2,True,2,1.47000170880898
113476,113476,0.356536020463658,8082,2,True,2,1.4775834711817168
113477,113477,0.369191252359926,8083,2,True,2,1.501312919978193
113478,113478,0.376852019322869,8084,2,True,2,1.5215103559686207
113479,113479,0.75,8085,2,True,3,2.800823119802695
113480,113480,0.75,8086,2,True,3,2.8083565432429602
113481,113481,0.75,8087,2,True,3,2.8125579150056708
113482,113482,0.75,8088,2,True,2,1.832382181638037
113483,113483,0.5,8089,3,True,1,2.3085745602864485
113484,113484,0.391675116777902,8090,2,True,1,1.0810037082372272
113485,113485,0.392086161544437,8091,2,True,1,1.0771670584796942
113486,113486,0.393720901896547,8092,2,True,1,1.0744952485882007
113487,113487,0.393966425345903,8093,2,True,1,1.072439359979001
113488,113488,0.394164007169472,8094,2,True,1,1.0708183873331947
113489,113489,0.392864355403621,8095,2,True,1,1.0729389502365092
113490,113490,0.392988676122814,8096,2,True,1,1.0719746999986328
113491,113491,0.394356417475258,8097,2,True,1,1.0713866845477227
113492,113492,0.291150733470886,8098,4,True,1,2.1690939393913578
113533,113533,0.28326438253261,8099,0,False,1,1.1780147493154016
113534,113534,0.285193540314058,8100,0,False,1,1.2236998689172318
113535,113535,0.284520727897438,8101,0,False,1,1.2618781110804074
113536,113536,0.271628732585023,8102,0,False,1,1.1603369501830993
113605,113605,0.448591862110659,8103,1,True,1,1.413461869578418
113606,113606,0.448787526424523,8104,1,True,1,1.4144088765219804
113607,113607,0.274771526806074,8105,2,True,1,2.149908536275273
113855,113855,0.298470936923122,8106,1,True,2,1.149888741460518
113856,113856,0.315158050601948,8107,1,True,2,1.1532310507625247
113857,113857,0.314242387771515,8108,1,True,2,1.1672041411819452
114037,114037,0.556440504226365,8109,0,False,2,1.5448935689008052
114038,114038,0.538115002744907,8110,0,False,2,1.6147177173706184
114039,114039,0.516857623784786,8111,0,False,1,1.3442414234278484
114040,114040,0.328108902406945,8112,1,True,2,1.3759818908065904
114041,114041,0.450118490345012,8113,0,False,1,1.4168049458130443
114087,114087,0.49798509596431,8114,0,False,1,1.4043806670246026
114088,114088,0.496556741633827,8115,0,False,1,1.4084930946318832
114089,114089,0.495688786828916,8116,0,False,1,1.4110669202762538
114090,114090,0.491111391959759,8117,0,False,1,1.4090988479426154
114091,114091,0.490990722130381,8118,0,False,1,1.4092987781871011
114092,114092,0.488958878539487,8119,0,False,1,1.416327163595045
114093,114093,0.483020006478219,8120,0,False,1,1.4022873371493985
114094,114094,0.316238956584702,8121,1,True,1,2.1643391060685953
114181,114181,0.424167633294753,8122,0,False,1,0.6913818273500141
114182,114182,0.419999717241159,8123,0,False,1,0.6866706528419741
114183,114183,0.414888717431143,8124,0,False,1,0.6946812789375307
114230,114230,0.562657747174239,8125,1,True,2,1.8442412522451246
114231,114231,0.56437261608956,8126,1,True,2,1.8955237723765264
114331,114331,0.448332451207308,8127,0,False,1,1.3477530627831273
114332,114332,0.387291681338001,8128,0,False,1,1.104942761060407
114333,114333,0.399286547136367,8129,0,False,1,1.0847344530014185
114367,114367,0.253474145436649,8130,2,True,2,1.389428379224137
114381,114381,0.280857401079126,8131,1,True,1,2.248632581556601
114641,114641,0.326741618693969,8132,0,False,1,1.0088758562226599
114773,114773,0.953669489689795,8133,0,False,3,1.3831704603908745
114774,114774,0.953669489689795,8134,0,False,3,1.3828500209029078
114775,114775,0.953858405788275,8135,0,False,3,1.3847035823317926
114891,114891,0.421515003773322,8136,3,True,2,1.5240803468349768
114892,114892,0.403638052526105,8137,3,True,2,1.5119539023091826
114893,114893,0.275034386846222,8138,3,True,1,2.1009662034582868
114894,114894,0.364730450232668,8139,3,True,1,2.1028474217524487
114905,114905,0.685258302534224,8140,2,True,2,1.4563871555602919
114906,114906,0.510432814486897,8141,3,True,2,1.3259509246984291
114909,114909,0.344469081113529,8142,3,True,1,2.0970008704779666
114910,114910,0.411636544227385,8143,2,True,1,1.1246347799306435
114911,114911,0.411773336544049,8144,2,True,1,1.1209268178787264
114912,114912,0.411810969620513,8145,2,True,1,1.1201659282073366
114913,114913,0.411878070267394,8146,2,True,1,1.1191168269088496
114914,114914,0.410528152243972,8147,2,True,1,1.1223748806983764
114915,114915,0.391794142884055,8148,2,True,1,1.1166813400554867
115115,115115,0.744575616212003,8149,2,True,2,1.7891888897833323
115116,115116,0.744547235463027,8150,2,True,2,1.7950523308434956
115117,115117,0.744503334934352,8151,2,True,2,1.8030771330204343
115118,115118,0.494878807454396,8152,3,True,1,2.2895080452965964
115125,115125,0.324055893699453,8153,2,True,2,1.0637607021091484
115126,115126,0.330930049973975,8154,2,True,2,1.0694189950132493
115127,115127,0.331094914612917,8155,2,True,2,1.0690780577085697
115128,115128,0.331300111853405,8156,2,True,2,1.0691049357659084
115129,115129,0.332126916969046,8157,2,True,2,1.0698268871834353
115134,115134,0.323052549208144,8158,1,True,1,0.9985476958691107
115135,115135,0.32727018626038,8159,1,True,1,0.9922064096295213
115136,115136,0.333748538559041,8160,1,True,1,1.002661692350007
115137,115137,0.341907420822905,8161,1,True,1,1.0142294075449654
115138,115138,0.342257675591538,8162,1,True,1,1.0136605765818336
115139,115139,0.373236840609835,8163,1,True,1,1.0394021235864104
115140,115140,0.372096780959412,8164,1,True,1,1.0298251975911075
115141,115141,0.548289543005688,8165,2,True,1,0.9002918042527895
115142,115142,0.548181023814712,8166,2,True,1,0.9010755221782938
115143,115143,0.93540579906283,8167,0,False,3,1.4816006492719769
115144,115144,0.921708013552823,8168,0,False,3,1.3865676021503646
115145,115145,0.379063502214679,8169,1,True,1,1.0260893792753114
115146,115146,0.379733797186671,8170,1,True,1,1.023866631606433
115427,115427,0.268088346852978,8171,0,False,2,1.4991737268641714
115428,115428,0.280702519167615,8172,0,False,2,1.437813476239434
115437,115437,0.323149411292116,8173,0,False,1,1.2508977439512843
115613,115613,0.366892108429195,8174,3,True,1,1.0558116655956296
115614,115614,0.373125660498186,8175,3,True,1,1.0727713852182639
115752,115752,0.252380952380952,8176,3,True,2,1.7543646468071574
115753,115753,0.583333333333333,8177,3,True,3,2.924093719489958
115878,115878,0.323461636424372,8178,2,True,1,2.078647907046263
115879,115879,0.324987280354018,8179,2,True,1,2.027726567310431
115880,115880,0.326497968210237,8180,2,True,1,2.0226787086927187
115881,115881,0.32346165503314,8181,2,True,1,2.088605354048985
116161,116161,0.437633176782088,8182,2,True,1,0.8607485315195177
116162,116162,0.435330644268704,8183,2,True,1,0.872222800837669
116163,116163,0.435416441977409,8184,2,True,1,0.8724811527866897
116164,116164,0.435211528194248,8185,2,True,1,0.8716532578009594
116165,116165,0.43504404212411,8186,2,True,1,0.8708572896488526
116166,116166,0.433071348017299,8187,2,True,1,0.8738176794483024
116167,116167,0.432805913484544,8188,2,True,1,0.8733913042246763
116168,116168,0.42671693490707,8189,2,True,1,0.9249656982060198
116169,116169,0.426693556606945,8190,2,True,1,0.9261817947677218
116178,116178,0.305007137168762,8191,3,True,1,2.137559556009997
116179,116179,0.361022171090758,8192,2,True,1,1.2378137661543789
116183,116183,0.408190406829907,8193,2,True,1,1.1960580844287283
116184,116184,0.366655208301999,8194,1,True,1,1.0211486637153966
116185,116185,0.354662211001515,8195,1,True,1,0.980919333765253
116186,116186,0.347874267906614,8196,1,True,1,0.9633553414478572
116187,116187,0.337372152391366,8197,1,True,1,0.9370432893854398
116188,116188,0.325065946480342,8198,1,True,1,0.9104880443445938
116189,116189,0.449563933831679,8199,3,True,2,1.4543847663876979
116198,116198,0.62580657174099,8200,2,True,1,1.2951139230346302
116207,116207,0.269492985716191,8201,0,False,1,0.925677325606121
116246,116246,0.413584264101127,8202,0,False,2,1.3352682449973672
116247,116247,0.428081118755275,8203,0,False,1,0.8961773830289823
116275,116275,0.294896442122964,8204,0,False,2,1.0934430580993186
116276,116276,0.285910247711758,8205,0,False,2,1.1252972595588349
116287,116287,0.663124199082375,8206,0,False,2,2.334666274884437
116604,116604,0.925255795038711,8207,0,False,3,1.4657458025110806
116605,116605,0.926158098881762,8208,0,False,3,1.4737779373024422
116606,116606,0.334352875324176,8209,0,False,2,1.661240273395737
116607,116607,0.331216735498823,8210,0,False,2,1.6556848484335307
116608,116608,0.347946848477319,8211,0,False,2,1.8059630704787848
116609,116609,0.320432040618974,8212,0,False,2,1.6537975569832652
116673,116673,0.305110358483245,8213,2,True,1,1.4413585899170245
116674,116674,0.310147202969923,8214,2,True,1,1.4874122093521518
116675,116675,0.314256541726117,8215,2,True,1,1.5218090970560991
116676,116676,0.317445736464615,8216,2,True,1,1.5622544573381103
116677,116677,0.32262311335045,8217,2,True,2,1.5744414768919086
116678,116678,0.333584766499192,8218,2,True,2,1.5354505132971992
116679,116679,0.33887545001153,8219,2,True,2,1.5255906910354455
116680,116680,0.312662492096083,8220,2,True,1,1.5170615733453487
116681,116681,0.282748269665675,8221,2,True,1,1.2497321729145063
116682,116682,0.265330086949253,8222,2,True,1,1.1857255070425943
116683,116683,0.255836511806684,8223,2,True,1,1.1638099745481199
116684,116684,0.268854798971637,8224,2,True,1,1.1960503701702743
116686,116686,0.422673647100464,8225,0,False,1,0.7266397644783532
116689,116689,0.496980365017068,8226,1,True,2,1.8002262239290576
116690,116690,0.495345440668063,8227,1,True,2,1.6792883386572925
116691,116691,0.495464118926775,8228,1,True,2,1.6771945761604987
116692,116692,0.503257931864178,8229,1,True,2,2.1171211432140513
116693,116693,0.503644771899737,8230,1,True,2,2.1117933150768393
116757,116757,0.492579086574436,8231,2,True,1,1.9493998965780537
116758,116758,0.495210163293473,8232,2,True,1,1.9467007596057253
116759,116759,0.495723687109726,8233,2,True,1,1.9462359944091785
116760,116760,0.499386543709276,8234,2,True,1,1.9402138242984193
116825,116825,0.347355127309871,8235,2,True,2,1.4638592937937733
116826,116826,0.34714167486559,8236,2,True,2,1.4626934088705186
116827,116827,0.372997443255512,8237,2,True,2,1.0314163022303804
116828,116828,0.372900029640049,8238,2,True,2,1.0315115467957403
116829,116829,0.372819298884891,8239,2,True,2,1.031699708121378
116830,116830,0.372722050434947,8240,2,True,2,1.0320499635916847
116831,116831,0.3697960452697,8241,2,True,2,1.0291708086670448
116851,116851,0.492844409498637,8242,0,False,2,1.305597303093106
116858,116858,0.607200865619539,8243,1,True,3,3.92688085292436
116859,116859,0.947609403163413,8244,0,False,3,1.7141392153782158
116861,116861,0.455148864200908,8245,0,False,1,1.3937393127018098
116862,116862,0.319928182655513,8246,0,False,1,1.6670617964320267
116863,116863,0.431901780983563,8247,0,False,1,1.4245921393457628
116864,116864,0.401712866892938,8248,0,False,1,1.5449250751331094
116865,116865,0.402064804124818,8249,0,False,1,1.5304629247163595
116866,116866,0.416620401598252,8250,0,False,1,1.4713202120110525
116867,116867,0.447054655536103,8251,0,False,1,1.396145294480349
117081,117081,0.258214037876063,8252,0,False,1,0.9735612788979965
117082,117082,0.28267361501165,8253,3,True,1,1.526132814616878
117083,117083,0.338205564959071,8254,3,True,1,1.1968871549072597
117084,117084,0.351599003167136,8255,3,True,1,1.2204243101050345
117085,117085,0.350909862596806,8256,3,True,1,1.2424906830458367
117086,117086,0.351552633222914,8257,3,True,1,1.282076575089625
117087,117087,0.357994090363401,8258,3,True,1,1.2865523760391504
117088,117088,0.363294479161884,8259,3,True,1,1.204863799039663
117089,117089,0.366439241865067,8260,3,True,1,1.1237766278627674
117090,117090,0.367952524777535,8261,3,True,1,1.0411112001171063
117091,117091,0.379512664080137,8262,3,True,1,1.0584787124530952
117092,117092,0.385983386421372,8263,3,True,1,1.147375152721515
117093,117093,0.386089984447417,8264,3,True,1,1.1712427792609759
117094,117094,0.39069121260694,8265,3,True,1,1.1958806731292237
117097,117097,0.380319396425869,8266,0,False,2,1.2936050321687478
117098,117098,0.310392676462517,8267,0,False,1,0.8896737223242972
117099,117099,0.318477929902487,8268,0,False,1,0.8822884875102928
117100,117100,0.319322254327478,8269,0,False,1,0.8874748399502264
117101,117101,0.318182179041176,8270,0,False,1,0.8984591605506846
117102,117102,0.377298779568895,8271,0,False,1,1.1924522109171294
117103,117103,0.910014255563854,8272,0,False,3,1.4166874359803774
117114,117114,0.401682215050666,8273,0,False,1,0.9975210421805751
117284,117284,0.298742761793369,8274,2,True,1,0.9922579800849681
117285,117285,0.299973793198711,8275,2,True,1,0.9923907474983775
117437,117437,0.263270020728781,8276,0,False,1,1.2787018074844938
117438,117438,0.260958227441846,8277,0,False,1,1.2693119953608116
117439,117439,0.254757673454744,8278,0,False,1,1.1450019818357726
117470,117470,0.339922271000696,8279,1,True,1,1.4443406561698204
117471,117471,0.326696306388605,8280,1,True,2,2.557773155293738
117544,117544,0.629415593556336,8281,2,True,2,1.1839148515616529
117545,117545,0.629425339108334,8282,2,True,2,1.1841013841525587
117546,117546,0.629079423224981,8283,2,True,2,1.1832261301334603
117547,117547,0.627931186264871,8284,2,True,2,1.1799511932745927
117652,117652,0.264660650736669,8285,0,False,1,1.2646285114374938
117653,117653,0.273876650852236,8286,0,False,1,1.334419960444951
117654,117654,0.284102381896882,8287,0,False,2,1.3324393649053634
117661,117661,0.359375728994539,8288,0,False,1,1.2264680032709183
117662,117662,0.398322723315756,8289,0,False,2,1.3453765598800134
117663,117663,0.522341427000157,8290,0,False,2,1.7306765952983016
117664,117664,0.585577449892597,8291,0,False,2,2.122309646347341
117867,117867,0.264143873690862,8292,0,False,1,0.8901823509861688
117868,117868,0.266630205086046,8293,0,False,1,0.8790104311002879
117941,117941,0.371150161966091,8294,0,False,2,3.6260707401015577
117942,117942,0.344022868578751,8295,0,False,2,3.420285712468315
117943,117943,0.333645638056357,8296,0,False,2,3.362823687563615
118013,118013,0.27282678240969,8297,0,False,1,0.8371846980314878
118014,118014,0.280012313753972,8298,0,False,1,0.8522439497985547
118015,118015,0.437766620174965,8299,0,False,2,1.4274763899207217
118016,118016,0.440456783427702,8300,0,False,2,1.421762855782946
118017,118017,0.477507996618668,8301,1,True,2,2.0932193195088735
118018,118018,0.478397509212569,8302,1,True,2,1.826088491369228
118019,118019,0.462292053979049,8303,1,True,2,0.9460785946677278
118020,118020,0.467252150291391,8304,1,True,2,0.9459391965575739
118021,118021,0.429300076772026,8305,1,True,2,0.9413946998508772
118022,118022,0.443992232823266,8306,2,True,2,0.8842920370796773
118023,118023,0.460322152349969,8307,2,True,2,1.7107839263420541
118024,118024,0.437675930998351,8308,2,True,2,0.8737963776737527
118144,118144,0.546754064057738,8309,2,True,1,0.9307482918647125
118145,118145,0.54595836700472,8310,2,True,1,0.9371280127170094
118146,118146,0.544710447756212,8311,2,True,1,0.9508342359424284
118147,118147,0.543958745636306,8312,2,True,1,0.9541476212452434
118148,118148,0.548924938358666,8313,2,True,1,0.9644057521487862
118149,118149,0.573564025705944,8314,2,True,1,1.0615026005337813
118150,118150,0.586388928504659,8315,2,True,1,1.1328574954893398
118151,118151,0.585585762828713,8316,2,True,1,1.132718638615048
118152,118152,0.452481231698699,8317,3,True,1,2.196090718010927
118156,118156,0.583333333333333,8318,3,True,3,2.9026358603147564
118157,118157,0.583333333333333,8319,3,True,3,2.902507912449065
118158,118158,0.583333333333333,8320,3,True,3,2.902504084665902
118159,118159,0.421438554365913,8321,2,True,1,1.0371892972351076
118160,118160,0.418368592800525,8322,2,True,1,1.045639238141703
118161,118161,0.417122580820785,8323,2,True,1,1.0618820104441715
118162,118162,0.402807679654426,8324,2,True,1,1.4096260088281756
118163,118163,0.419812569682079,8325,2,True,1,1.1826817671134808
118164,118164,0.449477396986187,8326,2,True,1,1.0178746030530013
118166,118166,0.303911722773104,8327,0,False,2,1.0869456654263352
118170,118170,0.278156507811139,8328,0,False,2,1.4870537219780247
118171,118171,0.274286442508318,8329,0,False,2,1.4983446593892233
118193,118193,0.418247671641782,8330,0,False,1,0.6777819095517974
118194,118194,0.411372583406153,8331,0,False,1,0.7086754636928259
118195,118195,0.413466941347107,8332,0,False,1,0.7009200928621891
118214,118214,0.444930609951451,8333,0,False,1,1.1084151825260737
118215,118215,0.468208518203268,8334,0,False,1,1.0079696959392355
118216,118216,0.472803075241146,8335,0,False,1,0.9966028443131579
118226,118226,0.586252289671433,8336,0,False,1,1.0184159184937656
118227,118227,0.561336970957521,8337,0,False,1,1.0049747691721818
118228,118228,0.553507000171445,8338,0,False,1,0.9905148348129594
118229,118229,0.543882259455348,8339,0,False,1,0.973194564995588
118230,118230,0.400073433974634,8340,1,True,1,2.0947591640400853
118544,118544,0.416666666666667,8341,4,True,2,1.806878283513003
118545,118545,0.416666666666667,8342,4,True,2,2.9543177726997705
118546,118546,0.416666666666667,8343,4,True,2,2.95499965188258
118547,118547,0.416666666666667,8344,4,True,2,2.955672086098588
118548,118548,0.416666666666667,8345,4,True,2,2.9562825038783487
118549,118549,0.416666666666667,8346,4,True,2,2.957928588498946
118712,118712,0.328981271414512,8347,0,False,2,1.3665210744375973
118713,118713,0.322817636073482,8348,0,False,1,1.3363515273473403
118714,118714,0.328389926013222,8349,0,False,1,1.3259169402147253
118715,118715,0.335357794890796,8350,0,False,2,0.9550698355645363
118716,118716,0.379371390815368,8351,0,False,1,1.1057044628042592
118736,118736,0.484048994269305,8352,0,False,2,1.2053958841266816
118743,118743,0.505142731388859,8353,0,False,2,1.4590202351517076
118745,118745,0.315858086711524,8354,0,False,1,0.9328997367625108
118746,118746,0.291210858285275,8355,0,False,1,0.966813741650139
118775,118775,0.420863968881522,8356,0,False,1,1.115478867055551
118776,118776,0.307060877407802,8357,0,False,1,1.2258407204645538
118778,118778,0.265663128622576,8358,2,True,1,1.1918901381199438
118779,118779,0.264869825941386,8359,2,True,1,1.1964465242802507
118780,118780,0.261398003016685,8360,2,True,1,1.2226403087824051
119025,119025,0.497818981956516,8361,0,False,2,0.9149719125815138
119026,119026,0.498367518119589,8362,0,False,2,0.9274452105194576
119027,119027,0.49933087699454,8363,0,False,2,0.9375269039086149
119030,119030,0.263756662057736,8364,0,False,1,0.8216808192835056
119031,119031,0.31933826988356,8365,0,False,1,0.6122575796221774
119032,119032,0.367566079293187,8366,0,False,1,1.1889024494677378
119033,119033,0.376697964655244,8367,0,False,1,1.2282620789925704
119125,119125,0.352030908671006,8368,3,True,1,2.0801512307434002
119126,119126,0.595004848849912,8369,2,True,2,1.5135535384842342
119127,119127,0.590355925830684,8370,2,True,2,1.5128776010568739
119128,119128,0.576191562101184,8371,2,True,2,1.5054548776890502
119129,119129,0.566288611974201,8372,2,True,2,1.49425189256806
119130,119130,0.561223630472135,8373,2,True,2,1.4924112090692492
119131,119131,0.553294446765204,8374,2,True,2,1.4999681906467892
119176,119176,0.307995496781041,8375,0,False,1,1.8457746092278589
119177,119177,0.309769801927345,8376,0,False,1,1.7649853097686645
119178,119178,0.306804247847871,8377,0,False,1,1.6719435331744086
119179,119179,0.312043507866198,8378,0,False,1,1.6306581255644021
119270,119270,0.258204075696045,8379,0,False,1,0.9920256305793507
119271,119271,0.253528049272389,8380,0,False,1,1.0033918795601549
119272,119272,0.2510615563894,8381,0,False,1,1.0164687970963737
119339,119339,0.540762147736625,8382,0,False,2,1.6215556171092533
119340,119340,0.551696952244991,8383,0,False,2,1.6621905730957696
119341,119341,0.554303819300363,8384,0,False,2,1.6690329391279521
119342,119342,0.547823827343581,8385,0,False,2,1.6563435378026083
119414,119414,0.947295825019691,8386,0,False,3,1.353228636138339
119588,119588,0.756634167539461,8387,1,True,2,2.2196983948561035
119608,119608,0.413103979215492,8388,4,True,2,1.8145796258710365
119609,119609,0.414020846580116,8389,4,True,2,1.8138008356367428
119610,119610,0.414552779742262,8390,4,True,2,1.8104151795802663
119611,119611,0.414770431228035,8391,4,True,2,1.8087241788483326
119612,119612,0.414930812119597,8392,4,True,2,1.8080038115704913
119613,119613,0.415588698542801,8393,4,True,2,1.807559716275023
119614,119614,0.415966196463031,8394,4,True,2,1.80464629925282
119615,119615,0.257095681637487,8395,2,True,1,1.1626566514736552
119616,119616,0.264012361973751,8396,2,True,1,1.123999397724671
119628,119628,0.940909868343076,8397,0,False,3,1.2485754357256136
119630,119630,0.250211545510459,8398,0,False,1,0.9739724227388361
119631,119631,0.254910525374226,8399,0,False,1,0.952557609753304
119632,119632,0.252931708172185,8400,0,False,1,0.9569796891613944
119633,119633,0.257667211309067,8401,0,False,1,0.9702694964177844
119636,119636,0.374919109203115,8402,0,False,2,1.3829687527508525
119637,119637,0.371398438807248,8403,0,False,2,1.3975922320680856
119647,119647,0.436632518191178,8404,0,False,2,0.8670494383266565
119648,119648,0.435679090986446,8405,0,False,2,0.8525884686842291
119664,119664,0.35255014811278,8406,0,False,1,1.4076345843135785
119684,119684,0.384084744770466,8407,0,False,1,1.1268355791148006
119685,119685,0.375927844915981,8408,0,False,1,1.2172584484256173
119686,119686,0.381846573806449,8409,0,False,1,1.1653403723686633
119687,119687,0.381088045952731,8410,0,False,1,1.2323464103936062
119688,119688,0.426821439793744,8411,0,False,1,1.1300242310921356
119689,119689,0.372258029705388,8412,0,False,1,1.1132861420882825
119908,119908,0.267206455561607,8413,2,True,1,1.1581024302773062
119910,119910,0.251167091922614,8414,2,True,1,1.135316790433154
119911,119911,0.250818102937481,8415,2,True,1,1.136504286704563
119913,119913,0.300084685972633,8416,2,True,1,1.3079739724937782
119914,119914,0.269728038698345,8417,2,True,1,1.16482229156659
120138,120138,0.259685976926573,8418,0,False,2,1.88283492643402
120139,120139,0.257295194214258,8419,0,False,2,1.7882338472964747
120160,120160,0.290833482425477,8420,1,True,1,1.93853720891011
120234,120234,0.600487738874655,8421,2,True,2,1.5644475776475382
120235,120235,0.548404573725086,8422,2,True,1,0.8998775266416474
120236,120236,0.469638758810657,8423,3,True,2,1.233170517687193
120237,120237,0.465993321183023,8424,3,True,2,1.2304787304643274
120238,120238,0.464400385226699,8425,3,True,2,1.2334321562217752
120239,120239,0.461897125758194,8426,3,True,2,1.2347028240038567
120296,120296,0.307593313748448,8427,0,False,1,1.3636607612530045
120297,120297,0.397025970152245,8428,0,False,1,1.0664293696220977
120298,120298,0.438596410945598,8429,0,False,1,1.0546743484721275
120299,120299,0.4330853130921,8430,0,False,1,0.9893563062377103
120300,120300,0.440061149865951,8431,0,False,1,1.0050785516186174
120385,120385,0.416666666666667,8432,4,True,2,2.952734834624232
120386,120386,0.416666666666667,8433,4,True,2,2.954755115843893
120387,120387,0.416666666666667,8434,4,True,2,1.8103118551715587
120388,120388,0.416666666666667,8435,4,True,2,1.8115797342479811
120389,120389,0.416666666666667,8436,4,True,2,2.959218104601734
120575,120575,0.483218081789997,8437,1,True,2,1.646054623013537
120723,120723,0.297810145556319,8438,3,True,1,2.1098629472157966
120789,120789,0.545120773412824,8439,0,False,2,1.4829254697168432
120790,120790,0.537763020193693,8440,0,False,2,1.4890881997393541
120938,120938,0.523813939321734,8441,0,False,2,1.4541002095479956
120939,120939,0.753138415767387,8442,1,True,3,1.7597429366820267
120940,120940,0.753138415767387,8443,1,True,3,1.7552526835253452
121092,121092,0.455674406865631,8444,0,False,1,1.6428132156085706
121093,121093,0.551766605140817,8445,0,False,2,1.3958971254909922
121094,121094,0.519218322573846,8446,0,False,1,1.274088533972671
121095,121095,0.425280735220235,8447,0,False,1,1.6985503909837247
121096,121096,0.628391027117443,8448,0,False,2,1.2973496892194425
121140,121140,0.460554407154207,8449,0,False,1,0.8601552290418142
121141,121141,0.351727685360378,8450,1,True,1,2.077814597594757
121142,121142,0.298323623581851,8451,3,True,2,1.3626488977598676
121143,121143,0.415591083103757,8452,3,True,2,1.1123310544996505
121144,121144,0.37872930168939,8453,3,True,2,1.0794270899548184
121145,121145,0.382472185926351,8454,3,True,2,1.092051273652949
121146,121146,0.383379248403393,8455,3,True,2,1.0937131345560698
121147,121147,0.383957768979878,8456,3,True,2,1.093305547057674
121148,121148,0.39687855057399,8457,3,True,2,1.0885670201130664
121149,121149,0.405353550792035,8458,3,True,2,1.0947095079542974
121150,121150,0.406792956704147,8459,3,True,2,1.0982772374515861
121151,121151,0.409044643355253,8460,3,True,2,1.1044786350966855
121168,121168,0.546838379545228,8461,2,True,1,0.9467959276396722
121169,121169,0.546723590073727,8462,2,True,1,0.9495898837949726
121170,121170,0.409808292856421,8463,3,True,1,2.1126025172494947
121174,121174,0.544063295696377,8464,2,True,1,0.9444314057402878
121175,121175,0.544664166632812,8465,2,True,1,0.9385327307241084
121176,121176,0.544868655280463,8466,2,True,1,0.9353877222887427
121177,121177,0.544961383083174,8467,2,True,1,0.9345328644696883
121178,121178,0.545054667765804,8468,2,True,1,0.9336944919103224
121179,121179,0.545192373395301,8469,2,True,1,0.9330343361756527
121180,121180,0.656204428503434,8470,2,True,2,1.4507411728644677
121181,121181,0.659570198944921,8471,2,True,2,1.4548284729199203
121182,121182,0.669392958582671,8472,2,True,2,1.4778771742560104
121183,121183,0.684900095548792,8473,2,True,2,1.4755211902492509
121184,121184,0.689392265881088,8474,2,True,2,1.442528541717087
121185,121185,0.691614819381683,8475,2,True,2,1.4405529968197475
121200,121200,0.338300540980855,8476,2,True,2,1.179070089618998
121201,121201,0.75,8477,2,True,3,2.693808230336428
121202,121202,0.630306849891096,8478,2,True,1,1.1483329574236358
121203,121203,0.630759657332476,8479,2,True,1,1.148470946797821
121204,121204,0.630909398682698,8480,2,True,1,1.1486837693457923
121205,121205,0.632579088660639,8481,2,True,1,1.158266601153114
121217,121217,0.26209833855322,8482,0,False,2,3.6543469101923214
121224,121224,0.251664652140409,8483,1,True,1,0.9444876005168591
121225,121225,0.257084550241332,8484,1,True,1,0.9649872532125148
121240,121240,0.464140861878259,8485,0,False,1,1.5927915135424904
121242,121242,0.467623437267026,8486,0,False,1,1.5747982064619084
121431,121431,0.735895374653074,8487,0,False,2,1.819824637260514
121432,121432,0.5,8488,1,True,1,2.3085745602864485
121467,121467,0.503712741177018,8489,0,False,1,1.4944548615492261
121490,121490,0.498708819847656,8490,0,False,1,1.437481952782185
121491,121491,0.488252755886291,8491,0,False,1,0.9296565882160595
121492,121492,0.500612989787271,8492,0,False,1,1.4372625348384775
121687,121687,0.374031419016799,8493,2,True,2,1.539118363529577
121688,121688,0.373087079462847,8494,2,True,2,1.5208439903322766
121754,121754,0.357980699094035,8495,2,True,1,1.1625215729951137
121755,121755,0.358924243866888,8496,2,True,1,1.1625012388841964
121756,121756,0.354458262626752,8497,2,True,1,1.1665052102594304
121757,121757,0.360870983457391,8498,2,True,1,1.1642304669011037
121758,121758,0.361139240670627,8499,2,True,1,1.1639915533274066
121868,121868,0.308391797058918,8500,1,True,2,1.4701658528141663
121869,121869,0.298605318016036,8501,1,True,2,1.4430796207111294
121870,121870,0.321028282529226,8502,1,True,2,1.4436256408565757
121871,121871,0.32197352360247,8503,1,True,2,1.4460864989415652
121872,121872,0.326242308741481,8504,1,True,2,1.4523816332940622
121873,121873,0.308826714342069,8505,1,True,2,1.4464143788740713
121874,121874,0.301151837336275,8506,1,True,2,1.4382735006868708
121875,121875,0.375007730515439,8507,0,False,2,0.8684724850168378
121876,121876,0.384633086833526,8508,0,False,2,0.8621067332986284
121877,121877,0.395168071706311,8509,0,False,2,0.8579848249877801
121878,121878,0.407985153504866,8510,0,False,2,0.8638964664448602
121879,121879,0.412513835439538,8511,0,False,2,0.8563613156033922
121880,121880,0.42227381413019,8512,0,False,2,0.8575793843841865
121881,121881,0.436976068653341,8513,0,False,2,0.7312445916066129
121882,121882,0.451463449041066,8514,0,False,2,0.7018221823611452
121883,121883,0.469026621537388,8515,0,False,2,0.6865347212436627
121884,121884,0.481758847139269,8516,0,False,2,0.7209877125064014
121885,121885,0.484982794288128,8517,0,False,2,0.7564379973258833
121886,121886,0.493009721128189,8518,0,False,2,0.8903810311287065
121887,121887,0.497869476419976,8519,0,False,2,0.9254673522534826
121888,121888,0.510791490479995,8520,0,False,2,1.0628435128987623
121896,121896,0.470828599769194,8521,3,True,1,2.2193212508309976
121897,121897,0.630881948724145,8522,2,True,1,1.1595473841892867
121913,121913,0.32724593606702,8523,0,False,2,1.2435029117747023
121914,121914,0.932337752724506,8524,0,False,3,2.021272162669553
121927,121927,0.655784263374818,8525,0,False,2,1.5557758656233622
121928,121928,0.656648287987146,8526,0,False,2,1.5553793965106815
121929,121929,0.652856741853775,8527,0,False,2,2.1254938357308135
121930,121930,0.640640489099581,8528,0,False,2,1.947494829935792
121931,121931,0.705539835932735,8529,0,False,2,2.232760962762615
121932,121932,0.708977920323758,8530,0,False,2,2.2212020182244157
121933,121933,0.726620473777797,8531,0,False,2,2.405642066328493
121934,121934,0.727765636654813,8532,0,False,2,2.3559637080258864
121935,121935,0.737116972097879,8533,0,False,2,2.5025624186752453
121936,121936,0.941367646528173,8534,0,False,3,2.5423954801479995
121937,121937,0.589730261485982,8535,0,False,2,3.183023920161023
121938,121938,0.565619844762151,8536,0,False,2,3.294120767675837
121984,121984,0.40096664384214,8537,2,True,1,1.1895079984358448
121985,121985,0.398849499564646,8538,2,True,1,1.1810616167232744
121986,121986,0.377767193579739,8539,2,True,1,1.0979407854453818
121987,121987,0.373794956550068,8540,2,True,1,1.08109161854383
121988,121988,0.370234804669255,8541,2,True,1,1.062314598524893
121989,121989,0.365556178049535,8542,2,True,1,1.0418888906654986
121990,121990,0.362651598235694,8543,2,True,1,1.0252218856442952
121991,121991,0.326867243150184,8544,3,True,1,0.9519231038872467
121992,121992,0.325766926001128,8545,3,True,1,0.9466390722012379
121993,121993,0.324953347123983,8546,3,True,1,0.9421155847029384
121994,121994,0.324269426126047,8547,3,True,1,0.9386926063857699
121995,121995,0.322661085778254,8548,3,True,1,0.9313844577276005
121996,121996,0.321249623113881,8549,2,True,1,0.9245291660939327
121997,121997,0.31938213109057,8550,2,True,1,0.9188642748070565
121998,121998,0.317442232080349,8551,2,True,1,0.9120949333079239
121999,121999,0.26276164549897,8552,2,True,1,1.9232673275972
122000,122000,0.260918873569566,8553,2,True,1,1.9719989593528129
122001,122001,0.264059576938847,8554,2,True,1,1.905609248212589
122002,122002,0.273308081943362,8555,2,True,1,1.7012873462514573
122003,122003,0.324035040662746,8556,2,True,1,0.9521208400990618
122004,122004,0.337514002897893,8557,2,True,1,0.946605625779003
122005,122005,0.360559832936355,8558,2,True,1,1.1065519525968543
122006,122006,0.368226747726598,8559,2,True,1,1.1828381518865183
122007,122007,0.381217327258125,8560,2,True,1,1.354326213630393
122008,122008,0.394521737488034,8561,2,True,2,1.4940867760615046
122009,122009,0.399778654940117,8562,2,True,2,1.4755976925584298
122010,122010,0.404438931670213,8563,2,True,2,1.4629087835849477
122011,122011,0.408250352279143,8564,2,True,2,1.456903588692116
122012,122012,0.411627246345774,8565,2,True,2,1.4554283771860081
122013,122013,0.413359371926144,8566,2,True,2,1.4567596885549026
122014,122014,0.415383274409097,8567,2,True,2,1.455611705400564
122015,122015,0.416125263591744,8568,2,True,2,1.4564450534356683
122016,122016,0.417079243504241,8569,2,True,2,1.455771711027617
122017,122017,0.41992639846517,8570,2,True,2,1.4533269329591918
122018,122018,0.421426388581232,8571,2,True,2,1.4537634941266429
122019,122019,0.432252950799575,8572,2,True,2,1.4450427377502968
122020,122020,0.45131169566399,8573,2,True,2,1.476034137744111
122048,122048,0.253723861685648,8574,1,True,1,1.5678769076492283
122050,122050,0.251894133428222,8575,1,True,1,1.0250787731872126
122051,122051,0.253199897358526,8576,1,True,1,1.0318134713276657
122052,122052,0.436263935624729,8577,0,False,1,0.899936852609582
122087,122087,0.282638148882855,8578,1,True,1,1.344814656549572
122088,122088,0.276523783962777,8579,1,True,1,1.3003322038064935
122104,122104,0.499142228032948,8580,0,False,1,0.8981816675102873
122105,122105,0.477023963534987,8581,0,False,1,0.8519634698063754
122106,122106,0.466410068282937,8582,0,False,1,0.8441986712918063
122107,122107,0.445841935303753,8583,0,False,1,0.8773204454509083
122115,122115,0.637743358287434,8584,2,True,3,2.3529936965650786
122116,122116,0.683436728029156,8585,1,True,3,1.8560962211715264
122117,122117,0.696110045387859,8586,1,True,3,1.8773183196268384
122118,122118,0.453580869509926,8587,1,True,2,1.6951923440057648
122119,122119,0.441919150917574,8588,1,True,2,1.4011360093142307
122120,122120,0.443341832689456,8589,1,True,2,1.4956052495403394
122121,122121,0.468035746873872,8590,2,True,2,1.4917811823852696
122122,122122,0.472615519788966,8591,2,True,2,1.4700201234614583
122123,122123,0.501099752394139,8592,2,True,2,1.5017300686072768
122175,122175,0.328173238300203,8593,3,True,1,1.1646648502381614
122180,122180,0.446402460394594,8594,1,True,2,1.059340139351595
122181,122181,0.446330817804154,8595,1,True,2,1.0607800128917952
122182,122182,0.440206178822389,8596,1,True,2,1.053919632040763
122183,122183,0.620718923151732,8597,2,True,1,1.3982763457198664
122184,122184,0.626361094653764,8598,2,True,1,1.1701499167714735
122185,122185,0.628420271113491,8599,2,True,1,1.173970096803292
122186,122186,0.628689319034244,8600,2,True,1,1.1727961571085381
122187,122187,0.618698607837392,8601,2,True,1,1.1513753062699708
122188,122188,0.457079082815107,8602,2,True,1,0.9431194968823928
122189,122189,0.4546082213593,8603,2,True,1,0.9471452352777283
122190,122190,0.454391309055644,8604,2,True,1,0.9478109354630749
122191,122191,0.454150009825499,8605,2,True,1,0.9488841400218124
122192,122192,0.453932746660041,8606,2,True,1,0.9498275878264716
122193,122193,0.453343598557034,8607,2,True,1,0.9528098515233149
122194,122194,0.452254230857352,8608,2,True,1,0.9590680345277551
122195,122195,0.45175395391415,8609,2,True,1,0.9614417527321962
122196,122196,0.451385546426595,8610,2,True,1,0.9636553093425472
122197,122197,0.440428968279323,8611,2,True,1,1.0371170201289144
122198,122198,0.435708335208448,8612,2,True,1,1.0429103227357355
122199,122199,0.430869527178898,8613,2,True,1,1.053154971774418
122200,122200,0.428993946194651,8614,2,True,1,1.058088564712014
122201,122201,0.405249508966142,8615,2,True,1,1.1249232346823297
122202,122202,0.255699570969787,8616,4,True,1,2.1090572622334274
122211,122211,0.945451581552095,8617,0,False,3,2.000362697070737
122212,122212,0.935124181885062,8618,0,False,3,2.0349660223862633
122213,122213,0.938787822052755,8619,0,False,3,2.045801051106577
122214,122214,0.95112476445853,8620,0,False,3,2.070346279335708
122215,122215,0.951911800315606,8621,0,False,3,2.0949555979712224
122216,122216,0.951911800315606,8622,0,False,3,1.8572017780543768
122218,122218,0.256703393146425,8623,0,False,2,1.285210519690385
122219,122219,0.256251959776509,8624,0,False,2,1.2872816985442586
122220,122220,0.259835858923586,8625,0,False,2,1.2792774144384695
122224,122224,0.307199867952843,8626,0,False,1,1.01768857326652
122225,122225,0.443993062769924,8627,0,False,1,1.2040135092300674
122410,122410,0.422833747803732,8628,0,False,1,1.511379018815142
122411,122411,0.419264177413462,8629,0,False,1,1.5138214516588857
122412,122412,0.419079465043924,8630,0,False,1,1.5146793674217016
122413,122413,0.369474567062971,8631,0,False,1,2.0141964969752557
122433,122433,0.408792934614994,8632,2,True,1,0.9600914983199788
122434,122434,0.410021774425267,8633,2,True,1,0.9577322151157143
122435,122435,0.409880673365927,8634,2,True,1,0.9622578601198806
122436,122436,0.411635444036788,8635,2,True,1,0.9584198381837093
122437,122437,0.412537197385626,8636,2,True,1,0.957912134874964
122438,122438,0.424311109720832,8637,2,True,1,0.9682026045828724
122439,122439,0.425291773391954,8638,2,True,1,0.9668276505996671
122440,122440,0.425246818948745,8639,2,True,1,0.9678175522189149
122441,122441,0.425193676765468,8640,2,True,1,0.9689810780545106
122442,122442,0.425144357461829,8641,2,True,1,0.9701397354634393
122443,122443,0.425114770176714,8642,2,True,1,0.9708802767145903
122444,122444,0.425072829851224,8643,2,True,1,0.9730504128731964
122445,122445,0.427371200879765,8644,2,True,1,0.9868220992298629
122481,122481,0.642561774321861,8645,0,False,2,5.056925246256961
122482,122482,0.64789303509237,8646,0,False,2,5.293153595398229
122520,122520,0.416666666666667,8647,4,True,2,2.9590565677456016
122658,122658,0.2701687517347,8648,3,True,1,0.9950822846635233
122661,122661,0.377282094185885,8649,2,True,1,1.2956514048587855
122662,122662,0.392883896155929,8650,2,True,1,1.3516362095301522
122673,122673,0.394913011565671,8651,2,True,1,0.9820163167160105
122674,122674,0.394997154301471,8652,2,True,1,0.9803067513844892
122675,122675,0.395027308370683,8653,2,True,1,0.9797514221839791
122676,122676,0.395058928715203,8654,2,True,1,0.9792688237219827
122805,122805,0.583333333333333,8655,3,True,3,2.9726542408197822
122806,122806,0.583333333333333,8656,3,True,3,2.972747949982838
122807,122807,0.583333333333333,8657,3,True,3,2.9727425005213797
122808,122808,0.583333333333333,8658,3,True,3,2.9726864075427244
122809,122809,0.583333333333333,8659,3,True,3,2.9721375882432546
122810,122810,0.583333333333333,8660,3,True,3,2.971268304645049
122811,122811,0.583333333333333,8661,3,True,3,2.968754511275793
122812,122812,0.583333333333333,8662,3,True,3,2.9677810107047375
122813,122813,0.583333333333333,8663,3,True,3,2.967523560342802
122905,122905,0.384415153215332,8664,2,True,2,1.1721759991982357
122906,122906,0.384388118134371,8665,2,True,2,1.1723840304125384
122907,122907,0.403740786007675,8666,2,True,2,1.3671734801699822
122908,122908,0.405245064001166,8667,2,True,2,1.3735255487566091
122909,122909,0.368587839134373,8668,2,True,2,1.5217341971380296
122910,122910,0.370111048500313,8669,2,True,2,1.558120836384229
122911,122911,0.351128023814849,8670,2,True,1,1.4236773633326203
122912,122912,0.333651767214952,8671,2,True,1,1.2982959867369273
122913,122913,0.324026596674679,8672,2,True,1,1.260274294569329
122914,122914,0.533028489731562,8673,0,False,2,1.196087180325909
122915,122915,0.533051213482904,8674,0,False,2,1.1965032938655975
122916,122916,0.536904185195466,8675,0,False,2,1.2041715802160982
122917,122917,0.539458992781427,8676,0,False,2,1.1973788500544997
122918,122918,0.554969083661941,8677,0,False,2,1.3670995856656962
122919,122919,0.552351489756299,8678,0,False,2,1.3750763673827464
122920,122920,0.472554949492562,8679,0,False,2,1.5014013200838736
122921,122921,0.471729014394938,8680,0,False,2,1.5029519978782708
122922,122922,0.470993369426593,8681,0,False,2,1.5042731952052923
122923,122923,0.468814577473888,8682,0,False,2,1.5086939276279743
122942,122942,0.279718104324812,8683,0,False,1,1.202465852564239
122943,122943,0.337362278550151,8684,0,False,2,1.3763073984168228
122944,122944,0.342131118152787,8685,0,False,2,1.3676690878773112
123172,123172,0.362150580595835,8686,3,True,1,1.3944586233332172
123173,123173,0.407706358360147,8687,3,True,1,0.9818695023403532
123174,123174,0.454008330734098,8688,3,True,1,1.057055859478
123175,123175,0.523087576739607,8689,3,True,2,1.5694251025588317
123176,123176,0.551829002829127,8690,3,True,2,1.5236763086416585
123177,123177,0.55383462634285,8691,3,True,2,1.5147747020638775
123178,123178,0.554723385161013,8692,3,True,2,1.5172832728521048
123179,123179,0.55555555611814,8693,3,True,2,1.5201719954866988
123180,123180,0.583333333333333,8694,3,True,3,2.9393203030926225
123181,123181,0.583333333333333,8695,3,True,3,2.937253268822309
123182,123182,0.583333333333333,8696,3,True,3,2.9364952482610893
123183,123183,0.583333333333333,8697,3,True,3,2.9362688432414674
123184,123184,0.583333333333333,8698,3,True,3,2.934411855452106
123185,123185,0.583333333333333,8699,3,True,3,2.9319079378517503
123223,123223,0.641164720456832,8700,0,False,2,1.7427733637487446
123408,123408,0.460950264329933,8701,0,False,1,1.3403319982853132
123409,123409,0.45858850286103,8702,0,False,1,1.3967482369441975
123538,123538,0.405488951218351,8703,4,True,2,1.790827357852841
123716,123716,0.764451795502744,8704,1,True,3,1.92957877206559
123717,123717,0.763693639392993,8705,1,True,3,1.930141132135489
123832,123832,0.380827339589825,8706,2,True,1,1.3729325993274808
123833,123833,0.378540144756919,8707,2,True,1,1.4269220146349728
123834,123834,0.376660276110947,8708,2,True,1,1.4503318844243211
123835,123835,0.386814309543394,8709,2,True,1,1.1220888254952843
123836,123836,0.399859193634847,8710,2,True,1,0.903239360902756
123837,123837,0.399864011570156,8711,2,True,1,0.9063106863339607
123838,123838,0.396352200327928,8712,2,True,1,0.93574264603787
123860,123860,0.412766493502104,8713,1,True,2,1.6233556760832981
123861,123861,0.383858885943829,8714,1,True,2,1.3620980867078536
123862,123862,0.381276551143979,8715,1,True,2,1.3593125960073196
123863,123863,0.383732741057333,8716,1,True,2,1.3631811944002525
123864,123864,0.402805360812362,8717,0,False,2,0.8962550931874439
123865,123865,0.393187375740679,8718,0,False,2,0.8744952948646423
123880,123880,0.897926556852856,8719,0,False,3,1.428477774218151
123881,123881,0.953669489689795,8720,0,False,3,1.3833559256869283
123882,123882,0.951298324739005,8721,0,False,3,1.417686042118897
123891,123891,0.397414749856645,8722,0,False,1,2.1407737659416104
123892,123892,0.400385967601547,8723,0,False,1,2.150001672817026
123904,123904,0.552539519329296,8724,0,False,2,2.670400705181488
123905,123905,0.566337948313055,8725,0,False,2,2.837085077729931
123988,123988,0.280445113025748,8726,0,False,1,1.5892695469465123
123989,123989,0.26494574752388,8727,0,False,1,1.6258252260832748
124129,124129,0.316359542334448,8728,0,False,1,1.5118457837444266
124130,124130,0.283512810517544,8729,0,False,1,0.8958020329623892
124131,124131,0.278892788319613,8730,0,False,1,0.9039855208101012
124132,124132,0.281693783695941,8731,0,False,1,0.9596994115232131
124133,124133,0.293223715907676,8732,0,False,1,1.1352676222293903
124134,124134,0.293536960702776,8733,0,False,1,1.1429266017697153
124135,124135,0.292465785188045,8734,0,False,1,1.1173294994223426
124136,124136,0.291561086457105,8735,0,False,1,1.0862300475978792
124179,124179,0.701390647385142,8736,2,True,2,1.2957328913239876
124180,124180,0.701753608593525,8737,2,True,2,1.2945940652110166
124181,124181,0.710431036049119,8738,2,True,2,1.3173109735055388
124182,124182,0.712687771645324,8739,2,True,2,1.3233640890125782
124183,124183,0.718131603424429,8740,2,True,2,1.3399176909755999
124184,124184,0.75,8741,2,True,3,2.7092322719429953
124208,124208,0.324158339208348,8742,1,True,1,0.9505030816474301
124209,124209,0.324945836527573,8743,1,True,1,0.9682155807116793
124210,124210,0.315549752116,8744,1,True,1,0.9643298823948697
124211,124211,0.310745217013356,8745,2,True,1,0.9720403144334754
124212,124212,0.306922991870553,8746,2,True,1,0.9754033705587565
124214,124214,0.34643147238615,8747,1,True,2,1.0680045893875805
124215,124215,0.321888341281426,8748,1,True,1,1.0648442767758644
124216,124216,0.306235607361764,8749,1,True,1,0.9765922550566905
124217,124217,0.305465305362779,8750,1,True,1,0.9680688175572149
124218,124218,0.284204045519043,8751,3,True,1,0.9623506301647149
124219,124219,0.28475929558511,8752,3,True,1,0.9595522279681838
124456,124456,0.416666666666667,8753,4,True,2,2.9479720566968806
124559,124559,0.749525550592292,8754,1,True,2,1.7558003869050276
124565,124565,0.454051562833296,8755,3,True,2,1.014383666809614
124566,124566,0.454392235985643,8756,3,True,2,1.0145840832541797
124660,124660,0.511838438757041,8757,0,False,2,2.1602848354089987
124661,124661,0.511507820869249,8758,0,False,2,2.1631356894527225
124662,124662,0.517210237134346,8759,0,False,2,2.1652670791891615
124663,124663,0.517313175059244,8760,0,False,2,2.1661578047648824
124664,124664,0.515421637846737,8761,0,False,2,2.135165033369808
124665,124665,0.52966673202914,8762,0,False,2,2.237763429268063
124666,124666,0.510811478496589,8763,0,False,2,2.2568085975374914
124740,124740,0.485426219803937,8764,0,False,2,2.7597225613877496
124743,124743,0.542288706195259,8765,0,False,1,2.2653535426307787
124744,124744,0.539442651786586,8766,0,False,1,2.264570727033434
124745,124745,0.537579811975594,8767,0,False,1,2.264003205640328
124771,124771,0.501532382513111,8768,2,True,1,0.9747335723251194
124772,124772,0.501337320339765,8769,2,True,1,0.9741467794093304
124773,124773,0.501113844528011,8770,2,True,1,0.9730399473244795
124774,124774,0.500875520213001,8771,2,True,1,0.9718904312969139
124775,124775,0.458007770964232,8772,2,True,1,0.9095323290273519
124776,124776,0.462101557400994,8773,2,True,1,0.9069377693184529
125209,125209,0.526433956166913,8774,0,False,2,1.2484217881230482
125210,125210,0.52793189366325,8775,0,False,2,1.235842748539211
125306,125306,0.266830387496464,8776,3,True,1,1.0516348224239496
125307,125307,0.266638506282451,8777,3,True,1,1.0506031527935538
125308,125308,0.266224424711137,8778,3,True,1,1.0484828563159134
125309,125309,0.265731937108519,8779,3,True,1,1.0459037264670799
125310,125310,0.265309315212304,8780,3,True,1,1.0436919368511193
125311,125311,0.264805584935157,8781,3,True,1,1.0410634510596917
125312,125312,0.264391091049354,8782,3,True,1,1.038934826285084
125313,125313,0.258300506903157,8783,3,True,1,1.0294921850956718
125483,125483,0.520030779233236,8784,0,False,2,1.3656060793120064
125485,125485,0.923644678190737,8785,0,False,3,1.3121340394239307
125501,125501,0.780207765048311,8786,1,True,3,1.6002756785511356
125502,125502,0.778922962183125,8787,1,True,3,1.7575793360277128
125503,125503,0.778922962183125,8788,1,True,3,1.7349956266953603
125531,125531,0.262782857120115,8789,0,False,2,1.621302002630091
125532,125532,0.261004794003637,8790,0,False,2,1.6186202447561604
125725,125725,0.497528569777084,8791,1,True,2,1.356708131135249
125726,125726,0.484213146263598,8792,1,True,2,1.1121587137694757
125727,125727,0.482553965246928,8793,1,True,2,0.9362176461180294
125728,125728,0.489090411982154,8794,1,True,2,0.927683839178405
125729,125729,0.48899890461703,8795,1,True,2,0.9138526852479001
125774,125774,0.585603266871723,8796,2,True,2,1.2953984362648097
125775,125775,0.580336843353784,8797,2,True,2,1.2959882470468178
125786,125786,0.318325753586633,8798,0,False,1,1.0430611565148902
125787,125787,0.295203130777815,8799,0,False,1,0.8086030505679619
125801,125801,0.305555557805891,8800,4,True,2,1.6238759252589667
125840,125840,0.274541925163933,8801,3,True,1,1.0538461856003072
125841,125841,0.274930382197911,8802,3,True,1,1.053694219810904
125842,125842,0.270380200062226,8803,3,True,1,1.0701657093902792
125843,125843,0.270756245159183,8804,3,True,1,1.0702136035341792
126094,126094,0.250216086996829,8805,1,True,1,1.4990053055112258
126095,126095,0.373872090466831,8806,0,False,2,1.6407281963614866
126096,126096,0.374118719025877,8807,0,False,2,1.6425763697758624
126097,126097,0.380843703113304,8808,0,False,2,1.6361638473326643
126157,126157,0.494209765413933,8809,1,True,2,1.327064369472596
126158,126158,0.493728890163432,8810,1,True,2,1.3315752228550133
126159,126159,0.480917902379614,8811,1,True,2,1.354974836597526
126160,126160,0.436939578317638,8812,1,True,1,1.3069044867928297
126161,126161,0.359649792227518,8813,1,True,1,1.4042072208213427
126162,126162,0.409952780534509,8814,1,True,2,1.4343571514870244
126163,126163,0.365533189081429,8815,1,True,1,1.2363068279254856
126171,126171,0.29054914165224,8816,3,True,1,0.9214126562912359
126172,126172,0.282607982547605,8817,3,True,1,0.9310413205445796
126173,126173,0.274208098446986,8818,3,True,1,0.9433786472658504
126174,126174,0.274073179205876,8819,3,True,1,0.9441377308116167
126175,126175,0.273946604191119,8820,3,True,1,0.9448377864776594
126176,126176,0.276855413380385,8821,3,True,1,0.9405119608308059
126177,126177,0.276781745847609,8822,3,True,1,0.94098711180133
126178,126178,0.276706649877759,8823,3,True,1,0.9415653787272971
126179,126179,0.27662450780598,8824,3,True,1,0.9422666985515189
126180,126180,0.276545097080678,8825,3,True,1,0.9431232167794856
126181,126181,0.276183196302407,8826,3,True,1,0.9470909870355605
126182,126182,0.2760757809949,8827,3,True,1,0.947659692449985
126183,126183,0.276008962874543,8828,3,True,1,0.9486352587922512
126184,126184,0.275853106830485,8829,3,True,1,0.9501421254076982
126185,126185,0.275760832855077,8830,3,True,1,0.9508966256405031
126186,126186,0.27568118804431,8831,3,True,1,0.9518547743306306
126187,126187,0.265659801474338,8832,3,True,1,0.9828135275654802
126188,126188,0.265488063220245,8833,3,True,1,0.9834305126362201
126426,126426,0.256426679231099,8834,2,True,1,1.4387687943705068
126427,126427,0.315948897899628,8835,2,True,1,1.2222846731058072
126428,126428,0.315320925492298,8836,2,True,1,1.2322645110936101
126429,126429,0.331263670794109,8837,2,True,1,1.198128989133529
126430,126430,0.35432967118417,8838,2,True,1,1.1648214508722103
126440,126440,0.396324262957331,8839,2,True,1,1.0733315992567554
126441,126441,0.327368942624915,8840,3,True,1,2.0950014060848035
126462,126462,0.29375238557778,8841,3,True,1,1.3478023503607635
126499,126499,0.316312673515189,8842,0,False,1,1.621040455770609
126500,126500,0.300724982547516,8843,0,False,1,1.7127611710557822
126545,126545,0.606150228801702,8844,0,False,2,1.1658569767563507
126546,126546,0.602467976700184,8845,0,False,2,1.1664191339129744
126556,126556,0.451826422500576,8846,0,False,1,1.0108076153420513
126812,126812,0.766640561808752,8847,1,True,3,1.6972649313457746
126813,126813,0.918297933802175,8848,0,False,3,1.4560845802977895
126814,126814,0.762145033051326,8849,1,True,3,2.3764794597172694
126815,126815,0.75,8850,2,True,3,2.7989317814074286
126816,126816,0.75,8851,2,True,3,2.7993337460946552
126817,126817,0.75,8852,2,True,3,2.7982852065983868
126818,126818,0.271271443318585,8853,2,True,2,1.740405337269004
126819,126819,0.916211730901855,8854,0,False,3,1.468967653184095
126820,126820,0.916211730901855,8855,0,False,3,1.4684343794669505
126821,126821,0.916211730901855,8856,0,False,3,1.4673782036942415
126823,126823,0.315592182153753,8857,0,False,1,0.5570086559291658
126824,126824,0.315209085138286,8858,0,False,1,0.5611235229701634
126825,126825,0.312591509902211,8859,0,False,1,0.5732708835911315
126826,126826,0.302936937653221,8860,0,False,1,0.6303998530724234
126827,126827,0.294989282610053,8861,0,False,1,0.6664872440355969
126828,126828,0.294969290911678,8862,0,False,1,0.6697598681504581
126883,126883,0.488579744628146,8863,0,False,2,1.5136309122955758
126884,126884,0.493383591563153,8864,0,False,2,1.5051388173963511
126885,126885,0.527396344704144,8865,0,False,2,1.5201727868344244
126886,126886,0.5,8866,3,True,1,2.3085745602864485
126894,126894,0.26131980219848,8867,2,True,1,1.1467675345338373
126895,126895,0.267763282662747,8868,2,True,1,1.1684855956132574
126896,126896,0.409218237079784,8869,2,True,2,1.1744693449049706
126897,126897,0.409952785019441,8870,2,True,2,1.175134340100131
126898,126898,0.411841642987473,8871,2,True,2,1.177935959194161
126938,126938,0.499204990832444,8872,0,False,1,1.4012459487441462
126987,126987,0.634011985833104,8873,2,True,1,1.2133220598424133
126988,126988,0.478012109016999,8874,3,True,1,2.2417289334285186
126989,126989,0.633566997260872,8875,2,True,1,1.2096552113071575
126990,126990,0.625635060991048,8876,2,True,1,1.1609599176850558
126991,126991,0.499497172914457,8877,0,False,2,2.107015070926442
127000,127000,0.332150763242132,8878,0,False,2,1.2344245691106395
127001,127001,0.386967953840916,8879,0,False,2,1.3037816067070618
127027,127027,0.332556487136837,8880,0,False,2,2.3473643932370467
127099,127099,0.514085317621731,8881,0,False,1,0.8829735835539064
127100,127100,0.551128829749854,8882,0,False,1,1.1230546129043262
127101,127101,0.550158141186158,8883,0,False,1,1.1160839842558794
127102,127102,0.550059511331977,8884,0,False,1,1.1130474611189483
127103,127103,0.545475589960471,8885,0,False,1,1.09997166479053
127232,127232,0.391703731249944,8886,0,False,1,0.8644625447330686
127233,127233,0.391584012491201,8887,0,False,1,0.8641344392639648
127234,127234,0.391128958608543,8888,0,False,1,0.8639722377535093
127235,127235,0.308451601623218,8889,0,False,1,1.6897941567468366
127236,127236,0.308502361338659,8890,0,False,1,1.6876814203317787
127295,127295,0.365059677304393,8891,3,True,1,1.166838950879119
127296,127296,0.364380310737096,8892,3,True,1,1.1503957025020475
127299,127299,0.314946190166225,8893,3,True,1,0.964398159322671
127300,127300,0.33547270626274,8894,3,True,1,0.9765942653348283
127301,127301,0.347282572113817,8895,3,True,1,0.9953982772615615
127302,127302,0.353119893598819,8896,3,True,1,1.1058648458954317
127322,127322,0.26132052522806,8897,0,False,1,0.9633547521042524
127323,127323,0.260301119433108,8898,0,False,1,0.9645402660661587
127324,127324,0.262406937019238,8899,0,False,1,0.973125223455954
127325,127325,0.257292957848559,8900,0,False,1,0.9829677150877814
127326,127326,0.259778206943148,8901,0,False,1,0.9945698866689019
127327,127327,0.267223502083849,8902,1,True,1,1.0130083050125553
127346,127346,0.303056319211993,8903,0,False,1,1.2908999044236167
127347,127347,0.308338716173505,8904,0,False,1,1.516405330050035
127348,127348,0.338258746403753,8905,0,False,1,1.5808133391326966
127375,127375,0.357103000971388,8906,3,True,1,2.111220615175608
127380,127380,0.344884833278398,8907,3,True,1,1.1303239902899618
127381,127381,0.337460133080024,8908,3,True,1,1.1202827304320273
127382,127382,0.5,8909,3,True,1,4.470107043909776
127383,127383,0.75,8910,2,True,3,2.6931213630689967
127384,127384,0.41495289491804,8911,2,True,2,1.0506674890905026
127385,127385,0.266692499690538,8912,3,True,1,1.8616808262643472
127386,127386,0.26080794827739,8913,3,True,1,1.8685844056825363
127387,127387,0.263087716947873,8914,3,True,1,1.8088702309271427
127609,127609,0.460223831926232,8915,0,False,1,0.9352786065408581
127610,127610,0.436090573902961,8916,0,False,1,1.8660687804284501
127690,127690,0.416666666666667,8917,4,True,2,2.952836663911967
127691,127691,0.416666666666667,8918,4,True,2,2.9538664748789274
127692,127692,0.416666666666667,8919,4,True,2,2.9541286759749172
127693,127693,0.416666666666667,8920,4,True,2,2.954314433881908
127694,127694,0.416666666666667,8921,4,True,2,2.954697978982713
127695,127695,0.416666666666667,8922,4,True,2,2.9552014975206484
127696,127696,0.416666666666667,8923,4,True,2,2.9558162171622833
127697,127697,0.416666666666667,8924,4,True,2,2.9572134115016238
127698,127698,0.416666666666667,8925,4,True,2,2.957577205080765
127699,127699,0.416666666666667,8926,4,True,2,2.9581718003706836
127700,127700,0.416666666666667,8927,4,True,2,2.9584458456448197
127701,127701,0.416666666666667,8928,4,True,2,2.9586034547600057
127702,127702,0.416666666666667,8929,4,True,2,2.9589310059323646
127703,127703,0.416666666666667,8930,4,True,2,2.959490957217477
127732,127732,0.371118417410454,8931,2,True,1,1.1852414464928547
127747,127747,0.639359261523185,8932,1,True,3,3.92688085292436
127748,127748,0.883573607325782,8933,0,False,2,3.5189912492109117
127749,127749,0.885322711022379,8934,0,False,2,3.524426882939353
127792,127792,0.45675842339111,8935,1,True,2,1.0966033079703705
127793,127793,0.481373113404995,8936,1,True,2,1.374621289030085
127794,127794,0.46814480817876,8937,1,True,2,1.3649916725656928
127795,127795,0.343015529061259,8938,1,True,1,1.4615366607974754
127796,127796,0.359444621324094,8939,1,True,1,0.9879261030130634
127801,127801,0.281691891785331,8940,4,True,2,1.572906906724953
127802,127802,0.280449713690093,8941,4,True,2,1.5730715805398876
127803,127803,0.279683403640451,8942,4,True,2,1.5732153473131465
127804,127804,0.274394404352752,8943,4,True,2,1.451909311856188
127805,127805,0.274791630350121,8944,4,True,2,1.4516485869242068
127806,127806,0.275170248481546,8945,4,True,2,1.451097476894809
127816,127816,0.294598478713886,8946,1,True,2,1.291274744159108
127879,127879,0.340218436537425,8947,2,True,1,1.2800428742679282
128053,128053,0.51683450559775,8948,0,False,2,2.563475095328924
128054,128054,0.517193409553097,8949,0,False,2,2.5623136350172517
128055,128055,0.512283233544109,8950,0,False,2,2.576261793221011
128056,128056,0.502384648794529,8951,0,False,2,2.587283428225206
128057,128057,0.509243790765452,8952,0,False,2,2.2009900918587255
128058,128058,0.530151470222816,8953,0,False,2,2.142721663183813
128059,128059,0.528120027146699,8954,0,False,2,2.1677559694178052
128060,128060,0.576450581542283,8955,0,False,2,2.034660134242086
128061,128061,0.577454611213558,8956,0,False,2,1.291774461961152
128062,128062,0.591061831151232,8957,0,False,2,1.3316792572847211
128063,128063,0.606308438754357,8958,0,False,2,1.461317720041576
128064,128064,0.609003162904035,8959,0,False,2,1.4456621796182458
128065,128065,0.616166997686354,8960,0,False,2,1.6411439986840985
128301,128301,0.267735456184087,8961,4,True,1,2.1260998814397065
128302,128302,0.363307606298885,8962,3,True,1,1.103143415059803
128303,128303,0.44296243367035,8963,2,True,1,0.9677539807018488
128304,128304,0.434437688160587,8964,2,True,1,0.9884972093577968
128305,128305,0.433822379268713,8965,2,True,1,0.9926478087459206
128306,128306,0.418066172816004,8966,2,True,1,1.0272812589557365
128307,128307,0.405520018087295,8967,2,True,1,1.0737694839197145
128308,128308,0.404063058984881,8968,2,True,1,1.0759249896447867
128309,128309,0.319189701333728,8969,3,True,1,2.1308961869537066
128310,128310,0.446455325468735,8970,2,True,1,0.9730747169990516
128311,128311,0.444978199925439,8971,2,True,1,0.9733040330555635
128312,128312,0.394759233834749,8972,2,True,2,1.3425467326210418
128313,128313,0.403915994431979,8973,2,True,2,1.3508691157478034
128314,128314,0.406474229439886,8974,2,True,2,1.3584376439444508
128315,128315,0.40908060453191,8975,2,True,2,1.3653362581402495
128316,128316,0.291461345763539,8976,3,True,1,1.271605647620036
128317,128317,0.291108627439499,8977,3,True,1,1.2708526094877175
128319,128319,0.298517004342788,8978,3,True,1,1.3592472538035036
128320,128320,0.286412361203446,8979,3,True,1,1.3983117660552935
128321,128321,0.336240788741495,8980,2,True,1,1.324349359503642
128322,128322,0.416101283444156,8981,2,True,2,1.1187768499377446
128323,128323,0.558515767382125,8982,2,True,2,1.1745536824174057
128324,128324,0.415711616570566,8983,2,True,2,1.1049876934593506
128325,128325,0.40755580722134,8984,2,True,2,1.0944995916506164
128326,128326,0.403890908510038,8985,2,True,2,0.9997917705554733
128415,128415,0.397562464582611,8986,1,True,1,1.1121258533262137
128648,128648,0.296347965703109,8987,0,False,1,0.7925887665302818
128649,128649,0.323873884829179,8988,0,False,2,2.1552151294667103
128650,128650,0.323982902379199,8989,0,False,2,2.1552713721769527
128675,128675,0.625514071964047,8990,0,False,2,1.2324129018439758
128676,128676,0.622305128964808,8991,0,False,2,1.2338363979890654
128677,128677,0.64275743974404,8992,0,False,2,1.1939840922912737
128678,128678,0.646315076428725,8993,0,False,2,1.1895645424057923
128679,128679,0.647138761835843,8994,0,False,2,1.176383800976758
128712,128712,0.303223218483167,8995,0,False,2,1.6887645593757075
128713,128713,0.32747568029428,8996,0,False,2,1.6097608535952757
128890,128890,0.432012756857795,8997,2,True,1,0.9566900811414498
128891,128891,0.341176242051202,8998,2,True,1,1.3596955511184072
128892,128892,0.409680774742956,8999,2,True,2,1.0096528172958354
128893,128893,0.563028414915191,9000,2,True,2,1.087948997337991
128894,128894,0.564187063880457,9001,2,True,2,1.092446281859453
128921,128921,0.286492797343492,9002,0,False,2,2.085448318913982
128922,128922,0.286056461286069,9003,0,False,2,2.115016903924183
128942,128942,0.562271463542564,9004,1,True,2,1.422643393938076
128943,128943,0.537265766080478,9005,1,True,2,1.069990158547432
128944,128944,0.531375916409741,9006,1,True,2,1.0021642038282055
128945,128945,0.517196973757002,9007,1,True,2,0.9328380758448983
128987,128987,0.532539364594364,9008,0,False,1,0.9671829438137538
128988,128988,0.532406909528205,9009,0,False,1,0.9691105185945262
128989,128989,0.526169792357606,9010,0,False,1,0.9661044835575973
128990,128990,0.526085402194153,9011,0,False,1,0.966814657859563
128991,128991,0.525723394366329,9012,0,False,1,0.9759558019889638
128992,128992,0.524512479194459,9013,0,False,1,0.9786870828242984
128993,128993,0.384088571674361,9014,1,True,1,2.0834075891686683
129183,129183,0.946825425476719,9015,0,False,3,1.4568506331955915
129184,129184,0.946825425476719,9016,0,False,3,1.4572237001626922
129185,129185,0.444358893304633,9017,2,True,2,0.8849322618848521
129186,129186,0.442763744808815,9018,2,True,2,0.8807656106182036
129386,129386,0.910819960392678,9019,0,False,3,2.7661489569545537
129387,129387,0.921943394736992,9020,0,False,3,2.81928741212492
129388,129388,0.506652476838609,9021,0,False,2,1.439846479993994
129389,129389,0.505758687392508,9022,0,False,2,1.4833250631033323
129390,129390,0.496809938646472,9023,0,False,2,1.541370056562576
129391,129391,0.477921917014328,9024,0,False,2,1.4580071418413498
129459,129459,0.25148707543109,9025,0,False,1,1.1570343484336318
129460,129460,0.332679505311364,9026,0,False,2,1.5026632691388018
129742,129742,0.317147283179025,9027,0,False,1,1.023480844671232
129743,129743,0.322112998108162,9028,0,False,1,1.0180699411062129
129744,129744,0.321262552638442,9029,0,False,1,1.011425826226682
129745,129745,0.321563075320335,9030,0,False,1,1.0106956067279411
129752,129752,0.631292617469497,9031,0,False,2,1.7211773263256183
130002,130002,0.360000802352757,9032,0,False,2,1.4837517486981504
130003,130003,0.365381092068731,9033,0,False,2,1.6711365086837278
130004,130004,0.365468449935565,9034,0,False,2,1.6714650343746333
130005,130005,0.35076000083673,9035,0,False,1,1.5177599752693247
130006,130006,0.350901029310504,9036,0,False,1,1.518623128331222
130007,130007,0.25308882167056,9037,0,False,1,2.188131004822677
130008,130008,0.252768969435358,9038,0,False,1,2.1961290544989365
130009,130009,0.362610408664481,9039,0,False,2,1.4762269238687127
130010,130010,0.362406927074017,9040,0,False,2,1.4769775298447534
130061,130061,0.339463340594012,9041,0,False,2,1.288914380313665
130148,130148,0.401135188295932,9042,0,False,2,1.359057418675035
130149,130149,0.448865223169796,9043,0,False,2,3.0314567731665423
130150,130150,0.428325856738575,9044,0,False,2,3.1221625052099413
130151,130151,0.404827358916329,9045,0,False,2,3.1008905829926587
130370,130370,0.525993664663763,9046,2,True,1,1.0609600564585175
130371,130371,0.605300729568688,9047,2,True,2,1.7355627533342324
130372,130372,0.592365753537649,9048,2,True,2,1.7238557409294226
130373,130373,0.583924251515714,9049,2,True,2,1.7318647824142712
130374,130374,0.430983680927212,9050,2,True,1,1.1249084874960122
130375,130375,0.430649027886582,9051,2,True,1,1.1266172064372575
130376,130376,0.42985479942991,9052,2,True,1,1.1311834530470624
130377,130377,0.429507647288914,9053,2,True,1,1.1329976795089525
130378,130378,0.501016291685532,9054,2,True,1,1.0650197628202676
130651,130651,0.372488628406612,9055,0,False,2,0.9502369146619525
130652,130652,0.369741575651425,9056,0,False,2,0.9660399552461314
130706,130706,0.33127305184763,9057,0,False,1,0.7666207254134485
130707,130707,0.282917985608483,9058,1,True,1,1.9397948210836369
130734,130734,0.332504151849687,9059,3,True,1,2.092030575539835
131106,131106,0.415148436816474,9060,1,True,2,1.7430240048007422
131107,131107,0.413294061794815,9061,1,True,2,1.5788715714711927
131108,131108,0.418020878867922,9062,1,True,2,1.5868364684351501
131109,131109,0.405140509211308,9063,1,True,2,1.7833753946761124
131110,131110,0.401343886252583,9064,1,True,2,1.7864615535677528
131111,131111,0.398924446377266,9065,0,False,2,1.787854533778625
131112,131112,0.395642839966767,9066,0,False,2,1.7901791624715588
131113,131113,0.364112164181801,9067,0,False,1,1.1375574848093561
131114,131114,0.443485130657118,9068,0,False,1,0.8078691260239761
131116,131116,0.536179783863188,9069,2,True,1,0.924420932111234
131117,131117,0.315038302353632,9070,3,True,1,2.1222671593341977
131118,131118,0.396615041002864,9071,2,True,1,0.9797025846032794
131150,131150,0.342012702079979,9072,3,True,1,2.79714430701449
131151,131151,0.585654144209038,9073,2,True,2,2.074564204554995
131152,131152,0.58879286191878,9074,2,True,2,2.2729664918775083
131153,131153,0.589076159993728,9075,2,True,2,2.2657934566390905
131154,131154,0.589757202109369,9076,2,True,2,2.2943873428689
131201,131201,0.399252872578764,9077,0,False,1,0.7858786072427386
131263,131263,0.482529528793451,9078,0,False,2,1.5214367040107832
131264,131264,0.50678219906011,9079,0,False,2,1.5131263814999385
131265,131265,0.515006709827945,9080,0,False,2,1.4852071192081817
131293,131293,0.439902396866051,9081,1,True,1,1.2293541409055326
131294,131294,0.439809575288487,9082,1,True,1,1.229670800472356
131295,131295,0.439653114560951,9083,1,True,1,1.2300681382614236
131296,131296,0.439436342823082,9084,1,True,1,1.2309590328323592
131297,131297,0.439251763734033,9085,1,True,1,1.2311460771646874
131298,131298,0.439199313426896,9086,1,True,1,1.232337002582962
131299,131299,0.263588661420656,9087,2,True,1,2.1208194394593813
131496,131496,0.51134032028897,9088,0,False,1,1.296516525782773
131497,131497,0.418902795406702,9089,0,False,1,2.008590683461756
131498,131498,0.576229449448532,9090,0,False,2,1.540154810009907
131499,131499,0.597178433566548,9091,0,False,2,1.4740991663465117
131622,131622,0.43693590261743,9092,3,True,2,1.4168752573334393
131623,131623,0.428901930026611,9093,3,True,2,1.4026803062670545
131624,131624,0.414172257684756,9094,3,True,2,1.3728748207542572
131625,131625,0.41323993213633,9095,3,True,2,1.3758806225705034
131626,131626,0.417489278491044,9096,3,True,2,1.3759869278694956
131627,131627,0.352069476960651,9097,3,True,2,1.0767099533988498
131746,131746,0.262571154236466,9098,3,True,1,1.09832835156627
131747,131747,0.256432124676294,9099,3,True,1,1.1139082220913055
131748,131748,0.25602360757968,9100,3,True,1,1.117786945586398
131749,131749,0.255244106489308,9101,3,True,1,1.129817632602641
131750,131750,0.255219628681954,9102,3,True,1,1.1317169672640806
131751,131751,0.255161187946616,9103,3,True,1,1.1345549873276093
131752,131752,0.255072901542944,9104,3,True,1,1.1374901160253557
131753,131753,0.254951406303251,9105,3,True,1,1.1412951163194114
131754,131754,0.267735456184087,9106,4,True,1,2.1260998814397065
131755,131755,0.331372718015075,9107,3,True,1,2.0953423013306107
131811,131811,0.606486916886168,9108,0,False,2,1.7097992210708468
131812,131812,0.604445102873954,9109,0,False,2,1.6604671306010947
131849,131849,0.335348661796242,9110,0,False,1,1.293076031608162
131850,131850,0.312598644509708,9111,0,False,1,1.3843483178422655
131851,131851,0.311623778628465,9112,0,False,1,1.3894303022148602
131990,131990,0.293249408590649,9113,0,False,2,1.7024494186526502
132014,132014,0.522154155963284,9114,1,True,2,1.7275131183930637
132015,132015,0.517822656109757,9115,1,True,2,1.729173010669404
132016,132016,0.479189796895068,9116,1,True,2,1.7326539967250112
132244,132244,0.310414014638296,9117,1,True,1,2.203874816549069
132245,132245,0.47281418071761,9118,0,False,1,1.4817167845085797
132260,132260,0.352524174031502,9119,1,True,1,2.162868878582666
132331,132331,0.580447389263967,9120,0,False,1,1.2246571594787128
132332,132332,0.571908925959222,9121,0,False,1,1.175009473469355
132543,132543,0.383047497576871,9122,0,False,1,0.597365331046927
132544,132544,0.276588760385643,9123,1,True,1,1.9407007196489006
132545,132545,0.285273200242829,9124,1,True,1,1.9358367945276447
132546,132546,0.371896124674927,9125,2,True,1,2.61247327372832
132547,132547,0.372022961153829,9126,2,True,1,2.607137190142383
132555,132555,0.440539321429976,9127,1,True,1,1.223448418227129
132575,132575,0.284921286142134,9128,3,True,1,0.9213448530457589
132576,132576,0.287734306499295,9129,3,True,1,0.9174291954198482
132577,132577,0.27780946010949,9130,3,True,1,0.9158877819820279
132578,132578,0.277584277446518,9131,3,True,1,0.9149249109462319
132579,132579,0.278327144835282,9132,3,True,1,0.9133141740624036
132580,132580,0.278171772203344,9133,3,True,1,0.9127803188060415
132581,132581,0.278061637152104,9134,2,True,1,0.912406406658745
132582,132582,0.277999572211202,9135,2,True,1,0.912198196450173
132583,132583,0.277913002544659,9136,2,True,1,0.9119281697840281
132584,132584,0.277856648353267,9137,2,True,1,0.911752934554432
132585,132585,0.268925890863381,9138,2,True,1,0.9218767170278944
132586,132586,0.271741644518714,9139,2,True,1,0.9161333705452166
132587,132587,0.271669752920732,9140,2,True,1,0.9160290087850651
132588,132588,0.271565796524314,9141,2,True,1,0.9159436575490612
132589,132589,0.271453380683611,9142,2,True,1,0.9158068816995515
132590,132590,0.271387160248507,9143,2,True,1,0.9157129540014922
132591,132591,0.271195421712726,9144,2,True,1,0.9157197361015831
132592,132592,0.268648973211978,9145,2,True,1,0.9219593881987432
132593,132593,0.268328666509705,9146,2,True,1,0.922528381248927
132594,132594,0.257904389100396,9147,2,True,1,0.9438759226129717
132595,132595,0.257609250670742,9148,2,True,1,0.9441294317566423
132674,132674,0.330668696160829,9149,3,True,1,1.3656507780948084
132675,132675,0.267213678493278,9150,4,True,1,2.1253961661124365
132676,132676,0.40002215529142,9151,3,True,1,1.1591424031740265
132726,132726,0.295060066800482,9152,0,False,1,0.9179269176167757
132743,132743,0.354609447868441,9153,0,False,1,1.0658693970892528
132744,132744,0.34170564393434,9154,0,False,1,1.1270184609375125
132745,132745,0.365279477753378,9155,0,False,1,1.1853763080171542
132746,132746,0.404124540212016,9156,0,False,1,1.7364478376234411
132782,132782,0.61623245338058,9157,0,False,2,1.3106466544239557
132783,132783,0.623694328125326,9158,0,False,2,1.1587215377233961
132784,132784,0.623367082817759,9159,0,False,2,1.1629191374060286
132979,132979,0.75577277195194,9160,0,False,2,2.941320145076143
132980,132980,0.769560897209764,9161,0,False,2,2.9431648342996604
132981,132981,0.789121794419528,9162,0,False,3,1.4642300539836797
133019,133019,0.312310245722083,9163,0,False,1,0.8610018268729699
133020,133020,0.321712091549374,9164,0,False,1,0.9382839592025359
133021,133021,0.396034953818964,9165,0,False,2,1.4012761125073154
133022,133022,0.386216017442155,9166,0,False,2,1.41611947830827
133026,133026,0.266131866309985,9167,0,False,2,1.8290727235304074
133039,133039,0.5624116536235,9168,1,True,2,1.6779352137193915
133040,133040,0.562002402740177,9169,1,True,2,1.6790751769177419
133041,133041,0.560472002203976,9170,1,True,2,1.6846383976329278
133042,133042,0.509978541174157,9171,1,True,1,1.7191744529324402
133043,133043,0.553564489746192,9172,1,True,2,1.6736923351639408
133044,133044,0.569176955791355,9173,1,True,2,1.689978225788047
133045,133045,0.565096810386994,9174,1,True,2,1.67750667275801
133139,133139,0.374648135955963,9175,1,True,2,1.580806278683079
133140,133140,0.415174646335796,9176,1,True,2,1.3906249450332147
133141,133141,0.376848708981592,9177,1,True,2,1.5490803433288605
133147,133147,0.502875310552898,9178,3,True,2,1.1156307242686583
133148,133148,0.503054139870443,9179,3,True,2,1.1136510541283193
133149,133149,0.491375747540707,9180,3,True,2,1.0624511055702501
133150,133150,0.497532930302157,9181,3,True,2,1.082291624323349
133151,133151,0.50222528125381,9182,3,True,2,1.0865098030896363
133152,133152,0.497657842220265,9183,3,True,2,1.0587248318617652
133153,133153,0.412560666482811,9184,3,True,2,1.0955048098928253
133154,133154,0.414982254421355,9185,3,True,2,1.1056921606591936
133155,133155,0.409493498666571,9186,3,True,2,1.1016547353963297
133156,133156,0.410473653876749,9187,3,True,2,1.1055818533708734
133334,133334,0.340504249369474,9188,2,True,1,1.260435357778023
133335,133335,0.348874309083667,9189,2,True,1,1.2549065487104438
133336,133336,0.344717969597115,9190,2,True,1,1.2572099361584677
133370,133370,0.313104268473371,9191,3,True,1,2.1261798937834846
133375,133375,0.456722917283305,9192,2,True,1,0.8902470491966143
133376,133376,0.45981119014668,9193,2,True,1,0.8879443471578665
133377,133377,0.455832939788014,9194,2,True,1,0.891507244330913
133378,133378,0.50665466585479,9195,2,True,1,1.1330407036465624
133379,133379,0.424756288697484,9196,2,True,1,1.4044005056864768
133380,133380,0.435629883982964,9197,2,True,1,1.1623514439469464
133381,133381,0.437619840239332,9198,2,True,1,1.1195049072085608
133382,133382,0.4442413374088,9199,2,True,1,0.9944052744222611
133383,133383,0.444779800883652,9200,2,True,1,0.9849888737050648
133385,133385,0.416256419014129,9201,4,True,2,1.803038392444437
133386,133386,0.416397449117303,9202,4,True,2,1.8016461631738647
133387,133387,0.416524032703962,9203,4,True,2,1.800963894979397
133388,133388,0.416666666666667,9204,4,True,2,1.8003327171350507
133389,133389,0.416666666666667,9205,4,True,2,2.949302220778042
133390,133390,0.316666672166518,9206,4,True,2,1.6656501904296939
133391,133391,0.311182919979805,9207,4,True,2,1.6583337080489702
133392,133392,0.307468984146991,9208,4,True,2,1.653665471238906
133393,133393,0.300871884892548,9209,4,True,2,1.646001134541988
133394,133394,0.290285290129921,9210,4,True,2,1.6351708028609577
133395,133395,0.294541992817397,9211,4,True,2,1.6096599388477273
133396,133396,0.456621579861664,9212,3,True,2,1.4730150795371042
133417,133417,0.265348164544034,9213,0,False,2,3.1380916200626476
133418,133418,0.254418176635468,9214,0,False,2,3.189523857392288
133419,133419,0.252372560388604,9215,0,False,2,3.171445564071543
133421,133421,0.276719309162967,9216,0,False,1,0.8976715224910011
133422,133422,0.273929634057322,9217,0,False,1,0.9170324942544973
133423,133423,0.272324684355499,9218,0,False,1,0.9234087890988534
133424,133424,0.260669350983092,9219,0,False,1,0.9487210571647972
133429,133429,0.251188722071929,9220,0,False,2,1.0691064817901201
133442,133442,0.40059358555398,9221,0,False,2,1.7346381770627421
133443,133443,0.427533231759575,9222,0,False,2,0.9100385312141359
133703,133703,0.390787120123439,9223,0,False,1,1.1699060351710093
133704,133704,0.380146907328041,9224,0,False,1,1.1238470848978217
133705,133705,0.382022625084847,9225,0,False,1,1.1292064316518284
133706,133706,0.378098432204586,9226,0,False,1,1.1418904903944662
133707,133707,0.376839424268863,9227,0,False,1,1.1529324429756256
133708,133708,0.376037835926217,9228,0,False,1,1.196696890451474
133728,133728,0.410601359107085,9229,0,False,1,1.3389057229431631
133729,133729,0.393739611148649,9230,0,False,1,1.6175068610864471
133730,133730,0.384390326196179,9231,0,False,1,1.9429494161876355
133731,133731,0.38593180841539,9232,0,False,1,1.936306398307222
133814,133814,0.338992604573678,9233,0,False,2,1.1790591196584748
133815,133815,0.344350616148526,9234,0,False,2,1.1370522565225272
133816,133816,0.346133515461836,9235,0,False,2,1.135105384053866
133817,133817,0.500182610640766,9236,0,False,2,1.3931745555739663
133818,133818,0.5032762471563,9237,0,False,2,1.3994863106609892
133819,133819,0.29161168206575,9238,0,False,2,1.2912615970153174
133820,133820,0.294374063470654,9239,0,False,2,1.3027209876906927
133821,133821,0.296160194555832,9240,0,False,2,1.286470489761642
133822,133822,0.279548517515055,9241,0,False,2,1.3437330504600786
133823,133823,0.278590592892089,9242,0,False,2,1.3463033359173349
133824,133824,0.284404089117167,9243,0,False,2,1.3181809835556277
133889,133889,0.267735456184087,9244,4,True,1,2.1260998814397065
133890,133890,0.456230446897869,9245,2,True,1,0.8507574698478593
133948,133948,0.579278786547599,9246,3,True,2,1.6733317091921678
133949,133949,0.580952380952381,9247,3,True,2,1.6845204345879319
133950,133950,0.333333333333333,9248,4,True,1,3.901803392274079
133968,133968,0.372347563709591,9249,0,False,1,1.4112740302847309
133970,133970,0.250206790213748,9250,0,False,1,1.7717477364713758
133971,133971,0.282077364750419,9251,0,False,1,1.6365766816758616
133973,133973,0.311902019798638,9252,2,True,1,1.4424607776113034
133974,133974,0.277637349194339,9253,2,True,1,1.5586150153950245
133976,133976,0.514790204771545,9254,0,False,2,1.4855778588357946
133977,133977,0.487735360997555,9255,0,False,2,1.327944881429159
133978,133978,0.514371070539216,9256,0,False,2,1.3294516563790884
133979,133979,0.510645056425914,9257,0,False,2,1.3298446631996967
133980,133980,0.514974228569309,9258,0,False,2,1.3908128161289797
133981,133981,0.522444232552822,9259,0,False,2,1.451957213018436
133982,133982,0.540111608162228,9260,0,False,2,1.5468301907068276
134379,134379,0.337823343108351,9261,0,False,1,0.8493549189594062
134514,134514,0.77547018564586,9262,1,True,3,1.7477700370130969
134515,134515,0.753138415767387,9263,1,True,3,1.7515470286699986
134516,134516,0.753138415767387,9264,1,True,3,1.7551963134463502
134517,134517,0.752595398055199,9265,1,True,3,1.7597486820141264
134545,134545,0.455402522442555,9266,2,True,1,0.868427547484699
134546,134546,0.460239035208584,9267,2,True,1,0.8583986144649945
134547,134547,0.460195460741436,9268,2,True,1,0.8589023883844373
134548,134548,0.456550762062497,9269,2,True,1,0.8679765484519066
134549,134549,0.456345126460994,9270,2,True,1,0.872594734829239
134550,134550,0.370076170550466,9271,3,True,1,2.079821937648054
134552,134552,0.303865154402759,9272,3,True,1,2.105297154204864
134650,134650,0.447087716732338,9273,0,False,2,1.7397375053463222
134651,134651,0.447125122716235,9274,0,False,2,1.74206243968294
134652,134652,0.447285948682126,9275,0,False,2,1.763710707190828
134653,134653,0.446333699624908,9276,0,False,2,1.7747154161522944
134683,134683,0.373791227832989,9277,1,True,1,2.0782060725573284
134694,134694,0.430613915978234,9278,3,True,3,2.645693114932509
134904,134904,0.32912670077998,9279,3,True,1,2.09274437288006
134905,134905,0.423737305547808,9280,2,True,1,0.9283600650021991
134906,134906,0.424182587936198,9281,2,True,1,0.9306505291092471
134907,134907,0.425846927817795,9282,2,True,1,0.930196543580741
134908,134908,0.440023335503019,9283,2,True,1,0.9161837389206978
134909,134909,0.290939718409621,9284,0,False,2,1.1915091665854822
135002,135002,0.341946571156763,9285,3,True,1,2.0825230227646485
135003,135003,0.392750934677066,9286,2,True,1,1.1223590074873755
135004,135004,0.393090757792103,9287,2,True,1,1.1199231255918927
135005,135005,0.393210006240511,9288,2,True,1,1.118882726389916
135006,135006,0.602752571311185,9289,2,True,1,1.2721613052037484
135007,135007,0.608974025925358,9290,2,True,1,1.3619580807259986
135008,135008,0.619840625321676,9291,2,True,1,1.5191230354173098
135013,135013,0.36120852162049,9292,0,False,1,0.7614419963917074
135014,135014,0.402731506200698,9293,0,False,1,0.6065219004029067
135015,135015,0.396836010784691,9294,0,False,1,0.5573792948726626
135016,135016,0.382992124521639,9295,0,False,1,0.42416039774944075
135017,135017,0.383452497233986,9296,0,False,1,0.44290273999897184
135169,135169,0.400194365798593,9297,0,False,2,1.874646159951327
135170,135170,0.374651329968807,9298,0,False,2,1.5711292606471765
135182,135182,0.266743519021042,9299,2,True,2,1.675640380294841
135195,135195,0.398979635464764,9300,0,False,1,0.49180817042948677
135206,135206,0.665284694014895,9301,0,False,2,1.729768376207268
135295,135295,0.916211730901855,9302,0,False,3,1.5618578171378048
135298,135298,0.304393637148639,9303,0,False,2,1.5609906002798837
135318,135318,0.841194960284738,9304,0,False,3,1.4357386346937284
135319,135319,0.84592393808506,9305,0,False,3,1.4486679156034867
135320,135320,0.84592393808506,9306,0,False,3,1.4444363289138078
135371,135371,0.317134388822272,9307,2,True,1,1.2944672029400586
135372,135372,0.312137396648849,9308,2,True,1,1.2829587821563158
135373,135373,0.310271076216591,9309,2,True,1,1.279204323589422
135374,135374,0.305463554832262,9310,2,True,1,1.3504480595660255
135375,135375,0.305137192365826,9311,2,True,1,1.3516137960547048
135376,135376,0.298878750903378,9312,2,True,1,1.3486984369211874
135377,135377,0.298278343830462,9313,2,True,1,1.3813223248388402
135378,135378,0.298032169764629,9314,2,True,1,1.382488192200106
135379,135379,0.297801282728522,9315,2,True,1,1.3835957101627665
135380,135380,0.297522773596893,9316,2,True,1,1.3846737802816835
135381,135381,0.297279914425607,9317,2,True,1,1.3854528635874122
135382,135382,0.296802657799363,9318,2,True,1,1.3872616986837383
135383,135383,0.296142415399538,9319,2,True,1,1.3897018480385872
135385,135385,0.363475382110671,9320,2,True,2,1.036735828315334
135386,135386,0.358201259423381,9321,2,True,2,1.0296151124390445
135606,135606,0.251905301166379,9322,1,True,2,1.3971760305152492
135614,135614,0.526057327264577,9323,0,False,1,0.9796696183060312
135615,135615,0.388828960872174,9324,1,True,1,2.0859646101757363
135618,135618,0.267924598565827,9325,3,True,1,1.8492027546238006
135619,135619,0.304490436354281,9326,0,False,1,2.101356982371511
135620,135620,0.310169434311478,9327,0,False,1,1.371607117899905
135621,135621,0.312846143428275,9328,0,False,1,1.2030710898439751
135622,135622,0.328333793260651,9329,1,True,1,1.8950979728070034
135636,135636,0.251572740253119,9330,0,False,1,0.8584142468335414
135637,135637,0.253843945819209,9331,0,False,1,0.8598243730532499
135638,135638,0.252818360355931,9332,0,False,1,0.8601380153492788
135639,135639,0.256056888340862,9333,0,False,1,0.8630864368047414
135672,135672,0.969105189857498,9334,0,False,3,2.420328313856069
135673,135673,0.498308918579321,9335,0,False,2,1.2269244507852537
135674,135674,0.498495063220397,9336,0,False,2,1.2107716588209863
135889,135889,0.292520221868871,9337,0,False,2,1.8196777925388177
135890,135890,0.290842477762336,9338,0,False,2,1.818648171792838
135891,135891,0.298359599037865,9339,0,False,2,1.8205934978200333
135907,135907,0.301213854121075,9340,2,True,1,1.4025265069836264
135915,135915,0.419874420178816,9341,0,False,2,1.0429576213437592
135951,135951,0.477607075981365,9342,1,True,1,0.8932715869484383
136042,136042,0.332504151849687,9343,3,True,1,2.092030575539835
136059,136059,0.31518740894239,9344,0,False,2,1.424573024551471
136320,136320,0.930350991767046,9345,0,False,3,1.3092742124966847
136321,136321,0.931295552381151,9346,0,False,3,1.3067593947186658
136322,136322,0.644264147689083,9347,0,False,2,1.5983348824068917
136357,136357,0.396030912952744,9348,2,True,1,2.194943196010953
136358,136358,0.395231649511513,9349,1,True,1,2.2993933511440976
136399,136399,0.434850826079144,9350,0,False,1,1.913297575962629
136400,136400,0.41668904257726,9351,0,False,1,1.5806057982320878
136433,136433,0.286669174032243,9352,3,True,1,1.243386320488314
136434,136434,0.28695413522368,9353,3,True,1,1.2440051470651565
136481,136481,0.403958437859638,9354,1,True,1,2.098087569633476
136516,136516,0.253711350756606,9355,0,False,1,1.4785105951276691
136630,136630,0.432346225892058,9356,2,True,2,1.004092415625214
136652,136652,0.426233117421958,9357,2,True,1,0.92293964676582
136653,136653,0.400286567169644,9358,2,True,1,0.9854737229071618
136661,136661,0.366258131990628,9359,2,True,2,1.4801368556274281
136663,136663,0.281065100827992,9360,0,False,1,1.0125995954352265
136664,136664,0.290887400747966,9361,0,False,1,1.0412075802262737
136665,136665,0.291957981305391,9362,0,False,1,1.047822641811884
136725,136725,0.485137705567554,9363,0,False,2,1.594052573101178
136726,136726,0.475761254472782,9364,0,False,2,1.5715328147252545
136762,136762,0.599451620619231,9365,2,True,3,2.297101046934134
136763,136763,0.349451620619231,9366,3,True,3,4.302249262722952
136832,136832,0.438931647670845,9367,1,True,2,1.45928012162275
136833,136833,0.490727561630433,9368,1,True,2,1.2932474836177614
136834,136834,0.282445677943519,9369,0,False,1,2.0578733237505635
136835,136835,0.277857344666961,9370,0,False,1,2.1227754986953333
136836,136836,0.275037635204946,9371,0,False,1,2.164345322353577
136844,136844,0.445306840275062,9372,0,False,1,0.8295391885532931
136845,136845,0.496245692759029,9373,0,False,2,1.271638237227603
136846,136846,0.413389358029461,9374,0,False,1,0.6766765819424287
136847,136847,0.348227142933429,9375,0,False,1,0.9062844474385346
136922,136922,0.363962080971731,9376,3,True,1,1.1789799698308836
136923,136923,0.945471208104662,9377,0,False,3,1.2405452060297435
136930,136930,0.303125640113345,9378,2,True,2,1.1213987077483982
136936,136936,0.375714014613082,9379,3,True,1,1.038027171233519
136937,136937,0.372613381384515,9380,3,True,1,1.0387295162372208
136938,136938,0.386521187358767,9381,3,True,1,1.0780280565070093
136939,136939,0.386017102153684,9382,3,True,1,1.0785510327891625
136968,136968,0.910014255563854,9383,0,False,3,1.2514183912846844
136969,136969,0.907257910222318,9384,0,False,3,1.2482971820617768
136970,136970,0.905636025367409,9385,0,False,3,1.2530245121872994
136971,136971,0.626596328366231,9386,0,False,2,3.2435999963523776
136972,136972,0.637524204931202,9387,0,False,2,3.2353144513790806
136973,136973,0.57649169544566,9388,1,True,2,0.8859553562179762
136974,136974,0.565364708942861,9389,1,True,2,0.8847264662407563
137380,137380,0.543565098779931,9390,0,False,1,0.966911872742622
137476,137476,0.252538122161093,9391,0,False,1,1.1637386050711396
137509,137509,0.922261735014452,9392,0,False,3,1.4310286706635449
137655,137655,0.916211730901855,9393,0,False,3,1.2306190836086162
137656,137656,0.922701999063211,9394,0,False,2,3.443326519158135
137657,137657,0.922701999063211,9395,0,False,3,1.2306245283553
137705,137705,0.332504151849687,9396,3,True,1,2.092030575539835
137706,137706,0.388784390093987,9397,2,True,1,1.115907368257984
137707,137707,0.38805821777953,9398,2,True,1,1.1220119350984834
137739,137739,0.653640357699457,9399,0,False,2,2.2672562576992403
137835,137835,0.550760819007418,9400,0,False,2,2.2013023632813735
137836,137836,0.556541985951007,9401,0,False,2,2.332627565163496
137837,137837,0.571981564201635,9402,0,False,2,2.3207233016548297
137847,137847,0.596789282743867,9403,2,True,3,2.2444644174530857
137848,137848,0.596789282743867,9404,2,True,3,2.246112482187296
137849,137849,0.4301226160772,9405,3,True,3,2.6576397347137215
137850,137850,0.4301226160772,9406,3,True,3,2.6584368879555593
137851,137851,0.4301226160772,9407,3,True,3,2.6594425783469187
137852,137852,0.263455949410534,9408,4,True,2,2.735724785886817
137853,137853,0.263455949410534,9409,4,True,2,2.7365028704451455
137854,137854,0.263455949410534,9410,4,True,2,2.737736057245893
137893,137893,0.360217645116984,9411,2,True,1,1.2314401775757247
137894,137894,0.348665920126058,9412,2,True,1,1.273519944467203
137896,137896,0.409778378416558,9413,2,True,1,0.9818225021671984
137897,137897,0.407954480604745,9414,2,True,1,0.988170355853369
137898,137898,0.409407707407796,9415,2,True,1,0.9838242262812414
137899,137899,0.323784838290344,9416,3,True,1,2.1064763311334906
137903,137903,0.749395736739778,9417,2,True,2,1.7740793189378683
137904,137904,0.749304524287461,9418,2,True,2,1.7873240781603967
137905,137905,0.748969185902187,9419,2,True,2,1.791716046174777
137906,137906,0.74883813601153,9420,2,True,2,1.7949904821255225
137907,137907,0.748739284548372,9421,2,True,2,1.7974848443421108
137908,137908,0.748643496544392,9422,2,True,2,1.8029129770095251
137909,137909,0.748483509935788,9423,2,True,2,1.804755294015586
137910,137910,0.748416737529084,9424,2,True,2,1.806667744255339
137911,137911,0.5,9425,3,True,1,2.3085745602864485
137979,137979,0.305355454110045,9426,0,False,2,3.0091827706023793
137980,137980,0.305715812946151,9427,0,False,2,3.00608800202252
137981,137981,0.303803913449565,9428,0,False,2,3.0125763261680842
137982,137982,0.304748208679398,9429,0,False,2,3.0117249933320007
137983,137983,0.313476379362289,9430,0,False,2,1.0612179006922784
137984,137984,0.313467363875249,9431,0,False,2,1.055922574391935
137985,137985,0.284687757422167,9432,0,False,2,4.3265714703402605
137986,137986,0.287143231412113,9433,0,False,2,4.263640829273404
137987,137987,0.292264907612394,9434,0,False,2,4.245318501877953
137990,137990,0.692117223843807,9435,1,True,3,1.5767704806495046
138174,138174,0.603635188143787,9436,2,True,3,2.293883683100057
138175,138175,0.352283226097783,9437,3,True,1,3.3076081384994804
138324,138324,0.655198059591841,9438,2,True,2,1.5682929305454671
138325,138325,0.649342567029578,9439,2,True,2,1.5826896800488228
138326,138326,0.64268605938094,9440,2,True,2,1.5823845987058092
138327,138327,0.64268605938094,9441,2,True,2,1.5940536006633845
138328,138328,0.64268605938094,9442,2,True,2,1.593517826796195
138329,138329,0.64268605938094,9443,2,True,2,1.5989367849986826
138330,138330,0.64268605938094,9444,2,True,2,1.5919008275656379
138331,138331,0.64268605938094,9445,2,True,2,1.5978965902878077
138332,138332,0.641891965660942,9446,2,True,2,1.5886628018173066
138352,138352,0.27394075486251,9447,0,False,1,1.2605194191508415
138353,138353,0.272813724806748,9448,0,False,1,1.2701203345732948
138355,138355,0.599200738901713,9449,0,False,2,3.028428665731486
138356,138356,0.612218774073555,9450,0,False,2,3.1678003067554252
138357,138357,0.593780200856442,9451,0,False,2,3.151991774906702
138358,138358,0.582509359548655,9452,0,False,2,3.0947119054639307
138359,138359,0.481600313827476,9453,0,False,2,2.945878286380806
138497,138497,0.775444671672247,9454,1,True,3,1.5589568638878186
138498,138498,0.547439328402723,9455,1,True,2,1.7534705581927776
138521,138521,0.393784126092425,9456,0,False,1,1.0656528978516475
138730,138730,0.311303030864628,9457,2,True,1,1.1358316512660678
138731,138731,0.299110745362798,9458,2,True,1,1.0766216348905309
138732,138732,0.286615202583236,9459,2,True,1,1.0342128438626201
138744,138744,0.491969138901119,9460,1,True,1,0.8937741618952341
138745,138745,0.478153511087508,9461,1,True,1,0.8865460906826594
138805,138805,0.332405016493627,9462,3,True,1,2.0940140816421704
138806,138806,0.541052979310879,9463,2,True,1,1.016601486509939
138807,138807,0.545077321467435,9464,2,True,1,1.0371772226541374
138808,138808,0.538925418106572,9465,2,True,1,1.0247082606907834
138809,138809,0.526443841905301,9466,2,True,1,1.1211465146265827
138810,138810,0.525225381584568,9467,2,True,1,1.1416550438391486
138811,138811,0.515325362873929,9468,2,True,1,1.106538052993027
138812,138812,0.516366966125971,9469,2,True,1,1.0933766887523584
138813,138813,0.523603378306738,9470,2,True,1,1.094922137051924
138828,138828,0.484451937009538,9471,1,True,1,1.5731315443440623
138928,138928,0.669313523369729,9472,0,False,2,1.8556061650958477
139091,139091,0.413717491309213,9473,0,False,1,1.0291640565058486
139092,139092,0.446577972251741,9474,0,False,1,1.1194610687159465
139117,139117,0.643932920616607,9475,1,True,3,3.92688085292436
139136,139136,0.416666666666667,9476,4,True,2,2.9589117821525295
139137,139137,0.416666666666667,9477,4,True,2,2.9585484926437644
139138,139138,0.416666666666667,9478,4,True,2,2.9581737990245767
139139,139139,0.416666666666667,9479,4,True,2,2.9579758211887883
139140,139140,0.416666666666667,9480,4,True,2,2.957732884545188
139141,139141,0.416666666666667,9481,4,True,2,2.957415871018075
139142,139142,0.416666666666667,9482,4,True,2,2.9569467380636585
139143,139143,0.416666666666667,9483,4,True,2,2.955359684581033
139144,139144,0.416666666666667,9484,4,True,2,2.95427251390195
139145,139145,0.416666666666667,9485,4,True,2,2.9536233853588074
139146,139146,0.416666666666667,9486,4,True,2,2.9525351720592616
139147,139147,0.416666666666667,9487,4,True,2,2.9516301657845254
139148,139148,0.416666666666667,9488,4,True,2,2.9513345552298054
139149,139149,0.416666666666667,9489,4,True,2,2.9416076144245884
139150,139150,0.416666666666667,9490,4,True,2,2.9418493116093605
139151,139151,0.416666666666667,9491,4,True,2,2.947147300346667
139152,139152,0.416666666666667,9492,4,True,2,2.9531822606857943
139153,139153,0.416666666666667,9493,4,True,2,1.8127537773653242
139154,139154,0.413229905804026,9494,4,True,2,1.812956786848658
139155,139155,0.412483427662634,9495,4,True,2,1.8138493014776977
139156,139156,0.411844532641249,9496,4,True,2,1.8142947261684683
139157,139157,0.411505637456231,9497,4,True,2,1.8145616894741867
139172,139172,0.402244496343137,9498,0,False,2,1.504577929641453
139175,139175,0.282320065348775,9499,0,False,1,1.6801969387539333
139176,139176,0.287795106526493,9500,0,False,1,1.5836858863233438
139268,139268,0.274249497332811,9501,3,True,1,1.1293314802815866
139269,139269,0.261907203035309,9502,3,True,1,1.1647788457633201
139356,139356,0.333651185224189,9503,2,True,1,1.6410045076676167
139357,139357,0.492130237938815,9504,2,True,1,1.002025884823536
139358,139358,0.390296409644202,9505,2,True,1,1.1800084205421253
139359,139359,0.354010904094313,9506,2,True,1,1.3846720150556902
139360,139360,0.414492960722483,9507,4,True,2,1.8127166465500346
139361,139361,0.414399207739859,9508,4,True,2,1.8133304502002419
139362,139362,0.414376566380171,9509,4,True,2,1.8141910425498435
139363,139363,0.414157130788101,9510,4,True,2,1.814723549913292
139365,139365,0.258206129426743,9511,4,True,1,1.6572776566756422
139366,139366,0.414472185042506,9512,4,True,2,1.814217187993196
139367,139367,0.319401591622412,9513,1,True,1,0.9409475220772622
139368,139368,0.325868095564943,9514,1,True,1,0.9445171834173378
139369,139369,0.310661616159952,9515,1,True,1,0.9380003719620784
139406,139406,0.34136409534533,9516,0,False,1,0.8563423348710637
139717,139717,0.541865644165728,9517,0,False,2,1.2905528333095317
139718,139718,0.538654329896828,9518,0,False,2,1.2947160859399953
139760,139760,0.30772539911763,9519,0,False,1,1.7997816230397237
139859,139859,0.508931288134821,9520,1,True,2,1.0704219514590443
139860,139860,0.5170026359254,9521,1,True,2,1.0930850619789017
139861,139861,0.517564375844306,9522,1,True,2,1.0961821686281492
139862,139862,0.518102816304388,9523,1,True,2,1.0977983422021202
139863,139863,0.519293292342139,9524,1,True,2,1.0999208020189462
139864,139864,0.519852437040815,9525,1,True,2,1.1035280062311499
139865,139865,0.526134954272097,9526,1,True,2,1.1130171109351876
139866,139866,0.526638297001883,9527,1,True,2,1.1146816223221818
139953,139953,0.36061588173423,9528,2,True,1,1.6141774121146073
139954,139954,0.358375260786843,9529,2,True,1,1.6340861611750397
139955,139955,0.357783338649386,9530,2,True,1,1.6396793549671982
139956,139956,0.35675128780903,9531,2,True,1,1.6771444133996973
139957,139957,0.360573375061106,9532,2,True,1,1.6606063923588201
139958,139958,0.361354488410732,9533,2,True,1,1.6571674710780102
139959,139959,0.359819219330863,9534,2,True,1,1.659092081362307
139969,139969,0.361539310164549,9535,3,True,1,1.0425375545616706
139970,139970,0.330686941924199,9536,3,True,1,1.0178708457049543
139971,139971,0.338375033290763,9537,3,True,1,1.0161759481451256
140014,140014,0.417187341287933,9538,0,False,2,1.2124013069325286
140069,140069,0.912601584245989,9539,0,False,3,1.328081825611279
140070,140070,0.906997339577866,9540,0,False,3,1.3312773997560159
140290,140290,0.39303981713185,9541,2,True,1,1.0789228056764615
140291,140291,0.392676109385526,9542,2,True,1,1.085260562901472
140292,140292,0.392610166682732,9543,2,True,1,1.0866657143291027
140293,140293,0.327368942624915,9544,3,True,1,2.0950014060848035
140496,140496,0.583333333333333,9545,3,True,3,2.970515641629846
140497,140497,0.333333333333333,9546,4,True,1,3.901803392274079
140554,140554,0.307260190743281,9547,0,False,1,1.1774395548050838
140600,140600,0.509415920085606,9548,1,True,2,1.640897736212497
140601,140601,0.519604357607006,9549,1,True,2,1.6395490543125604
140602,140602,0.520087821658132,9550,1,True,2,1.64460150662207
140603,140603,0.523217503345813,9551,1,True,2,1.6597890003367632
140604,140604,0.537041933184591,9552,1,True,2,2.6784711029554282
140637,140637,0.625531116367418,9553,2,True,2,1.4140617773224116
140661,140661,0.945122729935616,9554,0,False,3,1.6654126867157573
140662,140662,0.536269208690873,9555,0,False,2,2.1459317584791333
140663,140663,0.525335576725532,9556,0,False,2,1.994362941849695
140664,140664,0.460397982249415,9557,0,False,2,1.259374233594885
140665,140665,0.345874702349968,9558,0,False,2,1.3079011232210653
140666,140666,0.944908647815624,9559,0,False,3,1.2723591638796075
140667,140667,0.401747905294076,9560,0,False,2,3.387287925421484
140668,140668,0.463031737208536,9561,0,False,2,3.1898843755119004
140960,140960,0.453867845727355,9562,0,False,2,1.1317109202433777
140961,140961,0.452120410038886,9563,0,False,2,1.0790624295188935
140962,140962,0.447601292588794,9564,0,False,2,1.1553075788321592
140963,140963,0.436623369234766,9565,0,False,2,1.1972147781916416
140964,140964,0.441924165848026,9566,0,False,2,1.0718907359947698
140965,140965,0.368448022497586,9567,0,False,2,1.1999219717229717
140966,140966,0.367822270078089,9568,0,False,2,1.241962462984965
141033,141033,0.399747051429746,9569,3,True,1,1.2955843008286447
141034,141034,0.395741768534244,9570,3,True,1,1.2874958194311323
141035,141035,0.393369593364151,9571,3,True,1,1.2932809170342192
141036,141036,0.260179943454486,9572,4,True,1,2.1170160862265917
141040,141040,0.438779631171436,9573,2,True,1,1.9734593171409982
141041,141041,0.434862939524789,9574,2,True,1,1.9767590203021361
141042,141042,0.437631601804552,9575,2,True,1,1.97152007145252
141043,141043,0.438835984455503,9576,2,True,1,1.959185075492646
141044,141044,0.439294097566047,9577,2,True,1,1.956267494846179
141045,141045,0.443704839087321,9578,2,True,1,1.9476818439865828
141063,141063,0.257916914870572,9579,4,True,2,1.4582655086335623
141107,141107,0.505576747553191,9580,0,False,2,1.456626247732259
141108,141108,0.532266968567377,9581,0,False,2,1.5301962210520692
141109,141109,0.948772790926984,9582,0,False,3,1.7006542618894906
141111,141111,0.581789301852852,9583,0,False,2,2.258646193362326
141112,141112,0.578906419481373,9584,0,False,2,2.164197767179341
141113,141113,0.562225946417042,9585,0,False,2,2.073332974208788
141127,141127,0.946517327756341,9586,0,False,3,1.2697515188913808
141128,141128,0.529212033178053,9587,0,False,2,1.3572965518755757
141144,141144,0.359181510764943,9588,0,False,2,1.486098477366224
141145,141145,0.347226133050336,9589,0,False,2,1.512618914990521
141146,141146,0.344295377579316,9590,0,False,2,1.5264511997242307
141147,141147,0.342924337878522,9591,0,False,2,1.5324516763814138
141161,141161,0.474740532515356,9592,0,False,1,0.9532196192891383
141162,141162,0.474517630056266,9593,0,False,1,0.9527870950797162
141163,141163,0.354345564340907,9594,1,True,1,2.0796567093845106
141164,141164,0.476119759026151,9595,0,False,1,0.9901984124029305
141318,141318,0.323182203748993,9596,3,True,1,1.35183329913447
141319,141319,0.325443636382846,9597,3,True,1,1.3603458211821962
141320,141320,0.326387229166657,9598,3,True,1,1.374233252069464
141322,141322,0.372863777393805,9599,0,False,1,2.2218252414593067
141332,141332,0.361913169474931,9600,3,True,2,1.2269452853633498
141333,141333,0.362694479906974,9601,3,True,2,1.2273772050360074
141334,141334,0.363484167757098,9602,3,True,2,1.2278181182393053
141335,141335,0.376187487882562,9603,3,True,2,1.2137866192982953
141452,141452,0.603635188143787,9604,2,True,3,2.1981560506546827
141453,141453,0.60410342248548,9605,2,True,3,2.218484154972949
141454,141454,0.453164031554775,9606,2,True,2,1.2329172682306728
141753,141753,0.427440314697244,9607,2,True,1,1.6530667749656711
141758,141758,0.305132895594696,9608,0,False,1,0.9227179413534671
141798,141798,0.504545511280355,9609,0,False,2,1.317389417558087
141802,141802,0.607070261906322,9610,0,False,2,3.0090226469131958
141923,141923,0.396054794196005,9611,2,True,1,1.068853419818444
141924,141924,0.396118134399659,9612,2,True,1,1.070700269425636
141925,141925,0.396266133470367,9613,2,True,1,1.0740786389769197
141926,141926,0.397741780077311,9614,2,True,1,1.0751144476820256
141927,141927,0.398652814378843,9615,2,True,1,1.076363529092457
141928,141928,0.331529307400375,9616,3,True,1,2.089870464084674
141945,141945,0.929714900626353,9617,0,False,3,1.467316552952492
141946,141946,0.929714900626353,9618,0,False,3,1.4764856072668486
141947,141947,0.923189511257606,9619,0,False,3,1.480357876655712
141948,141948,0.924140581089822,9620,0,False,3,1.4796328884172516
141949,141949,0.928020239641242,9621,0,False,3,1.4781079835222473
141950,141950,0.928020239641242,9622,0,False,3,1.474680459812708
141960,141960,0.265497199463492,9623,0,False,1,0.9725262850329711
141979,141979,0.822477289895531,9624,1,True,3,2.0695983627775196
141980,141980,0.822477289895531,9625,1,True,3,2.0749443242315837
141981,141981,0.822477289895531,9626,1,True,3,2.0784503834687706
141982,141982,0.822477289895531,9627,1,True,3,2.0810067032396846
141983,141983,0.822477289895531,9628,1,True,2,2.748769391316786
141984,141984,0.822477289895531,9629,1,True,2,2.7514768274617856
141985,141985,0.572477289895531,9630,2,True,3,4.196289359793036
141994,141994,0.332504151849687,9631,3,True,1,2.092030575539835
142175,142175,0.306606588875714,9632,3,True,1,1.1595163829201613
142180,142180,0.251845557448969,9633,1,True,1,2.9807678693303914
142190,142190,0.307093898593501,9634,0,False,1,0.8990652248061497
142191,142191,0.306828666351851,9635,0,False,1,0.9033112351704805
142192,142192,0.301335813351638,9636,0,False,1,0.8943837071788175
142193,142193,0.300552240322516,9637,0,False,1,0.8961299848681535
142213,142213,0.430936838930717,9638,0,False,1,2.6965536570240287
142214,142214,0.432283719066976,9639,0,False,1,2.842308847272483
142488,142488,0.436280407626818,9640,1,True,2,1.6767245741127457
142489,142489,0.431765852451966,9641,0,False,2,1.6696056650399884
142490,142490,0.425350225577097,9642,0,False,2,1.7056791784569867
142491,142491,0.423132075908093,9643,0,False,2,1.6647943718927813
142492,142492,0.420703825018481,9644,0,False,2,1.6698415969391924
142493,142493,0.416359780090612,9645,0,False,2,1.6626594807825075
142494,142494,0.41851861452835,9646,0,False,2,1.6697197998092916
142526,142526,0.583333333333333,9647,3,True,3,2.8907050597943287
142527,142527,0.583333333333333,9648,3,True,3,2.891417643289359
142528,142528,0.583333333333333,9649,3,True,3,2.8965483419394014
142529,142529,0.583333333333333,9650,3,True,3,2.9023246959830686
142530,142530,0.583333333333333,9651,3,True,3,2.9124123489477833
142531,142531,0.583333333333333,9652,3,True,3,2.9158017945226837
142532,142532,0.583333333333333,9653,3,True,2,1.5560676467400676
142533,142533,0.583324086747648,9654,3,True,2,1.5610970953346481
142534,142534,0.583333333333333,9655,3,True,2,1.562943551634015
142535,142535,0.583333333333333,9656,3,True,3,2.921615857075092
142536,142536,0.583333333333333,9657,3,True,3,2.9208891358555973
142681,142681,0.372595725895345,9658,0,False,2,1.079634856829914
142682,142682,0.37438171391047,9659,0,False,2,1.0763358402719747
142745,142745,0.286304900865413,9660,0,False,2,1.5124409774389207
142746,142746,0.285129137439079,9661,0,False,2,1.5159486100148218
142748,142748,0.631943121522832,9662,0,False,2,2.001445423913215
142749,142749,0.476374217786742,9663,1,True,2,1.969630000191269
142750,142750,0.506327715036548,9664,1,True,2,1.9174138133981515
142973,142973,0.599089932579996,9665,1,True,2,2.8665622359011147
142974,142974,0.614846531826658,9666,1,True,3,1.7561980266850201
142975,142975,0.59494344147276,9667,2,True,3,2.2966203783274057
142976,142976,0.59494344147276,9668,2,True,3,2.2973890560499926
142977,142977,0.34494344147276,9669,3,True,3,4.302249262722952
143034,143034,0.299011518272003,9670,0,False,2,1.0786937790876383
143062,143062,0.287442140036674,9671,0,False,1,2.10806394568362
143063,143063,0.289428174487377,9672,0,False,1,1.1739905058267928
143156,143156,0.407320997667823,9673,0,False,2,0.7467445084972532
143157,143157,0.267899750645513,9674,3,True,1,1.011224734856888
143158,143158,0.273642395521373,9675,3,True,1,0.9549306353412716
143161,143161,0.267008976806922,9676,3,True,1,0.9803959879269872
143162,143162,0.269438823253854,9677,3,True,1,0.9669392244211148
143163,143163,0.276196492076367,9678,3,True,1,0.9482273862509849
143211,143211,0.446414571678094,9679,0,False,1,1.7043789192489598
143212,143212,0.444641169031259,9680,0,False,1,1.7172755797841346
143213,143213,0.443771507254618,9681,0,False,1,1.7297189152394004
143214,143214,0.516215021524063,9682,0,False,1,0.8801446022857754
143215,143215,0.518578638542909,9683,0,False,1,0.8850515489220298
143216,143216,0.526303369343667,9684,0,False,1,0.8910479990498038
143218,143218,0.491145973340597,9685,0,False,1,1.0399203073570753
143219,143219,0.53199018306565,9686,0,False,1,1.183769243633537
143464,143464,0.451234796000026,9687,0,False,1,1.703257560491813
143465,143465,0.44586844871195,9688,0,False,1,1.7118798582641275
143466,143466,0.463153582580038,9689,0,False,1,1.747346962114565
143470,143470,0.300125509986388,9690,0,False,1,1.1927245724772926
143471,143471,0.305447002491845,9691,0,False,1,1.255194339716833
143480,143480,0.650728008051295,9692,0,False,2,3.9895589022007316
143481,143481,0.650224432077808,9693,0,False,2,1.9234149761032115
143520,143520,0.587479824440569,9694,2,True,3,2.5772935389904736
143521,143521,0.337479824440569,9695,3,True,3,4.458074481434709
143612,143612,0.26678351688868,9696,1,True,1,1.4709603342331579
143614,143614,0.269388621938443,9697,1,True,1,1.2543153354755605
143615,143615,0.269619928029708,9698,1,True,1,1.2549475878323348
143616,143616,0.276138180479418,9699,1,True,1,1.2457179970756693
143617,143617,0.276669210824294,9700,1,True,1,1.3191921636825987
143618,143618,0.310027334004514,9701,1,True,1,1.518789138670305
143619,143619,0.277865939828355,9702,1,True,2,1.5268901819641758
143620,143620,0.299218954955088,9703,1,True,2,1.5054651342257592
143621,143621,0.302222757765191,9704,1,True,2,1.5330929508928424
143622,143622,0.25941487709149,9705,1,True,1,1.2503366219509753
143645,143645,0.335716068203453,9706,3,True,1,2.088370519144529
143647,143647,0.390895870820182,9707,2,True,2,1.165633801011499
143667,143667,0.414045795448309,9708,2,True,1,0.9669387595142814
143976,143976,0.420676508866704,9709,3,True,1,2.1318534420108155
143977,143977,0.271535066826721,9710,0,False,1,2.5632215187159617
143980,143980,0.942699020676054,9711,0,False,3,1.2467128784163988
143987,143987,0.946728589895212,9712,0,False,2,3.45223464727651
143990,143990,0.384572742832447,9713,0,False,2,1.294857048233352
143991,143991,0.320268030175194,9714,0,False,2,1.4099943658632108
143992,143992,0.326820386044218,9715,0,False,2,1.3888004372872977
143993,143993,0.329725166028317,9716,0,False,2,1.3679043201444474
143994,143994,0.345089623268252,9717,0,False,2,1.309411457458522
144011,144011,0.61300293530709,9718,0,False,2,1.3639202696264652
144012,144012,0.627646931997829,9719,0,False,2,1.5808589798489416
144013,144013,0.649832084908986,9720,0,False,2,1.7726013460771626
144014,144014,0.709929654135549,9721,0,False,2,1.8182782003613278
144018,144018,0.250187921022582,9722,0,False,2,1.5784248944712749
144171,144171,0.422410446563952,9723,2,True,3,4.039913063489347
144172,144172,0.839077113230619,9724,0,False,3,1.4668193566912524
144173,144173,0.768616013165792,9725,0,False,2,1.896397705975316
144321,144321,0.399152484265983,9726,4,True,2,1.8058140864377905
144322,144322,0.399830707211979,9727,4,True,2,1.8049446222873151
144447,144447,0.946825425476719,9728,0,False,3,1.2547471967369601
144448,144448,0.946301468944693,9729,0,False,3,1.2524234059766381
144449,144449,0.948340377190144,9730,0,False,3,1.3256116634564947
144450,144450,0.948510819139953,9731,0,False,3,1.247331826537743
144451,144451,0.947839098102183,9732,0,False,3,1.2473160476809872
144455,144455,0.361239015824124,9733,0,False,1,0.42366174531269696
144610,144610,0.577831599238024,9734,3,True,2,1.6742052520010955
144611,144611,0.577489295666952,9735,3,True,2,1.6863625226737313
144612,144612,0.577258808858731,9736,3,True,2,1.6889943840019268
144613,144613,0.331439393939394,9737,4,True,1,2.2964072256572217
144929,144929,0.32284382696853,9738,0,False,2,1.459176045211773
144930,144930,0.441948828176916,9739,0,False,2,1.703940845146489
144931,144931,0.466985967072613,9740,0,False,2,1.6497371606991797
144949,144949,0.765488789318052,9741,1,True,3,1.7406000862563014
144950,144950,0.778677818587163,9742,1,True,3,1.754819958734395
145017,145017,0.403914514365045,9743,4,True,2,1.7936215681673973
145579,145579,0.75,9744,2,True,3,2.6972918188133366
145580,145580,0.75,9745,2,True,3,2.698423563229003
145581,145581,0.559934246405361,9746,2,True,2,1.065691349228717
145582,145582,0.562211022297133,9747,2,True,2,1.0688402586694965
145583,145583,0.386201943451645,9748,1,True,1,2.5532397109532954
145693,145693,0.36051852785935,9749,0,False,1,1.1683848410130115
145694,145694,0.360960137857112,9750,0,False,1,1.1696322515161683
145695,145695,0.362411175004761,9751,0,False,1,1.1149513457923261
145696,145696,0.361693987982484,9752,0,False,1,1.1152613186720544
145697,145697,0.368914346967181,9753,0,False,1,1.1154755998454264
145698,145698,0.366477013524981,9754,0,False,1,1.1135644172846126
145734,145734,0.41349299817927,9755,0,False,2,3.836571611164085
145735,145735,0.40797179487066,9756,0,False,2,3.844833485672975
145736,145736,0.407776635436436,9757,0,False,2,3.846003448147727
145850,145850,0.944219326031088,9758,0,False,3,1.2467664070685043
145851,145851,0.944196231824291,9759,0,False,3,1.2661172827342353
145852,145852,0.936196923261286,9760,0,False,3,1.2698860297111276
145853,145853,0.934617076313858,9761,0,False,3,1.2753631044298883
145855,145855,0.318333125155659,9762,0,False,2,5.765952701885454
145856,145856,0.326015001083167,9763,0,False,2,5.2115870874449985
145857,145857,0.28356115136364,9764,0,False,1,1.5153554487007936
145858,145858,0.281799313842933,9765,0,False,1,0.9953542543851785
146006,146006,0.333333333333333,9766,4,True,1,3.901803392274079
146007,146007,0.583333333333333,9767,3,True,3,2.9717354997669516
146190,146190,0.352416429382452,9768,0,False,1,1.493931943414439
146201,146201,0.326366098145214,9769,3,True,1,2.10241896907176
146206,146206,0.634671787407897,9770,0,False,2,1.6232817082468296
146207,146207,0.628011211466706,9771,0,False,2,1.4061152480242542
146209,146209,0.463062400841897,9772,1,True,1,4.217923677403629
146210,146210,0.400658856901099,9773,0,False,1,2.090188792950465
146278,146278,0.316912994034122,9774,2,True,1,1.256001578829852
146284,146284,0.639654049703979,9775,2,True,1,1.51628549416291
146285,146285,0.639467234975499,9776,2,True,1,1.5166612758215896
146286,146286,0.463820397581375,9777,3,True,1,2.1934480255194546
146293,146293,0.460297977656831,9778,3,True,1,1.4110184801902252
146294,146294,0.455442545311095,9779,3,True,1,1.3971672260626413
146295,146295,0.457454775341501,9780,3,True,1,1.4017237832649962
146296,146296,0.461004976629719,9781,3,True,1,1.4110332850774063
146297,146297,0.462981608241029,9782,3,True,1,1.41544179634285
146298,146298,0.465912925146279,9783,3,True,1,1.423463435639555
146414,146414,0.327155390507828,9784,0,False,1,0.9680983578448802
146415,146415,0.327305201300289,9785,0,False,1,0.949142015462667
146416,146416,0.42833798384232,9786,0,False,1,1.32272264816131
146417,146417,0.410457323818871,9787,0,False,1,0.6418039764205442
146418,146418,0.410669499343386,9788,0,False,1,0.6403563210730232
146430,146430,0.369784624995096,9789,0,False,1,1.0147682799159952
146462,146462,0.456107488081119,9790,3,True,2,1.0516652725615219
146463,146463,0.451133898769766,9791,3,True,2,1.0477491870569393
146464,146464,0.449569591785511,9792,2,True,2,1.0501704524786737
146465,146465,0.449413440427325,9793,1,True,2,1.0513249181586537
146467,146467,0.275270146600306,9794,3,True,1,0.9809721060558553
146469,146469,0.298607944001385,9795,0,False,2,1.264657014951986
146470,146470,0.295864834578497,9796,0,False,2,1.2726757442762486
146471,146471,0.295497075345242,9797,0,False,2,1.2753902543904294
146472,146472,0.32226668918231,9798,0,False,2,1.2477338321034497
146473,146473,0.340611205941927,9799,0,False,2,1.263304901139416
146485,146485,0.411754000405996,9800,3,True,2,1.264614384292658
146486,146486,0.414108779293581,9801,3,True,2,1.2701027986368028
146487,146487,0.415790743847496,9802,3,True,2,1.2741794599072829
146566,146566,0.383002625844408,9803,1,True,1,0.4908466146504469
146567,146567,0.383750032317328,9804,0,False,1,0.4558940561885842
146568,146568,0.383289021324065,9805,0,False,1,0.46184544497384955
146569,146569,0.380480540813667,9806,0,False,1,0.45950820168144024
146570,146570,0.377589079441007,9807,0,False,1,0.4627412975250997
146571,146571,0.378580178816473,9808,0,False,1,0.4459733928818435
146572,146572,0.377457259006647,9809,0,False,1,0.43615713336867257
146573,146573,0.378841143302545,9810,0,False,1,0.42543226542241025
146574,146574,0.375691247897537,9811,0,False,1,0.4389957757393257
146976,146976,0.305007137168762,9812,3,True,1,2.137559556009997
147072,147072,0.549422707292057,9813,0,False,1,1.0828158608006169
147073,147073,0.534103595213666,9814,0,False,1,1.0541985827149027
147074,147074,0.537448870724676,9815,0,False,1,1.0583385637483576
147085,147085,0.931807218741334,9816,0,False,3,1.5438680679978918
147086,147086,0.937837533867721,9817,0,False,3,1.5303679783397919
147087,147087,0.936528933697818,9818,0,False,3,1.5191115546274645
147088,147088,0.924378876688905,9819,0,False,3,1.5097572628177498
147089,147089,0.925859570649458,9820,0,False,3,1.493085620626807
147090,147090,0.931340223716203,9821,0,False,3,1.522173349770915
147091,147091,0.931340223716203,9822,0,False,3,1.495972078158332
147092,147092,0.955444081538136,9823,0,False,3,1.9786535928615616
147139,147139,0.446493160873774,9824,0,False,1,1.1810444628920584
147140,147140,0.472038179204642,9825,0,False,1,1.067221621573942
147141,147141,0.486894979410459,9826,0,False,1,0.9475902572203704
147142,147142,0.492017144768622,9827,0,False,1,0.9155694636182727
147143,147143,0.486438486590578,9828,0,False,1,0.8849549777957658
147144,147144,0.486892317200891,9829,0,False,1,0.852994790306646
147145,147145,0.499229939505248,9830,0,False,1,0.8372899269720394
147146,147146,0.499934502027121,9831,0,False,1,0.8360809199922816
147243,147243,0.503525545070251,9832,0,False,1,1.1607787913398895
147248,147248,0.424143113008439,9833,0,False,1,1.1307957351618798
147249,147249,0.415813722593477,9834,0,False,1,1.061779910799292
147250,147250,0.380635705779997,9835,0,False,1,0.5112709476935955
147251,147251,0.378604000357325,9836,0,False,1,0.4953329271540003
147252,147252,0.564343606721479,9837,0,False,2,2.298906930069528
147253,147253,0.575166983122785,9838,0,False,2,2.2943710008983493
147254,147254,0.567997742864975,9839,0,False,2,1.9543774619876457
147255,147255,0.485023925257689,9840,0,False,2,1.0671003440816322
147256,147256,0.46385195466996,9841,0,False,2,1.1287600606010513
147257,147257,0.426011704435217,9842,0,False,1,0.8799282473167622
147258,147258,0.333967400202657,9843,0,False,1,0.5850236720585823
147259,147259,0.3302059686189,9844,0,False,1,0.5070251979328791
147433,147433,0.309101049306628,9845,0,False,2,1.461202612569179
147437,147437,0.316632453098855,9846,0,False,1,0.8070215160823702
147446,147446,0.588955067057455,9847,0,False,2,1.4481027202311287
147589,147589,0.453138037524071,9848,1,True,2,1.2345020518728451
147590,147590,0.592497317556666,9849,0,False,2,1.150171004489667
147591,147591,0.608397192401525,9850,0,False,2,1.1565695489695569
147592,147592,0.614583767563205,9851,0,False,2,1.387538169251029
147716,147716,0.549095848663138,9852,2,True,1,0.9646699825108853
147717,147717,0.574040419342372,9853,2,True,1,1.0620588643256303
147718,147718,0.573897074547738,9854,2,True,1,1.062625599956056
147719,147719,0.452481231698699,9855,3,True,1,2.196090718010927
147721,147721,0.328877525404203,9856,1,True,1,0.9761135347546792
147722,147722,0.331623767430505,9857,1,True,1,0.9827373549527875
147723,147723,0.337144055328645,9858,1,True,1,0.9795196283810526
147742,147742,0.301099726994202,9859,0,False,2,1.2460041483285076
147743,147743,0.29294273340033,9860,0,False,2,1.618112655809891
147763,147763,0.396218061477452,9861,0,False,1,0.5493217440123941
147764,147764,0.396480651258615,9862,0,False,1,0.5405283778952191
147786,147786,0.450266865862689,9863,1,True,1,1.6785933668392259
147787,147787,0.44142364944486,9864,1,True,1,1.646341382361889
147788,147788,0.390881187566384,9865,1,True,1,0.952053939461196
147789,147789,0.401058759675428,9866,1,True,1,1.0016885539515619
147790,147790,0.497398703427016,9867,1,True,2,3.386239867383478
147791,147791,0.498330841335771,9868,1,True,2,3.386935901274048
147792,147792,0.487016609362496,9869,1,True,2,3.2281923838924502
148011,148011,0.407114099322454,9870,1,True,2,2.7412953982199157
148012,148012,0.415893417419291,9871,1,True,2,2.7592953505927755
148013,148013,0.433942471362373,9872,1,True,2,2.7567916859282184
148014,148014,0.759745165745685,9873,1,True,3,3.6738302006887427
148015,148015,0.75,9874,2,True,3,3.984918757461843
148051,148051,0.304481075086594,9875,0,False,2,1.803097505313307
148052,148052,0.338094323189316,9876,0,False,2,1.5918408008144656
148053,148053,0.356369247398828,9877,0,False,2,1.6854504515645865
148054,148054,0.945603244597451,9878,0,False,3,1.3793305484553267
148272,148272,0.527202701023347,9879,0,False,1,1.0696694252540686
148281,148281,0.38668529148953,9880,3,True,2,1.2487066523859125
148282,148282,0.388037667085245,9881,3,True,2,1.2100261740979927
148283,148283,0.375218890613162,9882,3,True,2,1.2141123266962788
148284,148284,0.374073015660559,9883,3,True,2,1.211043251367108
148285,148285,0.349730874688158,9884,3,True,2,1.2460898154805258
148286,148286,0.348340825627176,9885,3,True,2,1.2432081905470063
148287,148287,0.342862810871554,9886,3,True,2,1.248715308163219
148288,148288,0.338923462178517,9887,3,True,2,1.2346186201020122
148289,148289,0.337244145556542,9888,3,True,2,1.2272447447668062
148538,148538,0.32081766046685,9889,0,False,2,1.34763315621859
148539,148539,0.323026191675883,9890,0,False,2,1.3434023111437314
148540,148540,0.345875733167121,9891,0,False,2,1.3051447273829968
148541,148541,0.349120835359149,9892,0,False,2,1.3080582155146612
148551,148551,0.257011486903098,9893,0,False,1,1.2377820241591866
148552,148552,0.299304450969195,9894,0,False,1,1.2124547442993656
148553,148553,0.330563788672232,9895,0,False,2,1.2970519499310276
148574,148574,0.281341387132924,9896,0,False,2,2.0376294468472977
148577,148577,0.514783853934968,9897,2,True,3,4.039913063489347
148578,148578,0.766812255326311,9898,1,True,3,1.631057379274817
148579,148579,0.766459110278192,9899,1,True,3,1.6359863607962015
148673,148673,0.583333333333333,9900,3,True,3,2.9701296106054373
148674,148674,0.583333333333333,9901,3,True,3,2.971066858748691
148675,148675,0.583333333333333,9902,3,True,3,2.971442292771838
148676,148676,0.583333333333333,9903,3,True,3,2.971655383225636
148677,148677,0.583333333333333,9904,3,True,3,2.9716723491032377
148678,148678,0.583333333333333,9905,3,True,3,2.971380607277191
148679,148679,0.583333333333333,9906,3,True,3,2.9708550251088828
148680,148680,0.583333333333333,9907,3,True,3,2.969067387134361
148681,148681,0.583333333333333,9908,3,True,3,2.96824868511664
148682,148682,0.583333333333333,9909,3,True,3,2.9668448997523456
148683,148683,0.583333333333333,9910,3,True,3,2.965656949291788
148684,148684,0.583333333333333,9911,3,True,3,2.964944005036231
148712,148712,0.609497725385026,9912,0,False,2,1.7757059678275464
148713,148713,0.576183848412205,9913,0,False,2,1.5727650690605341
148714,148714,0.601500558118542,9914,0,False,2,1.5908849509865026
148715,148715,0.509439188155812,9915,0,False,1,1.4843165475960758
148716,148716,0.586209382430119,9916,0,False,2,1.5547297462903817
148717,148717,0.589829879729685,9917,0,False,2,1.558573791050453
148718,148718,0.594376820810613,9918,0,False,2,1.56538816520812
148719,148719,0.6023899824959,9919,0,False,2,1.578933440038818
148720,148720,0.605925178120458,9920,0,False,2,1.5882611225078875
148721,148721,0.515911170262482,9921,0,False,1,1.051390807127025
148781,148781,0.701393157619066,9922,0,False,2,2.5404674592393173
148782,148782,0.690573794898832,9923,0,False,2,2.5208403180411927
148874,148874,0.3070151390285,9924,1,True,1,1.0537830701784279
148875,148875,0.306327058481509,9925,1,True,1,1.0530898867519911
148876,148876,0.305526417846115,9926,1,True,1,1.0523309167396295
148877,148877,0.307277163956589,9927,1,True,1,1.0553176664847066
148878,148878,0.306911049564794,9928,1,True,1,1.0549126233616772
148879,148879,0.299039444124909,9929,1,True,1,1.0458794704280914
148880,148880,0.292347419682918,9930,1,True,1,1.0397131550490017
148881,148881,0.264305918059256,9931,1,True,1,1.114067382576696
148882,148882,0.264069425054854,9932,1,True,1,1.113743047878546
148883,148883,0.266608277538553,9933,1,True,1,1.1154137551838834
148884,148884,0.292931244107228,9934,1,True,1,1.141166044008257
148885,148885,0.292799193406537,9935,1,True,1,1.141215697555847
148887,148887,0.307128470361287,9936,1,True,1,1.0538206998459076
148888,148888,0.310467694351409,9937,1,True,1,1.0554625651623728
148889,148889,0.309082415372491,9938,1,True,1,1.0543461079325642
148890,148890,0.30830735058342,9939,1,True,1,1.0536362715912861
148891,148891,0.307742933246741,9940,1,True,1,1.0538243610032252
148892,148892,0.307347326654063,9941,1,True,1,1.0538299893373475
148927,148927,0.437815438316415,9942,0,False,1,1.2213274705648922
148928,148928,0.456447977250073,9943,0,False,1,1.1228952339213476
149457,149457,0.749529785495959,9944,1,True,2,1.7631178449540836
149462,149462,0.318329230031992,9945,2,True,1,0.8127180075873607
149564,149564,0.586859220739046,9946,2,True,2,2.0626642267380118
149565,149565,0.579863425710661,9947,2,True,2,1.644762278527816
149566,149566,0.579474555531188,9948,2,True,2,1.6453073457215317
149567,149567,0.579375407412375,9949,2,True,2,1.645910865331963
149568,149568,0.579285466115532,9950,2,True,2,1.6465884934452188
149569,149569,0.576931891091324,9951,2,True,2,1.6876050008971446
149570,149570,0.576694948184781,9952,2,True,2,1.6899739202988686
149571,149571,0.576316368466934,9953,2,True,2,1.6930525895160105
149572,149572,0.333333333333333,9954,3,True,1,2.299238125459992
149624,149624,0.408908099502465,9955,0,False,1,1.045005534538135
149627,149627,0.468149755580285,9956,1,True,2,0.8722779873622808
149650,149650,0.510279273336064,9957,0,False,1,0.9712177970321952
149651,149651,0.509223545055828,9958,0,False,1,0.9694292654888186
149944,149944,0.264683397145703,9959,0,False,1,0.9784866601473334
149945,149945,0.266878724359872,9960,0,False,1,0.987831687087215
149946,149946,0.269326454527358,9961,0,False,1,0.9867929994338205
150011,150011,0.319066490148009,9962,3,True,1,1.0062386168004682
150012,150012,0.322946239575901,9963,3,True,1,0.972431958472522
150013,150013,0.460529275814768,9964,2,True,1,0.861198805101215
150014,150014,0.362201250853106,9965,3,True,1,2.0818027747830157
150015,150015,0.319283806674338,9966,3,True,1,1.0881313190240558
150016,150016,0.32376694461457,9967,3,True,1,1.028648795696605
150017,150017,0.36204460051576,9968,3,True,1,1.0947527122485252
150018,150018,0.361602031232499,9969,3,True,1,1.09508833998977
150101,150101,0.452121512586196,9970,0,False,1,0.9611659996208762
150102,150102,0.334176843653663,9971,1,True,1,2.080193790125708
150103,150103,0.609950730142965,9972,0,False,2,1.4592740199227756
150104,150104,0.389195791831031,9973,1,True,1,1.1626217200017006
150105,150105,0.445379096304467,9974,1,True,2,1.271212283596786
150106,150106,0.452151709182816,9975,1,True,2,1.3608048318308157
150107,150107,0.419986211765974,9976,1,True,2,1.4911602506431791
150108,150108,0.420976467657022,9977,1,True,2,1.495860219849584
150109,150109,0.42236515719124,9978,1,True,2,1.5242896226231202
150110,150110,0.423468715319612,9979,1,True,2,1.5286965452758028
150197,150197,0.262955142073837,9980,0,False,2,1.6308728426280428
150198,150198,0.259455726835642,9981,0,False,2,1.6382878866199337
150279,150279,0.335613372483713,9982,0,False,1,1.248569378493419
150280,150280,0.324381245878357,9983,0,False,1,1.2658154119559697
150502,150502,0.430177119487044,9984,0,False,2,1.3967142038771923
150503,150503,0.425439385265907,9985,0,False,2,1.405325883502475
150504,150504,0.423894487187229,9986,0,False,2,1.4082708722524413
150505,150505,0.412666157458279,9987,0,False,2,1.4257995512415862
150506,150506,0.400119707564477,9988,0,False,2,1.4668765850756467
150507,150507,0.364436539165609,9989,0,False,1,1.4145621742135306
150508,150508,0.366470019422408,9990,0,False,1,1.4828689295915474
150509,150509,0.362131664756079,9991,0,False,1,1.499792979498969
150628,150628,0.346933469689317,9992,3,True,1,2.093241833533354
150629,150629,0.419437723221257,9993,2,True,1,0.963605470164102
150631,150631,0.43744494764293,9994,2,True,1,0.9993620610844327
150632,150632,0.358359436197237,9995,3,True,1,2.109673015536857
150661,150661,0.493930569692445,9996,0,False,1,1.999813927413203
150662,150662,0.303978609235358,9997,0,False,1,1.3721101329179912
150663,150663,0.298579184607978,9998,0,False,1,0.9338967948707159
150667,150667,0.514617987989863,9999,1,True,2,0.9989537367522879
150668,150668,0.526911068961978,10000,1,True,2,1.0221376174477375
150669,150669,0.536004299728069,10001,1,True,2,1.150561209993834
150803,150803,0.299361389137101,10002,0,False,1,1.1396002587272973
150804,150804,0.298417766239673,10003,0,False,1,1.1326926824058208
150805,150805,0.299758422959014,10004,0,False,1,1.15209545301796
150853,150853,0.427133378176256,10005,2,True,1,0.9946464689247076
150854,150854,0.42686037322497,10006,2,True,1,0.9976856892242842
150855,150855,0.426744756216911,10007,2,True,1,1.0000477715236693
150856,150856,0.426641638169263,10008,2,True,1,1.0015138290366623
150857,150857,0.425662904471368,10009,2,True,1,1.011982291925259
150858,150858,0.424881163845568,10010,2,True,1,1.014961848195338
150859,150859,0.345552949193223,10011,2,True,1,2.091476557380473
150860,150860,0.345552946202997,10012,2,True,1,2.0914720719409114
150861,150861,0.42437555108855,10013,2,True,1,1.0226714988734256
150862,150862,0.424282789019529,10014,2,True,1,1.0190704253688412
150863,150863,0.425991408575367,10015,2,True,1,1.0077159738616008
150864,150864,0.426394447832398,10016,2,True,1,1.0019502892279297
150865,150865,0.426715796926207,10017,2,True,1,0.9974769353694894
150866,150866,0.34329381413536,10018,3,True,1,2.0939818428838923
151155,151155,0.443214390931522,10019,0,False,1,0.983392588104544
151156,151156,0.289648621690671,10020,0,False,1,1.0690299802638317
151237,151237,0.254689783989996,10021,1,True,1,0.8581224026179685
151521,151521,0.264524502863974,10022,2,True,2,1.6058546341006403
151522,151522,0.264714530396088,10023,2,True,2,1.6060404382975264
151523,151523,0.264421094552328,10024,2,True,2,1.605404901151115
151524,151524,0.265644081105086,10025,2,True,2,1.6067220063980394
151525,151525,0.268849783883829,10026,2,True,2,1.6100264757509477
151648,151648,0.257448917433567,10027,0,False,1,0.8980543921945151
151649,151649,0.250694372586592,10028,0,False,1,0.9225253859621869
151650,151650,0.371489747218735,10029,0,False,1,0.43913125899980854
151651,151651,0.372000513857733,10030,0,False,1,0.4149077113676266
151652,151652,0.36575887685379,10031,0,False,1,0.42164014293190405
151653,151653,0.279190736340398,10032,0,False,1,0.8632123471406397
152071,152071,0.32072730810892,10033,0,False,1,2.0105059854871725
152072,152072,0.474797888096973,10034,0,False,1,1.4731029683425667
152106,152106,0.333333333333333,10035,4,True,1,3.901803392274079
152195,152195,0.600362631209477,10036,2,True,2,1.2243324639685689
152196,152196,0.75,10037,2,True,3,2.7498773543085426
152243,152243,0.277218279684644,10038,2,True,1,1.3112090527364568
152254,152254,0.413963518698758,10039,3,True,1,1.2667512394934222
152255,152255,0.415366776965597,10040,3,True,1,1.2741303193034246
152256,152256,0.435143067929667,10041,3,True,1,1.364587958268728
152257,152257,0.433706400986517,10042,3,True,1,1.3611548530585922
152258,152258,0.432833100000853,10043,3,True,1,1.3623847804846836
152259,152259,0.432590112718102,10044,3,True,1,1.3624442917646438
152260,152260,0.428049627578127,10045,3,True,1,1.3513213075299977
152261,152261,0.43236597068782,10046,3,True,1,1.3641527221882626
152262,152262,0.431933466161808,10047,3,True,1,1.3650102803596023
152263,152263,0.429689253922217,10048,3,True,1,1.3624202156611829
152264,152264,0.429284561447347,10049,3,True,1,1.3627890551108708
152265,152265,0.428148923133172,10050,3,True,1,1.3659124013771458
152266,152266,0.276459303361952,10051,4,True,1,2.1395271401267557
152267,152267,0.916211730901855,10052,0,False,3,1.2782144353670895
152268,152268,0.915124938622205,10053,0,False,3,1.2801227008995542
152269,152269,0.905532499689573,10054,0,False,3,1.2861790016683061
152270,152270,0.90439816437823,10055,0,False,3,1.2853079039182846
152271,152271,0.395656225048467,10056,2,True,1,1.0730241163146395
152272,152272,0.395563693622503,10057,2,True,1,1.0712974929135584
152273,152273,0.390743110509106,10058,2,True,1,1.097730352664872
152274,152274,0.280778893259896,10059,4,True,1,2.1473246687568444
152275,152275,0.463141035759012,10060,3,True,1,1.4499023977730274
152276,152276,0.463364971489493,10061,3,True,1,1.449616558275982
152277,152277,0.466360905106622,10062,3,True,1,1.4550912892940475
152278,152278,0.466474134315834,10063,3,True,1,1.454797953392467
152279,152279,0.39456096541795,10064,2,True,1,1.0966251323173102
152280,152280,0.394493065880102,10065,2,True,1,1.0977248772864867
152281,152281,0.396694715771818,10066,2,True,1,1.094375757508488
152282,152282,0.396492180727782,10067,2,True,1,1.0968811974423047
152283,152283,0.333766778112314,10068,3,True,1,2.0923307283342605
152284,152284,0.466799146298187,10069,3,True,1,1.42467035798318
152285,152285,0.466895291745274,10070,3,True,1,1.4250208431036189
152309,152309,0.303424320666234,10071,0,False,1,1.031223710875716
152310,152310,0.313992488825929,10072,0,False,1,0.8359569201490442
152314,152314,0.268178432139641,10073,0,False,1,0.904866983313085
152315,152315,0.267547826125329,10074,0,False,1,0.9058896052628276
152316,152316,0.266856359736107,10075,0,False,1,0.9063907171953551
152351,152351,0.398763501701205,10076,0,False,1,1.2600964562099706
152754,152754,0.346844696052422,10077,0,False,2,1.2722581305477147
152755,152755,0.341506256981335,10078,0,False,2,1.2481984769051195
152821,152821,0.252260891698262,10079,0,False,1,2.2161578050985655
152822,152822,0.251817084387703,10080,0,False,1,2.2272110436725603
152823,152823,0.375165829231773,10081,0,False,2,1.4326435840606584
152824,152824,0.382125459979092,10082,0,False,2,1.4048602486164048
152825,152825,0.391013990560693,10083,0,False,2,1.3900443379840635
152826,152826,0.383981035049906,10084,0,False,2,1.3977678222385828
152849,152849,0.746696589283763,10085,1,True,2,1.7816343390112583
152855,152855,0.28475694420725,10086,1,True,2,1.4283313745601343
152856,152856,0.360871782783708,10087,1,True,2,1.0211181371902307
152857,152857,0.372149319445423,10088,1,True,2,1.1286233762263957
152858,152858,0.360367590989031,10089,1,True,2,1.0287282953678811
152913,152913,0.387981903136378,10090,3,True,1,1.328959449476396
152920,152920,0.268551626953714,10091,3,True,1,2.1600827534492684
152934,152934,0.38175707103855,10092,0,False,2,0.9820905167482294
152961,152961,0.273676691111435,10093,0,False,1,1.2929104343777706
152972,152972,0.563850492856954,10094,1,True,2,1.6442508208504154
152985,152985,0.292539843749713,10095,2,True,2,1.3078030184729577
153023,153023,0.577289993097755,10096,3,True,2,1.657662344490173
153024,153024,0.57710514560497,10097,3,True,2,1.6621530704392693
153025,153025,0.576779213085834,10098,3,True,2,1.6756238180595908
153026,153026,0.576669871557007,10099,3,True,2,1.678353020850138
153027,153027,0.576579681141125,10100,3,True,2,1.6837464409328367
153028,153028,0.57640543863075,10101,3,True,2,1.6870670913404435
153029,153029,0.576302307372616,10102,3,True,2,1.6890308804943328
153030,153030,0.331081081081081,10103,4,True,1,2.2958841345384817
153100,153100,0.596422861274143,10104,0,False,2,1.2003670388085668
153101,153101,0.596804567581932,10105,0,False,2,1.1785466008205103
153102,153102,0.602039101585281,10106,0,False,2,1.2639074131914347
153103,153103,0.603017852741919,10107,0,False,2,1.2528700522593892
153104,153104,0.617955602601644,10108,0,False,2,1.2311742430620964
153105,153105,0.635837594578457,10109,0,False,2,1.1711866355584974
153122,153122,0.321670479255835,10110,2,True,1,1.4303573900411328
153123,153123,0.321209036364861,10111,2,True,1,1.4384229820765968
153310,153310,0.302886863082383,10112,0,False,1,0.8969761633760448
153311,153311,0.301339483897608,10113,0,False,1,0.9001026206048817
153312,153312,0.298768651519647,10114,0,False,1,0.899412820472466
153519,153519,0.502434425477656,10115,2,True,1,0.9609999041945916
153520,153520,0.507009881418017,10116,2,True,1,0.9270810075709475
153521,153521,0.512522675511954,10117,2,True,1,0.8847822574070556
153522,153522,0.517354404298191,10118,2,True,1,0.8600614698171988
153572,153572,0.296897486478691,10119,1,True,2,1.0882551057727035
153573,153573,0.302849830481795,10120,0,False,2,1.0614787237449206
153574,153574,0.310081573595641,10121,3,True,1,1.1687891548260403
153575,153575,0.287439134153902,10122,3,True,1,1.4335433298979061
153576,153576,0.254584619757894,10123,3,True,1,2.0122776956099675
153578,153578,0.382319594144653,10124,3,True,1,1.0832302953102824
153579,153579,0.380918338332626,10125,3,True,1,1.0824963865560855
153580,153580,0.382030257295417,10126,3,True,1,1.0876900151587274
153581,153581,0.384135322089391,10127,3,True,1,1.0953894694231625
153582,153582,0.348445280134426,10128,3,True,1,1.0698160704793982
153583,153583,0.327582347226295,10129,3,True,1,1.0463827622552095
153584,153584,0.324652563325236,10130,3,True,1,1.0448975858511005
153585,153585,0.324384311077234,10131,3,True,1,1.0455445057169417
153586,153586,0.324170175047855,10132,3,True,1,1.0463845090936812
153587,153587,0.323968630523289,10133,3,True,1,1.0472558070007425
153588,153588,0.323830805319627,10134,3,True,1,1.047925036175026
153589,153589,0.323668005486584,10135,3,True,1,1.0486177845824023
153590,153590,0.323467438572178,10136,3,True,1,1.0497098128802507
153591,153591,0.319061280051208,10137,3,True,1,1.0524157040526272
153593,153593,0.279838790288014,10138,0,False,1,0.9667872260950565
153594,153594,0.279806655380305,10139,0,False,1,0.9663955114289426
153595,153595,0.286149270927143,10140,1,True,1,0.9847946976114264
153596,153596,0.285111664154214,10141,1,True,1,0.9723068791317455
153597,153597,0.287534608520082,10142,1,True,1,0.9613551397147837
153598,153598,0.296136836660604,10143,1,True,1,0.9289793139708843
153599,153599,0.317564369478157,10144,2,True,1,0.7797069321219
153600,153600,0.321596557734621,10145,2,True,1,0.7639290781208256
153601,153601,0.318153085898621,10146,2,True,1,0.7712178939321637
153669,153669,0.361718939300136,10147,0,False,1,0.7717027574895888
153670,153670,0.285942376382036,10148,0,False,1,1.061313070761855
153691,153691,0.929365157127562,10149,0,False,3,1.2289291956587476
153692,153692,0.933327100141305,10150,0,False,3,1.2597409627552647
153702,153702,0.925255795038711,10151,0,False,3,1.229603232384658
153703,153703,0.520675444029528,10152,0,False,2,1.2495244491923707
153704,153704,0.500536456279878,10153,0,False,2,1.5403011103681508
153736,153736,0.482846437409688,10154,0,False,2,1.4672611437892444
153737,153737,0.471515508136045,10155,0,False,2,1.4874535484561546
153738,153738,0.465254669967906,10156,0,False,2,1.5080601879170727
153788,153788,0.347460976125965,10157,1,True,1,1.1298537287446888
153990,153990,0.416666666666667,10158,4,True,2,2.959465793800149
153991,153991,0.416666666666667,10159,4,True,2,2.9596103769218125
153992,153992,0.416666666666667,10160,4,True,2,2.959761539795264
153993,153993,0.416666666666667,10161,4,True,2,2.959761752249879
153994,153994,0.416666666666667,10162,4,True,2,2.9595406094551295
154026,154026,0.347926694910555,10163,2,True,1,1.116248215056076
154027,154027,0.353625263885264,10164,2,True,1,1.1109556242630039
154029,154029,0.424405834722573,10165,2,True,1,0.9091007243696172
154037,154037,0.282325656802719,10166,0,False,2,1.0922527777300062
154038,154038,0.350844224348408,10167,3,True,1,0.9660097702063684
154039,154039,0.345616604840389,10168,3,True,1,0.9860686696745736
154040,154040,0.331387081717156,10169,3,True,1,1.0250848981358869
154209,154209,0.781913445863607,10170,1,True,2,2.6209194988668547
154210,154210,0.790332211985644,10171,0,False,2,2.6224613762132987
154211,154211,0.733079877641957,10172,0,False,2,1.5563740272070565
154212,154212,0.733038957170048,10173,0,False,2,1.5560052544902976
154213,154213,0.733014461777113,10174,0,False,2,1.5548765884182898
154214,154214,0.733533393078551,10175,0,False,2,1.5575006342969824
154231,154231,0.443128607305381,10176,0,False,1,0.7594648170147901
154232,154232,0.435832327404994,10177,0,False,1,0.7659004961826069
154233,154233,0.436052565303424,10178,0,False,1,0.7738230115907029
154234,154234,0.40073460074788,10179,0,False,1,0.667023601207306
154235,154235,0.389790449813095,10180,0,False,1,0.5641244973022767
154236,154236,0.421580041902821,10181,0,False,1,0.5667591203056016
154237,154237,0.348779491344708,10182,1,True,1,1.7088225200289078
154238,154238,0.410511302189855,10183,1,True,1,1.7826487856832527
154239,154239,0.254274260701796,10184,2,True,1,2.5275006024319797
154332,154332,0.401932964608515,10185,2,True,1,0.9955464000987482
154367,154367,0.31973436785986,10186,2,True,1,0.7950399429733886
154370,154370,0.319692209311588,10187,2,True,1,0.7957632889817222
154371,154371,0.31979893384945,10188,2,True,1,0.7950231281877667
154387,154387,0.356266389405569,10189,0,False,2,1.7688063014720719
154388,154388,0.359223612480846,10190,0,False,2,1.7565513240976478
154389,154389,0.359200309835002,10191,0,False,2,1.7506146865601269
154390,154390,0.359104350525023,10192,0,False,2,1.7455489380165716
154391,154391,0.372525642110914,10193,0,False,2,1.7296232845956847
154392,154392,0.385124172575644,10194,1,True,2,1.6150310467988405
154393,154393,0.395893497857994,10195,1,True,2,1.6125549904778158
154394,154394,0.406608476245367,10196,1,True,2,1.5787888746480463
154395,154395,0.43155086807501,10197,2,True,2,1.5129825377485315
154396,154396,0.435856497295404,10198,2,True,2,1.5062304588855469
154397,154397,0.43941826533351,10199,2,True,2,1.5034902116380817
154398,154398,0.439121299688748,10200,2,True,2,1.5042842340994207
154399,154399,0.75,10201,2,True,3,3.0910053739242818
154450,154450,0.312574318408898,10202,3,True,1,1.0221067630564928
154451,154451,0.31305499564345,10203,3,True,1,1.0219600569797542
154452,154452,0.314129660394809,10204,3,True,1,1.0221992070362464
154453,154453,0.308829831024758,10205,3,True,1,1.0291142464695968
154477,154477,0.331837735269617,10206,0,False,1,1.121289760279718
154478,154478,0.331881650729697,10207,0,False,1,1.128057202517404
154479,154479,0.33593287216272,10208,0,False,1,1.1386241072674372
154480,154480,0.338974744996716,10209,0,False,1,1.149835116688721
154481,154481,0.345399337196132,10210,0,False,1,1.159278131600102
154773,154773,0.257403660155199,10211,0,False,2,1.451612121795061
154774,154774,0.254760082733314,10212,0,False,2,1.4502914426958453
154785,154785,0.333209745638597,10213,0,False,1,1.251866531742314
154786,154786,0.326846473378846,10214,0,False,1,0.8475931843570704
154918,154918,0.548081715265556,10215,1,True,2,1.379780611047125
154919,154919,0.565924439334981,10216,1,True,2,1.4754140369912683
155136,155136,0.393201243498599,10217,2,True,1,1.3847455569713067
155137,155137,0.392140342168937,10218,2,True,1,1.3952699388265704
155138,155138,0.392212614140228,10219,2,True,1,1.4023487116459579
155139,155139,0.392277168334237,10220,2,True,1,1.4082166005970282
155164,155164,0.377713823000773,10221,0,False,1,0.47990312378445094
155165,155165,0.361421026629289,10222,0,False,1,0.766953073343142
155166,155166,0.379103855909823,10223,0,False,1,0.4590219299819038
155167,155167,0.388429232314621,10224,0,False,1,0.409844898372508
155182,155182,0.444555555101047,10225,0,False,1,1.4578782285283114
155183,155183,0.543907876530839,10226,0,False,2,1.5960717405745999
155184,155184,0.529066764737691,10227,0,False,1,1.4427816326751015
155339,155339,0.400816155305591,10228,0,False,1,2.095322422321012
155341,155341,0.49881087600839,10229,1,True,2,1.7659935793499473
155342,155342,0.505033497334503,10230,1,True,2,1.7267410975638107
155343,155343,0.511055650386495,10231,1,True,2,1.760633679211551
155344,155344,0.513724012052145,10232,1,True,2,1.7500183011141748
155533,155533,0.334016545650878,10233,0,False,2,1.2966522439240766
155542,155542,0.393776330355063,10234,2,True,1,0.9792372119725231
155543,155543,0.393654987287962,10235,2,True,1,0.9802981295846274
155545,155545,0.452889113124403,10236,3,True,1,1.4238748198269102
155546,155546,0.452107918844421,10237,3,True,1,1.4234740467744
155547,155547,0.450123793985323,10238,3,True,1,1.4179942775778052
155548,155548,0.477730418177016,10239,3,True,2,1.5456402551407022
155549,155549,0.515425175285309,10240,3,True,2,1.5409788306265688
155550,155550,0.459521382752347,10241,3,True,1,1.4467869355538483
155551,155551,0.458616491868851,10242,3,True,1,1.4424948511878952
155580,155580,0.384332617971101,10243,0,False,1,0.7830845621494196
155581,155581,0.391818220689795,10244,0,False,1,0.8658233831094171
155582,155582,0.394481888620643,10245,0,False,1,0.9145354211138531
155583,155583,0.400465559204751,10246,0,False,1,0.9454471529566563
155584,155584,0.403756427917439,10247,0,False,1,0.985128434907957
155585,155585,0.409793978438891,10248,0,False,1,1.0064170172489273
155586,155586,0.297593053045865,10249,0,False,1,1.4361647678398861
155587,155587,0.340643860763747,10250,0,False,1,0.43841577120168534
155597,155597,0.456576033624145,10251,0,False,2,1.7644993451057787
155598,155598,0.335300417339492,10252,0,False,2,1.509304993516945
155599,155599,0.339139320763343,10253,0,False,2,1.5376951025739871
155621,155621,0.467012822162442,10254,0,False,1,1.148421434717605
155622,155622,0.435992645172262,10255,0,False,1,1.0805947525943147
155623,155623,0.397160004227721,10256,0,False,1,1.3870391842231735
155629,155629,0.353874395677225,10257,0,False,1,1.3480074742419512
155630,155630,0.351875086831986,10258,0,False,1,1.3577937042524555
155780,155780,0.508937782083126,10259,0,False,2,1.4347752007767742
155781,155781,0.50748889508639,10260,0,False,2,1.4149950185275386
155794,155794,0.394365170559863,10261,2,True,2,1.1311032061100437
155798,155798,0.32378696454638,10262,0,False,1,1.2362234514528239
155799,155799,0.295973229956959,10263,0,False,1,0.7930461705661815
155822,155822,0.324912059541409,10264,0,False,1,1.2322259206917496
155852,155852,0.289938300523751,10265,3,True,1,1.4734771371410356
155853,155853,0.352175598705992,10266,3,True,1,1.0263339927326487
155854,155854,0.354969230006081,10267,3,True,1,1.007126186549076
155855,155855,0.364730450232668,10268,3,True,1,2.1028474217524487
155856,155856,0.445437128083832,10269,2,True,1,0.9806014248773053
155857,155857,0.369351429017946,10270,3,True,1,2.098971260356071
155858,155858,0.460909791016211,10271,2,True,1,0.8611660001779854
155859,155859,0.460733343653395,10272,2,True,1,0.8644906939701349
155860,155860,0.3453020096205,10273,3,True,1,2.0871572459488243
156080,156080,0.278004569779339,10274,1,True,1,2.1542278177121474
156155,156155,0.470779810218868,10275,2,True,2,1.7874671044812585
156188,156188,0.36442069526321,10276,2,True,2,1.0006734126153916
156189,156189,0.364374658421904,10277,2,True,2,0.9990323451250199
156190,156190,0.342934355442856,10278,2,True,2,1.1647956070658285
156191,156191,0.343417437232518,10279,2,True,2,1.1616298020390172
156192,156192,0.333101982072759,10280,2,True,2,1.2194083741551907
156193,156193,0.334903103726686,10281,2,True,2,1.2060829594755904
156194,156194,0.335610846631594,10282,2,True,2,1.1996922878189342
156195,156195,0.290826027121557,10283,3,True,1,1.3034417274264443
156196,156196,0.344534009569502,10284,3,True,1,1.035974278669083
156197,156197,0.342663633770003,10285,3,True,1,1.022780015381039
156198,156198,0.338692099124553,10286,3,True,1,0.9729101334143485
156199,156199,0.321695293394761,10287,3,True,1,1.0621460777529481
156200,156200,0.345552934099124,10288,3,True,1,0.9862288240322247
156201,156201,0.364850127472579,10289,3,True,1,1.2011515715723695
156285,156285,0.25080841947197,10290,2,True,1,1.2513577583696747
156395,156395,0.453573988115492,10291,1,True,2,1.341521507972469
156398,156398,0.346073491047112,10292,3,True,1,1.0600320228426139
156399,156399,0.258085728568413,10293,4,True,1,2.1149210620722223
156574,156574,0.312766602133306,10294,3,True,1,1.4035603442486386
156593,156593,0.935170647735117,10295,0,False,3,1.4245416035252783
156594,156594,0.323815710466792,10296,1,True,1,0.9478024973648156
156595,156595,0.334590621293319,10297,1,True,1,0.9598625925699719
156596,156596,0.334175185211326,10298,1,True,1,0.9430262358376358
156597,156597,0.345080955679033,10299,1,True,1,0.977528499593291
156598,156598,0.36197880571435,10300,1,True,1,1.037226548805747
156599,156599,0.365679359070156,10301,1,True,1,1.0321843916869895
156600,156600,0.350311073681698,10302,1,True,1,1.017266773123021
156851,156851,0.362332877324941,10303,2,True,1,1.3140270943937395
156852,156852,0.363685664856812,10304,2,True,1,1.3391960244725958
157241,157241,0.377112246579484,10305,2,True,1,1.1205043786465936
157343,157343,0.281924299621497,10306,0,False,1,0.9748330960043359
157344,157344,0.271151539081873,10307,0,False,1,0.9922129625496684
157345,157345,0.267111665838538,10308,0,False,1,0.9980849716821037
157346,157346,0.266898673179809,10309,0,False,1,0.9998703698291573
157347,157347,0.283183449489787,10310,0,False,1,0.9703637413480438
157352,157352,0.471484802530354,10311,0,False,2,1.4318835379524943
157353,157353,0.473866718107707,10312,0,False,2,1.4378556162222045
157364,157364,0.567806205838762,10313,0,False,2,2.0641620328504495
157365,157365,0.574039832437137,10314,0,False,2,2.398101221105013
157398,157398,0.477214320115987,10315,1,True,2,1.3622813450992783
157399,157399,0.474744096983759,10316,1,True,2,1.3688920192584688
157400,157400,0.472161537515523,10317,2,True,2,1.3783820589242046
157401,157401,0.467347631105346,10318,2,True,2,1.3967046839723416
157402,157402,0.447446860771675,10319,2,True,2,1.3706003615778413
157403,157403,0.44496238657562,10320,2,True,2,1.378244885774625
157404,157404,0.443850951811515,10321,2,True,2,1.3821602030487348
157405,157405,0.443124037223658,10322,2,True,2,1.3846767427103879
157805,157805,0.311954152659608,10323,0,False,2,1.5307495674332974
157806,157806,0.373614378269705,10324,0,False,2,2.2491468201699494
157901,157901,0.334128691783528,10325,3,True,1,2.0918965270221457
157917,157917,0.53876248145878,10326,0,False,2,1.4135398815315663
157918,157918,0.537809848061939,10327,0,False,2,1.4070118733493717
157919,157919,0.552424334595237,10328,0,False,1,1.1874190160639615
157932,157932,0.550772184984157,10329,0,False,1,1.2152521458874694
157933,157933,0.539437823939788,10330,0,False,1,1.2182164740686305
157937,157937,0.855942437091172,10331,0,False,2,3.1248165610949536
157938,157938,0.938687668854925,10332,0,False,3,1.273482749140444
157939,157939,0.93791588149223,10333,0,False,3,1.2769222958856932
157957,157957,0.643872309875443,10334,1,True,3,1.6282197940426633
157958,157958,0.643872309875443,10335,1,True,3,1.6274710685158655
157959,157959,0.643872309875443,10336,1,True,3,1.62819931834436
157960,157960,0.642377381931925,10337,1,True,3,1.6332728319043606
158113,158113,0.579165960262707,10338,3,True,2,1.5769618691044702
158114,158114,0.579180548452514,10339,3,True,2,1.6664388771026086
158115,158115,0.57924490591125,10340,3,True,2,1.668186427829605
158116,158116,0.579483310553039,10341,3,True,2,1.6730621023852805
158117,158117,0.579709538497704,10342,3,True,2,1.6754978641311613
158118,158118,0.581223628691983,10343,3,True,2,1.6832591570911186
158119,158119,0.583333333333333,10344,3,True,3,2.9694745506526714
158120,158120,0.333333333333333,10345,4,True,1,3.901803392274079
158176,158176,0.491971733491728,10346,0,False,2,1.2145113753001429
158177,158177,0.49792044820401,10347,0,False,2,1.2068800985628871
158178,158178,0.491397710234511,10348,1,True,2,1.6000688224533566
158179,158179,0.491587009522338,10349,1,True,2,1.6267681979306807
158185,158185,0.282617260929278,10350,0,False,2,1.4108097276243245
158186,158186,0.296298067660955,10351,0,False,2,1.3849403930878705
158187,158187,0.257932607762001,10352,0,False,2,1.4074111306227786
158188,158188,0.25300586552798,10353,0,False,2,1.4189361792506994
158243,158243,0.26101326655791,10354,0,False,1,2.3957538445336457
158254,158254,0.416511086251308,10355,0,False,1,2.1319619831465033
158255,158255,0.417721068367075,10356,0,False,1,2.1375375229552347
158256,158256,0.376678346100116,10357,0,False,1,1.9158078003709078
158257,158257,0.381005660757774,10358,0,False,1,1.955154878926363
158258,158258,0.388246318081813,10359,0,False,1,1.9779576261669696
158259,158259,0.407461543745821,10360,0,False,1,2.296534962895999
158260,158260,0.373755247787954,10361,0,False,1,1.9862967849232904
158261,158261,0.407831407761396,10362,0,False,1,2.31358909559656
158318,158318,0.75,10363,2,True,3,2.701420686505045
158319,158319,0.75,10364,2,True,3,2.7001699342871412
158320,158320,0.716276601129061,10365,2,True,2,1.3375244045689343
158321,158321,0.708960498999491,10366,2,True,2,1.3218714694755687
158322,158322,0.703798073587003,10367,2,True,2,1.3118114193854427
158323,158323,0.703359022916878,10368,2,True,2,1.3114407191446396
158348,158348,0.37106338414236,10369,0,False,1,0.41777370806941827
158349,158349,0.430695144971454,10370,0,False,2,1.1025383878354167
158350,158350,0.451991990331112,10371,0,False,2,2.203093187515094
158351,158351,0.451988314080154,10372,0,False,2,2.2047584899240875
158372,158372,0.367223554450376,10373,0,False,1,1.3611572973147374
158373,158373,0.367139454562906,10374,0,False,1,1.3615800045181639
158374,158374,0.365260227783942,10375,0,False,1,1.3724473013536196
158558,158558,0.455610902956223,10376,2,True,2,1.0691622114255233
158559,158559,0.459586019253881,10377,2,True,2,1.0689229692662374
158560,158560,0.460901091045885,10378,2,True,2,1.0618966165771848
158652,158652,0.331523084353763,10379,3,True,1,2.0970558273966566
158653,158653,0.423502172908201,10380,2,True,1,0.9144875810120224
158834,158834,0.39818158213184,10381,3,True,1,1.0941865070714127
158835,158835,0.398110742426345,10382,3,True,1,1.09426565746307
158836,158836,0.397940908362664,10383,3,True,1,1.0954473072388728
158837,158837,0.397841765622137,10384,3,True,1,1.0958362115352152
158838,158838,0.394463744125676,10385,3,True,1,1.089014302367421
158839,158839,0.388344608074065,10386,3,True,1,1.0762615958806114
158840,158840,0.401326262121136,10387,3,True,1,1.1390296565207372
158841,158841,0.40033108961636,10388,3,True,1,1.1379721800650848
158842,158842,0.399477011334154,10389,3,True,1,1.1374128411604483
158843,158843,0.39928200401794,10390,3,True,1,1.1381691348668264
158844,158844,0.394855793368996,10391,3,True,1,1.1275471494171077
158845,158845,0.396496295084666,10392,3,True,1,1.1325249483106579
158846,158846,0.263038771930105,10393,4,True,1,2.1195659793226302
158874,158874,0.39069759899168,10394,0,False,1,0.526774554001708
158875,158875,0.381758948311952,10395,0,False,1,0.5563965508239129
158876,158876,0.378118143303363,10396,0,False,1,0.5910179826388503
158877,158877,0.275590050862333,10397,1,True,1,1.9413519622481237
158879,158879,0.372706849600228,10398,0,False,1,0.3396548468627589
158880,158880,0.371212844584766,10399,0,False,1,0.35762119552048904
158881,158881,0.369719597984156,10400,0,False,1,0.37311256348816113
158882,158882,0.368423903344794,10401,0,False,1,0.386894030215397
158883,158883,0.36494124058887,10402,0,False,1,0.43739387120603473
158884,158884,0.378814544181598,10403,0,False,1,0.3213285685663
159160,159160,0.416666666666667,10404,4,True,2,2.9301269474597635
159161,159161,0.416666666666667,10405,4,True,2,2.931120434872863
159351,159351,0.416666666666667,10406,4,True,2,2.944771108642308
159352,159352,0.416666666666667,10407,4,True,2,2.94484433857339
159353,159353,0.416666666666667,10408,4,True,2,2.9459444608539282
159354,159354,0.416666666666667,10409,4,True,2,2.9476783470625043
159355,159355,0.416666666666667,10410,4,True,2,2.9490250405785936
159356,159356,0.416666666666667,10411,4,True,2,2.949864071156278
159357,159357,0.416666666666667,10412,4,True,2,2.950588874089537
159358,159358,0.416666666666667,10413,4,True,2,2.9518093909290406
159359,159359,0.416666666666667,10414,4,True,2,2.9527893297744
159360,159360,0.416666666666667,10415,4,True,2,2.955423735143414
159361,159361,0.416666666666667,10416,4,True,2,2.9565011532141363
159362,159362,0.416666666666667,10417,4,True,2,2.957552299525035
159363,159363,0.416666666666667,10418,4,True,2,2.958140558239411
159438,159438,0.810700205438565,10419,0,False,3,1.3108737980571208
159502,159502,0.92372198081553,10420,0,False,3,1.2289303213905616
159503,159503,0.917093942375083,10421,0,False,3,1.2289790264774634
159504,159504,0.770867289902635,10422,1,True,3,1.5528749711931031
159505,159505,0.674629183917262,10423,0,False,2,2.011313575073833
159506,159506,0.664004355812529,10424,0,False,2,1.9939789799978525
159507,159507,0.547187660254435,10425,0,False,2,3.0983344008865004
159508,159508,0.455834484266987,10426,0,False,2,2.5079205557009465
159509,159509,0.451639280100858,10427,0,False,2,2.468869621975156
159652,159652,0.40168792578925,10428,0,False,1,0.9311222117549104
159653,159653,0.410879212637707,10429,0,False,1,0.9941315235409883
159658,159658,0.5,10430,1,True,1,2.3085745602864485
159664,159664,0.643487214792296,10431,0,False,2,2.0585667273889414
159665,159665,0.648940388101491,10432,0,False,2,2.0863465914583323
159666,159666,0.6486653300057,10433,0,False,2,2.0884132390067354
159743,159743,0.393243998989338,10434,2,True,1,1.084649608382084
159744,159744,0.393136844858974,10435,2,True,1,1.0859169948612089
159745,159745,0.394489451255157,10436,2,True,1,1.0845501774808077
159746,159746,0.394431525480907,10437,2,True,1,1.0852366912973677
159763,159763,0.518475671358097,10438,0,False,1,2.2881570180772908
159764,159764,0.607566383987834,10439,0,False,2,2.4347144301658075
159765,159765,0.550220234885132,10440,0,False,2,1.767344853836899
159766,159766,0.539668635165201,10441,0,False,1,1.2501105320544204
159767,159767,0.540164246157641,10442,0,False,1,1.2543685898268195
159819,159819,0.356858326034012,10443,0,False,1,1.3594091770675008
159820,159820,0.512189109427946,10444,0,False,1,0.9939188585076234
160017,160017,0.391152769305033,10445,3,True,1,1.10670237990927
160018,160018,0.400715092390692,10446,3,True,1,1.137390786134358
160019,160019,0.399922168880246,10447,3,True,1,1.1370062820640165
160020,160020,0.399221698491026,10448,3,True,1,1.1370155499448868
160021,160021,0.260897346743299,10449,4,True,1,2.1169399374247955
160046,160046,0.317200447014993,10450,0,False,1,2.5992179899996506
160075,160075,0.411828982661961,10451,0,False,1,0.7877582784254792
160076,160076,0.413412776877695,10452,0,False,1,0.7778721675055602
160077,160077,0.414348064793024,10453,0,False,1,0.831202846874082
160109,160109,0.59198971290147,10454,0,False,2,1.9060106959539371
160110,160110,0.598909663047516,10455,0,False,2,1.9307258714835496
160111,160111,0.582075142709328,10456,0,False,2,1.9191677449842004
160112,160112,0.581090180632226,10457,0,False,2,1.9002831722101234
160113,160113,0.577895347421723,10458,0,False,2,1.9057609684926604
160114,160114,0.563690078393859,10459,0,False,2,1.706736070043276
160115,160115,0.52624304180192,10460,0,False,2,1.2465241014857893
160129,160129,0.698820822958724,10461,1,True,3,3.92688085292436
160228,160228,0.684722033457296,10462,2,True,2,1.6656658628122984
160229,160229,0.693661894473784,10463,2,True,2,1.650498161424224
160230,160230,0.714098147037208,10464,2,True,2,1.683579280785464
160231,160231,0.75,10465,2,True,3,2.79923744178416
160232,160232,0.75,10466,2,True,3,2.7902573849456713
160233,160233,0.75,10467,2,True,3,2.7842545536734122
160234,160234,0.934897944885415,10468,0,False,3,1.4350284815818295
160235,160235,0.934437983296021,10469,0,False,3,1.4446564174444712
160236,160236,0.93371081313635,10470,0,False,3,1.4573870443555128
160252,160252,0.257146193364866,10471,0,False,1,0.908385180735305
160270,160270,0.638520763013469,10472,0,False,2,1.4168047159568278
160277,160277,0.494745197369585,10473,2,True,3,4.039913063489347
160279,160279,0.378257313348988,10474,0,False,1,1.6512836768411225
160280,160280,0.375906152235575,10475,0,False,1,1.6395205081121675
160281,160281,0.368128033598684,10476,0,False,1,1.5587410628580265
160282,160282,0.356155728818377,10477,0,False,1,1.4795999291485191
160289,160289,0.32916942122525,10478,0,False,1,1.396851807627085
160290,160290,0.333153740492934,10479,0,False,1,1.3978076407477336
160304,160304,0.351308437760917,10480,0,False,1,1.3590461216456333
160377,160377,0.398124962770563,10481,4,True,2,1.8033815583892359
160491,160491,0.385955312672966,10482,2,True,2,1.5375205967692624
160492,160492,0.251652323317799,10483,2,True,1,1.18093397161808
160493,160493,0.252237080044453,10484,2,True,1,1.1776232595514968
160494,160494,0.253419229172453,10485,2,True,1,1.1722662664182253
160495,160495,0.388160351930376,10486,2,True,2,1.0876263482158812
160496,160496,0.388016401512117,10487,2,True,2,1.087341527733281
160497,160497,0.387873274520133,10488,2,True,2,1.087090434702034
160498,160498,0.387877094495725,10489,2,True,2,1.53999798985311
160527,160527,0.453578115870316,10490,3,True,3,2.697821237334001
160528,160528,0.453578115870316,10491,3,True,3,2.7001190137790494
160529,160529,0.416666666666667,10492,4,True,2,2.9590773114222184
160586,160586,0.386979464440572,10493,2,True,2,1.17810187036419
160587,160587,0.39200568014785,10494,2,True,2,1.1801472391664887
160588,160588,0.392076357105399,10495,2,True,2,1.1761787170440088
160589,160589,0.392714856832568,10496,2,True,2,1.1723061511301356
160590,160590,0.585792167547412,10497,2,True,1,1.4459317453991392
160591,160591,0.601164499120771,10498,2,True,2,1.4754773717373373
160592,160592,0.614971286165278,10499,2,True,2,1.4829939691235183
160593,160593,0.629681999503823,10500,2,True,2,1.4925550334563
160594,160594,0.75,10501,2,True,3,2.765398679728173
160599,160599,0.256526472464196,10502,3,True,1,1.0382268071584315
160600,160600,0.297759260422283,10503,3,True,1,0.9793400936764916
160601,160601,0.305472197630344,10504,3,True,1,0.9830882608628121
160602,160602,0.306071270116846,10505,3,True,1,0.9826204988601424
160603,160603,0.306721921490984,10506,3,True,1,0.9825043003389073
160604,160604,0.307460140742987,10507,3,True,1,0.9824640566708123
160605,160605,0.308352385089319,10508,3,True,1,0.9832577328122128
160606,160606,0.315420305069266,10509,3,True,1,0.9921434214196544
160607,160607,0.310990387830014,10510,3,True,1,0.9883754890832963
160608,160608,0.311914390052388,10511,3,True,1,0.9912941400210653
160624,160624,0.323944425982534,10512,2,True,1,2.27634006367186
160645,160645,0.376329113278664,10513,2,True,1,2.9806614552677693
160693,160693,0.3690769341165,10514,2,True,1,2.8528242754293585
160766,160766,0.589976377067248,10515,2,True,1,1.0871940590564244
160767,160767,0.58838404755924,10516,2,True,1,1.0788600943766553
160768,160768,0.584311245665868,10517,2,True,1,1.0602227108220015
160769,160769,0.58231339229715,10518,2,True,1,1.0472635472350333
160843,160843,0.325401119435562,10519,0,False,2,0.9817796441661792
160844,160844,0.365781057886653,10520,0,False,2,0.9736899099120606
160845,160845,0.449689411247652,10521,0,False,2,1.3468725419151109
160846,160846,0.952990165960911,10522,0,False,3,1.4143201798044345
160847,160847,0.951454555237104,10523,0,False,3,1.4184051850211707
161091,161091,0.374827189417342,10524,0,False,1,0.49876459648445964
161092,161092,0.321425693681078,10525,0,False,1,1.19824255955651
161093,161093,0.338776374287675,10526,0,False,1,0.7667596700424871
161094,161094,0.680305099274312,10527,1,True,3,3.92688085292436
161140,161140,0.658409095481957,10528,0,False,2,2.9895736970767866
161141,161141,0.642443177513179,10529,0,False,2,2.7872407191743083
161142,161142,0.653490845007398,10530,0,False,2,2.8290293904364407
161143,161143,0.62973670715294,10531,0,False,2,2.749521091897579
161144,161144,0.654073093438814,10532,0,False,2,2.8816957364832847
161145,161145,0.660481536852486,10533,0,False,2,2.9653092426736083
161146,161146,0.667452135851816,10534,0,False,2,3.1736780629814243
161147,161147,0.669994131540197,10535,0,False,2,3.2151175005081596
161148,161148,0.678962829117689,10536,0,False,2,2.0264563207749724
161179,161179,0.546998275496331,10537,0,False,2,1.4099322148131734
161180,161180,0.544900187768823,10538,0,False,2,1.4244518471074716
161181,161181,0.541586041838119,10539,0,False,2,1.435244444437617
161182,161182,0.538356300521377,10540,0,False,2,1.459246056484078
161268,161268,0.375340903954918,10541,0,False,2,1.443916549920282
161300,161300,0.406970081279925,10542,0,False,1,1.0645191468569346
161301,161301,0.411854062378638,10543,0,False,1,1.1609703641376454
161302,161302,0.422293429511368,10544,0,False,2,1.291445440812199
161307,161307,0.342170934126374,10545,0,False,1,0.9004857845919623
161308,161308,0.691748562971214,10546,0,False,2,2.1332760927520518
161309,161309,0.714881550521315,10547,0,False,2,2.385270272680154
161310,161310,0.703719630703965,10548,0,False,2,2.320502574490131
161312,161312,0.458512516928308,10549,0,False,2,1.9977041170977492
161313,161313,0.54537049669473,10550,0,False,2,2.859821325580198
161334,161334,0.371975724747484,10551,1,True,2,1.4678136763017602
161335,161335,0.368732858956894,10552,1,True,2,1.4698544004119234
161336,161336,0.355861380717022,10553,1,True,2,0.9806914480099489
161576,161576,0.951055430782108,10554,0,False,3,3.459629647151022
161577,161577,0.425421550216814,10555,0,False,2,3.0411509725225723
161578,161578,0.378486531722571,10556,0,False,2,3.0642175749075635
161579,161579,0.359408836189519,10557,0,False,2,3.0793815089510255
161580,161580,0.354295929573994,10558,0,False,2,3.0990232166823066
161581,161581,0.34111252508738,10559,0,False,2,3.3472713902944564
161582,161582,0.334427942630677,10560,0,False,2,3.3278519151927024
161583,161583,0.342139323216584,10561,1,True,1,1.9476511475757505
161584,161584,0.353927090664761,10562,3,True,1,2.074956138737236
161606,161606,0.345213037647501,10563,3,True,3,4.302249262722952
161694,161694,0.692059571399541,10564,1,True,3,1.730211522703811
161695,161695,0.690512679324793,10565,1,True,3,1.730912889185108
161708,161708,0.399559261928317,10566,0,False,1,1.1393613341999511
161709,161709,0.399486879199169,10567,0,False,1,1.1402806488597192
161710,161710,0.39885003741175,10568,0,False,1,1.1412979406039714
161711,161711,0.401230403440569,10569,0,False,1,1.1353385869098873
161712,161712,0.399904458417387,10570,0,False,1,1.1430024522394728
161713,161713,0.25960166024984,10571,1,True,1,2.1502320275941535
161826,161826,0.290188409531257,10572,2,True,1,1.4328537894350981
161827,161827,0.305642911865085,10573,2,True,1,1.3896303011470637
161828,161828,0.33257785694255,10574,2,True,1,1.343149803384964
161829,161829,0.334158790028991,10575,2,True,1,1.3358666444435727
161830,161830,0.335728082581059,10576,2,True,1,1.3283026189178069
161831,161831,0.337519966535629,10577,2,True,1,1.3215717205654551
161832,161832,0.338996162614017,10578,2,True,1,1.3162625185918826
161833,161833,0.353207347956957,10579,2,True,1,1.2733756290323262
161834,161834,0.35474748150456,10580,2,True,1,1.2665421257926655
161835,161835,0.355019270318008,10581,2,True,1,1.260397846219213
161836,161836,0.358958817000375,10582,2,True,1,1.2519258257099886
161837,161837,0.360616163584007,10583,2,True,1,1.2476590288264
161838,161838,0.362085032094141,10584,2,True,1,1.2428744577945525
161839,161839,0.354961148035165,10585,2,True,1,1.2490509294583272
161840,161840,0.356587898877427,10586,2,True,1,1.2457856477543976
161852,161852,0.255187511001618,10587,0,False,2,1.297721188499382
161853,161853,0.255523705743895,10588,0,False,2,1.2999364746991902
161854,161854,0.261081418347228,10589,0,False,2,1.2908312093427343
161855,161855,0.261418383451418,10590,0,False,2,1.292433587470595
161856,161856,0.257099643639755,10591,0,False,2,1.3009062071746247
161857,161857,0.264266089993639,10592,0,False,2,1.2943894172635837
161862,161862,0.338364639596292,10593,0,False,2,2.1729950983935993
162100,162100,0.91269140665003,10594,0,False,3,2.1839552830882547
162101,162101,0.907754563111601,10595,0,False,3,2.170087413005578
162102,162102,0.911520532746792,10596,0,False,3,2.217789548957732
162103,162103,0.911896882687742,10597,0,False,3,2.223869263946693
162213,162213,0.276771495139666,10598,0,False,2,1.2829466864667627
162313,162313,0.381234008807246,10599,0,False,2,2.479017412146377
162413,162413,0.342166699263981,10600,0,False,2,1.276442524851895
162414,162414,0.343509854763251,10601,0,False,2,1.2839306614878938
162415,162415,0.344744569617329,10602,0,False,2,1.3080511647602553
162416,162416,0.35489724604767,10603,0,False,2,1.3017065172242899
162417,162417,0.379825568181201,10604,0,False,2,1.3100879395291696
162426,162426,0.25283840399353,10605,0,False,1,0.9452316822933355
162427,162427,0.255941414927081,10606,0,False,1,0.9480957065698523
162428,162428,0.252266418566943,10607,0,False,1,0.9608619302985608
162429,162429,0.251322024424095,10608,0,False,1,0.9631469897953592
162430,162430,0.255612970233528,10609,0,False,1,0.9437678906557526
162431,162431,0.253502479490198,10610,0,False,1,0.9473737139880204
162432,162432,0.258287259072899,10611,0,False,1,0.9620182544918032
162433,162433,0.255688415035581,10612,0,False,1,1.0088360871313726
162434,162434,0.255767144172895,10613,0,False,1,1.018938398696723
162445,162445,0.284565057525284,10614,0,False,1,1.1664718387764363
162446,162446,0.29121121307331,10615,0,False,2,1.2729268681899721
162638,162638,0.450806541911578,10616,0,False,1,1.0107411204490724
162639,162639,0.437073456052998,10617,0,False,1,1.0384467839146254
162641,162641,0.295958244887977,10618,1,True,1,0.9616924788357084
162645,162645,0.564968450886049,10619,0,False,1,3.39384308049675
162663,162663,0.43908676584718,10620,0,False,1,0.646838861879718
162687,162687,0.396599129356301,10621,2,True,1,1.0344857824152058
162688,162688,0.400314629543247,10622,2,True,1,1.0293522599486655
162689,162689,0.399891141625429,10623,2,True,1,1.0313956026777216
162690,162690,0.403584604579041,10624,2,True,1,1.0229030316554344
162691,162691,0.402222805969116,10625,2,True,1,1.0285426254289374
162692,162692,0.390135718478371,10626,2,True,1,1.0643842745471639
162694,162694,0.324444061542521,10627,1,True,1,0.9666096202997795
162695,162695,0.323116770160283,10628,1,True,1,0.9657300759377321
162696,162696,0.321706712412455,10629,1,True,1,0.9670978825871321
162697,162697,0.312254483821981,10630,1,True,1,0.9662566154230885
162698,162698,0.311871539837978,10631,1,True,1,0.9665412248378363
162699,162699,0.310700358913571,10632,1,True,1,0.9674553565151991
162700,162700,0.318211633726585,10633,1,True,1,0.9632332838943749
162701,162701,0.312250701021823,10634,1,True,1,0.9621224306285355
162703,162703,0.33682425548837,10635,1,True,1,0.9440366836127684
162704,162704,0.3239548212973,10636,1,True,1,0.933349423384251
162705,162705,0.313841373592253,10637,1,True,1,0.9334909250664695
162706,162706,0.31340332912587,10638,1,True,1,0.9330957218950479
162710,162710,0.274373956208465,10639,3,True,1,0.9784937631669126
162711,162711,0.286272745540085,10640,3,True,1,0.9605747940425139
162725,162725,0.627458585634421,10641,0,False,2,1.080326003956465
162739,162739,0.773035699263512,10642,1,True,3,1.5808255831369777
162740,162740,0.774352053778924,10643,1,True,3,1.570457246942589
162951,162951,0.909159987109491,10644,0,False,3,1.350269539779012
162952,162952,0.425338514036621,10645,0,False,1,2.4657782124570997
162953,162953,0.411214245551032,10646,0,False,1,1.871681048222508
162954,162954,0.481255189849789,10647,0,False,1,1.3465730190975547
162955,162955,0.510369355941476,10648,0,False,1,1.2336742343262994
162966,162966,0.41277100659788,10649,2,True,2,2.0786498428555484
162967,162967,0.388439142077502,10650,2,True,1,1.3204090121995071
162968,162968,0.387117293442291,10651,2,True,1,1.3221981760652242
162969,162969,0.427452714049316,10652,2,True,2,1.4035482492840752
162970,162970,0.430466192583919,10653,2,True,2,1.4047629278476794
162971,162971,0.392038981738837,10654,2,True,1,1.3557459529936442
162972,162972,0.396159154175865,10655,2,True,1,1.3471697442819537
162973,162973,0.383002830519589,10656,2,True,1,1.267498397132583
162974,162974,0.387852279223497,10657,2,True,1,1.279300897744838
162975,162975,0.451428949860896,10658,2,True,2,1.425579796024591
162979,162979,0.686404287285281,10659,1,True,3,3.92688085292436
162990,162990,0.587388873097931,10660,0,False,1,1.038457821899667
163050,163050,0.936513285438429,10661,0,False,3,1.977196771979419
163051,163051,0.946789344124709,10662,0,False,3,1.968901083882765
163052,163052,0.933035675522664,10663,0,False,3,1.9501176656721508
163053,163053,0.945408993986457,10664,0,False,3,1.9335280776883457
163171,163171,0.441322201488114,10665,0,False,2,1.3931715559386721
163172,163172,0.910600947043211,10666,0,False,3,1.4600599457342625
163173,163173,0.911967928279229,10667,0,False,2,3.58121291017835
163174,163174,0.911967928279229,10668,0,False,2,3.5800828530203184
163175,163175,0.911967928279229,10669,0,False,3,1.438954516048976
163176,163176,0.918897451435837,10670,0,False,3,1.4264724346534834
163177,163177,0.935460582010395,10671,0,False,3,1.3938162204709705
163198,163198,0.863594091059108,10672,0,False,3,1.2290814656365874
163199,163199,0.865262009937319,10673,0,False,3,1.2290728027316629
163410,163410,0.271663178627999,10674,1,True,1,2.257915303867814
163411,163411,0.408944097542063,10675,0,False,1,1.4153788158451737
163412,163412,0.418717600358399,10676,0,False,1,1.419109162796319
163413,163413,0.419216567604521,10677,0,False,1,1.4185600582025888
163414,163414,0.425036345361279,10678,0,False,1,1.3935142227243225
163415,163415,0.420564999731486,10679,0,False,1,1.3859420365264934
163416,163416,0.425379488167683,10680,0,False,1,1.36834975437103
163417,163417,0.427013355138291,10681,0,False,1,1.3628814632815989
163418,163418,0.427474038424436,10682,0,False,1,1.348985570835811
163419,163419,0.429709889705521,10683,0,False,1,1.344794661652966
163420,163420,0.431691461635833,10684,0,False,1,1.3407235096669277
163421,163421,0.435250643583133,10685,0,False,1,1.3456236650094209
163422,163422,0.449514442313762,10686,0,False,1,1.4199391137021016
163423,163423,0.448616072355114,10687,0,False,1,1.4203270512132247
163424,163424,0.298086057270868,10688,1,True,1,2.1897058544991337
163651,163651,0.290204684918485,10689,3,True,1,2.1434386659310687
163656,163656,0.270568637503791,10690,0,False,1,0.8887013902831604
163745,163745,0.911520532746792,10691,0,False,3,1.6009433370750632
163746,163746,0.907419901201156,10692,0,False,3,1.7228373350884192
163747,163747,0.91269140665003,10693,0,False,3,1.73422884915642
163759,163759,0.405872568151537,10694,1,True,1,2.100336388732071
163832,163832,0.359843556959375,10695,2,True,1,1.502189496015883
163833,163833,0.359177522765501,10696,2,True,1,1.5235202192544408
163834,163834,0.360709702593194,10697,2,True,1,1.5719596894721306
163971,163971,0.296497481484733,10698,1,True,1,1.9363691985560632
163978,163978,0.305139283259972,10699,0,False,1,1.9598217069965658
163979,163979,0.305899622440453,10700,0,False,1,1.9223879103758885
163980,163980,0.427085186797352,10701,0,False,2,3.7745465784148147
163981,163981,0.426197412607369,10702,0,False,2,3.717921995888249
164059,164059,0.464733164594776,10703,0,False,1,1.3462876073276675
164405,164405,0.331370784640759,10704,1,True,2,1.488869845180893
164406,164406,0.274635980742707,10705,1,True,1,1.2742870166199474
164407,164407,0.258873702507018,10706,1,True,1,1.138599537876808
164408,164408,0.254190161971967,10707,1,True,1,1.1276604965997532
164409,164409,0.253107551857714,10708,1,True,1,1.1406503567358266
164410,164410,0.25287944158377,10709,1,True,1,1.1439598111070142
164442,164442,0.763917748050792,10710,0,False,2,2.9347065898425115
164443,164443,0.684541928811478,10711,1,True,3,3.92688085292436
164457,164457,0.894326583981085,10712,0,False,3,1.5404154360512265
164458,164458,0.873033497604662,10713,0,False,3,1.2436554039280787
164459,164459,0.847175462186843,10714,0,False,2,3.468249388928763
164460,164460,0.841475104653314,10715,0,False,2,3.4903556247528327
164461,164461,0.802255454447221,10716,1,True,2,2.6176230372049987
164462,164462,0.391214327607697,10717,0,False,2,0.896799189914139
164463,164463,0.399929052602413,10718,0,False,2,0.9114380132874791
164464,164464,0.42047606704397,10719,1,True,2,0.8141881135431981
164465,164465,0.445819898197119,10720,1,True,2,1.6537074819639295
164466,164466,0.445563072432731,10721,1,True,2,1.3243708977429862
164467,164467,0.448373059746371,10722,1,True,2,1.3243031530905494
164468,164468,0.448742784198482,10723,1,True,2,1.325784167126859
164469,164469,0.449091286561003,10724,1,True,2,1.3225532691905306
164470,164470,0.458999877460707,10725,1,True,2,1.2785074450099727
164480,164480,0.50211267131758,10726,0,False,2,1.6156235308369216
164493,164493,0.563779120387233,10727,0,False,1,2.2014073753901044
164494,164494,0.567411149831809,10728,0,False,1,2.125517912781552
164495,164495,0.406659265120724,10729,1,True,1,2.7675892913515456
164574,164574,0.376582387192579,10730,4,True,2,1.6511671974729496
164575,164575,0.390239459561644,10731,4,True,2,1.6824552342015655
164576,164576,0.416666666666667,10732,4,True,2,2.9319161070081092
164577,164577,0.416666666666667,10733,4,True,2,1.773006416833933
164578,164578,0.416563370378236,10734,4,True,2,1.774501790748935
164579,164579,0.416484069745549,10735,4,True,2,1.776689943870917
164580,164580,0.41636929692229,10736,4,True,2,1.778726520346007
164581,164581,0.416254295486537,10737,4,True,2,1.7845345691084038
164582,164582,0.41502720529515,10738,4,True,2,1.804053737306304
164583,164583,0.414752474069805,10739,4,True,2,1.805217156664514
164584,164584,0.414655082852579,10740,4,True,2,1.8083447671545811
164585,164585,0.414458170350879,10741,4,True,2,1.8098973231718833
164586,164586,0.414343187063494,10742,4,True,2,1.8125039389565527
164587,164587,0.414164184823252,10743,4,True,2,1.8138561748271012
164696,164696,0.310896794395481,10744,0,False,1,0.5820856812623106
164701,164701,0.495853774703819,10745,0,False,1,1.2109189622556649
164702,164702,0.348903949804493,10746,1,True,1,2.119782594895027
164703,164703,0.63103509000995,10747,0,False,2,1.6620078364585933
164772,164772,0.5,10748,1,True,1,2.3085745602864485
164773,164773,0.733793330136628,10749,0,False,2,1.812591898809915
164774,164774,0.734066755791315,10750,0,False,2,1.8078883513274537
164775,164775,0.734188938775834,10751,0,False,2,1.8059949542631784
164776,164776,0.734285965083207,10752,0,False,2,1.8048907782615216
164777,164777,0.734848922399228,10753,0,False,2,1.8038582432683088
164778,164778,0.735510024889919,10754,0,False,2,1.7883993070381357
164779,164779,0.73570267676369,10755,0,False,2,1.7868051586425762
164780,164780,0.736316164236745,10756,0,False,2,1.7831256796825754
164781,164781,0.496583396810502,10757,1,True,2,1.8067667747528804
164782,164782,0.48514878992428,10758,1,True,1,1.5693408280305456
164783,164783,0.496665412915849,10759,1,True,2,1.8051732731525885
164959,164959,0.407299622795194,10760,4,True,2,1.809475052888674
164960,164960,0.406941822688193,10761,4,True,2,1.8102587970476598
165126,165126,0.642573671138767,10762,0,False,2,1.2611834356702247
165223,165223,0.366009814060317,10763,0,False,1,1.1801315158910253
165224,165224,0.36439955784458,10764,0,False,1,1.1868469702010649
165225,165225,0.365942698137522,10765,0,False,1,1.2328775624516353
165226,165226,0.36620085713617,10766,0,False,1,1.2585827934285323
165227,165227,0.373834848124271,10767,0,False,1,1.2399239406373024
165228,165228,0.376022621456057,10768,0,False,1,1.258992917482496
165229,165229,0.372189485431227,10769,0,False,1,1.216661383327104
165274,165274,0.458660812650546,10770,0,False,1,1.5053302900989227
165275,165275,0.464573616399027,10771,0,False,1,1.400625223861191
165310,165310,0.592481391336376,10772,0,False,2,2.383686275196772
165311,165311,0.567375921686026,10773,0,False,2,2.498204297499751
165312,165312,0.932931046088319,10774,0,False,3,1.361364082540903
165313,165313,0.931857109613439,10775,0,False,3,1.3577588304356818
165314,165314,0.931857109613439,10776,0,False,3,1.3573507801531208
165315,165315,0.931857109613439,10777,0,False,3,1.356537467115561
165316,165316,0.931252116713835,10778,0,False,3,1.3587306377311452
165372,165372,0.429146186486277,10779,0,False,2,4.295172012983349
165374,165374,0.264742924485815,10780,0,False,1,1.2230613818288467
165375,165375,0.300723504591746,10781,0,False,1,0.5777241591444195
165383,165383,0.25239222631425,10782,1,True,1,0.8893723056817318
165384,165384,0.259297346172496,10783,1,True,1,0.9078259579697875
165385,165385,0.272787615578931,10784,1,True,1,0.98449161113156
165386,165386,0.285721201426646,10785,1,True,1,1.0837958819139832
165387,165387,0.304487842759844,10786,1,True,1,1.2212827584276176
165388,165388,0.360552743772439,10787,1,True,2,1.3767764624552334
165389,165389,0.479329591989425,10788,0,False,2,1.0828666758088308
165408,165408,0.951264814808401,10789,0,False,3,1.3906040218311302
165578,165578,0.682894785974248,10790,1,True,3,3.92688085292436
165751,165751,0.267330405041387,10791,3,True,1,1.014273864450822
165772,165772,0.483134765884134,10792,0,False,2,1.5002544501798085
166000,166000,0.28560292652091,10793,0,False,2,1.7108644468787422
166017,166017,0.274671838337472,10794,2,True,2,1.2596993744560105
166018,166018,0.357047819622569,10795,2,True,2,1.287665237537453
166019,166019,0.431315374690195,10796,2,True,2,1.314289424815607
166020,166020,0.449276936003914,10797,2,True,2,1.741286101916841
166021,166021,0.454272925908161,10798,2,True,2,1.7000719755232203
166022,166022,0.457897758775964,10799,2,True,2,1.74420840127842
166077,166077,0.481276856523425,10800,0,False,2,1.2732805651781796
166078,166078,0.484291676556612,10801,0,False,2,1.276846564714836
166079,166079,0.490666392309626,10802,0,False,2,1.268959346631529
166087,166087,0.250852795166631,10803,3,True,1,1.060751602579408
166088,166088,0.26620138960499,10804,3,True,1,1.0026013563060359
166110,166110,0.331651093529463,10805,0,False,2,1.018140108989526
166119,166119,0.266100037222311,10806,0,False,1,0.895734853329622
166120,166120,0.274536462517533,10807,0,False,1,0.8815124644590286
166121,166121,0.280928435828023,10808,0,False,1,0.864683163935512
166149,166149,0.61759984378304,10809,0,False,2,3.7691024961430557
166150,166150,0.389131889942667,10810,1,True,1,1.3453843266554795
166151,166151,0.635890469445872,10811,0,False,2,1.5645866215516446
166164,166164,0.459741663353034,10812,0,False,1,0.9244571730528687
166165,166165,0.45953604677636,10813,0,False,1,0.921637876218834
166166,166166,0.459211442380759,10814,0,False,1,0.9145376797509217
166167,166167,0.462969272493831,10815,0,False,1,0.8844355659285076
166168,166168,0.461656321210489,10816,0,False,1,0.8797338597450088
166169,166169,0.450820699216262,10817,0,False,1,0.8583708196204353
166170,166170,0.441608370119535,10818,0,False,1,0.8620601907967842
166171,166171,0.433922918766027,10819,0,False,1,0.8671079160286856
166172,166172,0.433595757814635,10820,0,False,1,0.8621008127124621
166173,166173,0.433382164883753,10821,0,False,1,0.8595667271922667
166174,166174,0.433081272744226,10822,0,False,1,0.8553180993766757
166280,166280,0.370227935404257,10823,2,True,1,2.4671446032154063
166281,166281,0.370270049307855,10824,2,True,1,2.4684974546620193
166282,166282,0.370299939141837,10825,2,True,1,2.4686924957417404
166365,166365,0.281194741272633,10826,1,True,1,1.2553351430638426
166366,166366,0.289718222451074,10827,1,True,1,1.2577004512681593
166367,166367,0.290566048507798,10828,1,True,1,1.270780371008239
166368,166368,0.281105445328071,10829,1,True,1,1.307003080962663
166369,166369,0.291867576601262,10830,1,True,2,1.342484344665752
166370,166370,0.296250297232392,10831,1,True,2,1.3169087349754927
166371,166371,0.307032306838742,10832,1,True,2,1.3145964110033148
166372,166372,0.309554606628282,10833,1,True,2,1.303845462639734
166392,166392,0.627364477563913,10834,0,False,2,5.02824693815235
166393,166393,0.351706460868326,10835,0,False,2,1.9030727047352727
166394,166394,0.361240442580626,10836,0,False,2,2.5454272779603593
166395,166395,0.365098997557129,10837,0,False,2,2.5334082190789924
166396,166396,0.337395285760207,10838,0,False,2,2.2788404134700855
166397,166397,0.345983699998146,10839,0,False,2,2.208911591778369
166398,166398,0.360855056362582,10840,0,False,2,2.1008889982996
166399,166399,0.373776598387831,10841,0,False,2,2.1764049236094714
166415,166415,0.398530657839101,10842,0,False,1,2.0900082913078712
166509,166509,0.946111691309248,10843,0,False,3,1.3303809987636577
166510,166510,0.946111691309248,10844,0,False,3,1.3300025310395844
166511,166511,0.945198023982831,10845,0,False,3,1.2864588707621212
166512,166512,0.945198023982831,10846,0,False,3,1.2876043049052053
166513,166513,0.944374428202636,10847,0,False,3,1.2746064503300414
166514,166514,0.944374428202636,10848,0,False,3,1.4281293316847534
166515,166515,0.944235587077885,10849,0,False,3,1.4295868692349396
166569,166569,0.299955313511072,10850,3,True,1,0.9841104855464065
166570,166570,0.305657009244803,10851,3,True,1,0.9712796554571359
166571,166571,0.305383212647444,10852,3,True,1,0.9688555585180431
166656,166656,0.476144829430687,10853,2,True,2,1.6761023577027012
166657,166657,0.481311125270617,10854,2,True,2,1.6872483572985384
166658,166658,0.481957552877981,10855,2,True,2,1.711342231832258
166659,166659,0.48193690133621,10856,2,True,2,1.7116766018247629
166692,166692,0.5,10857,3,True,1,4.470107043909776
166749,166749,0.51496207412037,10858,0,False,2,1.2034687431758866
166751,166751,0.49017994573492,10859,1,True,2,1.220567922424198
166752,166752,0.478290099142361,10860,1,True,2,1.1126175721824283
166753,166753,0.48216581563352,10861,1,True,2,1.118841823114979
166754,166754,0.486421822591087,10862,1,True,2,1.1336925462631406
166788,166788,0.25166990642579,10863,1,True,1,0.849358855054828
166789,166789,0.25163926090729,10864,1,True,1,0.8509751269914921
166790,166790,0.251678187464581,10865,1,True,1,0.8516197482869244
166791,166791,0.255112202097065,10866,1,True,1,0.8733121766412636
166905,166905,0.328722535779641,10867,3,True,1,2.1010062083025884
166988,166988,0.345605417844012,10868,0,False,1,0.7450549562672756
166989,166989,0.935581509181617,10869,0,False,3,1.3754902080886207
167016,167016,0.275784487893169,10870,1,True,1,2.0565040697203343
167017,167017,0.487304692674107,10871,1,True,2,1.5090604931781628
167145,167145,0.287187221925011,10872,1,True,1,1.1700304171802733
167146,167146,0.32379006149782,10873,1,True,1,1.2057784249818626
167147,167147,0.321948235334359,10874,1,True,1,1.1958742262110487
167148,167148,0.319501803595734,10875,1,True,1,1.1892092524321487
167149,167149,0.304587173279586,10876,1,True,1,1.174767459756347
167173,167173,0.285330280148495,10877,1,True,1,1.16575561379081
167188,167188,0.780227536917173,10878,1,True,3,1.5968304318730642
167189,167189,0.425185522698257,10879,1,True,1,1.3502483377120185
167240,167240,0.291901546282662,10880,2,True,2,1.6427840410587715
167278,167278,0.402461552133336,10881,4,True,2,1.797801961452033
167279,167279,0.401380296657306,10882,4,True,2,1.7982669029953124
167280,167280,0.400874634825425,10883,4,True,2,1.7989057465132858
167281,167281,0.400338568169932,10884,4,True,2,1.8008933167455645
167466,167466,0.405682381800659,10885,0,False,2,1.9066768381845651
167467,167467,0.405895189967493,10886,0,False,2,1.9068261532719164
167475,167475,0.333333333333333,10887,4,True,1,3.901803392274079
167739,167739,0.333333333333333,10888,4,True,1,3.901803392274079
167863,167863,0.941713918830792,10889,0,False,3,1.3704741943139893
167864,167864,0.607277355620395,10890,0,False,2,2.3211515778313676
167865,167865,0.410733883519299,10891,0,False,1,0.5751359805225998
167866,167866,0.407450893351137,10892,0,False,1,0.5595418623645259
167867,167867,0.413643899282349,10893,0,False,1,0.4773956330734188
167868,167868,0.412450126228558,10894,0,False,1,0.47978548712074054
167989,167989,0.325412490525615,10895,3,True,1,2.0976664892825623
167997,167997,0.326159093688642,10896,0,False,2,1.897431470167637
167998,167998,0.31811074416897,10897,0,False,2,1.8918720990065407
167999,167999,0.305335959979131,10898,0,False,2,1.7430088570517879
168000,168000,0.293256340969066,10899,0,False,1,1.3043744491750877
168001,168001,0.28969210030665,10900,0,False,1,1.3018545554583612
168036,168036,0.493262737814289,10901,3,True,2,1.1895231326895148
168037,168037,0.492389539179086,10902,3,True,2,1.1879944026966631
168038,168038,0.464801870585827,10903,3,True,2,1.210353728681327
168039,168039,0.46422222661283,10904,3,True,2,1.2092562235102193
168040,168040,0.407281034807802,10905,3,True,2,1.140297117357317
168041,168041,0.407324729009206,10906,3,True,2,1.140782373607749
168049,168049,0.841340206161237,10907,0,False,3,1.2289561416796855
168050,168050,0.841340206161237,10908,0,False,3,1.2289292131046752
168051,168051,0.84592393808506,10909,0,False,3,1.2289582574070064
168052,168052,0.84592393808506,10910,0,False,3,1.229073189479921
168063,168063,0.29501202998443,10911,3,True,1,0.9846762383438954
168064,168064,0.294796687730629,10912,3,True,1,0.9853433943385776
168065,168065,0.294438788970084,10913,3,True,1,0.9867551276843897
168070,168070,0.289085968951266,10914,3,True,1,0.969917448595553
168072,168072,0.29703720820792,10915,3,True,1,0.9485950425960166
168073,168073,0.288890886948254,10916,3,True,1,0.9462477997900939
168093,168093,0.930390694676005,10917,0,False,3,1.3595410066009466
168095,168095,0.376979215234977,10918,0,False,2,3.3568817968757383
168096,168096,0.380203304716277,10919,0,False,2,3.356794415341127
168097,168097,0.38989939392664,10920,0,False,2,3.3789585283180963
168271,168271,0.271375862097044,10921,0,False,2,1.248606712846623
168272,168272,0.278483673879612,10922,0,False,2,1.237009956286214
168273,168273,0.910761936102243,10923,0,False,3,1.22926898849412
168274,168274,0.910761936102243,10924,0,False,3,1.229590970087572
168275,168275,0.391535564657907,10925,0,False,1,0.72601661733548
168276,168276,0.396083644152934,10926,0,False,1,0.723306286638524
168277,168277,0.415785874425283,10927,0,False,1,0.6915090323341163
168278,168278,0.413970961813409,10928,0,False,1,0.6459479013735304
168287,168287,0.271253090591915,10929,1,True,1,1.2037122418377817
168369,168369,0.268955738515557,10930,1,True,1,0.9873187102331247
168370,168370,0.277080311741707,10931,1,True,1,0.9441595447416417
168371,168371,0.28157783843056,10932,1,True,1,0.936475709663174
168372,168372,0.270015017138324,10933,1,True,1,0.9428001061111413
168430,168430,0.614558538326895,10934,0,False,2,3.1280709381993117
168431,168431,0.624135951980181,10935,0,False,2,1.4287390607364905
168432,168432,0.617425057802393,10936,0,False,2,1.4246924272327046
168433,168433,0.540867249357272,10937,0,False,1,1.3535979938518712
168445,168445,0.501116327053461,10938,0,False,1,1.5141210143617294
168446,168446,0.510027667833028,10939,0,False,1,1.4698607251259652
168447,168447,0.510066069127995,10940,0,False,1,1.4684551027481003
168452,168452,0.349474711051734,10941,0,False,1,1.3446509977907055
168453,168453,0.35211066464416,10942,0,False,1,1.3338640170352059
168769,168769,0.363796774519242,10943,2,True,1,2.0776634460570587
168845,168845,0.433766167309712,10944,0,False,2,1.87975432081125
168846,168846,0.444540806746095,10945,0,False,2,4.494417528712298
168876,168876,0.29200431406901,10946,0,False,1,1.3361529503655332
168877,168877,0.281850668637477,10947,0,False,1,1.3987782350192062
168878,168878,0.317266742705867,10948,0,False,2,1.6431834536305032
168879,168879,0.322450274769141,10949,0,False,2,1.6229787463030632
169035,169035,0.315038302353632,10950,3,True,1,2.1222671593341977
169036,169036,0.396414815555303,10951,2,True,1,0.986869664570412
169050,169050,0.370796562435739,10952,3,True,1,1.0456564623956766
169051,169051,0.332188608866535,10953,1,True,1,2.0927056595245865
169052,169052,0.47374302835559,10954,0,False,1,0.9464162856560271
169079,169079,0.579460713543904,10955,2,True,2,1.6498379150951796
169080,169080,0.579026806205606,10956,2,True,2,1.652498929275259
169081,169081,0.578673165329051,10957,2,True,2,1.6538242760755746
169082,169082,0.333333333333333,10958,3,True,1,2.299238125459992
169083,169083,0.586442494016019,10959,2,True,2,2.0645402901341834
169084,169084,0.586310912900981,10960,2,True,2,2.066777879705385
169148,169148,0.590341909981303,10961,0,False,2,1.4275107666351539
169149,169149,0.598280143391412,10962,0,False,2,1.4238656897644564
169150,169150,0.59948073310646,10963,0,False,2,1.4218662303035496
169151,169151,0.56992557113663,10964,0,False,2,1.4253881814589593
169152,169152,0.586793651847446,10965,0,False,2,1.4335382616456809
169153,169153,0.604599718208805,10966,0,False,2,1.449720383664815
169154,169154,0.618391364017111,10967,0,False,2,1.6179311456316114
169155,169155,0.632481795032665,10968,0,False,2,1.8455732809654397
169170,169170,0.452697552708862,10969,0,False,2,1.622526674391132
169171,169171,0.425307569593409,10970,0,False,1,1.6283266827638327
169172,169172,0.514467257639948,10971,0,False,2,1.4172242756621443
169420,169420,0.508104009578907,10972,0,False,2,1.3446174463719465
169421,169421,0.515699306756932,10973,0,False,2,1.3848670485717582
169422,169422,0.538536319045942,10974,0,False,2,1.2248426899200082
169423,169423,0.584975748847038,10975,0,False,2,1.5106951554166637
169424,169424,0.583063735879557,10976,0,False,2,1.504117593802996
169425,169425,0.596111694263742,10977,0,False,2,1.939022302022485
169444,169444,0.326378000537762,10978,0,False,2,5.2121679572217525
169445,169445,0.413523893729637,10979,0,False,2,4.129620414418418
169446,169446,0.407139356675696,10980,0,False,2,4.200401219374111
169588,169588,0.462543677501009,10981,1,True,2,1.0553557406289493
169589,169589,0.473907622207351,10982,1,True,2,1.0543088860919636
169590,169590,0.478798485472445,10983,1,True,2,1.2186715030330701
169591,169591,0.475555327914414,10984,1,True,2,1.2135955119115658
169592,169592,0.518743762046966,10985,2,True,1,1.0498902704115494
169593,169593,0.519048400041987,10986,2,True,1,1.0501697282151792
169594,169594,0.51949365123766,10987,2,True,1,1.0503988287503316
169595,169595,0.51991520440206,10988,2,True,1,1.050861592920425
169596,169596,0.521976563201236,10989,2,True,1,1.046695260674626
169599,169599,0.911371053511694,10990,0,False,3,1.2931811892210354
169692,169692,0.345569889382648,10991,3,True,1,1.2268281801209908
169693,169693,0.344615791070206,10992,3,True,1,1.2255388034517565
169713,169713,0.257315264175283,10993,0,False,2,1.2095362540996566
169715,169715,0.358828099663519,10994,3,True,1,1.2076063562250245
169716,169716,0.359231224488848,10995,3,True,1,1.2081726488792814
169724,169724,0.626635328298868,10996,2,True,1,1.1482663516321685
169750,169750,0.350422162522625,10997,0,False,2,1.7903629247308737
169751,169751,0.255743917976933,10998,0,False,2,1.910112440744295
169752,169752,0.277164028110379,10999,0,False,1,0.8252774060493581
169753,169753,0.28519834453606,11000,0,False,1,0.834195059388931
169754,169754,0.293958424667897,11001,0,False,1,0.8624582383625703
169811,169811,0.419262632323321,11002,0,False,1,1.949740997583278
169812,169812,0.402062069024061,11003,0,False,1,2.038940881925442
169813,169813,0.39701567797146,11004,0,False,1,2.005861141026825
169814,169814,0.396872721880983,11005,0,False,1,1.9914561994650097
169815,169815,0.396748354141855,11006,0,False,1,1.9893474446465091
169816,169816,0.391541462650509,11007,0,False,1,2.0412346067325835
169817,169817,0.396813993138589,11008,0,False,1,1.9959654582794173
169978,169978,0.432312748273417,11009,0,False,1,1.247479504410242
169994,169994,0.359894128136828,11010,0,False,2,0.9957538515873215
169995,169995,0.344638693060358,11011,0,False,2,1.0847101323955772
169996,169996,0.344736397291068,11012,0,False,2,1.0859831621394265
170006,170006,0.362065444837533,11013,1,True,2,1.2042077870655317
170007,170007,0.361834439935934,11014,1,True,2,1.2029180543312554
170077,170077,0.267678976688331,11015,0,False,1,1.3046668804631345
170179,170179,0.336407866496537,11016,0,False,1,1.218834114404183
170221,170221,0.265305966860183,11017,1,True,1,1.4086191281868445
170222,170222,0.265673179417333,11018,1,True,1,1.4144234766071488
170223,170223,0.262970219542042,11019,1,True,1,1.3769824851153578
170265,170265,0.59762678137849,11020,0,False,2,1.4479986683928174
170266,170266,0.599429338989391,11021,0,False,2,1.4633414864381065
170267,170267,0.603018848813753,11022,0,False,2,1.4635327402388514
170422,170422,0.303383009495907,11023,0,False,1,1.383598079219369
170423,170423,0.941834116852319,11024,0,False,3,1.2498784159629934
170424,170424,0.932352439171524,11025,0,False,3,1.2412065379728592
170612,170612,0.274754589545774,11026,2,True,1,0.9492177214168811
170613,170613,0.264813316362758,11027,2,True,1,0.968734281383811
170614,170614,0.264425682257533,11028,2,True,1,0.9726255761717094
170774,170774,0.27338094630391,11029,3,True,1,1.0295528795919269
170844,170844,0.26456187248181,11030,0,False,2,3.8444883089426276
170910,170910,0.404161546601024,11031,0,False,1,0.8993192256616799
170911,170911,0.400335289177502,11032,0,False,1,1.139393785143703
170912,170912,0.402645632341262,11033,0,False,1,1.1078330454648353
170916,170916,0.441101458151296,11034,0,False,1,1.1057577662301805
171026,171026,0.582754087977555,11035,3,True,2,1.6096972703031602
171027,171027,0.582803256455319,11036,3,True,2,1.621665399036411
171028,171028,0.582366933758859,11037,3,True,2,1.6236202775002297
171029,171029,0.582975609729325,11038,3,True,2,1.6343852852309726
171030,171030,0.582891446119466,11039,3,True,2,1.633868486486944
171031,171031,0.582982900070332,11040,3,True,2,1.6345082122813654
171032,171032,0.583097889638661,11041,3,True,2,1.6352409506711925
171033,171033,0.583333333333333,11042,3,True,2,1.636648611916487
171034,171034,0.583333333333333,11043,3,True,3,2.9475100165201216
171136,171136,0.892407674428379,11044,0,False,3,1.4691660252878203
171137,171137,0.878748077466296,11045,0,False,3,1.47335675089855
171138,171138,0.878748077466296,11046,0,False,3,1.4766416797208395
171139,171139,0.628748077466296,11047,1,True,3,3.92688085292436
171140,171140,0.288583232242247,11048,1,True,1,0.9014256821598816
171178,171178,0.642130647419996,11049,2,True,1,1.5232846023579316
171179,171179,0.642571612953263,11050,2,True,1,1.523411145461071
171180,171180,0.642723557408473,11051,2,True,1,1.5228572165730871
171181,171181,0.644423653488805,11052,2,True,1,1.5246713042901188
171182,171182,0.644507692733135,11053,2,True,1,1.5238149859041243
171183,171183,0.63971258501856,11054,2,True,1,1.5055950190113208
171184,171184,0.639826720715234,11055,2,True,1,1.5028994492188967
171225,171225,0.333705286023496,11056,0,False,2,2.659863368262897
171227,171227,0.316287500542243,11057,0,False,1,0.6574064401802103
171228,171228,0.320125199622891,11058,0,False,1,0.6395999135233615
171229,171229,0.323999647142833,11059,0,False,1,0.6381574665785666
171230,171230,0.324133004560464,11060,0,False,1,0.6367920911609618
171231,171231,0.329220841874222,11061,0,False,1,0.6334712888401965
171306,171306,0.5,11062,3,True,1,4.470107043909776
171307,171307,0.75,11063,2,True,3,2.693401336845937
171308,171308,0.75,11064,2,True,3,2.693628344288072
171326,171326,0.352119268508483,11065,2,True,2,1.5099718350431992
171334,171334,0.488503323597021,11066,3,True,2,1.4125937239852002
171353,171353,0.321537660004262,11067,0,False,1,0.930322517820263
171354,171354,0.470605101165317,11068,0,False,2,1.292506897304088
171355,171355,0.454284087597982,11069,0,False,2,1.2432954442883843
171356,171356,0.442212477066129,11070,0,False,2,1.2708936485029445
171357,171357,0.443893731710018,11071,1,True,2,1.3626880022601822
171358,171358,0.446352268940937,11072,1,True,2,1.4195992079361361
171359,171359,0.503758888069895,11073,0,False,2,2.8002863670092024
171726,171726,0.712369737269923,11074,2,True,2,1.4701411767248445
171727,171727,0.716228409228432,11075,2,True,2,1.4843279776915093
171728,171728,0.75,11076,2,True,3,2.7222769868466448
171729,171729,0.75,11077,2,True,3,2.7222842048381652
171730,171730,0.75,11078,2,True,3,2.7215489439442
171816,171816,0.935460582010395,11079,0,False,3,1.4294230697576
171817,171817,0.936875744480753,11080,0,False,3,1.427739471085589
171858,171858,0.465995619127065,11081,0,False,1,1.4721863611365595
171859,171859,0.432206314421015,11082,0,False,1,1.2963026371506112
171860,171860,0.405016861402634,11083,0,False,1,1.031344260611752
171901,171901,0.258446892939613,11084,2,True,1,1.635457762753051
171904,171904,0.304996046419541,11085,0,False,2,1.6935883858445873
171909,171909,0.33439727871389,11086,1,True,1,1.3010912418621268
171913,171913,0.321539134856535,11087,3,True,1,1.161155373286559
171914,171914,0.313571484324694,11088,3,True,1,1.1745353270249932
171915,171915,0.295737530937563,11089,3,True,1,1.059878884131775
171916,171916,0.294998323143304,11090,3,True,1,1.0571087316546237
171917,171917,0.29682360592498,11091,3,True,1,1.0517083244669971
171918,171918,0.296344803576571,11092,3,True,1,1.0521946223727525
171919,171919,0.29598470426656,11093,3,True,1,1.0515539040851378
171920,171920,0.287259673701487,11094,3,True,1,1.0473183233863064
171921,171921,0.279956708292239,11095,3,True,1,1.0640615893534178
171961,171961,0.413352518367123,11096,0,False,2,1.456326450200241
171962,171962,0.375302123964015,11097,0,False,1,0.4661093660828393
171963,171963,0.396258018957295,11098,0,False,1,0.5466098201323244
172116,172116,0.415578694626899,11099,4,True,2,1.7746639678131806
172117,172117,0.414523837260743,11100,4,True,2,1.775530770074386
172118,172118,0.413927166095234,11101,4,True,2,1.7756880951056442
172119,172119,0.413691436487626,11102,4,True,2,1.776673900533947
172120,172120,0.413170454941332,11103,4,True,2,1.783101544488648
172121,172121,0.410583605285804,11104,4,True,2,1.7867193712080183
172122,172122,0.408522792224344,11105,4,True,2,1.786273053501473
172123,172123,0.408087804241922,11106,4,True,2,1.7870061663481411
172247,172247,0.263498060845852,11107,0,False,1,0.9799932747103336
172248,172248,0.261527207398685,11108,0,False,1,0.9745195596527662
172364,172364,0.314813527328517,11109,0,False,1,0.8688864754603266
172365,172365,0.322796069998569,11110,0,False,1,1.0930571619105094
172366,172366,0.332030430935769,11111,0,False,1,1.3148392728424128
172367,172367,0.338851908536162,11112,0,False,1,1.3225281096089219
172375,172375,0.684451156804375,11113,1,True,3,3.92688085292436
172376,172376,0.397832254519008,11114,0,False,1,0.6285224487928815
172377,172377,0.401153069508532,11115,0,False,1,0.6289431814100825
172378,172378,0.294262235902839,11116,1,True,1,1.936007556853743
172384,172384,0.472417977859047,11117,3,True,1,2.233653314163895
172428,172428,0.36898610110941,11118,3,True,1,1.2003214655134409
172429,172429,0.397972399010599,11119,2,True,2,0.9838962117084583
172430,172430,0.403405198251932,11120,2,True,2,0.9926858309831257
172431,172431,0.403387322457186,11121,2,True,2,0.9926435231310522
172509,172509,0.467882668210144,11122,0,False,2,1.3491776896859813
172520,172520,0.534037237376325,11123,1,True,2,1.3415400817695857
172534,172534,0.350596698490556,11124,0,False,2,1.9524709813878416
172535,172535,0.286715247763019,11125,0,False,2,1.9942670479519853
172536,172536,0.265199029086093,11126,0,False,1,1.169448156703316
172829,172829,0.480503314179576,11127,2,True,1,1.1691584850726362
172830,172830,0.494223374073155,11128,2,True,1,1.2138518669052885
172831,172831,0.494350275193854,11129,2,True,1,1.2140330138012774
172832,172832,0.46553284215044,11130,2,True,1,1.1655540962637196
172833,172833,0.436497642942164,11131,2,True,1,1.18618991004175
172834,172834,0.433052056438522,11132,2,True,1,1.1877309615164648
172835,172835,0.437056687126171,11133,2,True,1,1.1853234539772677
172836,172836,0.440864671051879,11134,2,True,1,1.170541091328308
172837,172837,0.500354405920137,11135,2,True,1,1.0649561765861917
172838,172838,0.499669930324494,11136,2,True,1,1.0658574251326278
172839,172839,0.499145072603273,11137,2,True,1,1.0658373953762332
172840,172840,0.498498474683978,11138,2,True,1,1.0663458069163032
172841,172841,0.495916903714665,11139,2,True,1,1.0681584813223646
172842,172842,0.502399996110549,11140,2,True,1,1.0535019789474915
172843,172843,0.496767039860828,11141,2,True,1,0.9878395922694531
172844,172844,0.299278251514059,11142,4,True,2,1.4115654976176777
172845,172845,0.326166368697439,11143,4,True,2,1.4184838639821034
172846,172846,0.331251169698507,11144,4,True,2,1.4250361310632302
172847,172847,0.341166191576006,11145,4,True,2,1.4376309769934161
172848,172848,0.353219487541286,11146,4,True,2,1.447688496694453
172849,172849,0.367978584278242,11147,4,True,2,1.4694981060844514
172850,172850,0.387449333872926,11148,4,True,2,1.4697178656733663
172851,172851,0.390239459561644,11149,4,True,2,1.4734411334365485
172852,172852,0.416666666666667,11150,4,True,2,2.8171495271234956
172853,172853,0.356360923944322,11151,3,True,1,1.0693194357414855
172854,172854,0.352848456361937,11152,3,True,1,1.066202466195708
172937,172937,0.278095466063554,11153,0,False,1,1.3281945434024565
172938,172938,0.273987746554329,11154,0,False,1,1.2889971366740502
172939,172939,0.28253221025866,11155,0,False,1,1.1936017102772005
172940,172940,0.279657020422615,11156,0,False,1,1.1323061483390082
172941,172941,0.275845766059823,11157,0,False,1,1.0731320480170639
172942,172942,0.285245791238041,11158,0,False,1,1.0241941926128888
172943,172943,0.281167970103275,11159,0,False,1,1.0205388065851708
172944,172944,0.281315382959969,11160,0,False,1,1.026572447674576
173118,173118,0.300765453857367,11161,2,True,1,2.557361870846266
173319,173319,0.254892191015594,11162,4,True,2,1.7238629301590498
173320,173320,0.285413795851018,11163,4,True,2,1.7472634617425116
173321,173321,0.416666666666667,11164,4,True,2,2.9586040833779768
173322,173322,0.416666666666667,11165,4,True,2,2.959586149268989
173465,173465,0.666554038339629,11166,2,True,2,1.2655994728616957
173466,173466,0.66572188838263,11167,2,True,2,1.2642594183376163
173467,173467,0.666991353759869,11168,2,True,2,1.5471880841395012
173468,173468,0.665268789343938,11169,2,True,2,1.546400170474632
173469,173469,0.672817478344811,11170,2,True,2,1.5273997024176773
173470,173470,0.672994501140142,11171,2,True,2,1.5295803329164526
173472,173472,0.261658858059406,11172,4,True,2,1.3503901168244012
173486,173486,0.413333295609125,11173,2,True,1,0.9748664986196066
173487,173487,0.417847875228928,11174,2,True,1,0.9850343674747979
173488,173488,0.433391349381793,11175,2,True,1,0.9898044647701417
173489,173489,0.348724500386327,11176,3,True,1,2.0883779800571705
173512,173512,0.251410346512426,11177,0,False,1,0.9229883289330717
173539,173539,0.409817656082551,11178,0,False,1,0.6226575719703411
173540,173540,0.407151300490164,11179,0,False,1,0.634945754066661
173541,173541,0.408823701897667,11180,0,False,1,0.6451560493898054
173542,173542,0.406814498467147,11181,0,False,1,0.6806737869423484
173548,173548,0.494304974871197,11182,0,False,2,1.5849886434924834
173549,173549,0.496203075497054,11183,0,False,2,1.5901246575295862
173905,173905,0.511758651510142,11184,1,True,2,1.7020707514701916
173906,173906,0.525487189948236,11185,1,True,2,1.8394313996699405
173907,173907,0.548905624910407,11186,1,True,2,1.7522489292337586
173908,173908,0.774352053778924,11187,1,True,3,1.7449751692258004
173909,173909,0.773287854888544,11188,1,True,3,1.7407335851402341
173958,173958,0.453731431383114,11189,0,False,1,1.4213520968937727
173960,173960,0.310764872891313,11190,1,True,2,1.4608803474724383
173961,173961,0.454488066555183,11191,0,False,1,1.4334511809716635
173962,173962,0.406699613244625,11192,0,False,1,2.265428143295927
173963,173963,0.410143871473372,11193,0,False,1,2.2694951420190472
173964,173964,0.429166223609556,11194,0,False,1,1.6199821963056862
173965,173965,0.452313172880955,11195,0,False,1,1.2163389513746343
173966,173966,0.405532015044648,11196,0,False,2,1.408997129824121
173967,173967,0.40080170271517,11197,0,False,1,1.2535170567486358
173968,173968,0.405754094399999,11198,0,False,1,1.17059755032947
173969,173969,0.361533653548543,11199,0,False,1,1.4023430625149216
174043,174043,0.377241256629879,11200,3,True,1,2.0833101107140037
174044,174044,0.492630966038935,11201,2,True,1,0.869513503736693
174045,174045,0.467293624010932,11202,2,True,1,0.883148053815736
174046,174046,0.462911356035193,11203,2,True,1,0.8723101197116284
174047,174047,0.466565788564408,11204,2,True,1,0.8643606909451094
174048,174048,0.466633744924069,11205,2,True,1,0.8631097567508498
174049,174049,0.466782562143692,11206,2,True,1,0.8614858184561285
174050,174050,0.499436323162127,11207,2,True,1,1.1178304260811673
174051,174051,0.50404440961192,11208,2,True,1,1.068497671369826
174052,174052,0.501727995185637,11209,2,True,1,0.9964032238112718
174053,174053,0.484174349057801,11210,2,True,1,0.8854813488737985
174054,174054,0.470997688289089,11211,2,True,1,0.8935419680822031
174060,174060,0.382061522733156,11212,0,False,2,2.1625910640453596
174067,174067,0.393852176445297,11213,0,False,2,1.050406734461862
174068,174068,0.394144899020835,11214,0,False,2,1.0423631938610902
174098,174098,0.540541331998079,11215,0,False,1,1.065161886049529
174108,174108,0.341897689047214,11216,1,True,1,2.0786577669423987
174271,174271,0.689179709514575,11217,1,True,3,3.92688085292436
174343,174343,0.956109574541405,11218,0,False,3,1.4059328653270426
174344,174344,0.947334140414247,11219,0,False,3,1.3677846580675064
174345,174345,0.946828316787599,11220,0,False,3,1.3498618255971315
174346,174346,0.946828316787599,11221,0,False,3,1.3438480849101302
174347,174347,0.954092769658113,11222,0,False,3,1.3142941694776384
174352,174352,0.584032631611567,11223,0,False,2,2.8031504077696447
174364,174364,0.529237407939381,11224,0,False,1,1.009654925863292
174365,174365,0.528871636127697,11225,0,False,1,1.0107608688106942
174366,174366,0.396967507252517,11226,1,True,1,2.092596948770794
174520,174520,0.415478174569418,11227,0,False,2,1.36402754623993
174521,174521,0.937366250982102,11228,0,False,3,1.4775057870929023
174522,174522,0.686512930370644,11229,1,True,3,3.92688085292436
174526,174526,0.424324865006978,11230,2,True,1,0.9162437128086395
174527,174527,0.334645375251693,11231,3,True,1,2.091286247162025
174536,174536,0.261700640970853,11232,0,False,2,2.503309395496509
174537,174537,0.264927349922034,11233,0,False,2,2.6487201225788484
174538,174538,0.276478935777754,11234,0,False,2,2.9092444067231225
174584,174584,0.313488006289384,11235,3,True,1,1.0070440401468557
174585,174585,0.300946537122779,11236,3,True,1,0.9952575067236717
174586,174586,0.301323979389742,11237,3,True,1,0.9974488997408182
174587,174587,0.315119281262225,11238,3,True,1,0.9998234449286127
174638,174638,0.931297509406915,11239,0,False,3,1.3779494510812833
174639,174639,0.931297509406915,11240,0,False,3,1.3796210406668066
174640,174640,0.929307518382206,11241,0,False,3,1.3583561202031431
174666,174666,0.4540890799595,11242,0,False,2,1.3991282308616597
174675,174675,0.50407808917768,11243,1,True,2,1.0560799972424952
174676,174676,0.779258807685646,11244,1,True,3,1.5539303676450247
174677,174677,0.781261125088881,11245,1,True,3,1.5652746173906011
174686,174686,0.508840639594712,11246,0,False,2,1.5429961185980965
174687,174687,0.511790437877012,11247,0,False,2,1.5391131149250872
174688,174688,0.517068438410665,11248,0,False,2,1.5223271515250052
174689,174689,0.520314335861409,11249,0,False,2,1.502530134636173
174690,174690,0.518796753165248,11250,0,False,2,1.4923803157659812
174691,174691,0.52233626310528,11251,0,False,2,1.4719420108406334
174692,174692,0.521860298887094,11252,0,False,2,1.4685676658223432
174693,174693,0.516546514746292,11253,0,False,2,1.462527573446271
175050,175050,0.910244758904803,11254,0,False,2,3.4753438546265825
175051,175051,0.910246816255366,11255,0,False,2,3.475145239599779
175052,175052,0.910761936102243,11256,0,False,2,3.4751928568399655
175053,175053,0.910761936102243,11257,0,False,3,1.2659197484700755
175068,175068,0.49344204445346,11258,1,True,1,0.8876070412307084
175069,175069,0.493775272049876,11259,1,True,1,0.8842340317694193
175070,175070,0.494176256771183,11260,1,True,1,0.8813189280299224
175128,175128,0.372051272158131,11261,2,True,1,1.1338739941747262
175129,175129,0.295760240474041,11262,3,True,1,2.142497603237081
175131,175131,0.308157749706803,11263,3,True,1,1.0276762929052954
175132,175132,0.349320321466406,11264,3,True,1,0.9631855403428612
175135,175135,0.362382852198217,11265,3,True,1,1.132397723885937
175136,175136,0.360592106324574,11266,3,True,1,1.134037739122923
175137,175137,0.264053978479549,11267,4,True,1,2.1213763087262194
175138,175138,0.341347280947313,11268,3,True,1,2.084398008178253
175150,175150,0.476769780211329,11269,3,True,2,1.363409534254533
175151,175151,0.477953292742417,11270,3,True,2,1.3636563912369322
175152,175152,0.479068309817931,11271,3,True,2,1.3637734668194623
175153,175153,0.486055809388444,11272,3,True,2,1.3735899902981616
175154,175154,0.533679130834875,11273,3,True,2,1.4513456095056767
175155,175155,0.699994193662446,11274,2,True,2,1.5784149191824524
175384,175384,0.935738283070708,11275,0,False,3,1.2559038319805993
175385,175385,0.933169448673978,11276,0,False,3,1.2550993756813127
175386,175386,0.933903263774426,11277,0,False,3,1.23126104670979
175387,175387,0.932248563128445,11278,0,False,3,1.267347256602785
175388,175388,0.581474135602649,11279,0,False,2,2.783816876379332
175389,175389,0.571854718908275,11280,0,False,2,2.7823105980242633
175390,175390,0.554883890559509,11281,0,False,2,2.374585080530757
175391,175391,0.546368758291501,11282,0,False,2,2.299302167975165
175392,175392,0.379170204119191,11283,0,False,2,0.9283321116415089
175393,175393,0.35056357018053,11284,0,False,2,0.9589954100588144
175394,175394,0.339962135311547,11285,0,False,2,0.9608330908352007
175452,175452,0.59539061741792,11286,2,True,3,2.2391272533248174
175453,175453,0.59539061741792,11287,2,True,3,2.238954396848002
175572,175572,0.259122654598455,11288,4,True,2,1.3499309176062175
175573,175573,0.465598792619354,11289,2,True,1,1.0679306003849889
175574,175574,0.465170432416256,11290,2,True,1,1.0631933384930354
175575,175575,0.464670072862919,11291,2,True,1,1.058581179374613
175576,175576,0.441920219619179,11292,2,True,1,1.0887185798846655
175577,175577,0.441942926391315,11293,2,True,1,0.9555512516596063
175578,175578,0.44101295609409,11294,2,True,1,0.9544807512639369
175579,175579,0.436769138617054,11295,2,True,1,0.9474491982759361
175580,175580,0.436645881975094,11296,2,True,1,0.9537935226819347
175581,175581,0.428121902644351,11297,2,True,1,0.9430251648307698
175582,175582,0.427978648819812,11298,2,True,1,0.9442294832667505
175583,175583,0.332119111064078,11299,3,True,1,2.1071506462076934
175593,175593,0.466130153007365,11300,0,False,2,1.429088408811985
175594,175594,0.44317009995993,11301,0,False,2,1.4095998979413251
175595,175595,0.446135067647376,11302,0,False,2,1.4108430945575503
175596,175596,0.443378657390965,11303,0,False,2,1.3930701865460886
175612,175612,0.276699623045365,11304,1,True,1,0.9772775138511195
175613,175613,0.273467919852372,11305,1,True,1,0.9751981599138968
175614,175614,0.265147012450311,11306,1,True,1,0.9648938481252438
175643,175643,0.459530338774646,11307,0,False,2,3.0241186345712148
175649,175649,0.481424744243177,11308,0,False,2,1.5601751143798956
175661,175661,0.448597318212075,11309,1,True,1,1.4137562701434192
175662,175662,0.274771526806074,11310,2,True,1,2.149908536275273
176001,176001,0.772307427068088,11311,1,True,3,1.7374618637786845
176002,176002,0.765078218981794,11312,1,True,3,1.7521378876800333
176003,176003,0.765078218981794,11313,1,True,3,1.7542513819079442
176004,176004,0.765078218981794,11314,1,True,3,1.7568147838553587
176005,176005,0.765078218981794,11315,1,True,3,1.7576121261564424
176006,176006,0.765078218981794,11316,1,True,3,1.7536321195106281
176297,176297,0.282208171602496,11317,2,True,1,1.5105845059380674
176354,176354,0.32198825470152,11318,0,False,2,1.6716219263778287
176355,176355,0.365817790635246,11319,0,False,2,1.5545081316297942
176371,176371,0.359556388699845,11320,1,True,1,2.077609919755735
176372,176372,0.437626729896042,11321,0,False,1,0.8957488236487078
176373,176373,0.281840141514812,11322,0,False,1,1.3060632847757416
176374,176374,0.28246715136676,11323,0,False,1,1.3035185668201208
176375,176375,0.302428760234212,11324,0,False,1,1.2092572710905385
176376,176376,0.302535267631403,11325,0,False,1,1.2089801907300926
176377,176377,0.410248992242233,11326,0,False,1,0.8405459995607806
176474,176474,0.297142395517695,11327,1,True,1,1.1746817462976435
176475,176475,0.270589060986329,11328,1,True,1,1.0648734591795204
176478,176478,0.255494864912712,11329,1,True,2,1.2328509158063838
176479,176479,0.256780101604116,11330,1,True,2,1.2268825644173407
176480,176480,0.255797836484567,11331,1,True,2,1.2275872185593295
176481,176481,0.256306206757205,11332,1,True,2,1.226170240979677
176482,176482,0.271478153059626,11333,0,False,1,1.3688200412717506
176483,176483,0.271892064008975,11334,0,False,1,1.3715498500787104
176486,176486,0.265015416152729,11335,0,False,1,1.3772499001766825
176498,176498,0.491003419304454,11336,0,False,2,1.3332128997177695
176499,176499,0.493150878185041,11337,0,False,2,1.3134214517336484
176500,176500,0.932354298859971,11338,0,False,3,1.3966057271093095
176501,176501,0.947015966213164,11339,0,False,3,1.3886554980869281
176536,176536,0.315038302353632,11340,3,True,1,2.1222671593341977
176537,176537,0.355184080198751,11341,3,True,1,1.1852957458052797
176564,176564,0.406574096662036,11342,0,False,1,0.655244235274845
176565,176565,0.414019035958904,11343,0,False,1,0.7824609994502386
176566,176566,0.420021035098223,11344,0,False,1,0.8537726293746254
176567,176567,0.449811873321997,11345,0,False,1,1.2634465840689812
176568,176568,0.459490102963064,11346,0,False,2,1.3879273510422474
176569,176569,0.466874687100111,11347,0,False,2,1.3949000552147177
176570,176570,0.411614567137325,11348,0,False,1,0.4956083707687589
176571,176571,0.411774068255182,11349,0,False,1,0.5495647893075105
176572,176572,0.401420249066788,11350,0,False,1,0.5950882524718335
176573,176573,0.402940212435734,11351,0,False,1,0.6157982303249728
176643,176643,0.414404014212347,11352,0,False,1,1.0722371140145466
176644,176644,0.407654446307094,11353,0,False,1,1.0626775062968272
176645,176645,0.400491702278274,11354,0,False,1,1.0562096745039569
176646,176646,0.403419235573805,11355,0,False,1,1.0663542746045245
176650,176650,0.53146297421543,11356,0,False,2,1.5309423945567207
176651,176651,0.535463720770773,11357,0,False,2,1.5280472533106262
176652,176652,0.536724065046529,11358,0,False,2,1.513654923588482
176653,176653,0.535841152971513,11359,0,False,2,1.507983116767999
176791,176791,0.699651507515081,11360,0,False,2,3.3766670219319943
176792,176792,0.719307701643721,11361,0,False,2,3.3935685995575584
176793,176793,0.745518656250716,11362,0,False,2,3.4165924227355333
176794,176794,0.930996263527327,11363,0,False,3,1.3172059348973977
176795,176795,0.938220784047425,11364,0,False,3,1.3067727434725238
176796,176796,0.595180799257919,11365,0,False,2,1.3744364418865744
176797,176797,0.594573235285221,11366,0,False,2,1.3674469483754683
176861,176861,0.573547894610222,11367,0,False,2,1.8612949487565338
176862,176862,0.602019331197441,11368,0,False,2,1.7597478761998746
176863,176863,0.625490446635459,11369,0,False,2,1.6171591416824722
176864,176864,0.593808618263826,11370,0,False,2,1.5643491440685189
176865,176865,0.673031433527703,11371,0,False,2,2.119379574080159
176866,176866,0.684970174846316,11372,0,False,2,2.199812230557021
176867,176867,0.687591867373916,11373,0,False,2,2.1908289811541057
176868,176868,0.667239168696786,11374,0,False,2,1.891489000571435
176869,176869,0.667555049710766,11375,0,False,2,1.8845089542064797
177008,177008,0.25066643541453,11376,0,False,2,1.7075187858982068
177009,177009,0.286566776800541,11377,0,False,2,1.7145116131211438
177130,177130,0.315898982233759,11378,3,True,1,1.2504336068161384
177168,177168,0.378657116411356,11379,1,True,1,1.1616178888908602
177169,177169,0.377661208302201,11380,1,True,1,1.1643688746793375
177205,177205,0.393272569845198,11381,0,False,1,0.6259549501642275
177206,177206,0.304297483339911,11382,0,False,1,0.9803481261934953
177590,177590,0.333435547327877,11383,0,False,2,2.180921065069259
177591,177591,0.328018392771886,11384,0,False,2,2.1648809537572684
177592,177592,0.32669739184159,11385,0,False,2,2.1335857955236976
177593,177593,0.325762533817,11386,0,False,2,2.1351062592396497
177594,177594,0.322172022096852,11387,0,False,2,2.1240511981912147
177595,177595,0.324285826415731,11388,0,False,2,2.1253094497977267
177655,177655,0.948976865513529,11389,0,False,3,4.564504241910063
177656,177656,0.952848165809375,11390,0,False,3,2.3749288111671487
177657,177657,0.353032110218757,11391,0,False,2,2.8191840643452273
177658,177658,0.354380763157315,11392,0,False,2,3.188365485918921
177659,177659,0.359448668246409,11393,0,False,2,3.1841693552735975
177660,177660,0.367077373430909,11394,0,False,2,3.4841571162700964
177661,177661,0.368925105719736,11395,0,False,2,3.4792552414728948
177662,177662,0.370192570968765,11396,0,False,2,3.4923633931184215
177663,177663,0.380054049166598,11397,0,False,2,3.461612350683502
177664,177664,0.436856059014145,11398,0,False,2,3.4455701742578952
177665,177665,0.484839966123875,11399,0,False,2,3.5565388743552857
177666,177666,0.951055430782108,11400,0,False,3,4.3779844051385854
177667,177667,0.30764031508358,11401,0,False,1,1.6904830296843902
177668,177668,0.305961641852462,11402,0,False,1,1.6909005929972891
177764,177764,0.948996636722659,11403,0,False,3,1.2515298352999078
177765,177765,0.948899256823428,11404,0,False,3,1.2500457286241764
177766,177766,0.948899256823428,11405,0,False,3,1.2498816685490821
177767,177767,0.9447268236142,11406,0,False,3,1.249414077543716
177768,177768,0.945115675440034,11407,0,False,3,1.2494329536699331
177789,177789,0.722102907693089,11408,0,False,2,2.5357619104205655
177790,177790,0.720327013806137,11409,0,False,2,2.5442667268498886
177791,177791,0.723578584349351,11410,0,False,2,2.5331231705543695
177792,177792,0.720810268109567,11411,0,False,2,2.4947545201341166
177793,177793,0.710491192292989,11412,0,False,2,2.242171685988423
177794,177794,0.693966000468401,11413,0,False,2,1.9148876370935957
177795,177795,0.684056093652177,11414,0,False,2,1.8265181586494756
177796,177796,0.677545919017593,11415,0,False,2,1.8195222722229865
177817,177817,0.355111100384579,11416,1,True,2,0.979619453594274
177983,177983,0.457075790724864,11417,0,False,2,2.320474886922331
178228,178228,0.948510819139953,11418,0,False,3,1.362511043135241
178229,178229,0.948976865513529,11419,0,False,3,1.3609627776349469
178230,178230,0.948029137322667,11420,0,False,3,1.2999251476220333
178231,178231,0.946825425476719,11421,0,False,3,1.302188661912861
178425,178425,0.620913496395488,11422,0,False,2,1.3071633923778732
178426,178426,0.619959347813864,11423,0,False,2,1.308187450919849
178535,178535,0.434075415434598,11424,3,True,2,1.4254288725359
178536,178536,0.430829788020633,11425,3,True,2,1.42838318625905
178537,178537,0.429114843297632,11426,3,True,2,1.4310966778290142
178538,178538,0.421280803537036,11427,3,True,2,1.4307890348707444
178539,178539,0.419139373168286,11428,3,True,2,1.4346763444574904
178540,178540,0.416473861281102,11429,3,True,2,1.4386661194003612
178541,178541,0.421097941934414,11430,3,True,2,1.4465541747706647
178542,178542,0.418977243585743,11431,3,True,2,1.4497528079128175
178888,178888,0.25408300923406,11432,0,False,2,2.250872182273024
178889,178889,0.25589036903632,11433,0,False,2,2.266211816177844
178956,178956,0.338841613481505,11434,3,True,1,1.1910949994477307
178957,178957,0.33928361189076,11435,3,True,1,1.188097086727913
179025,179025,0.404112189432568,11436,2,True,1,1.0564940356579995
179026,179026,0.403894471512416,11437,2,True,1,1.0566097272249126
179027,179027,0.403761459852419,11438,2,True,1,1.0566465868622625
179028,179028,0.403434278676938,11439,2,True,1,1.0565434500289879
179029,179029,0.310037280965719,11440,3,True,1,2.108440146706683
179030,179030,0.403622122913959,11441,2,True,1,1.0551395832806763
179031,179031,0.40345480536098,11442,2,True,1,1.0555039466407496
179032,179032,0.316372563616792,11443,3,True,1,2.108078952513367
179079,179079,0.296557728388728,11444,0,False,1,2.177426368417345
179080,179080,0.273351590707338,11445,0,False,1,2.335523585347552
179087,179087,0.27030742732568,11446,0,False,1,1.4816115620577266
179088,179088,0.276665327905989,11447,0,False,1,1.4839949343738872
179096,179096,0.435189745950312,11448,0,False,1,1.0262485394293077
179097,179097,0.445950599957132,11449,0,False,1,1.1203038762144597
179104,179104,0.941813454389169,11450,0,False,3,1.306558355769538
179105,179105,0.945597015932715,11451,0,False,3,1.2636657595413516
179106,179106,0.944882922133255,11452,0,False,3,1.2586588176851328
179107,179107,0.945597015932715,11453,0,False,3,1.2549836593511632
179564,179564,0.34539580178276,11454,0,False,2,1.420391418206825
179622,179622,0.75,11455,2,True,3,2.7988634507434176
179623,179623,0.75,11456,2,True,3,2.803339609522652
179624,179624,0.75,11457,2,True,3,2.806417769065866
179625,179625,0.5,11458,3,True,1,4.470107043909776
179627,179627,0.25719821103497,11459,0,False,2,1.4197979670923164
179642,179642,0.405258362301698,11460,0,False,2,1.912857542372911
179643,179643,0.427071954500734,11461,0,False,2,1.850355354655256
179656,179656,0.391683206336448,11462,1,True,2,1.4573791478883882
179659,179659,0.470832243609114,11463,0,False,1,1.5008725580456905
179660,179660,0.458440616139069,11464,0,False,1,1.289554748729724
179663,179663,0.326688336234949,11465,1,True,2,1.4728521382712154
179770,179770,0.348552836827233,11466,2,True,1,1.2804098228006116
179771,179771,0.305007137168762,11467,3,True,1,2.137559556009997
179794,179794,0.268836918979493,11468,1,True,1,2.1444602754458932
179828,179828,0.260179943454486,11469,4,True,1,2.1170160862265917
179834,179834,0.316424702457324,11470,2,True,2,1.0854780853817125
179835,179835,0.31513356296282,11471,2,True,2,1.0765275071686604
179836,179836,0.312143700787083,11472,2,True,2,1.0760388837956738
179837,179837,0.311914482925432,11473,2,True,2,1.0764034504333504
179838,179838,0.311735548926645,11474,2,True,2,1.076927550688734
179847,179847,0.252368489296865,11475,2,True,1,1.324582982041871
179848,179848,0.253827178133037,11476,2,True,1,1.3403879209267786
179849,179849,0.268321204790195,11477,2,True,1,1.4794871643762506
179850,179850,0.269812827710651,11478,2,True,1,1.4971041537137
179851,179851,0.271031999661364,11479,2,True,2,1.4975591527021377
179852,179852,0.270133777547576,11480,2,True,2,1.4869856580741059
179853,179853,0.276060643925789,11481,2,True,2,1.4717763971694737
179854,179854,0.278621520683349,11482,2,True,2,1.461709993523995
179855,179855,0.280738392887566,11483,2,True,2,1.4533773447865077
179856,179856,0.302654633955946,11484,2,True,2,1.420013874831939
179857,179857,0.318829394935623,11485,2,True,2,1.3927696444838116
179874,179874,0.344467538294487,11486,0,False,1,0.9188822482656853
179875,179875,0.338544169872424,11487,0,False,1,1.02040965223672
179889,179889,0.315944774303984,11488,1,True,2,1.1887451822335044
179894,179894,0.714293100439045,11489,1,True,2,1.7193749961602653
179895,179895,0.473135646193299,11490,2,True,1,2.218593600228634
179896,179896,0.723135646193299,11491,1,True,2,1.4685997751778541
179897,179897,0.765897392054134,11492,1,True,3,1.9719337956442524
179898,179898,0.597210476140468,11493,2,True,3,2.19100431592555
179899,179899,0.595213037647502,11494,2,True,3,2.1984291104392555
179900,179900,0.595213037647502,11495,2,True,3,2.202462847860354
179901,179901,0.595213037647502,11496,2,True,3,2.215977233150181
179902,179902,0.595213037647502,11497,2,True,3,2.2254763518254936
179903,179903,0.598332037054252,11498,2,True,3,2.232733115886295
179904,179904,0.597756165079725,11499,2,True,3,2.2321384239340523
179905,179905,0.430613915978234,11500,3,True,3,2.644706260968375
179906,179906,0.430613915978234,11501,3,True,3,2.6456962173786875
179907,179907,0.435991097705535,11502,2,True,1,1.3393513643501544
179908,179908,0.435535443016788,11503,2,True,1,1.3383757100343503
179909,179909,0.274771526806074,11504,3,True,1,2.149908536275273
180079,180079,0.264053978479549,11505,4,True,1,2.1213763087262194
180186,180186,0.519202454364946,11506,2,True,1,0.8457593082267524
180187,180187,0.348123595772574,11507,2,True,1,1.1322275547349028
180188,180188,0.278637926108284,11508,2,True,1,1.3099493570858267
180190,180190,0.323822919244518,11509,3,True,1,1.0807886582475021
180191,180191,0.322552635917454,11510,3,True,1,1.0795383368584117
180192,180192,0.321791514121965,11511,3,True,1,1.0838305135203221
180193,180193,0.303599562063404,11512,3,True,1,1.1291759709219553
180194,180194,0.270205328367277,11513,3,True,1,2.05047884547603
180195,180195,0.270866893157578,11514,3,True,1,2.0296145670855714
180196,180196,0.275649842159813,11515,3,True,1,1.9790943314523388
180198,180198,0.29666175608147,11516,3,True,1,1.189411144080445
180199,180199,0.297306049020764,11517,3,True,1,1.1907639702144648
180200,180200,0.298158715564756,11518,3,True,1,1.1919500307311761
180201,180201,0.29981657565718,11519,3,True,1,1.1941412874259338
180204,180204,0.328264691956649,11520,0,False,2,1.2855899156958588
180205,180205,0.34731346490196,11521,0,False,2,1.2285107691956278
180206,180206,0.375588894465703,11522,0,False,2,1.0962029352555382
180207,180207,0.384972458510002,11523,0,False,2,1.0944647403721652
180208,180208,0.399532150489917,11524,0,False,2,1.1481277489743633
180209,180209,0.435167950377224,11525,0,False,2,1.9426395628487514
180210,180210,0.922701999063211,11526,0,False,3,1.3066394680122395
180242,180242,0.315509120502041,11527,0,False,2,1.2206573288269684
180243,180243,0.305560833444249,11528,0,False,2,1.2042413895009865
180424,180424,0.400335714492902,11529,2,True,1,1.6646225264342465
180425,180425,0.400414928933766,11530,2,True,1,1.6869920748517822
180426,180426,0.406833610850346,11531,2,True,1,1.6719450485438354
180427,180427,0.406886660933415,11532,2,True,1,1.6887807161754798
180428,180428,0.406901299264677,11533,2,True,1,1.6906684196696893
180429,180429,0.406924343928081,11534,2,True,1,1.6939708892437078
180504,180504,0.263650807614972,11535,0,False,1,1.1803720295255093
180505,180505,0.380410782527609,11536,3,True,1,1.1136138905589799
180506,180506,0.391873156841946,11537,3,True,1,1.0520039071398026
180507,180507,0.400850422899306,11538,3,True,1,1.0021785341173384
180508,180508,0.419309795858917,11539,3,True,1,0.9782769431571566
180509,180509,0.428136027296539,11540,3,True,1,0.9846006062794842
180510,180510,0.433091934507978,11541,3,True,1,1.0017129369506623
180511,180511,0.436065410702011,11542,3,True,1,1.0108012007810063
180512,180512,0.443361218033489,11543,3,True,1,1.0420807962380834
180797,180797,0.394834037414566,11544,2,True,1,1.0995423150824608
180798,180798,0.333766778112314,11545,3,True,1,2.0923307283342605
180816,180816,0.30290960219772,11546,0,False,2,1.1145161328948519
180817,180817,0.304008592284165,11547,0,False,2,1.1133312024873827
180829,180829,0.353257237944548,11548,0,False,2,1.301598312867883
180830,180830,0.309816191917347,11549,0,False,1,1.383568962749758
180831,180831,0.276977623461628,11550,0,False,1,1.18780865425212
180851,180851,0.347162684131266,11551,1,True,2,1.0138201042022714
180852,180852,0.348247097911325,11552,1,True,2,1.0199391390282437
180853,180853,0.382128065890768,11553,1,True,2,0.9603621909265543
180854,180854,0.342839425527918,11554,1,True,2,1.0356373440646465
180855,180855,0.354712507064902,11555,1,True,2,0.9779862372612605
180856,180856,0.338979434562499,11556,2,True,2,1.1306119800926733
180857,180857,0.417823426084297,11557,1,True,2,2.5352529897059566
180858,180858,0.34891655081947,11558,1,True,2,1.0658596188243497
180871,180871,0.375938510353634,11559,0,False,1,1.7742617870865265
180872,180872,0.369397373967559,11560,0,False,1,1.902586752673767
180873,180873,0.374039489228349,11561,0,False,1,1.9401364318917418
180874,180874,0.520296388667581,11562,0,False,2,1.5188809085717137
180899,180899,0.588547508639437,11563,0,False,1,1.290487607183157
180900,180900,0.585076459540094,11564,0,False,1,1.2796090617066072
180901,180901,0.582750846606947,11565,0,False,1,1.2734057367438163
180902,180902,0.559900469655163,11566,0,False,1,1.2449331907660806
180913,180913,0.60269344524326,11567,0,False,2,1.2314540384386858
180914,180914,0.593948897014943,11568,0,False,2,1.2183857483096832
180915,180915,0.590810608168901,11569,0,False,2,1.2039370372699645
180916,180916,0.590886428865182,11570,0,False,2,1.2008241652660898
180917,180917,0.591363567419396,11571,0,False,2,1.2003777489567264
180918,180918,0.590204138356744,11572,0,False,2,1.199854765945886
181212,181212,0.610529991873482,11573,0,False,1,1.2184041763554552
181213,181213,0.611414614033027,11574,0,False,1,1.2230608321430425
181214,181214,0.609266565881532,11575,0,False,1,1.221175621316471
181215,181215,0.612703266203704,11576,0,False,1,1.2310782586267874
181216,181216,0.616162701741719,11577,0,False,1,1.2329809214638412
181217,181217,0.435413491699662,11578,1,True,1,2.1466094630807735
181277,181277,0.557285754069047,11579,0,False,2,1.2936410329147754
181278,181278,0.646631670370861,11580,0,False,2,1.9972515570834848
181279,181279,0.656235288433677,11581,0,False,2,1.9919724323236738
181280,181280,0.641911951096863,11582,0,False,2,2.770069979376501
181281,181281,0.647768015944229,11583,0,False,2,2.7885783765555527
181282,181282,0.588799428709935,11584,0,False,2,2.66606914518462
181388,181388,0.395334782013756,11585,2,True,1,0.9817150868391479
181402,181402,0.312646711255026,11586,1,True,1,0.9467007366510365
181403,181403,0.311115511819702,11587,1,True,1,0.9473958511309116
181458,181458,0.289018755264687,11588,0,False,2,1.3623298490051245
181459,181459,0.648328167840748,11589,0,False,2,3.5609801944950763
181460,181460,0.645675624297854,11590,0,False,2,1.6518152092409384
181461,181461,0.652518098013599,11591,0,False,2,3.7761501291725033
181462,181462,0.69091453997499,11592,0,False,2,1.442841768849355
181463,181463,0.6899306120899,11593,0,False,2,1.4373449770381796
181464,181464,0.668826341516521,11594,0,False,2,1.2840061627494355
181465,181465,0.65592719853207,11595,0,False,2,1.3134174349794638
181488,181488,0.52360725603363,11596,0,False,1,0.9664000350796371
181489,181489,0.525081181520271,11597,0,False,1,0.9888639049681748
181490,181490,0.391404643465978,11598,1,True,1,2.087591762705976
181756,181756,0.263588661420656,11599,2,True,1,2.1208194394593813
181779,181779,0.371469630228886,11600,2,True,1,2.5512005493885166
181780,181780,0.369701257054193,11601,2,True,1,2.5522261586127977
181781,181781,0.368968505473036,11602,2,True,1,2.5623261696068065
181782,181782,0.389995184997421,11603,2,True,1,0.9090290435029504
181783,181783,0.390155508353457,11604,2,True,1,0.9074460381168512
181784,181784,0.390565096128734,11605,2,True,1,0.9038573398504683
181810,181810,0.375004008621393,11606,0,False,2,1.391176022918555
181852,181852,0.36144279750266,11607,0,False,2,1.8323956708017621
181853,181853,0.412280623856075,11608,0,False,2,2.13501107692929
181854,181854,0.421758910197999,11609,0,False,2,2.1398408750387024
181885,181885,0.525163176027209,11610,1,True,2,1.1966072842850488
181886,181886,0.51064903801552,11611,1,True,2,1.2525253889039343
181887,181887,0.501788281127234,11612,1,True,2,1.2293565130142967
181888,181888,0.498786932514366,11613,1,True,2,1.2307815467240317
182186,182186,0.367938188919245,11614,2,True,1,2.0773636922346648
182296,182296,0.26218449856046,11615,0,False,1,0.9482444155405042
182297,182297,0.25982969351421,11616,0,False,1,0.9478684772376288
182298,182298,0.259855398339401,11617,0,False,1,0.9484260314151599
182299,182299,0.254839559366358,11618,0,False,1,0.9558005520710393
182300,182300,0.255035638312321,11619,0,False,1,0.9712960793096478
182301,182301,0.25507194297133,11620,0,False,1,0.9856913062044228
182302,182302,0.270851670664373,11621,0,False,1,0.922473709137249
182303,182303,0.290604933541543,11622,0,False,1,0.7661177218210653
182304,182304,0.295292718588987,11623,0,False,1,0.7504263785013384
182331,182331,0.27653201196909,11624,0,False,2,3.352230554163808
182332,182332,0.274973446927901,11625,0,False,2,3.3281400020859087
182370,182370,0.467555116122977,11626,0,False,1,1.447962706160685
182371,182371,0.466734753428204,11627,0,False,1,1.4497474374464208
182372,182372,0.463369233930297,11628,0,False,1,1.4445777181046833
182373,182373,0.457003123058521,11629,0,False,1,1.4528264060108882
182374,182374,0.44901786173602,11630,0,False,1,1.4825702175819104
182375,182375,0.448927903000358,11631,0,False,1,1.4814381607790987
182376,182376,0.44842526036745,11632,0,False,1,1.481869764505822
182377,182377,0.445439285347774,11633,0,False,1,1.4778147603385394
182378,182378,0.294128568327983,11634,1,True,1,2.2188272656353525
182557,182557,0.369390467291985,11635,2,True,1,1.2288361745722467
182558,182558,0.37431345815452,11636,2,True,1,1.2255391876537474
182559,182559,0.368096578764953,11637,2,True,1,1.2403626869056688
182560,182560,0.260193938425133,11638,3,True,1,2.1592839730786646
182564,182564,0.929953782368112,11639,0,False,3,1.4555466881404053
182592,182592,0.282460196319025,11640,0,False,2,4.634623510642197
182596,182596,0.540072316565893,11641,0,False,1,0.9602148236436175
182597,182597,0.534782707528038,11642,0,False,1,0.9501782231177637
182840,182840,0.414547535214169,11643,4,True,2,1.8147823427022878
182841,182841,0.414675171633725,11644,4,True,2,1.813871003412294
182842,182842,0.414802892498323,11645,4,True,2,1.813252248544874
182843,182843,0.415125047986803,11646,4,True,2,1.8126243268560667
182844,182844,0.415258407598471,11647,4,True,2,1.810675271306804
182845,182845,0.415367314592472,11648,4,True,2,1.8099838020350183
182846,182846,0.415984411462052,11649,4,True,2,1.8095570770868552
182847,182847,0.416188840407905,11650,4,True,2,1.8055352914044962
182848,182848,0.416326917529701,11651,4,True,2,1.8042838669576136
182849,182849,0.416428649193782,11652,4,True,2,1.8033677571193851
182850,182850,0.416666666666667,11653,4,True,2,1.8027475543182607
182851,182851,0.416666666666667,11654,4,True,2,2.9502050249294283
182855,182855,0.396230080716732,11655,2,True,1,1.1033243372394979
182856,182856,0.332504151849687,11656,3,True,1,2.092030575539835
182868,182868,0.910249859115515,11657,0,False,2,3.4372606132933687
182869,182869,0.796859088714339,11658,1,True,3,1.9721108958698654
182870,182870,0.907800114017853,11659,0,False,3,1.343335959437904
182871,182871,0.910249859115515,11660,0,False,3,1.3474104751394653
182872,182872,0.889338985032864,11661,0,False,3,1.3401304036984492
182873,182873,0.639338985032864,11662,1,True,3,3.92688085292436
182918,182918,0.468685158923575,11663,0,False,1,1.8567233677037043
182924,182924,0.407291006917176,11664,0,False,1,0.7519245397776115
182925,182925,0.416349334248162,11665,0,False,1,0.8582441664182036
182968,182968,0.448473258576625,11666,1,True,1,1.4649713808740403
182969,182969,0.448889322996822,11667,1,True,1,1.4658694965081047
182970,182970,0.447723034688203,11668,1,True,1,1.4587570248126343
182971,182971,0.453312031307974,11669,1,True,1,1.4762255047705535
182972,182972,0.462461754167792,11670,1,True,1,1.5008990937188116
182973,182973,0.270169900395604,11671,2,True,1,2.171213137632883
183246,183246,0.583333333333333,11672,3,True,3,2.969436683109704
183247,183247,0.583333333333333,11673,3,True,3,2.9701001900115984
183248,183248,0.583333333333333,11674,3,True,2,1.6949864241578556
183249,183249,0.583219586245813,11675,3,True,2,1.697907126417894
183250,183250,0.333333333333333,11676,4,True,1,2.299238125459992
183318,183318,0.595167800554547,11677,2,True,2,2.2963003247072273
183319,183319,0.599688635197745,11678,2,True,3,2.545783273703279
183320,183320,0.308103655911593,11679,2,True,2,1.5839662665231555
183321,183321,0.301886705522463,11680,2,True,2,1.5670607328000454
183322,183322,0.285197931176135,11681,2,True,2,1.5455998284249903
183323,183323,0.280997754725664,11682,2,True,2,1.545825874238635
183386,183386,0.295615902914365,11683,0,False,2,1.953714931056223
183403,183403,0.291871823118643,11684,0,False,2,1.4550624035230815
183519,183519,0.378301937664512,11685,0,False,2,1.4202987564058573
183542,183542,0.296175295788045,11686,0,False,2,1.178622649882854
183543,183543,0.364260580505101,11687,0,False,2,1.044177840358152
183544,183544,0.382122805709084,11688,0,False,2,1.0256085823369336
183545,183545,0.402123155197375,11689,0,False,2,1.0560577951240397
183546,183546,0.420742115439284,11690,0,False,2,1.0818450705953646
183547,183547,0.457126262177731,11691,0,False,2,1.1762928576677212
183548,183548,0.930952692056169,11692,0,False,3,1.3356989034684508
183589,183589,0.305566463151792,11693,0,False,2,1.580505047118655
183590,183590,0.315120329270415,11694,0,False,2,1.6455361276690912
183597,183597,0.509804008751744,11695,0,False,1,0.8998218277719398
183598,183598,0.503632219131899,11696,0,False,1,0.8932257780211971
183599,183599,0.503408311174483,11697,0,False,1,0.8978229482253557
183600,183600,0.503291722494,11698,0,False,1,0.900141838023366
183601,183601,0.502162000577396,11699,0,False,1,0.9013587333643857
183602,183602,0.382500245807267,11700,1,True,1,2.0828034488597895
183824,183824,0.640019217166066,11701,1,True,2,2.5044411871797436
183825,183825,0.388999998687097,11702,2,True,1,3.3038444400120843
183867,183867,0.964254579337229,11703,0,False,3,2.043656011840009
183879,183879,0.391755861741176,11704,0,False,1,1.4921116982895077
183880,183880,0.480444662739685,11705,0,False,1,1.242036051841811
183966,183966,0.290037358276601,11706,0,False,2,1.4906496219287289
183967,183967,0.295653372398201,11707,0,False,2,1.4674312746743152
183968,183968,0.290951247914193,11708,0,False,2,1.4696890385339978
184067,184067,0.295760240474041,11709,3,True,1,2.142497603237081
184071,184071,0.334240897652947,11710,1,True,1,0.9995698450873177
184072,184072,0.348380840007954,11711,1,True,1,0.9942069010178346
184073,184073,0.321610351853126,11712,1,True,1,0.9689760535548009
184074,184074,0.321295261634488,11713,1,True,1,0.9632900964700496
184075,184075,0.288445240015796,11714,1,True,1,0.810048823912633
184076,184076,0.281321164610224,11715,1,True,1,0.805841127308629
184077,184077,0.26741776991492,11716,1,True,1,0.8238722559515047
184078,184078,0.25632139477996,11717,1,True,1,0.8998788025039731
184079,184079,0.258126745849013,11718,1,True,1,0.9743308355207623
184080,184080,0.254584669118862,11719,1,True,1,0.8545521182413905
184081,184081,0.264119396365202,11720,1,True,1,0.8207784547409323
184110,184110,0.511601302243769,11721,0,False,2,1.35893959533449
184111,184111,0.354751043620423,11722,1,True,1,2.1075269216809214
184117,184117,0.483811894913905,11723,2,True,2,1.3600586959778078
184118,184118,0.476930241760917,11724,2,True,2,1.3520517797887197
184119,184119,0.469166006067631,11725,2,True,2,0.968807668328837
184120,184120,0.462090673350315,11726,2,True,2,0.950560059300084
184121,184121,0.458425832169206,11727,2,True,2,0.9442114189697869
184122,184122,0.454794024584989,11728,2,True,2,0.9364486171892138
184123,184123,0.44963855900371,11729,2,True,2,0.8879247897541355
184124,184124,0.594819291176207,11730,2,True,3,2.14909766456501
184125,184125,0.594819291176207,11731,2,True,3,2.1475966388438876
184126,184126,0.594819291176207,11732,2,True,3,2.1483229014271323
184127,184127,0.594819291176207,11733,2,True,3,2.1488309718182337
184334,184334,0.450981820752572,11734,0,False,2,1.2777055983007455
184335,184335,0.403975938513336,11735,0,False,1,1.2629162990637162
184336,184336,0.372546790724752,11736,0,False,1,0.6616417050293081
184337,184337,0.398351535151135,11737,0,False,1,0.9441173155221141
184338,184338,0.419109350937523,11738,0,False,2,1.2295411430509073
184339,184339,0.42521439786536,11739,0,False,2,1.204792727835115
184396,184396,0.363262713581938,11740,3,True,1,1.2281573306439852
184397,184397,0.356295443478368,11741,3,True,1,1.2309987410452778
184398,184398,0.354933825166274,11742,3,True,1,1.228306998459456
184399,184399,0.354758744062643,11743,3,True,1,1.2277032252508773
184400,184400,0.354691263095196,11744,3,True,1,1.227585024339495
184401,184401,0.35434024756396,11745,3,True,1,1.226976430079917
184402,184402,0.354072480025896,11746,3,True,1,1.2264559807351263
184403,184403,0.353746861423348,11747,3,True,1,1.226329652937155
184434,184434,0.941673458884579,11748,0,False,3,1.7849497841161468
184435,184435,0.942614133690323,11749,0,False,3,1.7833797355186356
184436,184436,0.939326112745743,11750,0,False,3,1.7936715065708846
184452,184452,0.583333333333333,11751,3,True,3,2.8561063511007982
184453,184453,0.714098147037208,11752,2,True,2,1.3740999105657972
184454,184454,0.712231724494668,11753,2,True,2,1.3702688720577267
184455,184455,0.711758215361843,11754,2,True,2,1.371378511118178
184456,184456,0.710792729281702,11755,2,True,2,1.3711693639802753
184457,184457,0.709663963912165,11756,2,True,2,1.3696448813015711
184458,184458,0.708826522483653,11757,2,True,2,1.3685827669281352
184459,184459,0.708206244680981,11758,2,True,2,1.3672838787394181
184530,184530,0.336378495916427,11759,1,True,2,1.464825732551716
184699,184699,0.506529652134504,11760,0,False,1,1.6829794650120038
184700,184700,0.475811726554448,11761,0,False,1,1.3966497573760557
184701,184701,0.482834474374515,11762,0,False,1,1.5579468854459366
184702,184702,0.335469130609618,11763,1,True,1,1.146791853705148
184703,184703,0.341782067064113,11764,1,True,1,1.0829986067133293
184704,184704,0.369968844170914,11765,1,True,1,1.2566662767367474
184705,184705,0.40033427809275,11766,1,True,1,1.4139662861104283
184735,184735,0.275633143017451,11767,0,False,1,0.9633922420684897
184736,184736,0.28435095094297,11768,0,False,1,1.3338274221818043
184859,184859,0.31520051591683,11769,0,False,2,1.637752687019211
184933,184933,0.353659902763261,11770,3,True,1,1.227149405779064
184934,184934,0.353104272631212,11771,3,True,1,1.2260452795608254
184935,184935,0.352686533624101,11772,3,True,1,1.2252187958213008
184961,184961,0.382256305085818,11773,3,True,2,1.1648208699078173
184962,184962,0.391945049623803,11774,3,True,2,1.1090331098468034
184963,184963,0.380215280085183,11775,3,True,2,1.121881702945483
184964,184964,0.391360130639803,11776,3,True,2,1.118088672727859
184965,184965,0.58283760097243,11777,3,True,2,1.439234376952339
184966,184966,0.582837703647965,11778,3,True,2,1.4391745313264985
184967,184967,0.582824193385519,11779,3,True,2,1.4383847523505526
184968,184968,0.582806366151479,11780,3,True,2,1.4366524070013347
184969,184969,0.58279162592589,11781,3,True,2,1.4332736167876794
184970,184970,0.582731428526762,11782,3,True,2,1.4274915642583577
184971,184971,0.582735644689994,11783,3,True,2,1.4256817146272396
184972,184972,0.582742264514477,11784,3,True,2,1.4239648924005461
184973,184973,0.582744377384597,11785,3,True,2,1.4222954631782876
184974,184974,0.582900573182142,11786,3,True,2,1.4229074641106518
184975,184975,0.582869384071755,11787,3,True,2,1.413264657300649
184976,184976,0.582908699959353,11788,3,True,2,1.412114970532103
184977,184977,0.582955161445831,11789,3,True,2,1.4102038144641438
184978,184978,0.583033898919856,11790,3,True,2,1.4081209371062684
184979,184979,0.583133464824573,11791,3,True,2,1.4046606150829077
184980,184980,0.583160306034298,11792,3,True,2,1.3997117045892662
184981,184981,0.583193153816129,11793,3,True,2,1.3983984846077857
184982,184982,0.583284603011948,11794,3,True,2,1.3974920898382381
184983,184983,0.583307061535476,11795,3,True,2,1.3935145061645975
184984,184984,0.583333333333333,11796,3,True,2,1.3926627297269478
184985,184985,0.583333333333333,11797,3,True,3,2.8656354986660397
184986,184986,0.384847652334996,11798,3,True,2,1.1710102132277318
185003,185003,0.583333333333333,11799,3,True,3,2.882980433587598
185004,185004,0.583333333333333,11800,3,True,3,2.880961057988517
185005,185005,0.583333333333333,11801,3,True,2,1.4499553302933343
185006,185006,0.583301000826549,11802,3,True,2,1.449454947105411
185078,185078,0.295999944442487,11803,0,False,2,1.1365483228883795
185079,185079,0.294899912687885,11804,0,False,2,1.1348585208373552
185080,185080,0.293120685739012,11805,0,False,2,1.1442049118824482
185081,185081,0.299826059224171,11806,0,False,2,1.2351380074973173
185082,185082,0.314967854917788,11807,0,False,2,1.1570292553034196
185083,185083,0.314921127913989,11808,0,False,2,1.1613440204752272
185084,185084,0.314981503518331,11809,0,False,2,1.161464724171192
185085,185085,0.293675747207872,11810,0,False,2,1.238808654760651
185086,185086,0.26042021486972,11811,0,False,2,1.2916852075229655
185090,185090,0.466304213060849,11812,0,False,2,3.1950314801627306
185101,185101,0.259009170216247,11813,0,False,2,4.206481260281523
185102,185102,0.515691628844737,11814,0,False,2,1.3947673805186485
185103,185103,0.514420670042796,11815,0,False,2,1.3948020553790723
185104,185104,0.494550556071754,11816,0,False,2,1.4602229227781474
185105,185105,0.570129910124831,11817,0,False,2,1.2815378723388948
185106,185106,0.535039689124343,11818,0,False,2,1.2781818406780106
185107,185107,0.572126186320122,11819,0,False,2,1.1087126071923572
185108,185108,0.580647797155132,11820,0,False,2,1.151496821033711
185420,185420,0.748225658772782,11821,2,True,2,1.8299704390528189
185579,185579,0.293185164222694,11822,1,True,1,1.0524513606350379
185580,185580,0.292960696176249,11823,1,True,1,1.0539563343834832
185582,185582,0.274855584011682,11824,1,True,1,1.9443474526481108
185703,185703,0.31666306082499,11825,0,False,1,1.1983838982644763
185704,185704,0.372793634714817,11826,0,False,2,1.191242420075535
185738,185738,0.287844180757472,11827,0,False,1,0.8590441172244633
185739,185739,0.296605264663057,11828,0,False,1,0.9668706002954482
185768,185768,0.5,11829,1,True,1,2.3085745602864485
185856,185856,0.402070974141271,11830,2,True,1,1.522053725992551
185857,185857,0.409888489340444,11831,2,True,1,1.3471702689433191
185858,185858,0.410907971335009,11832,2,True,1,1.3397269178340483
185981,185981,0.276466147516084,11833,0,False,1,1.9097867183528758
185982,185982,0.278532600428197,11834,0,False,1,1.6954133986837552
185983,185983,0.274104757430921,11835,0,False,1,1.553674184668723
185985,185985,0.58450291837748,11836,0,False,2,1.5588090873173583
185986,185986,0.582456052733812,11837,0,False,2,3.4045699521284436
185987,185987,0.964497737674076,11838,0,False,3,2.2879926808605004
186076,186076,0.360930396739592,11839,1,True,2,1.476801248327255
186077,186077,0.378830692377602,11840,1,True,2,2.170439715505904
186222,186222,0.325243500040476,11841,1,True,2,1.3934422758877534
186270,186270,0.642377381931925,11842,1,True,3,1.6126611653191631
186297,186297,0.532328263401202,11843,0,False,1,0.9573251823677686
186298,186298,0.531824363870694,11844,0,False,1,0.9565845469159695
186299,186299,0.531747571263382,11845,0,False,1,0.9567390750507488
186300,186300,0.531308359748175,11846,0,False,1,0.9589780357977606
186303,186303,0.508357930596718,11847,0,False,1,0.8698801098696489
186304,186304,0.508157585643825,11848,0,False,1,0.8710052443257884
186305,186305,0.501932011052178,11849,0,False,1,0.8636924637417596
186306,186306,0.499612243791363,11850,0,False,1,0.875157533517184
186443,186443,0.56882021245538,11851,0,False,2,1.6086412454308114
186444,186444,0.532838749498788,11852,0,False,2,1.58031925606655
186453,186453,0.392401477123853,11853,0,False,2,2.4756669121084753
186454,186454,0.402618942607315,11854,0,False,2,2.2988275649321075
186455,186455,0.407652199662308,11855,0,False,2,2.2895871514097963
186479,186479,0.270173933836047,11856,3,True,1,1.040522724267096
186731,186731,0.250823382310843,11857,3,True,1,0.9999880153555748
186784,186784,0.928403446113729,11858,0,False,3,1.2691198388141756
186785,186785,0.924745024175177,11859,0,False,3,1.2624343073545774
186786,186786,0.927040863213828,11860,0,False,3,1.2666249289382416
186787,186787,0.921379430723569,11861,0,False,3,1.265956554028937
186788,186788,0.937964862067525,11862,0,False,3,1.270602815381564
186789,186789,0.931101463842215,11863,0,False,3,1.281860528053207
186868,186868,0.377824440819496,11864,1,True,1,1.36119568476489
186869,186869,0.520999476054259,11865,1,True,2,3.7250312980647333
187033,187033,0.360631927381833,11866,0,False,1,1.3715108673692857
187036,187036,0.366226878208194,11867,0,False,1,1.3548902355851826
187037,187037,0.366362347460273,11868,0,False,1,1.3546900503574681
187140,187140,0.583333333333333,11869,3,True,3,2.964561309375576
187141,187141,0.583333333333333,11870,3,True,3,2.9670328001971074
187142,187142,0.583333333333333,11871,3,True,3,2.9690857267979522
187143,187143,0.583333333333333,11872,3,True,3,2.9714516708626033
187144,187144,0.583333333333333,11873,3,True,3,2.972946816270735
187145,187145,0.583333333333333,11874,3,True,3,2.972588793225403
187146,187146,0.583333333333333,11875,3,True,3,2.9705070094557184
187147,187147,0.583333333333333,11876,3,True,3,2.967629889923047
187210,187210,0.320785138430061,11877,0,False,1,1.0032752591383913
187211,187211,0.382696292871055,11878,0,False,1,0.5954292936797754
187212,187212,0.438047107454276,11879,0,False,1,2.7083171104463575
187255,187255,0.910270464902243,11880,0,False,3,1.4751478309907233
187256,187256,0.41544207347761,11881,2,True,3,4.039913063489347
187463,187463,0.250472747587251,11882,4,True,1,2.108863910919067
187528,187528,0.493154545325493,11883,0,False,2,1.4396554400336938
187529,187529,0.49460293328294,11884,0,False,2,1.4385867463078257
187530,187530,0.499499344450439,11885,0,False,2,1.4346488633393364
187565,187565,0.473496752677176,11886,0,False,1,0.8508021764410201
187566,187566,0.473394816675145,11887,0,False,1,0.851676373897201
187567,187567,0.47568116614844,11888,0,False,1,0.8603188363929606
187568,187568,0.468003651287824,11889,0,False,1,0.8595223650427231
187569,187569,0.461195366237944,11890,0,False,1,0.8546079226580994
187570,187570,0.460988107113261,11891,0,False,1,0.8571205762717444
187596,187596,0.355155382752847,11892,1,True,2,1.0196414492783383
187597,187597,0.354373168962251,11893,1,True,2,1.0183472083706064
187598,187598,0.353918228849705,11894,1,True,2,1.0177127716065426
187599,187599,0.354160153926475,11895,1,True,2,1.0154700137521901
187600,187600,0.355948939862227,11896,1,True,2,1.0098422759432715
187836,187836,0.499195455317074,11897,0,False,2,1.286032310616213
187837,187837,0.50541134949123,11898,0,False,2,1.1820870300127095
187838,187838,0.598706626412054,11899,0,False,2,1.9980624282164596
187839,187839,0.930073920140855,11900,0,False,3,1.4753365686172122
187840,187840,0.91930689373784,11901,0,False,3,1.477248822013593
187841,187841,0.91930689373784,11902,0,False,3,1.4784232928890915
187842,187842,0.918298516500565,11903,0,False,3,1.4794379984793415
187843,187843,0.668298516500565,11904,1,True,3,3.92688085292436
187851,187851,0.54240108794493,11905,0,False,2,2.734426582917771
187852,187852,0.552634260234691,11906,0,False,2,2.8000004086248587
187853,187853,0.552531260922914,11907,0,False,2,2.6611179996466934
188007,188007,0.341237270527017,11908,0,False,2,1.2245249326290821
188040,188040,0.250472747587251,11909,4,True,1,2.108863910919067
188041,188041,0.345973156869469,11910,3,True,1,1.0617829363978042
188042,188042,0.352603811207119,11911,3,True,1,1.058410231848025
188043,188043,0.352768959765938,11912,3,True,1,1.0573856715141747
188044,188044,0.352904155113697,11913,3,True,1,1.056968721847673
188048,188048,0.47122389066481,11914,0,False,1,0.8876024175154373
188049,188049,0.473249199927128,11915,0,False,1,0.8895533987775917
188055,188055,0.620909285999299,11916,2,True,1,1.151013982778489
188056,188056,0.620380450843876,11917,2,True,1,1.152730094648864
188057,188057,0.620016332772467,11918,2,True,1,1.1537505406436532
188058,188058,0.618521207041987,11919,2,True,1,1.1515805091799525
188059,188059,0.61829718460475,11920,2,True,1,1.1518769510807454
188060,188060,0.61819136089936,11921,2,True,1,1.1523209398413017
188061,188061,0.617779754915621,11922,2,True,1,1.1542753416086813
188062,188062,0.615708904158585,11923,2,True,1,1.1440275332014602
188063,188063,0.61515282297525,11924,2,True,1,1.1441803180096166
188064,188064,0.614995242569152,11925,2,True,1,1.144749806431671
188065,188065,0.614495666623811,11926,2,True,1,1.1474815276827222
188066,188066,0.614317687708226,11927,2,True,1,1.1478178896911375
188067,188067,0.611698490327787,11928,2,True,1,1.134404861171122
188068,188068,0.611526582137433,11929,2,True,1,1.1358842903338868
188069,188069,0.616137618391075,11930,2,True,1,1.1557837619412452
188070,188070,0.612687146304769,11931,2,True,1,1.1409930721990549
188071,188071,0.612413168367281,11932,2,True,1,1.1421642461592538
188072,188072,0.466430760591835,11933,3,True,1,2.2067671584670125
188089,188089,0.266996493264497,11934,0,False,1,1.071617068253713
188090,188090,0.252588404844038,11935,0,False,1,0.9166085999883836
188097,188097,0.34493037324464,11936,0,False,1,0.5114058326652783
188098,188098,0.350418571332988,11937,0,False,1,0.4709032208959896
188099,188099,0.35206442045322,11938,0,False,1,0.4366211576023531
188100,188100,0.351899944945804,11939,0,False,1,0.42714320821171026
188101,188101,0.355989011637996,11940,0,False,1,0.40439543895163044
188102,188102,0.356306106289969,11941,0,False,1,0.40333312353813544
188103,188103,0.357188635718288,11942,0,False,1,0.403592700439537
188104,188104,0.357618398169946,11943,0,False,1,0.4042829983299801
188105,188105,0.355043587534856,11944,0,False,1,0.41060287393706063
188106,188106,0.355516462914447,11945,0,False,1,0.4162702589787685
188116,188116,0.277182900592999,11946,1,True,1,1.1627817681408423
188117,188117,0.264275742507466,11947,1,True,1,1.1946278547689297
188118,188118,0.25814875392916,11948,1,True,1,1.1957378446690632
188440,188440,0.288538760348142,11949,3,True,1,0.7857545661014326
188441,188441,0.287712749486985,11950,3,True,1,0.7846643948742807
188442,188442,0.259405872303119,11951,3,True,1,0.769425015460382
188529,188529,0.304530698529249,11952,3,True,1,2.1004145603471702
188530,188530,0.398101171908444,11953,2,True,1,1.0688345259959395
188531,188531,0.434634961378745,11954,2,True,1,0.8720333485024814
188532,188532,0.498390229921361,11955,2,True,1,0.8664806804860461
188546,188546,0.332504151849687,11956,3,True,1,2.092030575539835
188547,188547,0.385420992216724,11957,2,True,1,1.117663599865325
188548,188548,0.385595800533559,11958,2,True,1,1.111336348722326
188567,188567,0.393033207293663,11959,1,True,1,0.9597465421244624
188568,188568,0.391952347227315,11960,1,True,1,0.9564295325341223
188569,188569,0.391559621092198,11961,1,True,1,0.9549878783892761
188570,188570,0.390658049271092,11962,1,True,1,0.9503947350183927
188571,188571,0.38960405215614,11963,1,True,1,0.9463069887559693
188688,188688,0.417952961001001,11964,2,True,1,0.9275937973006254
188689,188689,0.418109656753172,11965,2,True,1,0.9292106423124873
188690,188690,0.420360891645248,11966,2,True,1,0.9241053569155488
188691,188691,0.420401187397364,11967,2,True,1,0.9251745897248422
188692,188692,0.413739424593219,11968,2,True,1,0.9483417954921592
188693,188693,0.413665253297928,11969,2,True,1,0.9496173738131183
188694,188694,0.413655988700623,11970,2,True,1,0.9516612226888932
188699,188699,0.935230525147692,11971,0,False,3,1.3894645001050887
188700,188700,0.93587325430626,11972,0,False,3,1.3894281358960194
188706,188706,0.579875183449779,11973,2,True,2,1.6159477949225618
188769,188769,0.266701764966472,11974,3,True,1,1.058045684086673
188787,188787,0.305540594615001,11975,1,True,1,0.9645442182315439
188788,188788,0.310173422186268,11976,1,True,1,0.96731267746372
188789,188789,0.3097937940275,11977,1,True,1,0.9687007793649078
188790,188790,0.309340174488064,11978,1,True,1,0.9706126338433619
188791,188791,0.299041655778187,11979,1,True,1,0.9806327816132764
188793,188793,0.307150497092114,11980,1,True,1,0.9609501830388834
188795,188795,0.314135583481451,11981,1,True,1,0.9772137350838637
189114,189114,0.375523421522221,11982,3,True,1,1.2608057968958193
189115,189115,0.253859934985075,11983,4,True,1,2.1112561903554736
189533,189533,0.315956504203136,11984,0,False,1,0.6474816977662997
189568,189568,0.335877038853937,11985,0,False,1,1.117139360368752
189569,189569,0.335890582442638,11986,0,False,1,1.1140141837510897
189574,189574,0.383367457958068,11987,1,True,2,2.1200596575763497
189741,189741,0.424781746026365,11988,3,True,1,2.1225207838123223
189742,189742,0.579082696843061,11989,2,True,1,0.9728801827487321
189743,189743,0.57637867695213,11990,2,True,1,0.9633604245944686
189744,189744,0.580755920086803,11991,2,True,1,0.9701294454618833
189745,189745,0.581700575550405,11992,2,True,1,0.9666199741385589
189746,189746,0.666610892437795,11993,2,True,2,1.569217448072248
189747,189747,0.678406624914069,11994,2,True,2,1.5948066970267853
189748,189748,0.678382249135537,11995,2,True,2,1.5885235201905237
189749,189749,0.3384103826082,11996,2,True,1,1.0563949189930821
189751,189751,0.361611499992347,11997,3,True,1,2.1059751188902585
189765,189765,0.564330318268731,11998,0,False,2,1.1710195529787863
189766,189766,0.568351198085818,11999,0,False,2,1.171953852123715
189767,189767,0.571544661487678,12000,0,False,2,1.1634422824145223
189768,189768,0.573517545285781,12001,0,False,2,1.1454958864014133
189769,189769,0.559603452250797,12002,0,False,2,1.1728229119695408
189791,189791,0.508336158879895,12003,2,True,3,4.039913063489347
189792,189792,0.75866139709574,12004,1,True,3,1.7532255420213925
189793,189793,0.766640561808752,12005,1,True,3,1.698598788995534
189794,189794,0.441110910993372,12006,0,False,1,1.2400407619087872
189795,189795,0.499510807589504,12007,0,False,1,0.8168973747394555
189815,189815,0.62300371177965,12008,1,True,3,1.6021595900833816
189816,189816,0.659763706027528,12009,1,True,3,1.5977040068669381
189841,189841,0.388828960872174,12010,1,True,1,2.0859646101757363
189902,189902,0.416666666666667,12011,4,True,2,2.959603964419295
189997,189997,0.539730096934122,12012,0,False,1,2.2442593069310908
189998,189998,0.539661211547777,12013,0,False,1,2.2543001709253554
189999,189999,0.544406779755676,12014,0,False,1,2.258419363992124
190005,190005,0.363132190158548,12015,1,True,1,1.1421949531902984
190006,190006,0.352475736457584,12016,1,True,1,1.134659131231756
190007,190007,0.350995905143822,12017,1,True,1,1.1334319167204885
190024,190024,0.382500245807267,12018,2,True,1,2.0828034488597895
190025,190025,0.497478262777858,12019,1,True,1,0.908421936288214
190132,190132,0.395688723784464,12020,0,False,1,0.6238254424981822
190133,190133,0.400028488805844,12021,0,False,1,0.708309847634495
190134,190134,0.628121650659551,12022,0,False,2,1.7266601281359202
190135,190135,0.494722313779774,12023,0,False,1,1.4181457143838145
190136,190136,0.61829257540799,12024,0,False,2,1.7536743471184015
190137,190137,0.613096728991772,12025,0,False,2,1.8320087954686315
190138,190138,0.612365011324136,12026,0,False,2,1.6508222390176381
190142,190142,0.484642662506682,12027,0,False,2,1.4319560040768111
190143,190143,0.522077361099257,12028,0,False,2,1.2936864556749237
190233,190233,0.811555261661713,12029,1,True,3,2.038501915222678
190234,190234,0.811178647657471,12030,1,True,3,2.059847056592597
190235,190235,0.81102586723962,12031,1,True,3,2.075529283450755
190236,190236,0.762530135470605,12032,1,True,3,2.086787980293401
190257,190257,0.261905826822639,12033,0,False,2,1.49920024722173
190258,190258,0.488502712898142,12034,1,True,2,1.838757379513096
190259,190259,0.491311171690755,12035,1,True,2,1.8483405522599288
190260,190260,0.487044372446108,12036,1,True,2,1.8596484016951094
190261,190261,0.484165727498132,12037,1,True,2,1.868727460785221
190262,190262,0.481805349645512,12038,1,True,2,1.8799629437327303
190263,190263,0.478029947471305,12039,1,True,2,1.8920068422110878
190264,190264,0.34975850919525,12040,1,True,1,0.8985474373919199
190313,190313,0.444847707151385,12041,0,False,2,1.2580862482049935
190314,190314,0.442020414025196,12042,0,False,2,1.2007310962878257
190451,190451,0.365722460267976,12043,2,True,1,1.1594355833480365
190452,190452,0.347178172141654,12044,2,True,1,1.2268103905005305
190453,190453,0.348781381311585,12045,2,True,1,1.2208858894415593
190454,190454,0.348708907064919,12046,2,True,1,1.2217777281829338
190466,190466,0.361287095010131,12047,3,True,1,1.0156185779470075
190470,190470,0.261361443472924,12048,0,False,2,1.5033431183443424
190490,190490,0.403905521398755,12049,0,False,1,0.6497958639692172
190491,190491,0.30050539554484,12050,0,False,1,0.8614255714723045
190492,190492,0.297016316156814,12051,0,False,1,0.8557827431016136
190493,190493,0.313289284214452,12052,0,False,1,0.9433333514793409
190494,190494,0.409193023179293,12053,0,False,1,0.6706791557167336
190495,190495,0.411177054177985,12054,0,False,1,0.7122856170259872
190496,190496,0.409977563480627,12055,0,False,1,0.7201946861678955
190511,190511,0.343720138262768,12056,0,False,2,3.522095515661478
190512,190512,0.354860307278559,12057,0,False,2,3.5197943430477325
190513,190513,0.378672269228677,12058,0,False,2,3.479427438370252
190514,190514,0.387477948687235,12059,0,False,2,3.5750638885275667
190521,190521,0.271063795686168,12060,1,True,1,1.226993509686858
190757,190757,0.495209099817402,12061,1,True,1,0.8737075734531932
190758,190758,0.494932936103154,12062,1,True,1,0.8759163072544202
190759,190759,0.494734974251243,12063,1,True,1,0.8773678695702061
190814,190814,0.317242942395958,12064,3,True,1,1.2415832431813856
190815,190815,0.308850943255121,12065,3,True,1,1.2620319945741738
190816,190816,0.308290008426141,12066,3,True,1,1.2594193442826798
190817,190817,0.308028781702813,12067,3,True,1,1.2586623184832344
190818,190818,0.307400951563689,12068,3,True,1,1.2574346384732489
190820,190820,0.264056069340191,12069,3,True,1,1.4891012639713113
190821,190821,0.263935555354025,12070,3,True,1,1.493660037912726
190822,190822,0.271740671342252,12071,3,True,1,1.576819837870248
190823,190823,0.274695868135879,12072,3,True,1,1.5881245055086157
190824,190824,0.253202486718705,12073,3,True,1,1.3635212478374936
190841,190841,0.25419127615655,12074,0,False,2,2.553977898843545
191158,191158,0.387651769790838,12075,0,False,1,0.7470994164747597
191210,191210,0.930525844288315,12076,0,False,3,1.322833330380533
191211,191211,0.942872693978711,12077,0,False,3,1.465757829011348
191212,191212,0.691706596771441,12078,1,True,3,3.92688085292436
191227,191227,0.654107153338709,12079,0,False,2,2.0959627158855962
191228,191228,0.655306412436676,12080,0,False,2,1.8572172519942884
191229,191229,0.67457103437848,12081,0,False,2,1.8660719827792775
191246,191246,0.52212808821178,12082,0,False,1,0.9088375453420435
191247,191247,0.516728590129637,12083,0,False,1,0.9007038650785977
191248,191248,0.516584379249805,12084,0,False,1,0.9011670820507341
191249,191249,0.516263525252241,12085,0,False,1,0.9021305387993391
191255,191255,0.465466418095467,12086,0,False,1,1.020576516172615
191256,191256,0.493154775744903,12087,0,False,1,0.9824002005115685
191257,191257,0.493421765080159,12088,0,False,1,0.9820276731968184
191258,191258,0.493697376389435,12089,0,False,1,0.9815606024940731
191259,191259,0.494201300618761,12090,0,False,1,0.9817308108225284
191260,191260,0.508583316579181,12091,0,False,1,0.9913274176557273
191261,191261,0.508971105233976,12092,0,False,1,0.9912336756138181
191262,191262,0.510584444223125,12093,0,False,1,0.990120088152069
191337,191337,0.948340377190144,12094,0,False,3,1.3291315203667078
191423,191423,0.312721404978439,12095,0,False,1,2.031164896275693
191463,191463,0.44873987052632,12096,0,False,2,1.6344052829118698
191464,191464,0.446550442840417,12097,0,False,2,1.6456627212685702
191465,191465,0.455476351165707,12098,0,False,2,1.6533400383616388
191466,191466,0.446996861543041,12099,0,False,2,1.680186773368373
191467,191467,0.447641872434957,12100,0,False,2,1.6811409479844397
191615,191615,0.283822104128939,12101,1,True,1,1.0233647333241471
191637,191637,0.764065795153649,12102,1,True,3,2.0688987305480504
191641,191641,0.576387300017276,12103,0,False,2,1.8786800667209307
191642,191642,0.573767948546691,12104,0,False,2,1.8926386707543306
191672,191672,0.30587024242223,12105,1,True,2,1.4437977820734231
191673,191673,0.324931377292108,12106,1,True,2,1.4642512950285955
191674,191674,0.348015706349784,12107,1,True,2,1.468780313497859
191676,191676,0.382427069670726,12108,1,True,1,1.5317308620162489
191677,191677,0.460183115682873,12109,1,True,2,1.436151659293147
191678,191678,0.699726513564952,12110,1,True,3,1.7508903635724569
191679,191679,0.700618200981118,12111,1,True,3,1.7491915722298372
191680,191680,0.700246843853217,12112,1,True,3,1.7457468343656046
191681,191681,0.700246843853217,12113,1,True,3,1.7445058007749372
191682,191682,0.700246843853217,12114,1,True,3,1.7438330494242256
191683,191683,0.700246843853217,12115,1,True,3,1.7430659758043365
191859,191859,0.325925147058888,12116,0,False,2,1.3718105513794667
191860,191860,0.293907151074772,12117,0,False,2,1.3245856431367047
191861,191861,0.509106581789653,12118,0,False,2,1.3991585349294613
191862,191862,0.508064783429991,12119,0,False,2,1.6102456709080402
191863,191863,0.391642233427429,12120,0,False,2,1.3558806317665604
191864,191864,0.364158077883046,12121,0,False,2,1.1517016560331408
191865,191865,0.30044875958356,12122,0,False,2,1.3476041580673999
191866,191866,0.308082198780184,12123,0,False,2,1.310650330479689
191867,191867,0.315683216002802,12124,0,False,2,1.2732380295808736
191868,191868,0.315776411254722,12125,0,False,2,1.335291371823628
191869,191869,0.275505574441174,12126,0,False,2,1.5235654390838749
191870,191870,0.320731360969754,12127,0,False,2,1.4831893259089723
191871,191871,0.328150257480118,12128,0,False,2,1.5155527265669524
191910,191910,0.913616087685201,12129,0,False,3,1.2924605373312763
192025,192025,0.289991636027056,12130,0,False,1,0.8556795147460284
192026,192026,0.412822854623798,12131,0,False,2,1.8326913810551517
192027,192027,0.412480462400916,12132,0,False,2,1.8393919612976708
192028,192028,0.41146351886856,12133,0,False,2,1.839587235291826
192029,192029,0.410393163051564,12134,0,False,2,1.8400517418544124
192030,192030,0.410071567729527,12135,0,False,2,1.8421529207177698
192031,192031,0.403295413047678,12136,0,False,2,1.835480367952771
192091,192091,0.737201561189291,12137,0,False,2,1.3271709304517036
192092,192092,0.737597514395248,12138,0,False,2,1.367819138718512
192093,192093,0.737608680958891,12139,0,False,2,1.3680949685652846
192094,192094,0.738675261464638,12140,0,False,2,1.370315057798651
192095,192095,0.738693214302796,12141,0,False,2,1.3706367989624029
192096,192096,0.742476890307889,12142,0,False,2,1.4389974712876437
192097,192097,0.736945055987107,12143,0,False,2,1.386471147411269
192147,192147,0.441380043191924,12144,0,False,1,1.3216150796707051
192148,192148,0.487711585450569,12145,0,False,2,1.6500855675145907
192149,192149,0.475277048794135,12146,0,False,2,1.6491895444819245
192179,192179,0.485182852803107,12147,1,True,2,1.4398389411665307
192213,192213,0.347310576571003,12148,2,True,1,1.1303450244254256
192214,192214,0.290204684918485,12149,3,True,1,2.1434386659310687
192218,192218,0.433369201616985,12150,3,True,2,1.5322162889315325
192219,192219,0.299842135728487,12151,3,True,1,2.0174467607757984
192220,192220,0.42997709192106,12152,3,True,1,1.1253050584559205
192221,192221,0.691198128131757,12153,2,True,2,1.6469548194442494
192222,192222,0.709474651917681,12154,2,True,2,1.6731968513445785
192223,192223,0.583333333333333,12155,3,True,3,2.954562932637335
192224,192224,0.583333333333333,12156,3,True,3,2.955596973044131
192225,192225,0.583333333333333,12157,3,True,3,2.9574031916692065
192226,192226,0.583333333333333,12158,3,True,3,2.9601027806072278
192227,192227,0.583333333333333,12159,3,True,3,2.962301141978088
192228,192228,0.583333333333333,12160,3,True,3,2.9689195612002277
192229,192229,0.583333333333333,12161,3,True,3,2.97095959649291
192230,192230,0.333333333333333,12162,4,True,1,3.901803392274079
192231,192231,0.393197026702037,12163,2,True,1,1.1040294636051584
192232,192232,0.393227693560467,12164,2,True,1,1.1035319423782615
192233,192233,0.39330393867276,12165,2,True,1,1.1028316740991608
192234,192234,0.390532441496862,12166,2,True,1,1.103165680719784
192235,192235,0.388210847329042,12167,2,True,1,1.1169324603367765
192236,192236,0.388249617882961,12168,2,True,1,1.1165948684756055
192257,192257,0.918897451435837,12169,0,False,3,1.258658938672732
192258,192258,0.909678935364856,12170,0,False,3,1.2738059784768856
192259,192259,0.910014255563854,12171,0,False,3,1.265989960045847
192697,192697,0.363906822101036,12172,2,True,1,1.2661559464796877
192698,192698,0.368822872871457,12173,2,True,1,1.2507755241153016
192699,192699,0.369382298764325,12174,2,True,1,1.2554528210271498
192711,192711,0.267687232543893,12175,2,True,1,1.78584417004046
192712,192712,0.26804360583444,12176,2,True,1,1.7831573036524617
192713,192713,0.268443536904368,12177,2,True,1,1.7808992704704536
192714,192714,0.264642893837939,12178,2,True,1,1.7918545230029816
192717,192717,0.341130244735348,12179,3,True,1,1.0390537299011968
192718,192718,0.349239970573419,12180,3,True,1,1.0606517471141037
192719,192719,0.342830569990397,12181,3,True,1,1.0514369265126149
192720,192720,0.342557273116083,12182,3,True,1,1.0524350805951836
192721,192721,0.25054747514992,12183,4,True,1,2.1089114404431766
192723,192723,0.27204369160066,12184,3,True,1,2.1586270902511235
192728,192728,0.40020328012976,12185,3,True,1,1.3443491841873842
192729,192729,0.409281285246567,12186,3,True,1,1.4006636611345693
192737,192737,0.253859934985075,12187,4,True,1,2.1112561903554736
192742,192742,0.443552016967021,12188,0,False,2,2.1059114658783735
192743,192743,0.935380017551539,12189,0,False,3,1.2289434290763745
193118,193118,0.526289799305348,12190,1,True,2,1.6541243077411114
193119,193119,0.527191720487816,12191,1,True,2,1.6561471249601258
193120,193120,0.531330380560193,12192,1,True,2,1.716284459658332
193121,193121,0.532097909732881,12193,1,True,2,1.719659601484519
193269,193269,0.351295658302683,12194,0,False,1,1.5087803801644872
193270,193270,0.374720227454166,12195,0,False,1,1.4736582333576198
193271,193271,0.376737366241634,12196,0,False,1,1.4774029589620292
193480,193480,0.321857428181783,12197,0,False,2,1.5439760698355762
193481,193481,0.305472940757651,12198,0,False,1,1.414334925966976
193482,193482,0.25677455856551,12199,0,False,1,1.0933607499820308
193493,193493,0.42967942322578,12200,0,False,2,1.3319312025729975
193494,193494,0.430984092067294,12201,0,False,2,1.3067586891736147
193495,193495,0.463663585311333,12202,0,False,2,0.7986845528188684
193496,193496,0.481499900393672,12203,0,False,2,1.0551596051267829
193497,193497,0.51534698895438,12204,0,False,2,1.4785821472554523
193499,193499,0.940319607295734,12205,0,False,3,1.240249149597414
193500,193500,0.940319607295734,12206,0,False,3,1.4255710576819087
193501,193501,0.940319607295734,12207,0,False,3,1.436663585658065
193502,193502,0.93516289125571,12208,0,False,2,3.462740021297616
193503,193503,0.919880210351615,12209,0,False,2,3.4599326876872056
193504,193504,0.908563453855144,12210,0,False,2,3.4364402028739947
193505,193505,0.658214167241856,12211,1,True,1,4.181324373408928
193506,193506,0.92508685891819,12212,0,False,3,1.3326572690270786
193507,193507,0.92078042234897,12213,0,False,3,1.362942621548643
193508,193508,0.936037319455506,12214,0,False,3,1.3216662767275156
193547,193547,0.250554346308763,12215,0,False,1,1.1698983124045486
193548,193548,0.2519295805599,12216,0,False,1,1.1798858731762618
193549,193549,0.255094356502948,12217,0,False,1,1.2360228374069513
193550,193550,0.257208458292392,12218,0,False,1,1.275374384495558
193551,193551,0.26006440348309,12219,0,False,1,1.3351248438264998
193552,193552,0.256837312610788,12220,0,False,1,1.3130829077830912
193579,193579,0.427605180877813,12221,1,True,2,1.4119141360853626
193580,193580,0.274831998253189,12222,2,True,2,1.550841130178894
193735,193735,0.725830038533337,12223,0,False,2,2.3411497251901086
193736,193736,0.719272112215468,12224,0,False,2,2.3311974278721004
193737,193737,0.688332179775211,12225,0,False,2,1.7906366912139673
193738,193738,0.68642262020426,12226,0,False,2,1.7927847069049052
193739,193739,0.68487080458671,12227,0,False,2,1.8709466797422385
193740,193740,0.656273837332385,12228,0,False,2,1.4142541000839375
193741,193741,0.671410950189341,12229,0,False,2,1.9503219289630047
193742,193742,0.647437542438181,12230,0,False,2,1.8583762921581484
193743,193743,0.657240082962346,12231,0,False,2,2.096590447694462
193846,193846,0.506061691252369,12232,2,True,1,1.0417503028272563
193847,193847,0.506506741913239,12233,2,True,1,1.0327927369645047
193848,193848,0.571707329858377,12234,2,True,2,1.339008141225989
193849,193849,0.572111608604638,12235,2,True,2,1.3421224530603313
193850,193850,0.571959462080209,12236,2,True,2,1.3462572133988666
194113,194113,0.320955779145615,12237,2,True,1,1.4407760733150805
194114,194114,0.320522149498561,12238,2,True,1,1.43337414894277
194115,194115,0.320487526106691,12239,2,True,1,1.434088869234844
194117,194117,0.279066420799862,12240,2,True,1,1.2466985332271368
194118,194118,0.32185493866753,12241,2,True,1,1.437502300363283
194119,194119,0.321009212697095,12242,2,True,1,1.4410155086634449
194418,194418,0.310644138340939,12243,0,False,1,0.9468924049854197
194419,194419,0.305617238558838,12244,0,False,1,0.9483868318471111
194421,194421,0.347787370471427,12245,0,False,2,0.9960568570788868
194422,194422,0.344196555989706,12246,0,False,2,0.9512824340064447
194431,194431,0.292671193847391,12247,0,False,1,1.0017780006895567
194432,194432,0.29725278374241,12248,0,False,1,0.9910281416770891
194433,194433,0.291377972606941,12249,0,False,1,1.0067507820690489
194455,194455,0.327957809688069,12250,0,False,2,1.6055918566774159
194456,194456,0.264229025071445,12251,0,False,2,1.6481820514432834
194463,194463,0.378482799851495,12252,0,False,2,2.122218395802281
194464,194464,0.375507339606726,12253,0,False,2,1.998240772436019
194468,194468,0.546272454286201,12254,0,False,2,3.753836857099296
194470,194470,0.634907869805871,12255,0,False,2,1.7682030293974051
194768,194768,0.362904979103605,12256,0,False,1,1.3174770912796603
195079,195079,0.323988487670477,12257,1,True,2,1.434021945053237
195080,195080,0.56687450442766,12258,0,False,2,1.5122762960648162
195081,195081,0.588421948129217,12259,0,False,2,1.7428269596234938
195082,195082,0.589370320835438,12260,0,False,2,1.7663151653139681
195088,195088,0.315616507814577,12261,0,False,1,1.1799749379148354
195089,195089,0.339604436186148,12262,0,False,2,1.1463585744796037
195090,195090,0.334986200125976,12263,0,False,2,1.2636496576366056
195091,195091,0.33419065688258,12264,0,False,2,1.2707939742859156
195205,195205,0.399769939809892,12265,0,False,2,3.2549687742547047
195304,195304,0.314232969819596,12266,0,False,1,1.3929565859243067
195321,195321,0.301450500654665,12267,0,False,2,1.0619258981541668
195322,195322,0.307341450003271,12268,0,False,2,1.0321030982876638
195323,195323,0.316637597960914,12269,0,False,2,1.0320310893696487
195324,195324,0.318055639171614,12270,0,False,2,1.047865739915013
195325,195325,0.775444671672247,12271,1,True,3,1.5538632977233422
195343,195343,0.26363195518126,12272,1,True,2,1.5808342220088758
195344,195344,0.274813193818916,12273,1,True,1,1.2127170610687843
195345,195345,0.269717389664285,12274,1,True,1,1.2206047907740971
195346,195346,0.267436527194725,12275,1,True,1,1.2296551516641954
195350,195350,0.313109266840707,12276,1,True,2,1.3954404996345662
195351,195351,0.318494429596687,12277,1,True,2,1.3179477712977787
195352,195352,0.316793651318162,12278,1,True,2,1.311201968606983
195353,195353,0.317507673926334,12279,1,True,2,1.2968101881210408
195477,195477,0.930124004986842,12280,0,False,3,1.24295367379379
195478,195478,0.908763362045927,12281,0,False,3,1.2379286974633517
195479,195479,0.888175296974843,12282,0,False,3,1.2361929422416351
195480,195480,0.918806325127479,12283,0,False,3,1.2318223638734744
195481,195481,0.922774845637681,12284,0,False,3,1.2306031080330588
195482,195482,0.928403446113729,12285,0,False,3,1.2292729108329368
195487,195487,0.931340223716203,12286,0,False,3,1.408588067350866
195488,195488,0.928403446113729,12287,0,False,3,1.3935302363052389
195489,195489,0.93238630889723,12288,0,False,3,1.3811538571082227
195490,195490,0.926936173643597,12289,0,False,3,1.3689527879296117
195491,195491,0.922960775391669,12290,0,False,3,1.3619509925325894
195492,195492,0.926049537831292,12291,0,False,3,1.3551054757803496
195493,195493,0.919234542029418,12292,0,False,3,1.3412089583548323
195494,195494,0.932557437083328,12293,0,False,3,1.3505913922742185
195495,195495,0.933837943028465,12294,0,False,3,1.3357220571821062
195517,195517,0.395175799103322,12295,2,True,1,0.9766065366335991
195518,195518,0.394994288249816,12296,2,True,1,0.9790370760586092
195841,195841,0.780396284235003,12297,1,True,3,1.594962517579899
196093,196093,0.654296178213382,12298,0,False,2,2.0427115825912816
196094,196094,0.651886937595272,12299,0,False,2,1.9978757535181848
196095,196095,0.64751789060399,12300,0,False,2,1.763758811804969
196135,196135,0.310327765146443,12301,3,True,1,1.1555386369778171
196136,196136,0.309965544626014,12302,3,True,1,1.1540698660823712
196137,196137,0.309711115715073,12303,3,True,1,1.1534491435218983
196138,196138,0.309299748301885,12304,3,True,1,1.1524202485235588
196139,196139,0.307500442075782,12305,3,True,1,1.1501443419821602
196148,196148,0.394332538788017,12306,3,True,1,1.1841128415262974
196149,196149,0.266001979733035,12307,4,True,1,2.1238055347666114
196150,196150,0.370975243128366,12308,2,True,1,1.1707500081647177
196151,196151,0.369421914630009,12309,2,True,1,1.1719796886920024
196264,196264,0.576736314506968,12310,3,True,2,1.6833349753281532
196265,196265,0.57668661509038,12311,3,True,2,1.6861795509224926
196266,196266,0.331111111111111,12312,4,True,1,2.2959278218290526
196356,196356,0.338598797743059,12313,2,True,2,1.5373529700781032
196449,196449,0.787167685684371,12314,0,False,3,1.78944067460676
196450,196450,0.787167685684371,12315,0,False,3,1.783310283588713
196451,196451,0.787167685684371,12316,0,False,3,1.772633277892521
196452,196452,0.787167685684371,12317,0,False,3,1.7699521418905546
196453,196453,0.787167685684371,12318,0,False,3,1.7627262895913876
196454,196454,0.787167685684371,12319,0,False,3,1.7598565488448141
196455,196455,0.787167685684371,12320,0,False,3,1.7388974602774514
196481,196481,0.594572644906959,12321,0,False,2,1.5987853150850801
196482,196482,0.626259594075788,12322,0,False,2,1.6233826482073919
196493,196493,0.516432926788139,12323,0,False,2,1.2709474838513088
196500,196500,0.544348787842673,12324,1,True,2,1.6212726024683493
196501,196501,0.774352053778924,12325,1,True,3,1.5699579444013325
196614,196614,0.624928217175777,12326,0,False,2,1.7100698952697906
196615,196615,0.61495457168997,12327,0,False,2,1.573972952025264
196616,196616,0.631386176201912,12328,0,False,2,1.5406668027591925
196617,196617,0.618735497579478,12329,0,False,2,1.5116858116217817
196683,196683,0.421095085693875,12330,3,True,3,2.6689504566469213
196684,196684,0.764673143454867,12331,1,True,3,1.9605227236183123
196685,196685,0.764673143454867,12332,1,True,3,1.9790370372834192
196686,196686,0.5980064767882,12333,2,True,3,2.1978771290361014
196687,196687,0.5980064767882,12334,2,True,3,2.201682427723041
196688,196688,0.5980064767882,12335,2,True,3,2.2106799574824407
196689,196689,0.5980064767882,12336,2,True,3,2.2137492220324915
196690,196690,0.5980064767882,12337,2,True,3,2.2160354869370913
196691,196691,0.596705259987894,12338,2,True,3,2.247016796382009
196692,196692,0.404204965387936,12339,1,True,2,1.9976131059903708
196693,196693,0.353681083410606,12340,1,True,1,2.230726240761549
196694,196694,0.424920503512927,12341,1,True,2,1.7741236217605023
196695,196695,0.4210483425198,12342,1,True,2,1.7840125343812117
196696,196696,0.414852427714752,12343,1,True,2,1.7901490337807386
196788,196788,0.499082833163742,12344,0,False,2,1.2548312733911422
196998,196998,0.272892428713196,12345,1,True,1,0.9682691867947315
196999,196999,0.281174838601705,12346,1,True,1,0.9652790495623017
197000,197000,0.283456434122566,12347,1,True,1,0.9651753846036998
197028,197028,0.297906715943557,12348,0,False,2,2.7619918902117955
197029,197029,0.284855713008133,12349,0,False,2,4.457436099933671
197030,197030,0.332908860303855,12350,0,False,2,4.589791912900492
197059,197059,0.505838361579634,12351,0,False,1,0.9226464479201011
197060,197060,0.512393125030158,12352,0,False,1,0.9312090457932289
197061,197061,0.510780565672001,12353,0,False,1,0.9339145284928954
197062,197062,0.510396947153125,12354,0,False,1,0.9358654488018674
197063,197063,0.496355031074799,12355,0,False,1,0.9219851831675249
197064,197064,0.485812118572629,12356,0,False,1,0.9257091074523068
197065,197065,0.47778972711157,12357,0,False,1,0.928124386134783
197066,197066,0.477590986799835,12358,0,False,1,0.9292167128066334
197067,197067,0.477174824457699,12359,0,False,1,0.9341203967564491
197068,197068,0.477025977868999,12360,0,False,1,0.9349678914875466
197069,197069,0.477195094916366,12361,0,False,1,0.9441616726052318
197070,197070,0.477010065051746,12362,0,False,1,0.9461396621502204
197071,197071,0.3399638806907,12363,1,True,1,2.0799152580295126
197072,197072,0.382500245807267,12364,1,True,1,2.0828034488597895
197073,197073,0.510582046692054,12365,0,False,1,0.9467902842971747
197074,197074,0.510479135519518,12366,0,False,1,0.9445545151980889
197075,197075,0.510509386745988,12367,0,False,1,0.9430398900892414
197076,197076,0.510683316679739,12368,0,False,1,0.9410366630650142
197077,197077,0.417315028964513,12369,0,False,1,0.8964017523052477
197078,197078,0.417195003832542,12370,0,False,1,0.8974130885222149
197079,197079,0.417069237663727,12371,0,False,1,0.898257146813601
197080,197080,0.416786218233865,12372,0,False,1,0.8997223247089479
197081,197081,0.413794789691239,12373,0,False,1,0.9018780883797554
197082,197082,0.320713052327501,12374,1,True,1,2.08762040407077
197148,197148,0.583333333333333,12375,3,True,2,1.5831596522671327
197149,197149,0.583332009369616,12376,3,True,2,1.5840911030835652
197150,197150,0.583333333333333,12377,3,True,2,1.5856574687437666
197151,197151,0.583333333333333,12378,3,True,3,2.9281575842155836
197152,197152,0.583333333333333,12379,3,True,3,2.9286068406253283
197153,197153,0.583333333333333,12380,3,True,2,1.5934549118173271
197154,197154,0.583333333333333,12381,3,True,2,1.6174442327494196
197155,197155,0.583333333333333,12382,3,True,3,2.941713367594816
197156,197156,0.583333333333333,12383,3,True,3,2.9487019211885013
197157,197157,0.583333333333333,12384,3,True,2,1.6394608493534417
197158,197158,0.583333333333333,12385,3,True,2,1.6403098120530089
197159,197159,0.583333333333333,12386,3,True,3,2.9517078812974376
197160,197160,0.583333333333333,12387,3,True,3,2.9511766421952537
197161,197161,0.583333333333333,12388,3,True,3,2.951535264990553
197162,197162,0.583333333333333,12389,3,True,3,2.954843236940567
197163,197163,0.583333333333333,12390,3,True,3,2.9551301663618594
197164,197164,0.583333333333333,12391,3,True,3,2.956587894217271
197165,197165,0.583333333333333,12392,3,True,3,2.955543095775762
197166,197166,0.583333333333333,12393,3,True,3,2.956326807075079
197167,197167,0.583333333333333,12394,3,True,3,2.9555765673316303
197168,197168,0.583333333333333,12395,3,True,3,2.9546043610809987
197169,197169,0.583333333333333,12396,3,True,3,2.9546655964435864
197170,197170,0.583333333333333,12397,3,True,3,2.954690075820789
197171,197171,0.583333333333333,12398,3,True,3,2.9544455778224514
197172,197172,0.583333333333333,12399,3,True,3,2.9544787263417156
197173,197173,0.583333333333333,12400,3,True,3,2.9543215170701216
197174,197174,0.583333333333333,12401,3,True,3,2.954322671053242
197175,197175,0.583333333333333,12402,3,True,3,2.954576474395209
197176,197176,0.583333333333333,12403,3,True,3,2.9535666323689633
197177,197177,0.583333333333333,12404,3,True,3,2.9526226566143112
197178,197178,0.583333333333333,12405,3,True,3,2.952244130214382
197179,197179,0.583333333333333,12406,3,True,3,2.9513871110786485
197180,197180,0.583333333333333,12407,3,True,3,2.9496006679210027
197181,197181,0.583333333333333,12408,3,True,3,2.949046814103189
197182,197182,0.583333333333333,12409,3,True,3,2.9494627630941923
197183,197183,0.583333333333333,12410,3,True,3,2.9435741575559597
197184,197184,0.583333333333333,12411,3,True,3,2.9418236258886816
197185,197185,0.583333333333333,12412,3,True,3,2.9408514429711445
197363,197363,0.501300892007603,12413,0,False,1,1.103577671666076
197364,197364,0.553892720730617,12414,0,False,1,1.3572916487780011
197365,197365,0.633281127430726,12415,0,False,2,1.5757101706594798
197372,197372,0.282811358254041,12416,0,False,1,1.0222481014343248
197373,197373,0.303921618885976,12417,0,False,1,1.0448354304922989
197374,197374,0.31050366333668,12418,0,False,1,1.0666575156593707
197375,197375,0.310331516879544,12419,0,False,1,1.0808356540360329
197376,197376,0.313183559966396,12420,0,False,1,1.1022396766380658
197377,197377,0.31556745329169,12421,0,False,1,1.1292521739246466
197378,197378,0.321777424625102,12422,0,False,1,1.148480548322096
197439,197439,0.30215386309046,12423,3,True,1,1.2241945143685613
197440,197440,0.301436589878475,12424,3,True,1,1.252807075177989
197441,197441,0.301559593089944,12425,3,True,1,1.2585019306132994
197442,197442,0.304528599988764,12426,3,True,1,1.3158520331731032
197443,197443,0.322964475877672,12427,3,True,1,1.4003318594503136
197557,197557,0.627874462289276,12428,1,True,3,3.92688085292436
197567,197567,0.415354595835908,12429,2,True,1,0.9704067809666302
197568,197568,0.417911028717806,12430,2,True,1,0.9694612232406241
197569,197569,0.417930654856575,12431,2,True,1,0.9727946587097437
197570,197570,0.41797034525606,12432,2,True,1,0.9789434864783578
197571,197571,0.421917535782712,12433,2,True,1,0.9725793964172907
197572,197572,0.435140799124955,12434,2,True,1,0.9911629391564771
197573,197573,0.348724500386327,12435,3,True,1,2.0883779800571705
197592,197592,0.416666666666667,12436,4,True,2,2.8987221393226332
197620,197620,0.323695456944095,12437,0,False,1,0.8846612269694016
197621,197621,0.333003391977037,12438,0,False,1,0.8868200011826101
197622,197622,0.346787702443627,12439,0,False,1,1.0725500441476707
197623,197623,0.356909738094682,12440,0,False,1,1.2112390529026278
197624,197624,0.377320685913577,12441,0,False,1,1.2256646798290733
197625,197625,0.375107086133122,12442,0,False,1,1.1988357469045483
197626,197626,0.371318328344998,12443,0,False,1,1.1605853039628191
197647,197647,0.513258081990035,12444,1,True,2,2.2233694870330782
197648,197648,0.513430550584146,12445,1,True,2,2.220400560337948
197649,197649,0.519564601096841,12446,1,True,2,2.515704984978234
197650,197650,0.519684864497075,12447,1,True,2,2.5146741121035663
197651,197651,0.523289162322779,12448,1,True,2,2.624410182092068
197652,197652,0.523374673125142,12449,1,True,2,2.622451121914366
197653,197653,0.524353869657003,12450,1,True,2,2.6438765354221614
197873,197873,0.330594950577773,12451,3,True,1,2.098328612020325
197874,197874,0.262927812768894,12452,2,True,1,1.1490238104439463
197875,197875,0.297583705176374,12453,2,True,1,1.3395794746606726
197876,197876,0.285333759859856,12454,2,True,1,1.179652054763378
197878,197878,0.49717637204826,12455,0,False,2,1.6362468055643735
197879,197879,0.497330962271828,12456,0,False,2,1.6406166043748507
198000,198000,0.385799384949869,12457,2,True,1,1.0114898441471158
198001,198001,0.386819545815277,12458,2,True,1,1.0012430110888004
198002,198002,0.388374553391919,12459,2,True,1,0.9882534341151045
198003,198003,0.389032437971739,12460,2,True,1,0.9840834819387355
198004,198004,0.322550205716978,12461,2,True,1,2.1040391870464825
198005,198005,0.322550193979809,12462,2,True,1,2.1040223881301476
198006,198006,0.333077433662043,12463,2,True,1,1.8833622205457563
198007,198007,0.376545909796227,12464,2,True,1,1.1334125756906481
198008,198008,0.374020114583386,12465,2,True,1,1.1656590163330234
198012,198012,0.897316780750384,12466,0,False,3,1.4818936819604067
198035,198035,0.464184105661874,12467,2,True,1,0.8205978540055338
198036,198036,0.331341992100005,12468,3,True,1,2.0953825232262746
198037,198037,0.424494841864537,12469,2,True,1,0.9253051821967586
198038,198038,0.424587548550648,12470,2,True,1,0.9242520708055859
198039,198039,0.328647326612785,12471,3,True,1,2.097001754676307
198075,198075,0.411516587395974,12472,2,True,1,1.6190194034750829
198100,198100,0.762530135470605,12473,1,True,3,2.088065356027447
198101,198101,0.762530135470605,12474,1,True,3,2.090019921114689
198102,198102,0.512530135470605,12475,2,True,3,4.196289359793036
198218,198218,0.391070579154715,12476,0,False,1,0.4754527541808327
198235,198235,0.677651744102832,12477,0,False,2,1.2587760966718282
198236,198236,0.700148278540068,12478,1,True,2,1.2930345047363856
198237,198237,0.922433780991093,12479,0,False,3,1.3355146982950103
198238,198238,0.925102142405527,12480,0,False,3,1.348484478378943
198239,198239,0.928403446113729,12481,0,False,3,1.3505301140540282
198240,198240,0.915586252329806,12482,0,False,3,1.3045130338873268
198241,198241,0.611577977445838,12483,0,False,2,1.1511448568302687
198242,198242,0.616311989883126,12484,0,False,2,1.156590465520679
198243,198243,0.6316092916518,12485,0,False,2,1.16934315596417
198244,198244,0.648830497645821,12486,0,False,2,1.2097072541905118
198245,198245,0.660734836677203,12487,0,False,2,1.2353399936828235
198246,198246,0.661733656840288,12488,0,False,2,1.2347695340739893
198247,198247,0.671159588860095,12489,0,False,2,1.2532182646678576
198248,198248,0.520161698004479,12490,1,True,2,1.7147305160231496
198249,198249,0.523617441700732,12491,1,True,2,1.7128611308662274
198250,198250,0.527426492242157,12492,1,True,2,1.7142210195466865
198251,198251,0.775871183549581,12493,1,True,3,1.5787939222365568
198252,198252,0.775871183549581,12494,1,True,3,1.5579021043771295
198253,198253,0.776301494290029,12495,1,True,3,1.5583863739733557
198346,198346,0.312476911773047,12496,0,False,1,1.3070885043987754
198347,198347,0.394202491483332,12497,0,False,1,0.2917092285795926
198348,198348,0.402930073878901,12498,0,False,1,0.47762784234587446
198349,198349,0.398415329512811,12499,0,False,1,0.47902075441587405
198350,198350,0.38935754664822,12500,0,False,1,0.4845355305405897
198351,198351,0.376891393454526,12501,0,False,1,0.4424280087241679
198352,198352,0.363561103228742,12502,0,False,1,0.42485482544090974
198355,198355,0.940319607295734,12503,0,False,3,1.2454803993326156
198356,198356,0.941300344115424,12504,0,False,3,1.2486955842108642
198357,198357,0.92622572698639,12505,0,False,3,1.250987702956839
198358,198358,0.333889945051734,12506,0,False,1,0.8541176123540795
198359,198359,0.319017224366261,12507,0,False,1,0.8888494345971112
198360,198360,0.313584235637969,12508,0,False,1,0.8898058448289076
198361,198361,0.338872559520912,12509,0,False,1,0.9547802651219338
198362,198362,0.352049934570286,12510,0,False,1,1.0477980263820592
198365,198365,0.41484654275965,12511,0,False,1,1.8860750743123984
198429,198429,0.430613915978234,12512,3,True,3,2.6472632731661387
198430,198430,0.422025928677556,12513,3,True,3,2.8945044558153623
198431,198431,0.369047619460946,12514,3,True,2,1.5660879774709284
198432,198432,0.326355952919932,12515,2,True,2,1.5428837727085731
198585,198585,0.27839151996721,12516,0,False,1,1.920211202538837
198586,198586,0.288909897703599,12517,0,False,1,1.7455212291744755
198587,198587,0.416581271695411,12518,0,False,1,1.5007440197921922
198702,198702,0.911360971402125,12519,0,False,3,1.3553299751417967
198703,198703,0.913616087685201,12520,0,False,3,1.3510669466701724
198708,198708,0.513695508157654,12521,2,True,1,0.9460417502851857
198709,198709,0.517635482896103,12522,2,True,1,0.9473274139434329
198710,198710,0.517275807296933,12523,2,True,1,0.9310999225370228
198711,198711,0.55658892806497,12524,2,True,1,1.0882553140647255
198732,198732,0.312426907140707,12525,3,True,1,2.1460038756749107
198733,198733,0.30760209671361,12526,0,False,1,1.3365656545057154
198760,198760,0.26735433474565,12527,0,False,1,1.1320456689646257
198761,198761,0.265093485356815,12528,0,False,1,1.1126526273503707
198762,198762,0.256227756440672,12529,0,False,1,1.1017357597600406
198819,198819,0.270742036755282,12530,4,True,1,2.1303742122123324
198820,198820,0.386710968990709,12531,3,True,1,1.2546925897732177
198821,198821,0.38694401446308,12532,3,True,1,1.2552978306345717
198822,198822,0.393444991014208,12533,3,True,1,1.273216910780593
198823,198823,0.394028996856119,12534,3,True,1,1.2663869671571935
198824,198824,0.394273432094922,12535,2,True,1,0.9918415431535723
198825,198825,0.393129073234994,12536,2,True,1,1.0285722779725273
198826,198826,0.391613206560247,12537,2,True,1,1.0378788784167745
198830,198830,0.296338765143846,12538,3,True,1,1.0500378453566719
198831,198831,0.26663299453175,12539,3,True,1,1.0170356333953894
198867,198867,0.446863475550379,12540,0,False,1,1.159542042000706
199015,199015,0.335062119192382,12541,0,False,2,1.4555594365447602
199264,199264,0.303317904583242,12542,0,False,1,0.9122883015180462
199265,199265,0.308088725062351,12543,0,False,1,0.9305563011027617
199269,199269,0.328657506660281,12544,0,False,2,1.1402904381766539
199270,199270,0.322029003253393,12545,0,False,2,1.1467075297295535
199271,199271,0.313515259239091,12546,0,False,2,1.1583312247234794
199272,199272,0.313286528789425,12547,0,False,2,1.1602369805190977
199273,199273,0.30884233934437,12548,0,False,2,1.1648201710366737
199274,199274,0.307941808264834,12549,0,False,2,1.1705758966102822
199275,199275,0.302865457274056,12550,0,False,2,1.1775041679934815
199285,199285,0.302744271034096,12551,0,False,2,1.3087005600840893
199318,199318,0.77547018564586,12552,1,True,3,1.6800569239689886
199319,199319,0.77547018564586,12553,1,True,3,1.67685953118675
199320,199320,0.575522410432103,12554,1,True,2,2.25707507225501
199321,199321,0.724202447167572,12555,0,False,2,2.2153724800037122
199322,199322,0.708139339646359,12556,0,False,2,2.1361077294922928
199323,199323,0.453587508985169,12557,0,False,1,1.33044050667046
199324,199324,0.446666944599423,12558,0,False,1,1.3391907833439674
199325,199325,0.451868851342155,12559,0,False,1,1.2968065813455731
199326,199326,0.405264939123006,12560,0,False,1,1.2462369852386943
199513,199513,0.290544632862379,12561,0,False,1,1.0663360971760572
199578,199578,0.263184144821127,12562,3,True,1,1.1210427376111487
199579,199579,0.264096473267742,12563,3,True,1,1.1314056545704425
199580,199580,0.264497522027145,12564,3,True,1,1.1311805549943714
199581,199581,0.299243215787827,12565,3,True,1,1.0960392364730025
199582,199582,0.299389558535912,12566,3,True,1,1.0973634281494515
199583,199583,0.31266236021253,12567,3,True,2,1.262119451357647
199584,199584,0.312733049121663,12568,3,True,2,1.261930006625548
199585,199585,0.322716833000583,12569,3,True,2,1.1821079968330737
199615,199615,0.398055238916805,12570,2,True,1,1.4383464910909578
199616,199616,0.405897875776228,12571,2,True,1,1.438204018227021
199632,199632,0.636686246581119,12572,2,True,1,1.1836892362699554
199633,199633,0.601956099922921,12573,2,True,2,1.7387173104561195
199636,199636,0.441172962050872,12574,3,True,2,1.3668236971865986
199637,199637,0.445918917744194,12575,3,True,2,1.366250569109702
199638,199638,0.465815639093907,12576,3,True,2,1.3609149651990184
199639,199639,0.482801245714847,12577,3,True,2,1.3566401042257037
199640,199640,0.48983731896869,12578,3,True,2,1.3609353309909555
199641,199641,0.502538358874752,12579,3,True,2,1.3624147964257918
199642,199642,0.505880367211951,12580,3,True,2,1.3588797425217545
199643,199643,0.509992543076229,12581,3,True,2,1.361179757570089
199644,199644,0.532785601376639,12582,3,True,2,1.3862160970762505
199645,199645,0.55903372037365,12583,3,True,2,1.4389608396363816
199646,199646,0.559523809173054,12584,3,True,2,1.4359591295186462
199647,199647,0.583333333333333,12585,3,True,3,2.9055164357881824
199651,199651,0.536199128811218,12586,0,False,1,1.1600507741082537
199652,199652,0.531567140179345,12587,0,False,1,1.1251750141348098
199653,199653,0.419170072623945,12588,0,False,1,1.8454408145061691
199654,199654,0.414646753855021,12589,0,False,1,1.9523221204240042
199655,199655,0.521854668100761,12590,0,False,1,1.0397447706439642
199656,199656,0.535766841897887,12591,0,False,1,1.1160031044350924
199657,199657,0.542698469780228,12592,0,False,1,1.1541896174594508
199658,199658,0.545151207628642,12593,0,False,1,1.1638214630851234
199661,199661,0.26079396846642,12594,0,False,2,1.4125818935577565
199662,199662,0.256308255702666,12595,0,False,2,2.370999419677544
199762,199762,0.309259409806384,12596,0,False,1,1.1572573276885507
199763,199763,0.672137718743904,12597,0,False,2,3.4028386655835132
199764,199764,0.940147763542019,12598,0,False,3,3.461513620373861
199765,199765,0.473422205844683,12599,0,False,2,3.5377109300256513
199766,199766,0.443555971479367,12600,0,False,2,3.350650586315137
199767,199767,0.418214979714742,12601,0,False,2,3.3139667879061148
199768,199768,0.405669822423873,12602,0,False,2,2.7989897314079415
199769,199769,0.364798382140148,12603,0,False,2,2.4241262121878298
199770,199770,0.362258478852131,12604,0,False,2,1.636862754356896
199825,199825,0.253859934985075,12605,4,True,1,2.1112561903554736
199833,199833,0.496327674954212,12606,2,True,1,1.685648175899781
199834,199834,0.6373101015314,12607,2,True,1,1.2152860804134504
199835,199835,0.644566207720583,12608,2,True,1,1.229108532344444
199836,199836,0.646109140544006,12609,2,True,1,1.2296784194495973
199837,199837,0.64877120309053,12610,2,True,1,1.2339158245159172
199838,199838,0.645035894711587,12611,2,True,1,1.2249627015969973
199839,199839,0.645915423843449,12612,2,True,1,1.2231349857271083
199860,199860,0.940620634026938,12613,0,False,3,1.242545073420009
199861,199861,0.939187682470726,12614,0,False,3,1.2526441740869738
199862,199862,0.93498182297289,12615,0,False,3,1.2547853157584823
199863,199863,0.923116909807322,12616,0,False,3,1.2663547109770756
199864,199864,0.88490887304103,12617,0,False,3,1.2795245394054326
199865,199865,0.88490887304103,12618,0,False,3,1.2790838224289145
199891,199891,0.334257068722305,12619,1,True,2,1.2426544625087748
199892,199892,0.334403256485344,12620,1,True,2,1.2284235934434367
199893,199893,0.33532257814179,12621,1,True,2,1.2273670353602375
200043,200043,0.300248748595125,12622,3,True,1,2.103772554529356
200052,200052,0.299970456717336,12623,0,False,2,1.618382092366149
200147,200147,0.312437113654698,12624,2,True,1,1.3814813565957755
200149,200149,0.312048239368565,12625,2,True,1,1.3765444958475108
200207,200207,0.351551502495714,12626,1,True,1,1.192604256713803
200346,200346,0.256525169697472,12627,1,True,1,2.191690513448662
200347,200347,0.447185435735191,12628,0,False,2,1.6854851419453696
200348,200348,0.447130012918703,12629,0,False,2,1.7279178045442376
200349,200349,0.4470727212643,12630,0,False,2,1.7455260573513276
200350,200350,0.448278147856935,12631,0,False,2,1.747860555343773
200351,200351,0.445792716923812,12632,0,False,2,1.7623699398323716
200352,200352,0.451358033343454,12633,0,False,2,1.7515319616842546
200353,200353,0.444869053516553,12634,0,False,2,1.7759658874264952
200363,200363,0.271133120047463,12635,0,False,2,1.247511708383091
200364,200364,0.272270513353529,12636,0,False,2,1.243954707173555
200365,200365,0.278472415529489,12637,0,False,2,1.2149270237329868
200366,200366,0.286322319205142,12638,0,False,2,1.2080789005835593
200367,200367,0.288396204998104,12639,0,False,2,1.2075556575203983
200368,200368,0.291301622221216,12640,0,False,2,1.2012898998997816
200369,200369,0.298265949905263,12641,0,False,2,1.178966708394779
200370,200370,0.313435605960193,12642,0,False,2,1.1503345814825032
200371,200371,0.314575692991809,12643,0,False,2,1.1559017176045545
200372,200372,0.316845574609045,12644,0,False,2,1.1579304377435198
200373,200373,0.320396338397803,12645,0,False,2,1.1578899750084455
200374,200374,0.323693927612442,12646,0,False,2,1.1708191891783988
200375,200375,0.327843348957546,12647,0,False,2,1.167582878471153
200376,200376,0.338509649552114,12648,0,False,2,1.1556227967066481
200377,200377,0.638835623646518,12649,1,True,3,1.577620554010959
200378,200378,0.641071298511408,12650,1,True,3,1.5748336086813732
200393,200393,0.263588661420656,12651,2,True,1,2.1208194394593813
200394,200394,0.420868877731152,12652,1,True,1,1.1750055274759788
200395,200395,0.421266488207947,12653,1,True,1,1.1754568143623034
200396,200396,0.421831470994189,12654,1,True,1,1.1752322510785782
200397,200397,0.422007579941212,12655,1,True,1,1.1752730864894891
200398,200398,0.422348656972933,12656,1,True,1,1.1749662887793868
200399,200399,0.422572971908383,12657,1,True,1,1.1752038435873806
200409,200409,0.449726513564952,12658,2,True,3,4.039913063489347
200410,200410,0.699726513564952,12659,1,True,3,1.7515592205590675
200411,200411,0.699726513564952,12660,1,True,3,1.7496320458809203
200412,200412,0.700618200981118,12661,1,True,3,1.7455935903433826
200557,200557,0.911360971402125,12662,0,False,3,1.4537484793387647
200558,200558,0.653566034922242,12663,1,True,3,3.92688085292436
200559,200559,0.384039862610653,12664,0,False,1,0.2635877556545992
200560,200560,0.377258331064624,12665,0,False,1,0.37439033802480304
200561,200561,0.326814827251288,12666,0,False,1,1.2450621292502007
200562,200562,0.319142808688508,12667,0,False,1,1.371164809032754
200569,200569,0.261846879835598,12668,0,False,1,1.1215763809381931
200570,200570,0.327318326647345,12669,0,False,1,1.011781092845278
200659,200659,0.312426907140707,12670,3,True,1,2.1460038756749107
200665,200665,0.422197378260406,12671,3,True,2,1.444889819655056
200686,200686,0.519640567421273,12672,2,True,1,1.2385450900736497
200687,200687,0.519212357665126,12673,2,True,1,1.2453670193492994
200688,200688,0.521457441778735,12674,2,True,1,1.2559194977689323
200724,200724,0.251451621958534,12675,0,False,1,0.9001156483102806
200728,200728,0.272957539413234,12676,0,False,1,1.4172515219965518
200729,200729,0.27365462200384,12677,0,False,1,1.309804922310582
200738,200738,0.528036547235424,12678,0,False,2,1.5343018451105208
200749,200749,0.395340175653081,12679,0,False,2,1.2213717503959787
200750,200750,0.423074772474768,12680,0,False,2,1.1283901477613882
200751,200751,0.453160081228007,12681,0,False,2,1.3658732232282018
200752,200752,0.321204335877966,12682,0,False,1,1.2679052967344087
200753,200753,0.318494100041177,12683,0,False,1,1.3040769841620932
200755,200755,0.328662265399169,12684,0,False,1,1.263981984312885
200756,200756,0.343740707292932,12685,0,False,2,1.1674035160109402
200757,200757,0.365369813282026,12686,0,False,2,1.1192286913191165
200785,200785,0.547569404052407,12687,0,False,1,1.1741538617480032
200786,200786,0.535469741025764,12688,0,False,1,1.1656177974346718
200787,200787,0.546873891571863,12689,1,True,1,1.4252138081026335
200788,200788,0.548746674945763,12690,0,False,1,1.480406753119886
200789,200789,0.547871771054148,12691,0,False,1,1.4763261953733864
200790,200790,0.543191602061483,12692,0,False,1,1.426328337615536
200827,200827,0.287960256072673,12693,3,True,2,1.3884590402254937
200828,200828,0.279920897975548,12694,3,True,2,1.4078606697271436
201030,201030,0.407016658995247,12695,3,True,2,1.0247892165052885
201186,201186,0.664186790676252,12696,2,True,2,1.2867038533997914
201187,201187,0.517508423486796,12697,2,True,1,1.395261254305056
201188,201188,0.540120042255854,12698,2,True,1,0.99361526654261
201189,201189,0.562170692706284,12699,2,True,1,1.2779930893845948
201233,201233,0.387603255800454,12700,0,False,1,2.5146253639958442
201234,201234,0.387961097046647,12701,0,False,1,2.5336088016945544
201235,201235,0.265405927334452,12702,1,True,1,3.208545683895989
201248,201248,0.320434507447863,12703,0,False,1,1.3116011556125544
201249,201249,0.285708864995625,12704,0,False,1,0.967002969264542
201271,201271,0.41761778973377,12705,0,False,1,1.0706391259517831
201272,201272,0.425262782186131,12706,0,False,1,1.0625992270905886
201273,201273,0.430436088725117,12707,0,False,1,1.061890610419036
201274,201274,0.470628346832636,12708,0,False,1,1.3492190048692
201275,201275,0.465691965445433,12709,0,False,1,1.351051814674322
201408,201408,0.345265315784517,12710,1,True,1,1.206465751725111
201458,201458,0.929923502543709,12711,0,False,3,1.386276873087862
201459,201459,0.916211730901855,12712,0,False,3,1.3867469456636616
201667,201667,0.526290700680416,12713,1,True,1,3.2277035223573596
201796,201796,0.496331354303919,12714,0,False,2,1.642180070655077
201797,201797,0.493069412399875,12715,0,False,2,1.637172796629646
201798,201798,0.495326609845379,12716,0,False,1,1.5020185145303877
201799,201799,0.507994793697758,12717,0,False,1,1.4656122138077012
201822,201822,0.317489053250096,12718,0,False,2,1.0812360558834895
201830,201830,0.641909704235883,12719,1,True,3,3.92688085292436
201834,201834,0.909293075375296,12720,0,False,3,1.23239498512651
201835,201835,0.903603729280458,12721,0,False,3,1.2358493837196196
201836,201836,0.931554590086518,12722,0,False,3,1.243731190391554
201837,201837,0.931597429306006,12723,0,False,3,1.3407926347237247
201838,201838,0.931842471464619,12724,0,False,3,1.3406080297662744
201839,201839,0.305411806341163,12725,0,False,1,1.1280876083787441
201840,201840,0.309410051523728,12726,1,True,1,0.960603274728341
201841,201841,0.308807251856866,12727,1,True,1,0.9629585298355282
201842,201842,0.29839503768904,12728,1,True,1,0.9728137437311294
201843,201843,0.296063598785173,12729,1,True,1,0.9770078580920382
201868,201868,0.256071296507816,12730,0,False,2,1.2599391727374318
201884,201884,0.422191468559883,12731,0,False,1,1.0895197797921878
201885,201885,0.421430703316781,12732,0,False,1,1.0927179726822724
201886,201886,0.557030197455568,12733,0,False,2,1.345003902421265
201897,201897,0.528894633399338,12734,0,False,2,1.1950996062330548
201907,201907,0.591425562431076,12735,0,False,1,1.0291269249472632
201908,201908,0.591579645083752,12736,0,False,1,1.0235349048929472
201978,201978,0.441177746648069,12737,0,False,1,0.7555162811913344
201979,201979,0.456858834461842,12738,0,False,1,0.9941912133600469
201980,201980,0.452644866172828,12739,0,False,1,0.7777549694347434
201981,201981,0.460152735294015,12740,0,False,1,1.0989252060197514
202016,202016,0.266780052000037,12741,0,False,2,1.5950680229243694
202023,202023,0.360138573073445,12742,0,False,2,3.17715922299568
202083,202083,0.932289093489861,12743,0,False,3,2.0949330586708617
202084,202084,0.931549761816893,12744,0,False,3,2.097183815119436
202262,202262,0.501096908154811,12745,2,True,3,4.039913063489347
202278,202278,0.701002068679872,12746,2,True,2,1.4081710476728333
202279,202279,0.697598384874125,12747,2,True,2,1.4041635891448339
202300,202300,0.460833601143307,12748,0,False,1,1.4025564360943379
202301,202301,0.451120720695689,12749,0,False,1,1.379232038770171
202302,202302,0.581145121085361,12750,0,False,2,2.3976927488009188
202303,202303,0.619667672559647,12751,0,False,2,2.573172920392512
202304,202304,0.594635110154156,12752,0,False,2,2.47668422539669
202305,202305,0.658678480883123,12753,0,False,2,1.3159909566220205
202306,202306,0.668247920925576,12754,0,False,2,1.3378390552131743
202307,202307,0.687486757443397,12755,0,False,2,1.4962319737452499
202308,202308,0.664721734202978,12756,0,False,2,1.2793978668544463
202309,202309,0.514453164105355,12757,0,False,2,1.6546248521116051
202472,202472,0.922701999063211,12758,0,False,3,1.2711906025734847
202779,202779,0.385650716270311,12759,0,False,2,1.5381335359076933
202780,202780,0.38596985103209,12760,0,False,2,1.5427072552703425
202815,202815,0.583333333333333,12761,3,True,3,2.891206496085534
202816,202816,0.581349206349206,12762,3,True,2,1.2950340083948755
202817,202817,0.58124821343168,12763,3,True,2,1.2946025135560013
202818,202818,0.580935901448278,12764,3,True,2,1.2905301410580394
202819,202819,0.580737008668893,12765,3,True,2,1.2896578612171157
202820,202820,0.580707528800269,12766,3,True,2,1.2896918204034415
202821,202821,0.580676475784163,12767,3,True,2,1.2894273446298241
202822,202822,0.580777968443577,12768,3,True,2,1.2886292690351855
202823,202823,0.580775955594696,12769,3,True,2,1.2894781301303289
202824,202824,0.580923316482647,12770,3,True,2,1.2898287542983782
202825,202825,0.581193270292736,12771,3,True,2,1.2869801917517176
202826,202826,0.581666666666667,12772,3,True,2,1.2867713501192088
202827,202827,0.583333333333333,12773,3,True,3,2.8776370985916753
202828,202828,0.298240001568317,12774,3,True,2,1.3021098555916037
202829,202829,0.297840876048776,12775,3,True,2,1.3016218819542695
202830,202830,0.30435808927994,12776,3,True,2,1.2789507624639613
202831,202831,0.284774919421495,12777,3,True,2,1.3179354695890249
202832,202832,0.281638061818546,12778,3,True,2,1.3159212050034192
202833,202833,0.267829216688575,12779,3,True,2,1.355099040884775
202834,202834,0.261060489582475,12780,3,True,2,1.374442512680808
202835,202835,0.260183736804002,12781,3,True,2,1.3507849929645697
202938,202938,0.360822375996271,12782,1,True,2,0.966046494113922
202939,202939,0.349125944534941,12783,1,True,2,0.9665460938114966
203068,203068,0.602140035537536,12784,0,False,2,1.2660144791334018
203069,203069,0.616413572830619,12785,0,False,2,1.1983969492961124
203070,203070,0.574814121838939,12786,0,False,2,1.0941448817897572
203071,203071,0.524989213644138,12787,0,False,2,1.179119950566351
203114,203114,0.911371053511694,12788,0,False,3,1.290964523423075
203115,203115,0.552932655524109,12789,0,False,2,1.9774933293140298
203116,203116,0.535215672682599,12790,0,False,2,1.9744930168998345
203223,203223,0.268988010383088,12791,0,False,1,1.0104135629392068
203224,203224,0.269714531987029,12792,0,False,1,1.0003564278922743
203318,203318,0.394207567508448,12793,2,True,1,1.0894085252333086
203319,203319,0.395982652686396,12794,2,True,1,1.086945919549448
203320,203320,0.330334063667419,12795,3,True,1,2.0912696352406774
203321,203321,0.390508969268158,12796,2,True,1,1.075140074607805
203332,203332,0.449288804269202,12797,3,True,2,1.254059933180594
203333,203333,0.440617507814617,12798,3,True,2,1.249714727274748
203334,203334,0.436749351715308,12799,2,True,2,1.2518700079931626
203335,203335,0.687718118016703,12800,2,True,2,1.374426815993962
203336,203336,0.685403586318925,12801,2,True,2,1.3712852695161508
203337,203337,0.68472335660442,12802,2,True,2,1.3730696089853947
203338,203338,0.68420327501405,12803,2,True,2,1.3761873040500328
203339,203339,0.673318551638105,12804,2,True,2,1.353267502773814
203340,203340,0.643409441403836,12805,2,True,2,1.2694590115333677
203341,203341,0.620798803564825,12806,2,True,1,1.265346493896326
203342,203342,0.64071682160466,12807,2,True,1,1.338014444151471
203343,203343,0.650978904799393,12808,2,True,1,1.3938668313253508
203354,203354,0.272761541862865,12809,0,False,2,1.4805316636381394
203413,203413,0.416631060975724,12810,4,True,2,1.789749118698979
203414,203414,0.416596638084193,12811,4,True,2,1.7879604570837346
203415,203415,0.416624749587797,12812,4,True,2,1.7875626291368145
203416,203416,0.416638011448466,12813,4,True,2,1.7853780485076742
203674,203674,0.734950534344771,12814,0,False,2,2.137764581303331
203675,203675,0.735054567210587,12815,0,False,2,2.1385820827419235
203676,203676,0.504579365141467,12816,0,False,1,2.6452414216346907
203716,203716,0.30046681382476,12817,3,True,1,1.8085067136345585
203717,203717,0.287615683376442,12818,3,True,1,1.8729566975618885
203718,203718,0.284589281584934,12819,3,True,1,1.8944959744787742
203811,203811,0.277710718159334,12820,0,False,2,1.4716714009006775
203812,203812,0.29283505018404,12821,0,False,2,1.4639474751922381
203813,203813,0.264544228505868,12822,0,False,1,1.376925375278517
203814,203814,0.503514145657777,12823,0,False,2,1.1267702548998775
203815,203815,0.399365959573594,12824,0,False,1,1.7420314070380774
203816,203816,0.412527215596783,12825,0,False,1,1.7980424775235286
203817,203817,0.412586344895806,12826,0,False,1,1.9019776438539655
203818,203818,0.411530663137122,12827,0,False,1,1.913570449489144
203819,203819,0.484735341658846,12828,0,False,1,0.9216382181093818
203820,203820,0.48561151649386,12829,0,False,1,0.9220161863354529
203821,203821,0.481390492000936,12830,0,False,1,1.0387274496199475
203822,203822,0.482903160472186,12831,0,False,1,1.0513762797804476
203974,203974,0.338755808590565,12832,2,True,2,1.3382494074088618
203975,203975,0.336790428930052,12833,2,True,2,1.3405418572056995
203976,203976,0.33646346000767,12834,2,True,2,1.34242398716095
204005,204005,0.316090502368648,12835,2,True,2,1.1397911352233212
204006,204006,0.313160744692723,12836,2,True,2,1.1450217023192648
204007,204007,0.312197221685657,12837,2,True,2,1.1443759677741412
204008,204008,0.310821313276933,12838,2,True,2,1.143422682796058
204009,204009,0.309131099102849,12839,2,True,2,1.1409832391643724
204010,204010,0.308368216623488,12840,2,True,2,1.140348878681198
204011,204011,0.306989248433605,12841,2,True,2,1.1383502196516058
204012,204012,0.307782521330359,12842,1,True,2,1.5062450672892325
204013,204013,0.30782676904149,12843,1,True,2,1.5067354401984632
204014,204014,0.312469297773782,12844,1,True,1,0.9469622758650689
204050,204050,0.454778156620581,12845,0,False,2,1.667088491582796
204052,204052,0.455221778488915,12846,0,False,2,1.6722858497770807
204053,204053,0.944116591795883,12847,0,False,3,1.317409839284735
204054,204054,0.954763613393844,12848,0,False,3,1.3117440371547253
204055,204055,0.500623678513183,12849,0,False,2,0.5646872946302981
204056,204056,0.49902852779703,12850,0,False,2,0.5800686835156139
204243,204243,0.271147466664993,12851,3,True,1,0.8540304225368708
204244,204244,0.260678055037671,12852,3,True,1,0.8672337157929563
204342,204342,0.392681215243496,12853,0,False,2,2.0117865235983823
204343,204343,0.256818355334274,12854,0,False,2,1.415083634308762
204344,204344,0.285208044393283,12855,0,False,2,1.2865073078413232
204382,204382,0.581042293575717,12856,0,False,1,1.7190105292434765
204634,204634,0.415070362482325,12857,3,True,1,1.1489901512029896
204940,204940,0.430803982453054,12858,1,True,1,1.3895525695634472
204941,204941,0.490640359016826,12859,1,True,2,0.9415460336105915
205019,205019,0.551479713027093,12860,1,True,3,3.92688085292436
205051,205051,0.324335375264032,12861,3,True,2,1.1901172066209371
205052,205052,0.324109784761606,12862,3,True,2,1.188896676221659
205053,205053,0.345815276892202,12863,3,True,2,1.1265836706275096
205054,205054,0.345679745305877,12864,3,True,2,1.1254758512370049
205071,205071,0.325886988916745,12865,1,True,2,1.3963204785512764
205072,205072,0.320277695999711,12866,1,True,2,1.4018304044337493
205073,205073,0.320193219617283,12867,1,True,2,1.4026562825877098
205074,205074,0.315603216019886,12868,1,True,2,1.4090562463917868
205075,205075,0.313473612829992,12869,1,True,2,1.3904869621317584
205076,205076,0.315958668404845,12870,1,True,2,1.4178682155066102
205077,205077,0.302105086228651,12871,1,True,2,1.4412115090359867
205078,205078,0.309304815000451,12872,1,True,2,1.4287872834944157
205080,205080,0.34661608602913,12873,0,False,1,1.4864467021463663
205081,205081,0.352002520974799,12874,0,False,1,1.4907077490321181
205178,205178,0.514127760867448,12875,0,False,2,1.2013419977668565
205179,205179,0.516046002457707,12876,0,False,2,1.1906956519567133
205452,205452,0.591229929350309,12877,2,True,2,1.8572843844298679
205453,205453,0.594819291176207,12878,2,True,3,2.1583407644666592
205454,205454,0.594819291176207,12879,2,True,3,2.158617698577508
205455,205455,0.594819291176207,12880,2,True,3,2.184630352697984
205477,205477,0.699726513564952,12881,1,True,3,1.7459378860752197
205612,205612,0.254486159704289,12882,0,False,1,0.984715513023573
205614,205614,0.359170525434093,12883,0,False,1,1.344859246812237
205615,205615,0.326378977197299,12884,0,False,1,1.007307641257961
205616,205616,0.324629759043275,12885,0,False,1,0.9942672024199182
205676,205676,0.314068950434438,12886,0,False,1,1.3935134763012003
205677,205677,0.287769972660508,12887,3,True,1,0.9586110420326273
205678,205678,0.290089077938961,12888,3,True,1,0.9276717394504073
205679,205679,0.289948176776744,12889,3,True,1,0.9278705995046346
205680,205680,0.285536417177252,12890,3,True,1,0.9338211640808279
205770,205770,0.936715812764505,12891,0,False,3,1.2368898373488215
205773,205773,0.292435603109767,12892,3,True,1,0.9550828181948503
205774,205774,0.292102045312523,12893,3,True,1,0.9554172019421685
205775,205775,0.287170456469766,12894,3,True,1,0.9621715853758634
205776,205776,0.292460898137037,12895,3,True,1,0.9497571522998279
205777,205777,0.285308627024017,12896,3,True,1,0.9555989381012608
205778,205778,0.288239783729296,12897,3,True,1,0.9581223716278654
205779,205779,0.288083824490678,12898,3,True,1,0.9592821730566992
205780,205780,0.287983234082346,12899,3,True,1,0.9601006776259368
205782,205782,0.472866769833911,12900,0,False,1,0.946838965778129
205800,205800,0.378532835163274,12901,1,True,1,1.138601644582253
205801,205801,0.376770273660023,12902,1,True,1,1.1503555247219308
205802,205802,0.369883306720382,12903,1,True,1,1.1484145116693518
205805,205805,0.362504165078724,12904,1,True,1,1.1357048448551517
205806,205806,0.36848447402526,12905,1,True,1,1.1422423851550778
205807,205807,0.379024824892083,12906,1,True,1,1.1590990154112928
205808,205808,0.376009518405095,12907,1,True,1,1.1457509333040237
205823,205823,0.55078294918727,12908,0,False,2,1.5522996621622165
205824,205824,0.549156855054098,12909,0,False,2,1.5610663399290583
205825,205825,0.596252021885868,12910,0,False,2,1.495609727462697
205826,205826,0.600405650765977,12911,0,False,2,1.4749002649150038
205914,205914,0.587479824440569,12912,2,True,3,2.5745416370375027
205915,205915,0.583333333333333,12913,3,True,3,2.969558224328939
205916,205916,0.583333333333333,12914,3,True,3,2.9700613436344008
205917,205917,0.333333333333333,12915,4,True,1,3.901803392274079
206140,206140,0.744175031430785,12916,0,False,2,1.4278833436910412
206141,206141,0.753043197503377,12917,0,False,2,2.4150295746916473
206142,206142,0.753101116330399,12918,0,False,2,2.4149792842505318
206143,206143,0.749423816299258,12919,1,True,2,2.416089142423874
206144,206144,0.76300755624286,12920,1,True,3,1.9232203121198161
206159,206159,0.354502963868487,12921,3,True,1,1.235711242512846
206160,206160,0.351911257956361,12922,3,True,1,1.2246220587896284
206161,206161,0.346013178803543,12923,3,True,1,1.2295044255185124
206162,206162,0.348944458937489,12924,3,True,1,1.2263547841399303
206190,206190,0.408656048688521,12925,1,True,2,1.2076444015511274
206191,206191,0.41976668314525,12926,1,True,2,1.1576387882234191
206192,206192,0.464542849369841,12927,1,True,2,1.3284586769509283
206329,206329,0.297972840763969,12928,0,False,1,1.3617242724315723
206330,206330,0.952347999625749,12929,0,False,3,1.2666723461019485
206331,206331,0.951911800315606,12930,0,False,3,1.272740197215796
206332,206332,0.953265980010028,12931,0,False,3,1.810345126601212
206335,206335,0.610649226544779,12932,2,True,2,1.309835366162417
206336,206336,0.612449835847824,12933,2,True,2,1.3107874314987038
206337,206337,0.612905523874756,12934,2,True,2,1.307377174509968
206346,206346,0.390354484251752,12935,0,False,1,0.8883233923652395
206347,206347,0.358873431742226,12936,0,False,1,0.9704791397598382
206348,206348,0.360868408890899,12937,0,False,1,0.9642804921842949
206349,206349,0.301760680448812,12938,0,False,1,1.1957789688893783
206350,206350,0.278539810468312,12939,0,False,1,1.2953069765633678
206351,206351,0.256660984930207,12940,0,False,1,1.407642376994671
206391,206391,0.415018437891034,12941,4,True,2,1.8019186497948918
206392,206392,0.414889102085,12942,4,True,2,1.8072235845212907
206462,206462,0.659763706027528,12943,1,True,3,1.7368171473122513
206463,206463,0.657182282077634,12944,1,True,3,1.7401934522153402
206464,206464,0.407182282077634,12945,2,True,3,4.039913063489347
206686,206686,0.527275952541165,12946,0,False,1,1.0693986685559795
206711,206711,0.411567368459217,12947,2,True,1,1.5781257397926607
206712,206712,0.411135180312311,12948,2,True,1,1.5699726649555994
206730,206730,0.413766342799687,12949,0,False,1,1.017109919389852
206731,206731,0.503877166519378,12950,0,False,2,1.449624283596559
206796,206796,0.335716068203453,12951,3,True,1,2.088370519144529
206817,206817,0.500186404095869,12952,2,True,3,4.039913063489347
206818,206818,0.254434379898881,12953,0,False,1,0.9945609087973338
206819,206819,0.252514838657882,12954,0,False,1,0.9959893898582037
206984,206984,0.25081074373935,12955,4,True,2,1.3460290935470207
206985,206985,0.251327028807267,12956,4,True,2,1.3469050206151203
206996,206996,0.321897715728005,12957,2,True,2,1.3770646026674451
206997,206997,0.336154343684636,12958,2,True,1,1.397437838329439
207000,207000,0.357091826572261,12959,1,True,2,1.418546422522416
207001,207001,0.355230526321756,12960,1,True,2,1.4156522221968488
207002,207002,0.345343202617415,12961,1,True,2,1.3997685724014102
207180,207180,0.583333333333333,12962,3,True,2,1.5782979595191755
207181,207181,0.583333333333333,12963,3,True,3,2.920338151795965
207182,207182,0.583333333333333,12964,3,True,3,2.9198766645878598
207183,207183,0.583333333333333,12965,3,True,3,2.9195777759506747
207184,207184,0.358934498502042,12966,3,True,2,1.374175767166582
207185,207185,0.358916827427634,12967,3,True,2,1.372532113236814
207285,207285,0.335967619374777,12968,0,False,1,0.859796492197891
207286,207286,0.334013862918318,12969,0,False,1,0.8517213441812427
207287,207287,0.308484757302105,12970,0,False,1,0.9626757857478098
207288,207288,0.263432381877348,12971,0,False,1,1.5948897985598678
207289,207289,0.269740500820481,12972,0,False,1,1.5120234117937477
207290,207290,0.338514692267863,12973,0,False,1,1.113842108934047
207291,207291,0.345464756523301,12974,0,False,1,1.2060051081373768
207528,207528,0.469091890619196,12975,1,True,2,2.2374467199317887
207759,207759,0.5,12976,3,True,1,4.470107043909776
207780,207780,0.267921126529729,12977,0,False,1,0.9929173029586634
207781,207781,0.268629738639384,12978,0,False,1,1.0012671002293312
207782,207782,0.267917967069664,12979,0,False,1,0.9638976995592994
207783,207783,0.275702350764623,12980,0,False,1,0.9174807288086013
207784,207784,0.279891576166047,12981,0,False,1,0.9263981239639506
207785,207785,0.286850864417989,12982,0,False,1,0.9538545687999176
207808,207808,0.55262736475016,12983,0,False,2,2.186658131235883
207809,207809,0.56525547553847,12984,0,False,2,2.208100173954934
207810,207810,0.557145248626034,12985,0,False,2,3.2304450930840045
207811,207811,0.55234180151703,12986,0,False,2,2.962226696108592
207812,207812,0.472086724509029,12987,0,False,1,1.691845004999852
207813,207813,0.594953707550052,12988,0,False,2,1.9383761539801374
207835,207835,0.738334568779461,12989,0,False,2,1.712030457098369
207836,207836,0.738047008743092,12990,0,False,2,1.7157239344796422
207837,207837,0.737841243449448,12991,0,False,2,1.7192102046067776
207838,207838,0.737651695087399,12992,0,False,2,1.7223379042170952
207839,207839,0.73748340938264,12993,0,False,2,1.725169028673834
207840,207840,0.737299392833929,12994,0,False,2,1.7300286361113608
208127,208127,0.75,12995,2,True,3,2.700075134711085
208128,208128,0.410897532071532,12996,2,True,2,0.9810674946880786
208137,208137,0.407035024356608,12997,0,False,2,4.202077594918621
208138,208138,0.324122800139176,12998,0,False,2,4.303481508211487
208225,208225,0.942312992845581,12999,0,False,3,1.4269430023619962
208226,208226,0.941900196327277,13000,0,False,3,1.462340575075506
208227,208227,0.939926975716401,13001,0,False,3,1.4663250430775032
208228,208228,0.939926975716401,13002,0,False,3,1.4694834347670869
208239,208239,0.944235587077885,13003,0,False,3,1.2549952486438534
208240,208240,0.944235587077885,13004,0,False,3,1.2550308872563238
208241,208241,0.934437983296021,13005,0,False,3,1.2474471607817286
208242,208242,0.435818356939661,13006,3,True,2,1.3601698135087672
208381,208381,0.444637522953941,13007,0,False,1,1.270485822695021
208382,208382,0.274485268080394,13008,1,True,1,2.1624562807635144
208499,208499,0.483080468591032,13009,2,True,1,1.1478217548163585
208500,208500,0.480446758367771,13010,2,True,1,1.116219380652093
208501,208501,0.478748879291659,13011,2,True,1,1.0962759986506552
208502,208502,0.477751814180978,13012,2,True,1,1.082207470705296
208530,208530,0.910247772264233,13013,0,False,2,3.569975592308922
208531,208531,0.910247591961654,13014,0,False,2,3.5697742210707397
208532,208532,0.910248137094931,13015,0,False,2,3.5679839172470063
208542,208542,0.318894125462189,13016,2,True,1,1.6327654268582852
208571,208571,0.36645253541264,13017,2,True,1,1.2149370112793583
208572,208572,0.368106937923857,13018,2,True,1,1.2062029341453628
208573,208573,0.367979771766697,13019,2,True,1,1.2048700467053173
208574,208574,0.367812811623764,13020,2,True,1,1.2026493074988165
208575,208575,0.368715178515805,13021,2,True,1,1.1973019941529095
208576,208576,0.366695416914795,13022,2,True,1,1.1898177098128013
208587,208587,0.283745584418342,13023,1,True,1,1.1606287805505078
208872,208872,0.291779446659902,13024,1,True,1,1.939279839693694
208886,208886,0.476445806572708,13025,3,True,2,1.0537037314962125
208887,208887,0.482992002846062,13026,3,True,2,1.0576638228306918
208888,208888,0.489584808005094,13027,3,True,2,1.0632737063997542
208889,208889,0.49033080428185,13028,3,True,2,1.062139358937627
208905,208905,0.667229071119562,13029,1,True,3,3.92688085292436
208906,208906,0.921560357639373,13030,0,False,3,1.4782365213494
208907,208907,0.934899101186817,13031,0,False,3,1.4742728808018966
208908,208908,0.941958363594098,13032,0,False,3,1.4243815857217113
208925,208925,0.497477699503071,13033,0,False,1,2.757363993118389
208926,208926,0.734967379298712,13034,0,False,2,2.5337557832251147
208927,208927,0.734865729590421,13035,0,False,2,2.532813532233643
208932,208932,0.471448234003509,13036,3,True,1,2.2305241730801777
208973,208973,0.252948997740774,13037,4,True,2,1.3464490391894561
208984,208984,0.288498939404808,13038,0,False,2,1.4739913574268122
209000,209000,0.411563817059913,13039,0,False,2,3.6369903570356326
209001,209001,0.396090206881211,13040,0,False,2,3.588791501770603
209038,209038,0.58380819431578,13041,0,False,1,1.009837717656323
209114,209114,0.400280854918127,13042,4,True,2,1.8041341014517054
209115,209115,0.399379636760476,13043,4,True,2,1.8039220138830994
209116,209116,0.399231574345647,13044,4,True,2,1.8042619002379785
209224,209224,0.583333333333333,13045,3,True,3,2.9728325165207083
209225,209225,0.764926920568644,13046,1,True,3,1.9383602455337738
209226,209226,0.764926920568644,13047,1,True,3,1.9403028482220313
209227,209227,0.765922830122342,13048,1,True,3,1.9411456686408024
209228,209228,0.765922830122342,13049,1,True,3,1.941417519579679
209229,209229,0.765922830122342,13050,1,True,3,1.941956411904916
209230,209230,0.765922830122342,13051,1,True,3,1.9423944107528857
209231,209231,0.765922830122342,13052,1,True,3,1.9426053028944097
209331,209331,0.490824238434801,13053,2,True,2,1.6245565231577335
209332,209332,0.488113135932578,13054,2,True,2,1.6292622863203114
209333,209333,0.445101140254439,13055,2,True,1,1.0421905155645992
209334,209334,0.444925743186418,13056,2,True,1,1.0397035565902868
209335,209335,0.450267993844649,13057,2,True,1,1.2059624567357528
209336,209336,0.450077511448187,13058,2,True,1,1.2014732652829854
209339,209339,0.954937376437807,13059,0,False,3,1.3259318333430934
209340,209340,0.439022507494191,13060,0,False,2,1.997674799633158
209341,209341,0.342149966513483,13061,0,False,2,1.3091849674757698
209344,209344,0.907454836270622,13062,0,False,3,1.4692840842277608
209345,209345,0.895618510608249,13063,0,False,3,1.4740423750683669
209346,209346,0.637148057494698,13064,1,True,3,3.92688085292436
209347,209347,0.275334678864827,13065,0,False,1,1.2240366888156544
209348,209348,0.27561769416086,13066,0,False,1,1.22702066030454
209350,209350,0.916018405858266,13067,0,False,3,1.4614030079717417
209351,209351,0.65101348735464,13068,1,True,1,4.233724138572068
209459,209459,0.370703125481709,13069,0,False,1,1.3906114844401183
209491,209491,0.293492476965512,13070,0,False,1,1.345113606454353
209552,209552,0.541632836740809,13071,0,False,1,1.5025646341794563
209782,209782,0.267674572502924,13072,0,False,1,0.9889425885980995
209783,209783,0.267095561134721,13073,0,False,1,0.9950696219804802
209807,209807,0.639578346248655,13074,0,False,2,1.9305624035053128
210024,210024,0.420830302596479,13075,0,False,2,1.7509240631139054
210025,210025,0.416747502380373,13076,0,False,2,1.7456608148117427
210026,210026,0.417707299928763,13077,0,False,2,1.7233042017389402
210027,210027,0.416837882139986,13078,0,False,2,1.717454187765019
210028,210028,0.370512070848026,13079,0,False,2,2.8805725688283053
210147,210147,0.514597228986399,13080,0,False,2,1.5274602967331492
210196,210196,0.333333333333333,13081,4,True,1,3.901803392274079
210198,210198,0.268329707858064,13082,3,True,1,1.1611066822319862
210199,210199,0.268209669087145,13083,3,True,1,1.1615043246866008
210200,210200,0.25165079712821,13084,3,True,1,1.24550982526979
210201,210201,0.252095749627175,13085,3,True,1,1.2506052106771115
210202,210202,0.252730412438515,13086,3,True,1,1.2566879374387865
210203,210203,0.261759389099937,13087,3,True,1,1.343476830917537
210204,210204,0.292387343878099,13088,3,True,2,1.7472710357888628
210209,210209,0.261877820616162,13089,3,True,1,1.1103789180432484
210210,210210,0.277009736089999,13090,3,True,1,1.0604810454630482
210211,210211,0.277102114032814,13091,3,True,1,1.0606559675936842
210212,210212,0.277298435142905,13092,3,True,1,1.0611469800097912
210213,210213,0.510667936222077,13093,0,False,1,1.058400096223856
210214,210214,0.507999231262801,13094,0,False,1,1.0574646709784878
210215,210215,0.507732115736739,13095,0,False,1,1.0581755492622973
210216,210216,0.361726960447648,13096,1,True,1,2.077690535897326
210295,210295,0.564598105803106,13097,2,True,2,1.4987084619635886
210296,210296,0.576967781695632,13098,2,True,1,1.487137549139506
210495,210495,0.391521646063892,13099,2,True,1,1.1235289823711647
210496,210496,0.335716068203453,13100,3,True,1,2.088370519144529
210519,210519,0.344268218193606,13101,0,False,2,4.035403785704186
210549,210549,0.316274984217373,13102,0,False,1,0.9118269820303937
210550,210550,0.348506289289292,13103,0,False,2,1.047735395837567
210551,210551,0.344437299708382,13104,0,False,2,1.0676938190411858
210552,210552,0.465524302292978,13105,0,False,1,1.0432305198625713
210640,210640,0.540498376288023,13106,0,False,1,1.0710745084213589
210714,210714,0.36929364664407,13107,0,False,1,2.0151057216988604
210715,210715,0.369109327447836,13108,0,False,1,2.015941612917735
210716,210716,0.494104338580942,13109,0,False,2,1.267789754426281
210717,210717,0.494394187210517,13110,0,False,2,1.2672502099756953
210724,210724,0.250411971933428,13111,0,False,1,1.4285623755329528
210726,210726,0.382293211317724,13112,0,False,2,2.7572440772640965
210727,210727,0.370135929799135,13113,1,True,2,1.4988518563331579
210728,210728,0.367789052103538,13114,1,True,2,1.5065965595894497
210729,210729,0.371359354221934,13115,1,True,2,1.5013380762145407
210730,210730,0.770911369230873,13116,1,True,3,2.0788570789901875
210731,210731,0.770911369230873,13117,1,True,3,2.056826227266138
210732,210732,0.770911369230873,13118,1,True,3,2.051431714451434
210733,210733,0.811040104416503,13119,1,True,3,2.0474322641994984
210734,210734,0.36700368436559,13120,1,True,2,1.3748714870952945
210735,210735,0.397447314063454,13121,0,False,2,2.6824019362465186
210736,210736,0.392536479357166,13122,0,False,2,2.674737470947977
210737,210737,0.3957931208644,13123,0,False,2,1.5961684823083917
210738,210738,0.320036519507966,13124,0,False,1,1.221772704410129
210739,210739,0.261583386016548,13125,1,True,1,1.9702074188236776
210795,210795,0.56033361256953,13126,0,False,2,1.5884550284953936
210914,210914,0.289468724086652,13127,1,True,1,2.146797757189196
211021,211021,0.51969137908988,13128,2,True,1,3.5389709498244226
211022,211022,0.899193037183911,13129,0,False,2,3.59883641097623
211023,211023,0.900022284934805,13130,0,False,3,1.475424518158866
211024,211024,0.92059866399242,13131,0,False,3,1.4610005670345816
211025,211025,0.304048841506639,13132,0,False,2,1.6441887837110951
211026,211026,0.287419110672055,13133,0,False,2,1.6127706163112787
211027,211027,0.279371490926267,13134,0,False,2,1.6102721792122998
211028,211028,0.272512432024284,13135,0,False,2,1.6147576335859217
211096,211096,0.43921312817748,13136,2,True,1,0.987671850534931
211097,211097,0.43934044686075,13137,2,True,1,0.9868081018084737
211098,211098,0.450072230926494,13138,2,True,1,0.9914424458364328
211099,211099,0.448155432610693,13139,2,True,1,0.8967402678879609
211100,211100,0.45313734690809,13140,2,True,1,0.9994510136348315
211101,211101,0.442454137764445,13141,2,True,1,0.9908928988886888
211102,211102,0.453058210077245,13142,2,True,1,0.9958819303859667
211119,211119,0.29191595394875,13143,0,False,1,0.9537724786461841
211120,211120,0.303054297299837,13144,0,False,1,1.061535482849418
211121,211121,0.293945545665194,13145,0,False,1,1.0189782869468742
211122,211122,0.260891414850987,13146,0,False,1,1.357535990520067
211123,211123,0.257097587729285,13147,0,False,1,1.3788921769777231
211316,211316,0.313177438697665,13148,4,True,1,1.7427785481258038
211317,211317,0.312731165320345,13149,4,True,1,1.7418128711048415
211318,211318,0.310511929741534,13150,4,True,1,1.739271195116356
211319,211319,0.307435230269262,13151,4,True,1,1.7313365908776615
211366,211366,0.270697031311749,13152,0,False,2,3.998657537529539
211546,211546,0.454584804768762,13153,2,True,1,1.2526184799978075
211547,211547,0.443196839167547,13154,2,True,1,1.1641095871437523
211548,211548,0.422000560211657,13155,2,True,1,1.3346894568700665
211549,211549,0.4130466656034,13156,2,True,1,1.3344202189676604
211550,211550,0.406326445661922,13157,2,True,1,1.3216004397125607
211559,211559,0.292094500800903,13158,1,True,1,1.9263149668443913
211788,211788,0.306724007626779,13159,3,True,1,1.0514429755997048
211822,211822,0.339085199297886,13160,0,False,1,0.9162420357850519
211823,211823,0.325512035259581,13161,0,False,1,0.8810596573395897
211824,211824,0.385541511916033,13162,0,False,2,2.155441819015811
211825,211825,0.388847048710244,13163,0,False,2,2.1503649139458045
211973,211973,0.535357417600076,13164,1,True,2,4.050099529931946
211974,211974,0.523037541358497,13165,1,True,2,4.065362011322796
211975,211975,0.522553131525681,13166,1,True,2,4.002014813551792
211976,211976,0.524800850982168,13167,1,True,2,0.8479488602397249
212212,212212,0.283667208220757,13168,0,False,1,1.557719432186237
212213,212213,0.284738409237778,13169,0,False,1,1.5424027433628562
212214,212214,0.296768532702292,13170,0,False,1,1.485335019616198
212215,212215,0.362178103348643,13171,0,False,1,1.1439121217579666
212216,212216,0.343257278968582,13172,0,False,1,1.1909414221662453
212217,212217,0.343333006753108,13173,0,False,1,1.1980975672693313
212446,212446,0.507118624308462,13174,0,False,1,1.1039045906088558
212447,212447,0.511245072729488,13175,0,False,1,1.149300012936429
212448,212448,0.491347372745603,13176,0,False,1,1.0929854536628714
212449,212449,0.317919329202763,13177,1,True,1,0.9412491345024442
212450,212450,0.333699146492401,13178,1,True,1,0.9725312095219482
212451,212451,0.363078942208747,13179,1,True,1,1.1541884010463634
212452,212452,0.368013899843856,13180,1,True,1,1.15030560648325
212453,212453,0.37501671568352,13181,1,True,1,1.1735683203167497
212454,212454,0.402558073975918,13182,1,True,2,1.3410706909244037
212455,212455,0.419203742586583,13183,1,True,2,1.3042083085970797
212456,212456,0.390632974717471,13184,1,True,1,1.2161080914196394
212457,212457,0.394923118361781,13185,1,True,2,1.208531095779362
212458,212458,0.404656387566451,13186,1,True,2,1.1815548748604
212459,212459,0.418430420360188,13187,1,True,2,1.1277558136378947
212460,212460,0.432807674036206,13188,1,True,2,1.0617096096402578
212461,212461,0.436076938398629,13189,1,True,2,1.054429718052513
212462,212462,0.445847442980997,13190,1,True,2,1.028406458777195
212541,212541,0.485324889834963,13191,1,True,2,0.9984437163310201
212542,212542,0.512452664249436,13192,1,True,2,1.0162890527834734
212543,212543,0.519391192923922,13193,1,True,2,1.2021489628035547
212544,212544,0.513864825892441,13194,1,True,2,1.200780522816194
212584,212584,0.49381316579077,13195,0,False,2,1.1536337338784493
212585,212585,0.355649067419909,13196,0,False,2,1.1034572624092112
212586,212586,0.359160705774759,13197,0,False,2,1.1187154338533951
212775,212775,0.25576695457275,13198,4,True,1,2.1128167562536646
212776,212776,0.354601013847046,13199,3,True,1,1.0698202803761951
212781,212781,0.25576695457275,13200,4,True,1,2.1128167562536646
212782,212782,0.351169162734921,13201,3,True,1,1.0618806302222807
212783,212783,0.346336188390405,13202,3,True,1,1.052870346052272
212784,212784,0.319441655185578,13203,3,True,1,1.150231064415406
212785,212785,0.317056753132821,13204,3,True,1,1.1476678284749802
212786,212786,0.316903526083787,13205,3,True,1,1.1482321136950582
212787,212787,0.3164857712739,13206,3,True,1,1.1443507843506324
212790,212790,0.338032046559703,13207,3,True,1,1.074783098671349
212791,212791,0.337895957548217,13208,3,True,1,1.073691340062517
212792,212792,0.33774373618215,13209,3,True,1,1.0726755106430506
212793,212793,0.337488589131342,13210,3,True,1,1.0704123650935398
213078,213078,0.394324311395445,13211,1,True,1,2.094324785982102
213154,213154,0.822477289895531,13212,1,True,3,1.931237362130757
213155,213155,0.822477289895531,13213,1,True,3,1.9311104414247853
213156,213156,0.822477289895531,13214,1,True,3,1.9303665430142758
213157,213157,0.822477289895531,13215,1,True,3,1.930533336641479
213161,213161,0.822477289895531,13216,1,True,3,1.9566193584339628
213167,213167,0.513784699724113,13217,2,True,1,0.8896703385881012
213168,213168,0.520615643995794,13218,2,True,1,0.8939706865184037
213169,213169,0.410769354376258,13219,3,True,1,2.115875902595283
213287,213287,0.530504984706461,13220,2,True,2,1.1776718322803006
213288,213288,0.531287723460394,13221,2,True,2,1.1778791318139383
213289,213289,0.531839885456374,13222,2,True,2,1.1781682766433188
213290,213290,0.386129719449448,13223,2,True,2,1.0856277434081447
213291,213291,0.381597823276285,13224,2,True,2,1.0789832817635674
213292,213292,0.349931434237929,13225,2,True,2,1.0550898387406251
213296,213296,0.943900913000403,13226,0,False,3,1.2483303022903711
213297,213297,0.943900913000403,13227,0,False,3,1.2485182729534474
213298,213298,0.944143867200241,13228,0,False,3,1.2483067631062856
213299,213299,0.944284123684318,13229,0,False,3,1.248070342655322
213300,213300,0.944284123684318,13230,0,False,3,1.4059285110377078
213301,213301,0.945115675440034,13231,0,False,3,1.4068220520015298
213302,213302,0.945115675440034,13232,0,False,3,1.4063247755673942
213303,213303,0.945841122572613,13233,0,False,3,1.2312333776308513
213304,213304,0.946111691309248,13234,0,False,3,1.231051979978559
213312,213312,0.297577491870268,13235,1,True,2,1.661787623643475
213313,213313,0.297655496934919,13236,1,True,2,1.6617035130038624
213314,213314,0.284123079651675,13237,1,True,1,1.2953241160037599
213315,213315,0.283938999464944,13238,1,True,1,1.294626129507052
213316,213316,0.283739556225552,13239,1,True,1,1.292869117973092
213317,213317,0.263854262228484,13240,0,False,1,1.6523165145961833
213318,213318,0.326500754660431,13241,0,False,1,1.4619922106149408
213319,213319,0.350680691670787,13242,0,False,1,1.5043789383617794
213320,213320,0.350931959174917,13243,0,False,1,1.5067046030096296
213322,213322,0.416675660220661,13244,0,False,1,1.2207006299877576
213323,213323,0.417860560511772,13245,0,False,1,1.2123223506185823
213324,213324,0.417998071008807,13246,0,False,1,1.2098811165438235
213325,213325,0.483203035717251,13247,0,False,2,2.5101122155015507
213326,213326,0.486122673800205,13248,0,False,2,2.5593228346341625
213327,213327,0.489025649542905,13249,0,False,2,2.5594708525460197
213362,213362,0.374454568207557,13250,0,False,2,3.571917298904102
213422,213422,0.546655655109919,13251,0,False,1,1.5069882247948891
213423,213423,0.532604389199476,13252,0,False,1,1.4337898948474206
213424,213424,0.519356019497114,13253,0,False,1,1.3588311399564543
213425,213425,0.512188185457978,13254,0,False,1,1.259321717400152
213426,213426,0.501380091796125,13255,0,False,1,1.1326259384367474
213448,213448,0.346703530997132,13256,2,True,1,0.9447014063384854
213449,213449,0.351876553094943,13257,2,True,1,1.5444868141201604
213450,213450,0.335993017801683,13258,2,True,1,2.051315322319668
213655,213655,0.317839169429363,13259,0,False,2,1.4818571131978089
213656,213656,0.289658318733499,13260,0,False,1,1.508784977169231
213657,213657,0.328457256150191,13261,2,True,1,1.9547485609968982
213658,213658,0.327776331625595,13262,2,True,1,1.986311071848868
213659,213659,0.323465137656225,13263,2,True,1,2.077996889628377
213746,213746,0.450558997162618,13264,0,False,2,1.3126261248588404
213747,213747,0.450064824589195,13265,1,True,2,1.3059260714623735
213748,213748,0.450638566145547,13266,1,True,2,1.2905635815004382
213749,213749,0.442164696179772,13267,1,True,2,1.3046994998735648
213770,213770,0.385208557222194,13268,1,True,1,2.087036880569522
213906,213906,0.764313817440683,13269,0,False,2,2.941790208489594
214101,214101,0.442344406223428,13270,0,False,2,2.9173908927131253
214102,214102,0.92372198081553,13271,0,False,3,1.2451608459463734
214147,214147,0.289633735617709,13272,3,True,1,2.1900226640334868
214148,214148,0.470500348966894,13273,2,True,1,1.5091859655401436
214149,214149,0.470778525864679,13274,2,True,1,1.5098334017224442
214150,214150,0.470809103425818,13275,2,True,1,1.5106435495441872
214151,214151,0.471080528341696,13276,2,True,1,1.5106738473303039
214152,214152,0.471236041892911,13277,2,True,1,1.5102931431191957
214153,214153,0.471607910072981,13278,1,True,1,1.511076101119605
214154,214154,0.472615309677458,13279,1,True,1,1.5101827690883642
214326,214326,0.910414500661373,13280,0,False,3,1.618147511376143
214327,214327,0.910414500661373,13281,0,False,3,1.61736809729744
214328,214328,0.910414500661373,13282,0,False,3,1.248636047877341
214329,214329,0.909435284108229,13283,0,False,3,1.2486430315088137
214330,214330,0.909435284108229,13284,0,False,3,1.2966506928257568
214331,214331,0.909293075375296,13285,0,False,3,1.2967131425106317
214332,214332,0.909293075375296,13286,0,False,3,1.296605970198039
214333,214333,0.909293075375296,13287,0,False,3,1.2959827110115867
214334,214334,0.91517296404932,13288,0,False,3,1.281633751654085
214335,214335,0.91517296404932,13289,0,False,3,1.2815893640835518
214336,214336,0.91517296404932,13290,0,False,3,1.2398912018971782
214337,214337,0.91517296404932,13291,0,False,3,1.2396681671540972
214338,214338,0.909293075375296,13292,0,False,3,1.239569715426877
214339,214339,0.910287098853886,13293,0,False,3,1.3328391308978365
214340,214340,0.910287098853886,13294,0,False,3,1.3326408369194784
214341,214341,0.910414500661373,13295,0,False,3,1.3327851730174889
214493,214493,0.380213735429073,13296,3,True,1,1.0726777726193675
214494,214494,0.298786903691295,13297,3,True,1,1.1963133919728892
214495,214495,0.298510994063981,13298,3,True,1,1.1956259906957798
214497,214497,0.332361001154935,13299,2,True,1,1.7013308313103854
214498,214498,0.343954242908939,13300,0,False,2,1.0476572007402858
214555,214555,0.566893014185352,13301,0,False,2,1.2630300264508727
214556,214556,0.571337420954518,13302,0,False,2,1.2914325357772949
214661,214661,0.259152931892664,13303,0,False,1,0.9419615522011255
214662,214662,0.254099511676316,13304,0,False,1,1.0464447283925284
214667,214667,0.502127359519193,13305,0,False,1,0.8249254417523711
214756,214756,0.452714642029673,13306,0,False,1,1.1616355148713486
214757,214757,0.397702415223299,13307,0,False,1,1.333203007453399
214758,214758,0.479284106677631,13308,0,False,1,1.3806003016873976
214759,214759,0.478809405872637,13309,0,False,1,1.3774043002011145
214760,214760,0.478388586799002,13310,0,False,1,1.379103105184341
214789,214789,0.467466323062933,13311,3,True,1,1.4446234381251764
214790,214790,0.467258404424856,13312,3,True,1,1.4450902672768235
214791,214791,0.467201811486344,13313,3,True,1,1.445038821934703
214792,214792,0.467125464169843,13314,3,True,1,1.445559527017725
214793,214793,0.467121490531128,13315,3,True,1,1.4462006469123854
214794,214794,0.288324271752044,13316,4,True,1,2.1627398843744836
214795,214795,0.39271207053393,13317,2,True,1,1.1178849588581554
214796,214796,0.39268006968737,13318,2,True,1,1.116626883527381
214797,214797,0.394412907709719,13319,2,True,1,1.1071694102793597
214798,214798,0.394348897177737,13320,2,True,1,1.105874089035215
214799,214799,0.39429737851158,13321,2,True,1,1.1032076024935205
214883,214883,0.353976079505952,13322,0,False,2,1.0454028340751786
214884,214884,0.354190092707065,13323,0,False,2,1.0453925773019128
214885,214885,0.354007756206031,13324,0,False,2,1.044811471582296
214888,214888,0.25657794346859,13325,0,False,1,1.3774663899760629
215022,215022,0.928403446113729,13326,0,False,3,1.3971351281745685
215023,215023,0.928403446113729,13327,0,False,3,1.397914630613028
215106,215106,0.585240549597678,13328,2,True,3,2.2700160545329093
215107,215107,0.585240549597678,13329,2,True,3,2.2740513265808038
215108,215108,0.585240549597678,13330,2,True,3,2.2799661336731813
215109,215109,0.583333333333333,13331,3,True,3,2.9591415404464487
215110,215110,0.583333333333333,13332,3,True,3,2.9610568895251976
215111,215111,0.583333333333333,13333,3,True,3,2.962724504615147
215112,215112,0.583333333333333,13334,3,True,3,2.965398955422976
215113,215113,0.583333333333333,13335,3,True,3,2.966055259198911
215114,215114,0.333333333333333,13336,4,True,1,3.901803392274079
215115,215115,0.59539061741792,13337,2,True,3,2.2907240416895376
215116,215116,0.589668968624886,13338,2,True,3,2.296258058260836
215117,215117,0.339668968624886,13339,3,True,3,4.302249262722952
215134,215134,0.52160669780641,13340,0,False,2,1.9226698391608659
215135,215135,0.955702378761025,13341,0,False,3,2.1205898796358795
215136,215136,0.957081567647169,13342,0,False,3,2.132508541787506
215187,215187,0.268193979344492,13343,1,True,1,0.9663338490026078
215188,215188,0.254268535288634,13344,1,True,1,0.9800221977936944
215189,215189,0.252148500481039,13345,1,True,1,0.9726985735446039
215199,215199,0.270464205003365,13346,0,False,1,1.4228627614441651
215200,215200,0.642377381931925,13347,1,True,3,1.7063200570033847
215201,215201,0.638835623646518,13348,1,True,3,1.7551691687241133
215202,215202,0.638835623646518,13349,1,True,3,1.7588612822226968
215203,215203,0.638835623646518,13350,1,True,3,1.7595377818253126
215204,215204,0.638835623646518,13351,1,True,3,1.739036307128523
215205,215205,0.638835623646518,13352,1,True,3,1.7349644720211157
215206,215206,0.638835623646518,13353,1,True,3,1.732767383917883
215231,215231,0.769233088018467,13354,0,False,2,2.5958728317175535
215232,215232,0.76949193490716,13355,0,False,2,2.592894708740746
215263,215263,0.333333333333333,13356,2,True,1,2.299238125459992
215264,215264,0.556451946259616,13357,1,True,2,1.6838469915389325
215265,215265,0.558763889734857,13358,1,True,2,1.6788864389578497
215266,215266,0.289996245857651,13359,2,True,2,1.2895642440071144
215608,215608,0.358169640510649,13360,2,True,1,1.1930454622860711
215723,215723,0.659440419366607,13361,0,False,2,1.4282761461900129
215828,215828,0.786391321285298,13362,0,False,3,1.7156535555902412
215829,215829,0.790531344615071,13363,0,False,2,3.5469050414122125
215830,215830,0.79052517518744,13364,0,False,2,3.5489605983402592
215911,215911,0.489858690360887,13365,1,True,2,1.2019577970606492
215928,215928,0.660141216153868,13366,0,False,2,1.4022753165825907
215943,215943,0.414989138718544,13367,1,True,1,1.1470854479519648
215946,215946,0.621135052831124,13368,2,True,3,2.2974364882789184
215947,215947,0.621135052831124,13369,2,True,3,2.298549177349998
215948,215948,0.371135052831124,13370,3,True,3,4.302249262722952
216076,216076,0.332958277525477,13371,1,True,1,2.169364457442593
216096,216096,0.452678901679107,13372,3,True,2,1.0586726877222465
216097,216097,0.453584910741729,13373,3,True,2,1.0578836626782133
216098,216098,0.470057089887245,13374,3,True,2,1.1484988532474967
216099,216099,0.470993426103182,13375,3,True,2,1.1493573794424927
216100,216100,0.495915790025683,13376,3,True,2,1.0486101852068281
216101,216101,0.496371718001862,13377,3,True,2,1.0495553598074137
216102,216102,0.496576183877413,13378,3,True,2,1.0499887523039722
216103,216103,0.513865754319799,13379,3,True,2,1.093976291477929
216104,216104,0.583333333333333,13380,3,True,3,2.9030922804790844
216108,216108,0.365492196127237,13381,2,True,1,1.2377811042035516
216116,216116,0.935219284386477,13382,0,False,3,1.3126716733289383
216173,216173,0.432490350002569,13383,2,True,1,1.681715156919159
216174,216174,0.432239209997739,13384,2,True,1,1.6847921054039798
216175,216175,0.420701068914679,13385,3,True,2,1.4570488268228596
216176,216176,0.422380808683998,13386,3,True,2,1.45353749352813
216177,216177,0.424790458330635,13387,3,True,2,1.4492412171603266
216317,216317,0.350783879854294,13388,3,True,3,4.302249262722952
216450,216450,0.312886801985159,13389,0,False,1,1.280546601900685
216451,216451,0.309062949047927,13390,0,False,1,1.4144740958949362
216452,216452,0.321982280218103,13391,0,False,1,1.3739255576132798
216482,216482,0.52859795482342,13392,0,False,2,1.2508800096498431
216483,216483,0.58703010051105,13393,0,False,2,1.408589957935827
216484,216484,0.509235265088428,13394,0,False,2,1.186430903339324
216485,216485,0.509940441631647,13395,0,False,2,1.142601527342108
216486,216486,0.505733563963249,13396,0,False,2,1.1855051508753478
216487,216487,0.503204692929307,13397,0,False,2,1.2045261855603804
216488,216488,0.503773947200042,13398,0,False,2,1.2024497351385468
216500,216500,0.365267944485281,13399,3,True,1,1.0164851730494895
216503,216503,0.376405039577683,13400,1,True,1,1.274798954632348
216504,216504,0.391164405247856,13401,1,True,2,1.2907128874810367
216505,216505,0.408800466673299,13402,1,True,2,1.2429516165474088
216506,216506,0.446962840374883,13403,1,True,2,1.2297236649833492
216507,216507,0.482906446853711,13404,1,True,2,1.238496649426459
216525,216525,0.285546095248388,13405,2,True,1,1.323155677662859
216549,216549,0.331731881305509,13406,0,False,1,1.0438954831402851
216562,216562,0.354253845591311,13407,3,True,2,1.0731081825746054
216570,216570,0.258778471810537,13408,3,True,1,0.7993295330134516
216572,216572,0.495261111773822,13409,1,True,2,2.3859954156874266
216644,216644,0.477055946290831,13410,0,False,2,1.4069305563232741
216703,216703,0.367499223682657,13411,0,False,1,1.3449585497564627
216704,216704,0.365138074536462,13412,0,False,1,1.3551594206141686
216705,216705,0.361184159444672,13413,0,False,1,1.3559309255067817
216706,216706,0.360919454761151,13414,0,False,1,1.3562132959216373
216707,216707,0.359713975650616,13415,0,False,1,1.358135204249851
216708,216708,0.359401748647568,13416,0,False,1,1.3584146668727286
216709,216709,0.358666527725036,13417,0,False,1,1.358923540420251
216710,216710,0.35618256773057,13418,0,False,1,1.3689120296316197
216711,216711,0.35553414559761,13419,0,False,1,1.369133050660398
216752,216752,0.370514078765628,13420,0,False,1,1.3668196017894518
216753,216753,0.370671114086018,13421,0,False,1,1.3659644027282167
216763,216763,0.685801666072048,13422,1,True,3,1.747832689056781
216764,216764,0.685801666072048,13423,1,True,3,1.7456595036053788
216765,216765,0.690512679324793,13424,1,True,3,1.7443603178679785
216766,216766,0.690512679324793,13425,1,True,3,1.7433950098851756
216767,216767,0.690512679324793,13426,1,True,3,1.7423120340075573
216768,216768,0.690512679324793,13427,1,True,3,1.7413279716749146
216769,216769,0.690512679324793,13428,1,True,3,1.74040437332619
216770,216770,0.695714181630278,13429,1,True,3,1.7384929591968632
217153,217153,0.397925361658647,13430,1,True,1,2.0932530699772824
217154,217154,0.529905914126723,13431,0,False,1,1.0079193551570014
217181,217181,0.398209259657506,13432,0,False,2,1.4602589880691839
217248,217248,0.313909589241981,13433,1,True,2,1.0296576381142764
217249,217249,0.507497266643809,13434,0,False,2,1.2048729772570985
217250,217250,0.506685739615655,13435,0,False,2,1.218896136270086
217251,217251,0.504015039584509,13436,0,False,2,1.2074084332878874
217252,217252,0.515658604867762,13437,0,False,2,1.152146609402654
217253,217253,0.513864165561401,13438,0,False,2,1.2060079439230706
217254,217254,0.585968132278559,13439,0,False,2,1.4200998542823478
217295,217295,0.735748594024726,13440,0,False,2,1.7633703324926724
217296,217296,0.788173635579416,13441,0,False,2,1.869764713311898
217297,217297,0.787711022942334,13442,0,False,2,1.8806986531908523
217298,217298,0.781434471171686,13443,1,True,2,1.8991682306040008
217299,217299,0.617029290954111,13444,2,True,2,1.8327293246843728
217300,217300,0.641732766917687,13445,2,True,2,2.6697437406295825
217301,217301,0.641732766917687,13446,2,True,3,2.2971768764203064
217302,217302,0.391732766917687,13447,3,True,3,4.302249262722952
217381,217381,0.583333333333333,13448,3,True,3,2.8848971720852523
217382,217382,0.583333333333333,13449,3,True,3,2.857851854565746
217383,217383,0.268565130278135,13450,3,True,2,1.4769946801663187
217384,217384,0.365079508337609,13451,3,True,2,1.3408202712520334
217385,217385,0.335368719985027,13452,3,True,2,1.1647080131051468
217386,217386,0.327764522738188,13453,3,True,1,1.315309418606236
217387,217387,0.351450269513585,13454,3,True,2,1.33231295140204
217388,217388,0.287567646652428,13455,3,True,1,0.9140648525135744
217389,217389,0.583333333333333,13456,3,True,3,3.0992082056256023
217390,217390,0.583333333333333,13457,3,True,3,2.959990503979789
217391,217391,0.267386816067088,13458,3,True,1,0.8502002203104414
217392,217392,0.283657420984303,13459,3,True,1,0.8531655404600744
217393,217393,0.273234426357493,13460,3,True,1,0.9200904209193792
217394,217394,0.27100257881677,13461,3,True,1,0.9236840588181644
217397,217397,0.295743051482933,13462,3,True,2,1.6253721035214577
217399,217399,0.583333333333333,13463,3,True,3,2.9429460825003613
217484,217484,0.282551105242546,13464,2,True,2,1.0083516331977915
217486,217486,0.294409266732653,13465,2,True,2,0.9901941928815005
217491,217491,0.32118437504415,13466,2,True,2,0.9676388677248988
217492,217492,0.29834762212638,13467,2,True,2,0.9874825302044906
217494,217494,0.324565336681389,13468,2,True,2,2.012887913615961
217577,217577,0.311577002313926,13469,0,False,2,2.2624299355780098
217578,217578,0.841814247225471,13470,0,False,3,1.3123162511116353
217579,217579,0.841814247225471,13471,0,False,3,1.3133185311170181
217580,217580,0.841814247225471,13472,0,False,3,1.3194689303811882
217581,217581,0.841814247225471,13473,0,False,3,1.2894330876858262
217582,217582,0.842429177499963,13474,0,False,2,3.464573149368857
217583,217583,0.842432449281458,13475,0,False,3,1.4006712466045754
217584,217584,0.842432449281458,13476,0,False,3,1.402468865493142
217585,217585,0.781062921595205,13477,0,False,2,2.7206955862854962
217586,217586,0.797186833739274,13478,0,False,2,3.373008040227651
217587,217587,0.799560328855849,13479,0,False,2,3.439306894608148
217588,217588,0.845013873231352,13480,0,False,2,3.4846107040522507
217589,217589,0.845004953659718,13481,0,False,2,3.484673980309618
217590,217590,0.842432449281458,13482,0,False,2,3.4643811133386224
217591,217591,0.830061317469792,13483,0,False,2,2.874632147749205
217592,217592,0.793772940572257,13484,0,False,2,2.768363856759395
217593,217593,0.761354584446488,13485,0,False,2,2.6230015411002454
217594,217594,0.77441772678791,13486,0,False,2,2.7092174502896342
217595,217595,0.793090595398069,13487,0,False,2,3.3692266614059836
217596,217596,0.845013873231352,13488,0,False,3,1.4059133668202188
217597,217597,0.845013873231352,13489,0,False,3,1.402482211025829
217598,217598,0.842432449281458,13490,0,False,3,2.79305343149547
217599,217599,0.842432449281458,13491,0,False,3,1.2784519715055518
217600,217600,0.841498648536905,13492,0,False,3,1.2884132698939168
217601,217601,0.841498648536905,13493,0,False,3,1.2890367989676768
217602,217602,0.841498648536905,13494,0,False,3,1.2903768098374304
217603,217603,0.841498648536905,13495,0,False,3,1.291207816211322
217604,217604,0.530673443194704,13496,1,True,2,1.6018432987659215
217605,217605,0.572162827086509,13497,1,True,2,3.289898579381151
217606,217606,0.66754303092089,13498,1,True,3,1.5933975492969525
217607,217607,0.859066803286556,13499,0,False,3,2.8716415557317796
217608,217608,0.859066803286556,13500,0,False,3,4.2567620172180245
217609,217609,0.925994915418681,13501,0,False,3,2.349793172694725
217610,217610,0.92556785841364,13502,0,False,3,1.2388846585287516
217611,217611,0.936517012210804,13503,0,False,3,1.2473714443471517
217612,217612,0.937103302676442,13504,0,False,3,1.2332979497607526
217613,217613,0.925994915418681,13505,0,False,3,3.271804248013478
217614,217614,0.92556785841364,13506,0,False,3,1.8901659431224274
217615,217615,0.936517012210804,13507,0,False,3,1.89025454027187
217616,217616,0.937103302676442,13508,0,False,3,3.2691867658478855
217617,217617,0.936517012210804,13509,0,False,3,3.2676032791767415
217618,217618,0.949255732730636,13510,0,False,3,1.2321214666656133
217619,217619,0.949422263394726,13511,0,False,3,1.2325461110514753
217620,217620,0.949422263394726,13512,0,False,3,1.328833183463558
217621,217621,0.949422263394726,13513,0,False,3,1.2328712908495347
217622,217622,0.949422263394726,13514,0,False,3,1.2338556041133064
217623,217623,0.949013288059537,13515,0,False,3,1.2334523832317734
217624,217624,0.254842592705275,13516,1,True,1,2.1403703331353574
217625,217625,0.452581306354005,13517,1,True,2,1.4626512422220161
217626,217626,0.414259948933872,13518,1,True,2,1.2110972430101552
217627,217627,0.41306787352273,13519,1,True,2,1.2105974904511174
217628,217628,0.406134784933108,13520,1,True,2,0.8086144389237885
217629,217629,0.430114306002289,13521,1,True,2,1.2974915335905586
217630,217630,0.424263915977228,13522,0,False,1,0.9867257003795067
217631,217631,0.429324393865801,13523,0,False,1,0.48831291556603906
217632,217632,0.336988054859746,13524,0,False,1,1.247839821235718
217633,217633,0.306028731900244,13525,0,False,1,0.8642938390379071
217634,217634,0.272617240917814,13526,0,False,1,1.0548621087125296
217635,217635,0.272894614003542,13527,0,False,1,1.0583624970864982
217636,217636,0.337488712639708,13528,0,False,2,2.8479776333525657
217637,217637,0.37505186310542,13529,0,False,2,1.071039453420372
217638,217638,0.339916994549281,13530,0,False,1,0.6040284415019794
217639,217639,0.340028494543798,13531,0,False,1,0.5995675980680901
217640,217640,0.365080903705535,13532,0,False,2,2.800980197002963
217641,217641,0.265840743652806,13533,0,False,1,1.3663950147742434
217642,217642,0.409673083264458,13534,0,False,2,0.9285392586769875
217643,217643,0.3400209877624,13535,0,False,1,0.6043786994649383
217644,217644,0.537886618178997,13536,0,False,1,2.5090005361320658
217645,217645,0.565441264080403,13537,0,False,2,2.3890633647134343
217646,217646,0.661097410245744,13538,0,False,2,2.4715528608055792
217647,217647,0.660927248159723,13539,0,False,2,2.0908140036569605
217648,217648,0.663833135452331,13540,0,False,2,2.480097686993641
217649,217649,0.671021596830293,13541,0,False,2,2.2821971521009803
217650,217650,0.664564674574583,13542,0,False,2,2.0995432919464854
217651,217651,0.564946458512768,13543,0,False,2,2.3918775241109467
217652,217652,0.864527416396927,13544,0,False,3,1.2852767520122677
217653,217653,0.864527416396927,13545,0,False,3,1.2876307670314904
217654,217654,0.864527416396927,13546,0,False,3,1.2352773808656015
217655,217655,0.864527416396927,13547,0,False,3,1.2560099546143146
217656,217656,0.630054292784644,13548,0,False,2,2.0236140148052324
217657,217657,0.636168020181813,13549,0,False,2,2.1637217619773748
217658,217658,0.705432865882918,13550,0,False,2,2.4947262523888885
217659,217659,0.70915754998171,13551,0,False,2,2.0571311599892854
217660,217660,0.533304706202443,13552,0,False,2,1.5289976156858898
217661,217661,0.682020930103584,13553,0,False,2,1.6190999615712336
217761,217761,0.47713711629616,13554,0,False,2,1.3276475897208917
217782,217782,0.724775909750213,13555,2,True,2,1.7022372460354043
217783,217783,0.75,13556,2,True,3,2.7402463953975
217784,217784,0.949422263394726,13557,0,False,3,1.7967180505210554
217785,217785,0.949422263394726,13558,0,False,3,1.2338254642480555
217786,217786,0.842432449281458,13559,0,False,3,1.291462458515072
217787,217787,0.842425211562274,13560,0,False,2,3.4911686785744855
217805,217805,0.358934498502042,13561,3,True,2,1.4087423914633344
217806,217806,0.358881093827154,13562,3,True,2,1.364261015851302
217809,217809,0.580925197430289,13563,0,False,2,4.6127214946057755
217810,217810,0.573815947522247,13564,0,False,2,1.6101062527508474
217811,217811,0.582321997760625,13565,0,False,2,5.734611558827304
217812,217812,0.586775702103511,13566,0,False,2,4.618827838360221
217813,217813,0.496619334689493,13567,0,False,2,1.588470690903383
217814,217814,0.520618769868678,13568,0,False,2,1.2721435543183264
217815,217815,0.491858232637779,13569,0,False,2,1.527778383994729
217816,217816,0.51626309132497,13570,0,False,2,1.2522771826579302
217817,217817,0.450831675360544,13571,0,False,1,1.4704450964056173
217818,217818,0.287369456169494,13572,1,True,2,2.563921804705706
217847,217847,0.298410908507446,13573,0,False,2,1.188039282825519
217848,217848,0.301765076166646,13574,0,False,2,1.1779130191366036
217859,217859,0.442417883779743,13575,0,False,1,1.1612532398101454
217860,217860,0.765922830122342,13576,1,True,3,1.968233371555938
217861,217861,0.76592175584532,13577,1,True,2,2.557032100378657
217862,217862,0.457041210626329,13578,1,True,2,2.287226712190572
217863,217863,0.811753537557747,13579,1,True,3,1.9282895470788453
217864,217864,0.811753537557747,13580,1,True,3,2.02407422884186
217865,217865,0.422674619014929,13581,1,True,2,2.280703817369481
217866,217866,0.765922830122342,13582,1,True,3,2.155202233400393
217867,217867,0.765922830122342,13583,1,True,3,1.942695036700973
