fid,MS_ID,PF_Index_Risk_equal,source_row_position,structural_null_count,had_structural_null,N_PFlossR_2kiw,N_PFlossR_2ktw,N_PFlossR_2kmw,PFResident_lossR,PFDaynight_lossR,PFAB5k_NOR,PFABC_NOR,kmeans_cluster,distance_to_assigned_centroid
24341,24341,0.689255736526002,0,0,False,-0.833333333333333,-0.716794252457981,-0.582655826558266,0.0,-1.0,1.0,0.255599579199857,3,3.813173702805781
24342,24342,0.875687751701609,1,0,False,1.0,1.0,1.0,-1.0,-1.0,1.0,0.255974313968601,4,3.1799270784189417
24343,24343,0.877055327641091,2,0,False,1.0,1.0,1.0,-1.0,-1.0,1.0,0.255134391256299,4,3.1763887829170576
24344,24344,0.620164373184599,3,0,False,-1.0,-0.486218832341312,-0.621287128712871,-0.425587467362924,0.0,1.0,0.258482933978164,3,2.1704907170406154
24345,24345,0.619091387576672,4,0,False,-1.0,-0.486218832341312,-0.617866004962779,-0.425587467362924,0.0,0.99866803433983,0.258975749450925,3,2.1708185068286348
24346,24346,0.61710882850759,5,0,False,-1.0,-0.486218832341312,-0.605839416058394,-0.425587467362924,0.0,0.997906644822111,0.258909868217093,3,2.165021149251887
24347,24347,0.604110315008139,6,0,False,-1.0,-0.476350517130379,-0.600961538461538,-0.20844327176781,0.0,0.995990722422503,0.258857475068589,3,2.4673562376287137
24348,24348,0.591975527959547,7,0,False,-1.0,-0.438156338973604,-0.567567567567568,-0.205194805194805,0.0,0.991428286921121,0.258674765647939,3,2.4573840998581042
24349,24349,0.589142411647597,8,0,False,-1.0,-0.442587944125367,-0.546610169491525,-0.285714285714286,0.0,0.979497130706098,0.26455291676158,3,2.330570509802174
24350,24350,0.583378543337703,9,0,False,-1.0,-0.434963795576291,-0.526639344262295,-0.285714285714286,0.0,0.976451850489939,0.266086383323182,3,2.332954763835005
24351,24351,0.574620137435449,10,0,False,-1.0,-0.445917319058196,-0.550537634408602,-0.642795513373598,0.0,0.854459632931461,0.527521112263055,3,4.130251485866236
24352,24352,0.548785565188144,11,0,False,-1.0,-0.434963795576291,-0.513888888888889,-0.435967302452316,0.0,0.845484746768973,0.477870875636562,3,3.7084237718795547
24353,24353,0.377933038863419,12,0,False,-1.0,-0.282405294627679,-0.553695955369595,0.0,0.0,0.290047142697472,0.108605871682548,2,0.9447914761770928
24354,24354,0.37687297814963,13,0,False,-1.0,-0.269637823590557,-0.55316091954023,0.0,0.0,0.291565418559392,0.108551703442003,2,0.9370440756299956
24355,24355,0.378680468390722,14,0,False,-1.0,-0.269637823590557,-0.554896142433234,0.0,0.0,0.292866619702278,0.110314268686323,2,0.9392671939349879
24356,24356,0.384593794912328,15,0,False,-1.0,-0.284965704741348,-0.556390977443609,0.0,0.0,0.298443929534926,0.107750339213415,2,0.9259050773761854
24357,24357,0.383394834472747,16,0,False,-1.0,-0.284965704741348,-0.54375,0.0,0.0,0.299843288245226,0.107472980230761,2,0.9045206357281595
24358,24358,0.382611839838303,17,0,False,-1.0,-0.284965704741348,-0.530645161290323,0.0,0.0,0.30138913934374,0.109091668722047,2,0.8861567033371822
24359,24359,0.382446898263781,18,0,False,-1.0,-0.284965704741348,-0.523411371237458,0.0,0.0,0.30243527918714,0.110637112456567,2,0.8772831354208316
24360,24360,0.379942676028189,19,0,False,-1.0,-0.276696078015419,-0.512820512820513,0.0,0.0,0.303168360948663,0.111641450258033,2,0.8620516429566168
24361,24361,0.380015186207396,20,0,False,-1.0,-0.285281209279445,-0.5,0.0,0.0,0.30461239134473,0.112114531762654,2,0.8465959809907878
24362,24362,0.390722418334932,21,0,False,-1.0,-0.333312806304928,-0.492932862190813,0.0,0.0,0.307801697738952,0.125098041830205,2,0.892813826926603
24363,24363,0.395105645094585,22,0,False,-1.0,-0.361690803081575,-0.486535008976661,0.0,0.0,0.308797115803791,0.127638744572863,2,0.9149125778008412
24387,24387,0.313879902202506,23,0,False,-1.0,-0.348272877797924,-0.481617647058824,0.0,0.0,0.0515766941180712,0.158247888666398,2,1.7384363157721172
24388,24388,0.316293038122735,24,0,False,-1.0,-0.358089967102177,-0.480300187617261,0.0,0.0,0.0553419254912078,0.1580259498787,2,1.729880451138519
24389,24389,0.312240222636242,25,0,False,-1.0,-0.33056928327851,-0.48,0.0,0.0,0.0577074013918304,0.157886350925415,2,1.7112373515630284
24986,24986,0.369017302974054,26,0,False,0.0,-0.399638646476849,-0.469827586206897,0.0,-0.272926062593959,0.888366293778307,0.428096681726643,1,3.618053101621241
24987,24987,0.369742230298405,27,0,False,0.0,-0.406064562236747,-0.467248908296943,0.0,-0.272926062593959,0.888723664556648,0.426678506904946,1,3.6038368915943266
24988,24988,0.375180245814308,28,0,False,0.0,-0.422143877429478,-0.449074074074074,0.0,-0.345621322256836,0.893510254364567,0.397634664915736,1,3.459328053832255
24989,24989,0.535076409686907,29,0,False,-1.0,-0.393618826311989,-0.441176470588235,0.0,-0.345621322256836,0.892562901311227,0.398585286147823,3,3.3421858573893743
24990,24990,0.533307851809034,30,0,False,-1.0,-0.393618826311989,-0.43,0.0,-0.345621322256836,0.892919438179061,0.39734987092186,3,3.3336135995507803
24996,24996,0.406600851561625,31,1,True,0.0,-0.481820748288542,-0.653005464480874,,0.0,0.902008512017423,0.0884459290834247,1,0.571097535339679
24997,24997,0.397798719988112,32,1,True,0.0,-0.452897689774557,-0.637142857142857,,0.0,0.894000371478285,0.0861963762774596,1,0.5640186434597647
24998,24998,0.394411661352711,33,1,True,0.0,-0.443153622638976,-0.631123919308357,,0.0,0.889069974847468,0.0840105042443519,1,0.5581574599774576
24999,24999,0.392628225859364,34,1,True,0.0,-0.443153622638976,-0.624633431085044,,0.0,0.884314504097985,0.0815194008875436,1,0.5396244788947544
25000,25000,0.384751548590604,35,1,True,0.0,-0.411596675093908,-0.614457831325301,,0.0,0.878467394434072,0.0791445411451641,1,0.5671251618328988
25001,25001,0.367017153392623,36,1,True,0.0,-0.365480653192261,-0.560606060606061,,0.0,0.872153462750915,0.076951275343223,1,0.5998874509360622
25002,25002,0.364058649859851,37,1,True,0.0,-0.365480653192261,-0.55045871559633,,0.0,0.865615611444689,0.0755568371009561,1,0.5916157574309991
25003,25003,0.351657460877193,38,1,True,0.0,-0.332977568020636,-0.513846153846154,,0.0,0.860840766297122,0.0739407323208546,1,0.6482993741350926
25004,25004,0.343695549503565,39,1,True,0.0,-0.324172094611177,-0.48125,,0.0,0.855407607692323,0.0724964180632627,1,0.6660887708336536
25005,25005,0.329640939676536,40,1,True,0.0,-0.275568208735272,-0.451923076923077,,0.0,0.850156776189953,0.0710980120670784,1,0.7863095789761161
25006,25006,0.306956997518277,41,1,True,0.0,-0.24060841043835,-0.357859531772575,,0.0,0.844738545004595,0.069764377849201,1,0.9210744426122778
25007,25007,0.309498270595886,42,1,True,0.0,-0.250126056157008,-0.371621621621622,,0.0,0.839173940061859,0.068887748383904,1,0.8903783184482681
25008,25008,0.309491305665111,43,1,True,0.0,-0.250126056157008,-0.378006872852234,,0.0,0.834796189263812,0.0675696725670846,1,0.8871352095348136
25009,25009,0.298566591320248,44,1,True,0.0,-0.24060841043835,-0.331058020477816,,0.0,0.828957688566404,0.0667802608385079,1,0.9499794616640977
25010,25010,0.290950544682178,45,1,True,0.0,-0.24060841043835,-0.293103448275862,,0.0,0.824195766423026,0.0649708759585319,1,0.9906713494828879
25011,25011,0.284677096471281,46,1,True,0.0,-0.235324832440214,-0.274914089347079,,0.0,0.81582241920602,0.0644686688764695,1,1.027695125159919
25012,25012,0.269938454330223,47,1,True,0.0,-0.16479855886673,-0.26530612244898,,0.0,0.81111277075446,0.063451422808409,1,1.1930312424550342
25013,25013,0.264054172482199,48,1,True,0.0,-0.16479855886673,-0.240549828178694,,0.0,0.805269770573944,0.0628061835199395,1,1.2236952653002946
25014,25014,0.254763527525132,49,1,True,0.0,-0.136258901199076,-0.222222222222222,,0.0,0.800505569599229,0.0624602630474573,1,1.3090910737000923
25187,25187,0.402218302399864,50,0,False,-1.0,-0.264693443341866,-0.540880503144654,0.0,0.0,0.42290529084422,0.249338301025749,2,1.6101965342216356
25188,25188,0.40507847538162,51,0,False,-1.0,-0.279847950716216,-0.543035993740219,0.0,0.0,0.422031010837287,0.251012986976183,2,1.6285701636244558
25189,25189,0.400960421060968,52,0,False,-1.0,-0.279847950716216,-0.542319749216301,0.0,0.0,0.398249472668757,0.274276491951027,2,1.8448784346017981
25190,25190,0.399542318801475,53,0,False,-1.0,-0.279847950716216,-0.532154340836013,0.0,0.0,0.39872305410201,0.274996552842877,2,1.844354209515397
25191,25191,0.397677379281799,54,0,False,-1.0,-0.279847950716216,-0.518581081081081,0.0,0.0,0.39960259230308,0.275579397821771,2,1.8406840114295195
25198,25198,0.273846337273973,55,0,False,-1.0,-0.0964802819540717,-0.0597014925373134,0.0,-0.33872502378687,0.494586733307883,0.076509464862614,2,1.5322715065004893
25199,25199,0.269646393046499,56,0,False,-1.0,-0.0831754356040347,-0.0471204188481675,0.0,-0.34529582929195,0.493536552431191,0.0770672207752512,2,1.577688497560589
25200,25200,0.271075468872436,57,0,False,-1.0,-0.0831754356040347,-0.0453333333333333,0.0,-0.34529582929195,0.499963691552842,0.0756860758106246,2,1.5800726817873394
25201,25201,0.272130560954833,58,0,False,-1.0,-0.0831754356040347,-0.0416666666666667,0.0,-0.34529582929195,0.50572343673117,0.0745331167484179,2,1.5845281934802842
25212,25212,0.279773632258511,59,0,False,-1.0,-0.0831754356040347,-0.0453333333333333,0.0,-0.34529582929195,0.53075679632259,0.0682748236752144,2,1.5896636355662166
25213,25213,0.283508544859799,60,0,False,-1.0,-0.0964802819540717,-0.0598503740648379,0.0,-0.33872502378687,0.526963292649265,0.0681925943580645,2,1.5417533622454662
25214,25214,0.278079143346741,61,0,False,-1.0,-0.0862771354987553,-0.0554272517321016,0.0,-0.33872502378687,0.512284829824342,0.0692045399224758,2,1.5499548967650945
25215,25215,0.272004077792421,62,0,False,-1.0,-0.0746124833483029,-0.0352112676056338,0.0,-0.33872502378687,0.507302847475742,0.0685692776494063,2,1.578746039803039
25870,25870,0.270967998868374,63,3,True,,-0.545949392024192,0.0,,,0.844798463310398,0.0003559107139064,1,1.3193178732724353
25871,25871,0.299577923423575,64,3,True,,-0.545949392024192,0.0,,,0.91797798229817,0.0005693843691967,1,1.3217363465015233
25872,25872,0.307334444740294,65,3,True,,-0.545949392024192,0.0,,,0.935319029222061,0.0006903573882741,1,1.32887927973936
25874,25874,0.31428350937582,66,3,True,,-0.545949392024192,0.0,,,0.950021243700135,0.0009302658594226,1,1.3364054647700758
25875,25875,0.316264779792942,67,3,True,,-0.545949392024192,0.0,,,0.954055284603645,0.0010565662631605,1,1.3385533696986411
25876,25876,0.317794691316815,68,3,True,,-0.545949392024192,0.0,,,0.957132469628674,0.0011858403429294,1,1.3401560054282586
25877,25877,0.319035927398673,69,3,True,,-0.545949392024192,0.0,,,0.959591377245975,0.0013179124938868,1,1.3413827089979762
25878,25878,0.320079374883787,70,3,True,,-0.545949392024192,0.0,,,0.961643200021342,0.0014524668543835,1,1.3423516968817564
25879,25879,0.320976751018688,71,3,True,,-0.545949392024192,0.0,,,0.963388656238347,0.0015899635281861,1,1.3431157588555855
25880,25880,0.321762250975052,72,3,True,,-0.545949392024192,0.0,,,0.964891526693924,0.0017305745404191,1,1.3437094922534139
25881,25881,0.322450843015839,73,3,True,,-0.545949392024192,0.0,,,0.96620236048341,0.0018738584100885,1,1.3441646074179452
25882,25882,0.322988944104281,74,3,True,,-0.545949392024192,0.0,,,0.967212140642249,0.0020209541507465,1,1.344385086699881
25883,25883,0.32347881807355,75,3,True,,-0.545949392024192,0.0,,,0.968136674743528,0.0021315197159556,1,1.344688197075753
25884,25884,0.323975965333778,76,3,True,,-0.545949392024192,0.0,,,0.969063650387233,0.0022802538766694,1,1.3448554615847244
25885,25885,0.325451388052116,77,3,True,,-0.545949392024192,0.0,,,0.971834103694278,0.0024179911592227,1,1.3465731852981604
25886,25886,0.326079619287057,78,3,True,,-0.545949392024192,0.0,,,0.973004702635841,0.0025598210177046,1,1.3470007923772447
25887,25887,0.326608466741454,79,3,True,,-0.545949392024192,0.0,,,0.973985212240584,0.0026993009452607,1,1.3472905870169962
25888,25888,0.327063822902128,80,3,True,,-0.545949392024192,0.0,,,0.974824009977939,0.0028355505704761,1,1.3474820431350647
25889,25889,0.327450231234624,81,3,True,,-0.545949392024192,0.0,,,0.97553136414052,0.002969578401942,1,1.347577004704901
25890,25890,0.327792985167844,82,3,True,,-0.545949392024192,0.0,,,0.97615850618367,0.0030987870878678,1,1.3476267259508978
25891,25891,0.328129544629861,83,3,True,,-0.545949392024192,0.0,,,0.976768619276341,0.003227697662717,1,1.3476673260232868
25892,25892,0.328451317154032,84,3,True,,-0.545949392024192,0.0,,,0.977350228420226,0.0033640877183383,1,1.3476594620776752
25893,25893,0.328749935669244,85,3,True,,-0.545949392024192,0.0,,,0.977885085594419,0.003508028624629,1,1.3475867174897536
25894,25894,0.329033660646053,86,3,True,,-0.545949392024192,0.0,,,0.978386191919338,0.0036539253568102,1,1.3474808840772883
25895,25895,0.340449975044331,87,3,True,,-0.604397645065869,0.0,,,0.981497389910735,0.0037697366882978,1,1.3564808295183874
25896,25896,0.340185545025047,88,3,True,,-0.604397645065869,0.0,,,0.980745895363716,0.0050688237599033,1,1.3510553279524204
25897,25897,0.340245770219272,89,3,True,,-0.604397645065869,0.0,,,0.980835979226422,0.005194031803524,1,1.3506827043789646
25898,25898,0.340281598876261,90,3,True,,-0.604397645065869,0.0,,,0.980876693495127,0.0053345329643417,1,1.3502116056162838
25899,25899,0.340324646755866,91,3,True,,-0.604397645065869,0.0,,,0.980935925038248,0.0054601565920837,1,1.3498118177539846
25900,25900,0.340342411989137,92,3,True,,-0.604397645065869,0.0,,,0.980943470154613,0.0056103445624172,1,1.3492782773030523
25901,25901,0.340368792218626,93,3,True,,-0.604397645065869,0.0,,,0.98096589901806,0.0057471991307601,1,1.348807153160168
25902,25902,0.340395792917347,94,3,True,,-0.604397645065869,0.0,,,0.980990880016277,0.0058810246054067,1,1.3483502095940008
25903,25903,0.340437858304644,95,3,True,,-0.604397645065869,0.0,,,0.981046503166102,0.006011492349753,1,1.3479338147613202
25904,25904,0.340472779317595,96,3,True,,-0.604397645065869,0.0,,,0.98108507011157,0.006164680350772,1,1.3474221102671677
25905,25905,0.340508028694015,97,3,True,,-0.604397645065869,0.0,,,0.981125963353347,0.0063189323883129,1,1.3469100535810936
25906,25906,0.340537137436192,98,3,True,,-0.604397645065869,0.0,,,0.981156659998998,0.00647284401745,1,1.3463913711192637
25907,25907,0.340557293424865,99,3,True,,-0.604397645065869,0.0,,,0.981172243381243,0.0066146900647553,1,1.3459030775663947
25908,25908,0.350334423939796,100,3,True,,-0.604397645065869,0.0,,,0.999283212170311,0.0064178337515842,1,1.3642165214944275
25909,25909,0.350732940844312,101,3,True,,-0.604397645065869,0.0,,,1.0,0.0065740814491516,1,1.3644199392841105
25910,25910,0.583333333333333,102,3,True,,1.0,1.0,,,1.0,0.0066902992550855,4,3.376697961824915
26337,26337,0.519134623454474,103,3,True,,-0.666937411432173,-0.985294117647059,,,0.995074724693435,0.156726407879635,1,1.5737093653698961
26338,26338,0.522571562497059,104,3,True,,-0.666937411432173,-0.985294117647059,,,0.997832084940641,0.154833577508665,1,1.566243663986096
26339,26339,0.522869032567975,105,3,True,,-0.666937411432173,-0.985294117647059,,,0.998064575551621,0.154664374139311,1,1.5655743939745115
26340,26340,0.523453754703102,106,3,True,,-0.666937411432173,-0.985294117647059,,,0.998522464768398,0.154255289523681,1,1.5638690639445234
26341,26341,0.524451099861073,107,3,True,,-0.666937411432173,-0.985714285714286,,,0.999238775740656,0.153647977736971,1,1.562125968621277
26342,26342,0.525475484064987,108,3,True,,-0.666937411432173,-0.985915492957746,,,1.0,0.153088399272612,1,1.5603056011130185
26343,26343,0.583333333333333,109,3,True,,1.0,1.0,,,1.0,0.152351375202615,4,3.292468121123979
26344,26344,0.583333333333333,110,3,True,,1.0,1.0,,,1.0,0.151047235634854,4,3.2907438494092114
26345,26345,0.583333333333333,111,3,True,,1.0,1.0,,,1.0,0.151006235530338,4,3.290690355490119
26432,26432,0.430918786377289,112,0,False,0.0,-0.406064562236747,-0.529880478087649,0.0,-0.376389918458117,0.988323586775064,0.226918237506925,1,2.2517735891914574
26433,26433,0.416607222736679,113,0,False,0.0,-0.399638646476849,-0.51394422310757,0.0,-0.289378350963628,0.985861655276058,0.226168677689428,1,2.0115671408133906
26434,26434,0.414663465497278,114,0,False,0.0,-0.399638646476849,-0.51004016064257,0.0,-0.289378350963628,0.981779715310502,0.226975194420436,1,2.0145695833173174
26435,26435,0.413150466993693,115,0,False,0.0,-0.399638646476849,-0.504032258064516,0.0,-0.289378350963628,0.980296498235675,0.226804840431334,1,2.0121786366195775
26436,26436,0.410231076255682,116,0,False,0.0,-0.399638646476849,-0.493877551020408,0.0,-0.272926062593959,0.978450806136238,0.226786463891685,1,1.9710123589222381
26437,26437,0.343588039627676,117,0,False,0.0,-0.287419607056337,-0.338624338624339,0.0,-0.268666756356787,0.938096537299085,0.0705571886872261,1,1.3564740036323073
26438,26438,0.344852137812593,118,0,False,0.0,-0.287419607056337,-0.342105263157895,0.0,-0.268666756356787,0.940197104374187,0.0708740776832183,1,1.3556603196885968
26439,26439,0.361985361877103,119,0,False,0.0,-0.347000219057485,-0.380710659898477,0.0,-0.268666756356787,0.942661868758998,0.0711581777654926,1,1.2635919500333903
26440,26440,0.363755177414462,120,0,False,0.0,-0.347000219057485,-0.386934673366834,0.0,-0.268666756356787,0.944906885178962,0.0715479085953176,1,1.2623448872132172
26441,26441,0.368903699741674,121,0,False,0.0,-0.347000219057485,-0.413461538461538,0.0,-0.272926062593959,0.946906608249727,0.0719712695094988,1,1.26898614267639
26442,26442,0.373817129841901,122,0,False,0.0,-0.347000219057485,-0.424528301886792,0.0,-0.272926062593959,0.922195352253236,0.157533024404015,1,1.537414207306555
26443,26443,0.38041714385087,123,0,False,0.0,-0.377232168130985,-0.432558139534884,0.0,-0.289378350963628,0.921127518772946,0.159488477678427,1,1.5716391474739335
26444,26444,0.385440221847051,124,0,False,0.0,-0.399638646476849,-0.440366972477064,0.0,-0.289378350963628,0.921141886283274,0.159820985029484,1,1.5560278949230093
26445,26445,0.388817892468354,125,0,False,0.0,-0.399638646476849,-0.456140350877193,0.0,-0.289378350963628,0.924119817913379,0.159398197688064,1,1.5523723867883135
26446,26446,0.407034053376412,126,0,False,0.0,-0.399638646476849,-0.478991596638655,0.0,-0.289378350963628,0.970912458082575,0.150518265273524,1,1.5285922922598416
26762,26762,0.404452198931778,127,1,True,0.0,-0.404632219672921,-0.607954545454545,,0.0,0.970004237800188,0.282325944098799,1,2.1563559321733132
26763,26763,0.397882010350234,128,1,True,0.0,-0.404632219672921,-0.575581395348837,,0.0,0.967300873010789,0.280449443762702,1,2.129734309759052
26764,26764,0.383554938790747,129,2,True,0.0,-0.385021516176677,-0.517751479289941,,,0.964024337458878,0.279622588618539,1,2.1220866421730293
26765,26765,0.362648945339554,130,1,True,0.0,-0.309979558053806,-0.474474474474474,,0.0,0.961380948799445,0.278654302809396,1,2.160363084837398
26766,26766,0.34511839935728,131,1,True,0.0,-0.299092898172752,-0.387878787878788,,0.0,0.958615292399912,0.276885476400387,1,2.165280294127309
26767,26767,0.315981017703224,132,1,True,0.0,-0.191512530944098,-0.332298136645963,,0.0,0.954440440181559,0.275293491637934,1,2.2693285469276754
26768,26768,0.297363722738335,133,1,True,0.0,-0.16479855886673,-0.262135922330097,,0.0,0.949193535043803,0.274733831046708,1,2.3250064363299225
26769,26769,0.288526703206852,134,1,True,0.0,-0.157645594016943,-0.229773462783172,,0.0,0.944392204607047,0.275309413392121,1,2.3547433042817922
26770,26770,0.267089343862813,135,1,True,0.0,-0.139571163307627,-0.211726384364821,,0.0,0.951816167288136,0.21354041336003,1,1.9344448615240277
26771,26771,0.267062852168632,136,1,True,0.0,-0.139571163307627,-0.218120805369128,,0.0,0.951445817209038,0.212235685171108,1,1.9202894626843565
26772,26772,0.262394014632564,137,1,True,0.0,-0.139571163307627,-0.198653198653199,,0.0,0.950157081735611,0.211936370768587,1,1.9334537529524698
26773,26773,0.254112226756906,138,1,True,0.0,-0.110864561381373,-0.183946488294314,,0.0,0.949408446897054,0.21137098825005,1,1.9842830375738751
26916,26916,0.421384842022916,139,0,False,-0.81402733383578,-0.122579975760428,-0.215116279069767,0.0,0.0,0.973068412816526,0.213725552380822,2,2.048285769621604
26917,26917,0.412765757502239,140,0,False,-0.81402733383578,-0.115010834553937,-0.196428571428571,0.0,0.0,0.968407409267636,0.211322627863245,2,2.032517894691175
26969,26969,0.468917812196318,141,0,False,-1.0,-0.373692076772068,-0.564920273348519,0.0,0.0,0.571804526668901,0.0136114234930651,2,1.0078790409436185
26970,26970,0.470026651320135,142,0,False,-1.0,-0.373692076772068,-0.563636363636364,0.0,0.0,0.580461598841131,0.0130002502504236,2,1.0173000909049301
26971,26971,0.469657061059048,143,0,False,-1.0,-0.373692076772068,-0.561085972850679,0.0,0.0,0.582672852016041,0.0127792969067877,2,1.017384031418355
26972,26972,0.47046311922818,144,0,False,-1.0,-0.373692076772068,-0.55829596412556,0.0,0.0,0.59527916555386,0.0121938545813714,2,1.0297300432156105
26973,26973,0.469844358213346,145,0,False,-1.0,-0.373692076772068,-0.555803571428571,0.0,0.0,0.600743576761072,0.0116892343982492,2,1.0356517157179228
26974,26974,0.466358700197042,146,0,False,-1.0,-0.373692076772068,-0.549450549450549,0.0,0.0,0.590037382921619,0.0116560807023699,2,1.0170413373216503
26975,26975,0.462219959022234,147,0,False,-1.0,-0.358882204740077,-0.547045951859956,0.0,0.0,0.584056867133562,0.0114646468223414,2,0.9974813489048172
26976,26976,0.459875547813309,148,0,False,-1.0,-0.358882204740077,-0.54585152838428,0.0,0.0,0.572148221360294,0.0111390473310649,2,0.9879809006280168
26977,26977,0.462577718144513,149,0,False,-1.0,-0.358882204740077,-0.542299349240781,-0.125,0.0,0.550397932969026,0.0106930999242244,2,1.0328226308356638
26978,26978,0.45722535430162,150,0,False,-1.0,-0.378509845502055,-0.538461538461538,-0.11727078891258,0.0,0.510882302878887,0.0102692635815388,2,1.0255458372102495
26979,26979,0.437111482012912,151,0,False,-1.0,-0.378509845502055,-0.512345679012346,-0.141025641025641,0.0,0.420897075936108,0.0086875217240026,2,1.0791639361882328
26980,26980,0.417029658148149,152,0,False,-1.0,-0.378509845502055,-0.501002004008016,-0.152354570637119,0.0,0.318323250015759,0.0098151754943401,2,1.2183125589703356
26981,26981,0.411109125133928,153,0,False,-1.0,-0.378509845502055,-0.499001996007984,-0.152354570637119,0.0,0.290811150788178,0.0097911706633369,2,1.2680119511699812
26982,26982,0.405283862087468,154,0,False,-1.0,-0.378509845502055,-0.497017892644135,-0.152354570637119,0.0,0.265042282544418,0.0099491637340847,2,1.317880302942559
26983,26983,0.389758796264357,155,0,False,-1.0,-0.358882204740077,-0.496031746031746,0.0,0.0,0.24670730348676,0.0101207485435513,2,1.2631971892849885
26984,26984,0.38605458320205,156,0,False,-1.0,-0.358882204740077,-0.49604743083004,0.0,0.0,0.229736373654319,0.0102157800011747,2,1.3034035792807888
26985,26985,0.382161321308798,157,0,False,-1.0,-0.358882204740077,-0.492063492063492,0.0,0.0,0.214790382456913,0.0104257155169005,2,1.3364156628750508
26986,26986,0.334684672142703,158,0,False,-1.0,-0.358882204740077,-0.492063492063492,0.0,0.0,0.0614616450572136,0.0279126050386227,2,1.6944851985419407
26987,26987,0.332023008961092,159,0,False,-1.0,-0.358882204740077,-0.488977955911824,0.0,0.0,0.0524993306760459,0.0274605404012581,2,1.7213990138673936
26988,26988,0.329461368711983,160,0,False,-1.0,-0.358882204740077,-0.488933601609658,0.0,0.0,0.0411536537432413,0.0269980556691079,2,1.7573367512475329
26989,26989,0.327140422416595,161,0,False,-1.0,-0.358882204740077,-0.490872210953347,0.0,0.0,0.0295956125432125,0.0265485455077549,2,1.795019175611396
26990,26990,0.32477809555292,162,0,False,-1.0,-0.358882204740077,-0.491836734693878,0.0,0.0,0.0194981445044417,0.0261142341909965,2,1.8277675340836024
26991,26991,0.321744548678111,163,0,False,-1.0,-0.352316768077407,-0.495867768595041,0.0,0.0,0.0094007147622141,0.0257065152378226,2,1.8593860949040975
26992,26992,0.320094778876955,164,0,False,-1.0,-0.352316768077407,-0.501043841336117,0.0,0.0,0.0003211390449142,0.0253474350061147,2,1.8910896498641236
26993,26993,0.319680127439312,165,0,False,-1.0,-0.352316768077407,-0.5,0.0,0.0,0.0123852087369332,0.0248624203427661,2,1.854889177629445
26994,26994,0.320226109633406,166,0,False,-1.0,-0.352316768077407,-0.505399568034557,0.0,0.0,0.0257411141922703,0.0243718616691038,2,1.8184789263438763
26995,26995,0.31894814662483,167,0,False,-1.0,-0.352316768077407,-0.502145922746781,0.0,0.0,0.046642012993934,0.0235267202875908,2,1.7560312649986776
27668,27668,0.42275139939944,168,1,True,0.0,-0.443153622638976,-0.626822157434402,,0.0,0.986420432952088,0.138786809227882,1,0.9594811995442221
27669,27669,0.426734225641857,169,1,True,0.0,-0.452897689774557,-0.635057471264368,,0.0,0.988803440112596,0.138840419177103,1,0.9625525694657932
27670,27670,0.43267596372742,170,1,True,0.0,-0.470799878505383,-0.645714285714286,,0.0,0.991697434624572,0.138462207743445,1,0.9616564781161517
27671,27671,0.434315112098668,171,1,True,0.0,-0.470799878505383,-0.648725212464589,,0.0,0.99446020162964,0.138379883859593,1,0.9676715231037295
27672,27672,0.436719660678925,172,1,True,0.0,-0.470799878505383,-0.656338028169014,,0.0,0.997220684474878,0.138344890217001,1,0.9783963507640426
27673,27673,0.43880184194829,173,1,True,0.0,-0.470799878505383,-0.662011173184358,,0.0,1.0,0.138330345793842,1,0.9877051283078551
27674,27674,0.761355940044271,174,1,True,1.0,1.0,1.0,,-1.0,1.0,0.138370266873312,4,2.8713482841178286
27675,27675,0.783430404110321,175,0,False,1.0,1.0,1.0,-1.0,-1.0,1.0,0.138449850613979,4,2.8562547060174377
27676,27676,0.783430404110321,176,0,False,1.0,1.0,1.0,-1.0,-1.0,1.0,0.137085626054834,4,2.854754649929135
27677,27677,0.515076811103995,177,0,False,-1.0,-0.259932504546456,-0.201550387596899,0.0,-1.0,1.0,0.139390288505453,3,3.6138944147335206
27678,27678,0.503467085329358,178,0,False,-1.0,-0.223763722951403,-0.176165803108808,0.0,-1.0,0.996930210745467,0.136200561229472,3,3.634297748455388
27679,27679,0.462527323086683,179,0,False,-1.0,-0.181951315625005,-0.13953488372093,0.0,-0.34529582929195,0.959123588757058,0.141963627721704,2,2.173105437335769
27680,27680,0.444872489161355,180,0,False,-1.0,-0.142142964315367,-0.0949868073878628,0.0,-0.34529582929195,0.951174777155816,0.142366212618243,2,2.1885499498395777
27681,27681,0.431703063450567,181,0,False,-1.0,-0.107078733657308,-0.0835380835380835,0.0,-0.34529582929195,0.938981541959644,0.144120581526932,2,2.1836887306679023
27682,27682,0.425283560349722,182,0,False,-1.0,-0.105618869887541,-0.0726392251815981,0.0,-0.33872502378687,0.929458666730947,0.145952227173906,2,2.1557803967846003
27718,27718,0.251511621326185,183,0,False,-1.0,-0.191611966392831,-0.240105540897098,0.0,0.0,0.004304174546324,0.122496510102281,2,1.7531449725035524
27719,27719,0.256289425178008,184,0,False,-1.0,-0.209250676437652,-0.25261780104712,-0.0100925147182506,0.0,0.006440335309597,0.120247551919244,2,1.7343823757780719
27720,27720,0.258651147539937,185,0,False,-1.0,-0.222114533389338,-0.262011531069827,-0.0023677979479084,0.0,0.0080329743835594,0.118893317436083,2,1.725054668509781
27721,27721,0.284627963849887,186,0,False,-1.0,-0.222114533389338,-0.263356379635449,-0.0098522167487684,-0.194759535655058,0.0111895414724709,0.115557948596351,2,1.8470483016667616
27723,27723,0.250403272496873,187,0,False,-1.0,-0.216714813460414,-0.231729055258467,-0.0015873015873015,0.0,0.0162549101584574,0.11310070098594,2,1.6981865063774948
27744,27744,0.273258394692651,188,0,False,-1.0,-0.180075703041226,-0.212058212058212,0.0,0.0,0.185307973191435,0.061346311487908,2,1.171155984915201
28335,28335,0.319589032264733,189,0,False,-0.81402733383578,-0.118674836734254,-0.215116279069767,0.0,0.0,1.0,0.188253580788747,2,2.002003013288057
28336,28336,0.306067429961326,190,0,False,-0.81402733383578,-0.111422093179723,-0.142011834319527,0.0,0.0,1.0,0.18788348164552,2,2.032866761998234
29037,29037,0.301933849187762,191,0,False,-0.345303878319584,-0.0055065693727508,-0.0645819170632223,0.0,-0.121480910142692,0.972240305762674,0.0062671580731627,1,1.9342148536001438
29038,29038,0.305982118680271,192,0,False,-0.345303878319584,-0.0219948182789657,-0.0705171255876427,0.0,-0.121480910142692,0.97243760155539,0.0087014407619155,1,1.8895612364083099
29039,29039,0.323189844034744,193,0,False,-0.345303878319584,-0.0569047854242424,-0.0727032385988103,-0.320388349514563,0.0,0.972632715069134,0.0110111575784642,1,2.1281633278649585
29040,29040,0.25704903294,194,0,False,0.0,-0.0569047854242424,-0.0828440965427267,-0.113793103448276,0.0,0.972855838410318,0.0141946114989483,1,1.7656050143145456
29041,29041,0.258179565579965,195,0,False,0.0,-0.0618040207989333,-0.0833872010342599,-0.113793103448276,0.0,0.973000644131467,0.0162986888241556,1,1.7508761241508561
29042,29042,0.27908371454428,196,0,False,0.0,-0.0618040207989333,-0.0824675324675325,-0.113793103448276,0.0,0.997091092976986,0.106905508858477,1,1.7704730574335859
29043,29043,0.351933800890293,197,0,False,-0.345303878319584,-0.0897856514671049,-0.0781352593565332,-0.320388349514563,0.0,0.99866067111892,0.107723217432036,1,2.079190732091327
29044,29044,0.369019001100269,198,0,False,-0.345303878319584,-0.0897856514671049,-0.085261070720423,-0.339622641509434,-0.261588330632091,1.0,0.109323711964237,3,1.76477686525508
29045,29045,0.920083000583355,199,0,False,1.0,1.0,1.0,-1.0,-1.0,1.0,0.11009442553127,4,2.836674484641312
29046,29046,0.283996166972926,200,0,False,0.0,-0.0275109722810084,-0.0116959064327485,-0.0283018867924528,-0.28116213683224,1.0,0.113580427493659,1,2.204301067377106
29200,29200,0.326010743999486,201,3,True,,-0.470802118845353,-0.9,,,0.650801125557863,0.0632446758094381,1,1.2800389837976256
29201,29201,0.31455573379836,202,3,True,,-0.470802118845353,-0.833333333333333,,,0.650532401977778,0.0624747984770017,1,1.166810982620943
29202,29202,0.294395728710353,203,3,True,,-0.470802118845353,-0.714285714285714,,,0.650274392532235,0.0617960365755958,1,0.9941666573806527
29203,29203,0.294073702080127,204,3,True,,-0.470802118845353,-0.714285714285714,,,0.650030868430427,0.0610884886153164,1,0.9948006324299172
29204,29204,0.293889368125087,205,3,True,,-0.470802118845353,-0.714285714285714,,,0.649829159667385,0.060781320240575,1,0.9953422234486929
29205,29205,0.293658418782216,206,3,True,,-0.470802118845353,-0.714285714285714,,,0.649642532091699,0.0602422128122618,1,0.9958723030171857
29206,29206,0.293534682982589,207,3,True,,-0.470802118845353,-0.714285714285714,,,0.649477736440079,0.0600692892534221,1,0.9963240814274246
29207,29207,0.293431612572203,208,3,True,,-0.470802118845353,-0.714285714285714,,,0.64938578085023,0.0598504802669802,1,0.9965925472399523
29208,29208,0.293258295429731,209,3,True,,-0.470802118845353,-0.714285714285714,,,0.649260799307966,0.0594412398020972,1,0.9969821048053126
29209,29209,0.293114813056426,210,3,True,,-0.470802118845353,-0.714285714285714,,,0.649113272206422,0.0591746726669747,1,0.9974179448856114
29210,29210,0.29288931724556,211,3,True,,-0.470802118845353,-0.714285714285714,,,0.648954820445755,0.05861207177713,1,0.9979552779758307
29211,29211,0.292587000397539,212,3,True,,-0.470802118845353,-0.714285714285714,,,0.648701576838998,0.0579266479219314,1,0.9988058793766175
29212,29212,0.278005282313879,213,3,True,,-0.390895875604833,-0.714285714285714,,,0.64824673584094,0.0542105231753856,1,1.0655071133288374
29213,29213,0.277572548659606,214,3,True,,-0.390895875604833,-0.714285714285714,,,0.647044678446675,0.054357811221291,1,1.0684027029713747
29214,29214,0.277411470573275,215,3,True,,-0.390895875604833,-0.714285714285714,,,0.646890483629977,0.0540063957647338,1,1.0689901374006388
29215,29215,0.277244454932504,216,3,True,,-0.390895875604833,-0.714285714285714,,,0.646697642477585,0.053660344721982,1,1.0696801670788318
29216,29216,0.277108026681321,217,3,True,,-0.390895875604833,-0.714285714285714,,,0.646497100312152,0.0534241098216065,1,1.0703279125516896
29217,29217,0.269825118897522,218,3,True,,-0.390895875604833,-0.714285714285714,,,0.603502516150564,0.0355380793573877,1,1.2033518787829354
29218,29218,0.269550495442318,219,3,True,,-0.390895875604833,-0.714285714285714,,,0.603045136800818,0.0349231486414272,1,1.2057108011969062
29223,29223,0.451878943240402,220,3,True,,-0.651343387726608,-0.952380952380952,,,0.849063085252949,0.0118564425134331,1,1.2433273274886265
29224,29224,0.452224991903486,221,3,True,,-0.651343387726608,-0.95,,,0.851996487444575,0.0116048784219483,1,1.238595168891521
29225,29225,0.457160913035395,222,3,True,,-0.676790500840623,-0.95,,,0.85486436518121,0.0113642120283459,1,1.2542914164945604
29226,29226,0.45793911331522,223,3,True,,-0.676790500840623,-0.95,,,0.858280045303636,0.0110841103375523,1,1.2546440675950297
29227,29227,0.451800565371018,224,3,True,,-0.636916355089522,-0.95,,,0.860209447793896,0.0105777109268606,1,1.2334133500455788
29228,29228,0.450809569665582,225,3,True,,-0.636916355089522,-0.95,,,0.855800777967977,0.0102183116267182,1,1.2354588673964764
29229,29229,0.461279387328891,226,3,True,,-0.702000094108624,-0.95,,,0.853446515593685,0.0094427750561092,1,1.2797920351733105
29230,29230,0.458920018193238,227,3,True,,-0.702000094108624,-0.95,,,0.843270490518012,0.0090052932580776,1,1.283904127516912
29231,29231,0.456625189697526,228,3,True,,-0.702000094108624,-0.95,,,0.833479205149798,0.0086783650109124,1,1.2884038944080056
29232,29232,0.454141934699784,229,3,True,,-0.702000094108624,-0.95,,,0.822795619580178,0.0083018262967802,1,1.2943527975742601
29233,29233,0.450861478139808,230,3,True,,-0.702000094108624,-0.95,,,0.80854471412334,0.0077714600612087,1,1.3039384892785846
29234,29234,0.414624685526082,231,3,True,,-0.702000094108624,-0.95,,,0.645779647174888,0.0061069852799305,1,1.5091883406490767
29235,29235,0.408142983813948,232,3,True,,-0.702000094108624,-0.95,,,0.614472362826134,0.005856508007283,1,1.5679251224307986
29236,29236,0.400675940542792,233,3,True,,-0.702000094108624,-0.95,,,0.579300251143106,0.0055376864641138,1,1.6397775479672103
29237,29237,0.387679880573634,234,3,True,,-0.702000094108624,-0.95,,,0.520248316417844,0.0049610157634834,1,1.7721900067292795
29238,29238,0.370555296349741,235,3,True,,-0.702000094108624,-0.95,,,0.446336064396736,0.0046540409313315,1,1.9534116803921884
29239,29239,0.358110692263221,236,3,True,,-0.676065158901202,-0.95,,,0.419303368950771,0.0048918863618562,1,2.010669391453811
29240,29240,0.347403160628555,237,3,True,,-0.676065158901202,-0.904761904761905,,,0.40929538943463,0.0050132678097523,1,1.9822534243704544
29241,29241,0.343565132649323,238,3,True,,-0.676065158901202,-0.904761904761905,,,0.394931552730253,0.0050134110365034,1,2.021615839673586
29242,29242,0.335884518094997,239,3,True,,-0.645185639894125,-0.904761904761905,,,0.391141475682532,0.0050771124391574,1,2.0207280924436026
29243,29243,0.337563483658803,240,3,True,,-0.645185639894125,-0.904761904761905,,,0.418816024463023,0.0055032411992969,1,1.9435455653462792
29244,29244,0.340453602534157,241,3,True,,-0.645185639894125,-0.904761904761905,,,0.44949577935308,0.0061453515340923,1,1.8593786907204233
29245,29245,0.333915283285321,242,3,True,,-0.604488168416725,-0.904761904761905,,,0.465106724084916,0.0065815063266107,1,1.8060378916193598
29246,29246,0.337478172556888,243,3,True,,-0.604488168416725,-0.904761904761905,,,0.494021186291354,0.0076373626744685,1,1.7281128382218236
29247,29247,0.338847180392523,244,3,True,,-0.604488168416725,-0.904761904761905,,,0.50747025216039,0.008310771319314,1,1.6921140835767268
29248,29248,0.341068852646218,245,3,True,,-0.604488168416725,-0.904761904761905,,,0.521589529713692,0.0091573184410727,1,1.6544817631705866
29249,29249,0.341846793051854,246,3,True,,-0.604488168416725,-0.904761904761905,,,0.52723213015581,0.0095590272050431,1,1.6394306655520234
29250,29250,0.342592147965234,247,3,True,,-0.604488168416725,-0.904761904761905,,,0.532480826382314,0.0099671082947084,1,1.625421699713092
29251,29251,0.343095030375707,248,3,True,,-0.604488168416725,-0.904761904761905,,,0.536935087951361,0.0103638698292915,1,1.6134609734502001
29252,29252,0.343721659088358,249,3,True,,-0.604488168416725,-0.904761904761905,,,0.543330974267082,0.0110133542562954,1,1.5961773163848993
29253,29253,0.346980425194347,250,3,True,,-0.604488168416725,-0.904761904761905,,,0.559812390350529,0.0128988157172446,1,1.5516903935093462
29254,29254,0.349391968743459,251,3,True,,-0.604488168416725,-0.904761904761905,,,0.570470725014691,0.0146583224994331,1,1.5219870386308296
29255,29255,0.339170724981295,252,3,True,,-0.524691775069129,-0.904761904761905,,,0.582125133020225,0.017020607937711,1,1.4844814184797213
29256,29256,0.341575176692967,253,3,True,,-0.524691775069129,-0.904761904761905,,,0.590913362473383,0.0192896694054259,1,1.4586670213093258
29257,29257,0.343044441693036,254,3,True,,-0.524691775069129,-0.904761904761905,,,0.595850509885553,0.0208794279931274,1,1.4435989081944747
29295,29295,0.322245522726998,255,0,False,-1.0,-0.284965704741348,-0.556561085972851,0.0,0.0,0.0763403961191102,0.0034490060354671,2,1.7607091543637743
29296,29296,0.341930693776708,256,0,False,-1.0,-0.284965704741348,-0.546583850931677,0.0,0.0,0.122627236952711,0.003736651638915,2,1.6239244154555048
29297,29297,0.372368432664854,257,0,False,-1.0,-0.284965704741348,-0.531400966183575,0.0,0.0,0.210486056164841,0.0038191718144297,2,1.3831912814910332
29298,29298,0.402197239342566,258,0,False,-1.0,-0.276696078015419,-0.514480408858603,0.0,0.0,0.318885305034423,0.0059205462058245,2,1.1135516086059072
29299,29299,0.407503056276032,259,0,False,-1.0,-0.285281209279445,-0.50087260034904,0.0,0.0,0.343785339918127,0.0090602462524258,2,1.035498176054508
29545,29545,0.31101791668696,260,0,False,-0.140458821755787,-0.276874263400381,-0.217391304347826,0.0,0.0,0.76847509230508,0.0168826756975305,1,1.1161941292321986
29546,29546,0.374396847688075,261,1,True,-0.140458821755787,-0.290415568758848,-0.23394495412844,,-1.0,0.874090261703775,0.0240238167012579,3,3.8332212466640487
29547,29547,0.384851240245795,262,1,True,-0.140458821755787,-0.314520800950756,-0.221105527638191,,-1.0,0.918723705104937,0.0253054907759475,3,3.8328627574663297
29548,29548,0.398745413853407,263,1,True,-0.140458821755787,-0.361455052388974,-0.209183673469388,,-1.0,0.961560940617096,0.0264998103458048,3,3.8359650918183075
29549,29549,0.406189337600485,264,1,True,-0.140458821755787,-0.361455052388974,-0.211340206185567,,-1.0,1.0,0.0278189875148864,3,3.845352972787718
29550,29550,0.78731365754543,265,1,True,1.0,1.0,1.0,,-1.0,1.0,0.0291008931169775,4,2.9301698327008565
29551,29551,0.684583648949431,266,1,True,-0.859541188188679,-0.806784234919674,-0.941176470588235,,0.0,1.0,0.0307567933061653,1,1.9161636651521963
29552,29552,0.698690614375385,267,1,True,-0.859541188188679,-0.799428273022298,-0.940860215053763,,-0.876543209876543,0.975567572877035,0.0325674485743132,3,3.5357227308301855
29553,29553,0.691824176915699,268,1,True,-0.859541188188679,-0.761831357563517,-0.940540540540541,,-0.876543209876543,0.973254474026939,0.0325603460463666,3,3.5092572571204674
29554,29554,0.68037338912602,269,1,True,-0.859541188188679,-0.72885518587283,-0.940217391304348,,-0.876543209876543,0.948426087000033,0.0344318358188095,3,3.477121809555051
29778,29778,0.555716499498033,270,0,False,-1.0,-0.394204115093082,-0.502958579881657,-0.11727078891258,0.0,0.977115747917653,0.228053395105216,2,2.172209009962014
29779,29779,0.557066981375602,271,0,False,-1.0,-0.394204115093082,-0.50796812749004,-0.11727078891258,0.0,0.9772174239741,0.228241469031302,2,2.1758216365536693
29780,29780,0.579524709095676,272,0,False,-1.0,-0.394204115093082,-0.524590163934426,-0.435967302452316,0.0,0.979297690411526,0.227621608832459,3,1.9551829886401375
29781,29781,0.582072945250987,273,0,False,-1.0,-0.394204115093082,-0.544086021505376,-0.435967302452316,0.0,0.976283552657995,0.230144230310836,3,1.969804610937438
29782,29782,0.569129192888217,274,0,False,-1.0,-0.422435765564828,-0.552631578947368,-0.11727078891258,0.0,0.975093128454199,0.231387851902454,2,2.2254817214149973
29783,29783,0.545086032816379,275,0,False,-1.0,-0.421681324699749,-0.556792873051225,-0.11727078891258,0.0,0.869987618930766,0.373056050788951,2,3.03158693052698
29867,29867,0.262455466656178,276,0,False,-1.0,-0.137782351545108,-0.22875226039783,0.0,0.0,0.17998067610593,0.192565440346182,2,1.5159254321736622
29868,29868,0.266967778202197,277,0,False,-1.0,-0.143508408910122,-0.243790248390064,0.0,0.0,0.181905045713623,0.194024921077587,2,1.512377781586964
29869,29869,0.277407070495381,278,0,False,-1.0,-0.19479311548703,-0.252319109461967,0.0,0.0,0.183055947982832,0.19356423976645,2,1.4869400849348713
29870,29870,0.282994238904654,279,0,False,-1.0,-0.189638971616865,-0.286785379568885,0.0,0.0,0.184303551603544,0.194134419458674,2,1.48147489072683
29871,29871,0.290866342235884,280,0,False,-1.0,-0.189638971616865,-0.33111954459203,0.0,0.0,0.185472123392197,0.193170163045269,2,1.470050567703422
29872,29872,0.298853831169611,281,0,False,-1.0,-0.203290251921454,-0.359451518119491,0.0,0.0,0.187319363795356,0.192970644461137,2,1.4634220245420733
29873,29873,0.30784782644903,282,0,False,-1.0,-0.203290251921454,-0.404950495049505,0.0,0.0,0.189123023503465,0.195507197262526,2,1.4845317952466945
29874,29874,0.312191192046228,283,0,False,-1.0,-0.203290251921454,-0.427427427427427,0.0,0.0,0.189987714917966,0.195821697010053,2,1.4920531111594977
29875,29875,0.316256166302256,284,0,False,-1.0,-0.203290251921454,-0.44803229061554,0.0,0.0,0.190712425812705,0.197086555317833,2,1.5067857565114517
29876,29876,0.326060674308603,285,0,False,-1.0,-0.242527959520903,-0.466188524590164,0.0,0.0,0.191357901690514,0.195353620617082,2,1.4996558383372487
29877,29877,0.324988451354849,286,0,False,-1.0,-0.207756270481048,-0.486772486772487,0.0,0.0,0.192734831729084,0.197976909069973,2,1.5269589494794829
29878,29878,0.331225647511235,287,0,False,-1.0,-0.22783422099144,-0.501123595505618,0.0,0.0,0.193665101955183,0.196396343412376,2,1.5215397549732084
29879,29879,0.346091093230316,288,0,False,-1.0,-0.290085138331146,-0.517814726840855,0.0,0.0,0.195366542972876,0.200193053105522,2,1.5561700610899554
29880,29880,0.348406278501249,289,0,False,-1.0,-0.295157309736465,-0.523514851485149,0.0,0.0,0.196043999918437,0.199984571708539,2,1.5583833855359186
29881,29881,0.355998009900108,290,0,False,-1.0,-0.305973211394661,-0.552295918367347,0.0,0.0,0.197011147934615,0.202219725641876,2,1.5942169218904654
29882,29882,0.350333014290118,291,0,False,-1.0,-0.27138936282919,-0.550200803212851,0.0,0.0,0.197650711336483,0.201344760316872,2,1.5791311910423078
29942,29942,0.691190896829644,292,0,False,-1.0,-0.51559464197933,-0.631325301204819,-0.764334862385321,-0.403149606299213,0.93510834337552,0.0555296616761016,3,1.2667668536776127
29943,29943,0.691846886996187,293,0,False,-1.0,-0.51559464197933,-0.632850241545894,-0.764334862385321,-0.403149606299213,0.93643137275489,0.0552772057925353,3,1.2699128724179616
29944,29944,0.692402284021294,294,0,False,-1.0,-0.51559464197933,-0.634382566585956,-0.764334862385321,-0.403149606299213,0.936959813399398,0.0549671147884902,3,1.2728541675465967
29945,29945,0.693754587987739,295,0,False,-1.0,-0.51559464197933,-0.640586797066015,-0.764334862385321,-0.403149606299213,0.937316662069089,0.0546023613532227,3,1.2797191552375933
29946,29946,0.695269116148409,296,0,False,-1.0,-0.51559464197933,-0.647783251231527,-0.764334862385321,-0.403149606299213,0.937469177703393,0.0542072878689519,3,1.2875681468085076
29947,29947,0.694199827014927,297,0,False,-1.0,-0.51559464197933,-0.649382716049383,-0.744243932794026,-0.403149606299213,0.937593685028669,0.0537753624109714,3,1.2421867309958086
29948,29948,0.693263900060638,298,0,False,-1.0,-0.504487920821112,-0.650990099009901,-0.744243932794026,-0.41091492776886,0.937244664574413,0.0533955379890406,3,1.2467105329765316
29949,29949,0.696305194864918,299,0,False,-1.0,-0.520124550459172,-0.652605459057072,-0.744243932794026,-0.41091492776886,0.936715412407698,0.0530788411282853,3,1.2563219204644225
29950,29950,0.696778928323875,300,0,False,-1.0,-0.520124550459172,-0.654228855721393,-0.744243932794026,-0.41091492776886,0.93642951952649,0.0527627850374643,3,1.2590776745430625
29951,29951,0.69859222735793,301,0,False,-1.0,-0.520124550459172,-0.664141414141414,-0.744243932794026,-0.41091492776886,0.936029425576245,0.0524793749048438,3,1.2691644586032742
29952,29952,0.641147969445783,302,0,False,-1.0,-0.520124550459172,-0.668329177057357,-0.744243932794026,0.0,0.935588133148601,0.0522280828592859,3,1.9663015004823592
29953,29953,0.641437422398552,303,0,False,-1.0,-0.520124550459172,-0.669191919191919,-0.744243932794026,0.0,0.93514960594705,0.0520151693550747,3,1.9673077933781287
29954,29954,0.643409360757219,304,0,False,-1.0,-0.531064011776169,-0.669191919191919,-0.744243932794026,0.0,0.934692522373659,0.0518747140148554,3,1.9711825048357772
29955,29955,0.644193670862264,305,0,False,-1.0,-0.531064011776169,-0.67258883248731,-0.744243932794026,0.0,0.93444508209843,0.0517288541614219,3,1.9736213131049507
29956,29956,0.648622060966746,306,0,False,-1.0,-0.55413879371885,-0.6751269035533,-0.744243932794026,0.0,0.933985759246243,0.0515906982035211,3,1.9843917201665384
29957,29957,0.646547467551847,307,0,False,-1.0,-0.55413879371885,-0.678571428571429,-0.744243932794026,0.0,0.933224242572604,0.0514771593949536,3,1.9866113441443722
29958,29958,0.649080439564701,308,0,False,-1.0,-0.569293892629759,-0.678571428571429,-0.744243932794026,0.0,0.932254364085649,0.0513945653436794,3,1.9933359146792347
29959,29959,0.642309728933874,309,0,False,-1.0,-0.569293892629759,-0.6751269035533,-0.644463667820069,0.0,0.931387100751068,0.051288981464743,3,1.87749275731258
29960,29960,0.638276675336668,310,0,False,-1.0,-0.535466603695345,-0.670025188916877,-0.691736304549675,0.0,0.930075781915545,0.0512301087144928,3,1.9045458505199435
29961,29961,0.637450887901938,311,0,False,-1.0,-0.535466603695345,-0.666666666666667,-0.691736304549675,0.0,0.927937945762375,0.0513006262561099,3,1.9014251884867432
29962,29962,0.636971946851029,312,0,False,-1.0,-0.535466603695345,-0.665,-0.691736304549675,0.0,0.926267217010996,0.0513530439768467,3,1.8996273621128417
29963,29963,0.63324191188878,313,0,False,-1.0,-0.520124550459172,-0.655172413793103,-0.691736304549675,0.0,0.926862550809361,0.0511508755758461,3,1.889109741500496
30157,30157,0.4152483114864,314,0,False,-0.81402733383578,-0.115010834553937,-0.188235294117647,0.0,0.0,0.960944830765462,0.178276965990044,2,1.8594652020081424
30158,30158,0.420494107637372,315,0,False,-0.81402733383578,-0.115010834553937,-0.215116279069767,0.0,0.0,0.961725440679155,0.181305256388518,2,1.8646505489200014
30159,30159,0.421277582001009,316,0,False,-0.81402733383578,-0.115010834553937,-0.215116279069767,0.0,0.0,0.9631575192365,0.181086178543311,2,1.8677810809940525
30160,30160,0.431195075065248,317,0,False,-0.81402733383578,-0.122579975760428,-0.241573033707865,0.0,0.0,0.970978166329598,0.180156923391255,2,1.8752523522152835
30161,30161,0.441575335715933,318,0,False,-0.836588618013349,-0.122579975760428,-0.27807486631016,0.0,0.0,0.971533460455361,0.183035699284124,2,1.875104954808335
30162,30162,0.450582383954804,319,0,False,-0.836588618013349,-0.149240876498861,-0.289473684210526,0.0,0.0,0.976690872051714,0.181823303914338,2,1.8730187994789058
30322,30322,0.325035749484231,320,0,False,-1.0,-0.33056928327851,-0.482213438735178,0.0,0.0,0.0459657274899198,0.12405006981915,2,1.6587851351621696
30323,30323,0.32685988964518,321,0,False,-1.0,-0.343613923564342,-0.489021956087824,0.0,0.0,0.0402630141576832,0.123785319935731,2,1.6850740280206353
30324,30324,0.32474185513343,322,0,False,-1.0,-0.358882204740077,-0.49,0.0,0.0,0.0286748940721733,0.13673599306969,2,1.7554203729126714
30325,30325,0.325255356333718,323,0,False,-1.0,-0.358882204740077,-0.502994011976048,0.0,0.0,0.0228002318504654,0.135226634654525,2,1.7773883990159114
30326,30326,0.334234642949822,324,0,False,-1.0,-0.358882204740077,-0.51440329218107,-0.152354570637119,0.0,0.0168311747678387,0.134239363738756,2,1.8575812308835393
30327,30327,0.328441091231258,325,0,False,-1.0,-0.358882204740077,-0.537473233404711,0.0,0.0,0.0125522937359719,0.133796714066759,2,1.82705357505428
30328,30328,0.328316318523005,326,0,False,-1.0,-0.358882204740077,-0.539130434782609,0.0,0.0,0.010628888338772,0.133652562082426,2,1.8338130366698873
30373,30373,0.489460919470121,327,0,False,-1.0,-0.33375650372552,-0.506920415224913,0.0,0.0,0.763413747568671,0.222323712103744,2,1.6067183176367361
30374,30374,0.489371997549997,328,0,False,-1.0,-0.33375650372552,-0.506920415224913,0.0,0.0,0.763200111071304,0.222066783998612,2,1.604470815403097
30375,30375,0.444985086624996,329,0,False,-1.0,-0.33375650372552,-0.511986301369863,0.0,0.0,0.530659030045135,0.0460561316353919,2,0.6705377061283264
30376,30376,0.435088934213235,330,0,False,-1.0,-0.284965704741348,-0.526578073089701,0.0,0.0,0.519710385596462,0.0448783287808399,2,0.6645252715703187
30377,30377,0.434451522354991,331,0,False,-1.0,-0.284965704741348,-0.53125,0.0,0.0,0.514501994807633,0.0444917322416313,2,0.6735328385923984
30378,30378,0.447173550484395,332,0,False,-1.0,-0.284965704741348,-0.539556962025316,0.0,0.0,0.648044695481244,0.061905488887903,2,0.7754399890248844
30379,30379,0.447022356626662,333,0,False,-1.0,-0.284965704741348,-0.550769230769231,0.0,0.0,0.643107326823196,0.0604755797313656,2,0.7871621789836422
30380,30380,0.445512879669218,334,0,False,-1.0,-0.284965704741348,-0.55786350148368,0.0,0.0,0.63316183612565,0.0603066138198602,2,0.7795823634310578
30381,30381,0.44316531639916,335,0,False,-1.0,-0.284965704741348,-0.554597701149425,0.0,0.0,0.628190984556369,0.0592295796405799,2,0.7683566272035882
30382,30382,0.443383857282082,336,0,False,-1.0,-0.298614223065127,-0.557103064066852,0.0,0.0,0.61973076133584,0.0586004468653627,2,0.7652125707358919
30383,30383,0.368022826213394,337,0,False,-1.0,-0.325379140723348,-0.553763440860215,0.0,0.0,0.246025552213678,0.0331807704622163,2,1.1880636241831388
30384,30384,0.361305365990416,338,0,False,-1.0,-0.31538508802272,-0.554973821989529,0.0,0.0,0.233431851294399,0.0313515040618729,2,1.2245437179684526
30385,30385,0.350840846667226,339,0,False,-1.0,-0.305973211394661,-0.535,0.0,0.0,0.218336439217395,0.0305785783980888,2,1.2438867854213005
30386,30386,0.342065573434118,340,0,False,-1.0,-0.295157309736465,-0.51338199513382,0.0,0.0,0.207989512339726,0.0306808701802376,2,1.248891020812727
30463,30463,0.348573868725253,341,0,False,0.0,-0.298270834142611,-0.257142857142857,-0.0121679774447247,-0.173066374108612,0.986446178550765,0.445446213711523,1,3.7679017402455384
30464,30464,0.36293212151092,342,0,False,0.0,-0.298270834142611,-0.259067357512953,-0.0121679774447247,-0.245872936468234,0.988332340842648,0.473401186898976,1,4.079029294520148
30465,30465,0.372504284002199,343,0,False,0.0,-0.314894445590562,-0.264248704663212,-0.0149498632634458,-0.252699228791774,0.993453644687847,0.468425160753981,1,4.035663543678604
30466,30466,0.396529551541005,344,0,False,0.0,-0.3398169364025,-0.268929503916449,-0.0193578847969783,-0.353281853281853,0.997054764442011,0.468685625523481,3,4.118725732718113
30467,30467,0.421196270069435,345,0,False,0.0,-0.353359902691697,-0.286089238845144,-0.0825082508250825,-0.445436105476673,1.0,0.468704638643994,3,4.023253571885469
30468,30468,0.939087572778857,346,0,False,1.0,1.0,1.0,-1.0,-1.0,1.0,0.467872633046317,4,4.439395802563533
30469,30469,0.935577059344422,347,0,False,1.0,1.0,1.0,-1.0,-1.0,1.0,0.469295857634186,4,4.449618605306311
30470,30470,0.714522382956989,348,0,False,-1.0,-0.645474787256827,-0.695538057742782,-0.784704033525406,-0.249487354750513,1.0,0.470798604220689,3,3.5647391542311295
30471,30471,0.710203079534992,349,0,False,-1.0,-0.635894502104293,-0.695538057742782,-0.757522123893805,-0.249487354750513,0.999410496351946,0.424709009220846,3,3.1431058066203117
30472,30472,0.68731584736531,350,0,False,-1.0,-0.60034335397595,-0.693121693121693,-0.531890660592255,-0.248976807639836,0.997963943575354,0.422907083705417,3,3.00251258589544
30473,30473,0.64143240663467,351,0,False,-1.0,-0.538482904205893,-0.660574412532637,-0.488169364881694,0.0,0.994386038123775,0.422333463057035,3,3.305741492999475
30474,30474,0.640480654264035,352,0,False,-1.0,-0.503380625351896,-0.647642679900744,-0.647210300429185,0.0,0.989348542339688,0.425941274051498,3,3.3387514432449925
30475,30475,0.63680139203331,353,0,False,-1.0,-0.503380625351896,-0.631961259079903,-0.647210300429185,0.0,0.987544692675868,0.427419954434898,3,3.3448851962014263
30476,30476,0.644385134652917,354,0,False,-1.0,-0.51559464197933,-0.627737226277372,-0.745668316831683,0.0,0.9870362144431,0.427546724717408,3,3.4115317884340115
30563,30563,0.253045286504344,355,1,True,0.0,-0.100368519769554,-0.104918032786885,,0.0,0.855031883428509,0.0974999233862177,1,1.5499610800859527
30564,30564,0.255636770404218,356,1,True,0.0,-0.103494570629567,-0.103333333333333,,0.0,0.865067888874037,0.0955864174009071,1,1.5409575348420912
30565,30565,0.256941059860937,357,1,True,0.0,-0.103494570629567,-0.106666666666667,,0.0,0.868293915394655,0.0951168378154368,1,1.535194424291496
30566,30566,0.257394364312643,358,1,True,0.0,-0.103494570629567,-0.106666666666667,,0.0,0.870265025583372,0.0947949251305358,1,1.5344768191528995
30567,30567,0.257408840939141,359,1,True,0.0,-0.103494570629567,-0.104026845637584,,0.0,0.872251238528512,0.0944563624808299,1,1.5374288561687228
30568,30568,0.25815378072175,360,1,True,0.0,-0.103494570629567,-0.104026845637584,,0.0,0.875509589137891,0.0938897143024494,1,1.5363164747672733
30569,30569,0.259594352347036,361,1,True,0.0,-0.108459640986053,-0.104026845637584,,0.0,0.878186772044861,0.0934544933446811,1,1.5257010630482595
30570,30570,0.258304865205528,362,1,True,0.0,-0.0907027942042011,-0.110367892976589,,0.0,0.880882379168996,0.0930161460225521,1,1.551699194036549
30571,30571,0.262949520396577,363,1,True,0.0,-0.0907027942042011,-0.130872483221477,,0.0,0.886321889147417,0.0921124492212142,1,1.5230843829752687
30572,30572,0.265101472982536,364,1,True,0.0,-0.0696054478050899,-0.15,,0.0,0.897471333336066,0.0903418477579004,1,1.541332809596901
30573,30573,0.271016328409277,365,1,True,0.0,-0.0696054478050899,-0.161073825503356,,-0.099601593625498,0.909081831602202,0.0886929316979976,1,1.559409499205466
30574,30574,0.273692113481276,366,1,True,0.0,-0.0475058539492263,-0.181208053691275,,-0.131578947368421,0.921127395549961,0.0870808546266567,1,1.6192442240912626
30575,30575,0.27704193890919,367,1,True,0.0,-0.0475058539492263,-0.185185185185185,,-0.131578947368421,0.933668373836472,0.0855148857698105,1,1.6175444523795877
30576,30576,0.288547434809795,368,1,True,0.0,-0.0803737996366631,-0.204778156996587,,-0.131578947368421,0.946736101518703,0.083995689762001,1,1.5321645384752363
30577,30577,0.295771469982813,369,1,True,0.0,-0.0803737996366631,-0.217687074829932,,-0.352112676056338,0.960340896940343,0.0825204258914996,1,2.030219399106112
30578,30578,0.303318572679197,370,1,True,0.0,-0.0843718070083271,-0.241496598639456,,-0.352112676056338,0.974529512852978,0.0811035837222084,1,2.0130543773478
30579,30579,0.307189255967632,371,1,True,0.0,-0.0843718070083271,-0.249146757679181,,-0.352112676056338,0.987322636543173,0.0799486221295194,1,2.014633035435424
30580,30580,0.313441390060331,372,1,True,0.0,-0.0843718070083271,-0.277591973244147,,-0.352112676056338,0.994856050852045,0.0793684182814863,1,2.001349452293796
30581,30581,0.318615601927566,373,1,True,0.0,-0.105896491971097,-0.280936454849498,,-0.352112676056338,1.0,0.0789679953889241,1,1.9690457855531314
30879,30879,0.314581837335884,374,0,False,0.0,-0.0840196593644808,-0.169527896995708,-0.0514786418400876,-0.45370925814837,0.96195822252923,0.253381871834416,3,2.936498163187687
30880,30880,0.315884577529168,375,0,False,0.0,-0.0840196593644808,-0.173118279569892,-0.0518382352941177,-0.45370925814837,0.963594022915238,0.252849142630599,3,2.932242025159984
30881,30881,0.370920456949926,376,0,False,0.0,-0.0840196593644808,-0.205240174672489,-0.0735495660118776,-0.804482225656878,0.990608208830184,0.240961679372088,3,3.4107545907028562
30882,30882,0.417988596724544,377,0,False,0.0,-0.0855334013801844,-0.238913525498891,-0.241895261845387,-0.845675247041601,1.0,0.240179856150694,3,3.2243155871007003
30883,30883,0.954937376437807,378,0,False,1.0,1.0,1.0,-1.0,-1.0,1.0,0.239781770178783,4,3.114479201412561
30990,30990,0.257428007253191,379,0,False,0.0,-0.043515193027592,0.0,0.0,-0.201716738197425,0.959410765950195,0.0355645368110028,1,1.9705934086147017
30991,30991,0.263621554872843,380,1,True,0.0,-0.0451107746111528,-0.0033003300330033,,-0.362934362934363,1.0,0.0352297096684134,1,2.3470859975269818
30992,30992,0.765300390371564,381,1,True,1.0,1.0,1.0,,-1.0,1.0,0.0349599790502931,4,2.918026464076795
30993,30993,0.811555261661713,382,1,True,1.0,1.0,1.0,,-1.0,1.0,0.0348067476145411,4,2.9183316566343835
30994,30994,0.811555261661713,383,1,True,1.0,1.0,1.0,,-1.0,1.0,0.0347227787459876,4,2.91849918162203
30995,30995,0.811555261661713,384,1,True,1.0,1.0,1.0,,-1.0,1.0,0.0353099055964291,4,2.9173320178686715
30996,30996,0.811555261661713,385,1,True,1.0,1.0,1.0,,-1.0,1.0,0.0354248265775681,4,2.9171047122493032
30997,30997,0.811555261661713,386,1,True,1.0,1.0,1.0,,-1.0,1.0,0.0355156562583098,4,2.9169253237255095
30998,30998,0.307090184230308,387,1,True,0.0,-0.140354907401433,-0.189964157706093,,-0.0661846496106785,1.0,0.0356611969371278,1,1.408562143181957
30999,30999,0.292055118956994,388,1,True,0.0,-0.0962200895187925,-0.170289855072464,,-0.0661846496106785,0.976545608614382,0.035872758606548,1,1.5000136284744419
31000,31000,0.286703845208613,389,1,True,0.0,-0.0962200895187925,-0.163636363636364,,-0.0661846496106785,0.95363885015225,0.0360729827800993,1,1.4919513522577383
31001,31001,0.279829010623236,390,1,True,0.0,-0.0962200895187925,-0.149090909090909,,-0.0661846496106785,0.929339252446391,0.0363347719646953,1,1.4973070242890218
31002,31002,0.273482119182515,391,1,True,0.0,-0.0962200895187925,-0.138181818181818,,-0.0661846496106785,0.904336099418538,0.0366240328745496,1,1.5030357835869574
31003,31003,0.264293488270701,392,1,True,0.0,-0.0962200895187925,-0.12589928057554,,0.0,0.875225756231246,0.0366463710937397,1,1.5082467922225193
31040,31040,0.35860010586126,393,0,False,0.0,-0.399638646476849,-0.476793248945148,0.0,-0.272926062593959,0.762544821563447,0.27395989149326,1,2.3380635790177418
31041,31041,0.354145581134649,394,0,False,0.0,-0.399638646476849,-0.45045045045045,0.0,-0.289378350963628,0.760194621907692,0.272977190326606,1,2.3669202281903368
31042,31042,0.344108321675627,395,0,False,0.0,-0.37049440854963,-0.42654028436019,0.0,-0.272926062593959,0.758017261219124,0.271366991307052,1,2.3390157542596377
31043,31043,0.332220550961263,396,0,False,0.0,-0.347000219057485,-0.383838383838384,0.0,-0.268666756356787,0.755033566092629,0.270948283701833,1,2.350891883103909
31044,31044,0.32186531209221,397,0,False,0.0,-0.312167054205716,-0.354497354497354,0.0,-0.268666756356787,0.774510992270006,0.193298755158799,1,1.8202621640613978
31045,31045,0.257036296829897,398,0,False,0.0,-0.322706013962352,-0.33695652173913,0.0,0.0,0.616732604992967,0.249548346195649,1,2.1032608642991883
31119,31119,0.411977573361025,399,0,False,0.0,-0.399638646476849,-0.495934959349593,0.0,-0.289378350963628,0.978229446267159,0.150907821065344,1,1.535835338994379
31120,31120,0.41422184751914,400,0,False,0.0,-0.399638646476849,-0.502008032128514,0.0,-0.289378350963628,0.982844096796776,0.15140446373979,1,1.5421671588340027
31121,31121,0.418222668719702,401,0,False,0.0,-0.399638646476849,-0.520161290322581,0.0,-0.289378350963628,0.986627159330585,0.151582231489388,1,1.5475060165991497
31122,31122,0.420339610734922,402,0,False,0.0,-0.399638646476849,-0.525896414342629,0.0,-0.289378350963628,0.990542943024843,0.151602744820524,1,1.5515679700272986
31123,31123,0.430154976329948,403,0,False,0.0,-0.406064562236747,-0.544401544401544,0.0,-0.292862292718097,0.995464899752857,0.151484162043351,1,1.5651647177013452
31124,31124,0.441478740658368,404,0,False,0.0,-0.422143877429478,-0.547892720306513,0.0,-0.398032200357782,1.0,0.151757526381016,1,1.923826813536988
31125,31125,0.942904617735226,405,0,False,1.0,1.0,1.0,-1.0,-1.0,1.0,0.152204864859433,4,2.8744847416172785
31126,31126,0.9321175142982,406,0,False,1.0,1.0,1.0,-1.0,-1.0,1.0,0.153133283337896,4,2.875917275332162
31127,31127,0.93181509588367,407,0,False,1.0,1.0,1.0,-1.0,-1.0,1.0,0.153085224859867,4,2.875842499404553
31128,31128,0.447394083428299,408,0,False,0.0,-0.196130462705316,-0.229681978798587,-0.992967651195499,-0.195298372513562,1.0,0.156150963472535,3,2.531295125804325
31129,31129,0.438796282108176,409,0,False,0.0,-0.175771357244995,-0.214285714285714,-0.992967651195499,-0.195298372513562,0.989891261122375,0.157877655853306,3,2.548594086310725
31130,31130,0.437100090718275,410,0,False,0.0,-0.175771357244995,-0.213523131672598,-0.988795518207283,-0.195298372513562,0.984772995994446,0.158655106929756,3,2.5365337767707
31131,31131,0.36383253794603,411,0,False,0.0,-0.175771357244995,-0.206405693950178,-0.984819734345351,-0.0163572060123784,0.918734043614895,0.163822498044452,3,2.8200279020132215
31132,31132,0.361804922489149,412,0,False,0.0,-0.175771357244995,-0.201413427561837,-0.984819734345351,-0.0163572060123784,0.913926481774781,0.164000636954677,3,2.821763234583838
31133,31133,0.359343878639526,413,0,False,0.0,-0.175771357244995,-0.193661971830986,-0.984819734345351,-0.0163572060123784,0.909206140719494,0.164405127853674,3,2.8253491074485
31134,31134,0.346889385008548,414,0,False,0.0,-0.175771357244995,-0.190140845070423,-0.76158940397351,-0.0163572060123784,0.906129606960187,0.164463580199791,3,2.418015729422472
31135,31135,0.342849402629623,415,0,False,0.0,-0.168991814006275,-0.178321678321678,-0.76158940397351,-0.0163572060123784,0.902414858242843,0.164595069782621,3,2.4297182515535285
31136,31136,0.333571714272517,416,0,False,0.0,-0.1386839352233,-0.171929824561404,-0.717628705148206,-0.0163572060123784,0.898260226102711,0.164466913118435,3,2.404377932928142
31137,31137,0.325691941611286,417,0,False,0.0,-0.13457584708122,-0.171328671328671,-0.605263157894737,-0.0163572060123784,0.891341710578783,0.16489070657312,3,2.326017497483202
31138,31138,0.307924640038951,418,0,False,0.0,-0.0910354209143054,-0.149152542372881,-0.522292993630573,-0.0163572060123784,0.884523520240011,0.164701464424422,3,2.3693485486426895
31139,31139,0.29169317354407,419,0,False,0.0,-0.087923725273293,-0.110738255033557,-0.4140625,-0.0163572060123784,0.872802383498268,0.165934984132141,1,2.3776118361610967
31140,31140,0.260158825944677,420,0,False,0.0,-0.087923725273293,-0.09,-0.4140625,-0.0163572060123784,0.815158520973286,0.171044590275649,1,2.4250794417146544
31141,31141,0.25365274077006,421,0,False,0.0,-0.0852999886216156,-0.0627062706270627,-0.4140625,-0.0178916827852998,0.809978837577071,0.170771628103337,1,2.45456141194543
31348,31348,0.341930949848946,422,0,False,-1.0,-0.360697038286636,-0.40625,0.0,-0.345621322256836,0.0908030745738936,0.179476292165102,2,2.165534195422987
31436,31436,0.27961355412047,423,0,False,-1.0,-0.191611966392831,-0.243403693931398,0.0,0.0,0.321577006246623,0.0767769774097513,2,0.6952326017309292
31465,31465,0.430974504870579,424,0,False,-1.0,-0.356286420350638,-0.556701030927835,0.0,0.0,0.583428911559158,0.485810487046557,2,3.762580786693449
31466,31466,0.429531825406816,425,0,False,-1.0,-0.349202715051908,-0.551122194513716,0.0,0.0,0.584304426144373,0.487970880742665,2,3.7793401832513696
31467,31467,0.428421135941104,426,0,False,-1.0,-0.349202715051908,-0.542579075425791,0.0,0.0,0.58477060032446,0.488916611693181,2,3.785350945525214
31468,31468,0.4284190075116,427,0,False,-1.0,-0.349202715051908,-0.54126213592233,0.0,0.0,0.585172440285555,0.48932868835228,2,3.788815048768251
31469,31469,0.426989434745936,428,0,False,-1.0,-0.33432001134184,-0.546318289786223,0.0,0.0,0.585550899110052,0.489732452340712,2,3.7916354354969743
31470,31470,0.426088404674097,429,0,False,-1.0,-0.33432001134184,-0.539906103286385,0.0,0.0,0.585801530576036,0.490226567586651,2,3.794188714515543
31471,31471,0.426592294063551,430,0,False,-1.0,-0.33432001134184,-0.541860465116279,0.0,0.0,0.586218479559826,0.4902940726896,2,3.7955309959936447
31472,31472,0.42654000617225,431,0,False,-1.0,-0.33432001134184,-0.540603248259861,0.0,0.0,0.586353170416846,0.491051609106166,2,3.8021290545226987
31473,31473,0.433149674277411,432,0,False,-1.0,-0.33432001134184,-0.530474040632054,0.0,0.0,0.59305126587121,0.23923733800536,2,1.5372691052916323
31474,31474,0.449408938502044,433,0,False,-1.0,-0.378509845502055,-0.520661157024793,-0.141025641025641,0.0,0.599462549807937,0.239495926364485,2,1.612273765517321
31475,31475,0.474247879257729,434,0,False,-1.0,-0.394204115093082,-0.528925619834711,-0.435967302452316,0.0,0.603014058095276,0.244021340077747,3,2.1978004937860396
31476,31476,0.562637784123096,435,0,False,-1.0,-0.407344521950783,-0.525562372188139,-0.435967302452316,0.0,0.940514436921833,0.133423827050079,3,1.6629558039800316
31477,31477,0.577360714276782,436,0,False,-1.0,-0.434963795576291,-0.549356223175966,-0.435967302452316,0.0,0.954009077075421,0.130202207080591,3,1.6743084768766656
31478,31478,0.587901501775035,437,0,False,-1.0,-0.451504953488274,-0.571111111111111,-0.488549618320611,0.0,0.955505365971928,0.132046242464944,3,1.647998484035396
31479,31479,0.59087927540405,438,0,False,-1.0,-0.459725540215006,-0.573660714285714,-0.488549618320611,0.0,0.957514664386351,0.131645830213,3,1.6509210592778467
31480,31480,0.454037690583135,439,0,False,-1.0,-0.33375650372552,-0.501748251748252,0.0,0.0,0.835417135005442,0.408266431866351,2,3.2205390325930865
31481,31481,0.452706566442081,440,0,False,-1.0,-0.321674301074648,-0.510309278350515,0.0,0.0,0.834935363898212,0.407956052409538,2,3.2178383959009347
31482,31482,0.447848831078336,441,0,False,-1.0,-0.284965704741348,-0.52020202020202,0.0,0.0,0.834633591972537,0.407859287634842,2,3.2153084175118947
31483,31483,0.440921734925204,442,0,False,-1.0,-0.284965704741348,-0.525,0.0,0.0,0.81755893827993,0.517239353704138,2,4.162197694091443
31484,31484,0.441621920406128,443,0,False,-1.0,-0.284965704741348,-0.53125,0.0,0.0,0.817278772878492,0.517185174570671,2,4.163164735487384
31485,31485,0.441667646973548,444,0,False,-1.0,-0.284965704741348,-0.533653846153846,0.0,0.0,0.817296527747321,0.516445268497438,2,4.157232514654585
31486,31486,0.442543137946228,445,0,False,-1.0,-0.284965704741348,-0.542319749216301,0.0,0.0,0.81733174395864,0.515263825879239,2,4.149178475542373
31487,31487,0.443190817031471,446,0,False,-1.0,-0.284965704741348,-0.548686244204019,0.0,0.0,0.81706556779369,0.515074910561154,2,4.149139911270318
31488,31488,0.443663454388134,447,0,False,-1.0,-0.284965704741348,-0.557548579970105,0.0,0.0,0.817394508553374,0.512463710709151,2,4.128848254552413
31489,31489,0.442394785056304,448,0,False,-1.0,-0.284965704741348,-0.552821997105644,0.0,0.0,0.816659346457298,0.513147741044787,2,4.132840807106713
31679,31679,0.250714132681468,449,1,True,0.0,-0.24060841043835,-0.273684210526316,,0.0,0.695615499366666,0.0763599915661197,1,1.1792748488635685
31680,31680,0.261399699688266,450,1,True,0.0,-0.24060841043835,-0.314685314685315,,0.0,0.706400239749146,0.0763100597953559,1,1.1214938470446725
31681,31681,0.273261627893699,451,1,True,0.0,-0.250126056157008,-0.359154929577465,,0.0,0.714486390267012,0.0777694725410223,1,1.0561706662417643
31682,31682,0.292687222735967,452,1,True,0.0,-0.300436917755489,-0.412587412587413,,0.0,0.720627794735388,0.0782819036923483,1,0.9183560296292752
31683,31683,0.295780944985912,453,1,True,0.0,-0.300436917755489,-0.415807560137457,,0.0,0.728121245533412,0.0786686086927813,1,0.9030391094008107
31684,31684,0.284291737472422,454,1,True,0.0,-0.250126056157008,-0.380952380952381,,0.0,0.736115546119008,0.0794467311137522,1,1.0079450915508577
31685,31685,0.293246286572312,455,1,True,0.0,-0.250126056157008,-0.416382252559727,,0.0,0.745325818015552,0.0801440179481738,1,0.9764071537490985
31686,31686,0.309056725337494,456,1,True,0.0,-0.300436917755489,-0.444444444444444,,0.0,0.753926489942251,0.0814032542368194,1,0.8512094223892506
31687,31687,0.325421191559142,457,1,True,0.0,-0.332977568020636,-0.495207667731629,,0.0,0.761931309858416,0.0824422850499559,1,0.7686291945125582
31688,31688,0.338633459637086,458,1,True,0.0,-0.348076885297227,-0.545171339563863,,0.0,0.769768152887806,0.083505860562307,1,0.7402507041628003
31689,31689,0.352578289381372,459,1,True,0.0,-0.379159374089353,-0.577507598784195,,0.0,0.781246466868713,0.0842966294213026,1,0.6856806894258163
31690,31690,0.369013452667199,460,1,True,0.0,-0.424523770442551,-0.612121212121212,,0.0,0.792263396030332,0.0863789005935112,1,0.6351793577419421
31691,31691,0.373479771477581,461,1,True,0.0,-0.424523770442551,-0.622418879056047,,0.0,0.802328840418456,0.0881081593623537,1,0.6382504470236906
31774,31774,0.336844724683714,462,0,False,-1.0,-0.117315750424898,-0.0686813186813187,-0.428571428571429,-0.34529582929195,0.570696337685712,0.117671222063928,3,1.698132509448828
31775,31775,0.337069145995182,463,0,False,-1.0,-0.117315750424898,-0.0686813186813187,-0.428571428571429,-0.34529582929195,0.571133095566111,0.117216660151285,3,1.6973346050133642
31776,31776,0.335903959603433,464,0,False,-1.0,-0.117315750424898,-0.0607734806629834,-0.428571428571429,-0.34529582929195,0.571396971253957,0.116879359756608,3,1.7068523552914872
31777,31777,0.333806271475926,465,0,False,-1.0,-0.102993927017442,-0.0607734806629834,-0.428571428571429,-0.34529582929195,0.571958987827788,0.116344304789054,3,1.7239498600022716
31778,31778,0.332798878267914,466,0,False,-1.0,-0.102993927017442,-0.0606060606060606,-0.428571428571429,-0.308492201039861,0.571810405847717,0.11630034840966,3,1.734395551324279
31779,31779,0.362992412854586,467,0,False,-1.0,-0.106258288348037,-0.0606060606060606,-0.428571428571429,-0.563457330415755,0.572866532830472,0.115468557149403,3,1.9457609582271636
32247,32247,0.468347362725944,468,0,False,-1.0,-0.197140651881395,-0.265104808877928,0.0,0.0,0.889946959479132,0.0559509089871494,2,1.371598502062004
32301,32301,0.286182487760833,469,2,True,-1.0,-0.204365944275077,-0.0666666666666667,,,0.584153688686289,0.024188835838202,2,0.9226294434605601
32302,32302,0.286262068292604,470,2,True,-1.0,-0.204365944275077,-0.0666666666666667,,,0.582679160911854,0.0246898346512701,2,0.9180844306197999
32303,32303,0.288242134369391,471,2,True,-1.0,-0.204365944275077,-0.0779220779220779,,,0.581258283184153,0.025199827275215,2,0.8961845106416101
32304,32304,0.275154038693128,472,2,True,-1.0,-0.125155856203512,-0.0779220779220779,,,0.579879699533092,0.0257205205063047,2,0.9381730593487773
32305,32305,0.275118298175215,473,2,True,-1.0,-0.125155856203512,-0.0769230769230769,,,0.57854910985092,0.0262542440725807,2,0.9352563784496063
32306,32306,0.27309336773739,474,2,True,-1.0,-0.113030366001448,-0.0759493670886076,,,0.577278941629518,0.0267978393583323,2,0.9433099782153428
32307,32307,0.272570863130809,475,2,True,-1.0,-0.113030366001448,-0.0714285714285714,,,0.576179579300864,0.0273578246928729,2,0.9457691993132262
32308,32308,0.272298343326973,476,2,True,-1.0,-0.113030366001448,-0.0681818181818182,,,0.575125265421502,0.0279261860931261,2,0.9464622142389173
32309,32309,0.270706201162909,477,2,True,-1.0,-0.113030366001448,-0.0568181818181818,,,0.574093040674087,0.0285102462965413,2,0.9596257573298724
32310,32310,0.271044395210026,478,2,True,-1.0,-0.113030366001448,-0.0568181818181818,,,0.573116593930467,0.0291040644070653,2,0.9555372010896055
32311,32311,0.271113466054682,479,2,True,-1.0,-0.113030366001448,-0.0549450549450549,,,0.5721668899708,0.0297198942697461,2,0.9543025767169772
32312,32312,0.271428822686992,480,2,True,-1.0,-0.113030366001448,-0.0543478260869565,,,0.571264656565213,0.0303592652025846,2,0.9510332466243925
32313,32313,0.269897192996689,481,2,True,-1.0,-0.113030366001448,-0.0425531914893617,,,0.570359571602863,0.0310199075505291,2,0.9656077580976647
32314,32314,0.270346163861271,482,2,True,-1.0,-0.113030366001448,-0.0425531914893617,,,0.569421316499232,0.0317085841052654,2,0.9612574783028109
32315,32315,0.270651419548454,483,2,True,-1.0,-0.113030366001448,-0.0416666666666667,,,0.568542976704262,0.0324211682603867,2,0.9583123362156004
32316,32316,0.25800351135315,484,1,True,-1.0,-0.0345106902037393,-0.0412371134020619,,0.0,0.567676762859254,0.0331573978350641,2,1.0453062013748737
32317,32317,0.258483496793851,485,0,False,-1.0,-0.0345106902037393,-0.0412371134020619,0.0,0.0,0.56680004394168,0.0339142740370405,2,1.0411661435718575
32318,32318,0.258425175123196,486,0,False,-1.0,-0.0311448034194938,-0.0412371134020619,0.0,0.0,0.56593999800396,0.0346987983617728,2,1.0415936395606062
32319,32319,0.265736674698943,487,0,False,-1.0,-0.0720649729211832,-0.0412371134020619,0.0,0.0,0.565090214009629,0.035511054822015,2,0.9844493741873591
32355,32355,0.281214636324119,488,0,False,-1.0,-0.191611966392831,-0.250328515111695,0.0,0.0,0.274766603238772,0.0249537082210709,2,1.02387159564654
32712,32712,0.252596862258046,489,1,True,0.0,-0.130151684738615,-0.193979933110368,,0.0,0.886252954199012,0.129351610966488,1,1.474423841030734
32713,32713,0.261845192267627,490,1,True,0.0,-0.157645594016943,-0.213559322033898,,0.0,0.888231923912217,0.129818064072613,1,1.4019049396946963
32714,32714,0.269493317286572,491,1,True,0.0,-0.16479855886673,-0.241610738255034,,0.0,0.89073021505529,0.130081751345517,1,1.3600056563799394
32715,32715,0.275538164381606,492,1,True,0.0,-0.16479855886673,-0.267558528428094,,0.0,0.892379471339796,0.130965936262406,1,1.3390614630066537
32716,32716,0.280312018996922,493,1,True,0.0,-0.16479855886673,-0.288079470198675,,0.0,0.893274120933739,0.132074053977725,1,1.3261449835935164
32717,32717,0.301552026346501,494,1,True,0.0,-0.24060841043835,-0.323333333333333,,0.0,0.897237079574249,0.131982215720007,1,1.1520786043973923
32718,32718,0.320142819233384,495,1,True,0.0,-0.250126056157008,-0.416382252559727,,0.0,0.896697880259188,0.134739009447076,1,1.0944526093682332
32719,32719,0.334801851362365,496,1,True,0.0,-0.300436917755489,-0.446308724832215,,0.0,0.897127911688079,0.13581265502286,1,1.0015263006612272
32720,32720,0.347613342697683,497,1,True,0.0,-0.332977568020636,-0.488817891373802,,0.0,0.895763688294332,0.13755437817477,1,0.9541924528620671
32721,32721,0.362811189882717,498,1,True,0.0,-0.348076885297227,-0.547987616099071,,0.0,0.899907063693594,0.136273546214243,1,0.9331657105546262
32722,32722,0.387964219433106,499,1,True,0.0,-0.424523770442551,-0.612121212121212,,0.0,0.898063916149068,0.140118948236947,1,0.9015377889864364
32723,32723,0.39041611628363,500,1,True,0.0,-0.424523770442551,-0.622418879056047,,0.0,0.896305040648437,0.14301029257456,1,0.9310201195969963
32749,32749,0.455183116259751,501,0,False,-1.0,-0.194741753804048,-0.179457587997692,0.0,0.0,0.977607963910307,0.122174570323495,2,1.6872973401163147
32750,32750,0.465083517443834,502,0,False,-1.0,-0.250716863755253,-0.180919139034322,0.0,0.0,0.977938039842266,0.124430817818705,2,1.6868187626334357
32751,32751,0.465376461770068,503,0,False,-1.0,-0.250716863755253,-0.177296664716208,0.0,0.0,0.978544084070815,0.13456225456433,2,1.711285900294144
32752,32752,0.463070053196575,504,0,False,-1.0,-0.223187611590092,-0.182567726737338,0.0,0.0,0.972647223250042,0.0376283134212432,2,1.707177195163239
32753,32753,0.463408421129195,505,0,False,-1.0,-0.223187611590092,-0.188981042654028,0.0,0.0,0.971019345094415,0.0380694543387715,2,1.6979477226496793
33372,33372,0.382055973716224,506,0,False,-1.0,-0.407344521950783,-0.522448979591837,-0.435967302452316,0.0,0.101158467066136,0.11761667724194,2,2.1839641664178333
33373,33373,0.390368290934518,507,0,False,-1.0,-0.434963795576291,-0.533057851239669,-0.435967302452316,0.0,0.105131707090069,0.118723609374227,2,2.197424069582857
33374,33374,0.39211673250262,508,0,False,-1.0,-0.434963795576291,-0.536382536382536,-0.435967302452316,0.0,0.107684991003649,0.119215394291367,2,2.194412597516126
33375,33375,0.394704461634964,509,0,False,-1.0,-0.434963795576291,-0.545258620689655,-0.435967302452316,0.0,0.110027645791188,0.119700810519308,2,2.194958784521549
33376,33376,0.407576422298065,510,0,False,-1.0,-0.434963795576291,-0.55119825708061,-0.642795513373598,0.0,0.1121778345087,0.120156008639416,2,2.807452264211584
33377,33377,0.410825905643684,511,0,False,-1.0,-0.438870543357094,-0.560975609756098,-0.642795513373598,0.0,0.114183350173285,0.120613864924447,2,2.8109510234282005
33378,33378,0.414659607971368,512,0,False,-1.0,-0.451504953488274,-0.565995525727069,-0.642795513373598,0.0,0.116012778381556,0.121063005740755,2,2.816953550564055
33379,33379,0.424972100490153,513,0,False,-1.0,-0.451504953488274,-0.56981981981982,-0.742857142857143,0.0,0.117680888211402,0.121481025542256,3,3.112407495948874
33380,33380,0.42745741480023,514,0,False,-1.0,-0.459725540215006,-0.572072072072072,-0.742857142857143,0.0,0.119264797487328,0.121889388110891,3,3.108935314712907
33381,33381,0.428829423337835,515,0,False,-1.0,-0.459725540215006,-0.576233183856502,-0.742857142857143,0.0,0.120780657782608,0.122259367083136,3,3.1056215138418186
33382,33382,0.434269254531232,516,0,False,-1.0,-0.47926315181493,-0.585421412300683,-0.742857142857143,0.0,0.122263589540282,0.122617972916643,3,3.105318858757872
33383,33383,0.435352084455739,517,0,False,-1.0,-0.47926315181493,-0.588100686498856,-0.742857142857143,0.0,0.12371382182875,0.122976056441923,3,3.1019451217579377
33384,33384,0.490005168082248,518,0,False,-1.0,-0.47926315181493,-0.589041095890411,-0.742857142857143,-0.338773709748566,0.125125804921329,0.123347603178395,3,2.700807434013103
33385,33385,0.494202319265216,519,0,False,-1.0,-0.490364156570479,-0.599537037037037,-0.742857142857143,-0.338773709748566,0.126456604524338,0.123719938865237,3,2.701199721634128
33386,33386,0.497777691964617,520,0,False,-1.0,-0.505716968744873,-0.602325581395349,-0.742857142857143,-0.338773709748566,0.127649624192732,0.124140568378655,3,2.700938231173259
33387,33387,0.498394176278791,521,0,False,-1.0,-0.505716968744873,-0.603729603729604,-0.742857142857143,-0.338773709748566,0.128465819131376,0.124448082112177,3,2.69881151955181
33388,33388,0.499190699621817,522,0,False,-1.0,-0.505716968744873,-0.60655737704918,-0.742857142857143,-0.338773709748566,0.129357698656319,0.124481402540987,3,2.6968727693368817
33402,33402,0.362253146307541,523,0,False,-1.0,-0.128753550186305,-0.541501976284585,0.0,0.0,0.609036748525929,0.0583791097108259,2,0.7685105034128843
33560,33560,0.958016140095198,524,0,False,1.0,1.0,1.0,-1.0,-1.0,1.0,0.101008200702698,4,2.83559590733348
33561,33561,0.958016140095198,525,0,False,1.0,1.0,1.0,-1.0,-1.0,1.0,0.0989417863243567,4,2.8357041479618728
33562,33562,0.95685651292791,526,0,False,1.0,1.0,1.0,-1.0,-1.0,1.0,0.0990248790586408,4,2.835697267226829
33563,33563,0.322070652891346,527,0,False,0.0,-0.022729539382098,-0.0419753086419753,0.0,-0.4312047399605,1.0,0.098865405945786,1,2.545582116635852
33564,33564,0.46538044495403,528,0,False,-1.0,-0.222635995233651,-0.195475638051044,0.0,0.0,0.975337053824431,0.0053206687500231,2,1.8183709767598835
33568,33568,0.328234258289567,529,0,False,-1.0,-0.194451094931495,-0.231132075471698,0.0,0.0,0.269633647227901,0.123776922764387,2,0.9126004834632898
33569,33569,0.343223485617626,530,0,False,-1.0,-0.21783311375774,-0.240851630073187,0.0,0.0,0.32384793981967,0.132897210268941,2,0.7827617625155132
33570,33570,0.410735435206145,531,0,False,-1.0,-0.21783311375774,-0.246839654025283,0.0,0.0,0.603837895134658,0.0896791540101563,2,0.4254892379506703
33571,33571,0.414284826540432,532,0,False,-1.0,-0.221069406266597,-0.254993342210386,0.0,0.0,0.610156001724619,0.0899933722625643,2,0.4340066584592426
33572,33572,0.418332470817852,533,0,False,-1.0,-0.221069406266597,-0.25888665325285,0.0,0.0,0.622508121358601,0.0890262929361517,2,0.46633535958695643
33573,33573,0.42187787678261,534,0,False,-1.0,-0.221069406266597,-0.268506056527591,0.0,0.0,0.630160841737111,0.0897542735575548,2,0.48229609463061746
33574,33574,0.426195732810411,535,0,False,-1.0,-0.221069406266597,-0.274643099932019,0.0,0.0,0.643369776634196,0.0889944192567725,2,0.5191558995551284
33575,33575,0.431364118279529,536,0,False,-1.0,-0.232299132516106,-0.28013698630137,0.0,0.0,0.655956852102109,0.0895995119788714,2,0.5534901438185923
33576,33576,0.435184335199644,537,0,False,-1.0,-0.240428341141907,-0.292465753424658,-0.0027548209366391,0.0,0.661529410149891,0.091365053167502,2,0.5642153497134197
34285,34285,0.343589062964054,538,0,False,-1.0,-0.222114533389338,-0.262619808306709,-0.0023677979479084,0.0,0.302936819319566,0.0035015604878656,2,1.0779769233834307
34286,34286,0.34363299462185,539,0,False,-1.0,-0.222114533389338,-0.261783439490446,-0.0023677979479084,0.0,0.303093842487125,0.0021938264204017,2,1.0870054521845791
34287,34287,0.344138581389334,540,0,False,-1.0,-0.222114533389338,-0.263224984066284,-0.0023677979479084,0.0,0.303121087171902,0.0009617047787613,2,1.09512521799154
34289,34289,0.295719709585896,541,0,False,-1.0,-0.153253568927632,-0.214092140921409,0.0,0.0,0.0633795665665872,0.233942289079682,2,2.0537747882285795
34290,34290,0.298267603391227,542,0,False,-1.0,-0.155944338247943,-0.204220558202859,0.0,0.0,0.117319331593429,0.221795798916497,2,1.8487996727651175
34291,34291,0.282282534748133,543,0,False,-1.0,-0.17955349586181,-0.194822888283379,0.0,0.0,0.0154756123287652,0.248414823489226,2,2.2612751928317065
34292,34292,0.281433279086366,544,0,False,-1.0,-0.175219647539164,-0.183939601921757,0.0,0.0,0.0340622529930721,0.245084918683798,2,2.199132052167855
34293,34293,0.278170920505261,545,0,False,-1.0,-0.173167184660407,-0.159779614325069,-0.0029673590504451,0.0,0.0502643404049969,0.246755594762906,2,2.179190052510115
34299,34299,0.260546469686709,546,0,False,0.0,-0.120963773902143,-0.128407026044821,-0.0136929460580913,0.0,0.956518009778652,0.0296197813098808,1,1.4911380025789815
34300,34300,0.26671088096828,547,0,False,0.0,-0.14340448399208,-0.141676505312869,-0.0136929460580913,0.0,0.961546504127172,0.0371803018741039,1,1.419899962111092
34342,34342,0.406878976709168,548,0,False,-1.0,-0.240428341141907,-0.282505105513955,-0.0027548209366391,0.0,0.597961357822833,0.143689194314083,2,0.627510242782276
34343,34343,0.402840685713715,549,0,False,-1.0,-0.232299132516106,-0.27864406779661,-0.0027548209366391,0.0,0.589164242480908,0.14434948187467,2,0.620151201292935
34344,34344,0.398948912047661,550,0,False,-1.0,-0.22470166418903,-0.273584905660377,0.0,0.0,0.582450969095521,0.144586080672471,2,0.6170105563129434
34345,34345,0.395896404057368,551,0,False,-1.0,-0.221069406266597,-0.269025367156208,0.0,0.0,0.575656311184455,0.145166007431776,2,0.6150333091995464
34346,34346,0.392481922365337,552,0,False,-1.0,-0.221069406266597,-0.258792302587923,0.0,0.0,0.568976198725314,0.145826553019366,2,0.6172956268539989
34347,34347,0.388596734198542,553,0,False,-1.0,-0.221069406266597,-0.246031746031746,0.0,0.0,0.561985927714451,0.146929544509885,2,0.6263122787697003
34348,34348,0.326286654699332,554,0,False,-1.0,-0.18880691971896,-0.238914626075447,0.0,0.0,0.375307292644842,0.182798104596076,2,1.0201033887894837
34425,34425,0.577224375268424,555,0,False,-1.0,-0.434963795576291,-0.521298174442191,-0.285714285714286,0.0,0.977104147845465,0.0954392320897954,3,1.9165880634585255
34426,34426,0.575600942495027,556,0,False,-1.0,-0.442587944125367,-0.51195219123506,-0.285714285714286,0.0,0.973906735572103,0.0959010744972967,3,1.912499006104247
34427,34427,0.564851072826863,557,0,False,-1.0,-0.442587944125367,-0.505928853754941,-0.141025641025641,0.0,0.970363021609785,0.0966212698800574,2,1.7795853154365884
34428,34428,0.56024857322125,558,0,False,-1.0,-0.426469797192391,-0.497041420118343,-0.152354570637119,0.0,0.968169914911718,0.0966766871556152,2,1.7672070126064368
34429,34429,0.544874122449623,559,0,False,-1.0,-0.401833644756424,-0.494094488188976,0.0,0.0,0.962944678617267,0.0976771775404745,2,1.6724402040758226
34430,34430,0.538539467946256,560,0,False,-1.0,-0.386139978026862,-0.48936170212766,0.0,0.0,0.957344981293723,0.0991574064103024,2,1.6430404437019717
34431,34431,0.536746402107498,561,0,False,-1.0,-0.386139978026862,-0.486434108527132,0.0,0.0,0.954776221816836,0.099861364644771,2,1.633602296948397
34432,34432,0.536884331999663,562,0,False,-1.0,-0.386139978026862,-0.49034749034749,0.0,0.0,0.953678355834443,0.100071276628495,2,1.6323983787432526
34433,34433,0.536265586704709,563,0,False,-1.0,-0.386139978026862,-0.490494296577947,0.0,0.0,0.952112998655677,0.10010273446708,2,1.6275141611570973
34434,34434,0.535875696827912,564,0,False,-1.0,-0.404844059138953,-0.484346224677716,0.0,0.0,0.946550872919899,0.100995116620592,2,1.6188226489156958
34764,34764,0.563301121117828,565,0,False,-1.0,-0.51559464197933,-0.613744075829384,-0.744286596664608,0.0,0.777347749243593,0.086923704278366,3,1.8655838563256257
34765,34765,0.557652279526802,566,0,False,-1.0,-0.503380625351896,-0.628640776699029,-0.647210300429185,0.0,0.776658399966766,0.087464980283677,3,1.7496958126590747
34766,34766,0.559020353636106,567,0,False,-1.0,-0.503380625351896,-0.636138613861386,-0.647210300429185,0.0,0.774072228025011,0.0879348535062534,3,1.7547826237623572
34767,34767,0.558361394649552,568,0,False,-1.0,-0.519018937568703,-0.64321608040201,-0.488169364881694,0.0,0.808573420343902,0.0851433876240208,3,1.717621330999321
34768,34768,0.574790427222946,569,0,False,-1.0,-0.555592281933626,-0.671875,-0.527042577675489,0.0,0.817536077818473,0.0854495449576234,3,1.7366527921375698
34769,34769,0.685368119920625,570,0,False,-1.0,-0.602651404225859,-0.689839572192513,-0.753744757339724,-0.248976807639836,0.929829862334075,0.0466223181663638,3,1.4408525779039132
34770,34770,0.692096434065357,571,0,False,-1.0,-0.60896587759842,-0.691292875989446,-0.755648038049941,-0.249487354750513,0.94996346477977,0.0484634097094702,3,1.4540372302037912
34771,34771,0.696363620488174,572,0,False,-1.0,-0.60896587759842,-0.691292875989446,-0.755648038049941,-0.249487354750513,0.970200303034462,0.0461119527561896,3,1.4789144281394744
34772,34772,0.70029592615097,573,0,False,-1.0,-0.600554392992753,-0.689655172413793,-0.798097251585624,-0.249487354750513,0.979389824381262,0.0468134154374377,3,1.5700646296676057
34773,34773,0.937702121397374,574,0,False,1.0,1.0,1.0,-1.0,-1.0,1.0,0.582476692198989,4,5.306046575039555
34774,34774,0.422144062446819,575,0,False,0.0,-0.353359902691697,-0.292105263157895,-0.0808110490743462,-0.445436105476673,1.0,0.579983660501222,3,4.899376846532183
34775,34775,0.398546868128314,576,0,False,0.0,-0.353359902691697,-0.270557029177719,-0.0180616740088106,-0.342162667497663,0.99401243523419,0.581941872796788,3,4.992113212910414
34776,34776,0.372460789555064,577,0,False,0.0,-0.307943235307514,-0.265625,-0.0134118416748446,-0.25916161349855,0.988800654160233,0.586300974366005,3,5.055522200488591
34777,34777,0.365053109921471,578,0,False,0.0,-0.298270834142611,-0.258485639686684,-0.0129746835443038,-0.249113025848961,0.989488590441722,0.42590946752504,1,3.6688999491961933
34948,34948,0.469386465195213,579,0,False,-1.0,-0.216181763039827,-0.211962833914053,0.0,0.0,0.979247455957295,0.23028769951891,2,2.107282526900279
34949,34949,0.474863008375826,580,0,False,-1.0,-0.23979754317345,-0.220554272517321,0.0,0.0,0.979424908451374,0.238528502075649,2,2.1529207143104445
35503,35503,0.254846619304017,581,0,False,-1.0,-0.180075703041226,-0.205943331029717,0.0,0.0,0.0326967112966108,0.109437408531645,2,1.6557615884931638
35584,35584,0.359921406966296,582,0,False,-1.0,-0.16410049723383,-0.551181102362205,0.0,0.0,0.526723263932496,0.0889202050737226,2,0.6021554812419144
35585,35585,0.359907641567564,583,2,True,-1.0,-0.178368737241499,-0.551587301587302,,,0.513922671349166,0.0897533442736299,2,0.587145907420927
35586,35586,0.358822606306681,584,2,True,-1.0,-0.178368737241499,-0.551587301587302,,,0.51066177964826,0.089005421945042,2,0.5866338016217112
35587,35587,0.360958182449216,585,2,True,-1.0,-0.198507843447635,-0.549800796812749,,,0.507094441061991,0.0887212379614262,2,0.5692990823879953
35588,35588,0.360390356973545,586,2,True,-1.0,-0.198507843447635,-0.549800796812749,,,0.504541451651941,0.0887180385221231,2,0.5692185023425188
35589,35589,0.35928213037314,587,2,True,-1.0,-0.198507843447635,-0.548,,,0.50296363339062,0.0876493678846505,2,0.565487680654274
35665,35665,0.354592739126576,588,3,True,,-0.470802118845353,-0.833333333333333,,,0.799773042900155,0.0258824162668472,1,0.9740539002342037
35666,35666,0.353289746718507,589,3,True,,-0.470802118845353,-0.833333333333333,,,0.797393953041767,0.0247935682361284,1,0.979734158416905
35667,35667,0.357307020921177,590,3,True,,-0.506709096752099,-0.833333333333333,,,0.792692552919238,0.0238663341147789,1,0.9714143042079328
35668,35668,0.336918206818659,591,3,True,,-0.406554005062545,-0.833333333333333,,,0.782134005405156,0.0234938979957988,1,1.0478825041801412
35765,35765,0.478073528524723,592,0,False,-1.0,-0.33056928327851,-0.487712665406427,0.0,0.0,0.861652670177239,0.108246522423237,2,1.3174281781285766
35766,35766,0.477365231365681,593,0,False,-1.0,-0.33056928327851,-0.486590038314176,0.0,0.0,0.859994654105073,0.107999861100184,2,1.3111478229942632
35767,35767,0.476656252741258,594,0,False,-1.0,-0.33056928327851,-0.484732824427481,0.0,0.0,0.858740579336392,0.107812838229282,2,1.305711273969633
35768,35768,0.368374017346326,595,0,False,-1.0,-0.33056928327851,-0.479768786127168,0.0,0.0,0.352803942980546,0.26552137758474,2,1.7823214914784136
35769,35769,0.368238119611638,596,0,False,-1.0,-0.33056928327851,-0.480544747081712,0.0,0.0,0.352155207110073,0.265059378987841,2,1.7793674563742816
35770,35770,0.367085496248527,597,0,False,-1.0,-0.33056928327851,-0.475442043222004,0.0,0.0,0.351288122876265,0.264704723287941,2,1.774737185102037
36138,36138,0.272427252112423,598,0,False,0.0,-0.14340448399208,-0.143783146729523,-0.0136759220886863,0.0,0.9749949161508,0.0229792368089605,1,1.453913903927171
36139,36139,0.322537187400991,599,0,False,-0.345303878319584,-0.11915525461577,-0.144571085782843,0.0,0.0,0.968298650752654,0.0010678171772009,1,1.5867545547843156
36431,36431,0.387313655485593,600,0,False,-1.0,-0.0746124833483029,-0.0382882882882883,0.0,-0.33872502378687,0.89046752320703,0.109083517915607,2,2.0503893660854473
36432,36432,0.387167987904712,601,0,False,-1.0,-0.0758055340888162,-0.0385487528344671,0.0,-0.33872502378687,0.889538167891989,0.109011865551683,2,2.0474364969348073
36523,36523,0.411304369552117,602,0,False,-1.0,-0.242527959520903,-0.448453608247423,0.0,0.0,0.76478069830601,0.0359027429500279,2,1.0714841131911579
36524,36524,0.405267465336902,603,0,False,-1.0,-0.203290251921454,-0.449795081967213,0.0,0.0,0.764252771039161,0.0360656957104901,2,1.0754058488118081
36525,36525,0.405373482148246,604,0,False,-1.0,-0.203290251921454,-0.446028513238289,0.0,0.0,0.765981988630364,0.0361117613085825,2,1.0776601019667857
36526,36526,0.404989868577478,605,0,False,-1.0,-0.203290251921454,-0.442871587462083,0.0,0.0,0.761973412758395,0.0366568458189078,2,1.0620868109939512
36527,36527,0.403387912690266,606,0,False,-1.0,-0.203290251921454,-0.42713567839196,0.0,0.0,0.764512850999522,0.0365530120461001,2,1.0606169312493816
36528,36528,0.401292779839433,607,0,False,-1.0,-0.203290251921454,-0.413280475718533,0.0,0.0,0.755962267860931,0.0374503896746018,2,1.0253583922584948
36529,36529,0.400466021097853,608,0,False,-1.0,-0.203290251921454,-0.411298315163528,0.0,0.0,0.745047504244733,0.0385635106239283,2,0.98857275078692
36530,36530,0.400867756952432,609,0,False,-1.0,-0.203290251921454,-0.413280475718533,0.0,0.0,0.742129005509789,0.0388925398923756,2,0.9798682939030039
36531,36531,0.403619318448519,610,0,False,-1.0,-0.203290251921454,-0.428,0.0,0.0,0.738763784285962,0.0392868242353514,2,0.9767290323192115
36532,36532,0.406548661002342,611,0,False,-1.0,-0.203290251921454,-0.448795180722892,0.0,0.0,0.727706072716346,0.0404680447139481,2,0.9547276952562113
36533,36533,0.419094157635491,612,0,False,-1.0,-0.22783422099144,-0.493670886075949,0.0,0.0,0.721064374219899,0.0409930131511703,2,0.9678728600012583
36534,36534,0.42783707889447,613,0,False,-1.0,-0.290085138331146,-0.519480519480519,0.0,0.0,0.651586117932231,0.050742300529155,2,0.7968047506252179
36535,36535,0.429478596929671,614,0,False,-1.0,-0.295157309736465,-0.528535980148883,0.0,0.0,0.639277075630986,0.0529584618368519,2,0.7769041350642794
36536,36536,0.43309719644589,615,0,False,-1.0,-0.305973211394661,-0.547528517110266,0.0,0.0,0.624011624420136,0.0560353471030018,2,0.7701676824334247
36537,36537,0.436977079675976,616,0,False,-1.0,-0.32069979278474,-0.555412371134021,0.0,0.0,0.623010083031999,0.0562575555519733,2,0.7891788689588827
36538,36538,0.4299373048577,617,0,False,-1.0,-0.287219088811279,-0.550335570469799,0.0,0.0,0.614065717660487,0.0582705196053123,2,0.7401358599592696
36539,36539,0.435748535243092,618,0,False,-1.0,-0.325379140723348,-0.552989130434783,0.0,0.0,0.602989107256025,0.0609888817438753,2,0.7388601003591972
36704,36704,0.261023088422924,619,1,True,0.0,-0.100368519769554,-0.101639344262295,,0.0,0.899519676797862,0.024668576678762,1,1.555838023646204
36705,36705,0.260848681769225,620,1,True,0.0,-0.100368519769554,-0.101639344262295,,0.0,0.901475443725778,0.024575115954324,1,1.5563820248913323
36706,36706,0.259293202472523,621,1,True,0.0,-0.100368519769554,-0.0927152317880795,,0.0,0.904075194928375,0.024466949341568,1,1.5695500865036462
36707,36707,0.26005521108962,622,1,True,0.0,-0.100368519769554,-0.0957095709570957,,0.0,0.909120951624629,0.024267739389854,1,1.5668970226520573
36708,36708,0.25948720411143,623,1,True,0.0,-0.100368519769554,-0.0957095709570957,,0.0,0.91058203263034,0.0242442006211104,1,1.5673076157418868
36719,36719,0.317995677527245,624,0,False,-1.0,-0.157531654179907,-0.23194168323393,0.0,0.0,0.370560157323132,0.180438822382943,2,1.0267187503570903
36981,36981,0.500326287806089,625,0,False,-1.0,-0.422435765564828,-0.548596112311015,-0.11727078891258,0.0,0.732385496912458,0.14208672755401,2,1.211413945430362
36982,36982,0.512486677986085,626,0,False,-1.0,-0.394204115093082,-0.538947368421053,-0.435967302452316,0.0,0.733044021977211,0.141536136928445,3,1.7203488469545918
36983,36983,0.509329831227247,627,0,False,-1.0,-0.394204115093082,-0.523517382413088,-0.435967302452316,0.0,0.732349263117654,0.141949082243793,3,1.7174838687861023
36984,36984,0.50839137233294,628,0,False,-1.0,-0.394204115093082,-0.519269776876268,-0.435967302452316,0.0,0.732307764809503,0.141940004553998,3,1.716564411553537
36985,36985,0.507518420764996,629,0,False,-1.0,-0.394204115093082,-0.515090543259557,-0.435967302452316,0.0,0.732469999018202,0.141790563312843,3,1.7153824203963939
36986,36986,0.506779711126748,630,0,False,-1.0,-0.394204115093082,-0.51195219123506,-0.435967302452316,0.0,0.732495900894675,0.14173023345459,3,1.7146743520228003
36987,36987,0.505909459275095,631,0,False,-1.0,-0.394204115093082,-0.507905138339921,-0.435967302452316,0.0,0.732963955640222,0.14133669168321,3,1.7130841775673675
36988,36988,0.509316755714773,632,0,False,-1.0,-0.27101752561843,-0.281612706169823,-0.0076687116564417,-0.0006490134994807,1.0,0.108551361533713,2,1.7065699872070657
36989,36989,0.947015966213164,633,0,False,1.0,1.0,1.0,-1.0,-1.0,1.0,0.108239180010433,4,2.8362485234095343
36990,36990,0.932106352411183,634,0,False,1.0,1.0,1.0,-1.0,-1.0,1.0,0.110527865278161,4,2.836789205944406
36991,36991,0.493360608794037,635,0,False,-1.0,-0.196125222392027,-0.188440698374473,-0.217654171704958,-0.0415534601246604,0.995269678237238,0.040027620421018,2,1.9078370050978362
36992,36992,0.491914813566135,636,0,False,-1.0,-0.19135262153863,-0.181653590826795,-0.217654171704958,-0.0415534601246604,0.995890295552644,0.0386485849425404,2,1.9164185899884367
37256,37256,0.28113969699565,637,0,False,-1.0,-0.0758055340888162,-0.0400890868596882,0.0,-0.33872502378687,0.400088737234133,0.0468367516239232,2,1.6491171397121631
37262,37262,0.309767741780723,638,0,False,-1.0,-0.105618869887541,-0.080952380952381,0.0,-0.302463891248938,0.478307842147198,0.0444436169385383,2,1.429974847119882
37263,37263,0.311887059059181,639,0,False,-1.0,-0.108288211323234,-0.0827250608272506,0.0,-0.33872502378687,0.481942824761682,0.044704746622281,2,1.5571356774867993
37264,37264,0.31828414287702,640,0,False,-1.0,-0.109823420781314,-0.0843672456575682,0.0,-0.33872502378687,0.50283310327558,0.0433835412571703,2,1.556331569368546
37265,37265,0.321858171975614,641,0,False,-1.0,-0.109823420781314,-0.0923076923076923,0.0,-0.34529582929195,0.513723681726522,0.0434063155557788,2,1.5744193772752366
37266,37266,0.328963183311392,642,0,False,-1.0,-0.142142964315367,-0.100515463917526,0.0,-0.34529582929195,0.517163169812254,0.0436209151434589,2,1.5509453580583792
37267,37267,0.324346540527096,643,0,False,-1.0,-0.155998191322232,-0.113989637305699,0.0,0.0,0.522535961240299,0.0434171852276722,2,0.7171464184367141
37268,37268,0.328616414694953,644,0,False,-1.0,-0.155998191322232,-0.126288659793814,0.0,0.0,0.530848700339226,0.0430614367902076,2,0.7025840440754529
37269,37269,0.331593106285003,645,0,False,-1.0,-0.155998191322232,-0.130769230769231,0.0,0.0,0.539780639527917,0.0427924819875122,2,0.7017766620931043
37270,37270,0.333377139516482,646,0,False,-1.0,-0.155998191322232,-0.14030612244898,0.0,0.0,0.542203064988978,0.0430000526417863,2,0.6876791049195845
37271,37271,0.334220128748253,647,0,False,-1.0,-0.155998191322232,-0.142857142857143,0.0,0.0,0.544268728662276,0.0430001602229384,2,0.6852699101470886
37272,37272,0.335599030981665,648,0,False,-1.0,-0.155998191322232,-0.146153846153846,0.0,0.0,0.547656479128636,0.0428775908268142,2,0.6835797285463584
37273,37273,0.3469221513179,649,0,False,-1.0,-0.155998191322232,-0.146153846153846,0.0,-0.34529582929195,0.551251833442562,0.0427920084653944,2,1.5218856282493567
37274,37274,0.351468121924136,650,0,False,-1.0,-0.181951315625005,-0.146153846153846,0.0,-0.34529582929195,0.5530685630666,0.0428564007073977,2,1.5136642160757827
37275,37275,0.354479236783194,651,0,False,-1.0,-0.191177454772231,-0.151282051282051,0.0,-0.34529582929195,0.555890062889807,0.0427952152691308,2,1.5092275896817204
37276,37276,0.35715191934322,652,0,False,-1.0,-0.191177454772231,-0.153846153846154,0.0,-0.381868131868132,0.560284488963406,0.0426453968981666,2,1.6538428451905605
37277,37277,0.357877141429055,653,0,False,-1.0,-0.191177454772231,-0.153452685421995,0.0,-0.381868131868132,0.566217424350166,0.0428672668308379,2,1.6559704944622682
37278,37278,0.358115200702413,654,0,False,-1.0,-0.191177454772231,-0.153846153846154,0.0,-0.381868131868132,0.566885404084856,0.0428770337591925,2,1.6560124575152115
37279,37279,0.360107756244693,655,0,False,-1.0,-0.20519493601768,-0.147286821705426,0.0,-0.381868131868132,0.568917308064387,0.0429597021966579,2,1.6578944582233315
37280,37280,0.359646960265755,656,0,False,-1.0,-0.20519493601768,-0.147286821705426,0.0,-0.381868131868132,0.567439024596531,0.0431715166530681,2,1.6567193269961686
37281,37281,0.360895511219824,657,0,False,-1.0,-0.211137711650348,-0.147668393782383,0.0,-0.381868131868132,0.567719824800895,0.0431924209782259,2,1.6556929729412877
37282,37282,0.360671500955869,658,0,False,-1.0,-0.211137711650348,-0.14621409921671,0.0,-0.351431391905232,0.570256657402374,0.0430319574922916,2,1.5383786299721673
37283,37283,0.35588739642228,659,0,False,-1.0,-0.201187981619141,-0.138297872340426,0.0,-0.351431391905232,0.564901702951802,0.0436445274662205,2,1.5410876652102037
37284,37284,0.355330505484402,660,0,False,-1.0,-0.20746706394332,-0.136363636363636,0.0,-0.351431391905232,0.561157821236259,0.044054051935335,2,1.5385829867635112
37285,37285,0.355285089799318,661,0,False,-1.0,-0.21337986320065,-0.127717391304348,0.0,-0.351431391905232,0.562348089575609,0.0439766235420965,2,1.5443999460278175
37286,37286,0.349426126011985,662,0,False,-1.0,-0.194439127035963,-0.112947658402204,0.0,-0.351431391905232,0.561770674423174,0.0441191155856114,2,1.5578849489226136
37288,37288,0.339076867350445,663,0,False,-1.0,-0.161186680636228,-0.105849582172702,0.0,-0.351431391905232,0.550694485005945,0.0452694170025848,2,1.5657414695917686
37289,37289,0.339433708193462,664,0,False,-1.0,-0.158024103942459,-0.106145251396648,0.0,-0.351431391905232,0.552398707710483,0.0450359895164329,2,1.5678388332812865
37290,37290,0.336463610886395,665,0,False,-1.0,-0.153162652442957,-0.103351955307263,0.0,-0.351431391905232,0.546377004731432,0.0455820588566894,2,1.568527090132573
37291,37291,0.333128577317249,666,0,False,-1.0,-0.153162652442957,-0.100558659217877,0.0,-0.351431391905232,0.537377118096547,0.046533224314522,2,1.5659353801345297
37399,37399,0.42152989493048,667,1,True,0.0,-0.443558755145298,-0.623529411764706,,0.0,0.982582620901059,0.136111560409821,1,0.9327539297804833
37400,37400,0.423973085924981,668,1,True,0.0,-0.453304412643835,-0.62202380952381,,0.0,0.985507686875569,0.136106832044557,1,0.9280567333000586
37401,37401,0.424527071871777,669,1,True,0.0,-0.453304412643835,-0.62089552238806,,0.0,0.98755250668676,0.136188643227041,1,0.9305529449787469
37402,37402,0.426273839144173,670,1,True,0.0,-0.453304412643835,-0.629850746268657,,0.0,0.988242054082629,0.136478301502779,1,0.9406984787266427
37403,37403,0.426809226803889,671,1,True,0.0,-0.453304412643835,-0.627627627627628,,0.0,0.990752841486515,0.135883948929781,1,0.9382615801952573
37404,37404,0.43053237033959,672,1,True,0.0,-0.465057971800043,-0.632835820895522,,0.0,0.993218709739128,0.135786978113266,1,0.9374899913302953
37405,37405,0.449382499401093,673,0,False,0.0,-0.465057971800043,-0.638805970149254,-1.0,0.0,0.996362442518929,0.135490066763032,3,2.794484079681075
37406,37406,0.451271095615481,674,0,False,0.0,-0.465057971800043,-0.646198830409357,-1.0,0.0,0.998182654595728,0.135789713727593,3,2.7983725597784983
37407,37407,0.45764576879237,675,0,False,0.0,-0.481815284481229,-0.663768115942029,-1.0,0.0,1.0,0.135749216152392,3,2.808154679657862
37408,37408,0.783430404110321,676,0,False,1.0,1.0,1.0,-1.0,-1.0,1.0,0.135722923297462,4,2.8533121389431653
37409,37409,0.814488987240307,677,0,False,1.0,1.0,1.0,-1.0,-1.0,1.0,0.135726955153811,4,2.853316324481787
37410,37410,0.814488987240307,678,0,False,1.0,1.0,1.0,-1.0,-1.0,1.0,0.135268226707943,4,2.852843252109796
37411,37411,0.814488987240307,679,0,False,1.0,1.0,1.0,-1.0,-1.0,1.0,0.135984714388099,4,2.853584924752981
37412,37412,0.814488987240307,680,0,False,1.0,1.0,1.0,-1.0,-1.0,1.0,0.135627345272817,4,2.8532130611392468
37413,37413,0.814488987240307,681,0,False,1.0,1.0,1.0,-1.0,-1.0,1.0,0.135272543502657,4,2.8528476743376543
37414,37414,0.53908092385078,682,0,False,-1.0,-0.374474037124801,-0.223756906077348,0.0,-1.0,1.0,0.136357927806862,3,3.58020041822093
37415,37415,0.54032240010957,683,0,False,-1.0,-0.374474037124801,-0.209944751381215,0.0,-1.0,0.996115396450243,0.136321353576811,3,3.5835976588491287
37416,37416,0.512579559461922,684,0,False,-1.0,-0.329237759580776,-0.200534759358289,0.0,-0.388268156424581,0.990420336167484,0.135872850652166,3,2.2573217519613706
37417,37417,0.495160191703138,685,0,False,-1.0,-0.279970588782375,-0.178191489361702,0.0,-0.388268156424581,0.978256541663596,0.136569243922632,3,2.283306048027029
37418,37418,0.477598252916947,686,0,False,-1.0,-0.235274995633653,-0.155080213903743,0.0,-0.388268156424581,0.964523349515085,0.137938482229883,2,2.286586167303988
37419,37419,0.456897289088196,687,0,False,-1.0,-0.193041349532667,-0.116022099447514,0.0,-0.351431391905232,0.951339073621052,0.140228752655098,2,2.17743958080633
37420,37420,0.445853574440791,688,0,False,-1.0,-0.153162652442957,-0.103064066852368,0.0,-0.351431391905232,0.946532629690727,0.140418093071635,2,2.1823682288349637
37433,37433,0.59159793680484,689,0,False,-1.0,-0.459725540215006,-0.574944071588367,-0.488549618320611,0.0,0.958247200044006,0.13179068444082,3,1.6519831165282048
37434,37434,0.574146708327025,690,0,False,-1.0,-0.459725540215006,-0.577181208053691,-0.141025641025641,0.0,0.960793346697751,0.131134273825152,2,1.8523950400661537
37435,37435,0.601019040749624,691,0,False,-1.0,-0.47926315181493,-0.589041095890411,-0.488549618320611,0.0,0.964590271608535,0.130460887901392,3,1.6646974018127114
37436,37436,0.605814984159665,692,0,False,-1.0,-0.478218423829411,-0.605990783410138,-0.488549618320611,0.0,0.967896581433901,0.130210745354933,3,1.6747735898980172
37897,37897,0.343667405492671,693,0,False,-1.0,-0.222114533389338,-0.265068049254699,0.0,0.0,0.302899018137393,0.0205541092230209,2,0.9658254221872585
37898,37898,0.34348229810577,694,0,False,-1.0,-0.222114533389338,-0.263326910725755,0.0,0.0,0.303103457147418,0.0219196627365835,2,0.9575105015266299
37937,37937,0.356940140860521,695,4,True,,-0.641640845163123,,,,1.0,0.0130865354947544,1,1.3560796619111815
37938,37938,0.416666666666667,696,4,True,,1.0,,,,1.0,0.0125319908197973,4,3.9985256710621178
37939,37939,0.416666666666667,697,4,True,,-1.0,,,,1.0,0.0123375183531365,1,1.7750488563182523
37940,37940,0.416666666666667,698,4,True,,1.0,,,,1.0,0.0119849085660601,4,3.999590101092508
37941,37941,0.583333333333333,699,3,True,,-1.0,-1.0,,,1.0,0.0118993221922419,1,1.806572646802223
37942,37942,0.583078037887103,700,3,True,,-1.0,-1.0,,,0.999936899972349,0.0118281048002063,1,1.8066923446856793
37943,37943,0.583035922558222,701,3,True,,-1.0,-1.0,,,0.999927775610923,0.0119248868482462,1,1.806454580918543
37944,37944,0.583333333333333,702,3,True,,-1.0,-1.0,,,1.0,0.0118105306285506,1,1.8067842312237878
37945,37945,0.583333333333333,703,3,True,,1.0,1.0,,,1.0,0.0120637910730032,4,3.3638928345325834
37946,37946,0.583333333333333,704,3,True,,1.0,1.0,,,1.0,0.0121613706763601,4,3.363666754856868
37947,37947,0.289490020157138,705,3,True,,-0.236940120942826,0.0,,,1.0,0.0126711723460538,1,1.5697326750500662
37948,37948,0.255516259223959,706,3,True,,-0.203807104162321,0.0,,,0.953606929862979,0.0136231537886337,1,1.580352354489715
37990,37990,0.254254206318912,707,0,False,-1.0,-0.225758257943081,-0.190972222222222,0.0,0.0,0.0639781134947214,0.152684540011761,2,1.6493386528753204
37992,37992,0.256779512454412,708,0,False,-1.0,-0.216181763039827,-0.212384259259259,0.0,0.0,0.0692210108081976,0.155630957812333,2,1.635324322467388
37993,37993,0.26075623263854,709,0,False,-1.0,-0.240547831976937,-0.212456344586729,0.0,0.0,0.0703224322872798,0.154854470113995,2,1.6275873243013261
37994,37994,0.259872010000453,710,0,False,-1.0,-0.216714813460414,-0.232281119714116,-0.0018999366687777,0.0,0.0721177097650908,0.152318024169377,2,1.607404212760861
37995,37995,0.25821401073219,711,0,False,-1.0,-0.180144170379725,-0.247883917775091,-0.0099317194289261,0.0,0.0764560563856905,0.156419000453588,2,1.6092323000446507
37996,37996,0.260065601269498,712,0,False,-1.0,-0.180144170379725,-0.254093389933293,-0.0159468438538206,0.0,0.0779540025649939,0.157378698217418,2,1.6056924490662339
37997,37997,0.259173299368189,713,0,False,-1.0,-0.174752480537511,-0.259054634745242,0.0,0.0,0.0790906403713253,0.157261973146387,2,1.6051550076755803
37998,37998,0.268534272858585,714,0,False,-1.0,-0.222114533389338,-0.264232673267327,0.0,0.0,0.080899143100941,0.158800573616565,2,1.5950579944476064
37999,37999,0.298825329186624,715,0,False,-1.0,-0.222114533389338,-0.260403530895334,-0.108374384236453,-0.141466705213453,0.0821285976513047,0.15819219858487,2,1.6808535683413421
38000,38000,0.269293241709228,716,0,False,-1.0,-0.222114533389338,-0.259282970550576,0.0,0.0,0.0849386308767134,0.16073152095302,2,1.5911949769098261
38001,38001,0.263191414391081,717,0,False,-1.0,-0.194451094931495,-0.230665770006725,0.0,0.0,0.0925568998395716,0.169522615960549,2,1.6165087884078335
38002,38002,0.262456048541315,718,0,False,-1.0,-0.194451094931495,-0.225188227241615,0.0,0.0,0.0928887910577001,0.167862066562616,2,1.610245442287522
38003,38003,0.254706998868311,719,0,False,-1.0,-0.156397881369627,-0.207988980716253,0.0,0.0,0.0962658814404383,0.172210755949356,2,1.6364250058738472
38172,38172,0.256566939033332,720,1,True,-0.140458821755787,-0.197008970207054,-0.135593220338983,,0.0,0.841611236771495,0.170975578363456,1,1.6204397480294013
38173,38173,0.25067916219676,721,1,True,-0.140458821755787,-0.154047877172932,-0.136170212765957,,0.0,0.841831351308447,0.17056725215948,1,1.6838676138705162
38174,38174,0.252563146236521,722,1,True,-0.140458821755787,-0.154047877172932,-0.140969162995595,,0.0,0.841756702040724,0.170385899796265,1,1.6772959909511007
38175,38175,0.253807147267149,723,1,True,-0.140458821755787,-0.161441649761747,-0.141592920353982,,0.0,0.840442722652875,0.171193576703958,1,1.6696555284228918
38176,38176,0.257344304381959,724,1,True,-0.140458821755787,-0.170735713205616,-0.142857142857143,,0.0,0.842126993161012,0.169895178294886,1,1.645627969541179
38177,38177,0.25640326221406,725,1,True,-0.140458821755787,-0.175143400156358,-0.126168224299065,,0.0,0.841663596768861,0.170062971173234,1,1.6597350370057922
38178,38178,0.256711663516461,726,1,True,-0.140458821755787,-0.175143400156358,-0.122641509433962,,0.0,0.841223677206194,0.170330448907645,1,1.6656653338300182
38179,38179,0.269531311278246,727,1,True,-0.140458821755787,-0.236258351502426,-0.127962085308057,,0.0,0.84190207073548,0.169845841471749,1,1.5670200006073682
38180,38180,0.271997405277163,728,1,True,-0.140458821755787,-0.236258351502426,-0.137931034482759,,0.0,0.84087107038209,0.170726096746193,1,1.5599997527473917
38181,38181,0.305095720090983,729,1,True,-0.140458821755787,-0.250270677982753,-0.154228855721393,,-0.123456790123457,0.840382636479037,0.171263563595304,1,1.5810116911477776
38182,38182,0.299749263579246,730,1,True,-0.140458821755787,-0.206949827031992,-0.168316831683168,,-0.123456790123457,0.838366154279906,0.172927583158395,1,1.6347666591440315
38183,38183,0.302823027483414,731,1,True,-0.140458821755787,-0.206949827031992,-0.180487804878049,,-0.123456790123457,0.839281090430606,0.172365569803104,1,1.618079647305092
38184,38184,0.307942264467217,732,1,True,-0.140458821755787,-0.242304944377725,-0.173913043478261,,-0.123456790123457,0.838506799568232,0.173166266034102,1,1.5810951969708649
38185,38185,0.307564821641506,733,1,True,-0.140458821755787,-0.242304944377725,-0.168269230769231,,-0.0775193798449612,0.837907967684347,0.173833466261186,1,1.549647183603735
38379,38379,0.617816949429927,734,0,False,-1.0,-0.486218832341312,-0.624078624078624,-0.352051835853132,0.0,1.0,0.14794738495268,3,1.8623682475565175
38380,38380,0.594463594121823,735,0,False,-1.0,-0.443479773378272,-0.577181208053691,-0.285714285714286,0.0,0.98336767348885,0.14687232394862,3,1.9363993289418016
38381,38381,0.597072806503663,736,0,False,-1.0,-0.434963795576291,-0.545647558386412,-0.543596730245232,0.0,0.973059901582693,0.143742196062833,3,1.6471392964565155
38382,38382,0.579469050074866,737,0,False,-1.0,-0.434963795576291,-0.518145161290323,-0.435967302452316,0.0,0.958999375234947,0.14541834309508,3,1.681970452485132
38383,38383,0.571511848182516,738,0,False,-1.0,-0.394204115093082,-0.51503006012024,-0.435967302452316,0.0,0.956138088209519,0.1422029600695,3,1.6782706207473579
38384,38384,0.542371820531279,739,0,False,-1.0,-0.378509845502055,-0.507128309572301,-0.141025641025641,0.0,0.943876822492464,0.140488875606485,2,1.7231919374425855
38385,38385,0.525947403591958,740,0,False,-1.0,-0.352316768077407,-0.527472527472527,0.0,0.0,0.930009736345162,0.14071176248101,2,1.6317385560239763
38386,38386,0.518405237645197,741,0,False,-1.0,-0.33432001134184,-0.536470588235294,0.0,0.0,0.920565237376622,0.139382439353566,2,1.5985300160045883
38387,38387,0.514310830612408,742,0,False,-1.0,-0.349202715051908,-0.536764705882353,0.0,0.0,0.908157094786472,0.141349759509596,2,1.5733472953326166
38798,38798,0.468810386279834,743,0,False,-1.0,-0.225758257943081,-0.19047619047619,0.0,0.0,0.984526905614902,0.146252336002668,2,1.7549191839448852
38799,38799,0.471564076307836,744,0,False,-1.0,-0.250716863755253,-0.182983682983683,0.0,0.0,0.984404796573761,0.144628476362032,2,1.752717700461995
38851,38851,0.456190084453158,745,0,False,-1.0,-0.170507820393249,-0.214237288135593,0.0,0.0,0.91252494124318,0.0100911611446302,2,1.615028835031751
38852,38852,0.309934452004539,746,0,False,-1.0,-0.17955349586181,-0.213070115724983,0.0,0.0,0.287952922740477,0.0099449007037645,2,1.1027827585045866
38853,38853,0.30804734124863,747,0,False,-1.0,-0.17955349586181,-0.202462380300958,0.0,0.0,0.287490663587337,0.0083804450912582,2,1.1198261633796425
38854,38854,0.306582313086614,748,0,False,-1.0,-0.17955349586181,-0.194672131147541,0.0,0.0,0.287131985285708,0.0069748379702733,2,1.134315722874676
38855,38855,0.30489603497749,749,0,False,-1.0,-0.175219647539164,-0.188316151202749,0.0,0.0,0.286859750748203,0.0035613372226052,2,1.1624602443730454
38856,38856,0.302898683201001,750,0,False,-1.0,-0.175219647539164,-0.176268861454047,0.0,0.0,0.286591997804711,0.0013183514637183,2,1.1855757991403337
38932,38932,0.763693639392993,751,1,True,1.0,1.0,1.0,,-1.0,1.0,0.0781932946667954,4,2.859288165778506
38933,38933,0.250511247443763,752,1,True,0.0,0.0,-0.0030674846625766,,0.0,1.0,0.0778593409958193,1,1.9133584450311931
39042,39042,0.292362278274377,753,0,False,-1.0,-0.209189137838265,-0.247851949768672,0.0,0.0,0.293360682862154,0.0043440592536718,2,1.1015376543582067
39043,39043,0.317176492836172,754,0,False,-1.0,-0.232899917118432,-0.249834765366821,0.0,0.0,0.543149682893009,0.0031428477562459,2,0.8515402093426789
39044,39044,0.317520659316414,755,0,False,-1.0,-0.232899917118432,-0.24901185770751,0.0,0.0,0.550687298063981,0.0026019751954607,2,0.861040913235243
39045,39045,0.440099587607177,756,0,False,-1.0,-0.209250676437652,-0.256176853055917,-0.0100925147182506,0.0,0.852357058232437,0.0006871082607245,2,1.463672398820444
39046,39046,0.438607995801636,757,3,True,,-0.547839770037211,-0.990654205607477,,,0.974027530515768,0.068207743305583,1,1.2557579950755755
39047,39047,0.455641402257631,758,3,True,,-0.616326508657983,-0.9921875,,,0.976564109502378,0.0679737519621366,1,1.2722184228543976
39048,39048,0.460485623948707,759,3,True,,-0.616326508657983,-0.992805755395683,,,0.978637402011041,0.0677652084601427,1,1.2753847622124226
39049,39049,0.47484370621661,760,3,True,,-0.673384279911403,-0.993333333333333,,,0.98062692373253,0.0675407675110656,1,1.3059990148202814
39050,39050,0.484600342615143,761,3,True,,-0.703265799421326,-0.993377483443709,,,0.982467087493486,0.0674252115517188,1,1.3286664986356589
39051,39051,0.488851126492078,762,3,True,,-0.703265799421326,-0.993788819875776,,,0.983921166865307,0.0674873466421566,1,1.330907112862896
39052,39052,0.493204801033165,763,3,True,,-0.703265799421326,-0.994047619047619,,,0.985481289724542,0.067412457285273,1,1.3328891108034921
39053,39053,0.512479354766146,764,3,True,,-0.796383602827953,-0.994152046783626,,,0.986694011115225,0.0675646702994177,1,1.4247498466354958
39054,39054,0.517184691046247,765,3,True,,-0.796383602827953,-0.994285714285714,,,0.988387142737788,0.0674292879708402,1,1.426489705286416
39055,39055,0.524113781828927,766,3,True,,-0.805650907751628,-0.99438202247191,,,0.990202983434162,0.0675135155361557,1,1.439277448816797
39056,39056,0.529708210000936,767,3,True,,-0.805650907751628,-0.994413407821229,,,0.992102012354909,0.0677030818544752,1,1.441162671660802
39057,39057,0.535967416721216,768,3,True,,-0.805650907751628,-0.994623655913978,,,0.994305386641909,0.0679112805597496,1,1.4437178768116723
39058,39058,0.544899319474609,769,3,True,,-0.814111375280051,-0.994764397905759,,,0.997209050845233,0.0682290365146507,1,1.4570772024099257
39059,39059,0.553530523056407,770,3,True,,-0.826391471671774,-0.994791666666667,,,1.0,0.0691400800345107,1,1.4754435197697788
39060,39060,0.583333333333333,771,3,True,,1.0,1.0,,,1.0,0.0703476733391575,4,3.2714505851102658
39061,39061,0.583333333333333,772,3,True,,1.0,1.0,,,1.0,0.0714632118712566,4,3.2705373220502345
39062,39062,0.583333333333333,773,3,True,,1.0,1.0,,,1.0,0.0721376539724643,4,3.270001111212125
39063,39063,0.583333333333333,774,3,True,,1.0,1.0,,,1.0,0.0737945791169103,4,3.2687348235747673
39064,39064,0.583333333333333,775,3,True,,1.0,1.0,,,1.0,0.0741550326292389,4,3.268468964845273
39065,39065,0.269028952752725,776,3,True,,-0.109271755732035,-0.0049019607843137,,,1.0,0.0774275658520937,1,1.706294114012682
39066,39066,0.255802489564068,777,3,True,,-0.109271755732035,-0.0048780487804878,,,0.990964226807242,0.0796697415868586,1,1.7009883996765647
39214,39214,0.35082962017733,778,0,False,-1.0,-0.103919540808454,-0.53515625,0.0,0.0,0.529414541029885,0.202726548992365,2,1.237811947386449
39215,39215,0.352002645565686,779,0,False,-1.0,-0.103919540808454,-0.533073929961089,0.0,0.0,0.52968782497266,0.203985726424218,2,1.2459790503629549
39216,39216,0.354804521967038,780,0,False,-1.0,-0.0993778892642591,-0.544061302681992,0.0,0.0,0.531570813426566,0.203398351408237,2,1.2557054743030704
39217,39217,0.358885057262697,781,0,False,-1.0,-0.102162667345136,-0.555970149253731,0.0,0.0,0.529849776777278,0.20815919224012,2,1.3025025981810168
39218,39218,0.35896857149748,782,0,False,-1.0,-0.106765600600688,-0.555970149253731,0.0,0.0,0.512799340803714,0.449439322560072,2,3.4252131666595727
39219,39219,0.3749019720063,783,1,True,-1.0,-0.184452183749592,-0.568840579710145,,0.0,0.515255474540906,0.449228517581307,2,3.4131488713148235
39220,39220,0.376331176524637,784,0,False,-1.0,-0.184452183749592,-0.573476702508961,0.0,0.0,0.516540901454072,0.451189625531224,2,3.4330366767365272
39221,39221,0.37660832148618,785,0,False,-1.0,-0.184452183749592,-0.573476702508961,0.0,0.0,0.517087296137512,0.451939102656808,2,3.439931997735709
39222,39222,0.386811795232277,786,0,False,-1.0,-0.184452183749592,-0.576512455516014,0.0,0.0,0.551576364589312,0.418254197851588,2,3.1367580366838124
39223,39223,0.38795871830888,787,0,False,-1.0,-0.184452183749592,-0.579505300353357,0.0,0.0,0.553459819766182,0.417769217569622,2,3.134012765388859
39224,39224,0.393171010497424,788,0,False,-1.0,-0.197040406330117,-0.592592592592593,0.0,0.0,0.555972175322911,0.417611628610418,2,3.137645246008648
39483,39483,0.362921642559053,789,0,False,-1.0,-0.152226540883684,-0.551181102362205,0.0,0.0,0.553293557422764,0.158740003077643,2,0.9036128353681426
39484,39484,0.36079192042809,790,0,False,-1.0,-0.152226540883684,-0.549407114624506,0.0,0.0,0.545040158798833,0.160547274197477,2,0.9086160183301768
39485,39485,0.358844564651411,791,0,False,-1.0,-0.152226540883684,-0.545454545454545,0.0,0.0,0.541856719583066,0.159349098324781,2,0.8934305538617298
39486,39486,0.339780998844329,792,0,False,-1.0,-0.128753550186305,-0.529880478087649,0.0,0.0,0.469159467235598,0.109758968718333,2,0.6346568926415789
39943,39943,0.377325740249291,793,3,True,,-0.52995565771355,-0.98780487804878,,,0.82877751115551,0.0179932673117788,1,1.28037056942126
39944,39944,0.374986554867871,794,3,True,,-0.52995565771355,-0.984126984126984,,,0.822475892006228,0.016646428369716,1,1.2793891478047656
39945,39945,0.365803659133575,795,3,True,,-0.492997778081801,-0.975609756097561,,,0.815461494245692,0.0165551197555328,1,1.2732497700933476
39946,39946,0.363286262626389,796,3,True,,-0.492997778081801,-0.964285714285714,,,0.813342753432267,0.015204211790665,1,1.254852876779135
39947,39947,0.349154970939482,797,3,True,,-0.428204905493495,-0.954545454545455,,,0.806088128544712,0.014532886047073,1,1.2733291025679294
39948,39948,0.322552334490572,798,3,True,,-0.300989912625188,-0.9375,,,0.799039572852257,0.0136823150576163,1,1.370629057488195
39949,39949,0.317652587947255,799,3,True,,-0.300989912625188,-0.9375,,,0.785415007084778,0.0131815423199571,1,1.3817735771084065
39950,39950,0.330525893413068,800,3,True,,-0.437982647335359,-0.909090909090909,,,0.767318190713336,0.0132953855032055,1,1.2139015909908628
39951,39951,0.28680903682443,801,3,True,,-0.406554005062545,-0.714285714285714,,,0.741785706138963,0.01412261622768,1,0.9485837739193026
39952,39952,0.276884728603699,802,3,True,,-0.360677684448623,-0.714285714285714,,,0.730648520185056,0.0143747456220907,1,1.0193021139954686
39953,39953,0.275248834239917,803,3,True,,-0.360677684448623,-0.714285714285714,,,0.721046195150726,0.0151623860927417,1,1.0324825738713899
39954,39954,0.27390726060924,804,3,True,,-0.360677684448623,-0.714285714285714,,,0.714015913742771,0.0150517357546094,1,1.0453400985909291
39957,39957,0.269868132713901,805,3,True,,-0.360677684448623,-0.714285714285714,,,0.689033007746693,0.0155536262246314,1,1.0907534258065352
39958,39958,0.280719756750759,806,3,True,,-0.438857392908536,-0.714285714285714,,,0.667650495144977,0.017561023010437,1,1.0535727477289971
40019,40019,0.272165413369637,807,1,True,0.0,-0.406578006833477,0.0,0.0,,0.981709780035358,0.10216869586471,1,1.3503365876350322
40020,40020,0.587479824440569,808,2,True,,1.0,1.0,-1.0,,1.0,0.0964132486744659,4,3.2453682730976405
40021,40021,0.587479824440569,809,2,True,,1.0,1.0,-1.0,,1.0,0.0954291779023617,4,3.2455202613148155
40022,40022,0.583333333333333,810,3,True,,1.0,1.0,,,1.0,0.0936673986164833,4,3.259224993508814
40023,40023,0.316322533051421,811,3,True,,-0.255078055451381,-0.142857142857143,,,1.0,0.0961067390336271,1,1.274627642673841
40024,40024,0.314208523359387,812,3,True,,-0.255078055451381,-0.142857142857143,,,0.999193313842943,0.0955338438799984,1,1.2723740091398603
40025,40025,0.301866725887495,813,2,True,,-0.235056815044388,-0.142857142857143,,0.0,0.995835085871589,0.0953558504313917,1,1.3007669520487073
40026,40026,0.28675736060546,814,2,True,,-0.235056815044388,-0.125,,0.0,0.991013359439947,0.0964757694651156,1,1.3252091199228253
40027,40027,0.26248494335154,815,2,True,,-0.235056815044388,0.0,,0.0,0.98999689383748,0.0959461596028652,1,1.530640531335382
40064,40064,0.488270821354881,816,0,False,-0.836588618013349,-0.208777050856675,-0.384259259259259,0.0,0.0,1.0,0.137125629141607,2,1.784634930237743
40065,40065,0.758960418205781,817,1,True,1.0,1.0,1.0,-1.0,,1.0,0.141765577260679,4,3.244047318365414
40066,40066,0.75937845471191,818,1,True,1.0,1.0,1.0,-1.0,,1.0,0.143979348038298,4,3.2464921421168023
40067,40067,0.349807743804382,819,0,False,-0.140458821755787,-0.262233794916661,-0.196153846153846,0.0,0.0,1.0,0.148971829832085,1,1.3812291399177345
40068,40068,0.343226953213532,820,0,False,-0.140458821755787,-0.262233794916661,-0.186770428015564,0.0,0.0,0.992784889081298,0.151269804134513,1,1.3979681220887468
40069,40069,0.343213527872737,821,0,False,-0.140458821755787,-0.251706548534682,-0.200772200772201,0.0,0.0,0.992048490284855,0.149945893181875,1,1.388520362130927
40070,40070,0.318490644578691,822,1,True,-0.140458821755787,-0.240519775076223,-0.175097276264591,,0.0,0.980399623229249,0.0963362118187066,1,1.2059346581892345
40071,40071,0.311349284217236,823,1,True,-0.140458821755787,-0.240519775076223,-0.143426294820717,,0.0,0.977235998011204,0.0953075162194767,1,1.2477051988068153
40072,40072,0.298541910951764,824,0,False,-0.140458821755787,-0.236597592220115,-0.127490039840637,0.0,0.0,0.963981801590114,0.097341738211127,1,1.2726332078585865
40073,40073,0.292178178479185,825,0,False,-0.140458821755787,-0.236597592220115,-0.119521912350598,0.0,0.0,0.956583426344982,0.0989597015210818,1,1.2837312446306715
40074,40074,0.282706345462893,826,0,False,-0.140458821755787,-0.216701657550949,-0.127490039840637,0.0,0.0,0.945302514502673,0.100102906717591,1,1.3006449891464662
40075,40075,0.274574413889076,827,0,False,-0.140458821755787,-0.212220450465232,-0.121951219512195,0.0,0.0,0.935041482219578,0.101263609890383,1,1.3143254948142344
40436,40436,0.253881760060837,828,0,False,0.0,-0.0676125809180014,-0.033434650455927,-0.0097087378640776,-0.0160450997398092,0.949717821831289,0.562935750290151,1,4.97686555618213
40437,40437,0.251904929132493,829,0,False,0.0,-0.0512396042155687,-0.0363636363636364,-0.0097087378640776,-0.0160450997398092,0.950231401826959,0.562620511315489,1,4.983708497898088
40438,40438,0.252483460570016,830,0,False,0.0,-0.0512396042155687,-0.0364741641337386,-0.0097087378640776,-0.0160450997398092,0.951338717836668,0.561628338336705,1,4.97516210244541
40439,40439,0.253184479224777,831,0,False,0.0,-0.0512396042155687,-0.0373831775700935,-0.0097087378640776,-0.0160450997398092,0.952427395155699,0.561013523050092,1,4.969515244807331
40440,40440,0.256640489403985,832,0,False,0.0,-0.0539134999054648,-0.0536277602523659,-0.0097087378640776,-0.0160450997398092,0.953024414871839,0.560961628848366,1,4.959275362809544
40441,40441,0.258105875812585,833,0,False,0.0,-0.0539134999054648,-0.0605095541401274,-0.0097087378640776,-0.0160450997398092,0.953660854320267,0.560595773035286,1,4.952848741509741
40442,40442,0.271197292812585,834,0,False,0.0,-0.0539134999054648,-0.0709677419354839,-0.193037974683544,-0.0160450997398092,0.955437365308757,0.559003844558514,3,4.945136903754571
40443,40443,0.306999956335066,835,0,False,0.0,-0.082828214455394,-0.0822368421052632,-0.4140625,-0.0178916827852998,0.957206687805748,0.558125681873843,3,4.758672992282089
40444,40444,0.310827061778181,836,0,False,0.0,-0.0852999886216156,-0.097972972972973,-0.4140625,-0.0163572060123784,0.958506818655555,0.557798280879118,3,4.750489430666048
40445,40445,0.326358597447852,837,0,False,0.0,-0.087923725273293,-0.114478114478114,-0.4140625,-0.0163572060123784,0.983587841874647,0.565029887003588,3,4.806745349896601
40446,40446,0.332650031246979,838,0,False,0.0,-0.087923725273293,-0.149152542372881,-0.4140625,-0.0163572060123784,0.984621012249985,0.564854059445937,3,4.792787732625845
40447,40447,0.350379383049508,839,0,False,0.0,-0.13457584708122,-0.16382252559727,-0.53416149068323,-0.0163572060123784,0.985682565878948,0.564366982739714,3,4.737891633415427
40448,40448,0.356718132763604,840,0,False,0.0,-0.13457584708122,-0.171328671328671,-0.605263157894737,-0.0163572060123784,0.98726945240775,0.563388656961235,3,4.733807228113535
40449,40449,0.363546504501919,841,0,False,0.0,-0.168991814006275,-0.175438596491228,-0.605263157894737,-0.0163572060123784,0.988122759225006,0.563501701079869,3,4.7199059646189365
40450,40450,0.371638807581589,842,0,False,0.0,-0.168991814006275,-0.189473684210526,-0.717628705148206,-0.0163572060123784,0.989007814738909,0.563162235765609,3,4.753925856288175
40451,40451,0.374717912710168,843,0,False,0.0,-0.168991814006275,-0.193661971830986,-0.76158940397351,-0.0163572060123784,0.98964338207028,0.563105640950548,3,4.77877585357614
40452,40452,0.37755099131799,844,0,False,0.0,-0.175771357244995,-0.201413427561837,-0.76158940397351,-0.0163572060123784,0.990521624489931,0.562669987627951,3,4.770757738777391
40453,40453,0.391220497644352,845,0,False,0.0,-0.175771357244995,-0.213523131672598,-0.984819734345351,-0.0163572060123784,0.991730452305566,0.562096046095245,3,4.982998256587566
40454,40454,0.44015493020441,846,0,False,0.0,-0.175771357244995,-0.213523131672598,-0.988795518207283,-0.195298372513562,0.997962483634859,0.592357595447993,3,5.065519120331917
40455,40455,0.444096049305603,847,0,False,0.0,-0.196130462705316,-0.214285714285714,-0.988795518207283,-0.195298372513562,0.998882761236176,0.591868507214439,3,5.054981289395472
40456,40456,0.449160867880596,848,0,False,0.0,-0.196130462705316,-0.240282685512367,-0.992967651195499,-0.195298372513562,1.0,0.591368190110336,3,5.050223079286641
40457,40457,0.939041846027423,849,0,False,1.0,1.0,1.0,-1.0,-1.0,1.0,0.588575025247327,4,5.3542134400227175
40458,40458,0.942904617735226,850,0,False,1.0,1.0,1.0,-1.0,-1.0,1.0,0.588494844215917,4,5.353579031086076
40459,40459,0.441676828705678,851,0,False,0.0,-0.422143877429478,-0.547892720306513,0.0,-0.398032200357782,1.0,0.588562970755641,3,5.061620936213745
40923,40923,0.272003406568152,852,3,True,,-0.360677684448623,-0.714285714285714,,,0.655820726986264,0.0320091558009745,1,1.1130478181972279
40924,40924,0.302760568710164,853,3,True,,-0.360677684448623,-0.714285714285714,,,0.838230127594914,0.0192371165081202,1,0.8790138076697778
40925,40925,0.32207044850658,854,3,True,,-0.474512607816497,-0.714285714285714,,,0.842847407867661,0.0188477164360996,1,0.7505608993948985
40926,40926,0.341996239654937,855,3,True,,-0.474512607816497,-0.833333333333333,,,0.846130999615695,0.0194031586140126,1,0.9649770394667941
40927,40927,0.336980505563132,856,3,True,,-0.437982647335359,-0.833333333333333,,,0.852850358804963,0.018669118915474,1,0.9900093434368823
40928,40928,0.352885268337036,857,3,True,,-0.437982647335359,-0.923076923076923,,,0.858338095057724,0.0189999252284552,1,1.1666583846482559
40929,40929,0.333462092594206,858,3,True,,-0.300989912625188,-0.9375,,,0.863730918716739,0.01954981659697,1,1.3288179265558775
40930,40930,0.358054404160769,859,3,True,,-0.428204905493495,-0.954545454545455,,,0.865472813225392,0.0208403761822587,1,1.2319918795610911
40931,40931,0.358708240335732,860,3,True,,-0.428204905493495,-0.956521739130435,,,0.865515780634192,0.0217740173417993,1,1.233485056729224
40932,40932,0.374161362102079,861,3,True,,-0.492997778081801,-0.975,,,0.871502704215821,0.0216499531628583,1,1.2401248640076041
40933,40933,0.383024702820345,862,3,True,,-0.52995565771355,-0.984848484848485,,,0.87137892772098,0.0235870514399253,1,1.2481148353293774
40934,40934,0.392411044368062,863,3,True,,-0.572903736323577,-0.988505747126437,,,0.875847079325694,0.02412424669447,1,1.254412303399484
40935,40935,0.390919367855388,864,3,True,,-0.547839770037211,-0.98989898989899,,,0.879606243717699,0.0259341448998893,1,1.2518991692083274
40936,40936,0.392678474778648,865,3,True,,-0.547839770037211,-0.990654205607477,,,0.877103579699613,0.0288346642781655,1,1.2466684522386167
41160,41160,0.349181919917732,866,0,False,-1.0,-0.0907468567849174,-0.114707952146376,0.0,-0.151021775544389,0.738385769988873,0.379045025307139,2,2.93672525247502
41161,41161,0.374850191166645,867,0,False,-1.0,-0.0879433872380831,-0.0968421052631579,-0.45748987854251,-0.109396233741021,0.734143202073904,0.385692003063067,3,3.0288954909848513
41162,41162,0.374503098917851,868,0,False,-1.0,-0.0879433872380831,-0.0947368421052632,-0.45748987854251,-0.109396233741021,0.733997279277078,0.385876907922522,3,3.031747573918806
41163,41163,0.34945401481065,869,0,False,-1.0,-0.0861330536537405,-0.0865862313697658,-0.45748987854251,-0.187974314068885,0.538641075701107,0.208013620474114,3,2.061862402999059
41164,41164,0.358815812155453,870,0,False,-1.0,-0.0881774890595986,-0.0843373493975904,-0.506726457399103,-0.174282842341297,0.534282874134406,0.201454757186803,3,2.0469169563444614
41165,41165,0.354783153091576,871,0,False,-1.0,-0.0655205535536169,-0.0826855123674912,-0.506726457399103,-0.174282842341297,0.533429974461151,0.202196683655474,3,2.078966953714362
41166,41166,0.355160375555971,872,0,False,-1.0,-0.0655205535536169,-0.0815752461322082,-0.513636363636364,-0.174282842341297,0.532936030565834,0.202406826568215,3,2.080134128873093
41167,41167,0.36565131883693,873,0,False,-1.0,-0.0444839551029111,-0.0735395189003436,-0.696581196581197,-0.148533772652389,0.531881898023379,0.198426164120327,3,2.221660414468138
41171,41171,0.281775262794853,874,0,False,-1.0,-0.180075703041226,-0.208653175157013,0.0,0.0,0.221817137105095,0.0802805204864896,2,1.0298415588833976
41400,41400,0.669913345413718,875,2,True,-1.0,-0.642003479027431,-1.0,,,0.972262871066281,0.0417130254058838,1,2.0641710591065006
41401,41401,0.669062453913946,876,2,True,-1.0,-0.642003479027431,-1.0,,,0.969930999198368,0.0412040179824552,1,2.0633580568175485
41402,41402,0.668236868339129,877,1,True,-1.0,-0.642003479027431,-1.0,,0.0,0.967570363953299,0.0410587560447314,1,2.06225749989014
41403,41403,0.667823102768136,878,1,True,-1.0,-0.642003479027431,-1.0,,0.0,0.966432604407897,0.0408922612575504,1,2.061821376167564
41404,41404,0.667499351861614,879,1,True,-1.0,-0.642003479027431,-1.0,,0.0,0.965581744396011,0.0406649345163311,1,2.0615901490179023
41405,41405,0.667119122777011,880,1,True,-1.0,-0.642003479027431,-1.0,,0.0,0.964573449442978,0.0404248811831186,1,2.0612982792811776
41406,41406,0.666690180804979,881,1,True,-1.0,-0.642003479027431,-1.0,,0.0,0.963436962779387,0.0402056879290897,1,2.0609331239542272
41407,41407,0.478433128743348,882,1,True,,-0.515016715525136,-1.0,0.0,0.0,0.962289436077566,0.0400381054026448,1,1.284142573034904
41408,41408,0.478071962158062,883,1,True,,-0.515016715525136,-1.0,0.0,0.0,0.961311359743617,0.0399069909082,1,1.283578595507067
41409,41409,0.477775963451812,884,1,True,,-0.515016715525136,-1.0,0.0,0.0,0.96056272113738,0.0396441197656183,1,1.2833914706183303
41411,41411,0.476819098158862,885,1,True,,-0.515016715525136,-1.0,0.0,0.0,0.958008343648524,0.0393194608825937,1,1.281960218908004
41412,41412,0.476498501198533,886,1,True,,-0.515016715525136,-1.0,0.0,0.0,0.957179711999402,0.0391863149895806,1,1.281551593299743
41413,41413,0.309515463820522,887,2,True,,-0.515016715525136,,0.0,0.0,0.956385428030973,0.0389794009373478,1,1.2379591094471225
41414,41414,0.30908083544097,888,2,True,,-0.515016715525136,,0.0,0.0,0.955284236602338,0.0387079676487748,1,1.2375693648801926
41415,41415,0.30849174269408,889,2,True,,-0.515016715525136,,0.0,0.0,0.953749326072231,0.0384691977090291,1,1.2368283071456565
41416,41416,0.291145456704829,890,2,True,,-0.414503142023831,,0.0,0.0,0.952091455460358,0.0384934425572361,1,1.28309884053481
41417,41417,0.290954157920419,891,2,True,,-0.414503142023831,,0.0,0.0,0.951588638252653,0.0384129276385622,1,1.2828811636698374
41418,41418,0.290739797313724,892,2,True,,-0.414503142023831,,0.0,0.0,0.951084642989568,0.0381731764325016,1,1.2829146727280465
41419,41419,0.290267521827146,893,2,True,,-0.414503142023831,,0.0,0.0,0.949803709845204,0.0380578934432682,1,1.2822392917849283
41420,41420,0.289884661563915,894,2,True,,-0.414503142023831,,0.0,0.0,0.948777010281833,0.0379344307465922,1,1.281758351784117
41421,41421,0.28069661540157,895,2,True,,-0.361577488768136,,0.0,0.0,0.947783706029334,0.0378088434916136,1,1.3266023296236735
41422,41422,0.280330487855446,896,2,True,,-0.361577488768136,,0.0,0.0,0.946787332616178,0.0376872116882147,1,1.326173399754136
41423,41423,0.279965162073265,897,2,True,,-0.361577488768136,,0.0,0.0,0.945797916031066,0.0375628847380343,1,1.3257623909048835
41424,41424,0.279592766214291,898,2,True,,-0.361577488768136,,0.0,0.0,0.944769264079174,0.0374910142552967,1,1.3252551454532722
41425,41425,0.279299316414202,899,2,True,,-0.361577488768136,,0.0,0.0,0.943980945944267,0.0373532933890503,1,1.3250026898862748
41426,41426,0.278920628978119,900,2,True,,-0.361577488768136,,0.0,0.0,0.942921952682253,0.0373080214902372,1,1.3244527971693023
41427,41427,0.278669967007751,901,2,True,,-0.361577488768136,,0.0,0.0,0.942223430681498,0.0372620568335315,1,1.3241208586752657
41428,41428,0.278471366426284,902,2,True,,-0.361577488768136,,0.0,0.0,0.941674595210122,0.0372110088480373,1,1.323886750573876
41429,41429,0.278285144247742,903,2,True,,-0.361577488768136,,0.0,0.0,0.941159681158244,0.0371677253089162,1,1.3236623007926838
41430,41430,0.278121083557175,904,2,True,,-0.361577488768136,,0.0,0.0,0.940693692207989,0.0371631396544501,1,1.3234062485036568
41431,41431,0.278033149263504,905,2,True,,-0.361577488768136,,0.0,0.0,0.940463726939769,0.0370951546405381,1,1.3233851700904087
41432,41432,0.277862660623361,906,2,True,,-0.361577488768136,,0.0,0.0,0.939990168343009,0.0370392014070772,1,1.32320968323685
41433,41433,0.277565101977297,907,2,True,,-0.361577488768136,,0.0,0.0,0.939289212658713,0.0368589945906462,1,1.323110307470874
41471,41471,0.595100714645871,908,2,True,,1.0,1.0,,-1.0,1.0,0.018627341222178,4,2.9788725884024916
41472,41472,0.595100714645871,909,2,True,,1.0,1.0,,-1.0,1.0,0.0181528987480383,4,2.980026627399552
41473,41473,0.595100714645871,910,2,True,,1.0,1.0,,-1.0,1.0,0.0176207971275425,4,2.981328201199807
41474,41474,0.595100714645871,911,2,True,,1.0,1.0,,-1.0,1.0,0.0168836599411169,4,2.9831440187384075
41475,41475,0.595100714645871,912,2,True,,1.0,1.0,,-1.0,1.0,0.0161112781776062,4,2.98506246304639
41476,41476,0.594934976880906,913,2,True,,-1.0,-1.0,,-0.985915492957746,1.0,0.015404047136237,3,4.34361230338923
41477,41477,0.594778830650093,914,2,True,,-1.0,-1.0,,-0.985915492957746,0.999805447671914,0.0146131483823624,3,4.345227606182611
41607,41607,0.957976263894263,915,0,False,1.0,1.0,1.0,-1.0,-1.0,1.0,0.0675112097473814,4,2.8534473697416827
41608,41608,0.96131404708638,916,0,False,1.0,1.0,1.0,-1.0,-1.0,1.0,0.0661648247063189,4,2.8548775450124353
41609,41609,0.960496531626051,917,0,False,1.0,1.0,1.0,-1.0,-1.0,1.0,0.064155491924289,4,2.8571132673924624
41610,41610,0.96057344949148,918,0,False,1.0,1.0,1.0,-1.0,-1.0,1.0,0.0623260556015396,4,2.859254161474682
41611,41611,0.269320108574914,919,0,False,-1.0,-0.191611966392831,-0.252652519893899,0.0,0.0,0.0292638618880875,0.0388718795912934,2,1.7053512724637876
41612,41612,0.267589963854452,920,0,False,-1.0,-0.191611966392831,-0.245033112582781,0.0,0.0,0.0194469083298327,0.0461776473779311,2,1.7216280561820803
41613,41613,0.269062844281873,921,0,False,-1.0,-0.191611966392831,-0.242244224422442,0.0,0.0,0.0280469363394977,0.0476740518662647,2,1.6910974761014006
41614,41614,0.268554503489322,922,0,False,-1.0,-0.191611966392831,-0.243243243243243,0.0,0.0,0.0266805891304775,0.0529616359071534,2,1.6846382404742783
41615,41615,0.27058698138806,923,0,False,-1.0,-0.191611966392831,-0.241765480895916,0.0,0.0,0.0380883946045574,0.052682186584154,2,1.6482001143450544
41656,41656,0.431609290149514,924,0,False,-1.0,-0.11915525461577,-0.138349514563107,0.0,0.0,0.970030237711289,0.0107674556509587,2,1.8369287881349885
41657,41657,0.43580968475989,925,0,False,-1.0,-0.14340448399208,-0.140158439975625,0.0,0.0,0.969413063600819,0.009389299555076,2,1.8291680051291161
41658,41658,0.457038296249483,926,0,False,-1.0,-0.165155932042857,-0.143552311435523,0.0,-0.180710041139723,0.968884409180042,0.0079470503440509,2,1.9334016306032973
41659,41659,0.431638164012408,927,0,False,-1.0,-0.111248409078767,-0.137785800240674,0.0,0.0,0.964683165683276,0.0034877574615414,2,1.8537121214676773
41660,41660,0.441307982227711,928,0,False,-1.0,-0.14340448399208,-0.146268656716418,0.0,0.0,0.963505295112421,0.0032191478872328,2,1.8329321123254778
41661,41661,0.444814669573517,929,0,False,-1.0,-0.165155932042857,-0.150089338892198,0.0,0.0,0.954002669892728,0.0026423975288577,2,1.7984472668358373
41662,41662,0.44333508777077,930,0,False,-1.0,-0.165155932042857,-0.155172413793103,0.0,0.0,0.935115746699857,0.0023379867813057,2,1.7426726909396915
41663,41663,0.445742430857621,931,0,False,-1.0,-0.165155932042857,-0.159050445103858,0.0,0.0,0.945686595552767,0.0026804250497372,2,1.7695259354300563
41664,41664,0.461239471571923,932,0,False,-1.0,-0.223187611590092,-0.164991129509166,0.0,0.0,0.967485352277473,0.003532318445077,2,1.815656254690729
41665,41665,0.462010143062004,933,0,False,-1.0,-0.223187611590092,-0.16577221228384,0.0,0.0,0.975205829281865,0.0067050607515595,2,1.8254130821289316
41666,41666,0.461884009763103,934,0,False,-1.0,-0.223187611590092,-0.164465786314526,0.0,0.0,0.976298604310451,0.0080773014560035,2,1.823944702988353
41667,41667,0.461724780632492,935,0,False,-1.0,-0.223187611590092,-0.164556962025316,0.0,0.0,0.976532030707423,0.0092274635065868,2,1.8201641514957785
41668,41668,0.462656063983056,936,0,False,-1.0,-0.223187611590092,-0.169799878714372,0.0,0.0,0.976958121326201,0.0101239036193368,2,1.815510568934185
41669,41669,0.458810762485708,937,0,False,-1.0,-0.197378452997645,-0.174071819841753,0.0,0.0,0.97701757380898,0.0125332187072711,2,1.8079263059012554
41670,41670,0.459107826437135,938,0,False,-1.0,-0.197378452997645,-0.176004872107186,0.0,0.0,0.977108320294354,0.0136489652671763,2,1.8032109645317058
41671,41671,0.459090038045202,939,0,False,-1.0,-0.197378452997645,-0.176077717061324,0.0,0.0,0.977147810060823,0.0147429126895032,2,1.7993226542434568
41672,41672,0.459084213538977,940,0,False,-1.0,-0.197378452997645,-0.175970873786408,0.0,0.0,0.977215475544247,0.0156991571374982,2,1.7961434587478278
41673,41673,0.46006582882006,941,0,False,-1.0,-0.197378452997645,-0.182203389830508,0.0,0.0,0.977181637785165,0.0171423229059276,2,1.7881243327305916
41674,41674,0.461507342131336,942,0,False,-1.0,-0.202115489661842,-0.186327888687235,0.0,0.0,0.977166384601124,0.017925538403369,2,1.7827417850869094
41675,41675,0.467169449252854,943,0,False,-1.0,-0.227772323748448,-0.194930597465299,0.0,0.0,0.977130374439786,0.0191447747620396,2,1.7719597365403688
41676,41676,0.467850542594449,944,0,False,-1.0,-0.227772323748448,-0.198802395209581,0.0,0.0,0.977198226856918,0.0203533066774873,2,1.7664817738386416
41677,41677,0.46542832692194,945,0,False,-1.0,-0.223187611590092,-0.188948306595365,0.0,0.0,0.977117864008941,0.0249775257326478,2,1.7553561868438876
41723,41723,0.465917009844977,946,0,False,-1.0,-0.358089967102177,-0.482439926062847,0.0,0.0,0.594462362390447,0.292883999509842,2,1.9877630361160992
41724,41724,0.475783721751046,947,0,False,-1.0,-0.358089967102177,-0.487619047619048,0.0,0.0,0.653806249742682,0.337609418131999,2,2.425425498753919
41725,41725,0.487243298917002,948,0,False,-1.0,-0.376235373253061,-0.490234375,-0.141025641025641,0.0,0.654540928446377,0.338297278254438,2,2.47394342632735
41726,41726,0.493830963020789,949,0,False,-1.0,-0.405413932363252,-0.5,-0.141025641025641,0.0,0.654287028737185,0.340133696972271,2,2.5051861775676874
41727,41727,0.497090651976918,950,0,False,-1.0,-0.422435765564828,-0.50293542074364,-0.141025641025641,0.0,0.654067639061149,0.341294919621183,2,2.5240821392780104
41728,41728,0.475349230603216,951,0,False,-1.0,-0.422435765564828,-0.512974051896208,-0.435967302452316,0.0,0.595659736197225,0.112891818982814,2,1.7262109650397242
41729,41729,0.48465626367721,952,0,False,-1.0,-0.407344521950783,-0.512922465208748,-0.435967302452316,0.0,0.620747932613393,0.104608455370347,2,1.7254500645887973
41730,41730,0.490020953763854,953,0,False,-1.0,-0.407344521950783,-0.526639344262295,-0.435967302452316,0.0,0.625375157035705,0.107288299935057,2,1.7399183027421823
41731,41731,0.500082870355207,954,0,False,-1.0,-0.43387548170171,-0.553376906318083,-0.435967302452316,0.0,0.627397628705965,0.107371883173114,2,1.7778589580491675
41732,41732,0.520450753917041,955,0,False,-1.0,-0.450408297530926,-0.573991031390135,-0.645547945205479,0.0,0.626747224220503,0.107939663318264,3,1.8515270544099074
41733,41733,0.53828790455716,956,0,False,-1.0,-0.490364156570479,-0.587155963302752,-0.744286596664608,0.0,0.589650652531755,0.108449148246901,3,2.0318861414138345
41734,41734,0.541092935472458,957,0,False,-1.0,-0.490364156570479,-0.597674418604651,-0.744286596664608,0.0,0.595135823283084,0.107860750391382,3,2.027597012341793
41735,41735,0.555010992962335,958,0,False,-1.0,-0.490364156570479,-0.60655737704918,-0.744286596664608,0.0,0.762491791516025,0.0880084145432307,3,1.8628798535379827
41879,41879,0.373921670560086,959,0,False,-1.0,-0.165517035709007,-0.151670951156812,0.0,0.0,0.790231190964642,0.0634633188225831,2,1.113706403656017
41880,41880,0.370363562007337,960,0,False,-1.0,-0.155998191322232,-0.144702842377261,0.0,0.0,0.78809102855448,0.0630495399554211,2,1.1191470204875316
41881,41881,0.370307498738948,961,0,False,-1.0,-0.155998191322232,-0.144329896907216,0.0,0.0,0.789184908883953,0.0625198284643062,2,1.1237825388500173
41882,41882,0.369735675316028,962,0,False,-1.0,-0.155998191322232,-0.143589743589744,0.0,0.0,0.788098096617643,0.0624751611567685,2,1.121349652369931
41883,41883,0.369741183829753,963,0,False,-1.0,-0.155998191322232,-0.138817480719794,0.0,0.0,0.793053721048359,0.0613940539672049,2,1.1424185741326955
41884,41884,0.36771952579612,964,0,False,-1.0,-0.155998191322232,-0.128865979381443,0.0,0.0,0.793648148308016,0.0608142264892094,2,1.1545455148160928
41885,41885,0.365114605772793,965,0,False,-1.0,-0.155998191322232,-0.1171875,0.0,0.0,0.792073364472138,0.0607587720770655,2,1.1613805218601572
41886,41886,0.361211967565931,966,0,False,-1.0,-0.142142964315367,-0.10498687664042,0.0,0.0,0.795424385211246,0.0599909473807862,2,1.1924120584012718
41887,41887,0.360391401842202,967,0,False,-1.0,-0.142142964315367,-0.101827676240209,0.0,0.0,0.796102148397177,0.0595198077363254,2,1.198578204789236
41888,41888,0.362972511017176,968,0,False,-1.0,-0.109823420781314,-0.0895140664961637,0.0,-0.34529582929195,0.795323285664139,0.05937819374145,2,1.8328924862638238
41889,41889,0.363162781783864,969,0,False,-1.0,-0.109823420781314,-0.089058524173028,0.0,-0.33872502378687,0.799221293324033,0.0585094512588348,2,1.820753271971972
41890,41890,0.362074424975826,970,0,False,-1.0,-0.108288211323234,-0.0843672456575682,0.0,-0.33872502378687,0.802202825658368,0.0575810822439287,2,1.831894675369832
41891,41891,0.359880962547367,971,0,False,-1.0,-0.108288211323234,-0.0823244552058111,0.0,-0.302463891248938,0.801527822766133,0.0572097555421598,2,1.7219385374801417
41896,41896,0.34214053046695,972,0,False,-1.0,-0.0798995226074133,-0.0350467289719626,0.0,-0.33872502378687,0.811945552463229,0.051839287804232,2,1.913449827212632
41929,41929,0.318738332017575,973,0,False,-1.0,-0.0798995226074133,-0.0348837209302326,0.0,-0.33872502378687,0.730378887301544,0.0547832689366177,2,1.7718766203007532
41930,41930,0.316934508690465,974,0,False,-1.0,-0.0769941188560565,-0.0344827586206897,0.0,-0.33872502378687,0.72482823833755,0.0552247065913666,2,1.7652294508937132
41931,41931,0.315618886634266,975,0,False,-1.0,-0.0729825803364436,-0.0389016018306636,0.0,-0.33872502378687,0.718576461997034,0.0557665250090781,2,1.7539932954713293
41937,41937,0.295290494427139,976,0,False,-1.0,-0.19742774790046,-0.248290013679891,0.0,0.0,0.151048802851314,0.0124179825981704,2,1.4263550924323318
41938,41938,0.293188294410784,977,0,False,-1.0,-0.19742774790046,-0.251204404679972,0.0,0.0,0.140179383996954,0.0113364022372773,2,1.4618061518131507
41939,41939,0.262975577160002,978,0,False,-1.0,-0.19742774790046,-0.252602359472588,0.0,0.0,0.0272031059058533,0.0053370742525294,2,1.8220538231536165
41940,41940,0.254299181581118,979,0,False,-1.0,-0.19742774790046,-0.254367575122292,0.0,0.0,0.0115124811987821,0.0044235640098089,2,1.872962800796297
42005,42005,0.256835383663245,980,3,True,,-0.0361579330474314,-0.0048543689320388,,,1.0,0.0471178590295963,1,1.8392550435164035
42006,42006,0.583333333333333,981,3,True,,1.0,1.0,,,1.0,0.0461762233285348,4,3.299246583070325
42007,42007,0.583333333333333,982,3,True,,1.0,1.0,,,1.0,0.0450123932198315,4,3.30096765738831
42008,42008,0.583333333333333,983,3,True,,1.0,1.0,,,1.0,0.0455630622048293,4,3.3001489877115797
42009,42009,0.583333333333333,984,3,True,,1.0,1.0,,,1.0,0.0453968334903952,4,3.300395295968507
42010,42010,0.559367529162847,985,3,True,,-0.861413508310414,-0.994791666666667,,,1.0,0.0454899629619348,1,1.5270998054291531
42011,42011,0.547200786459733,986,3,True,,-0.826391471671774,-0.994764397905759,,,0.997427648220129,0.0450685006647892,1,1.4789225807302169
42012,42012,0.534474581411539,987,3,True,,-0.814111375280051,-0.994764397905759,,,0.993039642931656,0.0450996723849858,1,1.459590289482839
42013,42013,0.516540884797057,988,3,True,,-0.770579094240036,-0.994413407821229,,,0.988570443849714,0.0452292716041615,1,1.405158469474569
42014,42014,0.504503824479481,989,3,True,,-0.760137314241676,-0.994318181818182,,,0.983890006222793,0.0452849599263129,1,1.389854583432023
42015,42015,0.483466278717373,990,3,True,,-0.703265799421326,-0.993975903614458,,,0.978173533519993,0.0457871320590507,1,1.3327270267388545
42016,42016,0.473787488086948,991,3,True,,-0.703265799421326,-0.993377483443709,,,0.972782958975951,0.0464426687712893,1,1.3261641284498462
42017,42017,0.451013166667679,992,3,True,,-0.616326508657983,-0.992592592592593,,,0.967915836588788,0.0467772483884454,1,1.2712960360715868
42018,42018,0.429756979199238,993,3,True,,-0.547839770037211,-0.990740740740741,,,0.960998668680965,0.0476091867605213,1,1.2498730047619981
42019,42019,0.417369842081134,994,3,True,,-0.529829034195763,-0.98989898989899,,,0.952511426112529,0.0492988276596582,1,1.2414711895533
42020,42020,0.396660674977091,995,3,True,,-0.440614781673981,-0.989130434782609,,,0.946057127926643,0.0514061944201957,1,1.266282794883015
42095,42095,0.251697814998883,996,0,False,-0.140458821755787,-0.236597592220115,-0.131474103585657,0.0,0.0,0.882650892421574,0.130834423153101,1,1.3500433841219899
42096,42096,0.25654782030873,997,1,True,-0.140458821755787,-0.240519775076223,-0.147410358565737,,0.0,0.882317333780431,0.130889848397882,1,1.3208226784077735
42097,42097,0.303111397846942,998,1,True,-0.140458821755787,-0.240519775076223,-0.186770428015564,,0.0,0.960561727219592,0.107753481992413,1,1.2049516681556323
42098,42098,0.304178773722246,999,1,True,-0.140458821755787,-0.240519775076223,-0.185328185328185,,0.0,0.961409258126013,0.108239038136818,1,1.2092867489883639
42099,42099,0.323071937486807,1000,0,False,-0.140458821755787,-0.251706548534682,-0.211764705882353,0.0,0.0,0.974952724046477,0.104851246298989,1,1.1543602374886222
42100,42100,0.323608973929532,1001,0,False,-0.140458821755787,-0.262233794916661,-0.190661478599222,0.0,0.0,0.976240718832162,0.106836126066332,1,1.1731376444328467
42101,42101,0.324328980675679,1002,0,False,-0.140458821755787,-0.262233794916661,-0.190661478599222,0.0,0.0,0.976905197353893,0.106918720303536,1,1.1740735170420005
42102,42102,0.346131902246325,1003,0,False,-0.140458821755787,-0.276874263400381,-0.229885057471264,0.0,0.0,0.988958932366353,0.106102270747235,1,1.1062842723847182
42103,42103,0.374896632058889,1004,1,True,-0.140458821755787,-0.2958992021036,-0.259259259259259,-1.0,,1.0,0.105264869808203,3,2.695927238076213
42104,42104,0.758960418205781,1005,1,True,1.0,1.0,1.0,-1.0,,1.0,0.10658666000706,4,3.2227531681731216
42105,42105,0.513502396352917,1006,0,False,-0.836588618013349,-0.315202015811916,-0.429223744292237,0.0,0.0,1.0,0.104882954627136,1,1.5739024269445585
42106,42106,0.471161498408024,1007,0,False,-0.836588618013349,-0.208777050856675,-0.341584158415842,0.0,0.0,0.987726542804121,0.105981070687998,2,1.6892260271680686
42107,42107,0.440791032290139,1008,0,False,-0.836588618013349,-0.149240876498861,-0.27807486631016,0.0,0.0,0.974572462469211,0.108484194529814,2,1.6670054878843932
42169,42169,0.488452179870406,1009,0,False,-1.0,-0.216714813460414,-0.237895995218171,-0.0018621973929236,0.0,0.993787405640053,0.0164235269610279,2,1.8192209621086168
42170,42170,0.474210020250138,1010,0,False,-1.0,-0.216714813460414,-0.239856801909308,0.0,0.0,0.917738543509092,0.0116524824038202,2,1.6053851111123087
42171,42171,0.407303067587077,1011,0,False,-1.0,-0.213088516320332,-0.241646778042959,-0.0099502487562189,0.0,0.596541119776393,0.0130426922790351,2,0.8197099246254553
42222,42222,0.253506410183364,1012,3,True,,-0.438857392908536,-0.714285714285714,,,0.46134493078249,0.0270372893394749,1,1.5918760457525343
42223,42223,0.252538743559878,1013,3,True,,-0.438857392908536,-0.714285714285714,,,0.455436408352505,0.0265544083822288,1,1.6106231480685955
42224,42224,0.252750271912046,1014,3,True,,-0.470802118845353,-0.714285714285714,,,0.425131194689688,0.0232472232215306,1,1.696612990847763
42436,42436,0.415553390879781,1015,4,True,,-1.0,,,,0.999464380349554,0.0086312813709981,1,1.783834196380023
42437,42437,0.415666402349833,1016,4,True,,-1.0,,,,0.999519145688643,0.0086901839467174,1,1.7837266231582312
42438,42438,0.41577005041944,1017,4,True,,-1.0,,,,0.999569288473452,0.0087513820815863,1,1.7836096466198468
42439,42439,0.415916886226956,1018,4,True,,-1.0,,,,0.999640188785505,0.0088056676838353,1,1.7835271846357832
42440,42440,0.416042444944258,1019,4,True,,-1.0,,,,0.99970070414266,0.0088861606120177,1,1.7833695017760811
42441,42441,0.416115738734041,1020,4,True,,-1.0,,,,0.999735983127571,0.0089561614564965,1,1.7832187404435833
42442,42442,0.416204560053969,1021,4,True,,-1.0,,,,0.999778688356927,0.0089952285534197,1,1.7831531449213658
42443,42443,0.416292841930616,1022,4,True,,-1.0,,,,0.999821078567108,0.0090437362749545,1,1.7830632893566227
42444,42444,0.416417355644927,1023,4,True,,-1.0,,,,0.999880777534158,0.0090905563664888,1,1.7829917399106177
42445,42445,0.416542221422941,1024,4,True,,-1.0,,,,0.999940541044713,0.0091587204879292,1,1.7828660099376579
42446,42446,0.416666666666667,1025,4,True,,-1.0,,,,1.0,0.0092275641905928,1,1.7827385482132967
42447,42447,0.416666666666667,1026,4,True,,1.0,,,,1.0,0.0092834438689713,4,4.004937387279589
42448,42448,0.416666666666667,1027,4,True,,1.0,,,,1.0,0.0095349373647032,4,4.004433187826394
42454,42454,0.286835501677648,1028,3,True,,-0.32063714114346,,,0.0,0.960796446743643,0.0111862878267968,1,1.4392599285722183
42455,42455,0.285485299233867,1029,3,True,,-0.32063714114346,,,0.0,0.957568273786914,0.0113229220489002,1,1.4366926119929344
42456,42456,0.284028213580898,1030,3,True,,-0.32063714114346,,,0.0,0.954085042566486,0.0114760879355627,1,1.4339955228379522
42457,42457,0.282608733856864,1031,3,True,,-0.32063714114346,,,0.0,0.950670430407104,0.0116317632667259,1,1.431426510414814
42458,42458,0.28132176082174,1032,3,True,,-0.32063714114346,,,0.0,0.947561429514294,0.0117756557548532,1,1.4291603057081128
42459,42459,0.279899759298291,1033,3,True,,-0.32063714114346,,,0.0,0.94411871888763,0.0119467575471433,1,1.4267041488771055
42460,42460,0.278809642758644,1034,3,True,,-0.32063714114346,,,0.0,0.941469354426292,0.0120790588136558,1,1.4248759686612444
42461,42461,0.27761234941132,1035,3,True,,-0.32063714114346,,,0.0,0.938548826406965,0.0122309103368338,1,1.4229072837338725
42462,42462,0.266579394215067,1036,3,True,,-0.261434241394113,,,0.0,0.935674612352453,0.012384968386113,1,1.493111279373754
42463,42463,0.265574912941149,1037,3,True,,-0.261434241394113,,,0.0,0.93317062666886,0.0125200611637995,1,1.4915975592273556
42464,42464,0.264344010624764,1038,3,True,,-0.261434241394113,,,0.0,0.930095267871753,0.0126844047975685,1,1.4898088890108891
42465,42465,0.262162797381602,1039,3,True,,-0.261434241394113,,,0.0,0.924678773111518,0.013004226927776,1,1.4867502392562406
42466,42466,0.26009189026539,1040,3,True,,-0.261434241394113,,,0.0,0.919468330734531,0.0133338152122781,1,1.4839617772143645
42467,42467,0.258167372579031,1041,3,True,,-0.261434241394113,,,0.0,0.914530342712555,0.0136667165839971,1,1.4814583248296749
42468,42468,0.256348582055503,1042,3,True,,-0.261434241394113,,,0.0,0.909779631452872,0.0140045213839681,1,1.479183180199488
42469,42469,0.254606684997479,1043,3,True,,-0.261434241394113,,,0.0,0.905157223763687,0.0143654806822843,1,1.4770529256290976
42470,42470,0.253969769533983,1044,3,True,,-0.261434241394113,,,0.0,0.903425540774835,0.0145031633220157,1,1.4762923940625647
42471,42471,0.253420563632552,1045,3,True,,-0.261434241394113,,,0.0,0.901923902321754,0.0146254454354723,1,1.4756445574770802
42472,42472,0.252989376545103,1046,3,True,,-0.261434241394113,,,0.0,0.900746211579045,0.0147233037054176,1,1.4751438930802045
42473,42473,0.252672027763248,1047,3,True,,-0.261434241394113,,,0.0,0.899869285070564,0.0147953921454446,1,1.4747805519446258
42474,42474,0.25235428658317,1048,3,True,,-0.261434241394113,,,0.0,0.898980021866467,0.014866860104915,1,1.474422965813675
42475,42475,0.251835610699397,1049,3,True,,-0.261434241394113,,,0.0,0.897529581119295,0.0149921306164636,1,1.4738296929789094
42476,42476,0.251469448262634,1050,2,True,,-0.261434241394113,,0.0,0.0,0.896504105793402,0.0150768538267821,1,1.4734311278168688
42477,42477,0.250835451664479,1051,2,True,,-0.261434241394113,,0.0,0.0,0.894712889235325,0.015229170493519,1,1.4727437309765805
42788,42788,0.365252081868281,1052,0,False,-1.0,-0.208324467412576,-0.25823111684958,0.0,0.0,0.420775635402349,0.0270173274893145,2,0.6933072083762395
42807,42807,0.515430287570352,1053,3,True,,-0.676790500840623,-0.95,,,0.996412723124412,0.237811970324726,1,2.0560959866305524
42808,42808,0.520731637538672,1054,3,True,,-0.702000094108624,-0.95,,,0.997097566314167,0.237583224443644,1,2.0662247314809523
42809,42809,0.522605391387897,1055,3,True,,-0.702000094108624,-0.95,,,0.998276694231419,0.236465233049284,1,2.0587413995822024
42810,42810,0.583333333333333,1056,3,True,,1.0,1.0,,,1.0,0.232444936170181,4,3.479186444136288
42811,42811,0.583333333333333,1057,3,True,,1.0,1.0,,,1.0,0.235812173118093,4,3.490321997664404
42812,42812,0.583333333333333,1058,3,True,,1.0,1.0,,,1.0,0.2345106359558,4,3.4859884392768183
42813,42813,0.583333333333333,1059,3,True,,1.0,1.0,,,1.0,0.235381880775468,4,3.4888852303000513
42814,42814,0.583333333333333,1060,3,True,,1.0,1.0,,,1.0,0.234511023148071,4,3.4859897229741037
42815,42815,0.36974465083355,1061,3,True,,-0.418467905001302,-0.3,,,1.0,0.235320386202471,1,1.7907890776846114
42816,42816,0.357259538063821,1062,3,True,,-0.3536070447192,-0.3,,,0.99882555996669,0.23319608246573,1,1.8127779815109866
42817,42817,0.348781067947856,1063,3,True,,-0.3536070447192,-0.3,,,0.992936591688922,0.237957732453478,1,1.8477682962748156
42818,42818,0.348193842362356,1064,3,True,,-0.3536070447192,-0.3,,,0.992548911986534,0.237628167120861,1,1.844744646457296
42819,42819,0.341918850215003,1065,3,True,,-0.325589853874445,-0.3,,,0.99141415507329,0.238727990175844,1,1.8747903027132238
42820,42820,0.34157249109141,1066,3,True,,-0.325589853874445,-0.3,,,0.991179937584595,0.238703225611615,1,1.8744201459783585
42821,42821,0.300595373944542,1067,3,True,,-0.360677684448623,-0.833333333333333,,,0.699238908649293,0.156149441193967,1,1.4563365769123153
42822,42822,0.300672010079168,1068,3,True,,-0.360677684448623,-0.833333333333333,,,0.699358232094208,0.156402633150477,1,1.457604453062938
42823,42823,0.300808371173111,1069,3,True,,-0.360677684448623,-0.833333333333333,,,0.699868067157342,0.155675053568375,1,1.4527682498321979
42824,42824,0.32021050037199,1070,3,True,,-0.474512607816497,-0.833333333333333,,,0.700563849513273,0.156811001646441,1,1.3849518571340895
42825,42825,0.326296047326306,1071,3,True,,-0.506709096752099,-0.833333333333333,,,0.701934979660235,0.157450957702996,1,1.3770196935390209
42826,42826,0.320862021602229,1072,3,True,,-0.470802118845353,-0.833333333333333,,,0.702867435629681,0.158211187578387,1,1.3914882617763435
42827,42827,0.321410789796086,1073,3,True,,-0.470802118845353,-0.833333333333333,,,0.703466113904091,0.159817911762172,1,1.4004117438223873
42836,42836,0.261216235825392,1074,3,True,,-0.390895875604833,-0.714285714285714,,,0.610513425412311,0.0216173691348716,1,1.2180816680014033
42837,42837,0.276282470259618,1075,3,True,,-0.470802118845353,-0.714285714285714,,,0.617825319459829,0.0223457859551295,1,1.1412697745236213
42838,42838,0.278764450669876,1076,3,True,,-0.470802118845353,-0.714285714285714,,,0.623686474377302,0.0244557026408271,1,1.119782403952141
42839,42839,0.2793354816154,1077,3,True,,-0.470802118845353,-0.714285714285714,,,0.626270193702239,0.0236448223491378,1,1.115414298421537
42840,42840,0.26393752466735,1078,3,True,,-0.360677684448623,-0.714285714285714,,,0.633640142290086,0.0255688114820207,1,1.1807606683950627
42841,42841,0.265857252742882,1079,3,True,,-0.360677684448623,-0.714285714285714,,,0.639355513522924,0.0264990154162306,1,1.1648044292422606
42842,42842,0.268313841775353,1080,3,True,,-0.360677684448623,-0.714285714285714,,,0.64621599648992,0.0283205670090476,1,1.144092679109373
42843,42843,0.270368098818869,1081,3,True,,-0.360677684448623,-0.714285714285714,,,0.652107095508259,0.0301456958241182,1,1.1259625013402592
42844,42844,0.309599105606792,1082,0,False,0.0,-0.245629038095682,-0.0594059405940594,-0.0391705069124424,0.0,0.996439167998775,0.246690083149915,1,2.2155749797855506
42845,42845,0.315423487664144,1083,0,False,0.0,-0.245629038095682,-0.0652173913043478,-0.0915032679738562,0.0,1.0,0.244773550933031,1,2.216854591607705
42846,42846,0.88098659707181,1084,0,False,1.0,1.0,1.0,-1.0,-1.0,1.0,0.23952831564822,4,3.11350208428106
42847,42847,0.694561007847075,1085,0,False,-1.0,-0.739020685730846,-0.896551724137931,-0.121883656509695,0.0,1.0,0.239868603971906,1,2.6285679934642556
42848,42848,0.682539627010464,1086,0,False,-1.0,-0.739020685730846,-0.837209302325581,-0.0920398009950249,0.0,0.998145747942152,0.23746394576072,1,2.5490584912954537
42849,42849,0.62888168167437,1087,0,False,-1.0,-0.697182680831967,-0.588235294117647,-0.0257611241217799,0.0,0.994663365018643,0.233672551454588,1,2.3600509594176535
43118,43118,0.269622232487403,1088,0,False,0.0,-0.147313804758665,-0.145123384253819,-0.0136759220886863,0.0,0.970413422175145,0.0797700889750513,1,1.4065836362927218
43119,43119,0.274573351263009,1089,0,False,0.0,-0.173761149662665,-0.146627565982405,0.0,0.0,0.972221327432546,0.107516991002582,1,1.4117823912801166
43120,43120,0.429793695404193,1090,0,False,-1.0,-0.11915525461577,-0.142509135200974,0.0,0.0,0.971102486874154,0.0333434047925042,2,1.764297669580826
43121,43121,0.321375780669676,1091,0,False,-0.345303878319584,-0.11915525461577,-0.141732283464567,0.0,0.0,0.971675120411257,0.0384381931261352,1,1.5051978156133317
43122,43122,0.320920394621928,1092,0,False,-0.345303878319584,-0.11915525461577,-0.1378896882494,0.0,0.0,0.971866831108803,0.0392118919684535,1,1.5092835171500312
43123,43123,0.270321478607484,1093,0,False,0.0,-0.14340448399208,-0.145808736717828,-0.0136929460580913,0.0,0.972229006729216,0.0428581640745911,1,1.4147737555685815
43244,43244,0.272597041185045,1094,0,False,-1.0,-0.180075703041226,-0.207232267037552,0.0,0.0,0.174547889713169,0.0423825564038511,2,1.257947434605169
43245,43245,0.271561951259501,1095,0,False,-1.0,-0.175219647539164,-0.20625,0.0,0.0,0.173191622862338,0.0430122705104733,2,1.2622753158806648
43594,43594,0.433398368268282,1096,0,False,0.0,-0.422143877429478,-0.541832669322709,0.0,-0.372435658336442,0.997756983895703,0.362124669219102,1,3.2414017437783693
43595,43595,0.426359131409985,1097,0,False,0.0,-0.422143877429478,-0.51004016064257,0.0,-0.345621322256836,0.997018396517046,0.362347916947688,1,3.1887721548161503
43596,43596,0.422739955294456,1098,0,False,0.0,-0.406064562236747,-0.504065040650406,0.0,-0.345621322256836,0.997204275728815,0.361578712065128,1,3.1871023488556385
43597,43597,0.414045452174425,1099,0,False,0.0,-0.399638646476849,-0.485355648535565,0.0,-0.272926062593959,0.997568898708411,0.360355419616406,1,3.054899738267908
43598,43598,0.700851704543048,1100,2,True,-1.0,-0.705110227258285,-1.0,,,1.0,0.0659799872949146,1,2.098436909976129
43599,43599,0.700773577245668,1101,2,True,-1.0,-0.705110227258285,-1.0,,,0.999843139016168,0.0659419336217247,1,2.098322672903386
43600,43600,0.700701216955224,1102,2,True,-1.0,-0.705110227258285,-1.0,,,0.99969790475866,0.0658890700396793,1,2.098213735583767
43601,43601,0.70061341706872,1103,2,True,-1.0,-0.705110227258285,-1.0,,,0.999522274314721,0.0658499556613855,1,2.0980869354474683
43602,43602,0.700535743754472,1104,2,True,-1.0,-0.705110227258285,-1.0,,,0.999366908914703,0.0658079368162659,1,2.0979735769610017
43603,43603,0.700458190584507,1105,2,True,-1.0,-0.705110227258285,-1.0,,,0.999211726047404,0.0657649538639866,1,2.0978603652649666
43604,43604,0.700379468079098,1106,2,True,-1.0,-0.705110227258285,-1.0,,,0.999054043152041,0.0657244761466662,1,2.0977461200816463
43605,43605,0.700303104342269,1107,2,True,-1.0,-0.705110227258285,-1.0,,,0.998901094301652,0.065681789633423,1,2.0976348771129683
43606,43606,0.700224791161438,1108,2,True,-1.0,-0.705110227258285,-1.0,,,0.998744274078074,0.0656430057762232,1,2.0975219149188606
43607,43607,0.700150291156027,1109,2,True,-1.0,-0.705110227258285,-1.0,,,0.99859507168987,0.0656066079955981,1,2.0974147072726606
43608,43608,0.700079803954289,1110,2,True,-1.0,-0.705110227258285,-1.0,,,0.99845395167781,0.0655673146449352,1,2.0973126103922533
43609,43609,0.700007327854226,1111,2,True,-1.0,-0.705110227258285,-1.0,,,0.998308773933739,0.0655287685578473,1,2.0972080807475972
43610,43610,0.699934529131727,1112,2,True,-1.0,-0.705110227258285,-1.0,,,0.998163349775912,0.0654657088395445,1,2.0970993435118643
43611,43611,0.69983295522078,1113,2,True,-1.0,-0.705110227258285,-1.0,,,0.997959819983989,0.0654319956070139,1,2.0969568351691454
43612,43612,0.699755274350853,1114,2,True,-1.0,-0.705110227258285,-1.0,,,0.997804474659001,0.0653882174780954,1,2.0968452012409107
43613,43613,0.699674091349594,1115,2,True,-1.0,-0.705110227258285,-1.0,,,0.997642510997464,0.0653456130948506,1,2.096729537091948
43614,43614,0.699592820206113,1116,2,True,-1.0,-0.705110227258285,-1.0,,,0.997480476206359,0.0652964611667409,1,2.0966129615307474
43615,43615,0.699502844244949,1117,2,True,-1.0,-0.705110227258285,-1.0,,,0.997300936539658,0.0652507179432034,1,2.0964854865068245
43616,43616,0.699413590440657,1118,2,True,-1.0,-0.705110227258285,-1.0,,,0.997122983461759,0.0652028448244509,1,2.0963589845409465
43617,43617,0.699321933709625,1119,2,True,-1.0,-0.705110227258285,-1.0,,,0.996940255930214,0.0651570911280159,1,2.096229901366707
43618,43618,0.699231516731289,1120,2,True,-1.0,-0.705110227258285,-1.0,,,0.9967597867779,0.0651113830545246,1,2.0961025904398802
43619,43619,0.699140867926259,1121,2,True,-1.0,-0.705110227258285,-1.0,,,0.996578844330973,0.0650661896724091,1,2.095975303734167
43620,43620,0.699050597001116,1122,2,True,-1.0,-0.705110227258285,-1.0,,,0.996398761547415,0.0650205602551992,1,2.0958487781384796
43621,43621,0.698960258155227,1123,2,True,-1.0,-0.705110227258285,-1.0,,,0.996218158956627,0.064989770119843,1,2.095724413832642
43622,43622,0.698887530135224,1124,2,True,-1.0,-0.705110227258285,-1.0,,,0.996073364525427,0.0649456201381079,1,2.0956219339195363
43623,43623,0.698805157999617,1125,2,True,-1.0,-0.705110227258285,-1.0,,,0.995908962614044,0.0649051070973291,1,2.095507232777273
43624,43624,0.698723191173565,1126,2,True,-1.0,-0.705110227258285,-1.0,,,0.995745406563307,0.0648650011496955,1,2.0953933603938406
43625,43625,0.698640401337957,1127,2,True,-1.0,-0.705110227258285,-1.0,,,0.99558139610918,0.0648059620561665,1,2.095276659897522
43626,43626,0.698533883765561,1128,2,True,-1.0,-0.705110227258285,-1.0,,,0.995369508613656,0.0647543537453321,1,2.09512980823429
43627,43627,0.698427103891934,1129,2,True,-1.0,-0.705110227258285,-1.0,,,0.995157201454846,0.0647032287649851,1,2.094983096953435
43628,43628,0.698319703052925,1130,2,True,-1.0,-0.705110227258285,-1.0,,,0.994944722440209,0.0646254021876873,1,2.0948329552673948
43629,43629,0.698179027774563,1131,2,True,-1.0,-0.705110227258285,-1.0,,,0.994665019190843,0.0645582287335939,1,2.0946407575870216
43630,43630,0.6980384752195,1132,2,True,-1.0,-0.705110227258285,-1.0,,,0.994385781930337,0.0644912465067668,1,2.0944494910003213
43631,43631,0.697897936993846,1133,2,True,-1.0,-0.705110227258285,-1.0,,,0.994106048045574,0.0644246256923371,1,2.0942585472543853
43632,43632,0.697753152479331,1134,2,True,-1.0,-0.705110227258285,-1.0,,,0.993822152838434,0.0642846651641902,1,2.0940563974063013
43633,43633,0.697517166819843,1135,2,True,-1.0,-0.705110227258285,-1.0,,,0.993350873543521,0.0642331485737911,1,2.0937446621784495
43634,43634,0.697355635212141,1136,2,True,-1.0,-0.705110227258285,-1.0,,,0.993028647319332,0.0641597079312779,1,2.0935277454304253
43635,43635,0.697194131074921,1137,2,True,-1.0,-0.705110227258285,-1.0,,,0.992705993188453,0.0640865425953834,1,2.093311360409181
43636,43636,0.686515872562044,1138,2,True,-1.0,-0.642003479027431,-1.0,,,0.992383807251297,0.0640372721711545,1,2.0681666238608325
43637,43637,0.686384852498101,1139,2,True,-1.0,-0.642003479027431,-1.0,,,0.992121659008859,0.0639794826103245,1,2.0679900368970165
43638,43638,0.68625369295462,1140,2,True,-1.0,-0.642003479027431,-1.0,,,0.991859318645644,0.0639235363030956,1,2.067814036416263
43639,43639,0.686124578098205,1141,2,True,-1.0,-0.642003479027431,-1.0,,,0.991601222676569,0.0638670162045176,1,2.0676412154916695
43640,43640,0.685995184053713,1142,2,True,-1.0,-0.642003479027431,-1.0,,,0.991342052264227,0.0638106789445387,1,2.067468214557957
43641,43641,0.685866613839082,1143,2,True,-1.0,-0.642003479027431,-1.0,,,0.991083091787651,0.0637698459904395,1,2.0672974279122256
43642,43642,0.685756066948835,1144,2,True,-1.0,-0.642003479027431,-1.0,,,0.990865335593409,0.063723143272462,1,2.067152902962839
43643,43643,0.685645075777948,1145,2,True,-1.0,-0.642003479027431,-1.0,,,0.990646513109424,0.0636770436802956,1,2.067008102020277
43644,43644,0.685534334621381,1146,2,True,-1.0,-0.642003479027431,-1.0,,,0.990428202328985,0.0636307836040801,1,2.0668639598925793
43645,43645,0.685423037071227,1147,2,True,-1.0,-0.642003479027431,-1.0,,,0.990209570385855,0.0635848922802089,1,2.0667199947179107
43646,43646,0.685311805532862,1148,2,True,-1.0,-0.642003479027431,-1.0,,,0.989990981376253,0.0635390311721657,1,2.066576405936268
43647,43647,0.685201729374985,1149,2,True,-1.0,-0.642003479027431,-1.0,,,0.989773282884746,0.063512795503544,1,2.0664355213602867
43648,43648,0.685117850935535,1150,2,True,-1.0,-0.642003479027431,-1.0,,,0.989608473191854,0.0634774596633654,1,2.0663276518037623
43649,43649,0.662065480128684,1151,2,True,-1.0,-0.642003479027431,-1.0,,,0.968380904370096,0.0276255344117243,1,2.0779133234147396
43650,43650,0.661982921374771,1152,2,True,-1.0,-0.642003479027431,-1.0,,,0.968197745795847,0.0275655936888055,1,2.077904171338722
43651,43651,0.661897090849333,1153,2,True,-1.0,-0.642003479027431,-1.0,,,0.968033534636447,0.0274808257435421,1,2.0779402167207848
43652,43652,0.66178373615107,1154,2,True,-1.0,-0.642003479027431,-1.0,,,0.96778097885493,0.0274000688644187,1,2.077925981992142
43653,43653,0.66167013075845,1155,2,True,-1.0,-0.642003479027431,-1.0,,,0.967528593515024,0.0273193467154411,1,2.077912412540647
43654,43654,0.661551799483845,1156,2,True,-1.0,-0.642003479027431,-1.0,,,0.967307737342053,0.0271991243471737,1,2.077971874918631
43655,43655,0.661394219652207,1157,2,True,-1.0,-0.642003479027431,-1.0,,,0.966907378471862,0.0271328156520966,1,2.0778642727283216
43656,43656,0.661288513482722,1158,2,True,-1.0,-0.642003479027431,-1.0,,,0.96667268916705,0.0270598166725447,1,2.0778506540860384
43657,43657,0.661179700687181,1159,2,True,-1.0,-0.642003479027431,-1.0,,,0.966438049180956,0.0269871439797027,1,2.07783712065907
43658,43658,0.661069609871506,1160,2,True,-1.0,-0.642003479027431,-1.0,,,0.966198438068055,0.0269148885922377,1,2.0778210243292747
43659,43659,0.660959733111498,1161,2,True,-1.0,-0.642003479027431,-1.0,,,0.965957237575119,0.0268428760794859,1,2.077804321736997
43660,43660,0.660849290947503,1162,2,True,-1.0,-0.642003479027431,-1.0,,,0.965713135559988,0.0267724554895167,1,2.077784411085802
43661,43661,0.66074556488287,1163,2,True,-1.0,-0.642003479027431,-1.0,,,0.965472709506891,0.0267046899839418,1,2.077763014917337
43662,43662,0.660641127115557,1164,2,True,-1.0,-0.642003479027431,-1.0,,,0.965228406101735,0.0266372331641806,1,2.0777397636701918
43663,43663,0.660536672170994,1165,2,True,-1.0,-0.642003479027431,-1.0,,,0.964983550297012,0.0265698993675193,1,2.077716583119848
43664,43664,0.670949061467434,1166,2,True,-1.0,-0.705110227258285,-1.0,,,0.964735973749238,0.0265031795250579,1,2.102510843495887
43665,43665,0.670845207562445,1167,2,True,-1.0,-0.705110227258285,-1.0,,,0.964478916592973,0.0264496815364139,1,2.1024630722625735
43666,43666,0.670757044368594,1168,2,True,-1.0,-0.705110227258285,-1.0,,,0.964272542236421,0.0263939766063754,1,2.1024435083645994
43667,43667,0.670665592216544,1169,2,True,-1.0,-0.705110227258285,-1.0,,,0.964081421284263,0.0263164004896788,1,2.102463362766022
43668,43668,0.670546750243896,1170,2,True,-1.0,-0.705110227258285,-1.0,,,0.963803655584894,0.0262421846431587,1,2.102437034146675
43669,43669,0.670427254958507,1171,2,True,-1.0,-0.705110227258285,-1.0,,,0.963523893999554,0.0261684962221305,1,2.1024096318745307
43670,43670,0.670308295288446,1172,2,True,-1.0,-0.705110227258285,-1.0,,,0.963243028976298,0.0260950980082302,1,2.102381933366762
43671,43671,0.670188479737954,1173,2,True,-1.0,-0.705110227258285,-1.0,,,0.962959188732046,0.0260218205658452,1,2.1023532958182107
43672,43672,0.670068370361678,1174,2,True,-1.0,-0.705110227258285,-1.0,,,0.962674261397992,0.0259489526771092,1,2.102324206829995
43673,43673,0.669948417139929,1175,2,True,-1.0,-0.705110227258285,-1.0,,,0.962382827996869,0.0258820245242403,1,2.1022839847669355
43674,43674,0.669834476863292,1176,2,True,-1.0,-0.705110227258285,-1.0,,,0.962108350387792,0.0258147540426683,1,2.102252926526174
43675,43675,0.669720232156746,1177,2,True,-1.0,-0.705110227258285,-1.0,,,0.961833284331565,0.0257473689362976,1,2.10222236152438
43676,43676,0.66960533982635,1178,2,True,-1.0,-0.705110227258285,-1.0,,,0.961556836948056,0.0256801659915362,1,2.1021914833054516
43677,43677,0.669489704157594,1179,2,True,-1.0,-0.705110227258285,-1.0,,,0.961279077713048,0.0256130464618002,1,2.1021604751419107
43678,43678,0.669373789520692,1180,2,True,-1.0,-0.705110227258285,-1.0,,,0.961000910554936,0.0255459454188697,1,2.1021298600232567
43679,43679,0.669249953897105,1181,2,True,-1.0,-0.705110227258285,-1.0,,,0.960746716320359,0.0254371886375435,1,2.1021728570919054
43680,43680,0.66907785241896,1182,2,True,-1.0,-0.705110227258285,-1.0,,,0.96029632694816,0.0253712508810191,1,2.1020620930013716
43681,43681,0.66895133978476,1183,2,True,-1.0,-0.705110227258285,-1.0,,,0.959989675951763,0.0252996600389087,1,2.102027223081625
43682,43682,0.668822830721674,1184,2,True,-1.0,-0.705110227258285,-1.0,,,0.959676892532936,0.0252281331391928,1,2.101990171656101
43683,43683,0.668693790363085,1185,2,True,-1.0,-0.705110227258285,-1.0,,,0.959362106171469,0.0251569478156327,1,2.101952442360242
43684,43684,0.668564732615595,1186,2,True,-1.0,-0.705110227258285,-1.0,,,0.959044460324411,0.0250862621784795,1,2.101913415084164
43685,43685,0.668438589656082,1187,2,True,-1.0,-0.705110227258285,-1.0,,,0.95871057332652,0.0250367314150316,1,2.101835982684472
43686,43686,0.668340183216317,1188,2,True,-1.0,-0.705110227258285,-1.0,,,0.95846633966114,0.024983805697917,1,2.1018049100378646
43687,43687,0.668241578083131,1189,2,True,-1.0,-0.705110227258285,-1.0,,,0.958222014094435,0.0249306785636012,1,2.1017745433502864
43688,43688,0.668142423544296,1190,2,True,-1.0,-0.705110227258285,-1.0,,,0.957975663935659,0.0248780554322393,1,2.101742950497402
43689,43689,0.668038805605753,1191,2,True,-1.0,-0.705110227258285,-1.0,,,0.957740481909623,0.0248038111118404,1,2.101749502433667
43690,43690,0.667905731552207,1192,2,True,-1.0,-0.705110227258285,-1.0,,,0.957408741162196,0.0247336742785375,1,2.101707213371744
43691,43691,0.481265644115723,1193,3,True,,-0.586075946141143,-1.0,,,0.957075972456667,0.0246635973621644,1,1.3094559725517996
43692,43692,0.481127499790893,1194,3,True,,-0.586075946141143,-1.0,,,0.956749915377972,0.024576884239172,1,1.3094352162997316
43693,43693,0.480965450754704,1195,3,True,,-0.586075946141143,-1.0,,,0.956346744509865,0.0244936339525142,1,1.3093528383393664
43694,43694,0.480802878929236,1196,3,True,,-0.586075946141143,-1.0,,,0.955943964860867,0.024410463907881,1,1.3092724307135095
43695,43695,0.480639217977265,1197,3,True,,-0.586075946141143,-1.0,,,0.955539543428855,0.0243272068745889,1,1.309192975550806
43696,43696,0.480474248371914,1198,3,True,,-0.586075946141143,-1.0,,,0.955132312766294,0.0242441837289394,1,1.309112887460474
43697,43697,0.480301201739175,1199,3,True,,-0.586075946141143,-1.0,,,0.954727635125614,0.0241362100244665,1,1.309098156751959
43698,43698,0.480091229153936,1200,3,True,,-0.586075946141143,-1.0,,,0.954200670891708,0.0240329398966985,1,1.3089897008912146
43699,43699,0.47987894353921,1201,3,True,,-0.586075946141143,-1.0,,,0.953666795226298,0.0239305362634186,1,1.3088775170857394
43700,43700,0.479665855026413,1202,3,True,,-0.586075946141143,-1.0,,,0.953129854037797,0.0238282836078478,1,1.308766081408171
43701,43701,0.479418976195434,1203,3,True,,-0.586075946141143,-1.0,,,0.952627005818539,0.0236034140591574,1,1.3089879482377773
43702,43702,0.47898379870278,1204,3,True,,-0.586075946141143,-1.0,,,0.951531712482513,0.0234008116304937,1,1.3087636042916102
43703,43703,0.478576160826866,1205,3,True,,-0.586075946141143,-1.0,,,0.950392219230166,0.0233224832852045,1,1.308208922026802
43704,43704,0.311685704941251,1206,4,True,,-0.586075946141143,,,,0.949833858244213,0.0232218922135075,1,1.2656893652930943
43705,43705,0.311461788099761,1207,4,True,,-0.586075946141143,,,,0.949272290958805,0.0231219721117534,1,1.2655753598491215
43706,43706,0.311235378144965,1208,4,True,,-0.586075946141143,,,,0.948705644583654,0.0230222974963318,1,1.2654609038762867
43707,43707,0.31100762920433,1209,4,True,,-0.586075946141143,,,,0.948135761191732,0.0229254756313365,1,1.2653403950475361
43708,43708,0.310801297464551,1210,4,True,,-0.586075946141143,,,,0.94756454535525,0.0228858383011431,1,1.2650712967576256
43709,43709,0.31068468076295,1211,4,True,,-0.586075946141143,,,,0.947271329167729,0.0228356364024597,1,1.265013371077546
43710,43710,0.310569702722184,1212,4,True,,-0.586075946141143,,,,0.946973241796528,0.0227939357778484,1,1.2649307131423668
43711,43711,0.310453765675406,1213,4,True,,-0.586075946141143,,,,0.946721175454568,0.0227097244374278,1,1.264991507024647
43712,43712,0.310272465984727,1214,4,True,,-0.586075946141143,,,,0.946263575072303,0.022633503929232,1,1.264900339609463
43713,43713,0.31008844766709,1215,4,True,,-0.586075946141143,,,,0.945802510238278,0.0225717899915915,1,1.2647705866671461
43714,43714,0.293174880195094,1216,4,True,,-0.485579447977451,,,,0.945407583771202,0.0225078941000555,1,1.273620404677536
43715,43715,0.293010050217903,1217,4,True,,-0.485579447977451,,,,0.94501068158674,0.0224437443350342,1,1.2735421728966705
43716,43716,0.292843647780924,1218,4,True,,-0.485579447977451,,,,0.944608552533035,0.0223800815608398,1,1.273461107659215
43717,43717,0.292676268815823,1219,4,True,,-0.485579447977451,,,,0.944204599001925,0.0223161288979873,1,1.2733814303479392
43718,43718,0.292507634993007,1220,4,True,,-0.485579447977451,,,,0.943795605179508,0.0222523287245441,1,1.2733000107955508
43719,43719,0.292341171171688,1221,4,True,,-0.485579447977451,,,,0.943380242161232,0.0221968845438633,1,1.273194149014696
43720,43720,0.292187383137121,1222,4,True,,-0.485579447977451,,,,0.943006412692074,0.0221397772513697,1,1.2731196896282166
43721,43721,0.292032843397329,1223,4,True,,-0.485579447977451,,,,0.942633081092714,0.0220825657780728,1,1.2730472986066073
43722,43722,0.291876881676276,1224,4,True,,-0.485579447977451,,,,0.942256369896211,0.0220257955007615,1,1.272973181948261
43723,43723,0.291720340210097,1225,4,True,,-0.485579447977451,,,,0.941879310092634,0.021969039778102,1,1.2729003241527865
43724,43724,0.291571379071714,1226,4,True,,-0.485579447977451,,,,0.941503067631507,0.0219281377728831,1,1.2727867435750986
43725,43725,0.291448531696824,1227,4,True,,-0.485579447977451,,,,0.941208002413863,0.0218841038738386,1,1.272730885249045
43726,43726,0.291308719925604,1228,4,True,,-0.485579447977451,,,,0.940907663731383,0.0218088029204562,1,1.2727573059363813
43727,43727,0.291118648228827,1229,4,True,,-0.485579447977451,,,,0.940439304761108,0.0217482228308475,1,1.2726469605766597
43728,43728,0.29094133511976,1230,4,True,,-0.485579447977451,,,,0.940011402408819,0.0216858825137267,1,1.2725670573144026
43729,43729,0.290775563367636,1231,4,True,,-0.485579447977451,,,,0.939584445005508,0.0216461878808318,1,1.2724281490818399
43730,43730,0.29064751308069,1232,4,True,,-0.485579447977451,,,,0.939276564991509,0.021602094891448,1,1.2723710909216461
43731,43731,0.290518935274363,1233,4,True,,-0.485579447977451,,,,0.938967139588447,0.0215580277739578,1,1.272314073817429
43732,43732,0.290382987716428,1234,4,True,,-0.485579447977451,,,,0.938653760796145,0.0215022269193888,1,1.2722877741844891
43733,43733,0.290221565901318,1235,4,True,,-0.485579447977451,,,,0.938272359172275,0.0214393090415765,1,1.2722436272665048
43734,43734,0.290041602713412,1236,4,True,,-0.485579447977451,,,,0.937833700571634,0.0213788107285367,1,1.2721623930097836
43735,43735,0.289860426029616,1237,4,True,,-0.485579447977451,,,,0.937394068585725,0.0213181309308776,1,1.272083109729937
43736,43736,0.28967833728714,1238,4,True,,-0.485579447977451,,,,0.936950840366359,0.0212580994620729,1,1.2720020694443184
43737,43737,0.289496485030759,1239,4,True,,-0.485579447977451,,,,0.936505719112337,0.021198184644493,1,1.2719217001708267
43738,43738,0.289312472707137,1240,4,True,,-0.485579447977451,,,,0.936057675496154,0.0211385973083679,1,1.271840884092516
43739,43739,0.289127430149028,1241,4,True,,-0.485579447977451,,,,0.935608327349533,0.0210790079554505,1,1.2717614335298553
43740,43740,0.288941447446775,1242,4,True,,-0.485579447977451,,,,0.935156267059624,0.0210194391913225,1,1.2716825483992253
43741,43741,0.288708062260629,1243,4,True,,-0.485579447977451,,,,0.934675910518287,0.0208856333682837,1,1.2717959862031114
43742,43742,0.288380927198482,1244,4,True,,-0.485579447977451,,,,0.933792153642772,0.0208429285474496,1,1.27144824245885
43743,43743,0.28819283875132,1245,4,True,,-0.485579447977451,,,,0.933332133866345,0.0207846602961117,1,1.271370030037474
43744,43744,0.288003895577994,1246,4,True,,-0.485579447977451,,,,0.932869490477298,0.0207263926928617,1,1.2712926180877528
43745,43745,0.287812446622998,1247,4,True,,-0.485579447977451,,,,0.932402174483677,0.0206683003920072,1,1.2712145071284915
43746,43746,0.287619786387143,1248,4,True,,-0.485579447977451,,,,0.931932857679465,0.0206104321621053,1,1.2711369719822174
43747,43747,0.28742602754251,1249,4,True,,-0.485579447977451,,,,0.931462748191144,0.020552623934325,1,1.2710611005979346
43748,43748,0.287231978169507,1250,4,True,,-0.485579447977451,,,,0.930991908105605,0.0204950541054762,1,1.2709864348982476
43749,43749,0.287039672841629,1251,4,True,,-0.485579447977451,,,,0.930518521691373,0.0204384851484785,1,1.270909950299314
43750,43750,0.286845736078621,1252,4,True,,-0.485579447977451,,,,0.930039593101726,0.0203819432599074,1,1.2708329318501013
43751,43751,0.28664946783827,1253,4,True,,-0.485579447977451,,,,0.929553091938622,0.020325810995726,1,1.27075339262775
43752,43752,0.286451972470147,1254,4,True,,-0.485579447977451,,,,0.929063055507031,0.0202700963972299,1,1.27067334572779
43753,43753,0.286254037174913,1255,4,True,,-0.485579447977451,,,,0.928571807961702,0.0202146182838184,1,1.2705944504230304
43754,43754,0.286054719687953,1256,4,True,,-0.485579447977451,,,,0.928078005826021,0.0201591237774657,1,1.270516799842897
43755,43755,0.285854721938391,1257,4,True,,-0.485579447977451,,,,0.927582773849597,0.020104161862313,1,1.2704394041418132
43756,43756,0.285656002414527,1258,4,True,,-0.485579447977451,,,,0.927088889353402,0.0200517667892521,1,1.2703578097895056
43757,43757,0.285461414345098,1259,4,True,,-0.485579447977451,,,,0.926607011218166,0.0199988093901703,1,1.2702857148909432
43758,43758,0.28526552951881,1260,4,True,,-0.485579447977451,,,,0.926122575961838,0.0199463323945159,1,1.270213400172768
43759,43759,0.285079543264201,1261,4,True,,-0.485579447977451,,,,0.925649266362737,0.0199066722052279,1,1.2701120308820173
43760,43760,0.284918840364017,1262,4,True,,-0.485579447977451,,,,0.92525621561711,0.0198641677576734,1,1.2700566620272273
43761,43761,0.284757647517113,1263,4,True,,-0.485579447977451,,,,0.924862988339159,0.0198218202382883,1,1.2700022975117398
43762,43762,0.284596311946127,1264,4,True,,-0.485579447977451,,,,0.924469827048461,0.0197793263006529,1,1.2699499081279804
43763,43763,0.284435403279354,1265,4,True,,-0.485579447977451,,,,0.924076258210797,0.0197390776677832,1,1.269892471894014
43764,43764,0.284278595221772,1266,4,True,,-0.485579447977451,,,,0.923695358330142,0.019698583300852,1,1.269842728842969
43765,43765,0.284121266994314,1267,4,True,,-0.485579447977451,,,,0.923313830374472,0.0196580457025286,1,1.2697942724729767
43766,43766,0.283960549839202,1268,4,True,,-0.485579447977451,,,,0.922930382637806,0.0196177389443628,1,1.2697457772902847
43767,43767,0.283781836449824,1269,4,True,,-0.485579447977451,,,,0.922530503932368,0.0195597936670407,1,1.2697422881850482
43768,43768,0.283564510732048,1270,4,True,,-0.485579447977451,,,,0.922015546411367,0.0195065692034355,1,1.2696789346826913
43769,43769,0.283347309004754,1271,4,True,,-0.485579447977451,,,,0.921499157179307,0.0194535291900456,1,1.2696170693670978
43770,43770,0.283129670683012,1272,4,True,,-0.485579447977451,,,,0.920982530132157,0.019401738328264,1,1.2695541371668169
43771,43771,0.282912784268388,1273,4,True,,-0.485579447977451,,,,0.920465180145948,0.019350239479695,1,1.2694926868077696
43772,43772,0.282694032322035,1274,4,True,,-0.485579447977451,,,,0.919937413120662,0.0192988250786327,1,1.2694294659737548
43773,43773,0.282473188573749,1275,4,True,,-0.485579447977451,,,,0.919405318169884,0.0192476467042185,1,1.2693665798328169
43774,43774,0.282232337390629,1276,4,True,,-0.485579447977451,,,,0.918850841783699,0.019177845021388,1,1.2693515685562937
43775,43775,0.281980006031673,1277,4,True,,-0.485579447977451,,,,0.918204807833842,0.0191448650612422,1,1.269198126035482
43776,43776,0.281784005573634,1278,4,True,,-0.485579447977451,,,,0.917756525313057,0.0190896305142585,1,1.2691875774470756
43777,43777,0.28155410792574,1279,4,True,,-0.485579447977451,,,,0.917210246702952,0.0190379540662944,1,1.2691321434670577
43778,43778,0.281323159784021,1280,4,True,,-0.485579447977451,,,,0.916662318990649,0.0189869020824494,1,1.2690771905971616
43779,43779,0.281091479528913,1281,4,True,,-0.485579447977451,,,,0.916115442129821,0.0189359648648842,1,1.269025199287254
43780,43780,0.280858239849277,1282,4,True,,-0.485579447977451,,,,0.915567352502,0.0188850218720591,1,1.2689756929832237
43781,43781,0.280623042863266,1283,4,True,,-0.485579447977451,,,,0.915016913096668,0.0188340004673792,1,1.2689285003087512
43782,43782,0.280371350483377,1284,4,True,,-0.485579447977451,,,,0.914446951769192,0.0187697914309066,1,1.2689159363448583
43783,43783,0.280087452531804,1285,4,True,,-0.485579447977451,,,,0.913783228778361,0.0187092919311139,1,1.2688636716582626
43784,43784,0.279802453678688,1286,4,True,,-0.485579447977451,,,,0.913117587081696,0.0186495262290149,1,1.2688128804231398
43785,43785,0.279514273824238,1287,4,True,,-0.485579447977451,,,,0.912451105270312,0.0185895889748685,1,1.2687665983715075
43786,43786,0.279223741776563,1288,4,True,,-0.485579447977451,,,,0.911781469107935,0.018530192833951,1,1.2687220021164203
43787,43787,0.27891416033301,1289,4,True,,-0.485579447977451,,,,0.911092447768119,0.0184565584241323,1,1.2687174424291074
43788,43788,0.278564473348934,1290,4,True,,-0.485579447977451,,,,0.910294030349441,0.0183876674221897,1,1.2686696243628237
43789,43789,0.278241539995985,1291,4,True,,-0.485579447977451,,,,0.909495562283922,0.0183237197003065,1,1.2686133452826835
43790,43790,0.277921301100551,1292,4,True,,-0.485579447977451,,,,0.908692948608625,0.0182610403118541,1,1.268558186254
43791,43791,0.277558869949651,1293,4,True,,-0.485579447977451,,,,0.9078133697256,0.0181507102702984,1,1.2686280678348432
43792,43792,0.277072255373257,1294,4,True,,-0.485579447977451,,,,0.906565875931353,0.0180682245284196,1,1.268520944884378
43793,43793,0.27661437074002,1295,4,True,,-0.485579447977451,,,,0.905410155312939,0.017982377640089,1,1.2684628155041446
43794,43794,0.276162498543236,1296,4,True,,-0.485579447977451,,,,0.904254512640946,0.0178998372330011,1,1.2684075405745494
43795,43795,0.275709236070143,1297,4,True,,-0.485579447977451,,,,0.903109914316989,0.017817572898016,1,1.2683667913832406
43796,43796,0.275257616985836,1298,4,True,,-0.485579447977451,,,,0.901965006973544,0.0177360537134734,1,1.268336155107527
43797,43797,0.274837399873566,1299,4,True,,-0.485579447977451,,,,0.900866647876387,0.0176854413569491,1,1.2682357780454423
43798,43798,0.274500604015157,1300,4,True,,-0.485579447977451,,,,0.900003864332022,0.0176258006471195,1,1.2682243798361696
43799,43799,0.274147445927914,1301,4,True,,-0.485579447977451,,,,0.899138141816142,0.0175674536682123,1,1.268215519009472
43800,43800,0.273790773397202,1302,4,True,,-0.485579447977451,,,,0.89827225649467,0.0175095687603449,1,1.2682123072268483
43801,43801,0.273458254161517,1303,4,True,,-0.485579447977451,,,,0.897445188858846,0.017473771902682,1,1.268157168406541
43802,43802,0.273190681001763,1304,4,True,,-0.485579447977451,,,,0.896794595697707,0.0174311704791215,1,1.2681617388193696
43803,43803,0.272922143340331,1305,4,True,,-0.485579447977451,,,,0.896140601193626,0.0173887208743119,1,1.2681692213199431
43804,43804,0.272652868180046,1306,4,True,,-0.485579447977451,,,,0.895482388841374,0.0173464930455172,1,1.2681793212424652
43805,43805,0.272357423840798,1307,4,True,,-0.485579447977451,,,,0.894779132641289,0.0172832158096687,1,1.2682494864821754
43806,43806,0.272040917490158,1308,4,True,,-0.485579447977451,,,,0.893975291307626,0.0172675026468887,1,1.268164274516113
43807,43807,0.271806012262901,1309,4,True,,-0.485579447977451,,,,0.893432243556992,0.0172020177486094,1,1.2682760869457017
43808,43808,0.271457789542525,1310,4,True,,-0.485579447977451,,,,0.892586397814253,0.0171498676775714,1,1.268304992000043
43809,43809,0.271108728620737,1311,4,True,,-0.485579447977451,,,,0.891739627170376,0.0170964996243739,1,1.268344175287771
43810,43810,0.270791291232932,1312,4,True,,-0.485579447977451,,,,0.890944769781099,0.0170742878929647,1,1.2683023924951646
43811,43811,0.270529115428003,1313,4,True,,-0.485579447977451,,,,0.89033656458303,0.0170085374497079,1,1.268422506470762
43812,43812,0.270158584532179,1314,4,True,,-0.485579447977451,,,,0.889447576838145,0.0169547687490099,1,1.2684757216910798
43846,43846,0.466208185230845,1315,0,False,-1.0,-0.358089967102177,-0.488679245283019,0.0,0.0,0.818682833579771,0.0657467919914123,2,1.2077850134080823
43847,43847,0.467967661931459,1316,0,False,-1.0,-0.358089967102177,-0.486486486486487,0.0,0.0,0.826808163095748,0.0657067350327123,2,1.2307823802753997
43848,43848,0.480072916624807,1317,0,False,-1.0,-0.376235373253061,-0.480392156862745,-0.152354570637119,0.0,0.832635276046564,0.0659902904439599,2,1.3364838977061526
43849,43849,0.488636217703309,1318,0,False,-1.0,-0.405413932363252,-0.496062992125984,-0.141025641025641,0.0,0.833441211124235,0.0665909147563167,2,1.3556363429018468
43850,43850,0.493475543013092,1319,0,False,-1.0,-0.422435765564828,-0.50098231827112,-0.141025641025641,0.0,0.826559103062212,0.0683569132492736,2,1.3519901440389093
43851,43851,0.521460663383709,1320,0,False,-1.0,-0.434963795576291,-0.504854368932039,-0.435967302452316,0.0,0.822944807567593,0.0767284165130169,3,1.6949114256548379
43852,43852,0.516146707615014,1321,0,False,-1.0,-0.434963795576291,-0.514910536779324,-0.435967302452316,0.0,0.829418603682223,0.0596755062904239,3,1.7407542963441247
44013,44013,0.252702906084339,1322,3,True,,-0.390895875604833,-0.714285714285714,,,0.484421677961328,0.0785072919764849,1,1.5269352240452754
44014,44014,0.253176309825102,1323,3,True,,-0.390895875604833,-0.714285714285714,,,0.485436139199312,0.0788077823945062,1,1.5242211778443042
44015,44015,0.253709117071389,1324,3,True,,-0.390895875604833,-0.714285714285714,,,0.48658300640847,0.0791381316224826,1,1.5211531780961043
44016,44016,0.254501730220648,1325,3,True,,-0.390895875604833,-0.714285714285714,,,0.488406328123723,0.0793148344212245,1,1.515933257441614
44017,44017,0.269566867768366,1326,3,True,,-0.470802081397668,-0.714285714285714,,,0.492104506466779,0.0801385850353032,1,1.4614261463478744
44018,44018,0.27856534594371,1327,3,True,,-0.507762493583533,-0.714285714285714,,,0.497559921459229,0.0823895493278619,1,1.436569261241131
44019,44019,0.306339806307477,1328,3,True,,-0.470802118845353,-0.9,,,0.502474876409031,0.0855405662711303,1,1.6485208124108333
44020,44020,0.308673913649638,1329,3,True,,-0.470802118845353,-0.904761904761905,,,0.505042664181996,0.0870832575308605,1,1.650439919116366
44021,44021,0.309738587982859,1330,3,True,,-0.470802118845353,-0.904761904761905,,,0.50689928761728,0.0881493549306994,1,1.647093957826059
44022,44022,0.31060762237405,1331,3,True,,-0.470802118845353,-0.904761904761905,,,0.50828328557788,0.0891025456022108,1,1.644882358021113
44023,44023,0.311117255635944,1332,3,True,,-0.470802118845353,-0.904761904761905,,,0.509142946863843,0.0896593923168686,1,1.6434852955848147
44078,44078,0.296119867330821,1333,0,False,0.0,-0.158092340701927,-0.166666666666667,0.0,0.0,0.981832769908429,0.258391256089511,1,2.284034823502245
44079,44079,0.471856568672487,1334,0,False,-1.0,-0.174973515807296,-0.182519280205656,0.0,0.0,0.990008442581818,0.255786794700912,2,2.3044597127405666
44080,44080,0.475145731489765,1335,1,True,-1.0,-0.189481534305568,-0.182519280205656,,0.0,0.99195547720987,0.25661622260597,2,2.311787573897885
44081,44081,0.492773461269478,1336,1,True,-1.0,-0.203126537272914,-0.185378590078329,,-1.0,1.0,0.254031859328124,3,3.8424450878121275
44082,44082,0.761355940044271,1337,1,True,1.0,1.0,1.0,,-1.0,1.0,0.253381318600046,4,3.18274379317983
44083,44083,0.761355940044271,1338,1,True,1.0,1.0,1.0,,-1.0,1.0,0.252398157624341,4,3.1786770741575188
44084,44084,0.761355940044271,1339,1,True,1.0,1.0,1.0,,-1.0,1.0,0.252760113197106,4,3.1801717857655634
44275,44275,0.260079086039397,1340,0,False,0.0,-0.219416761302138,-0.25,0.0,0.0,0.920352938054066,0.177349770296502,1,1.5296042843022126
44276,44276,0.284434833871092,1341,0,False,0.0,-0.342133769955887,-0.255813953488372,0.0,0.0,0.924590007615468,0.175502466626037,1,1.3562400030251933
44277,44277,0.294133045555815,1342,0,False,0.0,-0.355504912599309,-0.288888888888889,0.0,0.0,0.927163587539427,0.174848606598161,1,1.3086530063775006
44278,44278,0.302961058993319,1343,0,False,0.0,-0.377198929947267,-0.304347826086957,0.0,0.0,0.930844549262551,0.173197283976906,1,1.2636119696425667
44279,44279,0.316307811766062,1344,0,False,0.0,-0.377198929947267,-0.369565217391304,0.0,0.0,0.934106614063886,0.172139488542678,1,1.212315445505708
44280,44280,0.322509121147013,1345,0,False,0.0,-0.377198929947267,-0.391304347826087,0.0,0.0,0.937481671695073,0.170968043618038,1,1.1939210032292429
44281,44281,0.336106473283823,1346,0,False,0.0,-0.435527109253811,-0.391304347826087,0.0,0.0,0.942541739468792,0.168987476616357,1,1.1312841744216868
44282,44282,0.365942160314258,1347,1,True,0.0,-0.490492822242401,-0.48780487804878,,0.0,0.948132857306507,0.167276868860448,1,1.065875933493939
44283,44283,0.374562627221548,1348,1,True,0.0,-0.510590004233301,-0.51219512195122,,0.0,0.949039027311882,0.168320532222721,1,1.070255488249087
44284,44284,0.384576616813244,1349,1,True,0.0,-0.525805757633277,-0.534883720930233,,0.0,0.953667765145832,0.166083177979712,1,1.055268911328202
44285,44285,0.408025802804319,1350,1,True,0.0,-0.577648200714503,-0.591836734693878,,0.0,0.959620677465375,0.164457649563075,1,1.0681647604562365
44286,44286,0.42184387861657,1351,1,True,0.0,-0.610858436210651,-0.607843137254902,,0.0,0.965677471773058,0.163477140661708,1,1.0834570056494743
44287,44287,0.542502272696474,1352,1,True,-0.5,-0.634294583454769,-0.770491803278688,,0.0,0.972411598928495,0.162685178411183,1,1.4002984413341197
44288,44288,0.625594221737292,1353,1,True,-0.843189755206573,-0.663327068626429,-0.865384615384615,,0.0,0.977761928450026,0.163245140125905,1,1.9109215482489874
44289,44289,0.636927859024516,1354,1,True,-0.843189755206573,-0.692548855447345,-0.879310344827586,,0.0,0.982075766922373,0.164000226255958,1,1.945298440363778
44290,44290,0.641010542420156,1355,1,True,-0.843189755206573,-0.692548855447345,-0.887096774193548,,0.0,0.984977131771563,0.165114847666434,1,1.9609523638510902
44291,44291,0.649842870741989,1356,1,True,-0.859541188188679,-0.702898562448447,-0.897058823529412,,0.0,0.987989287335452,0.165559583271035,1,2.001898409568046
44292,44292,0.654309765855508,1357,1,True,-0.859541188188679,-0.702898562448447,-0.906040268456376,,0.0,0.991381040751497,0.166129787399632,1,2.0168855802662073
44293,44293,0.671443363975651,1358,2,True,-0.859541188188679,-0.741043519539284,-0.936416184971098,,,0.998284552577188,0.165951990275581,1,2.077609134065018
44305,44305,0.252596485980059,1359,0,False,-0.140458821755787,-0.276874263400381,-0.217391304347826,0.0,0.0,0.657943976754792,0.0653718916910626,1,1.2216658715768018
44306,44306,0.250362456384857,1360,0,False,-0.140458821755787,-0.262233794916661,-0.2109375,0.0,0.0,0.661354121877396,0.0656751462618629,1,1.2456156783230823
44307,44307,0.251167846383177,1361,0,False,-0.140458821755787,-0.262233794916661,-0.20703125,0.0,0.0,0.665823495848776,0.0656583079591929,1,1.2416617795563847
44308,44308,0.25214063190067,1362,0,False,-0.140458821755787,-0.262233794916661,-0.21011673151751,0.0,0.0,0.666518614513333,0.0662161408762091,1,1.2365921751262938
44309,44309,0.28423402891504,1363,0,False,-0.140458821755787,-0.262233794916661,-0.21011673151751,0.0,0.0,0.79198343048463,0.0687108576301362,1,1.0511687995476158
44310,44310,0.299477836310257,1364,0,False,-0.140458821755787,-0.276874263400381,-0.229885057471264,0.0,0.0,0.822169496238681,0.0662837694712103,1,0.9688101022342135
44311,44311,0.313035567033572,1365,2,True,-0.140458821755787,-0.2958992021036,-0.254032258064516,,,0.841062036105951,0.0657017535685504,1,0.8851268078360193
44312,44312,0.325674756855083,1366,1,True,-0.140458821755787,-0.2958992021036,-0.263374485596708,-1.0,,0.84642474043834,0.0664436059546479,3,2.7028893193240213
44313,44313,0.330873242904573,1367,1,True,-0.140458821755787,-0.2958992021036,-0.277310924369748,-1.0,,0.855282655221768,0.0658452401536785,3,2.698063423724611
44314,44314,0.337922027201195,1368,1,True,-0.140458821755787,-0.31052711795777,-0.289473684210526,-1.0,,0.862837218054351,0.0657611385533585,3,2.6890120732721408
44315,44315,0.682498743181821,1369,2,True,-0.859541188188679,-0.794910730361704,-0.940540540540541,,,1.0,0.0993267655668545,1,1.9164318682654895
44316,44316,0.75,1370,2,True,1.0,1.0,1.0,,,1.0,0.0993770183888465,4,3.2359644544108397
44317,44317,0.369617224638162,1371,2,True,-0.140458821755787,-0.361455052388974,-0.215789473684211,,,1.0,0.0992576273300789,1,0.9893195662937636
44318,44318,0.364098759872852,1372,2,True,-0.140458821755787,-0.361455052388974,-0.21025641025641,,,0.990448871132778,0.100522183049843,1,0.9889123247530623
44319,44319,0.354323114807741,1373,2,True,-0.140458821755787,-0.290950311069508,-0.228855721393035,,,0.988200818190774,0.0998322373428628,1,1.0621371833901627
44320,44320,0.347682491230201,1374,2,True,-0.140458821755787,-0.276874263400381,-0.229357798165138,,,0.979296511809852,0.100246021185042,1,1.0763990724156955
44321,44321,0.343093086358292,1375,2,True,-0.140458821755787,-0.276874263400381,-0.230769230769231,,,0.969455815873236,0.100968790070661,1,1.0663805970949933
44322,44322,0.337676142362464,1376,1,True,-0.140458821755787,-0.276874263400381,-0.225806451612903,0.0,,0.960146146003052,0.101812684618194,1,1.0669521023816502
44323,44323,0.331276241496573,1377,0,False,-0.140458821755787,-0.276874263400381,-0.211764705882353,0.0,0.0,0.95194747150159,0.102677957057632,1,1.0824297768249078
44324,44324,0.304826735669392,1378,0,False,-0.140458821755787,-0.230580790389291,-0.176470588235294,0.0,0.0,0.925647700905615,0.105397451617874,1,1.20720863261738
44325,44325,0.302287893371537,1379,0,False,-0.140458821755787,-0.243454068018653,-0.1699604743083,0.0,0.0,0.917976462926569,0.106623734033058,1,1.1943857582220807
44555,44555,0.577699922022623,1380,0,False,-1.0,-0.434963795576291,-0.507874015748031,-0.435967302452316,0.0,0.940517838035487,0.0693968776632431,3,1.7236303250836853
44556,44556,0.580369371007307,1381,0,False,-1.0,-0.434963795576291,-0.51394422310757,-0.435967302452316,0.0,0.941324747353027,0.0693987264741697,3,1.7251599402336235
44711,44711,0.326618031312392,1382,0,False,-1.0,-0.222114533389338,-0.26084142394822,0.0,0.0,0.30644423833579,0.0128628738378938,2,1.0082866014966945
44712,44712,0.274117977193725,1383,0,False,-1.0,-0.22683345238379,-0.261639344262295,-0.0100925147182506,0.0,0.0333699496188149,0.0103930734824791,2,1.775952504291022
44713,44713,0.281952843851972,1384,0,False,-1.0,-0.240395656478315,-0.256308100929615,0.0,0.0,0.151078205733293,0.0125487896333448,2,1.4182479289808436
44714,44714,0.284110192106282,1385,0,False,-1.0,-0.232899917118432,-0.254169446297532,0.0,0.0,0.197712080887589,0.0128526509423475,2,1.2860035763761632
45124,45124,0.339748612981205,1386,0,False,-1.0,-0.294080048364385,-0.49468085106383,0.0,0.0,0.0641536158337569,0.0461360837168246,2,1.6155547607746632
45125,45125,0.339654361767729,1387,0,False,-1.0,-0.294080048364385,-0.484629294755877,0.0,0.0,0.0694301266182028,0.0486160175111745,2,1.5874653154012561
45126,45126,0.339928002469238,1388,0,False,-1.0,-0.294080048364385,-0.482695810564663,0.0,0.0,0.0716226545327695,0.0497449164260203,2,1.5769344898315976
45127,45127,0.33945469619523,1389,0,False,-1.0,-0.294080048364385,-0.475046210720887,0.0,0.0,0.0758652191582729,0.050956247226957,2,1.5566385105865839
45128,45128,0.339279107807494,1390,0,False,-1.0,-0.294080048364385,-0.470149253731343,0.0,0.0,0.0792429957532054,0.0520547504780183,2,1.5409345444348412
45129,45129,0.394973043651032,1391,0,False,-1.0,-0.276696078015419,-0.503484320557491,0.0,0.0,0.399692991307821,0.278259817703285,2,1.8554408974550476
45130,45130,0.395372501449178,1392,0,False,-1.0,-0.285281209279445,-0.495575221238938,0.0,0.0,0.400470048613752,0.278221920019951,2,1.8516190262629522
45981,45981,0.39508682847521,1393,0,False,-1.0,-0.197040406330117,-0.598006644518272,0.0,0.0,0.558307891906746,0.418549372703393,2,3.14921693719117
45982,45982,0.399345936210362,1394,0,False,-1.0,-0.223059576503113,-0.592833876221498,0.0,0.0,0.559862328524459,0.41993545751014,2,3.1577755624523434
45983,45983,0.399339867188416,1395,0,False,-1.0,-0.223059576503113,-0.588424437299035,0.0,0.0,0.561725047876907,0.41998817161798,2,3.1565808060460183
45984,45984,0.397119424091333,1396,0,False,-1.0,-0.204333651699359,-0.589171974522293,0.0,0.0,0.563164021839879,0.421456062273472,2,3.1718252033025047
45985,45985,0.396248673238538,1397,0,False,-1.0,-0.204333651699359,-0.580441640378549,0.0,0.0,0.564388915809809,0.422137435257229,2,3.1743300958036924
45986,45986,0.396374752452417,1398,0,False,-1.0,-0.204333651699359,-0.578616352201258,0.0,0.0,0.56494585341179,0.423440444066046,2,3.1855265792223215
45987,45987,0.396773483814461,1399,0,False,-1.0,-0.204333651699359,-0.579937304075235,0.0,0.0,0.565285048389324,0.42372008487413,2,3.188738117675795
45988,45988,0.403219635801455,1400,0,False,-1.0,-0.229124318941202,-0.590625,0.0,0.0,0.567066172910648,0.422617020717566,2,3.182491480486256
45989,45989,0.411424410603611,1401,0,False,-1.0,-0.263033976710344,-0.590625,0.0,0.0,0.57712768878416,0.41671546809077,2,3.1314246029665203
45990,45990,0.416274723529947,1402,0,False,-1.0,-0.286168090471497,-0.595015576323987,0.0,0.0,0.577559058223847,0.417223469526432,2,3.1397713785353143
46217,46217,0.353937974793138,1403,0,False,-1.0,-0.263033976710344,-0.590625,0.0,0.0,0.226981152983822,0.0085833013024231,2,1.3717378063440129
46218,46218,0.358826318315013,1404,0,False,-1.0,-0.286168090471497,-0.595015576323987,0.0,0.0,0.169188298347224,0.0081743171180513,2,1.5230052390725692
46219,46219,0.358747360711592,1405,0,False,-1.0,-0.310255192182502,-0.598130841121495,0.0,0.0,0.0068280806253231,0.0092836854691619,2,1.97355882210623
46220,46220,0.390148631859191,1406,0,False,-1.0,-0.300185642161953,-0.585074626865672,0.0,0.0,0.194072070918712,0.0108008276012165,2,1.4412886750252245
46221,46221,0.416683692577732,1407,0,False,-1.0,-0.333956004589382,-0.576470588235294,0.0,0.0,0.325746100597135,0.0133779317024987,2,1.1433013658700943
46222,46222,0.434322616905162,1408,0,False,-1.0,-0.356286420350638,-0.572625698324022,0.0,0.0,0.410656018095482,0.0142496070812665,2,1.0238736614022053
46223,46223,0.444579578594519,1409,0,False,-1.0,-0.356286420350638,-0.563492063492063,0.0,0.0,0.480540125139561,0.0157822994637358,2,0.9533844498462375
46224,46224,0.450317144598432,1410,0,False,-1.0,-0.356286420350638,-0.553571428571429,0.0,0.0,0.525387753572669,0.0172680427319883,2,0.92898008433951
46225,46225,0.453542335096922,1411,0,False,-1.0,-0.349202715051908,-0.5525,0.0,0.0,0.553577406567448,0.0183263104464713,2,0.9271590757047239
46226,46226,0.457360846285213,1412,0,False,-1.0,-0.349202715051908,-0.546341463414634,0.0,0.0,0.583637999247808,0.0189480623815688,2,0.9388105445480265
46227,46227,0.461487916876752,1413,0,False,-1.0,-0.349202715051908,-0.546116504854369,0.0,0.0,0.60975940336138,0.0198122094371537,2,0.9623695730629628
46228,46228,0.463799572360616,1414,0,False,-1.0,-0.33432001134184,-0.548463356973995,0.0,0.0,0.637578274989407,0.0205758993794987,2,0.989889804703863
46229,46229,0.465408398362548,1415,0,False,-1.0,-0.33432001134184,-0.54292343387471,0.0,0.0,0.653634523799987,0.0216452137676701,2,1.0030442060879696
46230,46230,0.437541583363438,1416,0,False,-1.0,-0.33432001134184,-0.546082949308756,0.0,0.0,0.609370200001439,0.305589047789179,2,2.1330187630388617
46231,46231,0.438528982587988,1417,0,False,-1.0,-0.33432001134184,-0.550925925925926,0.0,0.0,0.609998001679225,0.305723654119327,2,2.1373808541815076
46232,46232,0.365092353117218,1418,0,False,-1.0,-0.33432001134184,-0.552204176334107,0.0,0.0,0.143216877417832,0.012664453006454,2,1.5466058966202607
46233,46233,0.360987914743881,1419,0,False,-1.0,-0.33432001134184,-0.55607476635514,0.0,0.0,0.129124812727752,0.01209878440778,2,1.5904276832131716
46234,46234,0.357074068035156,1420,0,False,-1.0,-0.33432001134184,-0.557077625570776,0.0,0.0,0.116628934293708,0.011815372970197,2,1.6266959995636954
46235,46235,0.352715926956102,1421,0,False,-1.0,-0.33432001134184,-0.555808656036446,0.0,0.0,0.104171950739648,0.0114443698901482,2,1.6617548991611837
46236,46236,0.349815883692001,1422,0,False,-1.0,-0.340807172737153,-0.556818181818182,0.0,0.0,0.0917073436365067,0.0111206154998843,2,1.701133887039048
46237,46237,0.345828846304834,1423,0,False,-1.0,-0.340807172737153,-0.551801801801802,0.0,0.0,0.08211463392841,0.0109573967352374,2,1.7250909645633459
46238,46238,0.348738983699611,1424,0,False,-1.0,-0.373692076772068,-0.551801801801802,0.0,0.0,0.0741362945774114,0.0107698621987309,2,1.7628687127152738
46239,46239,0.343926581737004,1425,0,False,-1.0,-0.340807172737153,-0.550335570469799,0.0,0.0,0.0781978976947772,0.0106413237161424,2,1.7363803606977375
46270,46270,0.253751308686376,1426,1,True,,0.0,0.0,0.0,-0.184065934065934,1.0,0.0069862567107668,1,2.0932198327963354
46271,46271,0.624093821746494,1427,1,True,,1.0,1.0,-1.0,-1.0,1.0,0.0068459417413152,4,2.9948421301380725
46272,46272,0.624093821746494,1428,1,True,,1.0,1.0,-1.0,-1.0,1.0,0.006706278986095,4,2.9952272023391697
46273,46273,0.624093821746494,1429,1,True,,1.0,1.0,-1.0,-1.0,1.0,0.0065665405120447,4,2.99561300078968
46274,46274,0.624093821746494,1430,1,True,,1.0,1.0,-1.0,-1.0,1.0,0.0064267230304024,4,2.995999535228997
46275,46275,0.614846531826658,1431,1,True,,1.0,1.0,-1.0,-1.0,1.0,0.0062171134606179,4,2.9965799843535774
46276,46276,0.614846531826658,1432,1,True,,1.0,1.0,-1.0,-1.0,1.0,0.0055775835872969,4,2.998358150332151
46277,46277,0.614846531826658,1433,1,True,,1.0,1.0,-1.0,-1.0,1.0,0.0049625373997262,4,3.0000784365868847
46278,46278,0.599089932579996,1434,1,True,,-1.0,-1.0,-1.0,0.0,1.0,0.0043634510432724,3,3.5583449645081253
46279,46279,0.59895926796534,1435,1,True,,-1.0,-1.0,-1.0,0.0,0.999850775324268,0.003942206119429,3,3.5594875592541357
46280,46280,0.598532027682011,1436,1,True,,-1.0,-1.0,-1.0,0.0,0.999361572381292,0.0022320125359427,3,3.5642171666797475
46281,46281,0.59848808819304,1437,1,True,,-1.0,-1.0,-1.0,0.0,0.999311110070246,0.0020681504762092,3,3.5646722736858147
46282,46282,0.598450588992802,1438,1,True,,-1.0,-1.0,-1.0,0.0,0.999268232137163,0.0017447954692645,3,3.565596107201597
46283,46283,0.582621940651957,1439,2,True,,-1.0,-1.0,,0.0,0.999185093499447,0.001469023930926,1,1.8331867709133323
46284,46284,0.582559386132689,1440,2,True,,-1.0,-1.0,,0.0,0.999113049645667,0.0011890655101034,1,1.8339280956571973
46285,46285,0.582495834189284,1441,2,True,,-1.0,-1.0,,0.0,0.999040142406573,0.0010077589662896,1,1.8343897060749284
46286,46286,0.582454084558107,1442,2,True,,-1.0,-1.0,,0.0,0.99899256537503,0.0008613086106154,1,1.8347724041080762
46287,46287,0.582417773955431,1443,2,True,,-1.0,-1.0,,0.0,0.998953488609613,0.0005656683597618,1,1.8355918958719715
46288,46288,0.582348471628134,1444,2,True,,-1.0,-1.0,,0.0,0.998876632760528,0.0004084698095466,1,1.835985846121462
46289,46289,0.333333333333333,1445,3,True,,-1.0,-1.0,,0.0,,0.0,1,3.476424882967661
46539,46539,0.321278201424428,1446,0,False,-1.0,-0.180075703041226,-0.210526315789474,0.0,0.0,0.609377221153804,0.0321680448632453,2,0.7355164681589471
46540,46540,0.323878633391053,1447,0,False,-1.0,-0.180075703041226,-0.206753962784287,0.0,0.0,0.617278650302706,0.032430881305073,2,0.7504365102049377
46557,46557,0.279384749537352,1448,0,False,-1.0,-0.180075703041226,-0.217118997912317,0.0,0.0,0.231430653531167,0.0041443460749867,2,1.2703514444525161
46558,46558,0.282702324294201,1449,0,False,-1.0,-0.180075703041226,-0.215481171548117,0.0,0.0,0.268095069361629,0.0047517080940007,2,1.1793459685886718
46560,46560,0.279995585659682,1450,0,False,-1.0,-0.180075703041226,-0.208362369337979,0.0,0.0,0.27060054851682,0.0057874361118076,2,1.1708744472249333
46602,46602,0.439607908430484,1451,0,False,-1.0,-0.269637823590557,-0.555869872701556,0.0,0.0,0.816884511429051,0.511219965041576,2,4.1159477316495465
46603,46603,0.447431611394865,1452,0,False,-1.0,-0.325379140723348,-0.55359565807327,0.0,0.0,0.816722980421052,0.509470223995008,2,4.104428438459079
46604,46604,0.443481898341951,1453,0,False,-1.0,-0.305973211394661,-0.555984555984556,0.0,0.0,0.816253820137287,0.508361705610468,2,4.0925851255888634
46605,46605,0.434393191838765,1454,0,False,-1.0,-0.295157309736465,-0.518382352941177,0.0,0.0,0.815714306711933,0.507631613307785,2,4.073719312133003
46606,46606,0.411870168844111,1455,0,False,-1.0,-0.22783422099144,-0.494972067039106,0.0,0.0,0.798688760038978,0.534444541222565,2,4.292612883493363
46607,46607,0.408271495354858,1456,0,False,-1.0,-0.242527959520903,-0.465989847715736,0.0,0.0,0.796857652090786,0.535735346135796,2,4.296776104879372
46608,46608,0.398242591943709,1457,0,False,-1.0,-0.203290251921454,-0.44689378757515,0.0,0.0,0.795682132236231,0.537594605997633,2,4.310725736304217
46609,46609,0.393424179185218,1458,0,False,-1.0,-0.203290251921454,-0.421471172962227,0.0,0.0,0.795780590803356,0.536098393769011,2,4.293668019204293
46610,46610,0.380545164801539,1459,0,False,-1.0,-0.203290251921454,-0.355185909980431,0.0,0.0,0.795881973045379,0.531922242658954,2,4.250434804537218
46611,46611,0.368884644593144,1460,0,False,-1.0,-0.189638971616865,-0.30225988700565,0.0,0.0,0.793171864621805,0.536283782300095,2,4.288564919767516
46612,46612,0.363894291049378,1461,0,False,-1.0,-0.189638971616865,-0.274509803921569,0.0,0.0,0.792589550571629,0.536650179053139,2,4.2927244786636995
47340,47340,0.457100885991113,1462,0,False,-1.0,-0.264252709871344,-0.595015576323987,0.0,0.0,0.879929642466199,0.0896800919262494,2,1.4386912301947503
47341,47341,0.446890415349716,1463,0,False,-1.0,-0.240408354803862,-0.589341692789969,0.0,0.0,0.873168135852262,0.0898593824623186,2,1.4114076577467742
47342,47342,0.436380924264492,1464,0,False,-1.0,-0.204333651699359,-0.586206896551724,0.0,0.0,0.868236561631268,0.0899200966703047,2,1.3970405548631177
47343,47343,0.432871191239676,1465,0,False,-1.0,-0.204333651699359,-0.579937304075235,0.0,0.0,0.863999645405129,0.0904207724580455,2,1.377799931428543
47344,47344,0.431588895494283,1466,0,False,-1.0,-0.204333651699359,-0.579937304075235,0.0,0.0,0.8625549992439,0.0903684320111469,2,1.3734344102223155
47345,47345,0.429030973596771,1467,0,False,-1.0,-0.204333651699359,-0.577287066246057,0.0,0.0,0.860814180840792,0.09002937395206,2,1.365433871349824
47346,47346,0.425165366371314,1468,0,False,-1.0,-0.198763650334627,-0.587301587301587,0.0,0.0,0.857032222741633,0.0893127741244507,2,1.3657169745553985
47347,47347,0.423546100349379,1469,0,False,-1.0,-0.223059576503113,-0.588424437299035,0.0,0.0,0.848534070960381,0.0897264376768349,2,1.3375367045396875
47348,47348,0.419411373980743,1470,0,False,-1.0,-0.223059576503113,-0.590909090909091,0.0,0.0,0.840586965839545,0.0904525945783594,2,1.316744178595128
47349,47349,0.410552424097841,1471,0,False,-1.0,-0.197040406330117,-0.59468438538206,0.0,0.0,0.834153694346545,0.0903600934492271,2,1.3066945936160401
47417,47417,0.507105616095302,1472,0,False,0.0,-0.610061855845795,-0.798701298701299,-0.571428571428571,0.0,0.960785712607067,0.0379816161247517,1,2.3100212299197778
47418,47418,0.546385197657387,1473,0,False,0.0,-0.620204015969649,-0.849056603773585,-0.571428571428571,-0.389448725548311,1.0,0.0366734873928719,3,2.008666245702777
47419,47419,0.68910900896353,1474,1,True,,1.0,1.0,-1.0,-1.0,1.0,0.0361386614185169,4,2.925800708280209
47420,47420,0.333657319631894,1475,1,True,,-0.123085992341453,-0.0532544378698225,-0.428571428571429,-0.610551274451689,1.0,0.0372663613060814,3,2.413136992694041
47421,47421,0.323490768846897,1476,1,True,,-0.126862920430177,-0.0459770114942529,-0.428571428571429,-0.610551274451689,0.965537551274893,0.0376713651757244,3,2.396538822731597
47422,47422,0.313291288367964,1477,1,True,,-0.119960379495978,-0.0437158469945355,-0.428571428571429,-0.569060773480663,0.938875197533442,0.0380172763453666,3,2.3147386569565147
47423,47423,0.30589491647914,1478,1,True,,-0.112119334559719,-0.0448548812664908,-0.428571428571429,-0.563457330415755,0.917195599030003,0.0386604330135425,3,2.3027218336829978
47424,47424,0.301706005927461,1479,1,True,,-0.112119334559719,-0.0448548812664908,-0.352941176470588,-0.563457330415755,0.90922016259729,0.0388327622227881,3,2.37178652597491
47425,47425,0.299547961509,1480,1,True,,-0.112119334559719,-0.0423280423280423,-0.352941176470588,-0.563457330415755,0.903146713038382,0.0388235375052095,3,2.373123036956183
47426,47426,0.266978000099393,1481,1,True,,-0.1102855829186,-0.043956043956044,-0.352941176470588,-0.313380281690141,0.891542178854618,0.0381809242877489,3,2.1971991528633725
47427,47427,0.254624240603411,1482,1,True,,-0.194252633539901,-0.0463215258855586,0.0,-0.313380281690141,0.840429046353504,0.0366562445475058,1,1.913349917046045
47437,47437,0.329245827449137,1483,3,True,,-0.524691775069129,-0.904761904761905,,,0.573005569677838,0.0587631876431653,1,1.4479075019924537
47438,47438,0.326303501739454,1484,3,True,,-0.524691775069129,-0.904761904761905,,,0.568318170298742,0.0541295521184828,1,1.4606597093721136
47439,47439,0.323946981405379,1485,3,True,,-0.524691775069129,-0.904761904761905,,,0.563666052126627,0.0511312960111045,1,1.47359106083314
47440,47440,0.319549705789417,1486,3,True,,-0.507762493583533,-0.904761904761905,,,0.56014686543142,0.0492286133109221,1,1.4862998209010088
47441,47441,0.317380093808193,1487,3,True,,-0.507762493583533,-0.9,,,0.557082590947455,0.0474732088132814,1,1.4878903839900686
47442,47442,0.285074647490751,1488,3,True,,-0.507762493583533,-0.714285714285714,,,0.553981213960448,0.0456805068947016,1,1.2604981103419781
47443,47443,0.283462795484275,1489,3,True,,-0.507762493583533,-0.714285714285714,,,0.55030428798384,0.0435897304134698,1,1.2737779294120841
47444,47444,0.275943901150647,1490,3,True,,-0.470802081397668,-0.714285714285714,,,0.547109136104047,0.0420367351582195,1,1.2974681217302977
47445,47445,0.261091585569176,1491,3,True,,-0.390895875604833,-0.714285714285714,,,0.543528773856656,0.0401620484878236,1,1.3599022786016255
47446,47446,0.260224479463379,1492,3,True,,-0.390895875604833,-0.714285714285714,,,0.541376870961338,0.0394078367648633,1,1.3670352887401485
47447,47447,0.258480976228602,1493,3,True,,-0.390895875604833,-0.714285714285714,,,0.537012735149578,0.0375012969480117,1,1.3821784987741736
47448,47448,0.258002530431903,1494,3,True,,-0.390895875604833,-0.714285714285714,,,0.535712473255159,0.0370300844764281,1,1.3865851978581112
47484,47484,0.471919071880434,1495,0,False,-1.0,-0.184113063149248,-0.252285191956124,-0.0261194029850746,0.0,0.95376315854301,0.0189434034273814,2,1.6850499115178013
47485,47485,0.461887978712388,1496,0,False,-1.0,-0.180144170379725,-0.253026634382567,-0.0409683426443203,0.0,0.898552092174957,0.0152845429109947,2,1.5333474298730978
47552,47552,0.363349144099885,1497,0,False,-1.0,-0.0734564039384341,-0.0514541387024608,0.0,-0.33872502378687,0.732774109736543,0.0537568578538872,2,1.7667493734069823
47553,47553,0.359084254139804,1498,0,False,-1.0,-0.0746124833483029,-0.0396270396270396,0.0,-0.33872502378687,0.722294707226079,0.0535224556313046,2,1.761423410986458
47567,47567,0.408325123880446,1499,0,False,-1.0,-0.0758055340888162,-0.0504385964912281,0.0,-0.33872502378687,0.928790977869139,0.154418542782821,2,2.2038825048384445
47568,47568,0.250184314374539,1500,0,False,0.0,-0.0815618332226724,-0.0609480812641084,0.0,-0.302463891248938,0.940086956831598,0.154615652611043,1,2.2010995482523406
47569,47569,0.258278828654699,1501,0,False,0.0,-0.103916466654213,-0.0671296296296296,0.0,-0.302463891248938,0.94612505666493,0.153635277120694,1,2.16093735700983
47570,47570,0.432794054583521,1502,0,False,-1.0,-0.105618869887541,-0.0817307692307692,0.0,-0.33872502378687,0.953452746321138,0.152765277490242,2,2.2217744134479442
47571,47571,0.446342689617849,1503,0,False,-1.0,-0.142142964315367,-0.0972568578553616,0.0,-0.34529582929195,0.961717551156267,0.152226670591493,2,2.2346444259516325
47572,47572,0.449382886954992,1504,0,False,-1.0,-0.155998191322232,-0.137404580152672,0.0,0.0,0.969802886762172,0.1520092616017,2,1.7672542600603465
47573,47573,0.478092622534929,1505,1,True,-1.0,-0.211137711650348,-0.174807197943445,0.0,,0.994381171151586,0.150857271044353,2,1.807615045811315
47574,47574,0.508589043832349,1506,0,False,-1.0,-0.230740431735986,-0.191815856777494,0.0,-1.0,1.0,0.152911597120717,3,3.6358423323095677
47575,47575,0.783430404110321,1507,0,False,1.0,1.0,1.0,-1.0,-1.0,1.0,0.152370775596592,4,2.874738876890769
47576,47576,0.761355940044271,1508,1,True,1.0,1.0,1.0,,-1.0,1.0,0.152167000416284,4,2.889513527636318
47881,47881,0.689285666873693,1509,0,False,-0.859541188188679,-0.72885518587283,-0.936046511627907,0.0,-0.876543209876543,0.993306276301327,0.295303566190644,3,3.762055739889685
47882,47882,0.682608965306404,1510,0,False,-0.859541188188679,-0.720261066020818,-0.916167664670659,0.0,-0.876543209876543,0.991486460211941,0.295384424717371,3,3.7431904065860997
47883,47883,0.655999319979854,1511,0,False,-0.859541188188679,-0.720261066020818,-0.915151515151515,0.0,0.0,0.990590399399699,0.294523535334993,1,2.814519290085345
47884,47884,0.651258372409241,1512,0,False,-0.859541188188679,-0.701807306892956,-0.91304347826087,0.0,0.0,0.98942640294589,0.294125610783234,1,2.802264896747045
47885,47885,0.645047757318387,1513,0,False,-0.859541188188679,-0.673602207867526,-0.910828025477707,0.0,0.0,0.988421220447338,0.293876663830117,1,2.78887859231754
47886,47886,0.643361371374878,1514,0,False,-0.859541188188679,-0.673602207867526,-0.906666666666667,0.0,0.0,0.987593176850673,0.293208620388302,1,2.780179560547232
47887,47887,0.641197973180721,1515,0,False,-0.859541188188679,-0.673602207867526,-0.901408450704225,0.0,0.0,0.986494562890461,0.292843800552597,1,2.7726789475625693
47888,47888,0.634755509874368,1516,0,False,-0.859541188188679,-0.660825904058154,-0.883333333333333,0.0,0.0,0.985432690263368,0.292113312973385,1,2.7486677618184787
47889,47889,0.629228111043108,1517,0,False,-0.859541188188679,-0.6497169254053,-0.871559633027523,0.0,0.0,0.984025621261546,0.291386876962871,1,2.730652291495917
47890,47890,0.619982894445993,1518,0,False,-0.859541188188679,-0.634294583454769,-0.844444444444444,0.0,0.0,0.982295286822917,0.290427371968619,1,2.6989873143305916
47891,47891,0.602030401217609,1519,0,False,-0.843189755206573,-0.634294583454769,-0.770114942528736,0.0,0.0,0.979933981524217,0.2903573429924,1,2.633054383264844
47892,47892,0.589603565106441,1520,0,False,-0.843189755206573,-0.592223004596989,-0.753086419753086,0.0,0.0,0.977783950504355,0.290558554739564,1,2.617235862531068
47893,47893,0.511462917237293,1521,0,False,-0.5,-0.571712999688521,-0.661016949152542,0.0,0.0,0.975988525011076,0.290876062792764,1,2.3114839512581877
47894,47894,0.495146415110841,1522,0,False,-0.5,-0.571712999688521,-0.574468085106383,0.0,0.0,0.974474646024534,0.290949481441559,1,2.284734866345013
47895,47895,0.391983587684219,1523,0,False,0.0,-0.527833132997858,-0.51219512195122,0.0,0.0,0.972812654052282,0.2905960454876,1,2.1821203717277844
47896,47896,0.385080393421217,1524,0,False,0.0,-0.527833132997858,-0.487179487179487,0.0,0.0,0.97033495887933,0.292608612171528,1,2.1986787412205184
47897,47897,0.378812128548084,1525,0,False,0.0,-0.507761400281181,-0.473684210526316,0.0,0.0,0.969939116549977,0.291514665022316,1,2.1909584865046816
47898,47898,0.369428914972393,1526,0,False,0.0,-0.478582858825791,-0.461538461538462,0.0,0.0,0.967790181328941,0.292096584744571,1,2.2012598898956246
47899,47899,0.350160144900747,1527,0,False,0.0,-0.461376443196333,-0.377777777777778,0.0,0.0,0.965616005077114,0.29309629804662,1,2.228439998680215
47900,47900,0.338650671852584,1528,0,False,0.0,-0.404992618729066,-0.377777777777778,0.0,0.0,0.963850700984583,0.29301393640518,1,2.2472844383814046
47901,47901,0.314192553034264,1529,0,False,0.0,-0.377198929947267,-0.27906976744186,0.0,0.0,0.960770314660766,0.294416175417816,1,2.3105624213768734
47902,47902,0.303003281534027,1530,0,False,0.0,-0.350202817103817,-0.255813953488372,0.0,0.0,0.957964418451198,0.296942764895989,1,2.358584304303931
47903,47903,0.294985913910677,1531,0,False,0.0,-0.350202817103817,-0.238095238095238,0.0,0.0,0.95427172047529,0.290264882275998,1,2.3095343036620086
47904,47904,0.272635395667083,1532,0,False,0.0,-0.257746977582368,-0.214285714285714,0.0,0.0,0.951309801648792,0.292266164753085,1,2.4063007318585807
47905,47905,0.260716040734888,1533,0,False,0.0,-0.208725681523624,-0.204545454545455,0.0,0.0,0.949210613141459,0.293362461016377,1,2.4644618552923454
47906,47906,0.256220789252552,1534,0,False,0.0,-0.200005475791526,-0.2,0.0,0.0,0.946849533655644,0.294860470628155,1,2.4871753466531743
48044,48044,0.254194647864772,1535,1,True,-0.140458821755787,-0.240519775076223,-0.136546184738956,,0.0,0.766069995559011,0.256063893128989,1,2.192044283080114
48045,48045,0.254968063867162,1536,1,True,-0.140458821755787,-0.240519775076223,-0.137096774193548,,0.0,0.767468546794719,0.255212750559778,1,2.1841652783003203
48046,48046,0.449438059317552,1537,0,False,-1.0,-0.378021906643752,-0.486338797814208,0.0,0.0,0.698428754202664,0.157806746289404,2,1.0670616311745897
48047,48047,0.459593243405798,1538,0,False,-1.0,-0.389066628524481,-0.490740740740741,-0.141025641025641,0.0,0.697077239416232,0.158944082728713,2,1.1599373647391877
48048,48048,0.462744862248513,1539,0,False,-1.0,-0.403052301457183,-0.494360902255639,-0.141025641025641,0.0,0.697369819957961,0.159256399285175,2,1.177350694351415
48049,48049,0.460560793822538,1540,0,False,-1.0,-0.390807683098493,-0.491362763915547,-0.141025641025641,0.0,0.696013261873018,0.161182451790623,2,1.1716804490478812
48050,48050,0.483745510687253,1541,0,False,-1.0,-0.405413932363252,-0.499029126213592,-0.488549618320611,0.0,0.695045861407299,0.162393447756981,3,1.7465595299265047
48051,48051,0.481945620530304,1542,0,False,-1.0,-0.405413932363252,-0.503875968992248,-0.435967302452316,0.0,0.695012690292134,0.162708568144875,3,1.782743553358271
48052,48052,0.490898418522971,1543,0,False,-1.0,-0.422435765564828,-0.504854368932039,-0.435967302452316,0.0,0.701175703856892,0.166856092425593,3,1.7838659517940416
48132,48132,0.262223089763145,1544,0,False,0.0,-0.0539096894791514,-0.0549786194257789,-0.0145929339477727,-0.19176800748363,0.944157905141805,0.0146861986907669,1,1.8894019026018796
48133,48133,0.270273204264468,1545,0,False,0.0,-0.0879171732829963,-0.0643985419198056,-0.0145929339477727,-0.19176800748363,0.943774401164981,0.0150755078293701,1,1.8162749823919588
48134,48134,0.273764893596693,1546,0,False,0.0,-0.0879171732829963,-0.0730816077953715,-0.019019019019019,-0.19176800748363,0.948020808493094,0.0165871350582655,1,1.8039087039340362
48135,48135,0.262432282822583,1547,0,False,0.0,-0.0879171732829963,-0.0909090909090909,-0.282051282051282,0.0,0.949825355819097,0.0154153113573881,1,1.9350004481900498
48136,48136,0.287842579930067,1548,0,False,0.0,-0.15091802350795,-0.124924562462281,-0.259225092250922,0.0,0.966543459061496,0.02195005239583,1,1.7435348965513204
48137,48137,0.421164735298747,1549,0,False,-0.317464084935677,-0.171416954087219,-0.153067301965456,-0.397295556986478,-0.377220248667851,0.972986992131576,0.0269521767848553,3,1.6952319650889454
48138,48138,0.4612428525939,1550,0,False,-0.553146383499794,-0.169042436488697,-0.174631268436578,-0.377988272440235,-0.267854327605234,0.979260664681108,0.0373578872250792,3,1.5256298137023192
48166,48166,0.264246011360247,1551,3,True,,-0.325589853874445,-0.3,,,0.813782368671375,0.261263011452885,1,2.03629782397343
48167,48167,0.26408716307857,1552,3,True,,-0.325589853874445,-0.3,,,0.8136095836935,0.2613163100178,1,2.036814584410373
48168,48168,0.257800868979019,1553,3,True,,-0.325589853874445,-0.263157894736842,,,0.813407427416681,0.26147465525954,1,2.059029598254055
48169,48169,0.274649075590507,1554,3,True,,-0.325589853874445,-0.263157894736842,,,0.862901255678524,0.193225381362291,1,1.4913774957683317
48170,48170,0.274449024789223,1555,3,True,,-0.325589853874445,-0.263157894736842,,,0.862757476993653,0.193249057768723,1,1.4915746888183865
48171,48171,0.274263537147563,1556,3,True,,-0.325589853874445,-0.263157894736842,,,0.862587026300536,0.193368939802052,1,1.4925153180348008
48172,48172,0.274163258666457,1557,3,True,,-0.325589853874445,-0.263157894736842,,,0.862512202018,0.193382295729797,1,1.4926260886228673
48173,48173,0.274047922903363,1558,3,True,,-0.325589853874445,-0.263157894736842,,,0.862453754434952,0.19330370387778,1,1.4920274370102053
48174,48174,0.259396960673174,1559,3,True,,-0.325589853874445,-0.176470588235294,,,0.862278132316073,0.193335637744273,1,1.576933450797674
48175,48175,0.259207084778642,1560,3,True,,-0.325589853874445,-0.176470588235294,,,0.862074711591419,0.193462658745001,1,1.5778798101172362
48213,48213,0.343231129795997,1561,0,False,-1.0,-0.284965704741348,-0.535830618892508,0.0,0.0,0.0699448814165475,0.0401914778593954,2,1.6372873439219153
48214,48214,0.343615932933715,1562,0,False,-1.0,-0.284965704741348,-0.535031847133758,0.0,0.0,0.0687668479769164,0.0417144092001557,2,1.6364144193832857
48215,48215,0.341745655526931,1563,0,False,-1.0,-0.284965704741348,-0.521812080536913,0.0,0.0,0.0662875827806746,0.0432003855910919,2,1.6312160217106764
48220,48220,0.268163411302325,1564,3,True,,-0.390895875604833,-0.714285714285714,,,0.594742251605474,0.0438269908628063,1,1.2136754499820137
48221,48221,0.268979956112062,1565,3,True,,-0.390895875604833,-0.714285714285714,,,0.593856165700189,0.0449232254205371,1,1.2147240960391053
48222,48222,0.283414026667978,1566,3,True,,-0.470802081397668,-0.714285714285714,,,0.592887810742008,0.0464464036746919,1,1.1601105702251695
48223,48223,0.284810660605433,1567,3,True,,-0.470802081397668,-0.714285714285714,,,0.592078848585451,0.0481808697467238,1,1.1605762378758977
48224,48224,0.312757899080184,1568,3,True,,-0.507762493583533,-0.833333333333333,,,0.592215679250967,0.0509176221412049,1,1.297332231707135
48225,48225,0.325383233187432,1569,3,True,,-0.507762493583533,-0.9,,,0.59254911106197,0.0530739952930063,1,1.3984372343674003
48226,48226,0.327136860170869,1570,3,True,,-0.507762493583533,-0.904761904761905,,,0.592774537561938,0.0543771010378334,1,1.4050559212412967
48227,48227,0.328116185109506,1571,3,True,,-0.507762493583533,-0.904761904761905,,,0.593115181568458,0.055722614787765,1,1.4037369043164198
48228,48228,0.338180202317057,1572,3,True,,-0.561394755471353,-0.904761904761905,,,0.593599410701707,0.0571771123695478,1,1.3975210270215466
48229,48229,0.333612004908979,1573,3,True,,-0.524691775069129,-0.904761904761905,,,0.594550389755011,0.0593978236579553,1,1.3965531719477646
48230,48230,0.33543299360389,1574,3,True,,-0.524691775069129,-0.904761904761905,,,0.595901420855148,0.0624207426062866,1,1.3933236070515698
48231,48231,0.352988234992595,1575,3,True,,-0.524691775069129,-0.904761904761905,,,0.667975450197897,0.119135953370695,1,1.3507184493207778
48235,48235,0.266871117568485,1576,3,True,,-0.506709096752099,-0.714285714285714,,,0.392718269479714,0.0224200350748742,1,1.789840534333538
48236,48236,0.260965640109909,1577,3,True,,-0.474512607816497,-0.714285714285714,,,0.387204639621649,0.0225875356753482,1,1.814240339563981
48237,48237,0.260531729796262,1578,3,True,,-0.474512607816497,-0.714285714285714,,,0.382612449303417,0.0227697044418868,1,1.8282388858822527
48238,48238,0.282588252626131,1579,3,True,,-0.506709096752099,-0.833333333333333,,,0.353755024295987,0.0230223972952595,1,2.0068297110108304
48239,48239,0.270454865596872,1580,3,True,,-0.437982647335359,-0.833333333333333,,,0.345085579579505,0.0236441796066767,1,2.050285690392527
48240,48240,0.262230143657833,1581,3,True,,-0.390895875604833,-0.833333333333333,,,0.339966409881544,0.0240485901503545,1,2.0862569913540754
48241,48241,0.260251121787735,1582,3,True,,-0.390895875604833,-0.833333333333333,,,0.322730370297159,0.0240232301318921,1,2.137749930944458
48242,48242,0.259635143450394,1583,3,True,,-0.390895875604833,-0.833333333333333,,,0.314272892563898,0.0247227381696221,1,2.1620907232213327
48243,48243,0.258942025453153,1584,3,True,,-0.390895875604833,-0.833333333333333,,,0.306507721653542,0.0251063536150403,1,2.18492280774623
48244,48244,0.25858542386754,1585,3,True,,-0.390895875604833,-0.833333333333333,,,0.301690109821433,0.025489433557827,1,2.198925179164134
48245,48245,0.258083279246638,1586,3,True,,-0.390895875604833,-0.833333333333333,,,0.296059841576545,0.0257655804461031,1,2.215577359749662
48246,48246,0.257431185503909,1587,3,True,,-0.390895875604833,-0.833333333333333,,,0.28915710480133,0.0260315735959257,1,2.236151243771375
48247,48247,0.257073899252503,1588,3,True,,-0.390895875604833,-0.833333333333333,,,0.284339245414754,0.0263850088540736,1,2.250319128308928
48248,48248,0.257449494975014,1589,3,True,,-0.390895875604833,-0.833333333333333,,,0.284902236352723,0.0268602741649207,1,2.2479673969589116
48249,48249,0.27157711084184,1590,3,True,,-0.470802118845353,-0.833333333333333,,,0.288576931115151,0.027481844551063,1,2.2062734644784014
48250,48250,0.27326565937214,1591,3,True,,-0.470802118845353,-0.833333333333333,,,0.299041036002981,0.0280998482077753,1,2.173245452601297
48251,48251,0.276826093162239,1592,3,True,,-0.470802118845353,-0.833333333333333,,,0.322979371814431,0.0291052110000359,1,2.098606005231209
48252,48252,0.28104408580898,1593,3,True,,-0.470802118845353,-0.833333333333333,,,0.351066319831337,0.0304982480786888,1,2.0114726328582027
48253,48253,0.285019783443438,1594,3,True,,-0.470802118845353,-0.833333333333333,,,0.376954754495583,0.0321622026032743,1,1.9314384098335216
48254,48254,0.28588354673426,1595,3,True,,-0.470802118845353,-0.833333333333333,,,0.382182482568307,0.0324199275653504,1,1.9154802718218955
48349,48349,0.265196770315807,1596,0,False,-1.0,-0.0311448034194938,-0.0412371134020619,0.0,0.0,0.521440026794552,0.0398857827177677,2,0.9986301116137877
48350,48350,0.264761097102124,1597,0,False,-1.0,-0.0311448034194938,-0.0412371134020619,0.0,0.0,0.519407703755113,0.0399945516912197,2,0.997780207882671
48351,48351,0.264921508247399,1598,1,True,-1.0,-0.0345106902037393,-0.0412371134020619,,0.0,0.51729497685409,0.0401307017406395,2,0.9919961777769177
48352,48352,0.264568022276594,1599,1,True,-1.0,-0.0345106902037393,-0.0412371134020619,,0.0,0.515136743541071,0.0402833994426391,2,0.9910356045072224
48353,48353,0.264255629763549,1600,1,True,-1.0,-0.0345106902037393,-0.0412371134020619,,0.0,0.512927888338119,0.0404568425647389,2,0.9900361531454815
48354,48354,0.277245418362339,1601,1,True,-1.0,-0.113030366001448,-0.0421052631578947,,0.0,0.510649185535056,0.0406572477747987,2,0.8909877991048921
48857,48857,0.359306638715335,1602,0,False,-1.0,-0.242527959520903,-0.452479338842975,0.0,0.0,0.311583149176221,0.0230248733836006,2,0.9655609278075594
48858,48858,0.343445203947945,1603,0,False,-1.0,-0.170752480212463,-0.430894308943089,0.0,0.0,0.313686085959331,0.0201826707985903,2,0.9822973083408992
48859,48859,0.331521684427888,1604,0,False,-1.0,-0.202713228979279,-0.339268051434224,0.0,0.0,0.318764014671481,0.0096105737389309,2,0.9967034598667799
48860,48860,0.310352741360623,1605,0,False,-1.0,-0.143508408910122,-0.274087932647334,0.0,0.0,0.319131589436563,0.0084896015281216,2,1.0379477532607748
48961,48961,0.289654301014501,1606,0,False,-1.0,-0.17955349586181,-0.194121667805878,0.0,0.0,0.236507822657201,0.0026524749271784,2,1.278712804256749
48962,48962,0.288096996374669,1607,0,False,-1.0,-0.175219647539164,-0.18805765271105,0.0,0.0,0.236586670893155,0.0034547164935347,2,1.2788447751755836
48963,48963,0.284054145122051,1608,0,False,-1.0,-0.173167184660407,-0.162629757785467,-0.0033707865168539,0.0,0.237744361824705,0.0082653722622741,2,1.2647656628414423
49063,49063,0.298570021884997,1609,0,False,-1.0,-0.0993778892642591,-0.533073929961089,0.0,0.0,0.132165333835255,0.27595751638157,2,2.245278101765994
49064,49064,0.297718999486222,1610,0,False,-1.0,-0.0970207722125449,-0.527131782945736,0.0,0.0,0.1326158094132,0.277301435947061,2,2.252176120746824
49065,49065,0.34531947771235,1611,0,False,-1.0,-0.0970207722125449,-0.527131782945736,0.0,0.0,0.472789509554127,0.249289770876111,2,1.6242373026114068
49066,49066,0.346597687823223,1612,0,False,-1.0,-0.0970207722125449,-0.529182879377432,0.0,0.0,0.477033164725688,0.247578294885652,2,1.6101360085892134
49067,49067,0.351956816958201,1613,0,False,-1.0,-0.102162667345136,-0.550561797752809,0.0,0.0,0.48011599865374,0.248599278602026,2,1.6309135163981234
49068,49068,0.353241032255712,1614,0,False,-1.0,-0.102162667345136,-0.554307116104869,0.0,0.0,0.482586358090901,0.248576226175747,2,1.6332171749138413
49069,49069,0.956738728520708,1615,0,False,1.0,1.0,1.0,-1.0,-1.0,1.0,0.05644363481005,4,2.8668157197453343
49070,49070,0.956738728520708,1616,0,False,1.0,1.0,1.0,-1.0,-1.0,1.0,0.0568300634193815,4,2.866287361825548
49071,49071,0.956738728520708,1617,0,False,1.0,1.0,1.0,-1.0,-1.0,1.0,0.0574688150275491,4,2.8654237351527043
49072,49072,0.958192983708894,1618,0,False,1.0,1.0,1.0,-1.0,-1.0,1.0,0.058938979441964,4,2.8634821095569145
49073,49073,0.265589245451475,1619,0,False,0.0,0.0,-0.0135970333745365,-0.191966922622563,0.0,1.0,0.0594714346629997,1,2.0156283981766236
49074,49074,0.262989778173978,1620,0,False,0.0,0.0,-0.010519801980198,-0.191966922622563,0.0,0.990142359044657,0.059567200221967,1,2.0129430209821972
49686,49686,0.470339621802412,1621,0,False,-1.0,-0.216714813460414,-0.228858663512714,0.0,-0.122952463729357,0.840822268396299,0.136692532392844,2,1.3176840934490452
49687,49687,0.460511805027475,1622,0,False,-1.0,-0.257473465914716,-0.217595307917889,-0.0111287758346582,0.0,0.815449568385384,0.144468353550634,2,1.2121535378719155
49688,49688,0.390710816604639,1623,0,False,-1.0,-0.219937325161924,-0.230357142857143,-0.0016077170418006,-0.0003736083090487,0.489729881900159,0.0879757849697226,2,0.28665112422316275
49689,49689,0.394714805732368,1624,0,False,-1.0,-0.213420468336863,-0.258766626360339,-0.0167714884696017,-0.0003736083090487,0.48664624539919,0.0890014110620983,2,0.22744687098878066
49860,49860,0.431351995545784,1625,1,True,,-0.41521658101708,-0.615384615384615,-0.966292134831461,0.0,0.94114462489818,0.0983758700272177,3,2.6880630024674437
49861,49861,0.446583962761366,1626,1,True,,-0.428421716749857,-0.636363636363636,-1.0,0.0,0.954903978789971,0.0980684717504203,3,2.778924893177008
49862,49862,0.482124119564636,1627,1,True,,-0.560291089924988,-0.67741935483871,-1.0,0.0,0.973459770242704,0.097024429610731,3,2.824324182504285
49863,49863,0.495832303138684,1628,1,True,,-0.61524401875744,-0.7,-1.0,0.0,0.98270941314231,0.0980419966276845,3,2.8588795933541293
49864,49864,0.500022222047236,1629,1,True,,-0.61524401875744,-0.70873786407767,-1.0,0.0,0.989803240694543,0.0983304251635682,3,2.8663071278723016
49865,49865,0.508529146809324,1630,1,True,,-0.643738791842942,-0.70873786407767,-1.0,0.0,1.0,0.0980340560061485,3,2.885130067195294
49866,49866,0.649566074978444,1631,1,True,,1.0,1.0,-1.0,-1.0,1.0,0.098363517896651,4,2.8613768853696104
49867,49867,0.731807280828238,1632,1,True,,1.0,1.0,-1.0,-1.0,1.0,0.0990706623451854,4,2.86131312789993
49868,49868,0.354089937201762,1633,1,True,,-0.313796041960296,-0.138297872340426,0.0,-0.571895424836601,1.0,0.0991096408920503,1,2.654027852235602
49869,49869,0.350058690165264,1634,1,True,,-0.313796041960296,-0.129032258064516,0.0,-0.571895424836601,0.99572769136007,0.0994021415842913,1,2.6590204705557294
49870,49870,0.341799963268883,1635,1,True,,-0.301257200637199,-0.10989010989011,0.0,-0.571895424836601,0.991301497664595,0.0996970206199898,1,2.679680789681432
49871,49871,0.336594043587034,1636,1,True,,-0.284929159852236,-0.10989010989011,0.0,-0.571895424836601,0.986456106281683,0.10032726301998,1,2.6888266964504703
49872,49872,0.332524132750932,1637,1,True,,-0.284929159852236,-0.1,0.0,-0.571895424836601,0.98273368021043,0.100897020710353,1,2.6956605376637284
49930,49930,0.347441360022955,1638,4,True,,-1.0,,,,0.850680016206278,0.0171227058916389,1,1.715365305097847
49931,49931,0.348273975154204,1639,4,True,,-1.0,,,,0.852225920141481,0.0171471639121249,1,1.7150515618210318
49932,49932,0.349104510401284,1640,4,True,,-1.0,,,,0.853768975246591,0.0171720530255045,1,1.7147533831158315
49933,49933,0.34981728389585,1641,4,True,,-1.0,,,,0.855011135314941,0.0172092176152838,1,1.714486643376855
49934,49934,0.350442947933375,1642,4,True,,-1.0,,,,0.85616569624648,0.0172288332011121,1,1.7142814913298479
49935,49935,0.351065100418988,1643,4,True,,-1.0,,,,0.85731629142762,0.0172485755652054,1,1.7140855559387467
49936,49936,0.351662345115605,1644,4,True,,-1.0,,,,0.858459935619999,0.0172695431455679,1,1.713896650154252
49937,49937,0.352262065747445,1645,4,True,,-1.0,,,,0.8596027274093,0.0172909721762699,1,1.7137156402862515
49938,49938,0.352863511862442,1646,4,True,,-1.0,,,,0.860741719894301,0.0173130714803834,1,1.7135423529933278
49939,49939,0.353467227653636,1647,4,True,,-1.0,,,,0.861882021017574,0.0173356904116052,1,1.7133765450655705
49940,49940,0.354067657868768,1648,4,True,,-1.0,,,,0.863023318923456,0.0173585287047199,1,1.713218949233649
49941,49941,0.354535471753957,1649,4,True,,-1.0,,,,0.863808059849161,0.0173951089223629,1,1.7130690969065043
49942,49942,0.355010887782007,1650,4,True,,-1.0,,,,0.86480689505145,0.0173971564992692,1,1.712983751437967
49943,49943,0.355580931717361,1651,4,True,,-1.0,,,,0.865892951305457,0.0174196208869943,1,1.712853439599624
49944,49944,0.356149710255795,1652,4,True,,-1.0,,,,0.866979988707871,0.0174423282168707,1,1.7127305081311732
49945,49945,0.356577245416696,1653,4,True,,-1.0,,,,0.867686138760641,0.0174797695342852,1,1.7126043693087851
49946,49946,0.357046027159098,1654,4,True,,-1.0,,,,0.868699987208221,0.0174770568440919,1,1.712555016434149
49947,49947,0.357550854008086,1655,4,True,,-1.0,,,,0.869604395229239,0.0175099451829251,1,1.7124381986839052
49948,49948,0.357991019439554,1656,4,True,,-1.0,,,,0.870448240407139,0.0175283430138234,1,1.7123615786112518
49949,49949,0.358429013554557,1657,4,True,,-1.0,,,,0.871289835342864,0.0175470179685737,1,1.712289243085225
49950,49950,0.35886723101701,1658,4,True,,-1.0,,,,0.872130306909338,0.0175658651090081,1,1.7122213568385238
49951,49951,0.359386903287118,1659,4,True,,-1.0,,,,0.873189401160883,0.0175764627128609,1,1.7121718736126337
49952,49952,0.359973400327843,1660,4,True,,-1.0,,,,0.874302824034805,0.0176027347185555,1,1.7120943966628521
49953,49953,0.360557599878828,1661,4,True,,-1.0,,,,0.875413901231019,0.0176290226185673,1,1.7120253077859509
49954,49954,0.361140745677618,1662,4,True,,-1.0,,,,0.876522097137542,0.0176559868196597,1,1.7119630882764176
49955,49955,0.361830197904756,1663,4,True,,-1.0,,,,0.877919973431745,0.0176719202053173,1,1.7119366052734737
49956,49956,0.362604283358714,1664,4,True,,-1.0,,,,0.879388121883974,0.0177089415520276,1,1.711878030215893
49957,49957,0.363375569846764,1665,4,True,,-1.0,,,,0.880852422244687,0.0177468067199328,1,1.7118321028315164
49958,49958,0.364156143127156,1666,4,True,,-1.0,,,,0.882327404394849,0.0177852888545632,1,1.7117998100091698
49959,49959,0.364946053441343,1667,4,True,,-1.0,,,,0.883806560689486,0.0178264906552668,1,1.7117764942093634
49960,49960,0.365774383670681,1668,4,True,,-1.0,,,,0.88539889733489,0.0178637020295355,1,1.7117838015191136
49961,49961,0.366451277278311,1669,4,True,,-1.0,,,,0.88654316324373,0.0179278201512808,1,1.7117171735741032
49962,49962,0.366988733901298,1670,4,True,,-1.0,,,,0.887566429740809,0.0179581864999623,1,1.711724713972228
49963,49963,0.367522059500936,1671,4,True,,-1.0,,,,0.888588895278209,0.0179884083714911,1,1.7117396303093757
49964,49964,0.36805672033881,1672,4,True,,-1.0,,,,0.889606927041148,0.0180196669240168,1,1.7117589772568123
49965,49965,0.368540093386401,1673,4,True,,-1.0,,,,0.890490064481746,0.0180560269717417,1,1.7117611386235112
49966,49966,0.368987532985671,1674,4,True,,-1.0,,,,0.891341332249957,0.0180828345479991,1,1.71178638981335
49967,49967,0.369432210472645,1675,4,True,,-1.0,,,,0.892189543997085,0.018109916600982,1,1.7118156433781675
49968,49968,0.369876284616822,1676,4,True,,-1.0,,,,0.893036070237775,0.0181371070725916,1,1.711849367484646
49969,49969,0.370318389298202,1677,4,True,,-1.0,,,,0.893879025611647,0.0181646879789225,1,1.7118866903377938
49970,49970,0.370716044353904,1678,4,True,,-1.0,,,,0.89460698813169,0.0181967204837456,1,1.7119048053961161
49971,49971,0.371081597675932,1679,4,True,,-1.0,,,,0.895306494721448,0.018219984231441,1,1.7119421053034802
49972,49972,0.371444482515809,1680,4,True,,-1.0,,,,0.896002377027182,0.0182433510582324,1,1.711982029933111
49973,49973,0.37180549270711,1681,4,True,,-1.0,,,,0.896697923221275,0.0182667242809838,1,1.7120251936217867
49974,49974,0.372167274509424,1682,4,True,,-1.0,,,,0.897393079954474,0.0182905393848302,1,1.7120706311482614
49975,49975,0.372528145782107,1683,4,True,,-1.0,,,,0.898086434015169,0.018314599156538,1,1.7121185613546201
49976,49976,0.372897375722885,1684,4,True,,-1.0,,,,0.898806122340299,0.0183376658568398,1,1.7121759442019153
49977,49977,0.373257686180029,1685,4,True,,-1.0,,,,0.899502902855832,0.0183642131048899,1,1.712225655268763
49978,49978,0.373606918623322,1686,4,True,,-1.0,,,,0.900185956025069,0.018388887073436,1,1.7122805512308732
49979,49979,0.373954080040427,1687,4,True,,-1.0,,,,0.900865750111073,0.0184134456324313,1,1.712338339135505
49980,49980,0.374300052231479,1688,4,True,,-1.0,,,,0.901545776578556,0.0184379474041447,1,1.7123994415431498
49981,49981,0.374644602478689,1689,4,True,,-1.0,,,,0.902223606117101,0.0184627064893413,1,1.7124627510584818
49982,49982,0.374990273272698,1690,4,True,,-1.0,,,,0.902909267244418,0.018487151136035,1,1.712531286730222
49983,49983,0.375336816390051,1691,4,True,,-1.0,,,,0.903592416236757,0.0185124575359524,1,1.712600687751315
49984,49984,0.375684511904443,1692,4,True,,-1.0,,,,0.904273616181529,0.0185382820368271,1,1.7126717762043266
49985,49985,0.37597826582643,1693,4,True,,-1.0,,,,0.904812628286024,0.0185696343959524,1,1.712706546356016
49986,49986,0.376236942620988,1694,4,True,,-1.0,,,,0.905320260431941,0.0185891767657858,1,1.7127628112080497
49987,49987,0.376495920296303,1695,4,True,,-1.0,,,,0.905829776019163,0.0186087647086048,1,1.7128211113078662
49988,49988,0.376754580736232,1696,4,True,,-1.0,,,,0.906336590660142,0.0186288754789207,1,1.7128794999234478
49989,49989,0.377018369717517,1697,4,True,,-1.0,,,,0.906859314581133,0.0186481777614078,1,1.7129446801131711
49990,49990,0.377284760602361,1698,4,True,,-1.0,,,,0.907383702595962,0.0186690323601176,1,1.713008707721286
49991,49991,0.377549995799115,1699,4,True,,-1.0,,,,0.907907567936066,0.0186898690027135,1,1.7130745394899893
49992,49992,0.377814959115916,1700,4,True,,-1.0,,,,0.908431698673247,0.0187107377009411,1,1.7131422324559944
49993,49993,0.378119087671525,1701,4,True,,-1.0,,,,0.909056081728763,0.0187284094765133,1,1.71324087356299
49994,49994,0.378444879371032,1702,4,True,,-1.0,,,,0.909701129203702,0.0187547511662893,1,1.7133280703270841
49995,49995,0.378769940345156,1703,4,True,,-1.0,,,,0.910345141727065,0.018781242576135,1,1.7134175459532417
49996,49996,0.379101603836852,1704,4,True,,-1.0,,,,0.911009158810418,0.018807215599032,1,1.7135156620470775
49997,49997,0.379438373017944,1705,4,True,,-1.0,,,,0.911678963362595,0.0188351812368058,1,1.7136138668701044
49998,49998,0.37977365211666,1706,4,True,,-1.0,,,,0.912347019819629,0.0188634870161073,1,1.7137139755817192
49999,49999,0.380106452895854,1707,4,True,,-1.0,,,,0.913012017822278,0.0188918442481138,1,1.713816262785321
50000,50000,0.380438675303191,1708,4,True,,-1.0,,,,0.913675687934163,0.0189203453075339,1,1.713920925070126
50001,50001,0.380770102778879,1709,4,True,,-1.0,,,,0.914339708245463,0.0189490779114889,1,1.7140281871434229
50002,50002,0.381099532030863,1710,4,True,,-1.0,,,,0.91500108995758,0.0189779913550043,1,1.7141373820977837
50003,50003,0.38142648925467,1711,4,True,,-1.0,,,,0.915658815569363,0.0190069867822199,1,1.714248416977949
50004,50004,0.381753284800327,1712,4,True,,-1.0,,,,0.916319053146732,0.0190359370626819,1,1.7143631825809234
50005,50005,0.382080649660342,1713,4,True,,-1.0,,,,0.91697662110089,0.0190658178089285,1,1.7144781955835504
50006,50006,0.382406970044399,1714,4,True,,-1.0,,,,0.917630564264013,0.0190960086659828,1,1.7145944878026653
50007,50007,0.382725335775605,1715,4,True,,-1.0,,,,0.918283586091637,0.0191267074647497,1,1.714712354884838
50008,50008,0.383042663608116,1716,4,True,,-1.0,,,,0.918936115244581,0.0191578428485706,1,1.7148320627711169
50009,50009,0.383358600204223,1717,4,True,,-1.0,,,,0.91958706166644,0.0191891507606304,1,1.7149538527805466
50010,50010,0.383672892300417,1718,4,True,,-1.0,,,,0.920237404977014,0.0192205344067285,1,1.71507820173028
50011,50011,0.383985584800649,1719,4,True,,-1.0,,,,0.920886963278847,0.0192519606376454,1,1.715205117522518
50012,50012,0.38429734931144,1720,4,True,,-1.0,,,,0.921535661555159,0.0192837019021661,1,1.7153339854380931
50013,50013,0.384608083870568,1721,4,True,,-1.0,,,,0.922182397605446,0.0193156129833901,1,1.7154647635319018
50014,50014,0.384917024331164,1722,4,True,,-1.0,,,,0.922827064016608,0.0193478129785953,1,1.7155971391892622
50015,50015,0.385225331250144,1723,4,True,,-1.0,,,,0.923471650831215,0.0193800202833309,1,1.7157323188883316
50016,50016,0.385532140327555,1724,4,True,,-1.0,,,,0.924114859880631,0.0194125712951081,1,1.715869167127386
50017,50017,0.385838237468197,1725,4,True,,-1.0,,,,0.924753885624957,0.0194457169862252,1,1.7160062172841115
50018,50018,0.386144600377011,1726,4,True,,-1.0,,,,0.925392345481826,0.0194789230367432,1,1.7161457498047248
50019,50019,0.386449517365915,1727,4,True,,-1.0,,,,0.926028038577265,0.019512665015514,1,1.7162860106666524
50020,50020,0.38672885684274,1728,4,True,,-1.0,,,,0.926591245941047,0.0195496547269218,1,1.716397562255709
50021,50021,0.386961331100229,1729,4,True,,-1.0,,,,0.92705636397755,0.0195826282008435,1,1.7164862100812848
50022,50022,0.387176328715799,1730,4,True,,-1.0,,,,0.927505547556742,0.0196071326756991,1,1.7165887747879736
50023,50023,0.387390741393157,1731,4,True,,-1.0,,,,0.927952547355585,0.019631833683496,1,1.7166915477155986
50024,50024,0.387661749764034,1732,4,True,,-1.0,,,,0.928551434340636,0.0196511670067413,1,1.716860456694587
50025,50025,0.387960951421387,1733,4,True,,-1.0,,,,0.929175433030972,0.0196863438756656,1,1.7170072888732517
50026,50026,0.388278797129196,1734,4,True,,-1.0,,,,0.929851670531431,0.0197196575508347,1,1.7171795699344998
50027,50027,0.388526390323666,1735,4,True,,-1.0,,,,0.930324362779402,0.019766682406202,1,1.7172518371861747
50028,50028,0.388732050844113,1736,4,True,,-1.0,,,,0.930755915884139,0.0197917536313877,1,1.7173568099027905
50029,50029,0.388984754967985,1737,4,True,,-1.0,,,,0.931293856485174,0.0198151215031771,1,1.7175060345482795
50030,50030,0.389258844960661,1738,4,True,,-1.0,,,,0.93184968721234,0.0198507357683279,1,1.7176381800211407
50031,50031,0.389531742586783,1739,4,True,,-1.0,,,,0.932405862485633,0.0198863972629481,1,1.7177724915758106
50032,50032,0.389803537293228,1740,4,True,,-1.0,,,,0.932962194374586,0.0199221945292353,1,1.7179087153756414
50033,50033,0.39007355129708,1741,4,True,,-1.0,,,,0.933515860672335,0.0199583493994941,1,1.7180453007939782
50034,50034,0.390362027189481,1742,4,True,,-1.0,,,,0.934122883523126,0.0199924109949929,1,1.7182091606930248
50035,50035,0.390659133401286,1743,4,True,,-1.0,,,,0.934738221169144,0.0200327128435729,1,1.7183657658940032
50036,50036,0.390954665154696,1744,4,True,,-1.0,,,,0.935351138936072,0.020073258200503,1,1.7185235171726736
50037,50037,0.557915590489911,1745,3,True,,-1.0,-1.0,,,0.935963851064603,0.0201139870040694,1,1.7501502708290757
50038,50038,0.558204958836964,1746,3,True,,-1.0,-1.0,,,0.936574964287966,0.0201550163798989,1,1.7503085768992848
50039,50039,0.558492385721338,1747,3,True,,-1.0,-1.0,,,0.937184819352486,0.0201962043033601,1,1.7504685900827313
50040,50040,0.558811007714446,1748,3,True,,-1.0,-1.0,,,0.937883456725819,0.0202343988971203,1,1.7506733651560504
50041,50041,0.559144029568989,1749,3,True,,-1.0,-1.0,,,0.938595940737774,0.0202830796501247,1,1.7508657204055589
50042,50042,0.559377622409835,1750,3,True,,-1.0,-1.0,,,0.939039754484376,0.0203419082341013,1,1.750929199638385
50043,50043,0.559584548364809,1751,3,True,,-1.0,-1.0,,,0.939496390233437,0.0203679355810211,1,1.7510662502185825
50044,50044,0.559800306018716,1752,3,True,,-1.0,-1.0,,,0.939961630555008,0.0204005894569171,1,1.751194843050915
50045,50045,0.560148663050672,1753,3,True,,-1.0,-1.0,,,0.940793131448835,0.020420089531335,1,1.7515072889042014
50046,50046,0.560563593836539,1754,3,True,,-1.0,-1.0,,,0.941698834601545,0.0204822837099932,1,1.7517696312720274
50047,50047,0.560977459124843,1755,3,True,,-1.0,-1.0,,,0.942603682072967,0.0205471381538981,1,1.7520317799754854
50048,50048,0.561388333925731,1756,3,True,,-1.0,-1.0,,,0.943503484922782,0.0206125023519318,1,1.7522962344128665
50049,50049,0.561796197679109,1757,3,True,,-1.0,-1.0,,,0.944402619237797,0.0206781416877154,1,1.7525653501302754
50050,50050,0.562479045469092,1758,3,True,,-1.0,-1.0,,,0.946081862908553,0.0207168353752084,1,1.7532516530966071
50051,50051,0.563270724611754,1759,3,True,,-1.0,-1.0,,,0.947859167181409,0.0208512878248925,1,1.7538100892795563
50052,50052,0.563771889140455,1760,3,True,,-1.0,-1.0,,,0.948851873609543,0.0210153164632008,1,1.753953322389729
50053,50053,0.56415856803144,1761,3,True,,-1.0,-1.0,,,0.949734915345386,0.0210842259676406,1,1.7542408865012855
50054,50054,0.564541769002151,1762,3,True,,-1.0,-1.0,,,0.950612384967971,0.0211539615511715,1,1.754529403561298
50055,50055,0.731589116741754,1763,2,True,-1.0,-1.0,-1.0,,,0.951489231628839,0.0212241376133738,1,2.3730171511574043
50056,50056,0.731911702309055,1764,2,True,-1.0,-1.0,-1.0,,,0.952209291133761,0.0213005643601361,1,2.373170155279125
50057,50057,0.732211878881348,1765,2,True,-1.0,-1.0,-1.0,,,0.952907010020912,0.0213572613830351,1,2.3733464537429203
50058,50058,0.732509368416855,1766,2,True,-1.0,-1.0,-1.0,,,0.953600921062327,0.021414339884275,1,2.3735232364778893
50059,50059,0.73280462736399,1767,2,True,-1.0,-1.0,-1.0,,,0.954288483813146,0.0214714254169,1,2.3737000483091766
50060,50060,0.733097840372453,1768,2,True,-1.0,-1.0,-1.0,,,0.954973606730594,0.0215291639745025,1,2.373877381962832
50061,50061,0.733353548984155,1769,2,True,-1.0,-1.0,-1.0,,,0.955558527806065,0.0215907378576481,1,2.3740127863721834
50062,50062,0.733595479084545,1770,2,True,-1.0,-1.0,-1.0,,,0.956127588259626,0.0216395996561033,1,2.3741623071512983
50063,50063,0.733835561864819,1771,2,True,-1.0,-1.0,-1.0,,,0.956694133191645,0.0216884400455102,1,2.374312529401129
50064,50064,0.73402954043015,1772,2,True,-1.0,-1.0,-1.0,,,0.957135042467774,0.0217419409338266,1,2.3744080950244113
50065,50065,0.73420798611861,1773,2,True,-1.0,-1.0,-1.0,,,0.95755968500222,0.0217788074110075,1,2.374522371571763
50066,50066,0.734386177812119,1774,2,True,-1.0,-1.0,-1.0,,,0.957984367399234,0.0218158236741817,1,2.374637369980848
50067,50067,0.734562767417632,1775,2,True,-1.0,-1.0,-1.0,,,0.958405432997527,0.0218531581857991,1,2.3747513841820926
50068,50068,0.734784082723898,1776,2,True,-1.0,-1.0,-1.0,,,0.958953620953285,0.0218854421448763,1,2.374924767836823
50069,50069,0.735017850572614,1777,2,True,-1.0,-1.0,-1.0,,,0.959515023508591,0.0219353224606728,1,2.375079595095088
50070,50070,0.735250319595883,1778,2,True,-1.0,-1.0,-1.0,,,0.960074473861529,0.0219852654515904,1,2.375235151465636
50071,50071,0.735481342258774,1779,2,True,-1.0,-1.0,-1.0,,,0.960631801159724,0.0220354382050432,1,2.3753911104710124
50072,50072,0.735711207828065,1780,2,True,-1.0,-1.0,-1.0,,,0.961189059517986,0.0220856368866793,1,2.3755485984867692
50073,50073,0.735977104527638,1781,2,True,-1.0,-1.0,-1.0,,,0.961849329486235,0.0221325331283568,1,2.375755323638375
50074,50074,0.736239030987434,1782,2,True,-1.0,-1.0,-1.0,,,0.962485925533567,0.0221947134026587,1,2.3759323834996184
50075,50075,0.736458591173348,1783,2,True,-1.0,-1.0,-1.0,,,0.963011870303525,0.0222561901310217,1,2.376065791410477
50076,50076,0.73666729946115,1784,2,True,-1.0,-1.0,-1.0,,,0.963526306948563,0.0223032805690101,1,2.3762163451849205
50077,50077,0.736874652359564,1785,2,True,-1.0,-1.0,-1.0,,,0.964037699597508,0.022350723454896,1,2.376366455411027
50078,50078,0.737080601950383,1786,2,True,-1.0,-1.0,-1.0,,,0.964546858315701,0.0223983246810087,1,2.376516726080413
50079,50079,0.737285539049495,1787,2,True,-1.0,-1.0,-1.0,,,0.965055620537166,0.0224459497285037,1,2.3766681269684247
50080,50080,0.737502259413341,1788,2,True,-1.0,-1.0,-1.0,,,0.965599509120224,0.0224925669795577,1,2.3768375637097767
50081,50081,0.737720444851807,1789,2,True,-1.0,-1.0,-1.0,,,0.966144340788424,0.0225443316958436,1,2.377001610931533
50082,50082,0.73794055171342,1790,2,True,-1.0,-1.0,-1.0,,,0.966685640505647,0.0225997369130892,1,2.377160473886152
50083,50083,0.738159823002871,1791,2,True,-1.0,-1.0,-1.0,,,0.967227759846964,0.0226550777231723,1,2.377321318543899
50084,50084,0.738378312564698,1792,2,True,-1.0,-1.0,-1.0,,,0.967768065307135,0.0227116318195652,1,2.3774811720492925
50085,50085,0.738595286563478,1793,2,True,-1.0,-1.0,-1.0,,,0.968306598747199,0.0227681437829708,1,2.3776418183552948
50086,50086,0.738767854510102,1794,2,True,-1.0,-1.0,-1.0,,,0.968721033846956,0.0228298501892248,1,2.3777408049811695
50087,50087,0.738928824004086,1795,2,True,-1.0,-1.0,-1.0,,,0.969122256997314,0.0228728925471381,1,2.377861054611715
50088,50088,0.739114776729732,1796,2,True,-1.0,-1.0,-1.0,,,0.969596164177958,0.0229132777362809,1,2.378018871611519
50089,50089,0.739306153163349,1797,2,True,-1.0,-1.0,-1.0,,,0.970074576239694,0.0229653555571791,1,2.3781634694247855
50090,50090,0.739497040956372,1798,2,True,-1.0,-1.0,-1.0,,,0.970553228704024,0.0230179134037165,1,2.3783087084655596
50091,50091,0.739686502945618,1799,2,True,-1.0,-1.0,-1.0,,,0.971029514968418,0.0230708076558845,1,2.3784535926869794
50092,50092,0.739874977136272,1800,2,True,-1.0,-1.0,-1.0,,,0.971505744112587,0.0231236435880143,1,2.378599728926113
50093,50093,0.740064767616965,1801,2,True,-1.0,-1.0,-1.0,,,0.97198603686933,0.0231768002808376,1,2.37874850528427
50094,50094,0.740254201712635,1802,2,True,-1.0,-1.0,-1.0,,,0.972466636916977,0.0232310246295015,1,2.378897153417734
50095,50095,0.740442334867097,1803,2,True,-1.0,-1.0,-1.0,,,0.972945876419282,0.0232855152721141,1,2.379046012926164
50096,50096,0.740628985704593,1804,2,True,-1.0,-1.0,-1.0,,,0.973422225171137,0.0233400860312355,1,2.37919461167033
50097,50097,0.740814521826012,1805,2,True,-1.0,-1.0,-1.0,,,0.973897385064651,0.0233947977003444,1,2.3793436535900225
50098,50098,0.741042354482358,1806,2,True,-1.0,-1.0,-1.0,,,0.974495554514772,0.0234449257270718,1,2.3795589499951677
50099,50099,0.741291645536207,1807,2,True,-1.0,-1.0,-1.0,,,0.975143301422781,0.0235140339572663,1,2.379773629529764
50100,50100,0.741498882489684,1808,2,True,-1.0,-1.0,-1.0,,,0.975669693363177,0.0235946671064309,1,2.37991592898668
50101,50101,0.741696763253952,1809,2,True,-1.0,-1.0,-1.0,,,0.976183628598502,0.0236551545764849,1,2.380081497151818
50102,50102,0.741849478446202,1810,2,True,-1.0,-1.0,-1.0,,,0.976570534660622,0.0237208517676847,1,2.3801793419235038
50103,50103,0.741994204624282,1811,2,True,-1.0,-1.0,-1.0,,,0.976949291695612,0.0237655852516125,1,2.38030286178692
50104,50104,0.742142287237171,1812,2,True,-1.0,-1.0,-1.0,,,0.977338584022496,0.023810482323638,1,2.3804320958140153
50105,50105,0.74245335841155,1813,2,True,-1.0,-1.0,-1.0,,,0.978197178946278,0.0238393449267187,1,2.3808160150947004
50106,50106,0.742664786647858,1814,2,True,-1.0,-1.0,-1.0,,,0.978728456800868,0.0239601127518758,1,2.380914608874293
50107,50107,0.742854387565882,1815,2,True,-1.0,-1.0,-1.0,,,0.9792319056637,0.0240214040250576,1,2.3810822118539092
50108,50108,0.743043201036845,1816,2,True,-1.0,-1.0,-1.0,,,0.979735174231563,0.0240828521508511,1,2.3812508676874
50109,50109,0.74323024377239,1817,2,True,-1.0,-1.0,-1.0,,,0.980235064623522,0.0241446489194188,1,2.381418700147547
50110,50110,0.74341600652736,1818,2,True,-1.0,-1.0,-1.0,,,0.980732977892631,0.0242062160539959,1,2.3815871825010912
50111,50111,0.743631793891981,1819,2,True,-1.0,-1.0,-1.0,,,0.981319488946552,0.0242644879419896,1,2.3818066456670315
50112,50112,0.743850376336688,1820,2,True,-1.0,-1.0,-1.0,,,0.981909904759373,0.0243381592166898,1,2.3820090720046148
50113,50113,0.744066845976198,1821,2,True,-1.0,-1.0,-1.0,,,0.982496302719209,0.0244120183493988,1,2.382211046353203
50114,50114,0.74428486626142,1822,2,True,-1.0,-1.0,-1.0,,,0.983089034512246,0.0244853746419678,1,2.382418834751684
50115,50115,0.744502145438339,1823,2,True,-1.0,-1.0,-1.0,,,0.983681039541014,0.0245612949576045,1,2.3826246852365007
50116,50116,0.74476343183999,1824,2,True,-1.0,-1.0,-1.0,,,0.984402474628573,0.0246326186619511,1,2.382906497856147
50117,50117,0.745027860969121,1825,2,True,-1.0,-1.0,-1.0,,,0.985127691675479,0.0247280191804212,1,2.3831607990086376
50118,50118,0.745289196570649,1826,2,True,-1.0,-1.0,-1.0,,,0.985846849302881,0.0248236677841801,1,2.383414404786653
50119,50119,0.745661333056645,1827,2,True,-1.0,-1.0,-1.0,,,0.98688888190619,0.0249068612381044,1,2.3838604696530297
50120,50120,0.745898564667623,1828,2,True,-1.0,-1.0,-1.0,,,0.987528336349017,0.0250663060879883,1,2.383993206856556
50121,50121,0.746120561796406,1829,2,True,-1.0,-1.0,-1.0,,,0.988146826097151,0.0251515492541662,1,2.38421534819641
50122,50122,0.746340824401307,1830,2,True,-1.0,-1.0,-1.0,,,0.988762916786348,0.0252369269858442,1,2.3844381034812274
50123,50123,0.746558999708593,1831,2,True,-1.0,-1.0,-1.0,,,0.989374962493719,0.0253231892003285,1,2.384659563771729
50124,50124,0.746726636712791,1832,2,True,-1.0,-1.0,-1.0,,,0.989841330254615,0.0254152054432447,1,2.384795240369046
50125,50125,0.746889474676269,1833,2,True,-1.0,-1.0,-1.0,,,0.990300946984187,0.0254809339660112,1,2.384962911565916
50126,50126,0.747051598856817,1834,2,True,-1.0,-1.0,-1.0,,,0.990759615619588,0.0255467296782164,1,2.3851311390977883
50127,50127,0.747177817094473,1835,2,True,-1.0,-1.0,-1.0,,,0.991115091146834,0.0256167165719293,1,2.3852375661121137
50128,50128,0.747418214553469,1836,2,True,-1.0,-1.0,-1.0,,,0.991807693579399,0.0256540661534538,1,2.3855758626908634
50129,50129,0.747533038875073,1837,2,True,-1.0,-1.0,-1.0,,,0.992126076102229,0.0257710761286539,1,2.385602474763255
50130,50130,0.747666737264586,1838,2,True,-1.0,-1.0,-1.0,,,0.992509471958517,0.0258139106835874,1,2.385762706293342
50131,50131,0.747800653430712,1839,2,True,-1.0,-1.0,-1.0,,,0.992892417667259,0.0258719242759945,1,2.3859038177938308
50132,50132,0.747932896754592,1840,2,True,-1.0,-1.0,-1.0,,,0.993271639359697,0.0259298129121868,1,2.3860438034661993
50133,50133,0.748066739976776,1841,2,True,-1.0,-1.0,-1.0,,,0.993656383509104,0.0259872772504269,1,2.3861882901708347
50134,50134,0.748199710073685,1842,2,True,-1.0,-1.0,-1.0,,,0.994039716741585,0.026046110511514,1,2.386331039287639
50135,50135,0.748332617882551,1843,2,True,-1.0,-1.0,-1.0,,,0.994424134439465,0.0261046530573522,1,2.3864756130381486
50136,50136,0.748461503274663,1844,2,True,-1.0,-1.0,-1.0,,,0.994797858705569,0.0261639420416891,1,2.3866139180393997
50137,50137,0.748574071530448,1845,2,True,-1.0,-1.0,-1.0,,,0.995124498620173,0.0262231333646368,1,2.386726014183316
50138,50138,0.748675279211891,1846,2,True,-1.0,-1.0,-1.0,,,0.995467219146606,0.0262740365440445,1,2.386858631478469
50139,50139,0.7487725684052,1847,2,True,-1.0,-1.0,-1.0,,,0.995796972816276,0.0263288452436609,1,2.3869794092075454
50140,50140,0.748899141407212,1848,2,True,-1.0,-1.0,-1.0,,,0.996227696920619,0.0263774987366534,1,2.387167334842012
50141,50141,0.748985284321777,1849,2,True,-1.0,-1.0,-1.0,,,0.996519047874997,0.0264514443051789,1,2.387242799493088
50142,50142,0.749074366580842,1850,2,True,-1.0,-1.0,-1.0,,,0.996822642830002,0.0264973126605329,1,2.3873616596588954
50143,50143,0.749166633744849,1851,2,True,-1.0,-1.0,-1.0,,,0.997137634877134,0.0265459022855936,1,2.3874842617850347
50144,50144,0.749252323944686,1852,2,True,-1.0,-1.0,-1.0,,,0.997429879775222,0.0265976370599273,1,2.3875900873964233
50145,50145,0.749346334235755,1853,2,True,-1.0,-1.0,-1.0,,,0.997751245308585,0.0266440363373345,1,2.3877203024250675
50146,50146,0.749440212371389,1854,2,True,-1.0,-1.0,-1.0,,,0.998072556767879,0.0266967747483157,1,2.387843055675911
50147,50147,0.749532716200769,1855,2,True,-1.0,-1.0,-1.0,,,0.99838971904153,0.026749678468014,1,2.387963741024412
50148,50148,0.74962498366284,1856,2,True,-1.0,-1.0,-1.0,,,0.998706482337299,0.0268020079927019,1,2.3880854953919006
50149,50149,0.749719939716503,1857,2,True,-1.0,-1.0,-1.0,,,0.999033184986907,0.0268541001768125,1,2.388214038166673
50150,50150,0.749811626504521,1858,2,True,-1.0,-1.0,-1.0,,,0.999349133525851,0.0269086409371448,1,2.388333707162135
50151,50151,0.749907096994375,1859,2,True,-1.0,-1.0,-1.0,,,0.999678817787229,0.0269606666732156,1,2.38846532144032
50152,50152,0.75,1860,2,True,-1.0,-1.0,-1.0,,,1.0,0.0270158565682105,1,2.38858850251082
50224,50224,0.310919289397903,1861,0,False,-1.0,-0.180075703041226,-0.213687150837989,0.0,0.0,0.217230596725839,0.11972153834917,2,1.0756892055921201
50225,50225,0.31069197986958,1862,0,False,-1.0,-0.180075703041226,-0.212647671994441,0.0,0.0,0.220530980610552,0.123077666013771,2,1.0748360147592448
50226,50226,0.311533162196455,1863,0,False,-1.0,-0.180075703041226,-0.213296398891967,0.0,0.0,0.22256786394753,0.123022079604721,2,1.0680921084599686
50227,50227,0.311838152256196,1864,0,False,-1.0,-0.180075703041226,-0.210526315789474,0.0,0.0,0.224483650572896,0.122572680416482,2,1.062647355455321
50228,50228,0.31372705700409,1865,0,False,-1.0,-0.180075703041226,-0.209431345353675,0.0,0.0,0.229250684303984,0.120700806672127,2,1.043798172071149
50229,50229,0.315740707968647,1866,0,False,-1.0,-0.180075703041226,-0.210964607911173,0.0,0.0,0.235516795542233,0.121693423958989,2,1.0264704491450145
50230,50230,0.316714211467694,1867,0,False,-1.0,-0.180075703041226,-0.21235253296322,0.0,0.0,0.238732792709706,0.121948411690223,2,1.0165948841515584
50231,50231,0.313247921579944,1868,0,False,-1.0,-0.156397881369627,-0.211188811188811,0.0,0.0,0.241687878682359,0.12172343247801,2,1.0197841886021948
50232,50232,0.31380609933185,1869,0,False,-1.0,-0.153691573844473,-0.212988826815642,0.0,0.0,0.245543902590564,0.122155318790602,2,1.0100375445180458
50458,50458,0.332004230946156,1870,3,True,,-0.470802118845353,-0.833333333333333,,,0.702993482606817,0.0056176784386606,1,1.1786593482610632
50459,50459,0.331644390887186,1871,3,True,,-0.470802118845353,-0.833333333333333,,,0.702573643265403,0.0047989017885826,1,1.1827596645996643
50460,50460,0.31779787871502,1872,3,True,,-0.390895875604833,-0.833333333333333,,,0.702150337870996,0.0036563584496728,1,1.24252471303922
50461,50461,0.317304520994073,1873,3,True,,-0.390895875604833,-0.833333333333333,,,0.701374059627252,0.0020021318441984,1,1.2505376067389526
50577,50577,0.375883516559356,1874,0,False,-1.0,-0.0944106627750183,-0.426523297491039,0.0,0.0,0.874810139235014,0.0681099596523142,2,1.3661050257574958
50578,50578,0.375578810332709,1875,0,False,-1.0,-0.0944106627750183,-0.411552346570397,0.0,0.0,0.889496487818452,0.0681056128283561,2,1.4067615774572126
50711,50711,0.319272121031625,1876,1,True,,-0.349249827947252,-0.789473684210526,0.0,0.0,0.749820373347733,0.0003482013733479,1,1.1658221738456993
50713,50713,0.307993436636301,1877,1,True,,-0.372974611736049,-0.785714285714286,0.0,0.0,0.639261995947585,0.0044586046537314,1,1.3068756685450877
51185,51185,0.589980042926402,1878,0,False,-1.0,-0.445292910293014,-0.390892962743938,-0.326145552560647,-0.368287937743191,0.990672717100913,0.0191642461210745,3,1.4047530441315734
51490,51490,0.295680776703539,1879,1,True,,-0.329812432356164,-0.783783783783784,0.0,0.0,0.639541338727031,0.0086641510883019,1,1.3333404943762468
51491,51491,0.323393457153998,1880,1,True,,-0.329812432356164,-0.783783783783784,0.0,0.0,0.771163120059161,0.0070651727622782,1,1.1278620604251255
51492,51492,0.349823706842037,1881,1,True,,-0.349249827947252,-0.789473684210526,0.0,0.0,0.893431240793077,0.14380801611882,1,1.2023875449796855
51504,51504,0.343517734454466,1882,1,True,,-0.329812432356164,-0.783783783783784,0.0,0.0,0.890205955286858,0.137800474862389,1,1.1827814614123284
51804,51804,0.320906663925774,1883,0,False,-1.0,-0.264228436729441,-0.125,0.0,0.0,0.546847467231345,0.328707348576583,2,2.292280731700022
51805,51805,0.327219217967575,1884,0,False,-1.0,-0.268708046833231,-0.157407407407407,0.0,0.0,0.547205232282819,0.329793860622246,2,2.2881873741101018
52010,52010,0.403698801729441,1885,0,False,-1.0,-0.340041618758692,-0.347222222222222,0.0,0.0,0.530929192014999,0.0028803031251499,2,0.8680804906866602
52011,52011,0.4031512231181,1886,0,False,-1.0,-0.357866537895511,-0.326530612244898,0.0,0.0,0.528886692567526,0.0055087149070321,2,0.857841344813145
52012,52012,0.418063972878795,1887,0,False,-1.0,-0.401171456413179,-0.375,0.0,0.0,0.524506412785712,0.0116678103271798,2,0.8606866679666991
52013,52013,0.473079027751619,1888,0,False,-1.0,-0.360697038286636,-0.397849462365591,0.0,0.0,0.755659572225737,0.0169276228329334,2,1.1571671727725705
52014,52014,0.489374194261582,1889,0,False,-1.0,-0.393618826311989,-0.435643564356436,0.0,-0.345621322256836,0.678349074559001,0.0246867130172995,2,1.6769640527829701
52015,52015,0.325311698773505,1890,0,False,0.0,-0.393618826311989,-0.457547169811321,0.0,-0.345621322256836,0.672573981984882,0.0254843560320687,1,1.6635190896498384
52016,52016,0.322343324412853,1891,0,False,0.0,-0.422143877429478,-0.442922374429224,0.0,-0.345621322256836,0.647987992446051,0.029738042962502,1,1.6780095358533236
52274,52274,0.338172842373379,1892,0,False,-1.0,-0.292266610703124,-0.212765957446809,0.0,0.0,0.372096542321115,0.0231741734592889,2,0.8349087393499095
52275,52275,0.322527264330243,1893,0,False,-1.0,-0.255137025170286,-0.183823529411765,0.0,0.0,0.357365227773591,0.0183490796453791,2,0.9098341621104851
52276,52276,0.270775323407156,1894,0,False,-1.0,-0.202034609732327,-0.196969696969697,0.0,0.0,0.221203412741995,0.0120691410878019,2,1.2561256717281217
52277,52277,0.272749903753556,1895,0,False,-1.0,-0.174321797931393,-0.198473282442748,0.0,0.0,0.253490398491982,0.0123113327235043,2,1.1807148805330383
52558,52558,0.45686024045137,1896,0,False,-1.0,-0.223187611590092,-0.19112426035503,0.0,0.0,0.952194743736428,0.0307876019141869,2,1.6584015953878104
52559,52559,0.456482451222694,1897,0,False,-1.0,-0.223187611590092,-0.191602602010645,0.0,0.0,0.951430586490284,0.0298663408937536,2,1.658659081600452
52560,52560,0.460050730300075,1898,0,False,-1.0,-0.227772323748448,-0.207180694526192,0.0,0.0,0.952825886181923,0.0309232451289817,2,1.6528796903566758
52561,52561,0.459690859203838,1899,0,False,-1.0,-0.223910491471067,-0.21,0.0,0.0,0.95255574566148,0.0306345915085616,2,1.652116425586373
52562,52562,0.448160415347107,1900,0,False,-1.0,-0.271747344761902,-0.220269478617458,-0.0019292604501607,-0.122952463729357,0.766510665572558,0.219975100690283,2,1.5868674216560996
52563,52563,0.925818589478894,1901,0,False,1.0,1.0,1.0,-1.0,-1.0,1.0,0.122128201883575,4,2.8419955480552743
52564,52564,0.92526763282598,1902,0,False,1.0,1.0,1.0,-1.0,-1.0,1.0,0.123132437748763,4,2.8426395401596336
52781,52781,0.424085885703545,1903,0,False,-1.0,-0.294080048364385,-0.49645390070922,0.0,0.0,0.435134036491343,0.0209981943482549,2,0.8197367909416517
53025,53025,0.314675493106005,1904,0,False,0.0,-0.0830442436992012,-0.0457637600494743,0.0,-0.338235294117647,0.985615801640701,0.0495494427168118,1,2.156613040219231
53026,53026,0.290761075308972,1905,0,False,0.0,-0.022729539382098,-0.0388648982109809,0.0,-0.275444371296906,0.988777932663698,0.103939322622879,1,2.1412326043258467
53027,53027,0.291042271904257,1906,0,False,0.0,-0.022729539382098,-0.041358024691358,0.0,-0.275444371296906,0.98853942444438,0.103455533521191,1,2.1373470718540153
53899,53899,0.408490280534034,1907,0,False,-1.0,-0.285631802895745,-0.265068049254699,-0.0997150997150997,0.0,0.502259955298145,0.0139065331016979,2,0.7850700801114581
54033,54033,0.333333333333333,1908,4,True,,1.0,1.0,,,,0.0,4,4.628587527573418
54338,54338,0.476887294313215,1909,0,False,-1.0,-0.243268665863658,-0.196869355809753,-0.217654171704958,-0.0415534601246604,0.955407103081774,0.0894946884166887,2,1.7219631066402556
54730,54730,0.45143431401175,1910,2,True,,1.0,1.0,-1.0,-1.0,,0.0,4,4.358139912775254
54734,54734,0.609633809372089,1911,0,False,-1.0,-0.563377307508217,-0.486147757255937,-0.263598326359833,-0.113624408206207,0.995690244543537,0.0163527825226525,3,1.9097441446368968
54735,54735,0.6120177161014,1912,0,False,-1.0,-0.566001266458601,-0.49025974025974,-0.263598326359833,-0.113624408206207,0.996669416689419,0.0187127464642947,3,1.901014718678132
55148,55148,0.279699718231885,1913,0,False,0.0,-0.390302346155876,-0.258397932816537,-0.0276930894308943,0.0,0.794195617104697,0.0016805083039905,1,0.9699529085799231
55823,55823,0.288728246700376,1914,0,False,-1.0,-0.281537686349415,-0.25780771586038,-0.112982456140351,0.0,0.0654702042273559,0.0032543709376574,2,1.7396755356105957
56003,56003,0.258108620605795,1915,1,True,,-0.247279492692441,-0.578947368421053,0.0,0.0,0.729265293897008,0.0012811284563618,1,1.1459937646905674
56165,56165,0.251163037858501,1916,2,True,,-0.361577488768136,,0.0,0.0,0.838004962700721,0.0240385683960056,1,1.3381120054412055
56427,56427,0.264180276259727,1917,1,True,-1.0,-0.194336156273013,-0.390745501285347,0.0,0.0,,0.0,2,1.9253967245585346
56630,56630,0.337319933081143,1918,0,False,-0.345303878319584,-0.173761149662665,-0.154025670945158,0.0,0.0,0.973267509702294,0.0124593962313361,1,1.4435453241106058
56631,56631,0.337295109582312,1919,0,False,-0.345303878319584,-0.173761149662665,-0.159077468953282,0.0,0.0,0.972830735587814,0.0076320387683647,1,1.4516364706004432
56937,56937,0.354299695356854,1920,0,False,-1.0,-0.261596855494264,-0.177777777777778,0.0,0.0,0.523805227945014,0.186302494049181,2,0.985234417605273
56938,56938,0.356881239336839,1921,0,False,-1.0,-0.275394407450656,-0.183206106870229,0.0,0.0,0.522709537766086,0.185631180594715,2,0.9771617839498704
57779,57779,0.311148899549239,1922,0,False,-1.0,-0.176278737665119,-0.204724409448819,0.0,0.0,0.398565443541934,0.0554990184447175,2,0.6068049421051589
57780,57780,0.3202096439629,1923,0,False,-1.0,-0.17256144699985,-0.272,0.0,0.0,0.394543486008881,0.0529230991768093,2,0.5773785134121555
57904,57904,0.683042425487796,1924,0,False,-1.0,-0.574287324884057,-0.443078913324709,-0.242307692307692,-0.718227424749164,0.987548197012623,0.0047919869716472,3,2.3415266894841706
57905,57905,0.677383948177619,1925,0,False,-1.0,-0.561451398166511,-0.437862202189311,-0.242307692307692,-0.718227424749164,0.984844751344652,0.0011807468797269,3,2.350812678079979
57906,57906,0.633420086762371,1926,0,False,-1.0,-0.561451398166511,-0.434504792332268,-0.242307692307692,-0.69435878831852,0.9954801552282,0.0004299560147577,3,2.2928663109471863
57907,57907,0.63163112616219,1927,0,False,-1.0,-0.547946599004179,-0.432950191570881,-0.242307692307692,-0.69435878831852,0.991311600287348,4.67937828105129e-05,3,2.2870665011234173
57908,57908,0.608364364339266,1928,0,False,-1.0,-0.547946599004179,-0.431397574984046,-0.242307692307692,-0.69435878831852,0.955030289628343,0.0005030253356333,3,2.2658081059555575
57968,57968,0.314077911597726,1929,0,False,0.0,-0.298270834142611,-0.255208333333333,-0.0121679774447247,-0.173066374108612,0.877057537506244,0.312739085391487,1,2.5929636570650536
58029,58029,0.293348628499894,1930,1,True,-1.0,-0.234263326619372,-0.148975791433892,-0.370748299319728,-0.522697223446452,,0.0,2,3.1688905774726304
58121,58121,0.625723550959075,1931,0,False,-1.0,-0.576123028896717,-0.50965250965251,-0.263598326359833,-0.20668549905838,0.986680477979957,0.0105872226282072,3,1.760897438467747
58632,58632,0.28316196826627,1932,0,False,0.0,-0.0256956691079457,-0.0077519379844961,-0.0817733990147783,-0.208067940552017,1.0,0.373134216920878,1,3.547160738071627
58704,58704,0.33371375089628,1933,3,True,,-0.604397645065869,0.0,,,0.967970553629272,0.001986149471273,1,1.3518013939447284
58705,58705,0.323694675749025,1934,3,True,,-0.545949392024192,0.0,,,0.967699180854749,0.0013158764401395,1,1.3474864259303136
58855,58855,0.251604551169512,1935,0,False,0.0,-0.19947316005663,-0.360636417206836,0.0,0.0,0.64226244569322,0.0001177198872517,1,1.4042627122580267
58914,58914,0.647511433347355,1936,0,False,-1.0,-0.559019131046202,-0.454029511918275,-0.457407407407407,-0.451379492911348,0.990793269797108,0.0538935264536969,3,1.0757465966121942
58915,58915,0.627713218636116,1937,0,False,-1.0,-0.525597158218261,-0.444633730834753,-0.288834951456311,-0.451379492911348,0.989642059211995,0.0350299107348531,3,1.478152183688716
59257,59257,0.296049718537405,1938,0,False,-0.140458821755787,-0.243454068018653,-0.149377593360996,0.0,0.0,0.92513427952101,0.0850250687774664,1,1.1746602211628239
59258,59258,0.278624426929257,1939,0,False,-0.140458821755787,-0.224968595435077,-0.108597285067873,0.0,0.0,0.910980077369879,0.086988790561484,1,1.2718871814983839
59259,59259,0.269779685687553,1940,0,False,-0.140458821755787,-0.224968595435077,-0.0888888888888889,0.0,0.0,0.899396062934231,0.0885254014153484,1,1.3048089786384607
59363,59363,0.672199617443389,1941,0,False,-1.0,-0.51559464197933,-0.616113744075829,-0.765544780376497,-0.403149606299213,0.869412723595491,0.11808213734643,3,1.0759976011125638
60216,60216,0.375020409391114,1942,0,False,-1.0,-0.247314133324645,-0.51864406779661,0.0,0.0,0.309638549465134,0.32591729515568,2,2.354219169808715
60217,60217,0.378019418032902,1943,0,False,-1.0,-0.247314133324645,-0.53577106518283,0.0,0.0,0.30947089586598,0.328323895128496,2,2.383517647027821
60227,60227,0.264573907813355,1944,0,False,0.0,-0.307943235307514,-0.253968253968254,-0.000453514739229,0.0,0.684287541722618,0.019921166951773,1,1.167991120040085
60228,60228,0.278176416330101,1945,0,False,0.0,-0.307943235307514,-0.253263707571802,-0.0004638936137312,0.0,0.715198696927135,0.0194884435617777,1,1.1148578452694105
60229,60229,0.278890782363144,1946,0,False,0.0,-0.307943235307514,-0.255208333333333,-0.0004638936137312,0.0,0.715531354131277,0.0207017469055371,1,1.1080959071520646
60230,60230,0.293557975471056,1947,0,False,0.0,-0.298270834142611,-0.255208333333333,-0.000453514739229,-0.183376925312409,0.709881776126234,0.021125178878397,1,1.3212411720218784
60231,60231,0.291157462904111,1948,0,False,0.0,-0.298270834142611,-0.255208333333333,-0.0123698898778096,-0.183376925312409,0.701496119391063,0.0218106299485024,1,1.3315083530949916
60232,60232,0.254149064806178,1949,0,False,0.0,-0.298270834142611,-0.25130890052356,-0.0120765832106038,-0.249113025848961,0.526816567515541,0.50898336850419,2,4.440851450163741
60237,60237,0.262573641159441,1950,1,True,-1.0,-0.13063665215145,-0.444805194805195,0.0,0.0,,0.0,2,1.957966532007855
60238,60238,0.34090949988993,1951,0,False,-1.0,-0.184424318554451,-0.420731707317073,0.0,0.0,0.364990769263552,0.18664320393811,2,1.072724727214086
60825,60825,0.489828798630874,1952,0,False,-1.0,-0.222114533389338,-0.270253555967842,-0.108374384236453,-0.183305238184429,0.829637727600648,0.0097465521365451,2,1.5265321906297666
60826,60826,0.429409795694767,1953,0,False,-1.0,-0.222114533389338,-0.275969962453066,-0.0023677979479084,0.0,0.65822854756871,0.0071963342702672,2,0.9514074666867085
60827,60827,0.423334345457517,1954,0,False,-1.0,-0.259757891863267,-0.270420792079208,-0.0023677979479084,0.0,0.578924869580217,0.0463630653972937,2,0.5196314713105403
60836,60836,0.601521445427368,1955,0,False,-1.0,-0.65684137616236,-0.636363636363636,-1.0,-0.5,0.628275097486874,0.0309721077916409,3,2.3562859592211916
60837,60837,0.596952446952503,1956,0,False,-1.0,-0.65684137616236,-0.612794612794613,-1.0,-0.5,0.626264618936257,0.0319539938077077,3,2.3458377747459083
60838,60838,0.631215663782765,1957,0,False,-1.0,-0.65684137616236,-0.601328903654485,-1.0,-0.984375,0.624983280049976,0.0325765353691635,3,3.539288545229121
60912,60912,0.416666666666667,1958,4,True,,1.0,,,,1.0,0.0024074951538516,4,4.019228434682756
61199,61199,0.329149065775706,1959,0,False,-1.0,-0.0868631487696922,-0.0875,-0.603703703703704,-0.127560837577816,0.193759205628915,0.437085861787528,3,4.082424606511403
61200,61200,0.373210823628685,1960,0,False,-1.0,-0.0444839551029111,-0.0775978407557355,-0.712550607287449,-0.148533772652389,0.47733194436069,0.629068853319505,3,5.231861523962034
61958,61958,0.251011116817051,1961,3,True,,-0.204841726798248,-0.833333333333333,,,0.582543096128968,0.103552829196154,1,1.6431368351091007
61959,61959,0.320498146657958,1962,3,True,,-0.524691775069129,-0.904761904761905,,,0.534530021836889,0.0740762812270286,1,1.5482665484265332
61960,61960,0.349538253085216,1963,3,True,,-0.58280197391345,-0.947368421052632,,,0.566838307395589,0.0750042462962023,1,1.5371249236824847
61961,61961,0.343412907136466,1964,3,True,,-0.58280197391345,-0.931034482758621,,,0.557561895267459,0.075706217818208,1,1.5331593807892387
61962,61962,0.335486652570359,1965,3,True,,-0.58280197391345,-0.91304347826087,,,0.545928977906474,0.0726215336099509,1,1.5313124260248414
61963,61963,0.321193514589535,1966,3,True,,-0.524691775069129,-0.904761904761905,,,0.537015568519143,0.0731813326280798,1,1.541307898215977
62178,62178,0.250902952285354,1967,1,True,,-0.329812432356164,-0.709677419354839,0.0,0.0,0.415442022790081,0.167577165493528,1,2.028910763164106
62195,62195,0.254118258663459,1968,1,True,,-0.287496832036626,-0.702127659574468,0.0,0.0,0.488374833606092,0.208528691665049,1,2.1036408857572875
62212,62212,0.430576311905703,1969,0,False,-1.0,-0.360697038286636,-0.379120879120879,0.0,0.0,0.617246191533798,0.56282597052203,2,4.448054137981824
62213,62213,0.407166438518069,1970,0,False,-1.0,-0.357866537895511,-0.309677419354839,0.0,0.0,0.598442552283587,0.537334987166165,2,4.20438107360739
62214,62214,0.386874033801814,1971,0,False,-1.0,-0.327671538884062,-0.307692307692308,0.0,0.0,0.568378503625951,0.485492106956964,2,3.711404244596578
62215,62215,0.395717486384829,1972,0,False,-1.0,-0.351155812397901,-0.340909090909091,0.0,0.0,0.567212163716819,0.487614568030693,2,3.7349500896715515
62216,62216,0.369674746140889,1973,0,False,-1.0,-0.305283394362172,-0.291338582677165,0.0,0.0,0.543134520931846,0.506899402065037,2,3.904139814167258
62217,62217,0.315211049519517,1974,0,False,-1.0,-0.28734562449174,-0.0561797752808989,0.0,0.0,0.429771818168914,0.170563935376031,2,1.037734425027207
62218,62218,0.31338416789792,1975,0,False,-1.0,-0.274573260788682,-0.0561797752808989,0.0,0.0,0.428800671174035,0.16858501256027,2,1.0220443493423526
62942,62942,0.51882582455652,1976,0,False,-1.0,-0.304472284952036,-0.217289719626168,-0.151503164556962,-0.126739375705152,0.963091457312262,0.0295143620305082,2,1.7976354114188937
62943,62943,0.543459946622546,1977,0,False,-1.0,-0.246160516246358,-0.202805376972531,-0.274300932090546,-0.322697056030389,0.947610005645673,0.0220563791975104,3,1.658073528650301
62944,62944,0.53004906588205,1978,0,False,-1.0,-0.221912719237674,-0.195791934541204,-0.342180481829318,-0.267854327605234,0.924253464481939,0.0164137117304309,3,1.5971846122183853
63115,63115,0.45161394579888,1979,0,False,-1.0,-0.320644419024901,-0.284996861268048,-0.0140679953106682,-0.470033562410101,0.351087557540753,0.0230601353879592,2,2.079835828176304
63116,63116,0.402540819235794,1980,0,False,-1.0,-0.320644419024901,-0.279308135810378,-0.216833095577746,-0.0015055706112616,0.34974321105065,0.0155029818185916,2,1.1532444019429229
63117,63117,0.267151372130945,1981,0,False,-1.0,-0.260659117152484,-0.287755102040816,-0.180878552971576,0.0,0.0,2.20701872611423e-06,2,1.9995981518293864
63128,63128,0.336184268021008,1982,3,True,,-0.406554005062545,-0.833333333333333,,,0.780508674245904,0.0227839204952133,1,1.0518308934628722
63129,63129,0.334639789614358,1983,3,True,,-0.406554005062545,-0.833333333333333,,,0.776360452558812,0.0218058472998901,1,1.0594268005589542
63130,63130,0.332808264950038,1984,3,True,,-0.406554005062545,-0.833333333333333,,,0.769869544479755,0.0222490835464962,1,1.0652928302831155
63131,63131,0.332285448414762,1985,3,True,,-0.406554005062545,-0.833333333333333,,,0.768487931240167,0.0218691687995271,1,1.0681149339056595
63132,63132,0.330546237193788,1986,3,True,,-0.406554005062545,-0.833333333333333,,,0.763453743206728,0.0219283593501476,1,1.0739243238978862
63133,63133,0.330264066297282,1987,3,True,,-0.406554005062545,-0.833333333333333,,,0.762634482260334,0.0218530206956313,1,1.0751638404598247
63134,63134,0.329906365961108,1988,3,True,,-0.406554005062545,-0.833333333333333,,,0.761385307437591,0.0218575842608476,1,1.0766842796353977
63135,63135,0.329503432452307,1989,3,True,,-0.406554005062545,-0.833333333333333,,,0.759892285490721,0.0219957523889834,1,1.0780986902629865
63136,63136,0.328886301697467,1990,3,True,,-0.406554005062545,-0.833333333333333,,,0.810025945604351,0.0418658445329375,1,0.9770793882067818
63137,63137,0.328592284074016,1991,3,True,,-0.406554005062545,-0.833333333333333,,,0.809581551234024,0.0416593107396313,1,0.9777889127449737
63138,63138,0.305749648063749,1992,3,True,,-0.274588706633784,-0.833333333333333,,,0.809763189385092,0.0401445636528082,1,1.1578901894151412
63139,63139,0.292826115152252,1993,3,True,,-0.204841726798248,-0.833333333333333,,,0.807069702768445,0.0398668959831153,1,1.281424785680673
63140,63140,0.291428095688135,1994,3,True,,-0.204841726798248,-0.833333333333333,,,0.806240924941315,0.0380687402435476,1,1.284672538705156
63214,63214,0.304645381489074,1995,1,True,-1.0,-0.0738202054483714,-0.0686015831134565,-0.727272727272727,-0.286554115164305,,0.0,3,3.5286890906062145
63686,63686,0.483434007539145,1996,0,False,-1.0,-0.377680863240629,-0.567375886524823,-0.177897574123989,0.0,0.545907938774751,0.0566831819488202,2,0.9487509894143152
63687,63687,0.470728991481454,1997,0,False,-1.0,-0.377680863240629,-0.564705882352941,-0.177897574123989,0.0,0.578656276148577,0.0326784116671821,2,1.0601088242166419
63988,63988,0.800387978124614,1998,0,False,1.0,1.0,1.0,-1.0,-1.0,1.0,0.130801009936489,4,2.848568339781047
63989,63989,0.462177256177567,1999,0,False,-0.836588618013349,-0.149240876498861,-0.287234042553192,0.0,0.0,1.0,0.129022223940661,2,1.7786853700642815
64021,64021,0.276056342012031,2000,0,False,0.0,-0.0825586261295748,-0.176754151044456,-0.0537142857142857,-0.45370925814837,0.854266067949511,0.191674610754359,1,2.65851077347325
64022,64022,0.275291435538911,2001,0,False,0.0,-0.0696532573658984,-0.199466666666667,-0.0440900562851782,-0.453075079872204,0.851745671529089,0.192278495031346,1,2.658762972532831
64795,64795,0.571573996042567,2002,0,False,-1.0,-0.23094203061867,-0.189917936694021,-0.477651515151515,-0.267854327605234,0.999347096158648,0.0538503366655992,3,1.2732890625837745
64796,64796,0.566804498202379,2003,0,False,-1.0,-0.207672602560615,-0.184967704051674,-0.477651515151515,-0.267854327605234,0.99925895960021,0.0533638135577515,3,1.3067755560022474
64797,64797,0.559571759652556,2004,0,False,-1.0,-0.191019733308782,-0.18379330593071,-0.419856962557846,-0.267854327605234,0.999447659131872,0.052282425711794,3,1.3907279048796268
64943,64943,0.592707139943162,2005,2,True,,-1.0,-1.0,-0.728260869565217,,0.998419272607377,0.0083411871311311,3,3.1685428202182027
64944,64944,0.591991208396063,2006,2,True,,-1.0,-1.0,-0.71264367816092,,0.998165093551091,0.0069152875288828,3,3.160129511622419
64945,64945,0.588891024037759,2007,2,True,,-1.0,-1.0,-0.6,,0.997564460864638,0.0064220517751768,1,2.8925463909020377
64946,64946,0.588602933829431,2008,2,True,,-1.0,-1.0,-0.6,,0.997339005554113,0.0062737705472133,1,2.892682376774259
65316,65316,0.296146477593836,2009,0,False,-1.0,-0.202034609732327,-0.204545454545455,0.0,0.0,0.325024776238236,0.0198561160236872,2,0.9553121697089744
65317,65317,0.266079080819473,2010,0,False,-1.0,-0.202034609732327,-0.204545454545455,0.0,0.0,0.235746375132352,0.0063311891687708,2,1.2469001794432497
65524,65524,0.614209703710825,2011,0,False,-1.0,-0.563377307508217,-0.435649935649936,-0.250950570342205,-0.69435878831852,0.970946764250131,0.0739923627312136,3,2.0112853431684314
65549,65549,0.666506305629244,2012,0,False,-1.0,-0.51559464197933,-0.646913580246914,-0.791370558375635,-0.403149606299213,0.785132236267098,0.091275062532097,3,1.2468032114736673
65550,65550,0.696841156339788,2013,0,False,-1.0,-0.520124550459172,-0.664141414141414,-0.821691973969631,-0.41091492776886,0.886272876653159,0.0738454606748559,3,1.3736249555183608
65551,65551,0.709469083261089,2014,0,False,-1.0,-0.55413879371885,-0.674300254452926,-0.838252656434475,-0.41091492776886,0.901720134059131,0.0720366945719046,3,1.4571787936067437
65552,65552,0.727208552692076,2015,0,False,-1.0,-0.55413879371885,-0.68298969072165,-0.838252656434475,-0.506262359920897,0.907756407196512,0.0717949121363066,3,1.5910112687880913
65553,65553,0.792465614132783,2016,0,False,-1.0,-0.595488270145461,-0.701570680628272,-0.871913580246914,-0.704203013481364,1.0,0.0630522806685795,3,2.258300186597329
65554,65554,0.953171763939616,2017,0,False,1.0,1.0,1.0,-1.0,-1.0,1.0,0.0649457978768598,4,2.8562194529760303
65555,65555,0.398814603408045,2018,0,False,0.0,-0.391779905146649,-0.289002557544757,-0.0934393638170974,-0.25426039536469,1.0,0.0652444101253658,1,1.3172602740654067
65556,65556,0.375354340720336,2019,0,False,0.0,-0.391779905146649,-0.287179487179487,-0.0890392422192152,-0.0499348675640469,0.989932276210319,0.0649622397567745,1,0.8490977611767777
65557,65557,0.374527311380325,2020,0,False,0.0,-0.416891670923018,-0.28498727735369,-0.0878974084958589,-0.0499348675640469,0.974079651896656,0.0652045099573444,1,0.7963669699756766
65821,65821,0.275748905629883,2021,0,False,-1.0,-0.292914814132031,-0.182481751824818,0.0,0.0,0.119493421185884,0.0269894254662797,2,1.4859760266201196
65823,65823,0.377329462611998,2022,0,False,-1.0,-0.370093851500597,-0.303703703703704,0.0,0.0,0.469504449896769,0.0917289707538519,2,0.3910766267832754
65824,65824,0.308809294689079,2023,0,False,-1.0,-0.210769273812622,-0.105263157894737,0.0,0.0,0.512941931509709,0.0148708866357664,2,0.886792987283003
66075,66075,0.337418285207499,2024,3,True,,-0.470802118845353,-0.833333333333333,,,0.759163203755166,0.156621283577825,1,1.311648156285955
66076,66076,0.327670554987851,2025,3,True,,-0.470802118845353,-0.833333333333333,,,0.733065374123719,0.156742168452149,1,1.3420263618166974
66195,66195,0.313213585087793,2026,0,False,-1.0,-0.268708046833231,-0.12621359223301,0.0,0.0,0.430146499459032,0.0568751478000071,2,0.6370492287075723
66196,66196,0.269140354989085,2027,0,False,-1.0,-0.268708046833231,-0.12621359223301,0.0,0.0,0.230190948018794,0.0557329392223092,2,1.1035949491996917
66355,66355,0.313122322780624,2028,3,True,,-0.406554005062545,-0.833333333333333,,,0.716632678644088,0.0008088176837816,1,1.2184225956032964
66356,66356,0.31578665176117,2029,3,True,,-0.406554005062545,-0.833333333333333,,,0.730788792447357,0.0005645622343801,1,1.1988134493233644
66357,66357,0.323779036208141,2030,3,True,,-0.406554005062545,-0.833333333333333,,,0.704866934729693,0.000219408414944,1,1.2392978899651799
66358,66358,0.302231249615087,2031,3,True,,-0.406554005062545,-0.833333333333333,,,0.439445438513886,0.0001975470772619,1,1.8449880867356458
66496,66496,0.270837820930302,2032,1,True,,-0.232627599056503,-0.611111111111111,0.0,0.0,0.810586112824916,0.153748785005157,1,1.2814157526235208
66932,66932,0.338269348194941,2033,0,False,-1.0,-0.293218816165895,-0.245762711864407,0.0,0.0,0.464273048651295,0.102744507862103,2,0.3360549519293439
66933,66933,0.333669978548907,2034,0,False,-1.0,-0.305451230762674,-0.221238938053097,0.0,0.0,0.461816618305613,0.0987346838425815,2,0.3758559585720409
66934,66934,0.323624195367844,2035,0,False,-1.0,-0.263733338985585,-0.221238938053097,0.0,0.0,0.458700008635668,0.094191400407205,2,0.3404586351832444
66935,66935,0.302781774051485,2036,0,False,-1.0,-0.241381427119908,-0.157407407407407,0.0,0.0,0.445487928753803,0.092185647171226,2,0.47280352364450806
66936,66936,0.294598300127873,2037,2,True,-1.0,-0.248938792693917,-0.116504854368932,,,0.441131617211465,0.0895058814224827,2,0.56046995633864
66937,66937,0.268498724016224,2038,1,True,-1.0,-0.176563191275383,-0.0631578947368421,,0.0,0.434244249693631,0.082504316510743,2,0.7059466271930288
67900,67900,0.324764538498123,2039,0,False,-1.0,-0.396662644870677,-0.323529411764706,0.0,0.0,0.169188593332462,0.0521783886471126,2,1.267294003536831
67901,67901,0.308979173367661,2040,0,False,-1.0,-0.355892844779515,-0.308270676691729,0.0,0.0,0.140458097282799,0.0482186704802267,2,1.3392655463524836
67902,67902,0.309394212128073,2041,0,False,-1.0,-0.370093851500597,-0.308270676691729,0.0,0.0,0.131973443628585,0.0475244744424253,2,1.3761684418608051
67903,67903,0.304994133531549,2042,0,False,-1.0,-0.370093851500597,-0.305970149253731,0.0,0.0,0.113308996320942,0.0456182656730896,2,1.4399000691302604
68037,68037,0.943540219294741,2043,0,False,1.0,1.0,1.0,-1.0,-1.0,1.0,0.0002744490879277,4,2.989202922749934
68999,68999,0.262040072770437,2044,4,True,,,,-1.0,,1.0,0.0007523316089482,3,3.3541811037376763
69000,69000,0.262040072770437,2045,4,True,,,,-1.0,,1.0,0.0006409249101051,3,3.3545295355588016
69001,69001,0.262040072770437,2046,4,True,,,,-1.0,,1.0,0.0005068157816314,3,3.3549493496957643
69002,69002,0.262040072770437,2047,4,True,,,,-1.0,,1.0,0.00010375372544,3,3.3562135823948838
69194,69194,0.586272902265285,2048,0,False,-1.0,-0.445292910293014,-0.354550862581797,-0.343939393939394,-0.378852568378919,0.98950256292164,0.0189312190815054,3,1.381122379238585
69205,69205,0.257954597465859,2049,0,False,-1.0,-0.210769273812622,-0.101010101010101,0.0,0.0,0.209249554086782,0.0164813375927012,2,1.3350035566291645
69211,69211,0.305525680187874,2050,1,True,,-0.290315131482876,-0.708333333333333,0.0,0.0,0.841407526396645,0.144038276577959,1,1.1887404374716015
69452,69452,0.296976128434812,2051,0,False,0.0,-0.022729539382098,-0.0406905055487053,0.0,-0.275444371296906,0.99894263646986,0.0977176799322365,1,2.135569814002107
69471,69471,0.357189076352417,2052,3,True,,-0.58280197391345,-0.96,,,0.579454980614785,0.0797678188389615,1,1.533774794915478
69600,69600,0.333704273239453,2053,1,True,,-0.329812432356164,-0.733333333333333,0.0,0.0,0.888758841371074,0.130350779645737,1,1.074299942018509
69880,69880,0.418403040587755,2054,0,False,-1.0,-0.293309574959975,-0.593846153846154,0.0,0.0,0.581505335009295,0.414515718128215,2,3.116430955425508
69881,69881,0.428495703561178,2055,0,False,-1.0,-0.367503766541435,-0.567796610169492,0.0,0.0,0.584025557913343,0.420758024138846,2,3.1758759552517506
70011,70011,0.322269965337597,2056,0,False,-1.0,-0.0974689442316317,-0.450592885375494,0.0,0.0,0.469593937212591,0.0227282345336081,2,0.8144171385997908
70426,70426,0.40394064959888,2057,0,False,-1.0,-0.285631802895745,-0.26701231367466,-0.0997150997150997,0.0,0.478639299742496,0.0138302485076554,2,0.7897010487933043
70427,70427,0.331991029167932,2058,0,False,-1.0,-0.180075703041226,-0.215523215523216,0.0,0.0,0.639958370361053,0.0322046784385266,2,0.7871833565945568
70428,70428,0.338716947335967,2059,0,False,-1.0,-0.180075703041226,-0.212141882673943,0.0,0.0,0.644847193488518,0.0356386048208834,2,0.7786311875665791
70429,70429,0.336537167912489,2060,0,False,-1.0,-0.156397881369627,-0.209952283571915,0.0,0.0,0.643601428698965,0.037540173234192,2,0.7822198790130185
70543,70543,0.34820824479937,2061,0,False,-1.0,-0.24512340243264,-0.183823529411765,0.0,0.0,0.45675739466578,0.0067631172353497,2,0.870858332316295
70544,70544,0.365444906169403,2062,0,False,-1.0,-0.281346155730351,-0.21830985915493,0.0,0.0,0.47921294191804,0.0069964308523327,2,0.8357502559408486
70545,70545,0.259515202644363,2063,0,False,-1.0,-0.281346155730351,-0.212765957446809,0.0,0.0,0.0764387334751059,0.0006897212008951,2,1.7057207502290372
70716,70716,0.382716893686529,2064,0,False,-1.0,-0.0464679441258559,-0.0503693754197448,-0.511627906976744,-0.168598997681203,0.115673903092481,0.416919246695288,2,3.937733494538672
70717,70717,0.37417467077586,2065,0,False,-1.0,-0.0464679441258559,-0.0415531335149864,-0.339583333333333,-0.185483870967742,0.117350188227929,0.416583091691574,2,3.6891173350360944
70963,70963,0.417633256028844,2066,1,True,0.0,-0.443153622638976,-0.641456582633053,,0.0,0.972799498391946,0.283800166212358,1,2.1669466873686587
71292,71292,0.508075921818709,2067,0,False,-1.0,-0.141522461029967,-0.146625766871166,-0.330792682926829,-0.522697223446452,0.976416849045485,0.007241122556447,3,1.9306696749069205
71336,71336,0.32141419756835,2068,0,False,-1.0,-0.294080048364385,-0.504347826086956,0.0,0.0,0.173353398744511,0.0004772233136975,2,1.4764666920066898
71337,71337,0.417815991605422,2069,0,False,-1.0,-0.294080048364385,-0.506920415224913,0.0,0.0,0.415328259289748,0.0211988646511966,2,0.8522738162213293
71338,71338,0.417917590051683,2070,0,False,-1.0,-0.294080048364385,-0.508620689655172,0.0,0.0,0.416884928147565,0.0211018314260454,2,0.8531144183351538
71369,71369,0.638497118885666,2071,0,False,-1.0,-0.490364156570479,-0.601873536299766,-0.744286596664608,-0.338773709748566,0.78764969596357,0.0407279363409124,3,1.2534105928023207
71370,71370,0.663358696170613,2072,0,False,-1.0,-0.505716968744873,-0.60655737704918,-0.764236902050114,-0.338773709748566,0.859469620706891,0.120206427896839,3,1.0373848284900185
71695,71695,0.270980262983802,2073,3,True,,-0.545949392024192,0.0,,,0.847580762760122,0.0003837719797771,1,1.3184713576019715
71746,71746,0.397567588884413,2074,3,True,,-0.436756551918371,-1.0,,,0.666076462732646,0.0446135959592122,1,1.463166867902048
71747,71747,0.398298607258426,2075,3,True,,-0.436756551918371,-1.0,,,0.668231756692121,0.0444153163059757,1,1.459797163133016
71748,71748,0.433942910245229,2076,3,True,,-0.436756551918371,-1.0,,,0.878389040638483,0.041502986360955,1,1.280457239747887
71749,71749,0.434553046125732,2077,3,True,,-0.436756551918371,-1.0,,,0.8816167978879,0.0414191509435006,1,1.2806789886077274
71820,71820,0.575962522334209,2078,0,False,-1.0,-0.471755982981778,-0.369405099150142,-0.0180412371134021,-0.0398435086996808,0.962966360058428,0.0266027021162922,1,1.7137387637933885
72033,72033,0.522354546393856,2079,0,False,-1.0,-0.191019733308782,-0.18331374853114,-0.377988272440235,-0.267854327605234,0.915733050666295,0.0203955316782958,3,1.5523334372789015
72034,72034,0.523484798610688,2080,0,False,-1.0,-0.207672602560615,-0.184380504991192,-0.371618625277162,-0.267854327605234,0.910757619407266,0.0201352549847013,3,1.5443575854239124
72035,72035,0.523155047668755,2081,0,False,-1.0,-0.207672602560615,-0.185773074661964,-0.371618625277162,-0.267854327605234,0.90940066303583,0.0201379877024023,3,1.5425872763319106
72039,72039,0.580378190392406,2082,0,False,-1.0,-0.520124550459172,-0.661616161616162,-0.791370558375635,-0.41091492776886,0.33959842329327,0.015954039699554,3,2.378241612053888
72040,72040,0.580877383971721,2083,0,False,-1.0,-0.520124550459172,-0.66497461928934,-0.791370558375635,-0.41091492776886,0.339775256361953,0.0154232895843556,3,2.3814861745593867
72041,72041,0.581106565680309,2084,0,False,-1.0,-0.520124550459172,-0.666666666666667,-0.791370558375635,-0.41091492776886,0.340008086173823,0.0148208180393887,3,2.3840639292956287
72042,72042,0.584753273669877,2085,0,False,-1.0,-0.55413879371885,-0.669250645994832,-0.764334862385321,-0.41091492776886,0.340392139002352,0.0135575147466571,3,2.3608716071706026
72043,72043,0.585270535768004,2086,0,False,-1.0,-0.55413879371885,-0.672727272727273,-0.764334862385321,-0.41091492776886,0.340552137631354,0.012991764762477,3,2.3644916444082003
72044,72044,0.603941895012135,2087,0,False,-1.0,-0.55413879371885,-0.687165775401069,-0.800600600600601,-0.506262359920897,0.342505492444737,0.005756349115263,3,2.5250846723351397
72045,72045,0.526456777506108,2088,0,False,-1.0,-0.549439181523836,-0.691056910569106,-0.782722513089005,0.0,0.342653749750397,0.0048763938981125,3,2.851196614705136
72046,72046,0.411775847544746,2089,1,True,-1.0,-0.548457580334495,-0.692934782608696,-0.691736304549675,0.0,,0.0,2,3.3786440518079064
72648,72648,0.406847826990004,2090,3,True,,-0.58280197391345,-0.933333333333333,,,0.843062246704869,0.084144579849664,1,1.1075234866739272
72649,72649,0.411780356546854,2091,3,True,,-0.58280197391345,-0.947368421052632,,,0.848434220035191,0.0856081459930944,1,1.139671819285459
73008,73008,0.491664235710802,2092,0,False,-1.0,-0.340510820419725,-0.315758640890451,-0.148760330578512,-0.359612462006079,0.743008250822828,0.0001173017611961,2,1.9127049989488918
73015,73015,0.32625731009295,2093,0,False,0.0,-0.390302346155876,-0.262210796915167,-0.073141196415597,0.0,0.943545554119618,0.013555411009079,1,0.9210493329904919
73016,73016,0.313281382433448,2094,0,False,0.0,-0.390302346155876,-0.258397932816537,-0.0277142130689041,0.0,0.902167709753312,0.0110048842360722,1,0.883959112860357
73332,73332,0.433330717887445,2095,1,True,,-0.530616074767925,-0.142857142857143,-1.0,-0.197183098591549,0.890824393562838,0.263915575224172,3,2.813573609317455
73333,73333,0.386846785428811,2096,1,True,,-0.481946089347464,-0.122448979591837,-1.0,0.0,0.896239955688847,0.253898180092963,3,3.092383101899112
73334,73334,0.314700899063752,2097,2,True,,-0.40930762596314,-0.12,,0.0,0.888554201640106,0.258541507807733,1,2.0875326259682834
73335,73335,0.314244334670474,2098,2,True,,-0.40930762596314,-0.12,,0.0,0.888719338891475,0.25795843750674,1,2.0827528436891236
73336,73336,0.310558807398557,2099,2,True,,-0.395594873303521,-0.12,,0.0,0.889856814104851,0.255188941413166,1,2.0668879868840353
73337,73337,0.302339326314984,2100,2,True,,-0.370244026115862,-0.12,,0.0,0.887789610747049,0.255995714991082,1,2.0873512409651833
73338,73338,0.283465516473165,2101,2,True,,-0.38154655088315,-0.12,,0.0,0.887617004119924,0.254733461245033,1,2.070575453365047
73438,73438,0.38811750601598,2102,1,True,-1.0,-0.278452832263826,-0.49009009009009,,0.0,0.328658007699887,0.0096719722419371,2,1.0481418355590078
73439,73439,0.386674054208069,2103,1,True,-1.0,-0.278452832263826,-0.482632541133455,,0.0,0.328987860540469,0.0084067182214474,2,1.0495575807570101
73440,73440,0.385069174820433,2104,1,True,-1.0,-0.278452832263826,-0.473880597014925,,0.0,0.32942953549213,0.0068248101778718,2,1.0523185991712134
73441,73441,0.384928725664511,2105,1,True,-1.0,-0.283929933511816,-0.467924528301887,,0.0,0.329923195798526,0.0054051191088912,2,1.0578513701028043
73442,73442,0.383754941394337,2106,1,True,-1.0,-0.289626824540891,-0.456479690522244,,0.0,0.330679926788869,0.0024681910218576,2,1.0702867278249082
73443,73443,0.287369420776612,2107,2,True,-1.0,-0.276691772184427,-0.447524752475248,,0.0,,0.0,2,1.9383595596407566
73619,73619,0.593686560495532,2108,0,False,-1.0,-0.436857571638632,-0.611620795107034,-0.930762489044698,-0.0711206896551724,1.0,0.0847986172136232,3,2.0737449853528953
73620,73620,0.6297344697633,2109,0,False,-1.0,-0.426309049089722,-0.644970414201183,-0.962770970782281,-0.123983739837398,1.0,0.093844670035983,3,2.0468205961349786
73621,73621,0.633454677828532,2110,0,False,-1.0,-0.426309049089722,-0.654069767441861,-0.965313028764805,-0.123983739837398,1.0,0.0958454068958071,3,2.0570103030534237
73628,73628,0.430197382725706,2111,0,False,-1.0,-0.340041618758692,-0.328767123287671,0.0,0.0,0.650318017459944,0.0500399425176076,2,0.6875293716433868
74060,74060,0.490028688137655,2112,0,False,-1.0,-0.422375458086479,-0.574647887323944,0.0,0.0,0.54108592523793,0.039649037575912,2,0.9068877417566347
74061,74061,0.391502978073246,2113,0,False,-1.0,-0.310981129740516,-0.460446247464503,0.0,0.0,0.338518665267926,0.0357875874968443,2,0.8540359995124915
74062,74062,0.443704418915934,2114,0,False,-1.0,-0.426102338130865,-0.590625,0.0,0.0,0.365268699548598,0.0507329420933229,2,0.9999043998903326
74063,74063,0.429319252373933,2115,0,False,-1.0,-0.397920210091539,-0.53935860058309,0.0,0.0,0.365418700237979,0.044603078096118,2,0.9180853787522032
74064,74064,0.418186907141014,2116,0,False,-1.0,-0.366567473407185,-0.513157894736842,0.0,0.0,0.364219635282392,0.0411943244006822,2,0.8700016780554333
74065,74065,0.400682530334868,2117,0,False,-1.0,-0.326185785650439,-0.467889908256881,0.0,0.0,0.359252201714832,0.0348241956893776,2,0.8311568583213188
74066,74066,0.392974804226121,2118,0,False,-1.0,-0.30175420277368,-0.46072186836518,0.0,0.0,0.350087948349466,0.0346245782088204,2,0.8307454764411384
74067,74067,0.388552615324036,2119,0,False,-1.0,-0.287673721263743,-0.457731958762887,0.0,0.0,0.343782988685135,0.0349009210051599,2,0.8344520449241098
74100,74100,0.508128547827417,2120,0,False,-1.0,-0.447830482191404,-0.648414985590778,-0.952297847585806,-0.0726872246696035,0.205572942714956,0.0035426673874188,3,3.2543034342892634
74101,74101,0.507459511312627,2121,0,False,-1.0,-0.447830482191404,-0.647230320699708,-0.94782034346103,-0.0726872246696035,0.205894037681003,0.0018338499187206,3,3.2504254657989256
74102,74102,0.42232963705174,2122,1,True,-1.0,-0.447830482191404,-0.64306784660767,-0.94782034346103,-0.0726872246696035,,0.0,3,3.7741424451529224
74327,74327,0.355621158982921,2123,0,False,-1.0,-0.280660118643443,-0.239669421487603,0.0,0.0,0.514479116873204,0.0077684354795972,2,0.8114634238527774
74328,74328,0.358643306530587,2124,0,False,-1.0,-0.280660118643443,-0.239669421487603,0.0,0.0,0.524514276167352,0.0086286899824351,2,0.8061343800395601
74331,74331,0.296119441999134,2125,0,False,-1.0,-0.218786812377693,-0.0625,0.0,0.0,0.523468140250617,0.068675482067842,2,0.6741819583968213
75472,75472,0.484207474357645,2126,0,False,-1.0,-0.250716863755253,-0.203714451538015,0.0,0.0,0.993389942276996,0.12585540553279,2,1.730019337948485
75473,75473,0.473004971828924,2127,0,False,-1.0,-0.278853038986823,-0.231664726426077,-0.0649563318777293,0.0,0.946853442660014,0.0041339499532142,2,1.7292179910399745
75481,75481,0.277904476718959,2128,3,True,,-0.545949392024192,0.0,,,0.865655095262883,0.0006185219392319,1,1.3144039627714523
75482,75482,0.312633765766504,2129,3,True,,-0.545949392024192,0.0,,,0.946860563917597,0.0014799519600642,1,1.3322725628962497
75483,75483,0.324262861503671,2130,3,True,,-0.570195385183548,0.0,,,0.961865266014075,0.0026428050895918,1,1.3386258420400645
75499,75499,0.2816856442705,2131,0,False,0.0,-0.40511116792844,-0.267716535433071,-0.0829214717188358,0.0,0.711051988627207,0.0014145079876556,1,1.0955387848495275
75500,75500,0.260389223969131,2132,0,False,0.0,-0.390302346155876,-0.266149870801034,-0.0763204447814001,-0.0499348675640469,0.537870935498903,0.0072185147686413,1,1.4751996771620248
76373,76373,0.632211168393287,2133,0,False,-1.0,-0.580496300912976,-0.46882951653944,-0.263598326359833,-0.660521809207213,0.96603649120821,0.0334364985882678,3,2.007105116778569
76397,76397,0.262682721067087,2134,1,True,-1.0,-0.298050903140306,-0.278045423262216,0.0,0.0,,0.0,2,1.9229370720538914
77007,77007,0.604419717882513,2135,0,False,-1.0,-0.454602446821941,-0.332774049217002,-0.569767441860465,-0.0528760759666621,0.979578488940131,0.0781635034313464,3,1.5003502537836544
77008,77008,0.605408586170079,2136,0,False,-1.0,-0.46149785550011,-0.336148648648649,-0.564421190320471,-0.0528760759666621,0.979093644585888,0.0763400480214052,3,1.5027425669594279
77009,77009,0.60145214684108,2137,0,False,-1.0,-0.448854951919064,-0.340534394542354,-0.542274052478134,-0.0338286713286713,0.978127129401287,0.0702978340004692,3,1.583794059354661
77010,77010,0.612028906962408,2138,0,False,-1.0,-0.447023228638653,-0.346590909090909,-0.46875,-0.0398435086996808,0.977104132005513,0.0711508885391493,3,1.580848982372147
77011,77011,0.58561291197774,2139,0,False,-1.0,-0.437879472157742,-0.354488279016581,-0.0133843212237094,-0.194854528187862,0.96907647312828,0.0598289732407613,2,1.8303339550495439
77012,77012,0.54670547697832,2140,0,False,-1.0,-0.407912353112202,-0.350857142857143,-0.149618320610687,-0.0957842028751413,0.967553588402593,0.0538147198263894,2,1.7532059021106572
77013,77013,0.525612678160537,2141,0,False,-1.0,-0.38777787363249,-0.334476843910806,-0.265806451612903,0.0,0.967571709042456,0.0543096836873045,2,1.8874853020648286
77014,77014,0.504597630280097,2142,0,False,-1.0,-0.368995587273036,-0.326659038901602,-0.0090322580645161,0.0,0.967409201043914,0.0537122912049598,2,1.6494475728498785
77015,77015,0.510511919130199,2143,0,False,-1.0,-0.368995587273036,-0.317842799770511,-0.140801644398767,0.0,0.96673843311532,0.0523508929005142,2,1.702443970484318
77016,77016,0.499596665334914,2144,0,False,-1.0,-0.368995587273036,-0.30046403712297,-0.0184994861253854,0.0,0.966618939352411,0.0540117239732303,2,1.6460072679210207
77017,77017,0.505133912731872,2145,0,False,-1.0,-0.362948206197387,-0.284467713787086,-0.187606112054329,0.0,0.966843447201669,0.0589916943909513,2,1.7443968799910072
77018,77018,0.475289781802789,2146,0,False,-1.0,-0.290307067402003,-0.247236765561373,0.0,0.0,0.967690086473569,0.0724928027758541,2,1.6079886694652017
77019,77019,0.955773388231329,2147,0,False,1.0,1.0,1.0,-1.0,-1.0,1.0,0.0621666553582494,4,2.8594454466894845
77020,77020,0.497096532013183,2148,0,False,-1.0,-0.260991963101364,-0.217008797653959,-0.0111287758346582,0.0,1.0,0.0628565732739988,2,1.7295800223618116
77349,77349,0.250000017500697,2149,2,True,0.0,-1.05004184416749e-07,0.0,,,1.0,0.0018900904973151,1,1.9902895980297464
77350,77350,0.5,2150,3,True,1.0,1.0,1.0,,,,0.0,4,4.612793913426712
77353,77353,0.312889122507241,2151,0,False,-1.0,-0.0383408817174427,-0.433333333333333,0.0,0.0,0.316690204809747,0.0040171119518345,2,1.192863954342363
77354,77354,0.331194528649908,2152,0,False,-1.0,-0.0920275344232283,-0.450184501845018,0.0,0.0,0.341774334640967,0.0036172648703845,2,1.1040203771672898
77355,77355,0.324283133444338,2153,0,False,-1.0,-0.0944106627750183,-0.431734317343173,0.0,0.0,0.306471598795862,0.003534942861446,2,1.156946906137818
77356,77356,0.321098747277259,2154,0,False,-1.0,-0.0944106627750183,-0.436823104693141,0.0,0.0,0.281123692447163,0.0036481597869185,2,1.2109827704964062
77357,77357,0.316667989018495,2155,0,False,-1.0,-0.0944106627750183,-0.426523297491039,0.0,0.0,0.269527694155482,0.0041371660081814,2,1.2281625561621345
77478,77478,0.370167574107559,2156,0,False,-1.0,-0.247314133324645,-0.517826825127334,0.0,0.0,0.326424214622153,0.0661657800855713,2,0.8054099921428087
77506,77506,0.860557163515236,2157,0,False,-1.0,-1.0,-1.0,-1.0,-0.997508896797153,0.997422415997393,0.0021817860006908,3,4.036005991675927
77508,77508,0.325239754254906,2158,0,False,-1.0,-0.242130785217114,-0.552380952380952,0.0,0.0,0.0034302565074082,0.0545424877231464,2,1.8232724248522811
77509,77509,0.330712805325435,2159,0,False,-1.0,-0.242130785217114,-0.552380952380952,0.0,0.0,0.036163686691105,0.0543002943172868,2,1.720128276862899
77510,77510,0.404169369360248,2160,0,False,-1.0,-0.348272877797924,-0.483695652173913,0.0,0.0,0.362878827504218,0.443753375328501,2,3.376140312841456
77618,77618,0.428882870904676,2161,0,False,-1.0,-0.320644419024901,-0.285180572851806,0.0,-0.3817497403946,0.351849243573967,0.0574207308836171,2,1.6531639759770864
77619,77619,0.271535494007677,2162,1,True,-1.0,-0.283301085933263,-0.29676511954993,-0.174242424242424,0.0,,0.0,2,1.9937789841598026
77620,77620,0.400585709997293,2163,0,False,-1.0,-0.283301085933263,-0.291899441340782,-0.292134831460674,0.0,0.350159278711082,0.0020562875314066,2,1.4061681190321456
77621,77621,0.401054479606389,2164,0,False,-1.0,-0.283301085933263,-0.294321329639889,-0.292134831460674,0.0,0.350019211649663,0.003435722383508,2,1.3986288423572306
77622,77622,0.390469329426521,2165,0,False,-1.0,-0.240547710153908,-0.289329685362517,-0.232558139534884,0.0,0.350053151860761,0.0045178191653479,2,1.235916720935662
77623,77623,0.386112864275395,2166,0,False,-1.0,-0.285804581103015,-0.275682704811443,-0.0271493212669683,-0.0015055706112616,0.35052049974505,0.0167702214490392,2,0.878780829299385
77651,77651,0.436420185768546,2167,1,True,,-0.373840263547444,-0.74468085106383,0.0,0.0,1.0,0.346580507136173,1,2.8117586942611554
77652,77652,0.425518387955538,2168,1,True,,-0.340067658289739,-0.74468085106383,0.0,0.0,0.996613624679144,0.349595711129085,1,2.8524561943748514
77654,77654,0.295694540685711,2169,0,False,-1.0,-0.218786812377693,-0.0631578947368421,0.0,0.0,0.526077087878436,0.0605141440846534,2,0.6993624758089901
78745,78745,0.313132672306222,2170,0,False,-1.0,-0.222114533389338,-0.266968325791855,0.0,0.0,0.0812710780484095,0.0009430993457173,2,1.6736304729027696
78746,78746,0.477908836823159,2171,0,False,-1.0,-0.222114533389338,-0.275600505689001,0.0,0.0,0.962235630833762,0.0029827741633705,2,1.7667930120677784
78747,78747,0.314716689277207,2172,0,False,-1.0,-0.222114533389338,-0.283174603174603,0.0,0.0,0.0888667025265562,0.007966406583504,2,1.6169898319632978
79626,79626,0.958764960335703,2173,0,False,1.0,1.0,1.0,-1.0,-1.0,1.0,0.446020293774011,4,4.28453653745656
79627,79627,0.363822315458841,2174,0,False,0.0,-0.0560608518818669,-0.089938167509837,-0.14339953271028,-0.812690665039658,1.0,0.45003892588602,3,4.427636329650139
79652,79652,0.295253916889621,2175,0,False,-1.0,-0.210769273812622,-0.0618556701030928,0.0,0.0,0.498003662681869,0.0378665433189963,2,0.8059554156880229
79656,79656,0.295352975728866,2176,0,False,-1.0,-0.218786812377693,-0.0625,0.0,0.0,0.494534534986359,0.0284710718280008,2,0.8585543283909368
80358,80358,0.75,2177,2,True,1.0,1.0,1.0,,,1.0,0.0930752784690309,4,3.236888798232237
80359,80359,0.429413522508039,2178,2,True,-0.140458821755787,-0.447011324281457,-0.489010989010989,,,1.0,0.0930367846082742,1,0.5930620699877512
80360,80360,0.408799084109741,2179,2,True,-0.140458821755787,-0.405686400269725,-0.428571428571429,,,0.994555101518062,0.091492046886915,1,0.6480036289008365
80361,80361,0.395003055862363,2180,2,True,-0.140458821755787,-0.405686400269725,-0.38860103626943,,,0.98458428651846,0.0908494235443737,1,0.6531267640445945
80362,80362,0.37660908292925,2181,2,True,-0.140458821755787,-0.391212868624284,-0.336538461538462,,,0.975052487087425,0.0900820358536733,1,0.7097424201874108
80363,80363,0.366955562805744,2182,2,True,-0.140458821755787,-0.391212868624284,-0.327188940092166,,,0.964095149468343,0.0905798179664305,1,0.7063971335130181
80364,80364,0.35699311826329,2183,2,True,-0.140458821755787,-0.368825275092717,-0.317972350230415,,,0.957805553735364,0.0908056546789995,1,0.7465569601654585
80365,80365,0.356231700953665,2184,2,True,-0.140458821755787,-0.386797839182745,-0.31651376146789,,,0.953156440360606,0.0909878710144355,1,0.714112177747852
80366,80366,0.34735802687549,2185,1,True,-0.140458821755787,-0.31052711795777,-0.308035714285714,-1.0,,0.949311481288942,0.0902271710708693,3,2.662576033087714
81390,81390,0.606466824094315,2186,0,False,-1.0,-0.500389032271095,-0.661064425770308,-0.932565789473684,-0.0399032648125756,1.0,0.0934674782739376,3,2.179868169348469
81391,81391,0.597426419939827,2187,0,False,-1.0,-0.500389032271095,-0.673076923076923,-0.741784037558685,-0.0432503276539974,1.0,0.0954839890170924,3,1.7606574880416317
81392,81392,0.588698172642497,2188,0,False,-1.0,-0.512428740808935,-0.67479674796748,-0.551767676767677,-0.0432503276539974,1.0,0.0982212940176307,3,1.5906015944281249
81393,81393,0.606561218927304,2189,0,False,-1.0,-0.571729810547771,-0.679245283018868,-0.691935483870968,-0.0432503276539974,0.972835833416765,0.10115227065427,3,1.693976949704028
81658,81658,0.705589857862768,2190,0,False,-1.0,-0.574287324884057,-0.474687705456936,-0.479289940828402,-0.676428228516563,0.993192004982214,0.0785355283701728,3,1.640148311110795
81659,81659,0.702979170623421,2191,0,False,-1.0,-0.574287324884057,-0.461787564766839,-0.483870967741935,-0.676428228516563,0.992341667520908,0.0857573344837724,3,1.621135568597805
82584,82584,0.469903701361173,2192,3,True,,-0.58280197391345,-0.92,,,0.975709434040209,0.0843345682658888,1,1.1244827334139957
82585,82585,0.476608877140105,2193,3,True,,-0.617032686506248,-0.909090909090909,,,0.977715047316928,0.0841871590553513,1,1.1132257188000354
82586,82586,0.477724908519801,2194,3,True,,-0.617032686506248,-0.904761904761905,,,0.979061388821716,0.083998083313208,1,1.1053069976199912
82587,82587,0.471128490898267,2195,3,True,,-0.568620311850885,-0.904761904761905,,,0.980163341718649,0.0837851607744856,1,1.0940586546072157
82588,82588,0.472693652664179,2196,3,True,,-0.568620311850885,-0.904761904761905,,,0.981358339835628,0.08347263218509,1,1.094824605711342
82589,82589,0.480011348684905,2197,3,True,,-0.604488168416725,-0.904761904761905,,,0.982380927314551,0.0834218626574115,1,1.103427367302896
82590,82590,0.480382887758499,2198,3,True,,-0.604488168416725,-0.904761904761905,,,0.98268287105491,0.0837514977844067,1,1.1043417967620968
82591,82591,0.361542599837616,2199,3,True,,-0.506709096752099,-0.833333333333333,,,0.913291318688056,0.0737300153943496,1,0.8774257207074427
82592,82592,0.361613345508467,2200,3,True,,-0.506709096752099,-0.833333333333333,,,0.915072668429429,0.0729595632948323,1,0.8773983578474317
82593,82593,0.361718224572852,2201,3,True,,-0.506709096752099,-0.833333333333333,,,0.917223388336042,0.0719440029916287,1,0.8774093547639269
82594,82594,0.363034481409777,2202,3,True,,-0.437982647335359,-0.909090909090909,,,0.919271357997481,0.0710715119853281,1,1.0793636953460612
82595,82595,0.364448091091027,2203,3,True,,-0.437982647335359,-0.916666666666667,,,0.920909202155046,0.070438495009909,1,1.0959693468397071
82596,82596,0.365664962511334,2204,3,True,,-0.437982647335359,-0.923076923076923,,,0.922370561601808,0.0698577533009687,1,1.1101024721476558
82597,82597,0.374727192316057,2205,3,True,,-0.474677580043812,-0.9375,,,0.927848917267796,0.0671242224093526,1,1.1214316687351835
82598,82598,0.358865204184166,2206,3,True,,-0.372648954470471,-0.941176470588235,,,0.930083045138403,0.0667842158186773,1,1.206922563334912
82599,82599,0.383993204348468,2207,3,True,,-0.508134313204765,-0.954545454545455,,,0.931318616679414,0.0664654189333915,1,1.1487735408246595
82600,82600,0.384814730880962,2208,3,True,,-0.508134313204765,-0.956521739130435,,,0.934081349463103,0.0652666968995382,1,1.1543558967904854
82601,82601,0.397652051435304,2209,3,True,,-0.572903736323577,-0.96551724137931,,,0.935377887330281,0.0648037776933256,1,1.1706676886818448
82602,82602,0.402128936465044,2210,3,True,,-0.572903736323577,-0.984615384615385,,,0.939375185327606,0.0623992313386871,1,1.2156584222688325
82603,82603,0.405558722236348,2211,3,True,,-0.572903736323577,-0.989690721649485,,,0.942705835970548,0.0608856335836211,1,1.229104259459573
82604,82604,0.403568442299603,2212,3,True,,-0.547839770037211,-0.990384615384615,,,0.942473562602439,0.0616455304330822,1,1.2294224199097286
82605,82605,0.404432260718242,2213,3,True,,-0.547839770037211,-0.990654205607477,,,0.942418075111262,0.0619128572154972,1,1.2300042972425207
82606,82606,0.367694457762526,2214,3,True,,-0.470802118845353,-0.833333333333333,,,0.818574336256351,0.0314160031070975,1,0.9423964306122838
83211,83211,0.575723196204257,2215,0,False,-1.0,-0.434963795576291,-0.507874015748031,-0.435967302452316,0.0,0.93483242700297,0.0871718486562947,3,1.6819325739546653
84375,84375,0.377098183362934,2216,1,True,-1.0,-0.458640241074101,-0.366628830874007,-0.392,-0.0398435086996808,,0.0,2,2.4241598619687252
84444,84444,0.477672066726604,2217,0,False,-1.0,-0.183771465268462,-0.189718482252142,-0.367174280879865,-0.0415534601246604,0.972244563249242,0.0077949799645431,3,2.1130070009120625
84445,84445,0.579216885477064,2218,0,False,-1.0,-0.178925520215903,-0.172520024645718,-0.543859649122807,-0.995801847187238,0.97012469380271,0.0026432024182907,3,3.1805562546928527
84446,84446,0.581691281216958,2219,0,False,-1.0,-0.216744145570178,-0.157568238213399,-0.370748299319728,-0.995801847187238,0.979504438473262,0.0035985723443422,3,3.236769747020556
84447,84447,0.587661233181415,2220,0,False,-1.0,-0.216744145570178,-0.155183116076971,-0.370748299319728,-0.995801847187238,0.987496179000926,0.0030040786574001,3,3.2431304267226824
84448,84448,0.537583466728508,2221,0,False,-1.0,-0.234263326619372,-0.151458721291124,-0.370748299319728,-0.522697223446452,0.988052087724208,0.0030198335767272,3,1.8166662525888155
84449,84449,0.580949751640862,2222,0,False,-1.0,-0.216744145570178,-0.154370737755735,-0.370748299319728,-0.995801847187238,0.979686468686887,0.0043095079110465,3,3.23622191774815
84450,84450,0.580137632599483,2223,0,False,-1.0,-0.178925520215903,-0.170971709717097,-0.543859649122807,-0.995801847187238,0.972344361246489,0.003385406542916,3,3.1797380750943445
84451,84451,0.476666153870323,2224,0,False,-1.0,-0.178925520215903,-0.182151589242054,-0.367174280879865,-0.0415534601246604,0.97312981943284,0.0088567848960782,3,2.117715600140513
84597,84597,0.612328054942729,2225,0,False,-1.0,-0.508281639145243,-0.417744916820702,-0.337614678899083,-0.43120728929385,0.99502241119791,0.0045887808997652,3,1.5268815452385351
84782,84782,0.295134703481904,2226,0,False,-1.0,-0.210769273812622,-0.0618556701030928,0.0,0.0,0.522548696955686,0.0748228847920892,2,0.6635349638012795
84881,84881,0.356246967768362,2227,3,True,,-0.524691775069129,-0.904761904761905,,,0.699829968066751,0.0654543314066174,1,1.1804269719465905
85078,85078,0.361138862140556,2228,0,False,-1.0,-0.361794466452105,-0.554794520547945,-0.177897574123989,0.0,0.0786330607511255,0.0393475223326091,2,1.7437985606290174
85079,85079,0.359282002406391,2229,0,False,-1.0,-0.361794466452105,-0.553530751708428,-0.146341463414634,0.0,0.0784188099056817,0.0397606680622725,2,1.7070649956449357
85110,85110,0.385111763303424,2230,0,False,-1.0,-0.281346155730351,-0.219178082191781,0.0,0.0,0.576948089579533,0.0331965600463536,2,0.6597524467704639
85111,85111,0.38095369088042,2231,0,False,-1.0,-0.281346155730351,-0.208333333333333,0.0,0.0,0.569477640872943,0.0322212426321757,2,0.6680419335067996
85112,85112,0.340361342949394,2232,0,False,-1.0,-0.292914814132031,-0.188405797101449,0.0,0.0,0.496422422277478,0.0003350644869341,2,0.9155479579951976
85352,85352,0.274786688031935,2233,3,True,,-0.390895875604833,-0.714285714285714,,,0.659072385589065,0.0247860394290454,1,1.0914885320537977
85353,85353,0.275300001577957,2234,3,True,,-0.390895875604833,-0.714285714285714,,,0.659634224472754,0.0254005458025425,1,1.088416958923663
85468,85468,0.464839965698824,2235,0,False,-1.0,-0.228969339919668,-0.195064629847239,-0.0091522157996146,0.0,0.974548213436826,0.0178978021929869,2,1.7663881699505368
85469,85469,0.459574047245505,2236,0,False,-1.0,-0.20769031728219,-0.190392501464558,-0.0091390091390091,0.0,0.972364413845701,0.0201064401989639,2,1.7560207094298887
85470,85470,0.462852018965401,2237,0,False,-1.0,-0.236406125488347,-0.193107546048723,0.0,0.0,0.971272935511325,0.0128681653180486,2,1.7769532711121174
85471,85471,0.46643474417075,2238,0,False,-1.0,-0.262541901656207,-0.189957652752571,0.0,0.0,0.970987307960383,0.0121687303557131,2,1.7805620860825775
85472,85472,0.466165688811506,2239,0,False,-1.0,-0.262541901656207,-0.189320388349515,0.0,0.0,0.970826280997565,0.0115615119238391,2,1.7826411537091924
85473,85473,0.355518990074428,2240,0,False,-1.0,-0.21134517344595,-0.196650124069479,0.0,0.0,0.613650075321978,0.0001875388770141,2,0.9783963149585628
85474,85474,0.382378185792255,2241,0,False,-1.0,-0.219258442284732,-0.198468410976388,0.0,0.0,0.724349321797065,0.0001645614931605,2,1.1721645149596038
85475,85475,0.462503451711016,2242,0,False,-1.0,-0.219258442284732,-0.198341836734694,0.0,0.0,0.974823567931588,0.0010806102810998,2,1.8334403485231512
85476,85476,0.465205903847996,2243,0,False,-1.0,-0.219258442284732,-0.198473282442748,0.0,0.0,0.978278860831102,0.0027923304131151,2,1.8365793352179411
85477,85477,0.463706532517744,2244,0,False,-1.0,-0.212397113062584,-0.197460317460317,0.0,0.0,0.978006523022724,0.0036090019499163,2,1.8335300326356896
85478,85478,0.462992231970622,2245,0,False,-1.0,-0.21134517344595,-0.197261978842564,0.0,0.0,0.977286593684917,0.0044263266694598,2,1.8282609904183944
85479,85479,0.465387777423883,2246,0,False,-1.0,-0.234119871459783,-0.197409006785935,0.0,0.0,0.97518327074472,0.0086478801974912,2,1.8032975299889817
85480,85480,0.468770959824303,2247,0,False,-1.0,-0.262541901656207,-0.189896530736458,0.0,0.0,0.974787079673842,0.0115408645896969,2,1.794483818468445
85683,85683,0.347853154208787,2248,0,False,0.0,-0.025979515399993,-0.0197530864197531,-0.805069402534701,-0.385385121790652,0.936441429411844,0.0032334668670292,3,2.546369951846303
85731,85731,0.404793352685819,2249,0,False,-1.0,-0.294080048364385,-0.5,0.0,0.0,0.334151124888867,0.0756660010892947,2,0.7532889435239933
86841,86841,0.269186647643572,2250,1,True,-1.0,-0.109259679290158,-0.0412371134020619,,0.0,0.471484001047048,0.073481648758319,2,0.7940756502364225
87408,87408,0.304711369147212,2251,0,False,-1.0,-0.210769273812622,-0.099009900990099,0.0,0.0,0.521140956813991,0.185117492609699,2,1.0571422506796244
87409,87409,0.2958032047465,2252,0,False,-1.0,-0.268708046833231,-0.158878504672897,0.0,0.0,0.325002622408662,0.0252290591048653,2,0.9563287552936366
87410,87410,0.351411944637553,2253,0,False,-1.0,-0.275082105050607,-0.207207207207207,0.0,0.0,0.551282920469671,0.0478742893012881,2,0.5354610322400168
87411,87411,0.342068993308144,2254,0,False,-1.0,-0.258003315311723,-0.18348623853211,0.0,0.0,0.539597283477149,0.0447288232014948,2,0.572629619362637
87412,87412,0.334168786244676,2255,0,False,-1.0,-0.258003315311723,-0.158878504672897,0.0,0.0,0.521905141963552,0.0462810057581382,2,0.5890609774274785
87413,87413,0.333573734908576,2256,0,False,-1.0,-0.26279922782564,-0.158878504672897,0.0,0.0,0.515499911116425,0.0465989103171306,2,0.5861218954280526
87414,87414,0.346648927708552,2257,0,False,-1.0,-0.291464718330507,-0.254385964912281,0.0,0.0,0.430699173498349,0.205129249535835,2,1.1394329527942018
87415,87415,0.374830044216959,2258,0,False,-1.0,-0.291464718330507,-0.254385964912281,0.0,0.0,0.62130534121928,0.0457632793873248,2,0.6285381002858105
87416,87416,0.371635674801689,2259,0,False,-1.0,-0.297961764612829,-0.227272727272727,0.0,0.0,0.612170421899961,0.0522142638118931,2,0.5962247779515085
87417,87417,0.370311604862702,2260,0,False,-1.0,-0.297961764612829,-0.227272727272727,0.0,0.0,0.606584508720453,0.0500872441690156,2,0.5967085983369167
87418,87418,0.363683559356384,2261,0,False,-1.0,-0.275082105050607,-0.227272727272727,0.0,0.0,0.593712240967294,0.0488138463305279,2,0.5684757670826904
87452,87452,0.583333333333333,2262,3,True,,1.0,1.0,,,1.0,0.0370910861216719,4,3.3136029435463095
87453,87453,0.342641748409057,2263,3,True,,-0.604397645065869,0.0,,,0.985437597623059,0.0098825296468967,1,1.3385926254532101
87454,87454,0.342793450289358,2264,3,True,,-0.604397645065869,0.0,,,0.985876716385058,0.0085995114760046,1,1.343343779155988
87455,87455,0.342274749950144,2265,3,True,,-0.604397645065869,0.0,,,0.985012882758594,0.0078932098526606,1,1.3449592872038247
87456,87456,0.332278662215495,2266,3,True,,-0.545949392024192,0.0,,,0.984657357729527,0.0068739056828594,1,1.34147613912311
87457,87457,0.331386533010654,2267,3,True,,-0.545949392024192,0.0,,,0.983099679261914,0.0060219784155581,1,1.3430625213020817
87458,87458,0.323055905561217,2268,3,True,,-0.545949392024192,0.0,,,0.967895495076931,0.001493064918159,1,1.3469549010339306
87459,87459,0.311043250431685,2269,3,True,,-0.545949392024192,0.0,,,0.944088460236666,0.0012252565970127,1,1.331604358362449
87460,87460,0.302854026495016,2270,3,True,,-0.545949392024192,0.0,,,0.926619726813881,0.0010828791037911,1,1.323171293771479
87461,87461,0.28817487034677,2271,3,True,,-0.545949392024192,0.0,,,0.89221231090824,0.0003562503253838,1,1.316079443383248
87541,87541,0.347405091735788,2272,3,True,,-0.524691775069129,-0.904761904761905,,,0.633177289184615,0.169092480362145,1,1.651008315771725
87542,87542,0.347013171522113,2273,3,True,,-0.524691775069129,-0.904761904761905,,,0.632350236505562,0.168080501618503,1,1.6466940321187964
87593,87593,0.323152990513388,2274,3,True,,-0.524691775069129,-0.904761904761905,,,0.514900482264758,0.0925018589498845,1,1.6208691649440827
87594,87594,0.324596341966562,2275,3,True,,-0.524691775069129,-0.904761904761905,,,0.517563470632066,0.0944277138514487,1,1.6173429651632503
87984,87984,0.608997371125295,2276,0,False,-1.0,-0.566001266458601,-0.472329472329472,-0.263598326359833,-0.644552262419576,0.958618192575996,0.0085269619004741,3,2.0592860879608637
87988,87988,0.583626056408614,2277,0,False,-1.0,-0.469538071764189,-0.648414985590778,-0.961411764705882,-0.12655601659751,0.487011699901224,0.0252394665643422,3,2.528839974454883
87989,87989,0.51995534595295,2278,0,False,-1.0,-0.447830482191404,-0.648414985590778,-0.952297847585806,-0.0726872246696035,0.247413665529544,0.0256260027095731,3,3.0916853453705193
87990,87990,0.499221119620208,2279,0,False,-1.0,-0.486544744108122,-0.635014836795252,-0.930762489044698,-0.0645161290322581,0.114770066116409,0.0208214107941404,3,3.402951651237165
87991,87991,0.472998270553697,2280,0,False,-1.0,-0.408071611701564,-0.612359550561798,-0.8165548098434,-0.0708915145005371,0.146419664865414,0.0310271671944318,3,3.1052010181160656
88169,88169,0.492707257681017,2281,3,True,,-0.651343387726608,-0.91304347826087,,,0.986964820222158,0.0865683102021816,1,1.1525839170696166
88170,88170,0.48237729540679,2282,3,True,,-0.604488168416725,-0.904761904761905,,,0.984842068495276,0.0841639786298831,1,1.1075039124269033
88171,88171,0.486909682824113,2283,3,True,,-0.617032686506248,-0.904761904761905,,,0.98741772683469,0.0842262736414363,1,1.1150292372335584
88172,88172,0.481050636833832,2284,3,True,,-0.604488168416725,-0.904761904761905,,,0.983342369817681,0.0837193801851755,1,1.1050223583064127
88173,88173,0.481347986051183,2285,3,True,,-0.604488168416725,-0.904761904761905,,,0.983752639090118,0.0840816960383412,1,1.1061263847402096
88281,88281,0.95700825425628,2286,0,False,1.0,1.0,1.0,-1.0,-1.0,1.0,0.390362705390981,4,3.9104585034830777
88461,88461,0.35233654324543,2287,0,False,-1.0,-0.151683536165588,-0.541254125412541,0.0,0.0,0.550154669137325,0.0730548073808187,2,0.6281034618375437
88462,88462,0.367952625466434,2288,0,False,-1.0,-0.0969204984360537,-0.482394366197183,0.0,0.0,0.770523209796664,0.0665003070959785,2,1.0860707260360425
88817,88817,0.327709686189664,2289,0,False,-1.0,-0.0881774890595986,-0.0674486803519062,0.0,-0.31072511717673,0.542998014830424,0.0070921082711339,2,1.6204285072360982
88818,88818,0.333285222107187,2290,0,False,-1.0,-0.0881774890595986,-0.0675973548861132,0.0,-0.31072511717673,0.516718602015839,0.0074510980196803,2,1.613897735710507
88819,88819,0.344574738198128,2291,0,False,-1.0,-0.0662398764486356,-0.0666666666666667,0.0,-0.31072511717673,0.579213566093196,0.0072587661089013,2,1.6501383717744096
88962,88962,0.539410904122028,2292,0,False,-1.0,-0.449925969490105,-0.393507972665148,-0.190023752969121,0.0,0.969334527621919,0.012190306149751,1,1.878884290193181
88985,88985,0.339160861407799,2293,0,False,0.0,-0.413717178255245,-0.627118644067797,0.0,0.0,0.769318101708611,0.0444817858868536,1,0.6821802392961617
88986,88986,0.406162032438029,2294,0,False,0.0,-0.5102921346684,-0.707936507936508,-0.454545454545455,0.0,0.780494377445271,0.0449985474493193,1,1.8306901539977751
88987,88987,0.443537297355356,2295,0,False,0.0,-0.544781424126754,-0.722397476340694,-0.454545454545455,0.0,0.859085118666896,0.0384609542257429,1,1.8153252661540313
88988,88988,0.451816441458472,2296,0,False,0.0,-0.565957579660921,-0.727272727272727,-0.454545454545455,0.0,0.870443687733982,0.0375887239535947,1,1.8191869185173146
88989,88989,0.459918339542754,2297,0,False,0.0,-0.565957579660921,-0.75,-0.454545454545455,0.0,0.883017367930335,0.0371228639560315,1,1.8368772841965346
89003,89003,0.342600752366427,2298,0,False,-1.0,-0.249295120914776,-0.274809160305344,0.0,0.0,0.443208633057112,0.0810288858839396,2,0.30226321185130484
89017,89017,0.415380174736022,2299,0,False,-1.0,-0.292914814132031,-0.18978102189781,0.0,0.0,0.760437605852344,0.021425074597395,2,1.1430330973298397
89019,89019,0.403579974486949,2300,0,False,-1.0,-0.281346155730351,-0.183823529411765,0.0,0.0,0.709873007671291,0.0283988289723566,2,0.979999212733502
89338,89338,0.409172573548057,2301,0,False,-1.0,-0.157531654179907,-0.221694915254237,0.0,0.0,0.656950674378984,0.12970210414167,2,0.7406204816880393
89339,89339,0.407547357514366,2302,0,False,-1.0,-0.157531654179907,-0.218095881161377,0.0,0.0,0.651711876261512,0.129428210200536,2,0.7297821008212876
89340,89340,0.296421492377797,2303,0,False,-1.0,-0.157531654179907,-0.215924426450742,0.0,0.0,0.0588547888015888,0.234028699141461,2,2.063781180228418
89341,89341,0.438867367200433,2304,0,False,-1.0,-0.19742774790046,-0.268918918918919,0.0,0.0,0.786822786460063,0.025660230580064,2,1.1565460763815878
89342,89342,0.443359743357601,2305,0,False,-1.0,-0.19742774790046,-0.269571136827774,0.0,0.0,0.807610745746222,0.026693499382618,2,1.211095079266083
89343,89343,0.442576770050373,2306,0,False,-1.0,-0.19742774790046,-0.272294077603812,0.0,0.0,0.801124196313798,0.0273931700364009,2,1.188485056693603
89344,89344,0.39650418173961,2307,0,False,-1.0,-0.173167184660407,-0.155754651964163,-0.0033707865168539,0.0,1.0,0.0525936274144239,2,1.7829205896905076
89346,89346,0.255509895886775,2308,1,True,,-0.173167184660407,-0.143154968728284,-0.0045045045045045,-0.144616963941999,1.0,0.0575511713767901,1,1.4691266384524844
89558,89558,0.351526671046161,2309,3,True,,,,-1.0,-1.0,1.0,0.0037366310252176,3,4.087514720657597
89559,89559,0.351160367809261,2310,3,True,,,,-1.0,-1.0,1.0,0.0032582557734093,3,4.088713816254482
89560,89560,0.351160367809261,2311,3,True,,,,-1.0,-1.0,1.0,0.0030163795727496,3,4.089321822787918
89561,89561,0.35053356303828,2312,3,True,,,,-1.0,-1.0,0.999883232616359,0.0023792678513985,3,4.090885589598662
89562,89562,0.348552511832386,2313,3,True,,,,-1.0,-1.0,0.999572973633419,0.0022041144741344,3,4.091214025667888
89778,89778,0.348268729487937,2314,0,False,-1.0,-0.240428341141907,-0.289329685362517,-0.0027548209366391,0.0,0.396054520890951,0.0178618036224176,2,0.7835733705100935
89868,89868,0.610914298520818,2315,0,False,-1.0,-0.527402359301675,-0.426573426573427,-0.221830985915493,-0.449272165857962,0.994122394264597,0.0066323985660035,3,1.803051514963262
90154,90154,0.477799730564799,2316,0,False,-1.0,-0.377680863240629,-0.569739952718676,-0.177897574123989,0.0,1.0,0.0006462935103246,1,1.9430216645905805
90189,90189,0.280572006930638,2317,0,False,0.0,-0.325834616958673,-0.541666666666667,0.0,0.0,0.674722819679665,0.062296415354453,1,0.9523904267542286
90358,90358,0.349769636657528,2318,0,False,0.0,-0.175771357244995,-0.213523131672598,-0.988795518207283,-0.195298372513562,0.709605785319757,0.0454935373826301,3,2.6363479908327396
90359,90359,0.323794807052089,2319,0,False,0.0,-0.196130462705316,-0.215827338129496,-0.989247311827957,-0.0163572060123784,0.736799841188937,0.0607218802083715,3,2.8726049767192987
90360,90360,0.330882843631345,2320,0,False,0.0,-0.19590196216379,-0.232727272727273,-1.0,-0.0163572060123784,0.760352236909766,0.0585837588824034,3,2.882428028458923
90822,90822,0.325835534850237,2321,0,False,0.0,-0.0976281346761364,-0.050061804697157,0.0,-0.338235294117647,0.999214463072698,0.0552183784315669,1,2.136853485550459
90823,90823,0.332534906723725,2322,0,False,0.0,-0.0830442436992012,-0.0457637600494743,0.0,-0.4312047399605,0.999670423085632,0.0552218337477551,1,2.4355681730757435
91933,91933,0.438603448929079,2323,3,True,,-0.61828224521704,-0.974358974358974,,,0.844084376971033,0.0455810008327458,1,1.1984149691377246
91934,91934,0.433526524598357,2324,3,True,,-0.58280197391345,-0.963636363636364,,,0.840955723572371,0.0469542341310046,1,1.164027475695175
91935,91935,0.433021764950775,2325,3,True,,-0.58280197391345,-0.963636363636364,,,0.841376000202718,0.0467297237904221,1,1.1641239897865294
91936,91936,0.438443689257421,2326,3,True,,-0.61828224521704,-0.958333333333333,,,0.84691809318985,0.0443180075254061,1,1.1632653197041949
91937,91937,0.513553752136236,2327,3,True,,-0.651343387726608,-0.952380952380952,,,0.99930062393392,0.0609017077766378,1,1.224500687061361
91938,91938,0.511808695543861,2328,3,True,,-0.651343387726608,-0.956521739130435,,,0.998032877052886,0.0607038015825614,1,1.231723214080358
91939,91939,0.507480580359123,2329,3,True,,-0.651343387726608,-0.962962962962963,,,0.995401879809168,0.0599809207822747,1,1.242362459492636
91940,91940,0.495733893686098,2330,3,True,,-0.651343387726608,-0.972222222222222,,,0.988137621759304,0.0626781686328174,1,1.2542146196757014
91941,91941,0.491701275952645,2331,3,True,,-0.651343387726608,-0.972972972972973,,,0.985696527176865,0.0633702143852771,1,1.2534047166211109
91942,91942,0.488705496855682,2332,3,True,,-0.651343387726608,-0.974358974358974,,,0.983839581047693,0.0637215836588035,1,1.2545619757117896
91943,91943,0.481414160269285,2333,3,True,,-0.651343387726608,-0.952380952380952,,,0.981605790391748,0.0643539638001845,1,1.2055829748885067
91944,91944,0.479383365757487,2334,3,True,,-0.651343387726608,-0.96,,,0.979640700732072,0.0646579610988011,1,1.2199240147022885
91945,91945,0.464222778164513,2335,3,True,,-0.58280197391345,-0.963636363636364,,,0.976725042204448,0.065538729921388,1,1.2003325452661098
92070,92070,0.505394249140017,2336,0,False,-1.0,-0.338961214279152,-0.283118405627198,0.0,-0.322103113833589,0.951247533238445,0.0145170699584653,2,2.1166025041609364
92112,92112,0.730064865879647,2337,1,True,,1.0,1.0,-1.0,-1.0,1.0,0.341110426216466,4,3.6296634916154566
92457,92457,0.324805151710435,2338,0,False,-1.0,-0.0444839551029111,-0.0657802659202239,-0.696581196581197,-0.148533772652389,0.265418112112551,0.0117774769228275,3,2.8971431429040697
92458,92458,0.350648393278182,2339,0,False,-1.0,-0.04314424616936,-0.0696022727272727,-0.624309392265193,-0.148533772652389,0.549237171458201,0.0054600692428223,3,2.286714746975284
92459,92459,0.396640348691933,2340,0,False,-1.0,-0.0881774890595986,-0.0774697938877043,-0.506726457399103,-0.31072511717673,0.67578972600085,0.0079769101140753,3,1.8316397968428233
92460,92460,0.310389307810805,2341,0,False,-1.0,-0.0464679441258559,-0.0544127405441274,-0.727272727272727,-0.140836360825539,0.0313837182045843,0.0258044789120306,2,3.304872953347316
92613,92613,0.273340308427919,2342,3,True,,-0.436756551918371,-1.0,,,0.0514048550220305,0.116319040636851,2,2.9479527043595852
92764,92764,0.343329077522074,2343,3,True,,-0.470802118845353,-0.904761904761905,,,0.653830350987715,0.0075369087768348,1,1.3769761340247488
92765,92765,0.342807298812962,2344,3,True,,-0.470802118845353,-0.904761904761905,,,0.652504162036862,0.0061113882430432,1,1.3843527216766505
92766,92766,0.341295575348432,2345,3,True,,-0.470802118845353,-0.9,,,0.651183511450007,0.0045447390219246,1,1.3844853943964226
92767,92767,0.329259050054459,2346,3,True,,-0.470802118845353,-0.833333333333333,,,0.649612772891956,0.0023495732781025,1,1.2918484826119494
92768,92768,0.30779651465506,2347,3,True,,-0.470802118845353,-0.714285714285714,,,0.647690389581569,0.0005533356409608,1,1.1503834782311781
92819,92819,0.669739333333261,2348,0,False,-1.0,-0.469538071764189,-0.65625,-0.965313028764805,-0.429499426824608,1.0,0.0707021857921578,3,1.8860194754981383
92820,92820,0.681995609422145,2349,0,False,-1.0,-0.469538071764189,-0.657142857142857,-0.965313028764805,-0.565961732124874,1.0,0.0706247414528789,3,2.0739757759483894
92938,92938,0.399698514019245,2350,1,True,0.0,-0.55860286728946,-0.385714285714286,0.0,,0.991112672045308,0.257572351172352,1,1.907270711366286
92939,92939,0.672553446725464,2351,0,False,-0.833333333333333,-0.686164235294086,-0.523415977961432,0.0,-1.0,0.995938289940509,0.284165801543467,3,3.8842867583914114
92940,92940,0.685834725292742,2352,0,False,-0.833333333333333,-0.729404407109935,-0.553424657534247,0.0,-1.0,0.999083325757675,0.288140426921748,3,3.9246748845047827
92941,92941,0.877055327641091,2353,0,False,1.0,1.0,1.0,-1.0,-1.0,1.0,0.153407974118313,4,2.8763459802989724
93011,93011,0.261726116977971,2354,0,False,0.0,-0.0949134711284157,-0.110975609756098,-0.0160356347438753,0.0,0.960744844757939,0.033890229156949,1,1.561630655384811
93241,93241,0.385669210649978,2355,0,False,-1.0,-0.100146323350464,-0.458498023715415,0.0,0.0,1.0,0.0582615652171391,2,1.787852712852018
93242,93242,0.383045640819785,2356,0,False,-1.0,-0.100146323350464,-0.446640316205534,0.0,0.0,1.0,0.0597140048146388,2,1.7809769025154205
93243,93243,0.382526540410851,2357,0,False,-1.0,-0.100146323350464,-0.44488188976378,0.0,0.0,1.0,0.0599599879684934,2,1.7799569773779862
93244,93244,0.373016230833363,2358,0,False,-1.0,-0.0393940692421166,-0.446564885496183,0.0,0.0,1.0,0.059383325509708,2,1.8213228909430734
93245,93245,0.374933936891576,2359,0,False,-1.0,-0.0393940692421166,-0.456928838951311,0.0,0.0,1.0,0.059422398177372,2,1.8252789672138112
93246,93246,0.37501384876892,2360,0,False,-1.0,-0.0393940692421166,-0.455555555555556,0.0,0.0,1.0,0.0588161907142432,2,1.8256047276755867
93247,93247,0.395830251376045,2361,0,False,-1.0,-0.0970207722125449,-0.517509727626459,0.0,0.0,0.924689411592376,0.0729256980021738,2,1.5654111703414637
93248,93248,0.397353062793393,2362,0,False,-1.0,-0.0996732511978837,-0.5,0.0,0.0,0.966055382504698,0.0705982043534288,2,1.684895448603662
93249,93249,0.398913000683615,2363,0,False,-1.0,-0.0996732511978837,-0.492063492063492,0.0,0.0,0.996040650239853,0.0690885320969923,2,1.7775658669361167
93330,93330,0.350496803521936,2364,0,False,-1.0,-0.284927448879576,-0.195488721804511,0.0,0.0,0.453557676996686,0.0039621934089825,2,0.8926980203032566
93834,93834,0.36437078715023,2365,1,True,,-0.616735782520366,-0.5,0.0,0.0,0.850272631816733,0.103494760627268,1,0.5145592890924611
93909,93909,0.34137618297857,2366,3,True,,-0.604397645065869,0.0,,,0.984177088275771,0.0189376183838461,1,1.3094743874142254
93910,93910,0.341768428662193,2367,3,True,,-0.604397645065869,0.0,,,0.984783664056129,0.0198300645056032,1,1.307565231995298
93911,93911,0.342047366035477,2368,3,True,,-0.604397645065869,0.0,,,0.985201590349119,0.0206330909945787,1,1.30576964770021
93912,93912,0.347552523788828,2369,3,True,,-0.604397645065869,0.0,,,0.994587348489298,0.0271326109492802,1,1.2989805462749753
93999,93999,0.416728289587905,2370,3,True,,-0.524691775069129,-0.904761904761905,,,0.915687831594518,0.165080525646144,1,1.4093203330633224
94000,94000,0.430361329559276,2371,3,True,,-0.58280197391345,-0.92,,,0.917689191866405,0.166065428337233,1,1.4416210609448914
94001,94001,0.415487821088513,2372,3,True,,-0.524691775069129,-0.904761904761905,,,0.913616271778771,0.166162646756675,1,1.415621036044302
94002,94002,0.391534815745725,2373,3,True,,-0.470802118845353,-0.95,,,0.798595910950711,0.0297574701768146,1,1.203142346656715
94003,94003,0.390256536746616,2374,3,True,,-0.470802118845353,-0.947368421052632,,,0.799912647058059,0.0290094149255278,1,1.198327014190028
94004,94004,0.381927173301594,2375,3,True,,-0.470802118845353,-0.909090909090909,,,0.799661475167537,0.0287994413000956,1,1.1188091571527137
94537,94537,0.268570240851976,2376,0,False,-1.0,-0.0974689442316317,-0.446215139442231,0.0,0.0,0.0552767094207751,0.0032831765689825,2,1.7984039786389774
94547,94547,0.373881940552854,2377,0,False,-1.0,-0.292201495644991,-0.212962962962963,0.0,0.0,0.674214125190023,0.0175219972372022,2,0.9470121969917736
94548,94548,0.401428755297248,2378,0,False,-1.0,-0.291464718330507,-0.254385964912281,0.0,0.0,0.700199323392854,0.0608023748119874,2,0.7656273163718541
94549,94549,0.402195574360065,2379,0,False,-1.0,-0.291464718330507,-0.254385964912281,0.0,0.0,0.703385868375197,0.0596629368929319,2,0.778805396035743
94550,94550,0.406278446230168,2380,0,False,-1.0,-0.315884576555933,-0.227272727272727,0.0,0.0,0.715462927837779,0.0598444808207159,2,0.8413205375194335
94797,94797,0.578212359892118,2381,3,True,,-1.0,-0.988636363636364,,,0.996788427215423,0.016114964761615,1,1.776626333081014
94798,94798,0.577894380712377,2382,3,True,,-1.0,-0.987341772151899,,,0.996729549281772,0.0134899887317821,1,1.7805471676652733
94799,94799,0.576875104638165,2383,3,True,,-1.0,-0.987179487179487,,,0.995781785325217,0.0057594694994077,1,1.7989957572882622
94800,94800,0.576690854937668,2384,3,True,,-1.0,-0.986666666666667,,,0.995714787621642,0.0050678300326855,1,1.800029737938018
94801,94801,0.576558975084231,2385,3,True,,-1.0,-0.986666666666667,,,0.995633783992983,0.0040077079141573,1,1.8028758188735245
94802,94802,0.576369482489761,2386,3,True,,-1.0,-0.986666666666667,,,0.995510019355114,0.0026830547809788,1,1.8064846942112651
94803,94803,0.576157528920112,2387,3,True,,-1.0,-0.986486486486487,,,0.995368827420637,0.0020308869243796,1,1.8079544946501882
94804,94804,0.576021563746774,2388,3,True,,-1.0,-0.986486486486487,,,0.99528750629336,0.0013316062069413,1,1.8098990414496736
94805,94805,0.575915523150563,2389,3,True,,-1.0,-0.986486486486487,,,0.995204935769807,0.0009645416075866,1,1.8108980432671984
94806,94806,0.331050228310502,2390,4,True,,-1.0,-0.986301369863014,,,,0.0,1,3.465421794091046
94897,94897,0.759306470640989,2391,0,False,-1.0,-1.0,-1.0,-1.0,0.0,0.999576335770019,0.0050757675172152,3,3.2829190894380598
94898,94898,0.5,2392,2,True,-1.0,-1.0,-1.0,,0.0,,0.0,2,3.1740215334021356
94933,94933,0.280345162471325,2393,1,True,-1.0,-0.10189441523327,-0.0776699029126214,,0.0,0.427693108007212,0.0393669787991067,2,0.8880708213831146
94934,94934,0.289649837808313,2394,1,True,-1.0,-0.169763128499396,-0.0707070707070707,,0.0,0.430710786304777,0.0361950053805651,2,0.8553041672297305
94935,94935,0.313424312314219,2395,1,True,-1.0,-0.225476148845263,-0.191011235955056,,0.0,0.450887652971999,0.0199397914170284,2,0.7630470192503268
94936,94936,0.291401967768274,2396,2,True,-1.0,-0.226065127913105,-0.0779220779220779,,,0.45443569956478,0.0152483187758447,2,0.9352029036376862
94937,94937,0.28944094120714,2397,2,True,-1.0,-0.226065127913105,-0.0779220779220779,,,0.454913134988216,0.0127095090421907,2,0.9525682502876781
94938,94938,0.287293665139083,2398,2,True,-1.0,-0.226065127913105,-0.0666666666666667,,,0.454788168996751,0.0124882514391203,2,0.9705371035085786
94939,94939,0.288526739787231,2399,2,True,-1.0,-0.236457333219167,-0.0666666666666667,,,0.454710675546339,0.0118725902398284,2,0.9739108115902163
94940,94940,0.288227312356837,2400,2,True,-1.0,-0.236457333219167,-0.0666666666666667,,,0.454575864959713,0.0115241047765253,2,0.9764068194952549
95522,95522,0.255604633555421,2401,3,True,,-0.695688146837634,0.0,,,0.683372476153362,0.0010458348966006,1,1.5137350318143326
95524,95524,0.360438576603401,2402,3,True,,-0.695688146837634,-0.625,,,0.680459297864929,0.0031451945046088,1,1.0256795797631404
95525,95525,0.255924102495103,2403,3,True,,-0.695688146837634,0.0,,,0.682212429950896,0.0021268095233702,1,1.5117368788732402
95526,95526,0.255678153272943,2404,3,True,,-0.695688146837634,0.0,,,0.682987856705546,0.0015524695286407,1,1.5125539304049962
95640,95640,0.264190751564583,2405,2,True,,-0.29986998476969,-0.333333333333333,,0.0,0.773294295497975,0.186158645472321,1,1.456504001069446
95641,95641,0.275440665761329,2406,2,True,,-0.322754694730374,-0.36144578313253,,0.0,0.775562344169531,0.185673105194617,1,1.409303486076183
95642,95642,0.294867820118988,2407,2,True,,-0.335075218117747,-0.449438202247191,,0.0,0.777676808700616,0.185390969156489,1,1.3620388154460816
95643,95643,0.310446364616,2408,2,True,,-0.335075218117747,-0.525773195876289,,0.0,0.780025689306754,0.185022894167716,1,1.3563790007316825
95644,95644,0.329394266354218,2409,2,True,,-0.376435524767898,-0.5625,,0.0,0.786322986743085,0.182833379668833,1,1.3003985256890362
95968,95968,0.482764196844191,2410,0,False,-0.836588618013349,-0.208777050856675,-0.351219512195122,0.0,0.0,1.0,0.0691111146036435,1,1.68030608400612
95969,95969,0.758960418205781,2411,1,True,1.0,1.0,1.0,-1.0,,1.0,0.0678538285555048,4,3.2378411131964104
96110,96110,0.761578998671743,2412,1,True,1.0,1.0,1.0,-1.0,,1.0,0.0110582675177512,4,3.3314607952590114
96111,96111,0.31281042408578,2413,1,True,0.0,-0.194835991013762,-0.14070351758794,-1.0,,1.0,0.0096646905257378,3,3.0978231984809206
96187,96187,0.299461111665898,2414,1,True,,-0.349249827947252,-0.789473684210526,0.0,0.0,0.664559751918023,0.0001011252898911,1,1.3020650140614642
96188,96188,0.269083220237873,2415,1,True,,-0.349249827947252,-0.804878048780488,0.0,0.0,0.438733150598687,0.0043762473365615,1,1.8439780432913675
96409,96409,0.340148250231387,2416,3,True,,-0.604397645065869,0.0,,,0.98058161021577,0.0062535276287918,1,1.3466536302002599
96410,96410,0.340150069289544,2417,3,True,,-0.604397645065869,0.0,,,0.980689072719107,0.0057727818659423,1,1.3484671388464236
96411,96411,0.340220681015752,2418,3,True,,-0.604397645065869,0.0,,,0.980949941026631,0.0051528385287452,1,1.3509338340875852
96412,96412,0.340223525152165,2419,3,True,,-0.604397645065869,0.0,,,0.98116531968204,0.0041203405132784,1,1.3548917251342678
96413,96413,0.329505982005225,2420,3,True,,-0.545949392024192,0.0,,,0.979510561225514,0.003384493879115,1,1.349476442485463
96414,96414,0.328189573800638,2421,3,True,,-0.545949392024192,0.0,,,0.97715982504354,0.0028414102378027,1,1.349458285688622
96415,96415,0.326260292320131,2422,3,True,,-0.545949392024192,0.0,,,0.97367535220861,0.0022242873089257,1,1.348836160954247
96416,96416,0.300650251754382,2423,3,True,,-0.545949392024192,0.0,,,0.921551570695301,0.0003950448087165,1,1.3237933898833851
96417,96417,0.26872268771426,2424,3,True,,-0.545949392024192,0.0,,,0.84061594801563,0.0004172691875065,1,1.320302333297366
96460,96460,0.271677610686629,2425,0,False,-1.0,-0.240428341141907,-0.275469168900804,-0.0025423728813559,0.0,0.0026896648253817,0.0145185080313465,2,1.8542986914746755
96461,96461,0.279972191189096,2426,0,False,-1.0,-0.240428341141907,-0.268325487558843,-0.0025423728813559,0.0,0.0424828527469936,0.0171849144000156,2,1.7218928972371146
96462,96462,0.281352556942489,2427,0,False,-1.0,-0.20509005964496,-0.258172114743162,0.0,0.0,0.080428179097291,0.0203914577813969,2,1.5986981482656253
97123,97123,0.287302457781773,2428,0,False,-1.0,-0.0228053684218701,-0.0669014084507042,-0.60427807486631,-0.148533772652389,0.0770117081804782,0.0077998336695553,2,2.9091883290480736
97124,97124,0.288821018880417,2429,0,False,-1.0,-0.04314424616936,-0.0698005698005698,-0.631284916201117,-0.148533772652389,0.0255082700907252,0.0063233662944842,2,3.0691695187726165
97125,97125,0.292399769077706,2430,0,False,-1.0,-0.04314424616936,-0.0714796283059328,-0.631284916201117,-0.31072511717673,0.0106658241673858,0.0062501200027661,2,3.285411863894133
97126,97126,0.298956714292874,2431,0,False,-1.0,-0.04314424616936,-0.0710696338837042,-0.614130434782609,-0.31072511717673,0.0519772926810419,0.0054523142914433,2,3.171551531027953
97535,97535,0.632831600437289,2432,0,False,-1.0,-0.563377307508217,-0.454308093994778,-0.254237288135593,-0.644552262419576,0.994070650930022,0.0032268107189503,3,2.122572662266129
97536,97536,0.602129880347107,2433,0,False,-1.0,-0.5475965470248,-0.492348636061211,-0.244635193133047,-0.113624408206207,0.991382857457604,0.0259590601274541,3,1.8978363941300713
97537,97537,0.655955962828376,2434,0,False,-1.0,-0.561451398166511,-0.48478835978836,-0.254237288135593,-0.288429054054054,0.986441595662901,0.0373830722988635,3,1.5380106611832376
97755,97755,0.401950659499855,2435,0,False,-1.0,-0.285281209279445,-0.4875,0.0,0.0,0.421892967790888,0.257578486852847,2,1.6511262979881696
97756,97756,0.410935601675759,2436,0,False,-1.0,-0.344507000036891,-0.480943738656987,0.0,0.0,0.421555667304744,0.260420654069262,2,1.6899930464194761
97757,97757,0.308626704196081,2437,0,False,-1.0,-0.285281209279445,-0.477941176470588,0.0,0.0,0.0200122618153749,0.0242312189119858,2,1.8037019222617081
97758,97758,0.31436895219844,2438,0,False,-1.0,-0.285281209279445,-0.485559566787004,0.0,0.0,0.0368054845710781,0.026192854896512,2,1.749227928801451
97761,97761,0.425695695083971,2439,0,False,-1.0,-0.361794466452105,-0.55787037037037,-0.177897574123989,0.0,0.361383331931316,0.0359084363779678,2,1.1045056416884882
97762,97762,0.409687254140233,2440,0,False,-1.0,-0.356286420350638,-0.570388349514563,0.0,0.0,0.329911639448943,0.0285418750250746,2,1.05987138463507
97763,97763,0.376230665793884,2441,0,False,-1.0,-0.341093045646536,-0.60056657223796,0.0,0.0,0.139382800202704,0.0181749245750866,2,1.5801688047658644
97764,97764,0.363090802662364,2442,0,False,-1.0,-0.340946163619305,-0.610429447852761,0.0,0.0,0.0922385090876757,0.0172485968350912,2,1.7212777911087778
97959,97959,0.425368432420717,2443,0,False,-1.0,-0.490364156570479,-0.588100686498856,-0.744286596664608,0.0,0.0687932262224987,0.106065080002391,2,3.2346408363596373
97960,97960,0.430062790741318,2444,0,False,-1.0,-0.490364156570479,-0.587155963302752,-0.744286596664608,0.0,0.130753438202572,0.021792243549231,2,3.202190734771003
98338,98338,0.408764201031025,2445,4,True,,-1.0,,,,0.992449887890104,0.011021544246074,1,1.7723471117818352
98339,98339,0.408178324191601,2446,4,True,,-1.0,,,,0.991888491921105,0.0104617766531148,1,1.7733124586719278
98340,98340,0.407724038203201,2447,4,True,,-1.0,,,,0.991470691845245,0.009555508981037,1,1.7752791069854261
98341,98341,0.407017317442458,2448,4,True,,-1.0,,,,0.990812786173962,0.0084343095762522,1,1.7776611769772672
98342,98342,0.406300500160365,2449,4,True,,-1.0,,,,0.99009800333785,0.0082898362941611,1,1.777504596796045
98343,98343,0.406082698467297,2450,4,True,,-1.0,,,,0.989908505875591,0.0076168922207456,1,1.7791220108727777
98344,98344,0.405585515484746,2451,4,True,,-1.0,,,,0.989429744765323,0.0072047182559657,1,1.7798558073805377
98345,98345,0.405225421266124,2452,4,True,,-1.0,,,,0.989085870543108,0.0066913382493662,1,1.7809678511954132
98346,98346,0.404779595373852,2453,4,True,,-1.0,,,,0.988667716616918,0.0061469595907977,1,1.7821221225843036
98347,98347,0.40421615990484,2454,4,True,,-1.0,,,,0.988170268332569,0.0052594692433649,1,1.7841693194187398
98348,98348,0.403560523031466,2455,4,True,,-1.0,,,,0.987521753346787,0.0050222226832247,1,1.7843502807394698
98349,98349,0.403283422887555,2456,4,True,,-1.0,,,,0.987274473817044,0.0046029907297757,1,1.7853273169277692
98350,98350,0.402914300465794,2457,4,True,,-1.0,,,,0.98692892779375,0.0043247939597866,1,1.7858501362967472
98351,98351,0.402489856669147,2458,4,True,,-1.0,,,,0.986592527535131,0.003510796784777,1,1.7878852997512342
98352,98352,0.401836234572444,2459,4,True,,-1.0,,,,0.985950385878193,0.0032396438276846,1,1.788193036341712
98353,98353,0.401410257678316,2460,4,True,,-1.0,,,,0.985608913296905,0.0024690839988853,1,1.790142688549986
98354,98354,0.400653206060933,2461,4,True,,-1.0,,,,0.984851606425496,0.0018204060358712,1,1.7914751167890766
98355,98355,0.4000682087193,2462,4,True,,-1.0,,,,0.984255812079046,0.001564348937365,1,1.7918002001588262
98356,98356,0.399817921793629,2463,4,True,,-1.0,,,,0.984009756470628,0.0014455697431267,1,1.7919739247739566
98357,98357,0.399700262533056,2464,4,True,,-1.0,,,,0.983890646177292,0.0013793510265314,1,1.7920837841304371
98358,98358,0.399379291344713,2465,4,True,,-1.0,,,,0.983636228477072,0.0005253941543475,1,1.7944092622291437
98359,98359,0.398539822104389,2466,4,True,,-1.0,,,,0.982853622662085,0.0001910703065526,1,1.7948579503788171
98469,98469,0.305633699331257,2467,0,False,-1.0,-0.280660118643443,-0.211864406779661,0.0,0.0,0.313122073764618,0.0387142873245156,2,0.8683178663836628
98470,98470,0.306440522430829,2468,0,False,-1.0,-0.280660118643443,-0.210084033613445,0.0,0.0,0.318567172901862,0.0390779413604145,2,0.8539773028762727
99108,99108,0.329738015484223,2469,3,True,,-0.570195385183548,0.0,,,0.974398729568996,0.012758394383051,1,1.3130674362715689
99109,99109,0.329572413126346,2470,3,True,,-0.570195385183548,0.0,,,0.974144560204028,0.0125470182527738,1,1.3135297664495538
99110,99110,0.32942416220889,2471,3,True,,-0.570195385183548,0.0,,,0.973930007625412,0.0122882534288046,1,1.3141833353167103
99111,99111,0.329127940309033,2472,3,True,,-0.570195385183548,0.0,,,0.973565904617666,0.0114007737056718,1,1.3167762909470093
99112,99112,0.328675860244013,2473,3,True,,-0.570195385183548,0.0,,,0.972815865716888,0.0111510496178658,1,1.3169636382699939
99113,99113,0.328359391886429,2474,3,True,,-0.570195385183548,0.0,,,0.972432876636264,0.010178208446471,1,1.3198929675800577
99647,99647,0.271664649522761,2475,3,True,,-0.545949392024192,0.0,,,0.843285414377371,0.0001873542489949,1,1.3204239850710957
99648,99648,0.322996650806299,2476,3,True,,-0.545949392024192,0.0,,,0.967333322168492,0.0027105994593043,1,1.3418455520210175
99649,99649,0.322935008901603,2477,3,True,,-0.545949392024192,0.0,,,0.967230277152141,0.0026471323350169,1,1.3420060803331246
99650,99650,0.322887566169643,2478,3,True,,-0.545949392024192,0.0,,,0.967159266166015,0.0025588467159172,1,1.3422865737888734
99651,99651,0.322721999239519,2479,3,True,,-0.545949392024192,0.0,,,0.966944073672395,0.00209047372218,1,1.3439088139522346
99652,99652,0.32245225415618,2480,3,True,,-0.545949392024192,0.0,,,0.966494337195181,0.0017387804836079,1,1.3449112600796502
99653,99653,0.322057419425815,2481,3,True,,-0.545949392024192,0.0,,,0.965940456997471,0.0008361399788728,1,1.3479857571566862
99654,99654,0.321540786436437,2482,3,True,,-0.545949392024192,0.0,,,0.965110228998385,0.0003441773818882,1,1.3492781282482833
99921,99921,0.271676231325707,2483,1,True,,-0.349249827947252,-0.804878048780488,0.0,0.0,0.450321460016679,0.0016388548053932,1,1.819962465380528
100003,100003,0.260764054318761,2484,4,True,,,,,-1.0,1.0,0.0028182729290401,3,4.238306785897992
100004,100004,0.260764054318761,2485,4,True,,,,,-1.0,1.0,0.0024513179387937,3,4.239200404665234
100005,100005,0.260764054318761,2486,4,True,,,,,-1.0,1.0,0.0018957653843304,3,4.240558200884446
100304,100304,0.383516794387686,2487,0,False,-1.0,-0.333945744356883,-0.290540540540541,0.0,0.0,0.526838773000404,0.117781688241081,2,0.4066921224897837
100305,100305,0.385344723981568,2488,0,False,-1.0,-0.333513610231349,-0.303448275862069,0.0,0.0,0.528325254206353,0.112590942672451,2,0.37212530000651456
100721,100721,0.463239130102339,2489,0,False,-1.0,-0.216714813460414,-0.240483383685801,0.0,0.0,0.849095635416262,0.11252177602801,2,1.2225644327617344
100722,100722,0.405413790275266,2490,0,False,-1.0,-0.27101752561843,-0.278319123020706,-0.0076687116564417,-0.0006490134994807,0.525746400769135,0.0782642385529102,2,0.23426651916958752
101610,101610,0.925481630965246,2491,0,False,1.0,1.0,1.0,-1.0,-1.0,1.0,0.109009125137367,4,2.836412492483199
101630,101630,0.456583588159285,2492,0,False,-1.0,-0.23094203061867,-0.190392501464558,-0.41007493755204,-0.267854327605234,0.647748507792793,0.0054563306372547,3,1.7188070285812223
101631,101631,0.483861986541398,2493,0,False,-1.0,-0.23094203061867,-0.193208430913349,-0.45364500792393,-0.267854327605234,0.769806814977261,0.0063325871288398,3,1.5284516141677007
101649,101649,0.509147338409664,2494,0,False,-1.0,-0.318992162374132,-0.313559322033898,0.0,-0.0024911032028469,0.956948083646876,0.016800541924532,2,1.701268655591851
101650,101650,0.522212384107909,2495,0,False,-1.0,-0.318992162374132,-0.313559322033898,0.0,-0.0024911032028469,1.0,0.0154409433090316,2,1.8395871401406305
101651,101651,0.893734907639148,2496,0,False,1.0,1.0,1.0,-1.0,-1.0,1.0,0.012760601381095,4,2.9544130381596663
101652,101652,0.862092228494692,2497,0,False,1.0,1.0,1.0,-1.0,-1.0,1.0,0.0105754706853612,4,2.9602001413327157
101653,101653,0.861218146026685,2498,0,False,-1.0,-1.0,-1.0,-1.0,-0.997508896797153,0.999334839117287,0.0050856603498759,3,4.0293459499422335
101654,101654,0.86118282500786,2499,0,False,-1.0,-1.0,-1.0,-1.0,-0.997508896797153,0.999307739977495,0.004066642457299,3,4.031902779692365
101655,101655,0.86113158994833,2500,0,False,-1.0,-1.0,-1.0,-1.0,-0.997508896797153,0.99926687112134,0.0033001631001956,3,4.033831995697665
101656,101656,0.86108634286039,2501,0,False,-1.0,-1.0,-1.0,-1.0,-0.997508896797153,0.999234513607664,0.0022458761703804,3,4.036513720192268
101657,101657,0.566352421682796,2502,2,True,-1.0,-1.0,-1.0,,-0.997508896797153,,0.0,3,5.110388454232849
102153,102153,0.311031518851138,2503,0,False,-1.0,-0.176278737665119,-0.196850393700787,0.0,0.0,0.401341821138243,0.057450380465615,2,0.6009275571252959
102154,102154,0.316030740626541,2504,0,False,-1.0,-0.204225778630541,-0.203125,0.0,0.0,0.386617742220131,0.0670431928359034,2,0.5694439446612091
102191,102191,0.495516936071749,2505,0,False,-1.0,-0.410916775758806,-0.573770491803279,-0.177897574123989,0.0,0.576216721422039,0.0560327829043531,2,1.014369401964039
102418,102418,0.420487957441251,2506,1,True,-1.0,-0.54051838971465,-0.664756446991404,-0.722972972972973,-0.0467753366406804,,0.0,2,3.4463404473738595
102576,102576,0.348481891706061,2507,3,True,,,,-1.0,-1.0,0.999482614133571,0.0018384916408243,3,4.0921078064152825
102577,102577,0.348338723102434,2508,3,True,,,,-1.0,-1.0,0.99929567643911,0.0016537225557056,3,4.0925083971531
102578,102578,0.348257179811333,2509,3,True,,,,-1.0,-1.0,0.999198025849264,0.0011812737397733,3,4.093676111721371
102579,102579,0.345764804359879,2510,3,True,,,,-1.0,-1.0,0.998950077459122,0.0008892284972788,3,4.094331177978872
102580,102580,0.345639328784282,2511,3,True,,,,-1.0,-1.0,0.998792340649459,0.0007248974834547,3,4.094693918224371
102581,102581,0.344496680200749,2512,3,True,,,,-1.0,-1.0,0.998696141756806,0.0002567808209852,3,4.0958598659549175
102694,102694,0.361383698744009,2513,0,False,0.0,-0.416891670923018,-0.268041237113402,-0.0706763398080974,-0.0488322717622081,0.98512897315826,0.0103046333159237,1,0.9434567227220007
102695,102695,0.306547941558191,2514,0,False,0.0,-0.390302346155876,-0.261538461538462,-0.071260028315243,0.0,0.865337053487726,0.004559556501025,1,0.9367433137205298
102696,102696,0.31855725210345,2515,0,False,0.0,-0.416891670923018,-0.280612244897959,-0.0843806104129264,-0.0499348675640469,0.762731848724496,0.0607567305463051,1,0.8207805116729706
102697,102697,0.331112427876336,2516,0,False,0.0,-0.416891670923018,-0.276214833759591,-0.0814558058925477,-0.0499348675640469,0.815388978573525,0.0519765859154796,1,0.7609788275472327
103311,103311,0.340766318234256,2517,3,True,,-0.470802118845353,-0.9,,,0.653541870267109,0.0039980797598743,1,1.3820305414170615
103312,103312,0.328819782058893,2518,3,True,,-0.470802118845353,-0.833333333333333,,,0.651803593924229,0.0020107784917572,1,1.2887686023869704
103313,103313,0.307914987469641,2519,3,True,,-0.470802118845353,-0.714285714285714,,,0.650651871828453,0.0007640137081298,1,1.1426259717080416
103406,103406,0.354884998170751,2520,0,False,-1.0,-0.157531654179907,-0.216745442268737,0.0,0.0,0.709708433622959,0.13314682013125,2,0.89335473400448
103407,103407,0.314249973407204,2521,0,False,-1.0,-0.157531654179907,-0.223719676549865,0.0,0.0,0.361944872932126,0.186557959872875,2,1.0911677056761662
103408,103408,0.401017426799197,2522,0,False,-1.0,-0.157531654179907,-0.221173297370196,0.0,0.0,0.929586591815787,0.0727695598143029,2,1.501779685106587
103409,103409,0.399418639601805,2523,0,False,-1.0,-0.157531654179907,-0.215301286391334,0.0,0.0,0.930516878704795,0.0719437690506978,2,1.5079358895980872
103410,103410,0.395861788467293,2524,0,False,-1.0,-0.153691573844473,-0.210990502035278,0.0,0.0,0.925916259346992,0.0722215140044457,2,1.4959362522204014
103411,103411,0.317387439780821,2525,0,False,-1.0,-0.161105391830272,-0.221374045801527,0.0,0.0,0.250495966476274,0.122456543019615,2,0.9868386725130766
103412,103412,0.325234350839284,2526,0,False,-1.0,-0.194451094931495,-0.227272727272727,0.0,0.0,0.25748759864025,0.123240357186588,2,0.949410227619688
103499,103499,0.250574533907342,2527,3,True,,-0.204841726798248,-0.833333333333333,,,0.573761343198707,0.102550464114755,1,1.659278292791084
103690,103690,0.4087999024161,2528,4,True,,-1.0,,,,0.992369993883829,0.0114345607601899,1,1.7712702511220133
103691,103691,0.408545897487546,2529,4,True,,-1.0,,,,0.992122421937391,0.0112076113067274,1,1.7716402472051471
103692,103692,0.408380925212023,2530,4,True,,-1.0,,,,0.991970132656085,0.0108433934285061,1,1.7724248473290247
103693,103693,0.40808136147733,2531,4,True,,-1.0,,,,0.991698447460637,0.0097657624177586,1,1.7749177273634678
103694,103694,0.407447813721585,2532,4,True,,-1.0,,,,0.991063562386967,0.009454956415697,1,1.7752294323492124
103695,103695,0.407217863926269,2533,4,True,,-1.0,,,,0.990841116450687,0.0090885937046478,1,1.7759978860995798
103696,103696,0.406897593725791,2534,4,True,,-1.0,,,,0.990548764780838,0.0080888134234074,1,1.7783619544647664
103697,103697,0.406262042246083,2535,4,True,,-1.0,,,,0.989911793981868,0.0075364852458487,1,1.7793358237562642
103698,103698,0.405862653264359,2536,4,True,,-1.0,,,,0.989519713102713,0.0069916598770472,1,1.78048679537087
103703,103703,0.40277140770291,2537,4,True,,-1.0,,,,0.986124521321236,0.0012487173060791,1,1.794031495701823
104136,104136,0.47137998863045,2538,0,False,-1.0,-0.214241519153001,-0.195374315276932,-0.217654171704958,-0.0415534601246604,0.953597609722899,0.0851816146344358,2,1.7193074240983692
104137,104137,0.473648448502583,2539,0,False,-1.0,-0.226134106850094,-0.196114146933819,-0.217654171704958,-0.0415534601246604,0.95433922923953,0.086859913962718,2,1.7198360546556044
104138,104138,0.473670693977264,2540,0,False,-1.0,-0.226134106850094,-0.195534097767049,-0.217654171704958,-0.0415534601246604,0.954877954969882,0.0880906080031977,2,1.721586688074724
104360,104360,0.319528380788315,2541,3,True,,-0.470802118845353,-0.833333333333333,,,0.709664063452453,0.0171107907279921,1,1.123860728345364
104361,104361,0.298909760437059,2542,3,True,,-0.390895875604833,-0.833333333333333,,,0.673089098455041,0.0163696020696236,1,1.247876967896506
104362,104362,0.290300783456831,2543,3,True,,-0.390895875604833,-0.833333333333333,,,0.636222626243209,0.014252586905667,1,1.327862233258909
104363,104363,0.256640016588787,2544,3,True,,-0.253610011902124,-0.833333333333333,,,0.590383975279728,0.012586415363264,1,1.5763961311325345
104364,104364,0.25671983698766,2545,3,True,,-0.253610011902124,-0.833333333333333,,,0.582821176532476,0.0149136035607,1,1.5863318847216414
104366,104366,0.267278747666702,2546,3,True,,-0.426640547889822,-0.714285714285714,,,0.564725786451656,0.0155618156042942,1,1.3284948724211811
104367,104367,0.261687915912241,2547,3,True,,-0.390895875604833,-0.714285714285714,,,0.564834718585672,0.0157144060142667,1,1.353740085105583
104368,104368,0.262003136366297,2548,3,True,,-0.390895875604833,-0.714285714285714,,,0.565298865471934,0.0156313510525589,1,1.352748912745074
104369,104369,0.263162410852881,2549,3,True,,-0.390895875604833,-0.714285714285714,,,0.567287766047258,0.0150882332813974,1,1.3490768003103264
104370,104370,0.281116832378695,2550,3,True,,-0.470802118845353,-0.714285714285714,,,0.579397122472172,0.0160197862733986,1,1.2632540903147793
104371,104371,0.286215803721078,2551,3,True,,-0.470802118845353,-0.714285714285714,,,0.592189662052399,0.0175750909327097,1,1.223832876714787
104372,104372,0.289855534591468,2552,3,True,,-0.470802118845353,-0.714285714285714,,,0.601331386859798,0.0195018129435164,1,1.1934355424235126
104470,104470,0.351818140612098,2553,3,True,,1.0,1.0,-1.0,,,0.0,4,4.619184324615157
104752,104752,0.396708757670884,2554,0,False,-1.0,-0.33056928327851,-0.472222222222222,0.0,0.0,0.564486598244845,0.139393553281519,2,0.6778590086151743
104753,104753,0.399129602250711,2555,0,False,-1.0,-0.343613923564342,-0.478787878787879,0.0,0.0,0.562593431821882,0.138642144905152,2,0.6912908563120055
104754,104754,0.398489784827259,2556,0,False,-1.0,-0.343613923564342,-0.480651731160896,0.0,0.0,0.561153403152213,0.137450448858048,2,0.68489991177214
104755,104755,0.402845594628688,2557,0,False,-1.0,-0.381647923440376,-0.477178423236515,0.0,0.0,0.558272446982034,0.135988815666466,2,0.7131848315298812
104756,104756,0.398769818608854,2558,0,False,-1.0,-0.352316768077407,-0.489406779661017,0.0,0.0,0.554763725769664,0.135441981624428,2,0.6874420096397248
104757,104757,0.389240275220877,2559,0,False,-1.0,-0.366578961180338,-0.514563106796116,0.0,0.0,0.493387934458827,0.150314460457667,2,0.8091065353381147
104758,104758,0.619924045034579,2560,0,False,-1.0,-0.486218832341312,-0.634844868735084,-0.49079754601227,0.0,0.980865803008663,0.127146861061693,3,1.6995954470651855
104759,104759,0.637939846081166,2561,0,False,-1.0,-0.501862717174594,-0.667493796526055,-0.49079754601227,0.0,1.0,0.173588129115675,3,1.8064583383509798
104760,104760,0.911250360838595,2562,0,False,1.0,1.0,1.0,-1.0,-1.0,1.0,0.171657566710997,4,2.9097449679610605
104761,104761,0.395000396162234,2563,1,True,0.0,-0.522462127628504,-0.321428571428571,-0.329268292682927,,1.0,0.147243948363249,1,1.5935164666747157
104763,104763,0.346675493653561,2564,0,False,-1.0,-0.204333651699359,-0.566037735849057,0.0,0.0,0.135344967945857,0.0588964463892616,2,1.4206789670384001
104764,104764,0.351511204313329,2565,0,False,-1.0,-0.204333651699359,-0.56875,0.0,0.0,0.163570148212865,0.0598966173070692,2,1.3374146409113608
104765,104765,0.370220533267946,2566,0,False,-1.0,-0.263033976710344,-0.58125,0.0,0.0,0.20723072924401,0.0600428486613353,2,1.2215768215425797
104766,104766,0.378735698548301,2567,0,False,-1.0,-0.25660377962058,-0.593167701863354,0.0,0.0,0.253789137893855,0.0630238396179656,2,1.1028152604732389
104767,104767,0.393765737689656,2568,0,False,-1.0,-0.293309574959975,-0.597523219814242,0.0,0.0,0.304393473001448,0.0644526001445334,2,0.9872340520247951
104768,104768,0.405790812591707,2569,0,False,-1.0,-0.333956004589382,-0.571428571428571,0.0,0.0,0.360452924781672,0.0685768253240124,2,0.8357317431405852
105038,105038,0.367777007084697,2570,0,False,0.0,-0.307943235307514,-0.258485639686684,-0.013564929693962,-0.25916161349855,0.96145940334699,0.159160783773903,1,1.6486223290962632
105039,105039,0.371904280827676,2571,0,False,0.0,-0.307943235307514,-0.257978723404255,-0.0136986301369863,-0.312063492063492,0.955008830686404,0.159687308775787,1,1.798062873537389
105040,105040,0.370424054019734,2572,0,False,0.0,-0.307943235307514,-0.256613756613757,-0.0130469371519491,-0.312063492063492,0.952088335169152,0.15985731836016,1,1.798380657257528
105041,105041,0.368964566418311,2573,0,False,0.0,-0.307943235307514,-0.253263707571802,-0.0125940715711872,-0.312063492063492,0.94998042865844,0.160015130346151,1,1.8005353374034685
105042,105042,0.360643485317013,2574,0,False,0.0,-0.307943235307514,-0.25,-0.0124620060790274,-0.25916161349855,0.947213065460462,0.159352525326195,1,1.648506485128084
105100,105100,0.435458025028532,2575,0,False,-1.0,-0.11915525461577,-0.145121951219512,0.0,0.0,0.950025156036236,0.0047256811926579,2,1.79874387189464
105101,105101,0.434795946982856,2576,0,False,-1.0,-0.11915525461577,-0.144329896907216,0.0,0.0,0.956312022725979,0.0050605424251707,2,1.815884953561843
105347,105347,0.341015739842907,2577,0,False,-1.0,-0.275082105050607,-0.212962962962963,0.0,0.0,0.498950544803834,0.0079947323139476,2,0.8251402778971847
105348,105348,0.266537776069928,2578,0,False,-1.0,-0.258003315311723,-0.19047619047619,0.0,0.0,0.164986154287591,0.0001283761812482,2,1.467826714722011
105349,105349,0.351787040785563,2579,0,False,-1.0,-0.264228436729441,-0.166666666666667,0.0,0.0,0.630239059830098,0.0170781262763873,2,0.8988495873869059
105476,105476,0.368507282532479,2580,0,False,-1.0,-0.175219647539164,-0.201790633608815,0.0,0.0,0.895585344381066,0.10125153958746,2,1.3884350909637468
105679,105679,0.255666081942809,2581,1,True,-1.0,-0.263470253523041,-0.27027027027027,0.0,-0.0006490134994807,,0.0,2,1.9193964919610007
105686,105686,0.438566347886161,2582,3,True,,-0.61828224521704,-0.972222222222222,,,0.847371583657207,0.0442341500414573,1,1.1942699116090845
105687,105687,0.437187822051567,2583,3,True,,-0.61828224521704,-0.971428571428571,,,0.84742997260522,0.0441842877083239,1,1.1925403639731846
105688,105688,0.429455832139488,2584,3,True,,-0.58280197391345,-0.964285714285714,,,0.848894612955366,0.0433773255419823,1,1.167336453667678
105689,105689,0.427287507731254,2585,3,True,,-0.58280197391345,-0.958333333333333,,,0.8495272110852,0.0429640044685249,1,1.1543378531468227
105690,105690,0.418595877299685,2586,3,True,,-0.541851337563963,-0.954545454545455,,,0.85011421462606,0.0426330999151512,1,1.1437354237816166
105691,105691,0.416654880590639,2587,3,True,,-0.541851337563963,-0.95,,,0.851109184840332,0.0421883616481887,1,1.1338955688237204
105720,105720,0.547827760178857,2588,0,False,-1.0,-0.360999588751386,-0.311242603550296,-0.308049535603715,-0.359612462006079,0.972057070974219,0.0184656167344237,3,1.4736002085051048
105721,105721,0.412498120473144,2589,0,False,-1.0,-0.285631802895745,-0.270200387847447,-0.108603667136812,0.0,0.481017893356801,0.0145954755120762,2,0.7935472954634668
105722,105722,0.483498913220989,2590,0,False,-1.0,-0.259887394853169,-0.266582438408086,0.0,0.0,0.959217932926936,0.0208429257547005,2,1.6889520424562
105779,105779,0.754982562922217,2591,1,True,-1.0,-1.0,-1.0,,-1.0,0.998366651179795,0.0316178988606027,3,4.1296737793369935
105780,105780,0.754846063317499,2592,1,True,-1.0,-1.0,-1.0,,-1.0,0.998269656450372,0.0315099560327995,3,4.129842626491416
105929,105929,0.601646083280796,2593,2,True,,1.0,1.0,-1.0,,1.0,0.0004977196106524,4,3.3794723755852463
105930,105930,0.601498180468794,2594,2,True,,-1.0,-1.0,-1.0,,1.0,0.0002348636541237,3,3.5703351795772207
105931,105931,0.351498180468794,2595,3,True,,-1.0,-1.0,-1.0,,,0.0,3,4.6139992751052334
106440,106440,0.309380313897768,2596,0,False,-1.0,-0.166166316994533,-0.591362126245847,0.0,0.0,0.0379801230438639,0.0475060546678599,2,1.7699779628921575
106441,106441,0.313866036561282,2597,0,False,-1.0,-0.171017811462037,-0.583606557377049,0.0,0.0,0.0842563304217105,0.0457032725430395,2,1.6260805844132107
106442,106442,0.318540415307447,2598,0,False,-1.0,-0.204333651699359,-0.561290322580645,0.0,0.0,0.103618269471709,0.0465330621412614,2,1.5385678264680638
106443,106443,0.320959301565062,2599,0,False,-1.0,-0.204333651699359,-0.560897435897436,0.0,0.0,0.127818496321191,0.0450935634162763,2,1.4695249360985478
106566,106566,0.416481358044092,2600,0,False,-1.0,-0.340807172737153,-0.554545454545455,-0.146341463414634,0.0,0.316346427548786,0.0013752497882905,2,1.2870359966409253
106567,106567,0.481860281907761,2601,0,False,-1.0,-0.340807172737153,-0.558086560364465,-0.146341463414634,0.0,0.625309688836455,0.0015034438573915,2,1.193564095127411
106568,106568,0.510230177892331,2602,0,False,-1.0,-0.393632385278406,-0.559633027522936,-0.177897574123989,0.0,0.687659483685808,0.0017603664744558,2,1.361876772863848
106569,106569,0.480779701662979,2603,0,False,-1.0,-0.393632385278406,-0.567757009345794,-0.177897574123989,0.0,0.426263837417668,0.0009258305814352,2,1.253101479402567
106570,106570,0.47030819152082,2604,0,False,-1.0,-0.377680863240629,-0.567058823529412,-0.177897574123989,0.0,0.542539334737191,0.0005266494398442,2,1.220841592283419
106711,106711,0.700341801012843,2605,0,False,-1.0,-0.448862716581917,-0.659942363112392,-0.965313028764805,-0.565961732124874,1.0,0.0931199494657481,3,2.035984144622623
106712,106712,0.698736962669615,2606,0,False,-1.0,-0.448862716581917,-0.653295128939828,-0.965313028764805,-0.565961732124874,1.0,0.0923423045241379,3,2.03323231232597
107096,107096,0.326542404674951,2607,0,False,0.0,-0.0958594648661247,-0.238952536824877,-0.12779552715655,-0.578855975485189,0.882628667131576,0.120865284190349,3,2.5541367173485927
107097,107097,0.347204484778959,2608,0,False,0.0,-0.127301725784708,-0.25542570951586,-0.179372197309417,-0.585433884297521,0.917875550260837,0.117564110877968,3,2.418870067831077
107098,107098,0.370583234378789,2609,0,False,0.0,-0.129717349499369,-0.269751693002257,-0.180995475113122,-0.778754981448399,0.934657030282753,0.116635413925083,3,2.862838398381455
107099,107099,0.376998801798717,2610,0,False,0.0,-0.132640164004827,-0.272058823529412,-0.200294550810015,-0.778754981448399,0.952430323807719,0.115282535515731,3,2.8309085963035914
107100,107100,0.386411239452471,2611,0,False,0.0,-0.132640164004827,-0.269511510387423,-0.235211267605634,-0.796545914069082,0.987324613637763,0.112360507781639,3,2.8397175156544066
107101,107101,0.3713468976727,2612,0,False,0.0,-0.13213710062395,-0.268973214285714,-0.360424028268551,-0.83715782483583,0.885366088319769,0.0074762011718233,3,2.973455373303876
108259,108259,0.333333333333333,2613,4,True,,1.0,1.0,,,,0.0,4,4.628587527573418
108528,108528,0.333588946309074,2614,0,False,-1.0,-0.246224012806877,-0.158878504672897,0.0,0.0,0.592783023865847,0.264919047349162,2,1.7177903246014914
108529,108529,0.339926438637925,2615,0,False,-1.0,-0.258003315311723,-0.181818181818182,0.0,0.0,0.594596127099395,0.262214588222547,2,1.683660011471215
108530,108530,0.348732426460508,2616,0,False,-1.0,-0.275082105050607,-0.212389380530973,0.0,0.0,0.596246521541713,0.264362569948039,2,1.6927074536012825
108531,108531,0.354629148158058,2617,0,False,-1.0,-0.297961764612829,-0.221238938053097,0.0,0.0,0.597355624532183,0.266142872558295,2,1.710188665763538
108532,108532,0.356060118311164,2618,0,False,-1.0,-0.297961764612829,-0.227272727272727,0.0,0.0,0.598151651466214,0.267056414445454,2,1.71695555683335
108533,108533,0.356487373267245,2619,0,False,-1.0,-0.297961764612829,-0.227272727272727,0.0,0.0,0.599045575664826,0.26744484769402,2,1.7210195962401742
108534,108534,0.360688711800899,2620,0,False,-1.0,-0.291464718330507,-0.254385964912281,0.0,0.0,0.600761952171049,0.267416310038251,2,1.713253203430505
108535,108535,0.327577713684876,2621,0,False,-1.0,-0.268708046833231,-0.158878504672897,0.0,0.0,0.547379407016352,0.331160697671624,2,2.3001306937194723
109077,109077,0.285941213541727,2622,1,True,0.0,-0.27733526051825,-0.403508771929825,,0.0,0.712180814810118,0.0008886918514276,1,1.1218077018992598
109078,109078,0.285500721858002,2623,1,True,0.0,-0.27733526051825,-0.403508771929825,,0.0,0.70625815353616,0.0008123406760544,1,1.1323214974247304
109217,109217,0.272443513074588,2624,3,True,,-0.204841726798248,-0.833333333333333,,,0.66860372519098,0.0016941700673553,1,1.5346105750584622
109218,109218,0.271731380946656,2625,3,True,,-0.204841726798248,-0.833333333333333,,,0.66719930672192,0.0005745245648411,1,1.5406268119998234
109601,109601,0.479494732337587,2626,0,False,-1.0,-0.147481998828322,-0.136164896939413,-0.239035087719298,-0.341885269530124,0.930757324231933,0.0577092502285808,3,1.7367405302830563
109602,109602,0.493963926280773,2627,0,False,-1.0,-0.181634288320869,-0.144194756554307,-0.405204460966543,-0.341885269530124,0.928414899963942,0.0564430970808472,3,1.3462991313746937
109603,109603,0.508393166657538,2628,0,False,-1.0,-0.209116222687384,-0.152079453755431,-0.370748299319728,-0.522697223446452,0.928859286641304,0.0561626863811811,3,1.5487706536761516
109604,109604,0.561053515967674,2629,0,False,-1.0,-0.216744145570178,-0.155183116076971,-0.370748299319728,-0.995801847187238,0.924558644495117,0.0531236656086044,3,3.0948531899853524
109605,109605,0.564191273035036,2630,0,False,-1.0,-0.178925520215903,-0.171182266009852,-0.402597402597403,-0.996554100620262,0.92588544255284,0.0530158575429922,3,3.085879337143253
109606,109606,0.469878287098226,2631,0,False,-1.0,-0.183771465268462,-0.183374083129584,-0.367174280879865,-0.0415534601246604,0.936121654594308,0.0591630024383711,3,1.9045881764873633
109607,109607,0.469391277984038,2632,0,False,-1.0,-0.214241519153001,-0.188414634146341,-0.209650582362729,-0.0415534601246604,0.952578294989841,0.0834221057673566,2,1.7071266606912745
109608,109608,0.459057342339386,2633,0,False,-1.0,-0.214241519153001,-0.190127970749543,-0.0299500831946755,-0.0415534601246604,0.953070688697343,0.0843003877840247,2,1.562597436511146
109615,109615,0.38406322680879,2634,0,False,-1.0,-0.278452832263826,-0.499121265377856,0.0,0.0,0.279287842145396,0.0125078784029853,2,1.142714567529704
109656,109656,0.366030898851008,2635,0,False,-1.0,-0.242130785217114,-0.554140127388535,0.0,0.0,0.476288422247566,0.0377915522003246,2,0.7495503553530345
109657,109657,0.364304809734347,2636,0,False,-1.0,-0.231651746599248,-0.552715654952077,0.0,0.0,0.483151241764179,0.0378279534013883,2,0.7449856331120611
109658,109658,0.339254853665068,2637,0,False,-1.0,-0.231651746599248,-0.552715654952077,0.0,0.0,0.265431326341484,0.081891015653834,2,0.9915278335484629
109659,109659,0.339913008161138,2638,0,False,-1.0,-0.231651746599248,-0.552715654952077,0.0,0.0,0.274145634391542,0.0813100561217022,2,0.9678001850361111
109660,109660,0.393204021598032,2639,0,False,-1.0,-0.231651746599248,-0.55448717948718,0.0,0.0,0.701430361471806,0.0083525171958811,2,1.1594714577033427
110222,110222,0.478990394686269,2640,0,False,-1.0,-0.243268665863658,-0.196869355809753,-0.0490307867730901,-0.0415534601246604,0.980682563249687,0.157852675983112,2,1.7699001536915473
110562,110562,0.494420207860788,2641,0,False,0.0,-0.595986124804287,-0.794612794612795,-0.454545454545455,0.0,0.943631581342291,0.004047159860395,1,1.9523800486003824
110563,110563,0.489538139724598,2642,0,False,0.0,-0.572773873981841,-0.802120141342756,-0.454545454545455,0.0,0.998011734201502,0.0035134608446025,1,1.9878848240833393
110564,110564,0.426415377971679,2643,0,False,0.0,-0.488184497875595,-0.680147058823529,0.0,0.0,0.976859252808491,0.0001144291889575,1,0.8630968153340316
110780,110780,0.338858373763189,2644,3,True,,-0.406554005062545,-0.833333333333333,,,0.880445241035976,0.0363890188764891,1,0.9619046222187676
110781,110781,0.33874886996541,2645,3,True,,-0.406554005062545,-0.833333333333333,,,0.880225062522861,0.0363705636352364,1,0.9619355431572398
110782,110782,0.338497770444812,2646,3,True,,-0.406554005062545,-0.833333333333333,,,0.879412205749783,0.0364746192378132,1,0.9616664456489332
110783,110783,0.338265641657412,2647,3,True,,-0.406554005062545,-0.833333333333333,,,0.878314905827973,0.0366518446857669,1,0.9612350488555818
110784,110784,0.268665070425088,2648,3,True,,-0.470802118845353,-0.833333333333333,,,0.329656417328729,0.02692526498878,1,2.081300993068201
111079,111079,0.604917904404727,2649,0,False,-1.0,-0.364197357212946,-0.269120184013801,-0.478695813264172,-0.115929203539823,0.997478715297887,0.380886748740209,3,2.748605089750385
111080,111080,0.549883551205711,2650,0,False,-1.0,-0.34716860197991,-0.266820011500863,-0.269733874605322,-0.0648256494266323,0.997098268086886,0.375802206236369,3,2.977919525538972
111081,111081,0.588184600983191,2651,0,False,-1.0,-0.382323229391035,-0.279043280182232,-0.679200380771061,-0.0702789699570815,0.920147747690166,0.0469600316489942,3,1.621275247073846
111082,111082,0.59341356141064,2652,0,False,-1.0,-0.382323229391035,-0.290743895513913,-0.756177156177156,-0.0702789699570815,0.913270508323541,0.0465893086156327,3,1.7307600113841088
111083,111083,0.575197029514437,2653,0,False,-1.0,-0.417085211704434,-0.309080654258319,-0.675,-0.0528760759666621,0.880505558416894,0.0408132238969003,3,1.6696318206472585
111084,111084,0.574897514961497,2654,0,False,-1.0,-0.454602446821941,-0.326998323085523,-0.569767441860465,-0.0528760759666621,0.879263535783385,0.0424059383388002,3,1.5804783540678233
111669,111669,0.3408029148154,2655,3,True,,-0.470802118845353,-0.833333333333333,,,0.787982695470461,0.027116187371868,1,0.981724919727067
111670,111670,0.340506907143265,2656,3,True,,-0.470802118845353,-0.833333333333333,,,0.787870909479526,0.0266637472557681,1,0.9832213823556446
111671,111671,0.338948249877872,2657,3,True,,-0.470802118845353,-0.833333333333333,,,0.786046396462765,0.0245402530035774,1,0.9918162865458336
111672,111672,0.336994968614465,2658,3,True,,-0.470802118845353,-0.833333333333333,,,0.777950188759817,0.0237528556158174,1,1.003224101578567
111673,111673,0.335987473742625,2659,3,True,,-0.470802118845353,-0.833333333333333,,,0.773340677998233,0.0235569439797033,1,1.0091963980119
111674,111674,0.33529356930087,2660,3,True,,-0.470802118845353,-0.833333333333333,,,0.770789660411544,0.0232503708580911,1,1.013238802369916
111749,111749,0.271003370182152,2661,0,False,0.0,-0.0735451796322557,-0.0750481077613855,-0.0593080724876442,0.0,0.982571402920074,0.0953638666205765,1,1.6885853842574219
111750,111750,0.264025034396847,2662,0,False,0.0,-0.0402492537406665,-0.0734642178594047,-0.0536512667660209,0.0,0.980659842142926,0.096316521380968,1,1.7538403154486744
111751,111751,0.270195926094568,2663,0,False,0.0,-0.0948534052999783,-0.0749370277078086,-0.0044709388971684,0.0,0.980017031721284,0.0965012493554055,1,1.6375497685624938
111752,111752,0.271153250756621,2664,0,False,0.0,-0.0564464536622229,-0.0707635009310987,0.0,-0.129468232916509,0.961174852346101,0.0350732528904212,1,1.7495951794558797
111753,111753,0.252327450372435,2665,0,False,0.0,-0.0634748149585783,-0.0886153846153846,-0.0013698630136986,0.0,0.959421156829995,0.0325547421531349,1,1.6558283650356849
111788,111788,0.320061390161825,2666,0,False,-1.0,-0.184452183749592,-0.575539568345324,0.0,0.0,0.0868977438987003,0.0574978587119604,2,1.5830395141603157
111789,111789,0.311310686716516,2667,0,False,-1.0,-0.197040406330117,-0.576512455516014,0.0,0.0,0.0231416373959792,0.0485903627612511,2,1.794093774483627
112697,112697,0.583333333333333,2668,3,True,,1.0,1.0,,,1.0,0.0035356826158972,4,3.3845387273293213
112698,112698,0.583333333333333,2669,3,True,,1.0,1.0,,,1.0,0.0026753946332009,4,3.38671818290726
112699,112699,0.583333333333333,2670,3,True,,1.0,1.0,,,1.0,0.0023648004267811,4,3.3875093690110347
112700,112700,0.583333333333333,2671,3,True,,1.0,1.0,,,1.0,0.0019877303638151,4,3.3884729719764985
112701,112701,0.583333333333333,2672,3,True,,1.0,1.0,,,1.0,0.0015394463155969,4,3.389622954722006
112702,112702,0.583333333333333,2673,3,True,,1.0,1.0,,,1.0,0.0008542084752496,4,3.3913900052669606
112703,112703,0.333333333333333,2674,4,True,,1.0,1.0,,,,0.0,4,4.628587527573418
112974,112974,0.325194236583373,2675,3,True,,-0.570195385183548,0.0,,,0.967098957168037,0.0055018459031262,1,1.33195774701262
112975,112975,0.324836906938436,2676,3,True,,-0.570195385183548,0.0,,,0.966631622452953,0.0050166348603937,1,1.333366649663664
112976,112976,0.324525565115792,2677,3,True,,-0.570195385183548,0.0,,,0.966141224246508,0.0048483071690908,1,1.3336027385828002
112977,112977,0.324128795910833,2678,3,True,,-0.570195385183548,0.0,,,0.96567348737601,0.0041121584299866,1,1.3359676120098887
112978,112978,0.32368186341568,2679,3,True,,-0.570195385183548,0.0,,,0.964928393888961,0.0039362644212812,1,1.3360497116426238
112979,112979,0.323363824565683,2680,3,True,,-0.570195385183548,0.0,,,0.964525539771646,0.003434624504647,1,1.3376235675698975
112980,112980,0.323046687820861,2681,3,True,,-0.570195385183548,0.0,,,0.963993119173687,0.0033115862924774,1,1.3376822896653608
112981,112981,0.32291548843611,2682,3,True,,-0.570195385183548,0.0,,,0.96379347435651,0.0031626686462657,1,1.3380936905370382
112982,112982,0.322720888593832,2683,3,True,,-0.570195385183548,0.0,,,0.963493817393425,0.0028843986684361,1,1.338922184418079
112983,112983,0.318460206720277,2684,3,True,,-0.545949392024192,0.0,,,0.963139717274268,0.002732560445738,1,1.3385414574597245
112984,112984,0.317484587358653,2685,3,True,,-0.545949392024192,0.0,,,0.962212751551194,0.0013607208039437,1,1.3431283040370139
112985,112985,0.316529810178641,2686,3,True,,-0.545949392024192,0.0,,,0.960687736285981,0.0009900398589117,1,1.343454024174664
112986,112986,0.316155001312086,2687,3,True,,-0.545949392024192,0.0,,,0.960078827443224,0.0007227299332744,1,1.3440598817159184
112987,112987,0.315656341170566,2688,3,True,,-0.545949392024192,0.0,,,0.959516298382496,0.0003623394712396,1,1.345073380061283
113855,113855,0.281072098771881,2689,1,True,,-0.247852072267361,-0.0631578947368421,0.0,-0.131876412961567,0.95340108205135,0.104653992551671,1,1.4680115094232575
113856,113856,0.302356195903304,2690,1,True,,-0.266639544637414,-0.0851063829787234,0.0,-0.19273127753304,0.972489612372192,0.100048926527624,1,1.5162449082928573
113857,113857,0.312551409637113,2691,1,True,,-0.284929159852236,-0.1,0.0,-0.19273127753304,0.98017203448243,0.100539763539985,1,1.4784394290525011
114037,114037,0.260904942444985,2692,0,False,-1.0,-0.0444467317882685,-0.0718390804597701,0.0,-0.31072511717673,0.070168893772739,0.0052240875156672,2,2.215575861716848
114038,114038,0.254780148738736,2693,0,False,-1.0,-0.0655205535536169,-0.0695652173913043,0.0,-0.31072511717673,0.0004444545978278,0.0052568378740782,2,2.3700685667746315
114039,114039,0.279342200062032,2694,0,False,-1.0,-0.0881774890595986,-0.0673499267935578,0.0,-0.31072511717673,0.123665393202133,0.0058956381931011,2,2.074101840768328
114041,114041,0.300523550302491,2695,0,False,-1.0,-0.0662398764486356,-0.0664697193500739,0.0,-0.31072511717673,0.380526478294239,0.0648750320190217,2,1.5168132303787396
114087,114087,0.354862313461482,2696,0,False,-1.0,-0.292914814132031,-0.237410071942446,0.0,0.0,0.462288931462044,0.0115869646953598,2,0.7961884782197106
114088,114088,0.353336146679453,2697,0,False,-1.0,-0.292914814132031,-0.231884057971014,0.0,0.0,0.462260255918252,0.0093685307916367,2,0.8184848357514615
114089,114089,0.353524199766016,2698,0,False,-1.0,-0.292914814132031,-0.235294117647059,0.0,0.0,0.462657531690856,0.0077191764855727,2,0.8302488023360993
114090,114090,0.345703859747397,2699,0,False,-1.0,-0.257175682524112,-0.225563909774436,0.0,0.0,0.463114251967411,0.0065379520786975,2,0.8371916489736116
114091,114091,0.345625076605438,2700,0,False,-1.0,-0.257175682524112,-0.225563909774436,0.0,0.0,0.463175197152886,0.0062276745196859,2,0.8398305545627265
114092,114092,0.348741381391509,2701,0,False,-1.0,-0.257175682524112,-0.246153846153846,0.0,0.0,0.464569864203034,0.0034290748074022,2,0.8514687541974343
114093,114093,0.359613657152855,2702,0,False,-1.0,-0.275103329077052,-0.293650793650794,0.0,0.0,0.464770799084548,0.0031150810143412,2,0.8403588774436996
114094,114094,0.257549186819129,2703,1,True,-1.0,-0.249295120914776,-0.296,0.0,0.0,,0.0,2,1.9158917842196144
114331,114331,0.358803461877234,2704,0,False,-1.0,-0.180144170379725,-0.258515815085158,0.0,0.0,0.351519423491423,0.0059284392291216,2,0.9780123654441396
114332,114332,0.368103875684504,2705,0,False,-1.0,-0.203223090579644,-0.265481299816064,0.0,0.0,0.500496025737269,3.44319906956153e-05,2,0.8684390760678304
114333,114333,0.328909471247745,2706,0,False,-1.0,-0.267373077454467,-0.261904761904762,0.0,0.0,0.301192682288451,0.0003889084245877,2,1.1047188279899156
114381,114381,0.273492197980793,2707,1,True,-1.0,-0.262541901656207,-0.207951070336391,-0.182654402102497,-0.0720791048659901,,0.0,2,2.022988144908527
114937,114937,0.43412960591851,2708,0,False,-1.0,-0.344490294817081,-0.614906832298137,0.0,0.0,0.85187870624288,0.009781054434563,2,1.5857106696452532
114938,114938,0.450370128901973,2709,0,False,-1.0,-0.310255192182502,-0.613003095975232,0.0,0.0,1.0,0.0091168462086279,1,1.8765904477675728
115057,115057,0.403646098685657,2710,1,True,-1.0,-0.294080048364385,-0.494661921708185,,0.0,0.334168180192284,0.0730129643396931,2,0.751069871500329
115058,115058,0.40452830799744,2711,0,False,-1.0,-0.294080048364385,-0.5,0.0,0.0,0.334199763743459,0.0738913892124175,2,0.7561573150708408
115059,115059,0.332816050477681,2712,0,False,-1.0,-0.294080048364385,-0.5,0.0,0.0,0.090464958570026,0.0007105994987082,2,1.6976332343753109
115409,115409,0.661258382974173,2713,0,False,-1.0,-0.448862716581917,-0.651428571428571,-0.965313028764805,-0.565961732124874,1.0,0.0078454809716038,3,2.2751823140832363
115410,115410,0.618504820214485,2714,0,False,-1.0,-0.448862716581917,-0.650429799426934,-0.965313028764805,-0.123983739837398,1.0,0.0074261424432139,3,2.3015441331945765
115411,115411,0.612375063745935,2715,0,False,-1.0,-0.448862716581917,-0.648571428571429,-0.965313028764805,-0.123983739837398,1.0,0.0078932897061626,3,2.2986531274547626
115412,115412,0.60082582106064,2716,0,False,-1.0,-0.469538071764189,-0.650429799426934,-0.965313028764805,-0.123983739837398,1.0,0.0090567616114317,3,2.296379378264643
116604,116604,0.274498538719799,2717,0,False,0.0,-0.0618040207989333,-0.0792015453960077,-0.0596026490066225,0.0,0.995804653009027,0.003403029502143,1,1.7708228241255004
116605,116605,0.268219250524201,2718,0,False,0.0,-0.0935613010142394,-0.0788302606484425,-0.0538922155688623,0.0,0.980572097405807,0.0017097657025831,1,1.703790874204008
116606,116606,0.297636900031672,2719,0,False,0.0,-0.109860240326906,-0.0781348456206679,0.0,-0.283305693753455,0.96581290678879,0.0054345923009248,1,1.989283974544171
116607,116607,0.298312453801122,2720,0,False,0.0,-0.109860240326906,-0.0768261964735516,0.0,-0.283305693753455,0.966192990735062,0.0062385718362366,1,1.9890353924073652
116608,116608,0.315819156918791,2721,0,False,0.0,-0.0842732759681905,-0.0630855715178014,0.0,-0.459904186627786,0.96728799681887,0.0064543920824531,1,2.5437270572939172
116609,116609,0.301752638167849,2722,0,False,0.0,-0.0976281346761364,-0.051980198019802,0.0,-0.338235294117647,0.971478304438571,0.0149988207104135,1,2.1611010208970933
116808,116808,0.59490042877887,2723,0,False,-1.0,-0.434963795576291,-0.520325203252033,-0.543596730245232,0.0,0.969612139635164,0.170646918913784,3,1.6883237392102026
116809,116809,0.583017998973738,2724,0,False,-1.0,-0.434963795576291,-0.505928853754941,-0.435967302452316,0.0,0.957595718129495,0.174105515916125,3,1.7349898199155105
116859,116859,0.594551788778336,2725,0,False,-1.0,-0.418552472045123,-0.334902884049441,-0.410386965376782,-0.509239345125752,0.976387723859176,0.233948637162362,3,1.4890936332431992
116861,116861,0.35617131575566,2726,0,False,-1.0,-0.280660118643443,-0.237704918032787,0.0,0.0,0.511474227594456,0.0049744298304421,2,0.8367269435491216
116862,116862,0.250166528669654,2727,0,False,-1.0,-0.280660118643443,-0.220338983050847,0.0,0.0,0.0,4.56502148932293e-05,2,1.9324576208084596
116863,116863,0.324195969851398,2728,0,False,-1.0,-0.280660118643443,-0.210084033613445,0.0,0.0,0.41633495395191,0.0053213832940984,2,0.9025728406627685
116866,116866,0.293680749239291,2729,0,False,-1.0,-0.280660118643443,-0.210084033613445,0.0,0.0,0.25938548385618,0.0013156087996077,2,1.216134719092047
116867,116867,0.349719152089219,2730,0,False,-1.0,-0.280660118643443,-0.220338983050847,0.0,0.0,0.505836455695818,0.0067361900474792,2,0.8320340111923551
117116,117116,0.329707970844977,2731,3,True,,-0.545949392024192,0.0,,,0.981131180907535,0.0155019586949688,1,1.3097964226474292
117663,117663,0.534184294927813,2732,0,False,-1.0,-0.280176286704546,-0.207777132907719,-0.42882020026121,-0.267854327605234,0.909756535745066,0.0127331255934842,3,1.4260079961449297
117664,117664,0.594141046029581,2733,0,False,-1.0,-0.352202043966834,-0.242857142857143,-0.69019422074846,-0.314814814814815,0.931945468552807,0.015055035908227,3,1.356533432472452
118214,118214,0.34313111100187,2734,0,False,-1.0,-0.357866537895511,-0.305732484076433,0.0,0.0,0.265280148540896,0.016183162351054,2,1.1160627990041305
118215,118215,0.357054760123615,2735,0,False,-1.0,-0.377582196890608,-0.29746835443038,0.0,0.0,0.318810814714751,0.0207533830364505,2,0.980554980525836
118216,118216,0.360911050289307,2736,0,False,-1.0,-0.377582196890608,-0.31055900621118,0.0,0.0,0.32610250590831,0.0216290977731163,2,0.9578396445211323
118743,118743,0.47258047859299,2737,0,False,-1.0,-0.269926696872667,-0.225303292894281,-0.0659090909090909,0.0,0.96282223059656,0.22227252265346,2,2.01585368595431
119339,119339,0.510263133045729,2738,0,False,-1.0,-0.285631802895745,-0.266321913380737,-0.108603667136812,-0.394676703858045,0.818217944854603,0.0041471383702086,2,2.093625359569685
119340,119340,0.534789834351064,2739,0,False,-1.0,-0.285631802895745,-0.268261150614092,-0.0098730606488011,-0.394676703858045,0.960765700192268,0.0046243595014822,2,2.357707769464474
119341,119341,0.539100380896546,2740,0,False,-1.0,-0.285631802895745,-0.266580811332904,0.0,-0.394676703858045,0.978045552886669,0.0050988068212604,2,2.3970270282249184
119342,119342,0.525671538756672,2741,0,False,-1.0,-0.285631802895745,-0.26461143224149,0.0,-0.394676703858045,0.908376870768008,0.0057987583355266,2,2.2425753031585742
119482,119482,0.474231235100175,2742,0,False,-1.0,-0.294080048364385,-0.512820512820513,0.0,0.0,0.908836054845939,0.0204276978902787,2,1.5968777581098006
119483,119483,0.463756244986335,2743,0,False,-1.0,-0.284965704741348,-0.528925619834711,0.0,0.0,0.829730018931112,0.0239486742866096,2,1.3675132162211112
119588,119588,0.42519539593389,2744,1,True,0.0,-0.471991282548692,-0.653116531165312,,0.0,0.974719412041981,0.285910923247542,1,2.1829485027614988
119664,119664,0.294085333266499,2745,0,False,-1.0,-0.218786812377693,-0.0531914893617021,0.0,0.0,0.533133298250657,0.0481516583565206,2,0.7733952083875255
119684,119684,0.335267433485489,2746,0,False,-1.0,-0.280660118643443,-0.243697478991597,0.0,0.0,0.404910330038764,0.0152709678956999,2,0.8161267069003704
119685,119685,0.323576414775374,2747,0,False,-1.0,-0.295613757880987,-0.224137931034483,0.0,0.0,0.354999811774527,0.0126202088354761,2,0.9343486000324207
119686,119686,0.31101275931336,2748,0,False,-1.0,-0.295613757880987,-0.217391304347826,0.0,0.0,0.303325813288352,0.0119510609312247,2,1.0483835632396448
119687,119687,0.272402078669485,2749,0,False,-1.0,-0.287741261600142,-0.210526315789474,0.0,0.0,0.114596335936345,0.0084650569440296,2,1.5620811521653202
119688,119688,0.289633254746229,2750,0,False,-1.0,-0.318748825691734,-0.217391304347826,0.0,0.0,0.173324533194613,0.0115595543395376,2,1.3871603108068307
119689,119689,0.28272809439555,2751,0,False,-1.0,-0.280660118643443,-0.243697478991597,0.0,0.0,0.145009385016036,0.0220881435935103,2,1.4004175519063027
119984,119984,0.318917499049185,2752,0,False,0.0,-0.45287097713719,-0.384615384615385,0.0,0.0,0.905390035825161,0.149708031420632,1,0.9444925143075106
119985,119985,0.319989106499791,2753,0,False,0.0,-0.45287097713719,-0.384615384615385,0.0,0.0,0.908312914256954,0.149848091808129,1,0.9467256399063754
119986,119986,0.321273760683892,2754,0,False,0.0,-0.45287097713719,-0.384615384615385,0.0,0.0,0.911736133319687,0.15025919331753,1,0.9514774684935501
119987,119987,0.327879866687301,2755,1,True,,-0.45287097713719,-0.416666666666667,0.0,0.0,0.91499860595314,0.150949768147041,1,0.9418246363942756
120296,120296,0.262660289007932,2756,0,False,-1.0,-0.204346104805331,-0.252857142857143,0.0,0.0,0.109064104021168,0.0001094218285807,2,1.6026095498373312
120297,120297,0.345127605365377,2757,0,False,-1.0,-0.204346104805331,-0.254609929078014,0.0,0.0,0.363773169552084,0.0010108897624699,2,0.9871199453536817
120298,120298,0.36469366354384,2758,0,False,-1.0,-0.281475019185507,-0.289915966386555,0.0,0.0,0.349607422841402,0.0038057582932497,2,0.9792147864315899
120299,120299,0.378747690047163,2759,0,False,-1.0,-0.267623527505483,-0.297428769979152,-0.0027548209366391,0.0,0.42263317030445,0.0153271051231361,2,0.7672233995519198
120300,120300,0.37028661974097,2760,0,False,-1.0,-0.259463455910036,-0.294360385144429,-0.0027548209366391,0.0,0.386464371324103,0.0223526836615451,2,0.7645943547214222
120789,120789,0.361562812434168,2761,0,False,-1.0,-0.24512340243264,-0.178571428571429,0.0,0.0,0.548721274516109,0.0222176631762407,2,0.7496577398206439
120790,120790,0.357273526721522,2762,0,False,-1.0,-0.24512340243264,-0.178571428571429,0.0,0.0,0.534958594774709,0.0210084416537488,2,0.7511900334786596
120938,120938,0.436155681133017,2763,0,False,-1.0,-0.219370219881473,-0.231224127735068,-0.0384884534639608,-0.263103590590177,0.666666037772159,0.235890978743197,2,1.8011066305177976
121142,121142,0.289884777919391,2764,3,True,,-0.204841726798248,-0.833333333333333,,,0.800948229868351,0.0388819044582484,1,1.286876432484419
121143,121143,0.393740834446079,2765,3,True,,-0.61828224521704,-0.972222222222222,,,0.761878409991757,0.148365970771883,1,1.4837982137440013
121144,121144,0.357258171046368,2766,3,True,,-0.470802118845353,-0.928571428571429,,,0.763000318771606,0.144730911258315,1,1.392088951863391
121145,121145,0.36095620485905,2767,3,True,,-0.470802118845353,-0.947368421052632,,,0.762930036854104,0.145387556932557,1,1.4286268627146852
121146,121146,0.361795367359071,2768,3,True,,-0.470802118845353,-0.95,,,0.76295694486778,0.145494576878309,1,1.4338224054711435
121147,121147,0.362266840802823,2769,3,True,,-0.470802118845353,-0.95,,,0.762992769123503,0.145348409844247,1,1.4330435844385496
121148,121148,0.375106941112493,2770,3,True,,-0.541851337563963,-0.952380952380952,,,0.762908148352119,0.145579786847734,1,1.4229950695929525
121149,121149,0.383529700594283,2771,3,True,,-0.58280197391345,-0.958333333333333,,,0.762716056307102,0.146049063226129,1,1.4382308974579043
121150,121150,0.384899619808611,2772,3,True,,-0.58280197391345,-0.962962962962963,,,0.762514222309475,0.146316947433971,1,1.448150736664195
121151,121151,0.387071847456367,2773,3,True,,-0.58280197391345,-0.971428571428571,,,0.762305587991077,0.146596576580963,1,1.4651279390322274
121467,121467,0.580276550848817,2774,0,False,-1.0,-0.473983885654675,-0.42322724734785,-0.0460526315789474,-0.120803522289488,0.967691042493805,0.0006630364147065,1,1.8148126609327309
121927,121927,0.632096168146251,2775,0,False,-1.0,-0.51989532575835,-0.420326223337516,-0.450248756218905,-0.505446623093682,0.999794674037721,0.124660287515923,3,1.0050797493103094
121928,121928,0.632724257632361,2776,0,False,-1.0,-0.51989532575835,-0.422810333963453,-0.450248756218905,-0.505446623093682,1.0,0.124104800924431,3,1.0048193194413981
121929,121929,0.628251683135099,2777,0,False,-1.0,-0.51989532575835,-0.420125786163522,-0.450248756218905,-0.505446623093682,0.996516512832299,0.295782314298455,3,1.9103284019072195
121930,121930,0.614541678677217,2778,0,False,-1.0,-0.516623925162433,-0.424778761061947,-0.221830985915493,-0.505446623093682,0.996744605527515,0.293669221289823,3,2.2250793768498545
121931,121931,0.685513647088268,2779,0,False,-1.0,-0.547946599004179,-0.434394904458599,-0.242307692307692,-0.718227424749164,0.997074290410399,0.291740491764676,3,2.610044604411975
121932,121932,0.691086440663168,2780,0,False,-1.0,-0.574287324884057,-0.439306358381503,-0.242307692307692,-0.718227424749164,0.997399071411297,0.289569831418884,3,2.6068223502581866
121933,121933,0.709428035543831,2781,0,False,-1.0,-0.574287324884057,-0.447180816591056,-0.483870967741935,-0.718227424749164,0.997814605781365,0.291740548516448,3,2.3665741984064517
121934,121934,0.707406225839932,2782,0,False,-1.0,-0.574287324884057,-0.455016181229773,-0.483870967741935,-0.676428228516563,0.997845577325382,0.2934680210251,3,2.2614268397359383
121935,121935,0.716983523285833,2783,0,False,-1.0,-0.574287324884057,-0.458602846054334,-0.601809954751131,-0.676428228516563,0.997869848693852,0.293768377040597,3,2.2636732422947747
121936,121936,0.941367646528173,2784,0,False,1.0,1.0,1.0,-1.0,-1.0,1.0,0.353122768312728,4,3.6798853794858664
122225,122225,0.324527307467879,2785,0,False,-1.0,-0.259757891863267,-0.273885350318471,0.0,0.0,0.194789682476044,0.0244991354417546,2,1.2324341791340936
122252,122252,0.466909390041789,2786,0,False,-1.0,-0.361794466452105,-0.560747663551402,-0.177897574123989,0.0,0.579969714889691,0.0323409824903478,2,1.0449363634256195
122253,122253,0.462886117579672,2787,0,False,-1.0,-0.361794466452105,-0.555299539170507,-0.177897574123989,0.0,0.565676500936047,0.0325862198758572,2,1.02599931841593
122409,122409,0.403392151902553,2788,1,True,-1.0,-0.294080048364385,-0.491007194244604,,0.0,0.334370509976351,0.0763821731748672,2,0.7401723690940006
122520,122520,0.416666666666667,2789,4,True,,1.0,,,,1.0,0.0002191907772752,4,4.023980437853844
122914,122914,0.34621456644882,2790,0,False,-1.0,-0.217490827679045,-0.203125,0.0,0.0,0.51672628358736,0.135412139574353,2,0.5481483002476435
122915,122915,0.342428880710117,2791,0,False,-1.0,-0.217490827679045,-0.1796875,0.0,0.0,0.51678139600027,0.136061842268613,2,0.5833293170538449
122916,122916,0.352150574245278,2792,0,False,-1.0,-0.275394407450656,-0.1796875,0.0,0.0,0.516814186172602,0.136657634462064,2,0.5890933894210623
122917,122917,0.355352954902833,2793,0,False,-1.0,-0.275394407450656,-0.198473282442748,0.0,0.0,0.51685644408895,0.137202207273193,2,0.5686525159235729
122918,122918,0.363994431621047,2794,0,False,-1.0,-0.275394407450656,-0.198473282442748,0.0,0.0,0.544181326530768,0.0499827404659186,2,0.525946447724624
122919,122919,0.360646668409689,2795,0,False,-1.0,-0.275394407450656,-0.1796875,0.0,0.0,0.54401759360704,0.0495800899694404,2,0.5544602744782227
123223,123223,0.646737787766841,2796,0,False,-1.0,-0.559019131046202,-0.450511945392491,-0.41980198019802,-0.451379492911348,0.991590086393429,0.0117276480711419,3,1.3864066084206246
123408,123408,0.373444072031366,2797,0,False,-1.0,-0.209250676437652,-0.261827608554763,-0.0100925147182506,0.0,0.440327104532905,0.0358949919237763,2,0.589721214553192
123409,123409,0.376809831338294,2798,0,False,-1.0,-0.209250676437652,-0.259211376858436,0.0,0.0,0.471994779804673,0.0330682556703656,2,0.5902576241905836
123716,123716,0.764451795502744,2799,1,True,1.0,1.0,1.0,,-1.0,1.0,0.0776527381727242,4,2.859678964104851
123717,123717,0.763693639392993,2800,1,True,1.0,1.0,1.0,,-1.0,1.0,0.0768688851026703,4,2.8602613505642345
123880,123880,0.897926556852856,2801,0,False,1.0,1.0,1.0,-1.0,-1.0,1.0,0.0115704610322549,4,2.957548992666724
124307,124307,0.342762701953855,2802,0,False,-1.0,-0.152589240371024,-0.45364238410596,0.0,0.0,0.295701121957436,0.0082905284782968,2,1.119634432496571
124531,124531,0.372156478711693,2803,0,False,-1.0,-0.267255411283078,-0.566371681415929,0.0,0.0,0.474279680611203,0.143030706526714,2,0.785467172197578
124532,124532,0.363001091435186,2804,0,False,-1.0,-0.223059576503113,-0.587859424920128,0.0,0.0,0.452302435345394,0.146283254234424,2,0.8535741606805476
124533,124533,0.361229682133739,2805,0,False,-1.0,-0.223059576503113,-0.584664536741214,0.0,0.0,0.444556833329088,0.148994442798845,2,0.8699365072621426
124534,124534,0.356359757003456,2806,0,False,-1.0,-0.223059576503113,-0.584664536741214,0.0,0.0,0.392762049278096,0.172194106382784,2,1.0708565515492265
124535,124535,0.355451845957804,2807,0,False,-1.0,-0.223059576503113,-0.585760517799353,0.0,0.0,0.393013270591916,0.169761221844966,2,1.05580548900622
124536,124536,0.349798948394212,2808,0,False,-1.0,-0.197040406330117,-0.586885245901639,0.0,0.0,0.392547754863042,0.167415041524196,2,1.048272949836518
124537,124537,0.343441952676449,2809,0,False,-1.0,-0.184452183749592,-0.573426573426573,0.0,0.0,0.387882265050571,0.165700003615887,2,1.029134280711569
124538,124538,0.341202772472425,2810,0,False,-1.0,-0.184452183749592,-0.569395017793594,0.0,0.0,0.381655031170683,0.165779191891154,2,1.0326414184325574
124565,124565,0.428917844520856,2811,3,True,,-0.58280197391345,-0.963636363636364,,,0.923284493097974,0.122352501018245,1,1.2930783014511493
124566,124566,0.429217027391697,2812,3,True,,-0.58280197391345,-0.963636363636364,,,0.923622226366844,0.122301850683545,1,1.293012973519007
124815,124815,0.331732860490935,2813,1,True,,-0.518518526565414,-0.5,0.0,0.0,0.782361353056995,0.0828986715382458,1,0.47387689241775416
124816,124816,0.308111297541627,2814,1,True,,-0.45287097713719,-0.454545454545455,0.0,0.0,0.761569251829444,0.0817438148353195,1,0.5800877623172944
124817,124817,0.29868833483824,2815,0,False,0.0,-0.45287097713719,-0.416666666666667,0.0,0.0,0.748804347580185,0.0822780165227982,1,0.6301562907652991
124818,124818,0.290887956734284,2816,0,False,0.0,-0.411448139815939,-0.416666666666667,0.0,0.0,0.745115769027124,0.0825332619680751,1,0.6904379413709023
124819,124819,0.290616308519814,2817,0,False,0.0,-0.411448139815939,-0.416666666666667,0.0,0.0,0.744075054157418,0.0824285416449795,1,0.6924524910193981
124821,124821,0.314557427320114,2818,1,True,,-0.518518526565414,-0.526315789473684,0.0,0.0,0.611746352396775,0.0039393889975064,1,1.0885895389372593
125096,125096,0.477526804984717,2819,1,True,-1.0,-0.294080048364385,-0.494661921708185,,0.0,0.789730112709299,0.300578648104815,2,2.242432273798693
125097,125097,0.511809845553477,2820,1,True,-1.0,-0.315958555593235,-0.489130434782609,,0.0,0.911253220624655,0.222422224449205,2,1.9155970000233022
125098,125098,0.40302774794363,2821,1,True,-1.0,-0.294080048364385,-0.490125673249551,,0.0,0.334289788346802,0.0799512376532878,2,0.7345477163824836
125106,125106,0.381296868203394,2822,0,False,-1.0,-0.242130785217114,-0.555555555555556,0.0,0.0,0.371131155767559,0.0401805616219427,2,0.8605097365176996
125107,125107,0.380463506677742,2823,0,False,-1.0,-0.242130785217114,-0.55379746835443,0.0,0.0,0.368170866064211,0.0409676609629456,2,0.8593716715872938
125209,125209,0.51564899802497,2824,0,False,-1.0,-0.334119581741555,-0.228211009174312,-0.126984126984127,-0.0562893720788458,0.981809343125979,0.0750975404561601,2,1.7076426484605431
125210,125210,0.517410535458082,2825,0,False,-1.0,-0.334119581741555,-0.248855835240275,-0.102040816326531,-0.0517660250420482,0.982552834102487,0.0779664064274585,2,1.6828602976558333
125306,125306,0.259010082230886,2826,3,True,,-0.204841726798248,-0.833333333333333,,,0.63584015963556,0.0543281281278062,1,1.4898596086990756
125307,125307,0.25884675707397,2827,3,True,,-0.204841726798248,-0.833333333333333,,,0.635526245856224,0.053946994582123,1,1.4906061387400489
125308,125308,0.258492630004458,2828,3,True,,-0.204841726798248,-0.833333333333333,,,0.634912828336785,0.0530484981115098,1,1.4921640917213685
125309,125309,0.25808156093187,2829,3,True,,-0.204841726798248,-0.833333333333333,,,0.634121007296011,0.0519849534872511,1,1.4941938865374476
125310,125310,0.25773875663824,2830,3,True,,-0.204841726798248,-0.833333333333333,,,0.633404908834467,0.0510953706487129,1,1.4960448464295104
125311,125311,0.257329150065482,2831,3,True,,-0.204841726798248,-0.833333333333333,,,0.63254407717909,0.0499614627555784,1,1.4983754471388209
125312,125312,0.257000099600456,2832,3,True,,-0.204841726798248,-0.833333333333333,,,0.631802686104431,0.0490891509016964,1,1.5003697613497928
125313,125313,0.251026127985007,2833,3,True,,-0.204841726798248,-0.8,,,0.63087933842525,0.0478790973433496,1,1.4623265670372334
125802,125802,0.267882937728421,2834,2,True,0.0,-0.230678770461333,0.0,,,0.957230805181987,0.0708684324462533,1,1.4804478829427654
125803,125803,0.277807184208121,2835,2,True,0.0,-0.230678770461333,0.0,,,0.97849491119404,0.0680388271865826,1,1.4942526120476707
125804,125804,0.28425719988199,2836,2,True,0.0,-0.230678770461333,0.0,,,0.991545325003489,0.0671075196984791,1,1.5048646178698684
125805,125805,0.29314363220468,2837,2,True,0.0,-0.258861793228082,0.0,,,1.0,0.0665185907343958,1,1.4730000233462552
125806,125806,0.75,2838,2,True,1.0,1.0,1.0,,,1.0,0.0655990053585339,4,3.2533505539968486
126095,126095,0.306384656154204,2839,0,False,-1.0,-0.210769273812622,-0.107843137254902,0.0,0.0,0.521641728292385,0.185596325002197,2,1.0507639155118715
126096,126096,0.306548321239921,2840,0,False,-1.0,-0.210769273812622,-0.107843137254902,0.0,0.0,0.521992183876964,0.186688205276257,2,1.0595402730215024
126097,126097,0.315513730694362,2841,0,False,-1.0,-0.264228436729441,-0.107843137254902,0.0,0.0,0.522127863521772,0.187047462270015,2,1.0601984490844454
126098,126098,0.361810473505765,2842,0,False,-1.0,-0.204333651699359,-0.584905660377358,0.0,0.0,0.291236356170172,0.0328763162131173,2,1.1037849445798602
126099,126099,0.361529252993058,2843,0,False,-1.0,-0.204333651699359,-0.586206896551724,0.0,0.0,0.289462827042081,0.0330307775829604,2,1.1087692268936291
126100,126100,0.32459364437476,2844,0,False,-1.0,-0.204333651699359,-0.588050314465409,0.0,0.0,0.145844026407855,0.051108917239173,2,1.4276785166090218
126101,126101,0.322023320355132,2845,0,False,-1.0,-0.198763650334627,-0.587301587301587,0.0,0.0,0.142003976057643,0.0494153923293723,2,1.44320919050112
126102,126102,0.323300898191455,2846,0,False,-1.0,-0.223059576503113,-0.584664536741214,0.0,0.0,0.112448782641284,0.0519205024292528,2,1.5183014979228833
126545,126545,0.254376185488066,2847,0,False,0.0,-0.322706013962352,-0.333333333333333,0.0,0.0,0.598907075062084,0.157752920302587,1,1.50574444626612
126556,126556,0.310511527299707,2848,0,False,-1.0,-0.281346155730351,-0.206896551724138,0.0,0.0,0.268461447955147,0.0335907248865898,2,1.014274619480079
126883,126883,0.331094926340562,2849,0,False,-1.0,-0.156397881369627,-0.210884353741497,0.0,0.0,0.634330117189922,0.0284217035138285,2,0.8193568327734101
126884,126884,0.336659988273811,2850,0,False,-1.0,-0.17955349586181,-0.215112321307012,0.0,0.0,0.634580828095751,0.0282730573987674,2,0.8028375454118095
126885,126885,0.295806495770992,2851,0,False,-1.0,-0.17955349586181,-0.202047781569966,0.0,0.0,0.488352615592756,0.025254890862618,2,0.7075681032462391
126926,126926,0.321898952787304,2852,1,True,-1.0,-0.31768655161479,-0.613707165109034,0.0,0.0,,0.0,2,2.041247709322221
126938,126938,0.352570221324524,2853,0,False,-1.0,-0.292914814132031,-0.221428571428571,0.0,0.0,0.462143836429386,0.012903150427469,2,0.7957438307185782
126945,126945,0.288260486702324,2854,0,False,-0.140458821755787,-0.236597592220115,-0.123505976095618,0.0,0.0,0.895448120385218,0.0706151826246102,1,1.2023488861623617
127295,127295,0.344845831445388,2855,3,True,,-0.524691775069129,-0.904761904761905,,,0.645647793422558,0.0963199216292095,1,1.3242459985665571
127296,127296,0.343816638635488,2856,3,True,,-0.524691775069129,-0.904761904761905,,,0.644656095217722,0.0921486883934714,1,1.3172129123504999
127299,127299,0.295906126204934,2857,3,True,,-0.470802118845353,-0.714285714285714,,,0.614798681761092,0.0218458932346664,1,1.1507029941256173
127300,127300,0.316348899735144,2858,3,True,,-0.470802118845353,-0.833333333333333,,,0.613614505081746,0.0222593948355748,1,1.3049162971231099
127301,127301,0.328710920263362,2859,3,True,,-0.470802118845353,-0.9,,,0.614782848775059,0.0244727050432761,1,1.399767004408433
127302,127302,0.331989270430469,2860,3,True,,-0.470802118845353,-0.904761904761905,,,0.641503124354634,0.0831773316567028,1,1.3232424786176582
127500,127500,0.491089439681149,2861,0,False,-1.0,-0.429311248434067,-0.60857908847185,-0.722972972972973,-0.0690376569037657,0.331079620864552,0.0474783743820823,3,2.4712302338101844
127501,127501,0.465415141515256,2862,0,False,-1.0,-0.429311248434067,-0.596491228070175,-0.258278145695364,-0.0690376569037657,0.348053199192784,0.050342690184237,2,1.3608023334670694
127502,127502,0.471260239278246,2863,0,False,-1.0,-0.429311248434067,-0.586633663366337,-0.370786516853933,-0.0608856088560886,0.357705421995477,0.0521423770401321,2,1.6429422560114526
127641,127641,0.31023283653631,2864,0,False,0.0,-0.370145103780291,-0.200626959247649,0.0,0.0,0.967909015581971,0.0089526999027189,1,1.0486839850562129
127642,127642,0.311798891872333,2865,0,False,0.0,-0.370145103780291,-0.199367088607595,0.0,0.0,0.981471683695034,0.0086836987450043,1,1.0663646770495965
127643,127643,0.306593006056093,2866,0,False,0.0,-0.370145103780291,-0.197492163009404,0.0,0.0,0.974984845430889,0.0087192187732081,1,1.0618703526139048
127691,127691,0.416666666666667,2867,4,True,,1.0,,,,1.0,0.0018353174284095,4,4.020461480900828
127692,127692,0.416666666666667,2868,4,True,,1.0,,,,1.0,0.0017532435867507,4,4.020638900504462
127693,127693,0.416666666666667,2869,4,True,,-1.0,,,,1.0,0.0016951257694357,1,1.8031624037955445
127694,127694,0.416635810567587,2870,4,True,,-1.0,,,,0.999969038175675,0.0015751995517622,1,1.8034832741292703
127695,127695,0.416609566189271,2871,4,True,,-1.0,,,,0.99994282882954,0.0014179091835155,1,1.8039165088720197
127696,127696,0.416666666666667,2872,4,True,,-1.0,,,,1.0,0.0012261099044171,1,1.8045169518974984
127697,127697,0.416666666666667,2873,4,True,,1.0,,,,1.0,0.000791098033331,4,4.0227290593627485
127698,127698,0.416666666666667,2874,4,True,,-1.0,,,,1.0,0.0006780423834053,1,1.8061119463873196
127699,127699,0.416343582376769,2875,4,True,,-1.0,,,,0.999680779235721,0.0004934467687397,1,1.8063994857402823
127700,127700,0.415827867444158,2876,4,True,,-1.0,,,,0.999169069998887,0.0004084452532437,1,1.8062451504212975
127701,127701,0.415581086609597,2877,4,True,,-1.0,,,,0.998923619309865,0.0003595812018874,1,1.8061956008606026
127702,127702,0.415435897928497,2878,4,True,,-1.0,,,,0.998780440261648,0.0002580809622127,1,1.8063815618387116
127703,127703,0.415139027935681,2879,4,True,,-1.0,,,,0.998486797339677,8.47261033796832e-05,1,1.8066621393379567
127816,127816,0.263705766533277,2880,1,True,,-0.249327403133972,-0.0631578947368421,0.0,-0.126171593366979,0.934839216485375,0.0508233814820288,1,1.3941687648623842
127843,127843,0.427217595526358,2881,0,False,-1.0,-0.242130785217114,-0.555555555555556,0.0,0.0,0.938415821691976,0.0068248076223973,2,1.7603685661139044
127844,127844,0.381893758461172,2882,0,False,-1.0,-0.242130785217114,-0.555555555555556,0.0,0.0,0.374068629925042,0.0394701816066752,2,0.8588704833332798
128053,128053,0.490737193037215,2883,0,False,-1.0,-0.269926696872667,-0.226612434631028,-0.0659090909090909,0.0,0.989060956112916,0.388428264702598,2,3.2545628021540165
128054,128054,0.490608953969188,2884,0,False,-1.0,-0.269926696872667,-0.225880993645292,-0.0659090909090909,0.0,0.989060582183696,0.388368738866172,2,3.25420860724239
128055,128055,0.481093713562539,2885,0,False,-1.0,-0.23979754317345,-0.226011560693642,0.0,0.0,0.989085286735878,0.38743600228109,2,3.244909391719253
128056,128056,0.47663148673788,2886,0,False,-1.0,-0.216181763039827,-0.222672064777328,0.0,0.0,0.989094802474019,0.387320209688622,2,3.2453646820945803
128057,128057,0.495256923720672,2887,0,False,-1.0,-0.266314796630011,-0.231126596980256,-0.106918238993711,0.0,0.990919150579118,0.338236364921824,2,2.8780367001683897
128058,128058,0.517154144128756,2888,0,False,-1.0,-0.364459113097281,-0.269385410683515,-0.0885585003232062,0.0,0.991315565345659,0.334153428818248,2,2.852915339951104
128059,128059,0.515214613368354,2889,0,False,-1.0,-0.314769853160441,-0.255270655270655,-0.0539944903581267,-0.0269849001461276,0.991473109749838,0.336457154941581,2,2.850663745971866
128060,128060,0.559133987219472,2890,0,False,-1.0,-0.346690247972166,-0.267388825541619,-0.031038374717833,-0.245619762759822,0.992770593897986,0.322628330676528,3,2.8528783191093217
128061,128061,0.565413766764725,2891,0,False,-1.0,-0.403208601561911,-0.286122215876642,-0.174860618347694,-0.0528760759666621,0.994312467917896,0.201335359933113,2,2.0900076425945704
128062,128062,0.57906687801529,2892,0,False,-1.0,-0.422324021875872,-0.30387685290764,-0.27802037845706,-0.0528760759666621,0.994485377754665,0.201449562575469,3,1.9324001055447642
128063,128063,0.594272360805525,2893,0,False,-1.0,-0.448854951919064,-0.316685584562997,-0.403033586132178,-0.0528760759666621,0.99463961649574,0.202685579938514,3,1.7321652092447446
128064,128064,0.599151555664154,2894,0,False,-1.0,-0.46149785550011,-0.334650112866817,-0.392489711934156,-0.0528760759666621,0.994812699691702,0.203911157358973,3,1.7441149312270363
128065,128065,0.606431301030878,2895,0,False,-1.0,-0.454602446821941,-0.335198656966984,-0.515488018702513,-0.0528760759666621,0.994919075172941,0.206298162290872,3,1.6604873969000333
128675,128675,0.307158596305803,2896,0,False,0.0,-0.259486698740916,-0.297297297297297,0.0,0.0,0.820278371993103,0.0785958004445537,1,0.9615346949729523
128676,128676,0.31995222702728,2897,0,False,0.0,-0.287419607056337,-0.32620320855615,0.0,0.0,0.835863928315171,0.0778168641484633,1,0.8613507678426328
128677,128677,0.343611612101818,2898,0,False,0.0,-0.287419607056337,-0.34375,0.0,-0.289378350963628,0.84436358238482,0.0781330533379323,1,1.4190171640796578
128678,128678,0.35384483102465,2899,0,False,0.0,-0.32350602956534,-0.371859296482412,0.0,-0.289378350963628,0.843655773815181,0.0791681353993924,1,1.3619967592139863
128679,128679,0.357488913757309,2900,0,False,0.0,-0.32350602956534,-0.390243902439024,0.0,-0.272926062593959,0.850574586940513,0.0792492526887031,1,1.2924136441044407
128823,128823,0.31378900628331,2901,0,False,0.0,-0.368138111703759,-0.257731958762887,-0.0277142130689041,0.0,0.948303329962562,0.0021404083226161,1,0.9858759736265115
128873,128873,0.282142749906751,2902,1,True,-0.140458821755787,-0.240288264535696,-0.142259414225941,,0.0,0.822107034637265,0.187114678324914,1,1.6596430522946717
128874,128874,0.31781641910491,2903,1,True,-0.140458821755787,-0.267174255376284,-0.155251141552511,,-0.0775193798449612,0.823281462985007,0.188230986459706,1,1.6320718899216589
128875,128875,0.319839227051247,2904,1,True,-0.140458821755787,-0.258524945703958,-0.164319248826291,,-0.0775193798449612,0.825870478281784,0.187551004785934,1,1.6267687681713126
128876,128876,0.320847813413659,2905,1,True,-0.140458821755787,-0.258524945703958,-0.166666666666667,,-0.0775193798449612,0.826240397389435,0.188265247297989,1,1.6288740507893087
129388,129388,0.498037883260869,2906,0,False,-1.0,-0.141522461029967,-0.136588380716934,-0.198905109489051,-0.341885269530124,0.988762457675597,0.18169288457392,3,1.8716668019277019
129389,129389,0.525858898676765,2907,0,False,-1.0,-0.223187611590092,-0.154456654456654,-0.365319865319865,-0.328711070697886,0.988506007846771,0.184764474305311,3,1.39643184237329
129390,129390,0.490121907853397,2908,0,False,-1.0,-0.178925520215903,-0.165655339805825,-0.367174280879865,-0.0415534601246604,0.988214302248047,0.188788238366837,3,1.9676907918343634
129391,129391,0.47140057102271,2909,0,False,-1.0,-0.178925520215903,-0.175618587809294,-0.0270676691729323,-0.0415534601246604,0.988134181774163,0.192095512764487,2,1.9443944936948132
129752,129752,0.611753793287288,2910,0,False,-1.0,-0.571927109766214,-0.452229299363057,-0.263598326359833,-0.644552262419576,0.964306675153293,0.0468290914503298,3,1.9073563067567099
129773,129773,0.267245328318792,2911,0,False,0.0,-0.314300176056837,-0.256613756613757,0.0,0.0,0.791043689779679,0.0728361182952985,1,0.9254591302055643
130002,130002,0.292611242403984,2912,0,False,-1.0,-0.210769273812622,-0.0618556701030928,0.0,0.0,0.550357385275602,0.122078559871516,2,0.731621899845039
130003,130003,0.297963863353258,2913,0,False,-1.0,-0.210769273812622,-0.0618556701030928,0.0,0.0,0.520146145844245,0.185482010618614,2,1.1062264741210703
130004,130004,0.2980227215828,2914,0,False,-1.0,-0.210769273812622,-0.0618556701030928,0.0,0.0,0.520290646869413,0.18576794276466,2,1.1084121134274287
130005,130005,0.287429699179834,2915,0,False,-1.0,-0.210769273812622,-0.0618556701030928,0.0,0.0,0.475965566662886,0.134959110180055,2,0.7794785823973819
130006,130006,0.287527203494976,2916,0,False,-1.0,-0.210769273812622,-0.0618556701030928,0.0,0.0,0.476199124318223,0.135065082114096,2,0.7799201135062671
130009,130009,0.294486109854739,2917,0,False,-1.0,-0.210769273812622,-0.0618556701030928,0.0,0.0,0.554489025657988,0.118275714604249,2,0.7207775851827977
130010,130010,0.294343916707188,2918,0,False,-1.0,-0.210769273812622,-0.0618556701030928,0.0,0.0,0.554178650304775,0.118092450079601,2,0.7198911729089684
131150,131150,0.342012702079979,2919,3,True,,-1.0,-1.0,-0.6,,,0.0,1,4.140751667366341
131151,131151,0.585654143707576,2920,2,True,,-1.0,-1.0,-0.6,,0.994640179762132,0.0002089402754936,1,2.9019729108056276
131152,131152,0.58879286191878,2921,2,True,,-1.0,-1.0,-0.71264367816092,,0.995343496765161,0.0003294055259702,3,3.180079131809137
131153,131153,0.589076160312349,2922,2,True,,-1.0,-1.0,-0.71264367816092,,0.995518517116674,0.0020660589596188,3,3.1744493616792537
131154,131154,0.58975720214782,2923,2,True,,-1.0,-1.0,-0.728260869565217,,0.995780758947513,0.0023169750811804,3,3.1864369834533486
131263,131263,0.364429295732321,2924,0,False,-1.0,-0.249295120914776,-0.25,0.0,0.0,0.56424533101583,0.0202607263884833,2,0.7189950615517747
131264,131264,0.361945882151869,2925,0,False,-1.0,-0.178705083636069,-0.238095238095238,0.0,0.0,0.610188424054714,0.0188027930666818,2,0.8138039984272465
131265,131265,0.3565254524588,2926,0,False,-1.0,-0.174321797931393,-0.2,0.0,0.0,0.609593753526288,0.0246315642419195,2,0.8004131569853266
131622,131622,0.422482834209572,2927,3,True,,-0.470802118845353,-0.947368421052632,,,0.936892779215072,0.0121948049075027,1,1.2370130870486564
131623,131623,0.415097850561481,2928,3,True,,-0.470802118845353,-0.909090909090909,,,0.948315227231224,0.0120728340606272,1,1.1674299251817706
131624,131624,0.4008550758193,2929,3,True,,-0.470802118845353,-0.833333333333333,,,0.950984467413919,0.0121448698074892,1,1.0231306450973385
131625,131625,0.400270674697625,2930,3,True,,-0.470802118845353,-0.833333333333333,,,0.954669194206358,0.0118470685021682,1,1.0275601440973345
131626,131626,0.405129663793162,2931,3,True,,-0.506709096752099,-0.833333333333333,,,0.95946055670795,0.0114725201419528,1,1.0183477861490204
131627,131627,0.341338903499535,2932,3,True,,-0.470802118845353,-0.833333333333333,,,0.887777569787209,0.0651767134955213,1,0.8800647286950644
131811,131811,0.595629910459693,2933,0,False,-1.0,-0.454602446821941,-0.335574229691877,-0.564421190320471,-0.0338286713286713,0.967741710082754,0.0538562544544865,3,1.6333099010292251
131812,131812,0.594598506578124,2934,0,False,-1.0,-0.454602446821941,-0.352183650615901,-0.527659574468085,-0.0338286713286713,0.965983905374555,0.0476094313342621,3,1.6482549463768312
131994,131994,0.339589040208518,2935,0,False,-1.0,-0.284965704741348,-0.518581081081081,0.0,0.0,0.0697356480034618,0.0384408253033072,2,1.630735252528344
132198,132198,0.515171603872074,2936,0,False,-1.0,-0.390664936061076,-0.573426573426573,-0.177897574123989,0.0,0.694738564852952,0.0039115959853127,2,1.3725797818250516
132199,132199,0.348419612084019,2937,0,False,-1.0,-0.373692076772068,-0.573085846867749,0.0,0.0,0.0371277610078173,0.006013455471297,2,1.9013495384256731
132200,132200,0.351019277432955,2938,0,False,-1.0,-0.404527113003715,-0.57919621749409,0.0,0.0,0.024791141536415,0.004635438995169,2,1.961677104171457
132201,132201,0.408253378012392,2939,0,False,-1.0,-0.404527113003715,-0.594132029339853,0.0,0.0,0.237846286111944,0.0065638185238441,2,1.4229697956943463
132202,132202,0.464379984550146,2940,0,False,-1.0,-0.41270859941547,-0.622739018087855,-0.0286624203821656,0.0,0.470480761637513,0.005670007125404,2,1.1515244397675084
132203,132203,0.492117653540703,2941,0,False,-1.0,-0.445135247395427,-0.622784810126582,-0.0286624203821656,0.0,0.557913442195384,0.0100957480400367,2,1.1682665438635431
132204,132204,0.502907516191451,2942,0,False,-1.0,-0.445135247395427,-0.615384615384615,-0.0228426395939086,0.0,0.622900458337028,0.0102465373857386,2,1.2118914834362104
132205,132205,0.510818932721166,2943,0,False,-1.0,-0.373692076772068,-0.556306306306306,0.0,0.0,0.845055799130425,0.203535591168567,2,1.7080196138840813
132206,132206,0.349206073142834,2944,0,False,-1.0,-0.358882204740077,-0.540659340659341,0.0,0.0,0.0717800588342327,0.0354678148104506,2,1.671614653764231
132207,132207,0.355340604105729,2945,0,False,-1.0,-0.340807172737153,-0.550561797752809,-0.146341463414634,0.0,0.0761011422175501,0.0420263289875593,2,1.6969950720100955
132244,132244,0.256023355006593,2946,1,True,-1.0,-0.318748825691734,-0.217391304347826,0.0,0.0,,0.0,2,1.940960214579894
132245,132245,0.352050948678769,2947,0,False,-1.0,-0.318748825691734,-0.217391304347826,0.0,0.0,0.476692683078777,0.0016397367655199,2,0.8993649503713211
132260,132260,0.278191361253648,2948,1,True,-1.0,-0.35297169693365,-0.316176470588235,0.0,0.0,,0.0,2,1.9356865180005824
133147,133147,0.493719685046031,2949,3,True,,-0.651343387726608,-0.91304347826087,,,0.989412958416452,0.180003544532522,1,1.5826238053390431
133148,133148,0.493945217185016,2950,3,True,,-0.651343387726608,-0.909090909090909,,,0.990032847265428,0.179918918708522,1,1.576748516577195
133149,133149,0.478503233424696,2951,3,True,,-0.651343387726608,-0.947368421052632,,,0.976851311758615,0.0993487165126202,1,1.241573614711968
133150,133150,0.484674389597205,2952,3,True,,-0.651343387726608,-0.972222222222222,,,0.978614402276993,0.0986274720852642,1,1.2924046641025748
133151,133151,0.489234755153072,2953,3,True,,-0.651343387726608,-0.962962962962963,,,0.984026750492898,0.0957927611763413,1,1.2715197875954138
133152,133152,0.484970482871352,2954,3,True,,-0.651343387726608,-0.92,,,0.985932298632694,0.0965517215396282,1,1.187943084509159
133153,133153,0.390510370473847,2955,3,True,,-0.61828224521704,-0.95,,,0.762041982759013,0.14721093908244,1,1.4379957021143759
133154,133154,0.393065846144692,2956,3,True,,-0.61828224521704,-0.96,,,0.761565548798891,0.14932512164536,1,1.4671766017820844
133155,133155,0.387554830171356,2957,3,True,,-0.58280197391345,-0.96,,,0.761503116004349,0.149527246252382,1,1.4603788013922225
133156,133156,0.388585271255791,2958,3,True,,-0.58280197391345,-0.963636363636364,,,0.761318750110923,0.150359567939562,1,1.4714086487417508
133680,133680,0.529492530336198,2959,0,False,-1.0,-0.405413932363252,-0.5,-0.488549618320611,0.0,0.825567286820925,0.392848096676171,3,2.998877644918583
133681,133681,0.506967138649648,2960,0,False,-1.0,-0.395528199750288,-0.490808823529412,-0.141025641025641,0.0,0.825731773471244,0.389602894667126,2,3.0893480071556887
133682,133682,0.312635774835793,2961,0,False,-1.0,-0.204333651699359,-0.562300319488818,0.0,0.0,0.0266494658071564,0.0734677486989259,2,1.7361067272433865
133683,133683,0.313144203111469,2962,0,False,-1.0,-0.242130785217114,-0.551282051282051,0.0,0.0,0.0032560450114516,0.0702275979259091,2,1.802715251575921
133699,133699,0.305304742283859,2963,2,True,,-0.331828453703155,0.0,0.0,,1.0,0.0022226067624589,1,1.488882679788912
133700,133700,0.348198348462347,2964,3,True,,1.0,1.0,-1.0,,,0.0,4,4.619184324615157
133814,133814,0.369359775728958,2965,0,False,-0.345303878319584,-0.0843956392444381,-0.0986800754242615,-0.0316395014381592,-0.458978328173375,0.983016774545657,0.0953833104850448,1,2.5035371097854897
133815,133815,0.373923344920513,2966,0,False,-0.345303878319584,-0.0843956392444381,-0.0981749528005035,-0.109347442680776,-0.458978328173375,0.982830725394613,0.0961645999894638,3,2.295770620786508
133816,133816,0.375969214799725,2967,0,False,-0.345303878319584,-0.0685863980730786,-0.109010712035287,-0.113607990012484,-0.522697223446452,0.983000125550721,0.0932730119818349,3,2.365336202927325
133817,133817,0.479711238161633,2968,0,False,-1.0,-0.0902279547617216,-0.126944617299315,-0.13992297817715,-0.341885269530124,0.982493204945832,0.0991829025944982,3,2.0255567922131696
133818,133818,0.488924570158256,2969,0,False,-1.0,-0.124380244254269,-0.131806930693069,-0.198905109489051,-0.341885269530124,0.982428365765471,0.100160871631761,3,1.814658907039595
133819,133819,0.280515248753635,2970,0,False,0.0,-0.0899517889618947,-0.0721393034825871,0.0,-0.146818519435504,0.984543530540906,0.0961647907389937,1,1.7345619883647094
133820,133820,0.283043081622526,2971,0,False,0.0,-0.0634748149585783,-0.0815691158156912,-0.0023400936037441,-0.215401380312386,0.984157038862862,0.0970178272061523,1,1.8823623946510464
133821,133821,0.284702820405624,2972,0,False,0.0,-0.0634748149585783,-0.0820288040075141,-0.0280811232449298,-0.215205951732898,0.984058611070511,0.0957276051402496,1,1.8803924736956568
133822,133822,0.292432872538674,2973,0,False,0.0,-0.0786912140773143,-0.0889724310776942,-0.0276497695852535,-0.275110183252146,0.983760568583678,0.0951037095365349,1,1.9737629094146025
133823,133823,0.30924252078123,2974,0,False,0.0,-0.0740463498152718,-0.0907944514501892,-0.0254041570438799,-0.458978328173375,0.983417530787156,0.095515629341858,1,2.5046226928194155
133824,133824,0.31522331962313,2975,0,False,0.0,-0.105669865470753,-0.0962264150943396,-0.0256012412723041,-0.458978328173375,0.983212287361402,0.0954836165074018,1,2.459689287508477
133917,133917,0.382762773567512,2976,0,False,0.0,-0.34717260532958,-0.277142857142857,-0.0251913265306122,-0.428280773143438,0.9042068582485,0.085164852913715,1,1.9277895628695605
133918,133918,0.345656075652271,2977,0,False,0.0,-0.264184562193286,-0.268011527377522,-0.0217032967032967,-0.276657060518732,0.847126236107318,0.0804665790815264,1,1.4623954277708575
133948,133948,0.577419327233253,2978,3,True,,-1.0,-0.987179487179487,,,0.995799925815787,0.0034792682151421,1,1.8052535564920253
133949,133949,0.576956239849586,2979,3,True,,-1.0,-0.985714285714286,,,0.995609803992041,0.0016096502149024,1,1.808170743073282
133950,133950,0.330769230769231,2980,4,True,,-1.0,-0.984615384615385,,,,0.0,1,3.4640859033506772
133976,133976,0.456954343957077,2981,0,False,-1.0,-0.253423373847237,-0.281376518218623,0.0,0.0,0.814190295994474,0.0269399222570565,2,1.2207353386534079
133977,133977,0.413821467492943,2982,0,False,-1.0,-0.269294039038535,-0.274418604651163,0.0,0.0,0.570867718855381,0.0761214649073758,2,0.33643586280968163
133978,133978,0.416434087430688,2983,0,False,-1.0,-0.26001162732373,-0.26258064516129,-0.0368248772504092,-0.257305194805195,0.507102647973217,0.0993452884477948,2,1.0005457371864928
133979,133979,0.407733813319549,2984,0,False,-1.0,-0.247671855479678,-0.256926952141058,-0.044035228182546,-0.306947854976166,0.38090734794156,0.123218008330223,2,1.3192507669169873
133980,133980,0.399254094300033,2985,0,False,-1.0,-0.221251140082622,-0.252644679527069,-0.151104775481112,-0.317037994827929,0.324140640298878,0.158417215563074,2,1.6065704841040558
133981,133981,0.402838526979231,2986,0,False,-1.0,-0.217619215318862,-0.225669099756691,-0.276270006958942,-0.317037994827929,0.325914374339706,0.164291769300377,2,1.8290987578234854
133982,133982,0.414712389293054,2987,0,False,-1.0,-0.205410895108983,-0.202622169249106,-0.290629575402635,-0.404053115778511,0.326831637241459,0.171587912471857,2,2.1576440389268896
134650,134650,0.43618178810922,2988,0,False,-1.0,-0.153681890803486,-0.155927835051546,0.0,0.0,0.969167770145695,0.0075288806386852,2,1.8235333746767541
134651,134651,0.436318309562758,2989,0,False,-1.0,-0.153681890803486,-0.157078215901745,0.0,0.0,0.969103092716535,0.007023088893151,2,1.8247375575210216
134652,134652,0.436156621541483,2990,0,False,-1.0,-0.153681890803486,-0.154450261780105,0.0,0.0,0.968638374164784,0.002916922270535,2,1.841175409077892
134653,134653,0.43553001241943,2991,0,False,-1.0,-0.137243530366107,-0.162037037037037,0.0,0.0,0.968371174114285,0.001825689176281,2,1.8470545784386796
135169,135169,0.351331404149834,2992,0,False,0.0,-0.0888235108971611,-0.0497427101200686,-0.167687842631409,-0.563171193935565,0.999986038075219,0.070944217169283,3,2.6519784838406464
135170,135170,0.313601264719243,2993,0,False,0.0,-0.0548838205693603,-0.048460661345496,-0.109744850906855,-0.355715756951596,0.981527274118055,0.0723666975282446,1,2.2728736285192706
135209,135209,0.269188828716692,2994,0,False,-1.0,-0.100146323350464,-0.454545454545455,0.0,0.0,0.0373324211081822,0.0218385510285743,2,1.783982506522113
135210,135210,0.268267305338269,2995,0,False,-1.0,-0.100146323350464,-0.446640316205534,0.0,0.0,0.0399950813312489,0.0248300219407916,2,1.7630786394507079
135211,135211,0.264963191322993,2996,0,False,-1.0,-0.100146323350464,-0.446640316205534,0.0,0.0,0.0180743807722605,0.0462847633034225,2,1.7743750871972797
135212,135212,0.303029370306175,2997,0,False,-1.0,-0.100146323350464,-0.454545454545455,0.0,0.0,0.331371476029105,0.0246140265470291,2,0.9868938926809642
135213,135213,0.300676437333989,2998,0,False,-1.0,-0.100146323350464,-0.458498023715415,0.0,0.0,0.314376413300314,0.025576296348647,2,1.0199556246606765
135318,135318,0.361669330436563,2999,0,False,-1.0,-0.140268786119426,-0.0997229916897507,0.0,-0.351431391905232,0.620782512531668,0.18160948122919,2,1.7875008458693602
135319,135319,0.36884711283809,3000,0,False,-1.0,-0.131076621837444,-0.0828729281767956,-0.428571428571429,-0.34529582929195,0.614074908272162,0.184466379432808,3,1.6841044352348757
135320,135320,0.367092832004142,3001,0,False,-1.0,-0.127158198093696,-0.0773480662983425,-0.428571428571429,-0.34529582929195,0.613376639535381,0.183538787851763,3,1.69380486815392
135673,135673,0.419196044797399,3002,0,False,-1.0,-0.243110862944705,-0.272228989037759,0.0,-0.0006490134994807,0.588532032363602,0.0988737210584907,2,0.3641952865987912
135674,135674,0.418668544604294,3003,0,False,-1.0,-0.243110862944705,-0.265454545454545,-0.0167714884696017,-0.0006490134994807,0.585343615184249,0.100725394395448,2,0.35220336769885185
135889,135889,0.280739308934424,3004,0,False,0.0,-0.0548553699979473,-0.0450895614576899,0.0,-0.4312047399605,0.886108443321572,0.0003928510022106,1,2.5030335907074135
135890,135890,0.28985380403172,3005,0,False,0.0,-0.0548553699979473,-0.0420012353304509,0.0,-0.4312047399605,0.941494437249678,0.0005832397930566,1,2.5152610932770334
135891,135891,0.290699506578421,3006,0,False,0.0,-0.022729539382098,-0.0425925925925926,0.0,-0.4312047399605,0.957985562699166,0.0009566073303115,1,2.5635316914480155
136725,136725,0.306034623774668,3007,0,False,-1.0,-0.275394407450656,-0.198473282442748,0.0,0.0,0.278048511419374,0.0086610225659526,2,1.1324182946871015
136726,136726,0.288537530789622,3008,0,False,-1.0,-0.204225778630541,-0.203125,0.0,0.0,0.241658274802996,0.0085803137378106,2,1.2194397502071646
137383,137383,0.410908164865303,3009,3,True,,-0.436756551918371,-1.0,,,0.704429714470604,0.0315980618413851,1,1.422649858735472
137384,137384,0.408972104958731,3010,3,True,,-0.436756551918371,-1.0,,,0.693000659019355,0.0317734769006262,1,1.4387453163115769
137739,137739,0.62583380171783,3011,0,False,-1.0,-0.469231598698353,-0.384939759036145,-0.527812113720643,-0.54949233095701,0.987281639858537,0.293129910032183,3,1.9197301511438678
138305,138305,0.575266449779164,3012,0,False,-1.0,-0.445135247395427,-0.618453865336658,-0.0286624203821656,0.0,0.928764545261372,0.52420705025473,2,4.393551836983037
138306,138306,0.593477206748597,3013,0,False,-1.0,-0.485801438611678,-0.638676844783715,-0.157549234135667,0.0,0.930281969589415,0.524118911040969,3,4.361921974243797
138307,138307,0.634465480903169,3014,0,False,-1.0,-0.502060700127704,-0.679045092838196,-0.65018315018315,0.0,0.933918125472418,0.521099346150872,3,4.1161592195442624
138521,138521,0.31468105836589,3015,0,False,-1.0,-0.280660118643443,-0.210084033613445,0.0,0.0,0.353631040905435,0.0419561958867883,2,0.7538852307178582
138923,138923,0.599047877593976,3016,0,False,-1.0,-0.567123440814042,-0.685333333333333,-0.728891820580475,-0.199671772428884,1.0,0.0356802285853256,3,1.5455900733320749
138924,138924,0.606401660476167,3017,0,False,-1.0,-0.588336140836538,-0.688829787234043,-0.707264957264957,-0.199671772428884,1.0,0.0378074814197897,3,1.516276490664445
138925,138925,0.608113962779729,3018,0,False,-1.0,-0.588336140836538,-0.688829787234043,-0.707264957264957,-0.2,1.0,0.0408904038435079,3,1.5010944925284997
138926,138926,0.603948008522811,3019,0,False,-1.0,-0.587839533517005,-0.687165775401069,-0.735180412371134,-0.227921734531994,1.0,0.0690743266372957,3,1.3870912757999063
138927,138927,0.578537662530398,3020,0,False,-1.0,-0.571729810547771,-0.686327077747989,-0.725771715721464,-0.0432503276539974,1.0,0.0680764295112157,3,1.8264442135402075
138928,138928,0.656778997810226,3021,0,False,-1.0,-0.587732404623719,-0.537423312883436,-0.217777777777778,-0.617001932037732,0.951559574153882,0.0002018055203125,3,2.1430829258333315
139091,139091,0.279125925100464,3022,0,False,-1.0,-0.248389782215505,-0.271131339401821,-0.0100925147182506,0.0,0.0712828299145639,0.0261960076945622,2,1.598106349718391
139092,139092,0.33675008396,3023,0,False,-1.0,-0.277039394206806,-0.275839793281654,0.0,0.0,0.200938954791201,0.0086054842361767,2,1.2967149469590726
139136,139136,0.416666666666667,3024,4,True,,-1.0,,,,1.0,0.0002640360316963,1,1.8073254485774526
139137,139137,0.411728750276228,3025,4,True,,-1.0,,,,0.997328824710331,0.0003766194507821,1,1.804900346175654
139138,139138,0.409057786586727,3026,4,True,,-1.0,,,,0.995893696254979,0.0004928266630881,1,1.8034516047158196
139139,139139,0.40814846040164,3027,4,True,,-1.0,,,,0.995412553240433,0.0005542642135433,1,1.8029027962369069
139140,139140,0.407316038423646,3028,4,True,,-1.0,,,,0.994975041919159,0.0006296885034284,1,1.802347734006454
139141,139141,0.406571318640051,3029,4,True,,-1.0,,,,0.99458774905006,0.0007281692771001,1,1.8017646543538433
139142,139142,0.406153296872535,3030,4,True,,-1.0,,,,0.99440515071315,0.0008740268203266,1,1.8011995752699461
139143,139143,0.405097655151899,3031,4,True,,-1.0,,,,0.993870614399403,0.0013685291308622,1,1.7993556045549108
139144,139144,0.404890706054674,3032,4,True,,-1.0,,,,0.993799478107622,0.0017082391970484,1,1.7983192633487435
139145,139145,0.405158565119094,3033,4,True,,-1.0,,,,0.993966555506602,0.0019114502117139,1,1.7978603655600232
139146,139146,0.405332008555466,3034,4,True,,-1.0,,,,0.994095194823968,0.0022527539666861,1,1.7969789087549384
139147,139147,0.40536575626865,3035,4,True,,-1.0,,,,0.994130498968487,0.0025372084372621,1,1.7961937313511929
139148,139148,0.405938737697049,3036,4,True,,-1.0,,,,0.994453306445174,0.0026302433682112,1,1.796174342180454
139149,139149,0.410110476957758,3037,4,True,,-1.0,,,,0.996713683671014,0.0057256779826444,1,1.789327853046627
139150,139150,0.409944925627383,3038,4,True,,-1.0,,,,0.996627084550159,0.0056479382054715,1,1.7894707962793885
139151,139151,0.409453226230515,3039,4,True,,-1.0,,,,0.996341073550583,0.0039545455661401,1,1.793897871977662
139152,139152,0.405641877389951,3040,4,True,,-1.0,,,,0.994232291547278,0.0020497068098397,1,1.7976646964902812
139153,139153,0.400632163898234,3041,4,True,,-1.0,,,,0.991463130663026,0.0007410918064457,1,1.7993828208548404
139154,139154,0.397461341829427,3042,4,True,,-1.0,,,,0.989506188957646,0.0004805185279457,1,1.7987107821545751
139155,139155,0.396693605196424,3043,4,True,,-1.0,,,,0.989016683320223,0.000261795363297,1,1.7990000331645475
139156,139156,0.395956789408215,3044,4,True,,-1.0,,,,0.988640827446928,0.0001374285512887,1,1.7990957038168656
139157,139157,0.395650653678898,3045,4,True,,-1.0,,,,0.988427931885764,6.41182186816279e-05,1,1.7991591173652701
139172,139172,0.323896442774321,3046,0,False,-1.0,-0.268708046833231,-0.12621359223301,0.0,0.0,0.434715772050696,0.176165392299268,2,0.9802234930094064
139176,139176,0.251443619116708,3047,0,False,-1.0,-0.270637150732329,-0.0666666666666667,0.0,0.0,0.182179411283492,0.0504569392056269,2,1.3166527570314919
140079,140079,0.263418135861187,3048,1,True,0.0,-0.0805088151671231,0.0,,0.0,1.0,0.037711462560323,1,1.7727394201790474
140080,140080,0.757261449231481,3049,1,True,1.0,1.0,1.0,,-1.0,1.0,0.0366689810522017,4,2.9146679662833277
140497,140497,0.333333333333333,3050,4,True,,1.0,1.0,,,,0.0,4,4.628587527573418
141107,141107,0.472914361604824,3051,0,False,-1.0,-0.269926696872667,-0.22735141373341,-0.0659090909090909,0.0,0.962853979387897,0.222034671840381,2,2.014021421586675
141108,141108,0.481489006646764,3052,0,False,-1.0,-0.269926696872667,-0.239583333333333,-0.0762355415352261,0.0,0.973678136259423,0.235817919197136,2,2.123070792894086
141109,141109,0.547869722519832,3053,0,False,-1.0,-0.380369885086885,-0.280537697253068,-0.379649122807018,-0.314695777457608,0.97458427850727,0.231702524577653,3,1.4029984593482183
141111,141111,0.398285541374564,3054,0,False,-1.0,-0.0924979237164077,-0.0888888888888889,-0.521164021164021,-0.344821331398513,0.500618239837951,0.314129451829996,3,2.550109354410576
141112,141112,0.409138953755286,3055,0,False,-1.0,-0.115781470155548,-0.102208201892744,-0.43503937007874,-0.398461074230537,0.515422980426515,0.309819333669039,3,2.506305604455784
141113,141113,0.427170465261765,3056,0,False,-1.0,-0.218935326073843,-0.171931956257594,-0.347325102880658,-0.315500346431753,0.535990772740458,0.315731663873759,3,2.464672221167303
141127,141127,0.386813173609259,3057,0,False,-1.0,-0.294476270551568,-0.283323000619963,0.0,-0.0006490134994807,0.351981590062426,0.0588428994316432,2,0.6354837581225826
141128,141128,0.382545999367877,3058,0,False,-1.0,-0.27101752561843,-0.281326781326781,0.0,-0.0006490134994807,0.352124081324283,0.0600611931929127,2,0.6209612462962437
141144,141144,0.292037206063103,3059,0,False,-1.0,-0.210769273812622,-0.0618556701030928,0.0,0.0,0.549447338149029,0.120462672041994,2,0.7248121963699969
141145,141145,0.289455950267464,3060,0,False,-1.0,-0.202843690581499,-0.0625,0.0,0.0,0.547107301169311,0.11700957191629,2,0.712380317379064
141146,141146,0.2868853842306,3061,0,False,-1.0,-0.202843690581499,-0.0526315789473684,0.0,0.0,0.54409236976666,0.116851814622706,2,0.730093526559171
141147,141147,0.285911790333651,3062,0,False,-1.0,-0.202843690581499,-0.0526315789473684,0.0,0.0,0.542008091912849,0.114449472426956,2,0.7212483361544129
141737,141737,0.318028151808401,3063,1,True,-0.140458821755787,-0.240519775076223,-0.175097276264591,,0.0,0.948128321382636,0.0644810071035353,1,1.132624408193274
141738,141738,0.311630863290372,3064,1,True,-0.140458821755787,-0.240519775076223,-0.154150197628458,,0.0,0.940807123349025,0.0649430462707045,1,1.1606667510256459
141739,141739,0.301647286096369,3065,1,True,-0.140458821755787,-0.240519775076223,-0.135458167330677,,0.0,0.922818292135628,0.0668535034012657,1,1.1819930166778894
141798,141798,0.474676028669445,3066,0,False,-1.0,-0.180144170379725,-0.25077208153181,-0.0159786950732357,0.0,0.932107027323871,0.0820290979191555,2,1.4829144346128726
141802,141802,0.432096022408805,3067,0,False,-1.0,-0.0738202054483714,-0.0719332048811818,-0.513020833333333,-0.286554115164305,0.592735514227968,0.430384666187982,3,3.337109977663297
142526,142526,0.355859236801906,3068,3,True,,-0.524691775069129,-0.904761904761905,,,0.727957327646708,0.0436206694460587,1,1.1460973939209185
142527,142527,0.354982040675003,3069,3,True,,-0.524691775069129,-0.904761904761905,,,0.725162219449695,0.0430951617693378,1,1.151028639115999
142528,142528,0.352394838083075,3070,3,True,,-0.524691775069129,-0.904761904761905,,,0.721335312849961,0.0394524526492383,1,1.162383324174083
142529,142529,0.354117581693807,3071,3,True,,-0.561394755471353,-0.904761904761905,,,0.710628377491593,0.0356077207018789,1,1.184100318878667
142530,142530,0.326055407588981,3072,3,True,,-0.507762493583533,-0.833333333333333,,,0.692134947239969,0.0294094289545849,1,1.1050007912447875
142531,142531,0.293424478987452,3073,3,True,,-0.470802081397668,-0.714285714285714,,,0.665579762909813,0.0274484365111924,1,1.0054471610205282
142532,142532,0.277067199800793,3074,3,True,,-0.390895875604833,-0.714285714285714,,,0.650804985689562,0.0274890472634989,1,1.103238843384335
142533,142533,0.275126280483241,3075,3,True,,-0.390895875604833,-0.714285714285714,,,0.643246653352596,0.0264504722927233,1,1.1240299803146778
142534,142534,0.273321017825079,3076,3,True,,-0.390895875604833,-0.714285714285714,,,0.634906404351913,0.0260722177669258,1,1.1452208925522178
142748,142748,0.60689071442095,3077,0,False,-1.0,-0.506406811957901,-0.400996264009963,-0.333948339483395,-0.505446623093682,0.988026188439777,0.29294448364925,3,2.0103386619413866
142973,142973,0.598333465167058,3078,1,True,,-1.0,-1.0,-1.0,0.0,0.999132496286735,0.0010714920814268,3,3.5675075657304123
142974,142974,0.598235024978143,3079,1,True,,-1.0,-1.0,-1.0,0.0,0.999019390784325,0.0008814762087052,3,3.5680172672369137
142975,142975,0.582436064225578,3080,2,True,,-1.0,-1.0,,0.0,0.998971121221813,0.0007559819852249,1,1.8350581077467887
142976,142976,0.582408348021384,3081,2,True,,-1.0,-1.0,,0.0,0.998937800128408,0.0005078527366226,1,1.8357463782383971
142977,142977,0.333333333333333,3082,3,True,,-1.0,-1.0,,0.0,,0.0,1,3.476424882967661
144011,144011,0.583718476780073,3083,0,False,-1.0,-0.508583635268901,-0.42212333121424,-0.213523131672598,-0.505446623093682,0.960324253115741,0.0777271656847291,3,1.583544468484246
144012,144012,0.600922990569442,3084,0,False,-1.0,-0.51989532575835,-0.419962335216573,-0.450248756218905,-0.505446623093682,0.961600575078959,0.0845383875226991,3,1.013856944197846
144013,144013,0.632454569045882,3085,0,False,-1.0,-0.554031919130265,-0.447828904731043,-0.254237288135593,-0.644552262419576,0.995962212553511,0.0354027715357607,3,1.9808247839779662
144014,144014,0.693182717618537,3086,0,False,-1.0,-0.561451398166511,-0.477631578947368,-0.254237288135593,-0.676428228516563,0.997906759873614,0.0390903063398737,3,2.063610799239465
144172,144172,0.332939580606494,3087,0,False,0.0,-0.53177604896349,-0.7578125,0.0,0.0,0.555124698506917,0.0031754589114026,1,1.4004726533527132
144173,144173,0.358011107563184,3088,0,False,0.0,-0.521578271549552,-0.719354838709677,-0.454545454545455,0.0,0.555562115558874,0.0106926869316721,1,2.1582369381349387
144182,144182,0.290351433367419,3089,0,False,0.0,-0.350202817103817,-0.219512195121951,0.0,0.0,0.861033923872849,0.0074113649265993,1,1.006458466810793
144245,144245,0.72239662137099,3090,0,False,-1.0,-0.66905902929337,-0.598006644518272,-1.0,-0.984375,1.0,0.192223454550323,3,3.4385766252481718
144246,144246,0.85897315555462,3091,0,False,1.0,1.0,1.0,-1.0,-1.0,1.0,0.190547373651325,4,2.9542659404567346
144247,144247,0.551001007250375,3092,0,False,-1.0,-0.387682887667096,-0.535809018567639,0.0,0.0,0.955595552523622,0.199249646310755,2,1.9551209722760456
144248,144248,0.536325936677731,3093,0,False,-1.0,-0.348536308289836,-0.516587677725118,0.0,0.0,0.944142261882757,0.204598315487496,2,1.9235888191771346
144249,144249,0.527196706442475,3094,0,False,-1.0,-0.340657186100329,-0.486899563318777,0.0,0.0,0.937529622030094,0.208071130833045,2,1.906549294798648
144250,144250,0.524306692846844,3095,0,False,-1.0,-0.340657186100329,-0.476595744680851,0.0,0.0,0.934912079632239,0.209326888369992,2,1.9018044457941354
144251,144251,0.522679502132747,3096,0,False,-1.0,-0.340657186100329,-0.473794549266247,0.0,0.0,0.93235478378802,0.210519162733223,2,1.9004660838702352
144252,144252,0.518225781633523,3097,0,False,-1.0,-0.323233678155354,-0.473029045643154,0.0,0.0,0.929153003745429,0.212320982403895,2,1.8964107065757165
144253,144253,0.515277873463483,3098,0,False,-1.0,-0.310981129740516,-0.473384030418251,0.0,0.0,0.927323904316023,0.211947695846807,2,1.886502432692977
144254,144254,0.512595782570665,3099,1,True,-1.0,-0.321844323481649,-0.48256880733945,,0.0,0.913336742577892,0.221291014165909,2,1.9124200807212037
144610,144610,0.577535467774304,3100,3,True,,-1.0,-0.989795918367347,,,0.995651886836597,0.0033204411433745,1,1.809581751282104
144611,144611,0.57718278802612,3101,3,True,,-1.0,-0.988888888888889,,,0.995547314061429,0.0010610582205284,1,1.8145335805258898
144612,144612,0.576950816204971,3102,3,True,,-1.0,-0.98876404494382,,,0.995346082321096,0.0005608509097447,1,1.8156418717003449
144613,144613,0.331439393939394,3103,4,True,,-1.0,-0.988636363636364,,,,0.0,1,3.4672785812354223
144929,144929,0.308958810007561,3104,0,False,-0.345303878319584,-0.173761149662665,-0.15492137449039,0.0,0.0,0.854937003925369,0.0071054044610727,1,1.4230108208980128
144930,144930,0.430062776555965,3105,0,False,-1.0,-0.173761149662665,-0.173356602675974,-0.0079199666527719,0.0,0.897490239346474,0.0070672569619734,2,1.6005318931528607
144931,144931,0.456010458619099,3106,0,False,-1.0,-0.173761149662665,-0.185314685314685,-0.0087800369685767,-0.0369678366475377,0.95347360336812,0.0127275299447894,2,1.7304189859722003
145583,145583,0.291429054594234,3107,1,True,-1.0,-0.0930190792886362,-0.105035971223022,-0.513636363636364,-0.174282842341297,,0.0,2,2.8040412681794527
145693,145693,0.317219872441739,3108,0,False,-1.0,-0.268708046833231,-0.158878504672897,0.0,0.0,0.448377153201415,0.0864566130313421,2,0.4702927961849873
145694,145694,0.317374621089808,3109,0,False,-1.0,-0.268708046833231,-0.158878504672897,0.0,0.0,0.44913925932086,0.0869384911464006,2,0.4690078681352245
145695,145695,0.312792814889276,3110,0,False,-1.0,-0.268708046833231,-0.158878504672897,0.0,0.0,0.404955066309616,0.063804914884848,2,0.5962044500439584
145696,145696,0.312426394240685,3111,0,False,-1.0,-0.268708046833231,-0.158878504672897,0.0,0.0,0.402969962255275,0.0635163326883408,2,0.6011326096419023
145697,145697,0.311016272134505,3112,0,False,-1.0,-0.26279922782564,-0.158878504672897,0.0,0.0,0.409186401311029,0.0635396908910254,2,0.5876999279898015
145698,145698,0.311818292638931,3113,0,False,-1.0,-0.268708046833231,-0.158878504672897,0.0,0.0,0.40807395638903,0.0632050058896291,2,0.5925459913013146
145904,145904,0.477763220578389,3114,0,False,-1.0,-0.294080048364385,-0.497354497354497,0.0,0.0,0.78908209425589,0.301086542158649,2,2.2467831124239996
145905,145905,0.478479160298693,3115,0,False,-1.0,-0.294080048364385,-0.504347826086956,0.0,0.0,0.787652391645808,0.302469987043203,2,2.2590792414145655
146190,146190,0.288660931672436,3116,0,False,-1.0,-0.210769273812622,-0.0618556701030928,0.0,0.0,0.477167581040549,0.129460082200353,2,0.7522420685744676
146209,146209,0.272211266897599,3117,1,True,-1.0,-0.318992162374132,-0.313559322033898,0.0,-0.0024911032028469,,0.0,2,1.9240963144687593
146430,146430,0.292675043878478,3118,0,False,-1.0,-0.191611966392831,-0.237154150197628,0.0,0.0,0.335256286273166,0.0270039065730297,2,0.8709574214533986
146711,146711,0.416666666666667,3119,4,True,,1.0,,,,1.0,0.0225405007459487,4,3.9801572969300216
146712,146712,0.404196537202344,3120,4,True,,-1.0,,,,0.987844959575046,0.0048293144464556,1,1.7851142061915266
146713,146713,0.403900985798886,3121,4,True,,-1.0,,,,0.987554713670916,0.0044747970961647,1,1.785883901106771
146714,146714,0.40339064972243,3122,4,True,,-1.0,,,,0.987130722486528,0.0032026692199538,1,1.7891393948726406
146715,146715,0.402570851592651,3123,4,True,,-1.0,,,,0.986281820070206,0.0030891468708559,1,1.7888544217827758
146716,146716,0.402453740887063,3124,4,True,,-1.0,,,,0.986173352117526,0.0029496025845098,1,1.7891730690584757
146717,146717,0.402301201808855,3125,4,True,,-1.0,,,,0.986038686583396,0.0027238040288525,1,1.7897197014824164
146718,146718,0.402065656310615,3126,4,True,,-1.0,,,,0.985827403965633,0.0024099219281795,1,1.7904665566392706
146719,146719,0.401813007979794,3127,4,True,,-1.0,,,,0.98558580165454,0.0022557461530187,1,1.7907377572512242
146720,146720,0.401555663872463,3128,4,True,,-1.0,,,,0.98540690865678,0.0017655129875123,1,1.7920241431599786
146721,146721,0.400999335730601,3129,4,True,,-1.0,,,,0.984969835691895,0.0009952175415671,1,1.7939581049107194
146722,146722,0.400392931323979,3130,4,True,,-1.0,,,,0.984400790459052,0.0007138562602994,1,1.794385544547777
147092,147092,0.955444081538136,3131,0,False,1.0,1.0,1.0,-1.0,-1.0,1.0,0.275083879377688,4,3.2644757034896412
147446,147446,0.577673365293418,3132,0,False,-1.0,-0.481603076975493,-0.393700787401575,-0.0212121212121212,-0.0398435086996808,0.95516279708566,0.0178887296735331,1,1.715450837830174
147618,147618,0.346252467341906,3133,0,False,-1.0,-0.195069371721882,-0.548701298701299,0.0,0.0,0.414655911496546,0.0815959913576139,2,0.6493434177450562
148245,148245,0.342662631393699,3134,0,False,0.0,-0.304230844032976,-0.255208333333333,-0.0004926917392018,-0.175766016713092,0.972358666369863,0.0281950616317283,1,1.1926319562355798
148246,148246,0.347772032170875,3135,0,False,0.0,-0.298270834142611,-0.256476683937824,-0.0126856435643564,-0.175766016713092,0.980597470590764,0.0285721808969453,1,1.20634355693892
148247,148247,0.362413180008203,3136,0,False,0.0,-0.298270834142611,-0.257142857142857,-0.0121679774447247,-0.245872936468234,0.984837336224974,0.0288735484110438,1,1.3971169486804913
148281,148281,0.375587715522628,3137,3,True,,-0.440614781673981,-0.984615384615385,,,0.911568138175651,0.0465109516399091,1,1.243876654494468
148282,148282,0.377050516493844,3138,3,True,,-0.492997778081801,-0.962962962962963,,,0.899160234626865,0.0500403692455887,1,1.1635641169407185
148283,148283,0.364228384140534,3139,3,True,,-0.428204905493495,-0.956521739130435,,,0.895771642070512,0.0508385567507235,1,1.1823508031432326
148284,148284,0.363057053312093,3140,3,True,,-0.428204905493495,-0.954545454545455,,,0.89292555806034,0.0513126848791397,1,1.1771668113263358
148285,148285,0.3387348226994,3141,3,True,,-0.300989912625188,-0.941176470588235,,,0.889014905070168,0.0523711549457508,1,1.2803099575522774
148286,148286,0.33728553521813,3142,3,True,,-0.300989912625188,-0.9375,,,0.885858525245655,0.0526847941504692,1,1.2726318160855767
148287,148287,0.331880334436799,3143,3,True,,-0.274588706633784,-0.9375,,,0.879469857850179,0.054855210420544,1,1.3079131930308525
148288,148288,0.32794952716723,3144,3,True,,-0.274588706633784,-0.916666666666667,,,0.876456000772136,0.0557169342248601,1,1.2683479634660364
148289,148289,0.326287721439595,3145,3,True,,-0.274588706633784,-0.909090909090909,,,0.873432988296131,0.0567237752641973,1,1.2539552657512432
148720,148720,0.296454743186429,3146,0,False,0.0,-0.322706013962352,-0.33695652173913,0.0,0.0,0.75134800656703,0.0012868931741015,1,1.0277690710153653
148761,148761,0.378976546946143,3147,0,False,-1.0,-0.0944106627750183,-0.400735294117647,0.0,0.0,1.0,0.0515216910212046,2,1.783527290792385
148762,148762,0.371329015066615,3148,0,False,-1.0,-0.0393940692421166,-0.409594095940959,0.0,0.0,1.0,0.0515758886616791,2,1.8223166706215241
148763,148763,0.372032058100032,3149,0,False,-1.0,-0.0393940692421166,-0.413284132841328,0.0,0.0,1.0,0.0519053220785134,2,1.822700826978665
148776,148776,0.421215096238902,3150,0,False,-1.0,-0.278452832263826,-0.495575221238938,0.0,0.0,0.909161504853009,0.0145251767684538,2,1.6073691927881149
148777,148777,0.322902247923033,3151,0,False,-1.0,-0.278452832263826,-0.496466431095406,0.0,0.0,0.0468302126809606,0.0237917675271966,2,1.7309198712687195
148778,148778,0.326078667816882,3152,1,True,-1.0,-0.278452832263826,-0.493761140819964,,0.0,0.0634982088716693,0.0243941846195515,2,1.6765743040275267
148781,148781,0.682991384900576,3153,0,False,-1.0,-0.598951946330681,-0.503267973856209,-0.663479923518164,-0.767233043238016,0.952037283371913,0.0003949008869633,3,2.274640345578109
148782,148782,0.672395085216773,3154,0,False,-1.0,-0.595363317472199,-0.482487922705314,-0.651485148514852,-0.767233043238016,0.957588374030982,0.000771043969109,3,2.262645886456484
148927,148927,0.305879916706809,3155,0,False,-1.0,-0.273994243865711,-0.261462205700124,-0.0170731707317073,0.0,0.153646981786415,0.0140938843481768,2,1.4007811857330221
148928,148928,0.32185565757537,3156,0,False,-1.0,-0.230379693620488,-0.254780999383097,-0.0429352068696331,-0.216439075630252,0.0496104944772909,0.0220915516203067,2,1.8626490041110224
149564,149564,0.586859220160577,3157,2,True,,-1.0,-1.0,-0.6,,0.996042373676945,0.0029725067806872,1,2.897684987539012
149565,149565,0.579863426043651,3158,2,True,,-1.0,-1.0,-0.180327868852459,,0.995681499552129,0.0023459746209092,1,1.9399804814600272
149566,149566,0.579474555920475,3159,2,True,,-1.0,-1.0,-0.180327868852459,,0.995388000263713,0.0022169817632478,1,1.9401133793661687
149567,149567,0.579375407451194,3160,2,True,,-1.0,-1.0,-0.180327868852459,,0.99532105901037,0.0021037954436379,1,1.940366204159344
149568,149568,0.57928546615675,3161,2,True,,-1.0,-1.0,-0.180327868852459,,0.995262092051348,0.001978636897815,1,1.9406571115231026
149569,149569,0.576931891139007,3162,2,True,,-1.0,-1.0,0.0,,0.995191430435394,0.0017039861983827,1,1.829469132587175
149570,149570,0.576694948120786,3163,2,True,,-1.0,-1.0,0.0,,0.995043288365856,0.0012643369685683,1,1.830608896404646
149571,149571,0.576316367954224,3164,2,True,,-1.0,-1.0,0.0,,0.994839270946673,0.0006931133146378,1,1.8320939774937046
149572,149572,0.333333333333333,3165,3,True,,-1.0,-1.0,0.0,,,0.0,1,3.476424882967661
149624,149624,0.264390579769803,3166,0,False,-1.0,-0.191611966392831,-0.252330226364847,0.0,0.0,0.0075407525872885,0.0359436068537691,2,1.7830339692593462
150502,150502,0.334716226384877,3167,0,False,-1.0,-0.291464718330507,-0.234234234234234,0.0,0.0,0.399744557690768,0.157182575399792,2,0.7839305564514326
150503,150503,0.333555495416378,3168,0,False,-1.0,-0.297961764612829,-0.227272727272727,0.0,0.0,0.397836718802865,0.156940596026953,2,0.792496024409476
150504,150504,0.332593676697892,3169,0,False,-1.0,-0.297961764612829,-0.227272727272727,0.0,0.0,0.395972061726485,0.156210959557683,2,0.7900348286183809
150505,150505,0.32209733004108,3170,0,False,-1.0,-0.275082105050607,-0.20353982300885,0.0,0.0,0.390405998786058,0.151134025732297,2,0.7727723828625573
150506,150506,0.309976062888571,3171,0,False,-1.0,-0.258003315311723,-0.158878504672897,0.0,0.0,0.387218200414596,0.154241706555114,2,0.8399920424629523
150507,150507,0.388883045435688,3172,0,False,-1.0,-0.297961764612829,-0.227272727272727,0.0,0.0,0.625548810825361,0.0081526739990857,2,0.9193225116621278
150508,150508,0.397219268850314,3173,0,False,-1.0,-0.291464718330507,-0.254385964912281,0.0,0.0,0.641905016191313,0.0074387945884954,2,0.9352586796221032
150509,150509,0.391682993138221,3174,0,False,-1.0,-0.291464718330507,-0.234234234234234,0.0,0.0,0.633721937161025,0.0075809312962131,2,0.9302068698178735
150537,150537,0.42585919607671,3175,0,False,-1.0,-0.294080048364385,-0.510309278350515,0.0,0.0,0.755816428513822,0.111568700062812,2,1.0058352754974056
150538,150538,0.423709698012139,3176,0,False,-1.0,-0.284965704741348,-0.517766497461929,0.0,0.0,0.750236598158922,0.113714342606944,2,0.9991524855835342
150670,150670,0.353939782694143,3177,1,True,0.0,-0.55890714689074,-0.340823970037453,,0.0,0.920442920060727,0.164414923361559,1,1.0698947733418707
150671,150671,0.395606922822008,3178,0,False,0.0,-0.55890714689074,-0.387832699619772,-1.0,0.0,0.926706866781332,0.168717032037485,3,2.788057692631626
150672,150672,0.406303552267014,3179,1,True,,-0.55890714689074,-0.429090909090909,-1.0,-0.0062992125984252,0.932397739591221,0.16913706478924,3,2.7717902781328
150673,150673,0.628148308514883,3180,0,False,-1.0,-0.575191378686971,-0.550335570469799,-1.0,-0.5,0.955118749979174,0.166222242214008,3,2.0231681594805937
152071,152071,0.25255528443026,3181,0,False,-1.0,-0.275214696280766,-0.221238938053097,0.0,0.0,0.0091933434607515,0.0001006143565518,2,1.9036029589466894
152072,152072,0.356015129883698,3182,0,False,-1.0,-0.305451230762674,-0.221238938053097,0.0,0.0,0.518492146277372,0.0007510610961252,2,0.8940287713412192
152330,152330,0.390142088218846,3183,0,False,-1.0,-0.0944106627750183,-0.397058823529412,0.0,0.0,1.0,0.103003571837633,2,1.7518645246181381
152331,152331,0.377841901389433,3184,0,False,-1.0,-0.0393940692421166,-0.375912408759124,0.0,0.0,1.0,0.102373588256596,2,1.7847452940798034
152332,152332,0.363321978591683,3185,0,False,-1.0,-0.0416841151727526,-0.275862068965517,0.0,0.0,1.0,0.0975368818852237,2,1.7800206923850985
152334,152334,0.283101553205745,3186,0,False,-1.0,-0.0393940692421166,-0.416974169741697,0.0,0.0,0.18528305672817,0.0279618599352384,2,1.3659756031137968
152335,152335,0.28602875105823,3187,0,False,-1.0,-0.0405067511381181,-0.433333333333333,0.0,0.0,0.185151497218606,0.0276324792574969,2,1.3731645753706654
152336,152336,0.287026391590058,3188,0,False,-1.0,-0.0393940692421166,-0.451492537313433,0.0,0.0,0.173618666709907,0.0275231493005944,2,1.4143177259470405
152337,152337,0.28464027639772,3189,0,False,-1.0,-0.0393940692421166,-0.453183520599251,0.0,0.0,0.157468237573916,0.0277963569133867,2,1.4581980030291102
152338,152338,0.278473657661515,3190,0,False,-1.0,-0.0393940692421166,-0.43579766536965,0.0,0.0,0.142715240355055,0.0268810809753691,2,1.4946544414653677
152339,152339,0.285032007314698,3191,0,False,-1.0,-0.100146323350464,-0.446640316205534,0.0,0.0,0.117479357315971,0.0294944949989565,2,1.5149120197342434
152351,152351,0.303694161786046,3192,0,False,-1.0,-0.292914814132031,-0.244604316546763,0.0,0.0,0.223830417112056,0.0471922638444912,2,1.0699561854274642
152823,152823,0.303481570010483,3193,0,False,-1.0,-0.210769273812622,-0.0618556701030928,0.0,0.0,0.578196578830092,0.140395303689805,2,0.8409695079293449
152824,152824,0.310365185724947,3194,0,False,-1.0,-0.210769273812622,-0.099009900990099,0.0,0.0,0.579416684311918,0.139866197421875,2,0.7772919273321852
152825,152825,0.321320201277457,3195,0,False,-1.0,-0.264228436729441,-0.107843137254902,0.0,0.0,0.5804513551837,0.141465373496798,2,0.7706266153869324
152826,152826,0.312141205814777,3196,0,False,-1.0,-0.210769273812622,-0.107843137254902,0.0,0.0,0.580176556667864,0.140083633648764,2,0.7653667454715466
153023,153023,0.576960769813508,3197,3,True,,-1.0,-0.987012987012987,,,0.995868046129536,0.006097992381081,1,1.7978996690149427
153024,153024,0.576773839881382,3198,3,True,,-1.0,-0.986666666666667,,,0.99576074252386,0.0052406564071993,1,1.7995956378834435
153025,153025,0.576441753299536,3199,3,True,,-1.0,-0.986666666666667,,,0.99549864609932,0.0027853869500716,1,1.8061871534382703
153026,153026,0.576330353824319,3200,3,True,,-1.0,-0.986666666666667,,,0.995412212021725,0.0022876416087804,1,1.8075305242349375
153027,153027,0.576237221437846,3201,3,True,,-1.0,-0.986666666666667,,,0.995345798422511,0.0013193783065187,1,1.810252559154873
153028,153028,0.576059892709481,3202,3,True,,-1.0,-0.986486486486487,,,0.995239899453025,0.000703125183698,1,1.8116843600018329
153029,153029,0.575954086165952,3203,3,True,,-1.0,-0.986486486486487,,,0.995171581126884,0.000347678688191,1,1.8126702770634913
153030,153030,0.331081081081081,3204,4,True,,-1.0,-0.986486486486487,,,,0.0,1,3.4655687168939138
153102,153102,0.301962936086213,3205,0,False,0.0,-0.322706013962352,-0.333333333333333,0.0,0.0,0.860050959749247,0.0677007409328419,1,0.7581504537547811
153103,153103,0.295625689810621,3206,0,False,0.0,-0.297123077141423,-0.331550802139037,0.0,0.0,0.853158090197418,0.0699682660027474,1,0.8174528973341222
153104,153104,0.28013560295908,3207,0,False,0.0,-0.287419607056337,-0.335106382978723,0.0,0.0,0.612901800539699,0.0759047363038431,1,1.2266666881223192
153105,153105,0.30744346966487,3208,0,False,0.0,-0.312167054205716,-0.354497354497354,0.0,-0.268666756356787,0.621912985356166,0.0761024895195871,1,1.5639252679607094
153140,153140,0.288567788994058,3209,2,True,-1.0,-0.286296953525228,-0.445109780439122,,0.0,,0.0,2,1.938777012428428
153141,153141,0.375240358926216,3210,1,True,-1.0,-0.276691772184427,-0.45224171539961,,0.0,0.282316364534529,0.0015312306662078,2,1.169664403666425
153142,153142,0.379347244099406,3211,1,True,-1.0,-0.289626824540891,-0.463878326996198,,0.0,0.281045755224585,0.0049059026422296,2,1.1610966639024485
153143,153143,0.378750348160662,3212,1,True,-1.0,-0.278452832263826,-0.470919324577861,,0.0,0.280629576244377,0.0063668460637228,2,1.1550290642605716
153144,153144,0.380133370140287,3213,1,True,-1.0,-0.278452832263826,-0.478821362799263,,0.0,0.280390255850266,0.0075957313693579,2,1.153638768360077
153145,153145,0.382108413562614,3214,0,False,-1.0,-0.278452832263826,-0.490125673249551,0.0,0.0,0.279769589601804,0.0094853616675255,2,1.1522002668537608
153702,153702,0.271419771570278,3215,0,False,0.0,-0.0618040207989333,-0.0824211204121056,-0.0596026490066225,0.0,0.985693400214435,0.100479495126053,1,1.7134014984755663
153703,153703,0.511034913499222,3216,0,False,-1.0,-0.305365242021685,-0.222286042504308,-0.0228136882129278,-0.0281647178444331,0.994822242128324,0.140102001563837,2,1.7583657785508184
153704,153704,0.487136598598504,3217,0,False,-1.0,-0.306622302529959,-0.24460839954597,-0.0099620493358633,-0.0384241919822444,0.950209047861344,0.017463360902462,2,1.6793388128576354
153736,153736,0.277767603937609,3218,0,False,-1.0,-0.16847091417696,-0.236220472440945,0.0,0.0,0.215882176974502,0.0265939987792114,2,1.1898569580794334
153737,153737,0.260176317071793,3219,0,False,-1.0,-0.174321797931393,-0.204724409448819,0.0,0.0,0.149027478043146,0.0233611591370458,2,1.407254312288023
153738,153738,0.261131547054447,3220,0,False,-1.0,-0.202034609732327,-0.198473282442748,0.0,0.0,0.130881916414164,0.0244499732224216,2,1.4520367416899223
154511,154511,0.39104775860373,3221,1,True,-1.0,-0.54051838971465,-0.664756446991404,-0.445945945945946,0.0,,0.0,2,2.7235724127242253
155182,155182,0.293200990151709,3222,0,False,-1.0,-0.326844296554323,-0.303448275862069,0.0,0.0,0.153480922692516,0.0001726660714235,2,1.4811848348900227
155183,155183,0.417695188091792,3223,0,False,-1.0,-0.340041618758692,-0.316129032258064,0.0,0.0,0.571834555816407,0.0002345429873808,2,0.9143927295192444
155184,155184,0.399345448078294,3224,0,False,-1.0,-0.340041618758692,-0.320512820512821,0.0,0.0,0.513918964128261,0.0020163744426855,2,0.8698770319788804
155511,155511,0.357507196274075,3225,0,False,0.0,-0.476525838601507,-0.220149253731343,0.0,0.0,0.991410442162201,0.003200075739328,1,0.9819848179391897
155512,155512,0.299316849032359,3226,0,False,0.0,-0.476525838601507,-0.220149253731343,0.0,0.0,0.808140430260662,0.0037468930690718,1,0.9269040214897797
155597,155597,0.444438383520079,3227,0,False,-1.0,-0.11915525461577,-0.139248305606901,0.0,0.0,0.966731695757933,0.0065260045884452,2,1.8430002981291025
155598,155598,0.268148395477172,3228,0,False,0.0,-0.0904311367420779,-0.11372064276885,-0.0150204824761038,0.0,0.97508906379035,0.0124121330572947,1,1.621149018923007
155599,155599,0.329202696513258,3229,0,False,-0.345303878319584,-0.0916430993184967,-0.12111801242236,0.0,0.0,0.97352192056957,0.0077913032237679,1,1.6499982149757528
155621,155621,0.289158370883119,3230,0,False,-1.0,-0.257175682524112,-0.194029850746269,0.0,0.0,0.162916767462345,0.003301224038633,2,1.4550011615184546
155622,155622,0.265285219132904,3231,0,False,-1.0,-0.257175682524112,-0.192592592592593,0.0,0.0,0.0336112755826218,0.002938654058717,2,1.8273887113252945
155623,155623,0.269837756282394,3232,0,False,-1.0,-0.257175682524112,-0.196969696969697,0.0,0.0,0.128241132706285,0.0027172377604555,2,1.5522278441026127
155629,155629,0.29410994743404,3233,0,False,-1.0,-0.218786812377693,-0.0631578947368421,0.0,0.0,0.492923173872507,0.0056482636415281,2,1.0114265396058635
155630,155630,0.292183399082398,3234,0,False,-1.0,-0.218786812377693,-0.0531914893617021,0.0,0.0,0.492421476438176,0.00479904206125,2,1.0319755470862442
155780,155780,0.507112423226882,3235,0,False,-1.0,-0.147481998828322,-0.13387297633873,-0.239035087719298,-0.341885269530124,0.998148152637479,0.0809006759395883,3,1.7215094010373349
155781,155781,0.505710104682427,3236,0,False,-1.0,-0.147481998828322,-0.138699690402477,-0.198905109489051,-0.341885269530124,0.997763906265946,0.0808528103165889,3,1.822925084855298
156080,156080,0.25014593255604,3237,1,True,-1.0,-0.222114533389338,-0.278761061946903,0.0,0.0,,0.0,2,1.9185397061934832
157352,157352,0.451834192340324,3238,0,False,-1.0,-0.225758257943081,-0.196169471851422,0.0,0.0,0.951151932351029,0.0587732784656142,2,1.5855952160920805
157353,157353,0.457596417620401,3239,0,False,-1.0,-0.261079535829432,-0.211349160393746,0.0,0.0,0.945649851556415,0.0532219881165254,2,1.5713841208813562
157805,157805,0.284306033471326,3240,0,False,0.0,0.0,-0.009925558312655,-0.309252217997465,-0.204498977505112,0.951280655866007,0.0994984993786071,1,2.3491416227246122
157806,157806,0.351471247447968,3241,0,False,0.0,0.0,-0.0197775030902349,-0.709716354858177,-0.385385121790652,0.978529893139329,0.0991696219246954,3,2.2253899152608922
158113,158113,0.578805859693164,3242,3,True,,-1.0,-0.98876404494382,,,0.997325552649366,0.0217536736885094,1,1.7655036294775268
158114,158114,0.577406585108045,3243,3,True,,-1.0,-0.988636363636364,,,0.995751692126766,0.0048166114566169,1,1.8037563743711293
158115,158115,0.577339987387336,3244,3,True,,-1.0,-0.988505747126437,,,0.995713672886837,0.004500976248489,1,1.8043900085299531
158116,158116,0.57710938284584,3245,3,True,,-1.0,-0.9875,,,0.995674423406972,0.003589097480879,1,1.8053407642505352
158117,158117,0.576989820678415,3246,3,True,,-1.0,-0.987341772151899,,,0.995590553707534,0.0031702416614815,1,1.806204779396072
158118,158118,0.576879457289472,3247,3,True,,-1.0,-0.987341772151899,,,0.995535606085149,0.00197017453786,1,1.8095568709824839
158119,158119,0.576710333683427,3248,3,True,,-1.0,-0.987179487179487,,,0.995419279719963,0.0014775313022938,1,1.8106328507231133
158120,158120,0.331111111111111,3249,4,True,,-1.0,-0.986666666666667,,,,0.0,1,3.465711768405443
158185,158185,0.274087412602749,3250,0,False,0.0,0.0,-0.0103425985778927,-0.0113636363636364,-0.28116213683224,0.970632977814928,0.114981865284218,1,2.236312266266534
158186,158186,0.285645461224524,3251,0,False,0.0,0.0,-0.010230179028133,-0.249343832020997,-0.28116213683224,0.94484643496927,0.116036736848805,1,2.4078053385083864
158372,158372,0.298798255018072,3252,0,False,-1.0,-0.210769273812622,-0.0618556701030928,0.0,0.0,0.508058263445094,0.0049015371864397,2,1.0195903048789694
158373,158373,0.29877427566277,3253,0,False,-1.0,-0.210769273812622,-0.0618556701030928,0.0,0.0,0.507997579478897,0.0044407380179329,2,1.0229148852613916
158374,158374,0.298777333579518,3254,0,False,-1.0,-0.210769273812622,-0.0625,0.0,0.0,0.507672984300062,0.0025550226561901,2,1.0356882579408087
158797,158797,0.606346890182425,3255,0,False,-1.0,-0.51559464197933,-0.613207547169811,-0.764334862385321,-0.338773709748566,0.572025658983797,0.0236336509393709,3,1.7168070024417752
158798,158798,0.61298104033555,3256,0,False,-1.0,-0.51559464197933,-0.616113744075829,-0.764334862385321,-0.403149606299213,0.581737219945844,0.022445935863348,3,1.718431422726883
158799,158799,0.618262821684993,3257,0,False,-1.0,-0.51559464197933,-0.630434782608696,-0.764334862385321,-0.403149606299213,0.592419897976868,0.0223221533058629,3,1.7066394940210026
158800,158800,0.689626853525554,3258,0,False,-1.0,-0.51559464197933,-0.632850241545894,-0.764334862385321,-0.403149606299213,0.928567697693908,0.0566552604379698,3,1.259146077403353
158801,158801,0.673487751329226,3259,0,False,-1.0,-0.51559464197933,-0.629807692307692,-0.764334862385321,-0.403149606299213,0.820197355564647,0.0003422840702921,3,1.5731525414120129
158802,158802,0.554437588698866,3260,0,False,-1.0,-0.51559464197933,-0.617021276595745,-0.764334862385321,-0.403149606299213,0.189133975134666,0.0004371663505026,3,2.7870497290872853
158803,158803,0.535012299597591,3261,0,False,-1.0,-0.51559464197933,-0.614657210401891,-0.764334862385321,-0.403149606299213,0.144318197665311,0.0010545297587958,3,2.911805109985556
159450,159450,0.798368342217773,3262,1,True,1.0,1.0,1.0,,-1.0,1.0,0.303735750325744,4,3.417568148742085
159451,159451,0.695253913689218,3263,1,True,-0.859541188188679,-0.742992526315764,-0.941798941798942,,-0.876543209876543,1.0,0.300358520948233,3,3.7971036199464283
159505,159505,0.654121034908342,3264,0,False,-1.0,-0.587189171002616,-0.48411214953271,-0.272727272727273,-0.767233043238016,0.966001145164287,0.0316405761274776,3,2.332617966145986
159506,159506,0.644161803985624,3265,0,False,-1.0,-0.587189171002616,-0.486093552465234,-0.272727272727273,-0.760108200455581,0.965871280808896,0.0326777900307356,3,2.305669077392673
159819,159819,0.295983929232929,3266,0,False,-1.0,-0.218786812377693,-0.0631578947368421,0.0,0.0,0.496703966574568,0.004411280911042,2,1.0199622008326392
160109,160109,0.291667828235201,3267,0,False,-1.0,-0.0450832704259912,-0.0584594222833563,-0.7117903930131,-0.174228955708433,0.0074739242100401,0.157755499725596,2,3.3294694695801708
160110,160110,0.288006915922187,3268,0,False,-1.0,-0.0450832704259912,-0.0598052851182197,-0.7117903930131,-0.148533772652389,0.0077143068338024,0.156003188844825,2,3.3062992199113257
160111,160111,0.287449613962115,3269,0,False,-1.0,-0.0444839551029111,-0.0657802659202239,-0.696581196581197,-0.148533772652389,0.0019679819052711,0.150537825785327,2,3.2593406014786797
160112,160112,0.286761613661994,3270,0,False,-1.0,-0.0444839551029111,-0.0652631578947368,-0.687763713080169,-0.148533772652389,0.0013341722394205,0.150829980450689,2,3.235029765730784
160113,160113,0.287173077934789,3271,0,False,-1.0,-0.0444839551029111,-0.0660112359550562,-0.687763713080169,-0.148533772652389,0.0017873418526515,0.149585115688756,2,3.231846448874585
160114,160114,0.283360174364495,3272,0,False,-1.0,-0.04314424616936,-0.069701280227596,-0.614130434782609,-0.174282842341297,0.0028394619012176,0.139093707629371,2,3.0202626764155576
160115,160115,0.255742863853252,3273,0,False,-1.0,-0.0655205535536169,-0.0667623833452979,0.0,-0.31072511717673,0.0072597557377765,0.142443137511199,2,2.2747738408164517
160279,160279,0.312294150382773,3274,0,False,-1.0,-0.202843690581499,-0.0625,0.0,0.0,0.605355281553813,0.0149932984317658,2,1.0100584388737395
160280,160280,0.310597336355504,3275,0,False,-1.0,-0.202843690581499,-0.0625,0.0,0.0,0.601195815245945,0.0126715401802579,2,1.020405297962832
160281,160281,0.305141563035602,3276,0,False,-1.0,-0.202843690581499,-0.0625,0.0,0.0,0.577443712375118,0.0122735088046926,2,0.9999024752243234
160282,160282,0.296236633350574,3277,0,False,-1.0,-0.202843690581499,-0.0526315789473684,0.0,0.0,0.547874022687539,0.0087182528255367,2,1.0187559427739117
160289,160289,0.27793141242231,3278,0,False,-1.0,-0.202843690581499,-0.0526315789473684,0.0,0.0,0.459447271840839,0.107539059376584,2,0.7078125844450748
160290,160290,0.281214285744871,3279,0,False,-1.0,-0.202843690581499,-0.0625,0.0,0.0,0.463057969448171,0.108835407195491,2,0.6873493620233588
160304,160304,0.291754802816424,3280,0,False,-1.0,-0.218786812377693,-0.0531914893617021,0.0,0.0,0.492196335441305,0.0042106351926779,2,1.0362096836900176
160513,160513,0.75088793424312,3281,1,True,-1.0,-1.0,-1.0,,-1.0,0.995676557095824,0.0246222968288796,3,4.142418106518078
160514,160514,0.750772354125782,3282,1,True,-1.0,-1.0,-1.0,,-1.0,0.99562065579567,0.0242736543619871,3,4.143107289756829
160515,160515,0.750492420886806,3283,1,True,-1.0,-1.0,-1.0,,-1.0,0.995482182885047,0.0235423537505608,3,4.1445533464960205
160516,160516,0.749850221914712,3284,1,True,-1.0,-1.0,-1.0,,-1.0,0.995175219698353,0.0219242652007337,3,4.1477909858621675
160517,160517,0.748985275908054,3285,1,True,-1.0,-1.0,-1.0,,-1.0,0.994610751203883,0.0217188140857533,3,4.148021224978185
160518,160518,0.748759551477595,3286,1,True,-1.0,-1.0,-1.0,,-1.0,0.99449273633079,0.0213742051662706,3,4.148700665174313
160519,160519,0.748540225710467,3287,1,True,-1.0,-1.0,-1.0,,-1.0,0.994360283511668,0.0212279626507166,3,4.14896090769292
160520,160520,0.748281606454505,3288,1,True,-1.0,-1.0,-1.0,,-1.0,0.994263353554328,0.0205232820097838,3,4.150410389188234
160521,160521,0.746979215256457,3289,1,True,-1.0,-1.0,-1.0,,-1.0,0.993818007896218,0.0174564052183858,3,4.156826062203831
160522,160522,0.577869066573061,3290,2,True,,-1.0,-1.0,,-1.0,0.992513185459602,0.0161656370097314,3,4.378064143571149
160523,160523,0.566330728583062,3291,2,True,,-1.0,-1.0,,0.0,0.990869116069094,0.0126822085714909,1,1.7977339438666193
160524,160524,0.563908589017463,3292,2,True,,-1.0,-1.0,,0.0,0.989753286044113,0.0119465038364982,1,1.7986603128142413
160525,160525,0.538280061263271,3293,2,True,,-1.0,-1.0,,0.0,0.987192914198489,0.0032512449191276,1,1.8192969779787878
160526,160526,0.35249578291963,3294,3,True,,-1.0,,,0.0,0.979746620002734,0.0028277369434449,1,1.7850812291008586
160527,160527,0.339633749735695,3295,3,True,,-1.0,,,0.0,0.977604346544856,0.001287993714919,1,1.7881056870292529
160528,160528,0.328818160997335,3296,3,True,,-1.0,,,0.0,0.974311110458781,0.0004144595773376,1,1.7885525429013471
160529,160529,0.32542346998885,3297,4,True,,-1.0,,,,0.972428470824415,0.0002127668314285,1,1.7879687716877384
160821,160821,0.323366966520359,3298,1,True,,-0.49413601842891,-0.615686274509804,0.0,-0.5,0.42835387317377,0.0102984448063127,1,2.6372064760800122
160822,160822,0.322853986552504,3299,1,True,,-0.49413601842891,-0.610687022900763,0.0,-0.5,0.427304456282327,0.0110119315273364,1,2.636785418111665
160823,160823,0.322027482423684,3300,1,True,,-0.473189491613942,-0.620071684587814,0.0,-0.5,0.423064032821403,0.0139679665317783,1,2.6465748819972976
160824,160824,0.481725754921544,3301,0,False,-1.0,-0.506715399968191,-0.623693379790941,0.0,-0.015625,0.420832291192675,0.0156830869449505,2,1.2385916824525902
160826,160826,0.321160986197716,3302,3,True,,-0.570195385183548,0.0,,,0.961296847183798,0.0003177289770893,1,1.3472248075582431
160827,160827,0.321589627945898,3303,3,True,,-0.570195385183548,0.0,,,0.96155242325438,0.0006854957758205,1,1.3459661992819452
160828,160828,0.321711459567419,3304,3,True,,-0.570195385183548,0.0,,,0.961688027201625,0.0007682153948273,1,1.3457415644138293
160829,160829,0.321976774712999,3305,3,True,,-0.570195385183548,0.0,,,0.962085305117279,0.0008680241717103,1,1.3456434315451626
160830,160830,0.322256797392922,3306,3,True,,-0.570195385183548,0.0,,,0.962416967202625,0.0012299474029569,1,1.3444772803473792
160831,160831,0.32238601340789,3307,3,True,,-0.570195385183548,0.0,,,0.962600127904987,0.001369130210213,1,1.3440723726365118
160832,160832,0.32250087756437,3308,3,True,,-0.570195385183548,0.0,,,0.962772459827041,0.0014951683843351,1,1.343711748923146
160833,160833,0.322693350395911,3309,3,True,,-0.570195385183548,0.0,,,0.963090490111154,0.0016148599624175,1,1.3434856974579852
160834,160834,0.322859130218076,3310,3,True,,-0.570195385183548,0.0,,,0.963342571740805,0.0018961801720877,1,1.3425886309520314
160835,160835,0.32309684427612,3311,3,True,,-0.570195385183548,0.0,,,0.963729977924134,0.0020208098533775,1,1.3424003481630253
160836,160836,0.323324747094522,3312,3,True,,-0.570195385183548,0.0,,,0.964018314351093,0.0023832284938977,1,1.341228455062608
160837,160837,0.32355469326422,3313,3,True,,-0.570195385183548,0.0,,,0.964384490796983,0.0025314899716471,1,1.3409398555912881
160838,160838,0.323970680750081,3314,3,True,,-0.570195385183548,0.0,,,0.965029621117874,0.0028645112992878,1,1.340164780847192
160839,160839,0.324282850678261,3315,3,True,,-0.570195385183548,0.0,,,0.965381075566891,0.0034465880099719,1,1.3382345596886018
160840,160840,0.324400073660002,3316,3,True,,-0.570195385183548,0.0,,,0.965545835250331,0.003587507793964,1,1.3378317926421177
160841,160841,0.324591832347448,3317,3,True,,-0.570195385183548,0.0,,,0.965837395692359,0.0037144628730529,1,1.3375809332410677
160842,160842,0.324954302103978,3318,3,True,,-0.570195385183548,0.0,,,0.966375630579798,0.0040013118656012,1,1.3369264881291354
161005,161005,0.539653355153054,3319,0,False,-1.0,-0.469538071764189,-0.664723032069971,-0.961411764705882,-0.0764890282131661,0.233524728073976,0.0050067288110641,3,3.2025862164547085
161006,161006,0.426663521921713,3320,1,True,-1.0,-0.469538071764189,-0.66374269005848,-0.945945945945946,-0.0428849902534113,,0.0,3,3.821461187653551
161007,161007,0.288847395895269,3321,0,False,-1.0,-0.102338156561467,-0.470119521912351,0.0,0.0,0.128721401296302,0.0028357057475092,2,1.6019554651836034
161140,161140,0.644880120320741,3322,0,False,-1.0,-0.477703740882803,-0.373529411764706,-0.665597433841219,-0.540923700083653,0.996354674518947,0.381922288362399,3,2.6873557466355913
161141,161141,0.635919810950481,3323,0,False,-1.0,-0.467266485060613,-0.390532544378698,-0.526510480887793,-0.557770009533754,0.996627122508063,0.378888731395639,3,2.640927615077888
161142,161142,0.648819418244438,3324,0,False,-1.0,-0.507789845546128,-0.409252669039146,-0.438405797101449,-0.574721676489849,0.997287720254826,0.393843607378658,3,2.824296263604763
161143,161143,0.623942352490454,3325,0,False,-1.0,-0.522987618228732,-0.431165787932045,-0.280742459396752,-0.402319302981961,0.997982587553953,0.41300629129902,3,2.9815816448154693
161144,161144,0.648592932361682,3326,0,False,-1.0,-0.5464969474979,-0.464902186421174,-0.441988950276243,-0.440622487653612,0.998247355435277,0.415509986015862,3,2.881127703676926
161145,161145,0.654590206514997,3327,0,False,-1.0,-0.542453755614903,-0.457598178713717,-0.451553930530165,-0.506134564643799,0.998325953128272,0.419828751653815,3,2.9642538539385974
161146,161146,0.660517432259444,3328,0,False,-1.0,-0.539344392975648,-0.460795454545455,-0.51888341543514,-0.506134564643799,0.999596978145438,0.440418322417203,3,3.127400657860021
161147,161147,0.664159025012535,3329,0,False,-1.0,-0.563760695304918,-0.462401795735129,-0.562686567164179,-0.451379492911348,0.999691406342714,0.445014246244554,3,3.1332880713831983
161148,161148,0.657582647382066,3330,0,False,-1.0,-0.574287324884057,-0.436737315350032,-0.242307692307692,-0.718227424749164,0.936661784683806,0.0010364300269547,3,2.334787865281582
161308,161308,0.674397081434925,3331,0,False,-1.0,-0.587732404623719,-0.475811390079608,-0.405405405405405,-0.767233043238016,0.982748923815889,0.0250778699174633,3,2.191452158015955
161309,161309,0.696585867845314,3332,0,False,-1.0,-0.582902812277554,-0.460327074500303,-0.60990099009901,-0.767233043238016,0.997845192941815,0.0259000157698465,3,2.1472786345214074
161310,161310,0.686710481926546,3333,0,False,-1.0,-0.587732404623719,-0.464720194647202,-0.576344086021505,-0.767233043238016,0.985321431398176,0.0293552184898335,3,2.1166962243741487
161334,161334,0.370361407244278,3334,1,True,,-0.309018715942197,-0.74468085106383,0.0,0.0,0.94904710795966,0.25520006465309,1,2.0411742194091587
161335,161335,0.367109462195007,3335,1,True,,-0.309018715942197,-0.733333333333333,0.0,0.0,0.947650199947624,0.255932515988661,1,2.0389988506933086
161336,161336,0.352992492697286,3336,1,True,,-0.341302532599574,-0.74468085106383,0.0,0.0,0.916302991645463,0.159409705087603,1,1.2612718254913695
162176,162176,0.416666666666667,3337,4,True,,1.0,,,,1.0,0.0003977527712176,4,4.023589012386487
162645,162645,0.404919757153245,3338,0,False,-1.0,-0.312819608308117,-0.313559322033898,0.0,-0.0023744911804613,0.689603709438966,0.0053109914989669,2,1.0351511166665825
163411,163411,0.304742166915269,3339,0,False,-1.0,-0.195573866049439,-0.117021276595745,0.0,0.0,0.489055206833351,0.0028483222317962,2,0.968184746703824
163412,163412,0.319886911783223,3340,0,False,-1.0,-0.273157102470609,-0.126315789473684,0.0,0.0,0.492124989878237,0.0042874974105723,2,0.9401191185297442
163413,163413,0.320559308178926,3341,0,False,-1.0,-0.273157102470609,-0.128712871287129,0.0,0.0,0.49302874942512,0.0049467438722293,2,0.9319974672000366
163414,163414,0.326328475304893,3342,0,False,-1.0,-0.273157102470609,-0.161904761904762,0.0,0.0,0.493693154038371,0.0056643276992594,2,0.8899732626872363
163415,163415,0.321659105376753,3343,0,False,-1.0,-0.243498920302446,-0.160377358490566,0.0,0.0,0.494533519367963,0.0078709096505969,2,0.8701342419322176
163416,163416,0.325930092779959,3344,0,False,-1.0,-0.243498920302446,-0.181818181818182,0.0,0.0,0.494079491801687,0.0109382095459623,2,0.8234633545830247
163417,163417,0.327354379857307,3345,0,False,-1.0,-0.243498920302446,-0.189189189189189,0.0,0.0,0.494041444921633,0.0116974189381671,2,0.8102055492704447
163418,163418,0.331440078517319,3346,0,False,-1.0,-0.251987261645735,-0.20353982300885,0.0,0.0,0.49384829149631,0.0129871740834059,2,0.7869162710468726
163419,163419,0.333131957243986,3347,0,False,-1.0,-0.251987261645735,-0.210526315789474,0.0,0.0,0.49392468615499,0.0147559616360473,2,0.7660778240494577
163420,163420,0.334689116523033,3348,0,False,-1.0,-0.251987261645735,-0.217391304347826,0.0,0.0,0.493910671278971,0.0160596154334666,2,0.749455513401992
163421,163421,0.339727532632661,3349,0,False,-1.0,-0.280660118643443,-0.217391304347826,0.0,0.0,0.494007067548594,0.0167336619327964,2,0.7495098111657645
163422,163422,0.347079898337199,3350,0,False,-1.0,-0.280660118643443,-0.211864406779661,0.0,0.0,0.502999381778423,0.003524777857164,2,0.8657647959165857
163423,163423,0.346576900151436,3351,0,False,-1.0,-0.280660118643443,-0.211864406779661,0.0,0.0,0.503164357001144,0.0021292943503292,2,0.8778224784799515
164059,164059,0.384971235720019,3352,0,False,-1.0,-0.211766942580179,-0.281208935611038,0.0,0.0,0.465739396418955,0.0362570058648448,2,0.5556817673756683
164480,164480,0.46880511528177,3353,0,False,-1.0,-0.259887394853169,-0.262388818297332,0.0,0.0,0.839827757193139,0.0067094144858058,2,1.3962076644107813
164493,164493,0.334874240391017,3354,0,False,-1.0,-0.0444839551029111,-0.0667603654251581,-0.683035714285714,-0.148533772652389,0.223413661049761,0.0047851075225363,2,2.9414643698925507
164494,164494,0.327061807660184,3355,0,False,-1.0,-0.0228053684218701,-0.0662905500705219,-0.631284916201117,-0.148533772652389,0.223211792979267,0.0038988522763498,2,2.7902758916821844
164495,164495,0.287095852017142,3356,1,True,-1.0,-0.0437388091361357,-0.07,-0.642045454545455,-0.210752688172043,,0.0,2,3.2157663885833454
164703,164703,0.611787903955638,3357,0,False,-1.0,-0.563377307508217,-0.444015444015444,-0.250950570342205,-0.644552262419576,0.969564769652666,0.0639471363025755,3,1.8822418165274357
165257,165257,0.318341987851501,3358,0,False,-1.0,-0.294080048364385,-0.508620689655172,0.0,0.0,0.0098861125464185,0.0285652518724198,2,1.8393881964799603
165258,165258,0.318197921421176,3359,0,False,-1.0,-0.294080048364385,-0.504347826086956,0.0,0.0,0.0225445640733062,0.0277603351698958,2,1.8000968767274583
165259,165259,0.428975085792647,3360,0,False,-1.0,-0.278452832263826,-0.499121265377856,0.0,0.0,0.964079395039181,0.0144440346476765,2,1.772269102662861
165290,165290,0.370436629523578,3361,2,True,,-0.695688146837634,-0.625,0.0,,0.732067982811769,0.0272234344648481,1,0.8096957434344184
165291,165291,0.356175723972104,3362,2,True,,-0.606425104516849,-0.625,0.0,,0.728174841159448,0.0299215174498174,1,0.7306875940280585
165292,165292,0.356525093351922,3363,2,True,,-0.606425104516849,-0.625,0.0,,0.727425469006106,0.0304813889492895,1,0.7303737792904131
165293,165293,0.357220615590748,3364,2,True,,-0.606425104516849,-0.625,0.0,,0.726518577357267,0.0312316973311524,1,0.7297943177446607
165294,165294,0.357770516809733,3365,2,True,,-0.606425104516849,-0.625,0.0,,0.723738675835011,0.0333413115539144,1,0.7291495429299742
165295,165295,0.358294071021163,3366,1,True,,-0.606425104516849,-0.625,0.0,0.0,0.72199484093204,0.0347361096569392,1,0.7288514505369583
165296,165296,0.358441020974011,3367,1,True,,-0.606425104516849,-0.625,0.0,0.0,0.719028534134454,0.0374183065058071,1,0.728098644945058
165297,165297,0.358928019743233,3368,1,True,,-0.606425104516849,-0.625,0.0,0.0,0.718548787542689,0.0380319702610926,1,0.7275677321129825
165298,165298,0.353076912212014,3369,1,True,,-0.606425104516849,-0.588235294117647,0.0,0.0,0.714933120663121,0.0415848265149426,1,0.6942114481062382
165299,165299,0.364648327000227,3370,1,True,,-0.673508047752494,-0.588235294117647,0.0,0.0,0.712853535457459,0.0436544066030116,1,0.7501350443508211
165300,165300,0.350020808684061,3371,1,True,,-0.673508047752494,-0.5,0.0,0.0,0.709176365094719,0.0471938855379841,1,0.7170649588824218
165301,165301,0.336231954322848,3372,1,True,,-0.590466187383114,-0.5,0.0,0.0,0.707235084287352,0.0490279727370021,1,0.6541006361603439
165302,165302,0.34062929177009,3373,1,True,,-0.616735782520366,-0.5,0.0,0.0,0.70611830967062,0.0500726164510866,1,0.6695750236380094
165772,165772,0.51278098789653,3374,0,False,-1.0,-0.35554446590697,-0.315942028985507,-0.135073779795687,-0.322103113833589,0.939828729974128,0.0101656605389687,3,1.9716405566410464
166365,166365,0.27365780222506,3375,1,True,,-0.247279492692441,-0.653846153846154,0.0,0.0,0.700397958679813,0.0304641287698486,1,1.1380208754007992
166366,166366,0.282237854820885,3376,1,True,,-0.291879959518766,-0.653846153846154,0.0,0.0,0.706132175759354,0.0304232966040239,1,1.04933449687936
166367,166367,0.283097257810978,3377,1,True,,-0.291879959518766,-0.653846153846154,0.0,0.0,0.710774521300194,0.0306116139022353,1,1.040223200638276
166368,166368,0.273752581123909,3378,1,True,,-0.291879959518766,-0.586206896551724,0.0,0.0,0.720687127794303,0.0304485613808284,1,0.974029144840889
166369,166369,0.284997599246451,3379,1,True,,-0.275353469971075,-0.625,0.0,0.0,0.758262210087249,0.0293669497422108,1,0.9724459376885423
166370,166370,0.288945213649977,3380,1,True,,-0.275353469971075,-0.647058823529412,0.0,0.0,0.764579733328319,0.0323856326725307,1,0.9739255456554348
166371,166371,0.299632935105905,3381,1,True,,-0.275353469971075,-0.707317073170732,0.0,0.0,0.768816558118161,0.0332232162570463,1,1.0288655971088605
166372,166372,0.30225878221411,3382,1,True,,-0.275353469971075,-0.707317073170732,0.0,0.0,0.782323983874342,0.0330996237935927,1,1.0137514737354414
166598,166598,0.312639743659914,3383,0,False,0.0,-0.306845644301287,-0.254847645429363,-0.0204187128456966,-0.238482384823848,0.806236637706092,0.0032702812471711,1,1.411463142134037
166600,166600,0.377669883819036,3384,0,False,0.0,-0.295132424560287,-0.276353276353276,-0.0220855465473861,-0.428280773143438,0.945045552371363,0.0054620436310757,1,2.0367262445624386
166601,166601,0.326631972627061,3385,0,False,0.0,-0.345988018842445,-0.279538904899135,-0.0220855465473861,-0.29925187032419,0.65266638803342,0.0052191692441611,1,1.6941207165517418
167466,167466,0.330209806171869,3386,0,False,-1.0,-0.26279922782564,-0.158878504672897,0.0,0.0,0.573572180338896,0.283624036353503,2,1.8761076935178966
167467,167467,0.330345808505575,3387,0,False,-1.0,-0.26279922782564,-0.158878504672897,0.0,0.0,0.573912399353004,0.283728974293897,2,1.877198579900137
167474,167474,0.25000001200451,3388,2,True,,-7.20270597020053e-08,0.0,0.0,,1.0,0.0017954206487049,1,1.9905358627574126
167475,167475,0.333333333333333,3389,4,True,,1.0,1.0,,,,0.0,4,4.628587527573418
167712,167712,0.322387150747194,3390,0,False,-1.0,-0.277315689700401,-0.552155771905424,0.0,0.0,0.117785643677341,0.0993186066469171,2,1.4352535411654048
167713,167713,0.319678985980163,3391,0,False,-1.0,-0.247314133324645,-0.554921540656205,0.0,0.0,0.118752393126646,0.0998487151417393,2,1.432425200845685
167714,167714,0.32107023086021,3392,0,False,-1.0,-0.247314133324645,-0.549707602339181,0.0,0.0,0.120241679567063,0.101121665175871,2,1.4240297888363034
167715,167715,0.3224041197704,3393,0,False,-1.0,-0.247314133324645,-0.554396423248882,0.0,0.0,0.131187989011539,0.0843883583105341,2,1.3907170383591783
167716,167716,0.318072975714212,3394,0,False,-1.0,-0.247314133324645,-0.551829268292683,0.0,0.0,0.129285193833357,0.0818641793944147,2,1.3952840975899958
168036,168036,0.472238416577355,3395,3,True,,-0.58280197391345,-0.964912280701754,,,0.956958905347181,0.0601960065017287,1,1.1851822923048514
168037,168037,0.471424617586434,3396,3,True,,-0.58280197391345,-0.964285714285714,,,0.955520069334543,0.0601977811472833,1,1.1826661316961868
168038,168038,0.452826029717014,3397,3,True,,-0.58280197391345,-0.964285714285714,,,0.878005046459973,0.0501989982709346,1,1.156184891324585
168039,168039,0.452239748806387,3398,3,True,,-0.58280197391345,-0.963636363636364,,,0.876657096098638,0.0504068246266553,1,1.1545220701178145
168040,168040,0.38822898126964,3399,3,True,,-0.58280197391345,-0.963636363636364,,,0.763150844266606,0.166916498217234,1,1.562230600147445
168041,168041,0.388262834137975,3400,3,True,,-0.58280197391345,-0.963636363636364,,,0.763000044813036,0.16703326726452,1,1.5630438628433942
168049,168049,0.328928353589683,3401,0,False,-1.0,-0.0770833452411913,-0.0601503759398496,0.0,-0.34529582929195,0.546838996991017,0.094830824706775,2,1.5724086312748267
168050,168050,0.325579326868123,3402,0,False,-1.0,-0.0769212670781747,-0.0432432432432432,0.0,-0.34529582929195,0.541397649784343,0.0958115081527821,2,1.5874304250137086
168051,168051,0.343423851472288,3403,0,False,-1.0,-0.0769212670781747,-0.0573770491803279,-0.428571428571429,-0.34529582929195,0.544618441550113,0.094794598256128,3,1.833680246041638
168052,168052,0.352197333222927,3404,0,False,-1.0,-0.117315750424898,-0.0609418282548476,-0.428571428571429,-0.34529582929195,0.548425276825939,0.0935967671590268,3,1.772518166931032
168107,168107,0.379594786112335,3405,0,False,-1.0,-0.361690803081575,-0.478021978021978,0.0,0.0,0.166820929105592,0.0565680414949469,2,1.2900913455069214
168108,168108,0.373376694189539,3406,0,False,-1.0,-0.333312806304928,-0.46927374301676,0.0,0.0,0.166129199077476,0.0550556046130487,2,1.2744657950283529
168109,168109,0.365737912706055,3407,0,False,-1.0,-0.285281209279445,-0.474074074074074,0.0,0.0,0.16386963203071,0.0529516224690084,2,1.2728958241962358
168430,168430,0.436149983773374,3408,0,False,-1.0,-0.071681790399849,-0.0684660961158657,-0.727272727272727,-0.262478425957887,0.584425578010115,0.412569244939128,3,3.291913529047542
168445,168445,0.369270760001911,3409,0,False,-1.0,-0.305451230762674,-0.245762711864407,0.0,0.0,0.522916750222997,0.0036697654468269,2,0.8555497032724582
168446,168446,0.341321722481805,3410,0,False,-1.0,-0.188157822672071,-0.196850393700787,0.0,0.0,0.516687519852518,0.0203718363443996,2,0.7458414052336451
168447,168447,0.341373275137428,3411,0,False,-1.0,-0.188157822672071,-0.196850393700787,0.0,0.0,0.515459378815326,0.0218682400863994,2,0.7335927758548444
168452,168452,0.290377637880724,3412,0,False,-1.0,-0.218786812377693,-0.0531914893617021,0.0,0.0,0.490894704674628,0.0093889293696373,2,0.9998316073840827
168453,168453,0.292772297565663,3413,0,False,-1.0,-0.218786812377693,-0.0631578947368421,0.0,0.0,0.491889517363289,0.0118444335632448,2,0.9676164012684473
169079,169079,0.579460713543904,3414,2,True,,-1.0,-1.0,-0.180327868852459,,0.995233444745493,0.0014083188350858,1,1.9421612484750788
169080,169080,0.579026805780954,3415,2,True,,-1.0,-1.0,-0.180327868852459,,0.99494200303323,0.0009121735789642,1,1.9432921711449493
169081,169081,0.578673165922112,3416,2,True,,-1.0,-1.0,-0.180327868852459,,0.994699575131855,0.0006546681531235,1,1.9438191348167144
169082,169082,0.333333333333333,3417,3,True,,-1.0,-1.0,0.0,,,0.0,1,3.476424882967661
169083,169083,0.586442494661451,3418,2,True,,-1.0,-1.0,-0.6,,0.995540731174349,0.0025013346641289,1,2.898274590094439
169084,169084,0.586310912900981,3419,2,True,,-1.0,-1.0,-0.6,,0.995478294828434,0.0020026275634369,1,2.8991293170043235
169148,169148,0.585851684323835,3420,0,False,-1.0,-0.493581046286147,-0.395413870246085,-0.0393258426966292,-0.119441034840903,0.946410816933397,0.0123304110899534,1,1.7713603776574813
169149,169149,0.599862901314358,3421,0,False,-1.0,-0.500588349281557,-0.402684563758389,-0.0393258426966292,-0.165251469627694,0.946681049207675,0.0114081657074626,1,1.8266258020097683
169150,169150,0.602659011347122,3422,0,False,-1.0,-0.491272761928412,-0.411111111111111,-0.0393258426966292,-0.165251469627694,0.952595552396606,0.0114602799628193,1,1.8290758060791026
169151,169151,0.574838864738756,3423,0,False,-1.0,-0.501786509528816,-0.41749723145072,-0.0393258426966292,-0.120803522289488,0.961135467983606,0.0120712306797604,1,1.7733189594999752
169152,169152,0.591477004612278,3424,0,False,-1.0,-0.501786509528816,-0.421373200442968,-0.262931034482759,-0.120803522289488,0.96797280479481,0.0131033530576545,3,1.868238262861384
169153,169153,0.608741785142473,3425,0,False,-1.0,-0.51246733250364,-0.429678848283499,-0.293388429752066,-0.237833969465649,0.972972183151822,0.0144033735259341,3,1.5810451245537889
169154,169154,0.621711051649148,3426,0,False,-1.0,-0.51246733250364,-0.439226519337017,-0.450757575757576,-0.237833969465649,0.977119678552405,0.0160675174950064,3,1.3030672261203526
169155,169155,0.634959147516527,3427,0,False,-1.0,-0.521242199630856,-0.443646408839779,-0.593837535014006,-0.237833969465649,0.980494094688499,0.0177472757728556,3,1.2655656631910746
169170,169170,0.438185330933612,3428,0,False,-1.0,-0.215571396037178,-0.190778097982709,-0.0079597821533305,-0.0562893720788458,0.854895087299286,0.0127904049597383,2,1.434536250040329
169171,169171,0.409484728980722,3429,0,False,-1.0,-0.194741753804048,-0.179457587997692,-0.0079597821533305,0.0,0.800164207603806,0.0115621029265229,2,1.302294269048617
169172,169172,0.503563372149208,3430,0,False,-1.0,-0.305365242021685,-0.206578188113099,-0.0291938997821351,-0.0562893720788458,0.985300673522025,0.045207258952587,2,1.7214797715855994
169175,169175,0.43055821897619,3431,0,False,-1.0,-0.242130785217114,-0.555555555555556,0.0,0.0,1.0,0.0067034778360735,1,1.9337905881646469
169176,169176,0.426723785405574,3432,0,False,-1.0,-0.242130785217114,-0.55591054313099,0.0,0.0,1.0,0.0066102003521616,1,1.9340867705420404
169177,169177,0.416027074055618,3433,0,False,-1.0,-0.231651746599248,-0.559870550161812,0.0,0.0,0.858070068730745,0.0073617427357982,2,1.5397684935049958
169178,169178,0.404495298454826,3434,0,False,-1.0,-0.231651746599248,-0.559870550161812,0.0,0.0,0.770750699069704,0.0078641220182611,2,1.3179724717609516
169179,169179,0.375764626690178,3435,0,False,-1.0,-0.26465543429701,-0.590625,0.0,0.0,0.286516674087226,0.0241458644161646,2,1.1589966788965127
169180,169180,0.361073918606953,3436,0,False,-1.0,-0.242130785217114,-0.56782334384858,0.0,0.0,0.252753551493317,0.0379423794365023,2,1.1485482100672142
169423,169423,0.27987972490554,3437,0,False,-1.0,-0.0464679441258559,-0.0492910195813639,-0.516129032258065,-0.168598997681203,0.0045460158283892,0.170324337019987,2,2.819872476404135
169424,169424,0.27963839976293,3438,0,False,-1.0,-0.0464679441258559,-0.0503693754197448,-0.511627906976744,-0.168598997681203,0.005778257619799,0.169427185499958,2,2.8032495991553565
169425,169425,0.288297864282468,3439,0,False,-1.0,-0.0450832704259912,-0.0549966465459423,-0.727272727272727,-0.140836360825539,0.0061190568905986,0.161035814013925,2,3.361870485773704
169619,169619,0.485840791973041,3440,0,False,-1.0,-0.312264051554657,-0.548476454293629,0.0,0.0,0.918888660957102,0.088388290642578,2,1.5255685491761932
169620,169620,0.468488054488504,3441,0,False,-1.0,-0.269717130031876,-0.581325301204819,0.0,0.0,0.893523364872675,0.0907802620840607,2,1.4669588041464259
169621,169621,0.466974099150555,3442,0,False,-1.0,-0.279172350812512,-0.596273291925466,0.0,0.0,0.888778940281332,0.0895880439883357,2,1.4686887091059435
169978,169978,0.273333027626852,3443,0,False,-1.0,-0.21783311375774,-0.23841059602649,0.0,0.0,0.242131148000195,0.050383604169947,2,1.0007549042251713
170006,170006,0.35944465599153,3444,1,True,,-0.309018715942197,-0.733333333333333,0.0,0.0,0.916596979847004,0.0434728718813513,1,0.9220642317221184
170007,170007,0.35919062768466,3445,1,True,,-0.309018715942197,-0.733333333333333,0.0,0.0,0.915940186801834,0.0436994957662667,1,0.92135485956945
170179,170179,0.312057672174886,3446,0,False,-1.0,-0.28734562449174,-0.0561797752808989,0.0,0.0,0.484161054403988,0.0489185995415238,2,0.7662686323752826
170619,170619,0.493241862987209,3447,3,True,,-0.492978605177895,-1.0,,,0.979786900104082,0.052314588763785,1,1.2920907880311887
170620,170620,0.497110351316691,3448,3,True,,-0.492978605177895,-1.0,,,0.993790627546899,0.0516964292978173,1,1.3062586910019156
170621,170621,0.498829767529649,3449,3,True,,-0.492978605177895,-1.0,,,1.0,0.0513974918966932,1,1.313069448505845
170622,170622,0.583333333333333,3450,3,True,,1.0,1.0,,,1.0,0.0501896298864415,4,3.2935791245138275
170623,170623,0.583333333333333,3451,3,True,,-1.0,-1.0,,,1.0,0.0492683317962311,1,1.750353211982929
170624,170624,0.583311125581309,3452,3,True,,-1.0,-1.0,,,0.999961644300399,0.0480526277066829,1,1.751087600513703
170625,170625,0.583318906873105,3453,3,True,,-1.0,-1.0,,,0.999975229925517,0.0453125297805124,1,1.7530924163869772
170626,170626,0.583333333333333,3454,3,True,,-1.0,-1.0,,,1.0,0.0445599046886931,1,1.7537250635287844
170855,170855,0.49889412285209,3455,0,False,-1.0,-0.33375650372552,-0.50261780104712,0.0,0.0,0.803408980015876,0.173706953461489,2,1.382943678865438
170856,170856,0.497132774638074,3456,0,False,-1.0,-0.321674301074648,-0.500875656742557,0.0,0.0,0.805456637044336,0.172928680665901,2,1.3777687014341415
170857,170857,0.493791937160345,3457,0,False,-1.0,-0.294080048364385,-0.505208333333333,0.0,0.0,0.807293001937961,0.171653033739004,2,1.3701676902541362
171140,171140,0.268653033618633,3458,1,True,,-0.349249827947252,-0.804878048780488,0.0,0.0,0.435809968588879,0.0040756457637666,1,1.8528189484242505
171154,171154,0.483314123365795,3459,0,False,-1.0,-0.339809116226216,-0.495559502664298,0.0,0.0,0.821779085077044,0.630473198717947,2,5.185628295070696
171225,171225,0.298152496779462,3460,0,False,0.0,0.0,-0.0209747069710056,-0.805069402534701,-0.385385121790652,0.679611931815639,0.0047504899425149,3,2.637415764142521
171359,171359,0.271728878569882,3461,0,False,-1.0,-0.112104199811965,-0.122720897615708,0.0,-0.151021775544389,0.211973103282684,0.42522170908526,2,3.381098786516006
171858,171858,0.392627983150268,3462,0,False,-1.0,-0.285631802895745,-0.267100977198697,-0.0023677979479084,0.0,0.45782037570868,0.0123123812235992,2,0.7736811366255291
171859,171859,0.286001088073404,3463,0,False,-1.0,-0.201417698976349,-0.263861055444222,-0.0024752475247524,0.0,0.122460217653081,0.0056401993994642,2,1.5349992753251493
171860,171860,0.269391119400378,3464,0,False,-1.0,-0.209056265185349,-0.273154362416107,-0.0025423728813559,0.0,0.0211065848781013,0.0138090755261842,2,1.8020525370380305
172370,172370,0.67724348776607,3465,0,False,-1.0,-0.571729810547771,-0.686327077747989,-0.725771715721464,-0.0567010309278351,0.974039918365969,0.0374502126316901,3,1.8651207085728942
172371,172371,0.709401620159035,3466,0,False,-1.0,-0.587839533517005,-0.687165775401069,-0.787895613548029,-0.281883584041857,0.98326106218167,0.0385051475502839,3,1.5412835668358145
172372,172372,0.705473976195451,3467,0,False,-1.0,-0.587839533517005,-0.687165775401069,-0.768905021173624,-0.281883584041857,0.974224614595207,0.0399578803717549,3,1.4838391023664568
172373,172373,0.704153628743116,3468,0,False,-1.0,-0.587839533517005,-0.687165775401069,-0.768905021173624,-0.281883584041857,0.96937773748324,0.0409183463051419,3,1.47537430348889
172374,172374,0.708007703256154,3469,0,False,-1.0,-0.600554392992753,-0.688829787234043,-0.798097251585624,-0.281883584041857,0.966490883218399,0.0418203046724811,3,1.5474538883565818
172509,172509,0.454795257483372,3470,0,False,-1.0,-0.194741753804048,-0.174740484429066,-0.008182601205857,0.0,0.977415793048252,0.120935640369961,2,1.6851522875776714
172534,172534,0.312634957478971,3471,0,False,0.0,-0.14640344989115,-0.237354085603113,-0.625,-0.0139675349188373,0.785552319347296,0.0433754704071062,3,2.3855880566833036
173322,173322,0.416666666666667,3472,4,True,,1.0,,,,1.0,5.52757795149779e-05,4,4.024340329017813
173548,173548,0.477362123443437,3473,0,False,-1.0,-0.243268665863658,-0.197841726618705,-0.0490307867730901,-0.0415534601246604,0.979055072362513,0.23464141706023,2,2.1309134709388307
173549,173549,0.471280171817102,3474,0,False,-1.0,-0.207922051069032,-0.216795711733174,0.0,-0.033748701973001,0.979102964190027,0.233284397306652,2,2.120214423817286
173555,173555,0.598273479512623,3475,0,False,-1.0,-0.469538071764189,-0.655270655270655,-0.965313028764805,-0.0764890282131661,1.0,0.059019797864989,3,2.2296295083162483
173556,173556,0.600368684560121,3476,0,False,-1.0,-0.469538071764189,-0.662790697674419,-0.961411764705882,-0.0764890282131661,1.0,0.0595300764650879,3,2.221553975422441
173557,173557,0.589258991103291,3477,0,False,-1.0,-0.483293199746117,-0.664723032069971,-0.945945945945946,-0.0428849902534113,1.0,0.0662300288918082,3,2.24986171408797
173558,173558,0.593217761772602,3478,0,False,-1.0,-0.500389032271095,-0.660968660968661,-0.928881179531656,-0.0399032648125756,1.0,0.0731845129666535,3,2.2009063710779446
173559,173559,0.541868905179328,3479,0,False,-1.0,-0.500389032271095,-0.659090909090909,-0.928881179531656,-0.0399032648125756,0.316358949625021,0.020096614571973,3,2.977055540234299
173560,173560,0.536629549625123,3480,0,False,-1.0,-0.500389032271095,-0.66,-0.8165548098434,-0.0432503276539974,0.346080044771874,0.0126674597763157,3,2.741344484495853
173561,173561,0.525182407455923,3481,0,False,-1.0,-0.54051838971465,-0.665714285714286,-0.722972972972973,-0.0467753366406804,0.379931160527463,0.0053306576945822,3,2.5820665520607977
173562,173562,0.495126201545343,3482,0,False,-1.0,-0.54051838971465,-0.664756446991404,-0.445945945945946,-0.0467753366406804,0.360245245747711,0.0050650357791812,2,2.151480667926806
173563,173563,0.461574912240857,3483,0,False,-1.0,-0.527466794150391,-0.664756446991404,-0.445945945945946,-0.0432503276539974,0.306258361197318,0.0036689612257044,2,2.1931109344009583
173564,173564,0.398822560061736,3484,0,False,-1.0,-0.460872466873158,-0.65819209039548,-0.437086092715232,0.0,0.0971074474109396,0.0033531158465402,2,2.4360794659076057
173958,173958,0.307297640431437,3485,0,False,-1.0,-0.0881774890595986,-0.0666666666666667,0.0,-0.31072511717673,0.384777269634989,0.0665228846151009,2,1.4938919814476914
173961,173961,0.308319209401981,3486,0,False,-1.0,-0.0881774890595986,-0.0712742980561555,0.0,-0.31072511717673,0.38294113721562,0.0676508209748474,2,1.489764671282609
173962,173962,0.384086517711719,3487,0,False,-1.0,-0.0879433872380831,-0.0976809557273366,-0.45748987854251,-0.109396233741021,0.753235804490846,0.0114461191511004,3,2.020215304504513
173963,173963,0.380060309070634,3488,0,False,-1.0,-0.0861330536537405,-0.0937940761636107,-0.45748987854251,-0.151021775544389,0.736766923008704,0.0109324677078714,3,1.9540003550879015
173964,173964,0.363349984745093,3489,0,False,-1.0,-0.0861330536537405,-0.0820256776034237,0.0,-0.187974314068885,0.628529338613498,0.0107778485052082,2,1.301110884816487
173965,173965,0.337463615271354,3490,0,False,-1.0,-0.0881774890595986,-0.0756602426837973,0.0,-0.187974314068885,0.491493463467049,0.01247350565393,2,1.2272385491470739
173969,173969,0.295197630577295,3491,0,False,-1.0,-0.210769273812622,-0.0618556701030928,0.0,0.0,0.522473085232004,0.0755263418884087,2,0.6621956056442729
174325,174325,0.313446683148398,3492,0,False,0.0,-0.368138111703759,-0.257731958762887,-0.0276930894308943,0.0,0.929982990719292,0.0003845583683536,1,0.9816547699208049
174666,174666,0.441640013802138,3493,0,False,-1.0,-0.142744645523631,-0.161327897495632,0.0,0.0,0.975968674570951,0.111704405182006,2,1.6920425902737342
174681,174681,0.490773696004646,3494,0,False,-1.0,-0.335224373109709,-0.589905362776025,-1.0,-0.279661016949153,0.35944466435577,0.0192866721113838,3,2.719606837308765
174682,174682,0.355211942816635,3495,0,False,-1.0,-0.31768655161479,-0.6125,0.0,0.0,0.079890751790201,0.0301529304746649,2,1.707154536786792
174683,174683,0.353219159403846,3496,0,False,-1.0,-0.31768655161479,-0.615384615384615,0.0,0.0,0.0679372129275566,0.0311800765882865,2,1.741312419735849
174684,174684,0.382566824065081,3497,0,False,-1.0,-0.31768655161479,-0.608024691358025,0.0,0.0,0.210759579272187,0.0231890793580308,2,1.3745096154270902
174685,174685,0.381767763098476,3498,0,False,-1.0,-0.31768655161479,-0.604361370716511,0.0,0.0,0.217956563603027,0.0231297339803592,2,1.3528629781583221
174686,174686,0.351398284687547,3499,0,False,-1.0,-0.318748825691734,-0.217391304347826,0.0,0.0,0.493479757933812,0.0182804180826621,2,0.7558521460521309
174687,174687,0.355573056605891,3500,0,False,-1.0,-0.295613757880987,-0.217391304347826,0.0,0.0,0.527644052242426,0.0203459824915553,2,0.7288828050948178
174688,174688,0.361489698735005,3501,0,False,-1.0,-0.295613757880987,-0.243697478991597,0.0,0.0,0.532302128583256,0.0214045032042565,2,0.7028840464873525
174689,174689,0.365137144948147,3502,0,False,-1.0,-0.310884594044225,-0.25,0.0,0.0,0.527464957233347,0.023794948331635,2,0.6857371045809405
174690,174690,0.356956782474815,3503,0,False,-1.0,-0.261585215459963,-0.25,0.0,0.0,0.524767419228237,0.0252899286438203,2,0.65097000617338
174691,174691,0.361899114823811,3504,0,False,-1.0,-0.261585215459963,-0.28,0.0,0.0,0.522369488612749,0.0265935295340818,2,0.6233265106487619
174692,174692,0.360576281661199,3505,0,False,-1.0,-0.261585215459963,-0.272,0.0,0.0,0.521371028921445,0.0271706955925018,2,0.6214019141540124
174693,174693,0.345425225680431,3506,0,False,-1.0,-0.178705083636069,-0.264,0.0,0.0,0.520168879645752,0.0278518670766798,2,0.6404974160943603
175469,175469,0.29530592840705,3507,1,True,-1.0,-0.21196502028049,-0.559870550161812,0.0,0.0,,0.0,2,1.995064990301925
175557,175557,0.26274693956339,3508,3,True,,-0.695688146837634,0.0,,,0.741954711948338,0.0209261579960457,1,1.376739565938282
175558,175558,0.260264267974531,3509,3,True,,-0.695688146837634,0.0,,,0.744720230024784,0.0187084131095632,1,1.379466184861588
175649,175649,0.446810387406663,3510,0,False,-1.0,-0.145026991404508,-0.211267605633803,0.0,0.0,0.953664588560961,0.0300852914785266,2,1.675962319568889
175650,175650,0.349881803193587,3511,0,False,-1.0,-0.240722659077691,-0.387341772151899,0.0,0.0,0.286586084516799,0.0009760344569139,2,1.1309871418622217
175651,175651,0.264277348841495,3512,1,True,-1.0,-0.1649323857319,-0.420731707317073,0.0,0.0,,0.0,2,1.9390459877010537
175652,175652,0.347818257108436,3513,0,False,-1.0,-0.22123082713298,-0.397590361445783,0.0,0.0,0.362632381227847,0.229931065628364,2,1.4182726486244048
175653,175653,0.34261424026245,3514,0,False,-1.0,-0.189112288731971,-0.4,0.0,0.0,0.362508243490032,0.229036803968397,2,1.417407645711856
176369,176369,0.34165118485351,3515,0,False,-1.0,-0.152589240371024,-0.485815602836879,0.0,0.0,0.370111703843567,0.138155102018022,2,0.8027187905508915
176474,176474,0.295764706501407,3516,1,True,0.0,-0.26118093600515,-0.376543209876543,,0.0,0.676827730306577,0.0016256290902176,1,1.221262458414221
176475,176475,0.259400562963779,3517,1,True,0.0,-0.27733526051825,-0.395209580838323,,0.0,0.547250677546373,0.0015568623438543,1,1.4835186999118783
176498,176498,0.48498376988343,3518,0,False,-1.0,-0.19135262153863,-0.185362927414517,-0.217654171704958,-0.0415534601246604,0.986435129822619,0.157025580286781,2,1.9322929220562757
176499,176499,0.487786307086477,3519,0,False,-1.0,-0.213924223405463,-0.189903846153846,-0.189917936694021,-0.0415534601246604,0.986432917638168,0.15845084387452,2,1.8947942829773143
176500,176500,0.932354298859971,3520,0,False,1.0,1.0,1.0,-1.0,-1.0,1.0,0.172493220935682,4,2.911503465501945
176501,176501,0.947015966213164,3521,0,False,1.0,1.0,1.0,-1.0,-1.0,1.0,0.170538854344483,4,2.9074218717527307
176643,176643,0.265323705198947,3522,0,False,-1.0,-0.202034609732327,-0.196969696969697,0.0,0.0,0.181248701038005,0.0102640999178561,2,1.3720790435492467
176644,176644,0.258943737781167,3523,0,False,-1.0,-0.202034609732327,-0.196969696969697,0.0,0.0,0.152779185926611,0.0094556057925251,2,1.454635974412611
176646,176646,0.251640195752011,3524,0,False,-1.0,-0.174321797931393,-0.192307692307692,0.0,0.0,0.149276786984512,0.0089020057613183,2,1.4764982936025783
176650,176650,0.411267279995544,3525,0,False,-1.0,-0.202034609732327,-0.198473282442748,0.0,0.0,0.802758352919156,0.0170116412194039,2,1.270928960093558
176651,176651,0.418871641668646,3526,0,False,-1.0,-0.257175682524112,-0.198473282442748,0.0,0.0,0.795211674936056,0.0175968655083336,2,1.243236526209216
176652,176652,0.415291811625079,3527,0,False,-1.0,-0.257175682524112,-0.194029850746269,0.0,0.0,0.782939467549231,0.0185505637303687,2,1.2079845479058502
176653,176653,0.413385864949969,3528,0,False,-1.0,-0.257175682524112,-0.194029850746269,0.0,0.0,0.774700875173828,0.0192419177114646,2,1.182539392726736
176791,176791,0.450827956676614,3529,0,False,-1.0,-0.344132889148801,-0.319327731092437,0.0,-0.0024911032028469,0.727705831496859,0.0323841720671413,2,0.9770009819948628
176792,176792,0.458102039169322,3530,0,False,-1.0,-0.393640786864176,-0.336065573770492,0.0,-0.0024911032028469,0.714431549514236,0.0345030978591474,2,0.9756026668749501
176793,176793,0.465014962551048,3531,0,False,-1.0,-0.425367923214295,-0.352,0.0,-0.0024911032028469,0.71023525703538,0.0351708794023469,2,0.9999889423418992
176794,176794,0.446314841991843,3532,0,False,-1.0,-0.359433095039208,-0.354330708661417,0.0,0.0,0.682273581400666,0.0409531886819361,2,0.8334551442296075
176795,176795,0.431600862547318,3533,0,False,-1.0,-0.326844296554323,-0.321167883211679,0.0,0.0,0.668703132822393,0.0444000579686599,2,0.7510657556421046
176796,176796,0.426058736639922,3534,0,False,-1.0,-0.326844296554323,-0.307142857142857,0.0,0.0,0.656704530663618,0.0479526134837313,2,0.7035394157268471
176797,176797,0.427389886188499,3535,0,False,-1.0,-0.340041618758692,-0.307142857142857,0.0,0.0,0.653394926670087,0.049009938633951,2,0.7013569523199054
176861,176861,0.6002928239052,3536,0,False,-1.0,-0.521242199630856,-0.445930880713489,-0.556430446194226,-0.237833969465649,0.902759825333961,0.0038514222285711,3,1.3047756432735043
176862,176862,0.616229862604991,3537,0,False,-1.0,-0.516497362066106,-0.443507588532884,-0.294930875576037,-0.545616155870014,0.949241948147705,0.0058693354005093,3,1.7497998492630737
176863,176863,0.619493691733389,3538,0,False,-1.0,-0.488573828466347,-0.44029428409734,-0.260869565217391,-0.506449370510543,0.98001007463592,0.0217584131940503,3,1.677259288394893
176864,176864,0.600017698057407,3539,0,False,-1.0,-0.504158842811964,-0.440045248868778,-0.155619596541787,-0.451379492911348,0.956733671511977,0.0099844141153039,3,1.9367805568422565
176865,176865,0.667727709581286,3540,0,False,-1.0,-0.521242199630856,-0.449469570072585,-0.6175,-0.545616155870014,0.994616761887795,0.0171305899198785,3,1.4666701523194923
176866,176866,0.678671775329026,3541,0,False,-1.0,-0.555694181888038,-0.455717488789238,-0.673773987206823,-0.545616155870014,0.994803945898491,0.0220226848738417,3,1.5114582224387116
176867,176867,0.680844563293752,3542,0,False,-1.0,-0.563760695304918,-0.458473625140292,-0.673773987206823,-0.545616155870014,0.995243128823039,0.0246945944474485,3,1.5015547234118034
176868,176868,0.660369627667904,3543,0,False,-1.0,-0.563760695304918,-0.460806270996641,-0.562686567164179,-0.451379492911348,0.995411858091628,0.0269347169761837,3,1.2079851382212865
176869,176869,0.66056742366764,3544,0,False,-1.0,-0.563760695304918,-0.462486002239642,-0.562686567164179,-0.451379492911348,0.995301190679591,0.028600313816615,3,1.1966529802949522
177587,177587,0.273301279668829,3545,0,False,0.0,-0.336939127707056,-0.32258064516129,0.0,0.0,0.862906636184807,0.146891715024359,1,1.087902460987073
177789,177789,0.705995211132306,3546,0,False,-1.0,-0.614768086411712,-0.502322880371661,-0.711111111111111,-0.767233043238016,0.982886491965575,0.026805641176363,3,2.2332123266006914
177790,177790,0.704277916470974,3547,0,False,-1.0,-0.598951946330681,-0.502645502645503,-0.711111111111111,-0.767233043238016,0.98381456621828,0.0236711916428932,3,2.237003498151826
177791,177791,0.704474229497671,3548,0,False,-1.0,-0.598951946330681,-0.505624629958555,-0.702702702702703,-0.767233043238016,0.984070137291876,0.0234395507896847,3,2.229436131513575
177792,177792,0.702701984757218,3549,0,False,-1.0,-0.598951946330681,-0.509231685527099,-0.672480620155039,-0.767233043238016,0.983951160826782,0.0201194291220708,3,2.2141513487089486
177793,177793,0.695517138524457,3550,0,False,-1.0,-0.590072580187605,-0.523982999392835,-0.629385964912281,-0.617001932037732,0.993212844814407,0.012011999967305,3,1.7397298741870812
177794,177794,0.679736088554905,3551,0,False,-1.0,-0.587732404623719,-0.533374157991427,-0.369175627240143,-0.617001932037732,0.994045440350394,0.0103745325330048,3,1.8413413859441272
177795,177795,0.670959853973377,3552,0,False,-1.0,-0.589361330776653,-0.538414259373079,-0.217777777777778,-0.617001932037732,0.993389541204706,0.0094871666323251,3,2.1235293190373836
177796,177796,0.664110242182362,3553,0,False,-1.0,-0.576123028896717,-0.536069651741294,-0.217777777777778,-0.617001932037732,0.986845251478211,0.0100056213296472,3,2.109791645131358
177817,177817,0.35141414774428,3554,1,True,,-0.349249827947252,-0.8,0.0,0.0,0.890774019106074,0.153018524866065,1,1.2727433725217148
178424,178424,0.358763194574386,3555,0,False,-1.0,-0.242130785217114,-0.558730158730159,0.0,0.0,0.25027400666122,0.0392034653609697,2,1.1394856749435776
178880,178880,0.371190964440152,3556,0,False,-1.0,-0.0393940692421166,-0.416974169741697,0.0,0.0,1.0,0.0573111638616209,2,1.8147182902893393
178881,178881,0.372488951879611,3557,0,False,-1.0,-0.0383408817174427,-0.428044280442804,0.0,0.0,1.0,0.0572290562848077,2,1.8189652037984334
178885,178885,0.567043241885291,3558,3,True,,-1.0,-1.0,,,0.985212641188487,0.0007521929679162,1,1.8249951559560744
178886,178886,0.333333333333333,3559,4,True,,-1.0,-1.0,,,,0.0,1,3.476424882967661
179096,179096,0.337328265485012,3560,0,False,-1.0,-0.243110862944705,-0.263093788063337,-0.0162932790224033,-0.0006490134994807,0.0553554437950251,0.0264816474484114,2,1.6476549747491624
179097,179097,0.362889154748313,3561,0,False,-1.0,-0.262845612578114,-0.265382224984462,0.0,-0.0006490134994807,0.200763007169982,0.0247360388710353,2,1.2161592944308903
179659,179659,0.395400060202277,3562,0,False,-1.0,-0.198743045026919,-0.258025439127801,0.0,0.0,0.542931376589895,0.0182698956306565,2,0.7241621164102101
179660,179660,0.367145716315882,3563,0,False,-1.0,-0.258977197444729,-0.256253813300793,0.0,0.0,0.360815387952465,0.0228810458863911,2,0.8239114254313217
179663,179663,0.319113112388845,3564,1,True,,-0.329812432356164,-0.758620689655172,0.0,0.0,0.77050012492241,0.0034328154860952,1,1.1093901280904053
179889,179889,0.303289704750337,3565,1,True,,-0.287496832036626,-0.733333333333333,0.0,0.0,0.725139063492096,0.0589760218206992,1,1.0689640341146442
179894,179894,0.275681282162851,3566,1,True,-1.0,-0.109259679290158,-0.0568181818181818,,0.0,0.440306906650919,0.0049324485351063,2,1.103111831107222
179896,179896,0.266269682424793,3567,1,True,-1.0,-0.109259679290158,-0.043010752688172,,0.0,0.479315019132962,0.0626785899853587,2,0.812337387797558
179897,179897,0.265659939491739,3568,1,True,-1.0,-0.116269785531994,-0.0779220779220779,,0.0,0.490296679717003,0.0453965340785342,2,0.8041882386758867
179979,179979,0.493026971187675,3569,0,False,-1.0,-0.408712819794294,-0.584569732937685,0.0,0.0,0.557227385341255,0.0366153967700043,2,0.9287379048679484
180851,180851,0.342986431788373,3570,1,True,,-0.41521658101708,-0.583333333333333,0.0,0.0,0.812088593322163,0.175523335055963,1,1.1965953208015117
180852,180852,0.344200240848592,3571,1,True,,-0.376435524767898,-0.622222222222222,0.0,0.0,0.814532478124783,0.17344796031805,1,1.2322388713179566
180853,180853,0.378435891381641,3572,1,True,,-0.547320670135886,-0.634146341463415,0.0,0.0,0.82226081940786,0.167415127595374,1,1.0962177691451207
180854,180854,0.339833718342913,3573,1,True,,-0.616011933839471,-0.285714285714286,0.0,0.0,0.837239910607932,0.158727920686446,1,1.0843189014043462
180855,180855,0.353054144799031,3574,1,True,,-0.571456036717729,-0.325581395348837,0.0,0.0,0.865068639404332,0.150962196306149,1,0.9626442046283318
180856,180856,0.33744404365367,3575,2,True,,-0.521091802922499,-0.186046511627907,,0.0,0.84957582173441,0.172099359159028,1,1.291790771276547
180857,180857,0.416457287342209,3576,1,True,,-0.530616074767925,-0.181818181818182,-1.0,-0.183807439824945,0.854284933703954,0.17284404669761,3,2.5158185138490063
180858,180858,0.342122155046481,3577,1,True,,-0.41521658101708,-0.577319587628866,0.0,0.0,0.787325684612056,0.185209560041945,1,1.2924192979559337
180871,180871,0.284880799822677,3578,0,False,-1.0,-0.326844296554323,-0.23972602739726,0.0,0.0,0.0768543834092267,0.0101278199709636,2,1.6658754250113135
180872,180872,0.285051641755394,3579,0,False,-1.0,-0.326844296554323,-0.263513513513513,0.0,0.0,0.0552291826400143,0.0103835173948618,2,1.7238657660508676
180873,180873,0.294055580755981,3580,0,False,-1.0,-0.340041618758692,-0.296774193548387,0.0,0.0,0.0593322682978082,0.0101254697814647,2,1.7124619414983668
180874,180874,0.356262060079713,3581,0,False,-1.0,-0.292914814132031,-0.185714285714286,0.0,0.0,0.508621350586728,0.0185794405050112,2,0.7667900169987371
181704,181704,0.540738911648882,3582,0,False,-1.0,-0.390664936061076,-0.580046403712297,0.0,0.0,0.896109164358585,0.241044734333553,2,2.0768662897590113
181705,181705,0.513182061704363,3583,0,False,-1.0,-0.373692076772068,-0.565217391304348,0.0,0.0,0.846720856768872,0.205701821363708,2,1.7312621506498678
181706,181706,0.514940245194898,3584,0,False,-1.0,-0.373692076772068,-0.571759259259259,0.0,0.0,0.848157491617965,0.205690153049815,2,1.739580957775962
181707,181707,0.468344275105819,3585,0,False,-1.0,-0.373692076772068,-0.571759259259259,0.0,0.0,0.52529727874282,0.0068630597873839,2,1.0390543070745573
181708,181708,0.484985029317318,3586,0,False,-1.0,-0.373692076772068,-0.569124423963134,-0.146341463414634,0.0,0.569988191519463,0.0598467311583551,2,0.8879324815555288
181800,181800,0.309704324018762,3587,0,False,0.0,-0.245629038095682,-0.0594059405940594,-0.0391705069124424,0.0,0.993857643006534,0.0044773335563207,1,1.4810663944241549
182290,182290,0.385183896969185,3588,1,True,,-0.673508047752494,-0.588235294117647,0.0,0.0,0.836315239462264,0.0955529331074234,1,0.5889403124762592
182370,182370,0.349390512163873,3589,0,False,-1.0,-0.318748825691734,-0.217391304347826,0.0,0.0,0.483029724917581,0.0130291133414538,2,0.8016172827688783
182371,182371,0.349052780531211,3590,0,False,-1.0,-0.318748825691734,-0.217391304347826,0.0,0.0,0.484819431797147,0.0106339041318088,2,0.8210284042996797
182372,182372,0.343685727826205,3591,0,False,-1.0,-0.287741261600142,-0.217391304347826,0.0,0.0,0.485687830175045,0.0095703793359909,2,0.8145362221931362
182373,182373,0.336584842140114,3592,0,False,-1.0,-0.264084487487222,-0.20353982300885,0.0,0.0,0.487913608219827,0.0049075661612687,2,0.8582045274571058
182374,182374,0.32898244351395,3593,0,False,-1.0,-0.264084487487222,-0.160377358490566,0.0,0.0,0.488943858333952,0.0033035627862587,2,0.9100030651364969
182375,182375,0.329076154112112,3594,0,False,-1.0,-0.264084487487222,-0.161904761904762,0.0,0.0,0.489161876603969,0.0027286208484941,2,0.9131863405314841
182376,182376,0.328907978423082,3595,0,False,-1.0,-0.264084487487222,-0.161904761904762,0.0,0.0,0.489562659819505,0.0020126057373585,2,0.9190306996711609
182377,182377,0.33003800513887,3596,0,False,-1.0,-0.273157102470609,-0.161904761904762,0.0,0.0,0.49041196393883,0.0008171825621432,2,0.9304140645525115
183029,183029,0.745201171636821,3597,1,True,-1.0,-1.0,-1.0,,-1.0,0.987732621693975,0.0052793122779157,3,4.182694031984176
183030,183030,0.745099277174967,3598,1,True,-1.0,-1.0,-1.0,,-1.0,0.987652344362001,0.0049484211280334,3,4.183467116027654
183031,183031,0.744898732897106,3599,1,True,-1.0,-1.0,-1.0,,-1.0,0.987515903554166,0.0042344364861092,3,4.185154634052784
183032,183032,0.744187671274805,3600,1,True,-1.0,-1.0,-1.0,,-1.0,0.987104548158214,0.0008625808773873,3,4.193334447160653
183033,183033,0.507261449231481,3601,2,True,-1.0,-1.0,-1.0,,-1.0,,0.0,3,5.116261121724014
183318,183318,0.595167800554547,3602,2,True,,-1.0,-1.0,-0.747474747474748,,1.0,0.0117746900681578,3,3.1759980644620986
183319,183319,0.599688635197745,3603,2,True,,1.0,1.0,-1.0,,1.0,0.012654903658002,4,3.3495713295477927
183320,183320,0.600462684735066,3604,2,True,,1.0,1.0,-1.0,,1.0,0.0139494279495565,4,3.3465980398183395
183321,183321,0.307901657922863,3605,2,True,,-0.331828453703155,0.0,-0.149253731343284,,1.0,0.0142664412332303,1,1.5450889661512401
183322,183322,0.290886512457911,3606,2,True,,-0.331828453703155,0.0,-0.136986301369863,,0.936552714755788,0.0153137764189966,1,1.481953624557903
183323,183323,0.286605557229787,3607,2,True,,-0.331828453703155,0.0,-0.136986301369863,,0.920436846744016,0.0155606490676744,1,1.4747010239132976
183386,183386,0.29757668722809,3608,0,False,0.0,-0.0703568312372116,-0.0352941176470588,-0.46294964028777,0.0,1.0,0.0059299535735244,1,2.495005862824254
183879,183879,0.372865538428374,3609,0,False,-1.0,-0.259757891863267,-0.267320662170448,-0.0098522167487684,-0.213077872124247,0.335354288111829,0.0002157213741189,2,1.2948805906097616
183880,183880,0.368437739675065,3610,0,False,-1.0,-0.281537686349415,-0.256707317073171,-0.121359223300971,-0.213077872124247,0.164808754709691,0.0234249313071432,2,1.5812566568666035
184530,184530,0.328385504956356,3611,1,True,,-0.349249827947252,-0.783783783783784,0.0,0.0,0.769965013646,0.0041989471851508,1,1.1165171007048218
184841,184841,0.422609772179928,3612,1,True,-1.0,-0.294080048364385,-0.490125673249551,,0.0,0.425184824709673,0.0245278991716635,2,0.7976451398726983
185102,185102,0.504239455695653,3613,0,False,-1.0,-0.334119581741555,-0.221966647498562,-0.126984126984127,-0.0562893720788458,0.966208181499876,0.0375659412183643,2,1.7232039908820476
185103,185103,0.5028513092236,3614,0,False,-1.0,-0.334119581741555,-0.216435185185185,-0.126829268292683,-0.0562893720788458,0.965657175121642,0.038125296436264,2,1.7217826435982209
185104,185104,0.482403474390988,3615,0,False,-1.0,-0.270098595930024,-0.202780996523754,-0.0084557187360925,-0.0562893720788458,0.966668571987507,0.039726564407058,2,1.6718567310009718
185105,185105,0.562268226608631,3616,0,False,-1.0,-0.338219356593146,-0.260571428571429,-0.188642925890279,-0.0882956878850103,0.996275341533189,0.195572190412255,3,2.0566030156616417
185106,185106,0.526301103060049,3617,0,False,-1.0,-0.306622302529959,-0.241695303550974,-0.0983463881636205,-0.0648256494266323,0.996443447063721,0.186664817963315,2,1.9451628905400813
185107,185107,0.561414740306955,3618,0,False,-1.0,-0.374949424767038,-0.271322266742988,-0.132863340563991,-0.0882956878850103,0.985488755705402,0.131098494921359,2,1.7844393140171926
185108,185108,0.569373490218048,3619,0,False,-1.0,-0.403208601561911,-0.277142857142857,-0.240671641791045,-0.0528760759666621,0.984421833943497,0.132858602812034,3,1.8756118988052555
185620,185620,0.404158768842401,3620,0,False,-1.0,-0.206717104198346,-0.584192439862543,0.0,0.0,0.823015253301186,0.0910951947595057,2,1.2600240861361427
185621,185621,0.394553836161106,3621,0,False,-1.0,-0.184452183749592,-0.57243816254417,0.0,0.0,0.80870135308821,0.0930199569633944,2,1.2111555921618875
185622,185622,0.379417570493749,3622,1,True,-1.0,-0.184452183749592,-0.578754578754579,,0.0,0.581824682329365,0.234465683093871,2,1.52025446873498
185985,185985,0.485249279506198,3623,0,False,-1.0,-0.213327545322495,-0.211995249406176,-0.256392536281963,-0.408681911951894,0.655260766084186,0.236487130106811,3,1.9382396027210025
186443,186443,0.555901380171325,3624,0,False,-1.0,-0.276916793451502,-0.204918032786885,-0.285582255083179,-0.322697056030389,0.97405388415422,0.0143388267137726,3,1.667893212591686
186444,186444,0.523300925689602,3625,0,False,-1.0,-0.262541901656207,-0.201073985680191,-0.206024744486283,-0.158962264150943,0.973509063565758,0.0069538591016993,2,1.998668283445789
187033,187033,0.306116884086551,3626,0,False,-1.0,-0.270637150732329,-0.0561797752808989,0.0,0.0,0.516868451714385,0.0124127724360748,2,0.9745009393185997
187036,187036,0.311745260138531,3627,0,False,-1.0,-0.28734562449174,-0.0666666666666667,0.0,0.0,0.51740413674006,0.0230217634904918,2,0.8915110587915458
187037,187037,0.311829902033877,3628,0,False,-1.0,-0.28734562449174,-0.0666666666666667,0.0,0.0,0.517432200789097,0.0236883456514083,2,0.8872075391163192
187140,187140,0.398366357965442,3629,3,True,,-0.61828224521704,-0.967741935483871,,,0.69598426798101,0.003567681603662,1,1.4261107676961429
187141,187141,0.395947868106441,3630,3,True,,-0.61828224521704,-0.967213114754098,,,0.688078882516816,0.0025108576560003,1,1.4406316564473853
187142,187142,0.394805925050765,3631,3,True,,-0.61828224521704,-0.983606557377049,,,0.673550632446632,0.0016413753311215,1,1.4960888969704635
187143,187143,0.378027787091677,3632,3,True,,-0.61828224521704,-0.983870967741935,,,0.604740660377379,0.0006484421698155,1,1.621021419982873
187144,187144,0.43248559145969,3633,3,True,,-0.61828224521704,-0.984126984126984,,,0.757963461210277,2.5870017179313e-05,1,1.394483971350766
187145,187145,0.509663936378914,3634,3,True,,-0.61828224521704,-0.984615384615385,,,0.991132016953857,0.0001746085579156,1,1.3915189737532008
187146,187146,0.432092546062166,3635,3,True,,-0.666937411432173,-0.984615384615385,,,0.775413719220284,0.0010437417416402,1,1.397064685182205
187147,187147,0.423186844971196,3636,3,True,,-0.666937411432173,-0.985294117647059,,,0.746070913503629,0.0022571988334154,1,1.4217451403391173
187528,187528,0.335233261568862,3637,0,False,-1.0,-0.174321797931393,-0.192307692307692,0.0,0.0,0.532461823141088,0.0326671684050787,2,0.6689153638784661
187529,187529,0.336083640328512,3638,0,False,-1.0,-0.174321797931393,-0.192307692307692,0.0,0.0,0.535582117399698,0.0326655039264778,2,0.6705320561047734
187530,187530,0.342718097013672,3639,0,False,-1.0,-0.202034609732327,-0.198473282442748,0.0,0.0,0.53865470749563,0.0331000255089938,2,0.6464051182447352
187658,187658,0.384015501017929,3640,0,False,-1.0,-0.260432613767424,-0.516883116883117,0.0,0.0,0.460446578458302,0.044512739567189,2,0.6581312121584785
187659,187659,0.370399505917518,3641,0,False,-1.0,-0.178022970876478,-0.473969631236443,0.0,0.0,0.51531929599518,0.0423046021736589,2,0.61354046041136
188119,188119,0.350465006982541,3642,0,False,-1.0,-0.202554770323761,-0.419287211740042,0.0,0.0,0.359081296376638,0.25568342821835,2,1.6550063361437595
188440,188440,0.279735954301859,3643,3,True,,-0.406554005062545,-0.833333333333333,,,0.500007761936708,0.0428646387549765,1,1.5933284608830103
188441,188441,0.279008566333936,3644,3,True,,-0.406554005062545,-0.833333333333333,,,0.496310925878109,0.0422492535811612,1,1.6040737986959146
188442,188442,0.250824734576052,3645,3,True,,-0.360677684448623,-0.714285714285714,,,0.493120948569211,0.041590268509343,1,1.5278237384260454
189201,189201,0.289661894737387,3646,0,False,0.0,-0.264184562193286,-0.251366120218579,0.0,-0.149723521905572,0.6514818647794,0.0902649691327258,1,1.3777942038935875
189797,189797,0.848090379548856,3647,0,False,1.0,1.0,1.0,-1.0,-1.0,1.0,0.0031484845691704,4,2.9808278653760003
189798,189798,0.626183911327642,3648,0,False,-1.0,-0.541197087349307,-0.622837370242215,0.0,-0.015625,1.0,0.0017956753724834,1,1.7889617043961292
189799,189799,0.475988630132501,3649,0,False,-1.0,-0.506715399968191,-0.620689655172414,0.0,-0.015625,0.377643913051993,0.0202180465159215,2,1.254092543612216
189800,189800,0.475698056547408,3650,0,False,-1.0,-0.506715399968191,-0.618556701030928,0.0,-0.015625,0.377650518844268,0.0213301392827695,2,1.2459790825226025
189801,189801,0.478865004529863,3651,0,False,-1.0,-0.436797485654989,-0.614583333333333,0.0,-0.015625,0.377400157650305,0.0227759384396811,2,1.1433576221574313
189802,189802,0.447615588601355,3652,0,False,-1.0,-0.445482589846938,-0.593548387096774,0.0,0.0,0.376581173862001,0.0317903685781011,2,1.0875511486502876
189803,189803,0.444785007493097,3653,0,False,-1.0,-0.426102338130865,-0.595015576323987,0.0,0.0,0.375869671463481,0.0332260595655839,2,1.0604734358997625
189804,189804,0.447237564122143,3654,0,False,-1.0,-0.426102338130865,-0.593167701863354,0.0,0.0,0.354718068122656,0.0019142109905725,2,1.2564197076103485
189805,189805,0.339204363265088,3655,1,True,-1.0,-0.445482589846938,-0.58974358974359,0.0,0.0,,0.0,2,2.081252364508539
189997,189997,0.335661134431323,3656,0,False,-1.0,-0.071681790399849,-0.0601700457815566,-0.727272727272727,-0.262478425957887,0.0584216278426196,0.0223600996583762,3,3.317254083489769
189998,189998,0.363493590496306,3657,0,False,-1.0,-0.0738202054483714,-0.0571240971766251,-0.727272727272727,-0.262478425957887,0.375638314033833,0.018406142353906,3,2.5082692953789634
189999,189999,0.341377710592919,3658,0,False,-1.0,-0.0464679441258559,-0.0567282321899736,-0.727272727272727,-0.140836360825539,0.40315666417119,0.0203256464526093,3,2.6023493026647495
190134,190134,0.616551631562949,3659,0,False,-1.0,-0.458640241074101,-0.362001124227094,-0.478696741854637,-0.0398435086996808,0.975386798144687,0.013784395674861,3,1.8023682286979477
190135,190135,0.533110810637292,3660,0,False,-1.0,-0.465484600308859,-0.366873940079141,-0.367729831144465,-0.0398435086996808,0.726563087102733,0.0010675968839455,2,1.8063319031764293
190136,190136,0.610291190454497,3661,0,False,-1.0,-0.458640241074101,-0.361142217245241,-0.542274052478134,-0.0398435086996808,0.955457785898099,0.0275034416485943,3,1.7045239227894708
190137,190137,0.607007823392066,3662,0,False,-1.0,-0.458640241074101,-0.37037037037037,-0.576086956521739,-0.0398435086996808,0.949308591618376,0.0219923307411302,3,1.7301882112507916
190138,190138,0.60485940651134,3663,0,False,-1.0,-0.47500359793441,-0.389291689905187,-0.46685878962536,-0.0398435086996808,0.94862730741217,0.0210415295088959,3,1.75181014750749
190142,190142,0.47041042490621,3664,0,False,-1.0,-0.17623264860581,-0.192307692307692,-0.0088619402985074,-0.0369678366475377,0.980618657351863,0.0617595476334676,2,1.6813628347226128
190143,190143,0.507646736532984,3665,0,False,-1.0,-0.310981312282157,-0.209154113557358,-0.126984126984127,-0.0562893720788458,0.980703008388916,0.0650737587995248,2,1.713252012348575
190539,190539,0.605144017881398,3666,0,False,-1.0,-0.469538071764189,-0.649425287356322,-0.961411764705882,-0.123983739837398,0.644501519350517,0.0241251990776238,3,2.309303140784275
190868,190868,0.33802420085746,3667,0,False,-1.0,-0.135491616749843,-0.456666666666667,0.0,0.0,0.302482624644808,0.0107755907429781,2,1.102013277541642
191227,191227,0.634663026227603,3668,0,False,-1.0,-0.567320790536989,-0.489402697495183,-0.263598326359833,-0.760108200455581,0.955166748886883,0.0049429954604739,3,2.4129124872111722
191228,191228,0.637434856669842,3669,0,False,-1.0,-0.567320790536989,-0.526086956521739,-0.272727272727273,-0.617001932037732,0.948062277560803,0.0041431962870143,3,1.9947574136232173
191229,191229,0.661118917123454,3670,0,False,-1.0,-0.576123028896717,-0.531795511221945,-0.217777777777778,-0.617001932037732,0.990353126491384,0.0009648803439823,3,2.1538857166826855
191329,191329,0.443077933770994,3671,0,False,-1.0,-0.33432001134184,-0.554794520547945,0.0,0.0,0.624870776898139,0.295647429725404,2,2.0607510185047455
191330,191330,0.443172326550158,3672,0,False,-1.0,-0.33432001134184,-0.551569506726457,0.0,0.0,0.627297950202912,0.294951781029379,2,2.0543696905846183
191463,191463,0.429915005206661,3673,0,False,-1.0,-0.11915525461577,-0.142769230769231,0.0,0.0,0.97032784662538,0.0293146739033895,2,1.773298165952462
191464,191464,0.436335052143016,3674,0,False,-1.0,-0.1545320262835,-0.147186147186147,0.0,0.0,0.970190963382556,0.0282181629545383,2,1.7590955861828979
191465,191465,0.444956432398764,3675,0,False,-1.0,-0.212396023111221,-0.146448774355751,0.0,0.0,0.969676659760654,0.0203980417448301,2,1.769561030002119
191466,191466,0.435879796007098,3676,0,False,-1.0,-0.153681890803486,-0.151882578174856,0.0,0.0,0.969455353583549,0.0197597608127789,2,1.7817785085953737
191467,191467,0.436304368719146,3677,0,False,-1.0,-0.153681890803486,-0.154731457800512,0.0,0.0,0.969403848973078,0.0191050029544906,2,1.7823443221934667
191641,191641,0.567062376225573,3678,0,False,-1.0,-0.23094203061867,-0.196845794392523,-0.505202726946537,-0.267854327605234,0.986372497189311,0.0071251738796631,3,1.50379266114201
191642,191642,0.569348193068489,3679,0,False,-1.0,-0.23094203061867,-0.192622950819672,-0.505202726946537,-0.267854327605234,0.991471604981492,0.0072301558726639,3,1.5117943687099338
191859,191859,0.314537005099853,3680,0,False,0.0,-0.0830442436992012,-0.0445544554455446,0.0,-0.338235294117647,0.985150290308398,0.102116035525946,1,2.1882408245582257
191860,191860,0.282475794967004,3681,0,False,0.0,-0.0564464536622229,-0.0582765034097954,0.0,-0.129468232916509,0.983565332936479,0.100748892712328,1,1.8013751477209972
191861,191861,0.491825819084103,3682,0,False,-1.0,-0.124380244254269,-0.131628197130381,-0.239035087719298,-0.341885269530124,0.975889817731362,0.137324609771458,3,1.6980666771370414
191862,191862,0.490420741255299,3683,0,False,-1.0,-0.0685863980730786,-0.114826498422713,-0.380753138075314,-0.396670190274841,0.976425000396601,0.132484601238939,3,1.5048193282060738
191863,191863,0.377133000348472,3684,0,False,-0.345303878319584,-0.0525404403476062,-0.104232469993683,-0.380753138075314,-0.396670190274841,0.976989791548477,0.13578457263685,3,1.6822679411423116
191864,191864,0.349234668361298,3685,0,False,-0.345303878319584,-0.0169733844756542,-0.0895806861499365,-0.105431309904153,-0.313424947145877,0.977754232603041,0.133452828683053,1,2.2943284416400886
191865,191865,0.285306866955982,3686,0,False,0.0,-0.0054152729562626,-0.0696324951644101,-0.0574162679425837,-0.313424947145877,0.978815858059991,0.134642416955063,1,2.2941465565866417
191866,191866,0.293352375070356,3687,0,False,0.0,-0.0454464759621343,-0.0760938490805327,-0.0536512667660209,-0.313424947145877,0.979655483928618,0.135714542871514,1,2.2265671740860036
191867,191867,0.298595164810747,3688,0,False,0.0,-0.0948534052999783,-0.0747957259585167,-0.0044709388971684,-0.313424947145877,0.9801328715005,0.137244831420942,1,2.1525568246247286
191868,191868,0.299414375750327,3689,0,False,0.0,-0.0948534052999783,-0.0741206030150754,-0.0044709388971684,-0.313424947145877,0.97970713622876,0.0969406735857817,1,2.0602219740498495
191869,191869,0.261768103003403,3690,0,False,0.0,-0.0899517889618947,-0.0664993726474278,0.0,0.0,0.975196184940063,0.0437355934954891,1,1.6310750478156273
191870,191870,0.307594591855426,3691,0,False,0.0,-0.0830442436992012,-0.0610591900311526,0.0,-0.283305693753455,0.977198254695779,0.0458347957664335,1,1.994227990810842
191871,191871,0.315763650414452,3692,0,False,0.0,-0.0976281346761364,-0.0570365778053317,0.0,-0.338235294117647,0.979592588042869,0.0449607048805765,1,2.1215783119873115
192147,192147,0.321278933886731,3693,0,False,-1.0,-0.19742774790046,-0.252427184466019,0.0,0.0,0.263579632933534,0.0033043139783612,2,1.1777981504459525
192148,192148,0.309633767412022,3694,0,False,-1.0,-0.204346104805331,-0.246817538896747,0.0,0.0,0.178336263944424,0.0006399955227485,2,1.409669626886648
192149,192149,0.261674700029604,3695,0,False,-1.0,-0.204346104805331,-0.248571428571429,0.0,0.0,0.0101914990664098,0.0003447981506917,2,1.8935365130838633
192852,192852,0.361818028674337,3696,1,True,-1.0,-0.0649169242069723,-0.169741697416974,,0.0,1.0,0.0607900287394876,2,1.814777167954707
192853,192853,0.393326453391851,3697,1,True,-1.0,-0.104872932823422,-0.365448504983389,,0.0,1.0,0.0577352714509072,2,1.7606492168912597
192854,192854,0.391408911018263,3698,1,True,-1.0,-0.105320059458564,-0.405228758169935,,0.0,1.0,0.0626072403236035,2,1.7609989645606727
192855,192855,0.397882831006904,3699,1,True,-1.0,-0.13402845050381,-0.429508196721311,,0.0,1.0,0.0611844335687814,2,1.7562702658421994
192856,192856,0.404152212188869,3700,1,True,-1.0,-0.14044637089983,-0.501628664495114,,0.0,1.0,0.0598010832482838,2,1.7874570146743156
192857,192857,0.435290806512247,3701,0,False,-1.0,-0.13644842044021,-0.543973941368078,-1.0,0.0,1.0,0.0654341691159394,3,2.5755229837133
192858,192858,0.451618866322614,3702,0,False,-1.0,-0.19940565932343,-0.55663430420712,-1.0,0.0,1.0,0.068470393403747,3,2.5287965444518616
192859,192859,0.489908055959154,3703,0,False,-1.0,-0.19940565932343,-0.566343042071197,-0.73037542662116,-0.11660777385159,1.0,0.0670493020356378,3,1.6177962388183833
193073,193073,0.301659021510949,3704,1,True,-1.0,-0.242130785217114,-0.56782334384858,0.0,0.0,,0.0,2,1.9986075329843433
193735,193735,0.709845220054823,3705,0,False,-1.0,-0.614768086411712,-0.492415402567095,-0.675213675213675,-0.767233043238016,0.995298731505427,0.0937960434444629,3,2.0369228656693656
193736,193736,0.700800379644704,3706,0,False,-1.0,-0.586601950465673,-0.472123368920522,-0.66722972972973,-0.767233043238016,0.994552637026004,0.0900200795051753,3,2.015973834667101
193737,193737,0.663553671453458,3707,0,False,-1.0,-0.5464969474979,-0.453836930455636,-0.568359375,-0.482594280978036,0.989910615562223,0.0686286951715124,3,1.0090139970209782
193738,193738,0.662585670188785,3708,0,False,-1.0,-0.5464969474979,-0.450120192307692,-0.568359375,-0.482594280978036,0.989416055974274,0.0680410757705488,3,1.0110149458366091
193739,193739,0.661456450627188,3709,0,False,-1.0,-0.537944479519603,-0.439806412583182,-0.608058608058608,-0.482594280978036,0.988366751063747,0.0657585719226465,3,1.0398072916374417
193740,193740,0.632271965285507,3710,0,False,-1.0,-0.522987618228732,-0.417170495767836,-0.264765784114053,-0.482594280978036,0.98583463116906,0.0647778612326285,3,1.458709473802051
193741,193741,0.650023311375638,3711,0,False,-1.0,-0.507789845546128,-0.398669086509377,-0.513375796178344,-0.637327523602033,0.973342501114482,0.0611939356795046,3,1.488269580040048
193742,193742,0.617058459712295,3712,0,False,-1.0,-0.467266485060613,-0.389086595492289,-0.515078407720145,-0.540923700083653,0.962236021037569,0.0579167666961168,3,1.1598805175029285
193743,193743,0.627128420422172,3713,0,False,-1.0,-0.477703740882803,-0.372791519434629,-0.665597433841219,-0.540923700083653,0.962155188424943,0.0630258111043683,3,1.232419316807772
194470,194470,0.609349825987827,3714,0,False,-1.0,-0.508583635268901,-0.413947536788228,-0.450248756218905,-0.449272165857962,0.980150782765239,0.0142919657808642,3,1.2948931353399273
194477,194477,0.378717386034803,3715,0,False,-1.0,-0.291801120104327,-0.450592885375494,0.0,0.0,0.27450842709255,0.008026915001787,2,1.1485502497467086
194478,194478,0.378647210704489,3716,1,True,-1.0,-0.291801120104327,-0.449799196787149,,0.0,0.274815466164126,0.0073122017477107,2,1.151779995656005
194479,194479,0.285279731168476,3717,2,True,-1.0,-0.274847551893084,-0.436830835117773,,0.0,,0.0,2,1.9345495418883079
194480,194480,0.255243180192251,3718,0,False,0.0,-0.276380148951488,-0.254641909814324,0.0,0.0,0.732666506279417,0.0580636916809299,1,1.066739288324472
194481,194481,0.254356631724787,3719,0,False,0.0,-0.291808024395699,-0.256613756613757,0.0,0.0,0.720926177618094,0.0621712786383401,1,1.0565742316478461
194768,194768,0.295397942669923,3720,0,False,-1.0,-0.210769273812622,-0.0618556701030928,0.0,0.0,0.498364222922845,0.0391903647030149,2,0.7986174245327338
195080,195080,0.487099971993028,3721,0,False,-1.0,-0.0879433872380831,-0.0966149506346968,-0.45748987854251,-0.127560837577816,0.955521244394601,0.186519443355995,3,1.7833668112818641
195081,195081,0.502323374732109,3722,0,False,-1.0,-0.109002622061626,-0.0921787709497207,-0.597069597069597,-0.174282842341297,0.954501377018562,0.187010758796202,3,1.641606124970052
195082,195082,0.488753280273389,3723,0,False,-1.0,-0.0662706324512469,-0.0875862068965517,-0.603703703703704,-0.174282842341297,0.947670460878934,0.192249962171133,3,1.7239828399321788
196264,196264,0.576411125118835,3724,3,True,,-1.0,-0.986666666666667,,,0.99533962733522,0.0013913037858213,1,1.8100404972232442
196265,196265,0.576359539272667,3725,3,True,,-1.0,-0.986666666666667,,,0.995306019537523,0.0008823659208372,1,1.8114870773774634
196266,196266,0.331111111111111,3726,4,True,,-1.0,-0.986666666666667,,,,0.0,1,3.465711768405443
196481,196481,0.600744787650226,3727,0,False,-1.0,-0.536821935689126,-0.439907993099482,0.0,-0.412831329094,0.975354848653013,0.0056519855518309,1,2.4166918584135777
196482,196482,0.633489795904512,3728,0,False,-1.0,-0.541456435458332,-0.451170759565962,-0.288834951456311,-0.451379492911348,0.987670340830304,0.0099611309236912,3,1.6224787984189997
196493,196493,0.505591120232858,3729,0,False,-1.0,-0.278853038986823,-0.227906976744186,0.0,-0.0281647178444331,0.994512683648504,0.136293116245141,2,1.7447446475600064
196615,196615,0.262978924212653,3730,0,False,0.0,-0.287419607056337,-0.329787234042553,0.0,0.0,0.584079639568418,0.0037267698301307,1,1.4034106181754535
196616,196616,0.315716173029256,3731,0,False,0.0,-0.287419607056337,-0.342105263157895,0.0,-0.289378350963628,0.753231454595304,0.0040736295656716,1,1.5621851073308652
196617,196617,0.352874220041988,3732,0,False,0.0,-0.347000219057485,-0.39,0.0,-0.272926062593959,0.870311177787442,0.004668509231783,1,1.358516846299962
196680,196680,0.75,3733,2,True,1.0,1.0,1.0,,,1.0,0.026871256525575,4,3.3102824307483885
196681,196681,0.265144496463487,3734,2,True,0.0,-0.0908669787809241,0.0,,,1.0,0.0279417190558115,1,1.76789250311579
196682,196682,0.270006594014559,3735,2,True,0.0,-0.166595892163627,0.0,,,0.985526183276242,0.0286130849350107,1,1.626963089189895
196683,196683,0.313705459383767,3736,3,True,,-1.0,,,0.0,0.821985242455624,0.0129733103991516,1,1.732750967574481
196684,196684,0.268953533681041,3737,1,True,-1.0,-0.113030366001448,-0.0543478260869565,,0.0,0.495134982872362,0.0517524005629359,2,0.8206296144322607
196685,196685,0.270786087654494,3738,1,True,-1.0,-0.125155856203512,-0.0779220779220779,,0.0,0.511604224122884,0.0418005738310685,2,0.8117164167175905
196741,196741,0.333333333333333,3739,4,True,,1.0,1.0,,,,0.0,4,4.628587527573418
196742,196742,0.583333333333333,3740,3,True,,1.0,1.0,,,1.0,0.0005243330770726,4,3.392244634632701
196743,196743,0.583333333333333,3741,3,True,,1.0,1.0,,,1.0,0.0015313077930929,4,3.3896438765379453
196744,196744,0.583333333333333,3742,3,True,,1.0,1.0,,,1.0,0.0019824186717377,4,3.388486570131655
196745,196745,0.583333333333333,3743,3,True,,1.0,1.0,,,1.0,0.0026889411005456,4,3.3866837277768442
196934,196934,0.25652439915801,3744,3,True,,-0.436756551918371,-1.0,,,0.0350282901040429,0.0252521446324987,2,3.026619474655247
196935,196935,0.256526841294142,3745,3,True,,-0.436756551918371,-1.0,,,0.0350315099930126,0.0250757911186353,2,3.0269394443822004
196936,196936,0.256531599512268,3746,3,True,,-0.436756551918371,-1.0,,,0.0350363839068017,0.024903699396786,2,3.0272494050709087
197042,197042,0.314867451673575,3747,0,False,0.0,-0.476525838601507,-0.271428571428571,0.0,0.0,0.896944380994577,0.167461854776545,1,1.1674391223496663
197043,197043,0.588330217016939,3748,0,False,-1.0,-0.65684137616236,-0.647058823529412,-1.0,-0.5,0.566964436321692,0.0225221518627839,3,2.469500796678483
197044,197044,0.422959087154361,3749,1,True,,-0.631051024656218,-0.678445229681979,-1.0,-0.5,0.567431788048661,0.0192554348907838,3,2.8317742015507275
197045,197045,0.421582804128948,3750,1,True,,-0.659506663046242,-0.696969696969697,-1.0,-0.5,0.566613455074849,0.0128305101328769,3,2.8764556195017206
197046,197046,0.423527751263538,3751,1,True,,-0.659506663046242,-0.757322175732218,-1.0,-0.5,0.567427885394952,0.0094493903627519,3,2.9183935830407615
197047,197047,0.272073424324132,3752,2,True,,-0.689538148028977,-0.801020408163265,-1.0,0.0,,0.0,3,4.3070077985103845
197048,197048,0.29856225183453,3753,0,False,0.0,-0.476525838601507,-0.210714285714286,0.0,0.0,0.88691489297133,0.165049341605264,1,1.2177332908207434
197049,197049,0.294280500747339,3754,0,False,0.0,-0.476525838601507,-0.202846975088968,0.0,0.0,0.881050497083704,0.166711009924996,1,1.2396666803794714
197050,197050,0.30513466835606,3755,0,False,0.0,-0.456618773636239,-0.206293706293706,0.0,0.0,0.956667384776469,0.114675990896394,1,0.9512926149109846
197476,197476,0.258881896911145,3756,0,False,0.0,-0.337823909851661,-0.253807106598985,-0.0232856227301859,0.0,0.838095902088117,0.0003742226980807,1,1.0185786639745258
197501,197501,0.639717899261794,3757,0,False,-1.0,-0.505716968744873,-0.609004739336493,-0.744286596664608,0.0,0.986441996906701,0.426162585813167,3,3.392613554505205
197502,197502,0.680329064032571,3758,0,False,-1.0,-0.490364156570479,-0.588100686498856,-0.744286596664608,-0.338773709748566,0.968379666540704,0.470087375205107,3,3.407316647333869
197503,197503,0.589604393699916,3759,0,False,-1.0,-0.470783131851484,-0.573991031390135,-0.744286596664608,0.0,0.853647872700671,0.529649796611054,3,4.20636085900083
197592,197592,0.416666666666667,3760,4,True,,1.0,,,,1.0,0.0202902945221572,4,3.9841037961944736
197878,197878,0.2763818651993,3761,0,False,-1.0,-0.263733338985585,-0.207207207207207,0.0,0.0,0.161059328486936,0.002770983248029,2,1.457082370105826
197879,197879,0.297174013082046,3762,0,False,-1.0,-0.263733338985585,-0.214285714285714,0.0,0.0,0.254444329661414,0.0030785600430705,2,1.2119453920291725
198012,198012,0.281773316483828,3763,0,False,-1.0,-0.310856046602728,-0.293711126468556,-0.292134831460674,0.0,0.0,2.01365658339667e-05,2,2.1668081021216565
198187,198187,0.285972265941393,3764,0,False,0.0,-0.390548851378929,-0.201320132013201,0.0,0.0,0.947158303138936,0.113859922407087,1,1.0060582515652554
198195,198195,0.289364641575872,3765,0,False,0.0,-0.370145103780291,-0.196875,0.0,0.0,0.940678921685214,0.0059573131228149,1,1.0444072652507024
198196,198196,0.271260902265699,3766,0,False,0.0,-0.370145103780291,-0.193251533742331,0.0,0.0,0.87347293983255,0.0071344256698945,1,1.0215310853371318
198201,198201,0.483074288859215,3767,0,False,-1.0,-0.505716968744873,-0.610849056603774,-0.742857142857143,-0.338773709748566,0.0631572430693105,0.104705456779729,3,2.9132728032051114
198586,198586,0.253926598673092,3768,0,False,-1.0,-0.268708046833231,-0.12621359223301,0.0,0.0,0.156256642474677,0.007064217136125,2,1.497145287249533
198587,198587,0.381946454836933,3769,0,False,-1.0,-0.268708046833231,-0.12621359223301,0.0,0.0,0.772991098787107,0.0313802016221254,2,1.1742128170769852
198867,198867,0.316494777213246,3770,0,False,-1.0,-0.357866537895511,-0.326666666666667,0.0,0.0,0.213038561813824,0.0060238908392337,2,1.3048440041937421
198982,198982,0.421052412670616,3771,0,False,-1.0,-0.294080048364385,-0.504347826086956,0.0,0.0,0.424583815839112,0.020983581463554,2,0.8400635403167332
199015,199015,0.323100330806568,3772,0,False,-0.345303878319584,-0.11915525461577,-0.142599277978339,0.0,0.0,0.974820735771313,0.0150087897607605,1,1.5525619168725695
199323,199323,0.363364893073819,3773,0,False,-1.0,-0.214042605790186,-0.243873281530185,-0.0261194029850746,0.0,0.350406556242734,0.0157411525794777,2,0.8969396408270092
199324,199324,0.357386921985997,3774,0,False,-1.0,-0.180144170379725,-0.251056125528063,-0.0159786950732357,0.0,0.350480194061779,0.0092471764863716,2,0.9534000741031119
199325,199325,0.36083220590654,3775,0,False,-1.0,-0.220981667682749,-0.245215311004785,-0.0262008733624454,0.0,0.356244001545576,0.0150271584160889,2,0.8886042480383091
199326,199326,0.267790743254903,3776,0,False,-1.0,-0.203223090579644,-0.26161369193154,0.0,0.0,0.084980852782185,0.0014705605242298,2,1.663852561902552
199578,199578,0.251180369741899,3777,3,True,,-0.204841726798248,-0.833333333333333,,,0.583261013845445,0.103020310263704,1,1.6404685846814915
199579,199579,0.252000581629186,3778,3,True,,-0.204841726798248,-0.833333333333333,,,0.58516005253247,0.10479036394377,1,1.6405534149308565
199580,199580,0.252287443226023,3779,3,True,,-0.204841726798248,-0.833333333333333,,,0.586112014254204,0.104369293866034,1,1.6376337359676991
199581,199581,0.286971630843314,3780,3,True,,-0.406554005062545,-0.833333333333333,,,0.58832258887428,0.106707443620727,1,1.4175443187481886
199582,199582,0.287102895193563,3781,3,True,,-0.406554005062545,-0.833333333333333,,,0.588678643148868,0.106873529375992,1,1.41717135112176
199583,199583,0.299827616927324,3782,3,True,,-0.406554005062545,-0.833333333333333,,,0.656830474216997,0.143626467221943,1,1.4203328245150917
199584,199584,0.299884704291111,3783,3,True,,-0.406554005062545,-0.833333333333333,,,0.656934552114051,0.143702151138307,1,1.4205285191972736
199585,199585,0.308040755228775,3784,3,True,,-0.406554005062545,-0.833333333333333,,,0.698908389346969,0.155558482358085,1,1.416833149219642
199763,199763,0.666602699476937,3785,0,False,-1.0,-0.572553343128262,-0.466257668711656,-0.562686567164179,-0.451379492911348,1.0,0.470192842472138,3,3.3629112527040332
199764,199764,0.940147763542019,3786,0,False,1.0,1.0,1.0,-1.0,-1.0,1.0,0.469951271665356,4,4.454331759396413
199765,199765,0.383278819049796,3787,0,False,0.0,-0.101625759546576,-0.263216471897607,-0.202020202020202,-0.83291733959771,0.999434630308471,0.476848132158399,3,4.491932869227794
199766,199766,0.355757652266899,3788,0,False,0.0,-0.0950948001846525,-0.23202614379085,-0.096,-0.653256484149856,0.992192567165188,0.477597963751285,3,4.346870402514586
199767,199767,0.294917884452538,3789,0,False,0.0,-0.0915781183306548,-0.220149253731343,-0.0283944243675787,-0.578855975485189,0.783848796607336,0.481110989874755,3,4.390753131978895
199768,199768,0.277239578982302,3790,0,False,0.0,-0.0805576504288853,-0.241892610313663,-0.0044620723847298,-0.570086433671552,0.742286262307365,0.415735249732691,3,3.993696743971585
199859,199859,0.324527657104447,3791,0,False,0.0,-0.298270834142611,-0.25130890052356,-0.012012891883973,-0.249113025848961,0.80404475599574,0.461241811652133,1,3.967591649212953
199891,199891,0.32434290315375,3792,1,True,,-0.275353469971075,-0.707317073170732,0.0,0.0,0.833807006325289,0.0382224901892422,1,0.9610092387773393
199892,199892,0.32408518698304,3793,1,True,,-0.287496832036626,-0.714285714285714,0.0,0.0,0.81942773327561,0.0401540396276879,1,0.9513100612550573
199893,199893,0.324824689578729,3794,1,True,,-0.287496832036626,-0.727272727272727,0.0,0.0,0.81319952559844,0.0410335716427174,1,0.9714221051028687
200347,200347,0.435942682838089,3795,0,False,-1.0,-0.153681890803486,-0.152858060372511,0.0,0.0,0.969355266625937,0.0184720482982146,2,1.7853714203877311
200348,200348,0.436185038702911,3796,0,False,-1.0,-0.153681890803486,-0.155927835051546,0.0,0.0,0.968947104387227,0.009809175381336,2,1.8140721461511349
200349,200349,0.43625347822835,3797,0,False,-1.0,-0.153681890803486,-0.156351791530945,0.0,0.0,0.968561046525512,0.0063809747531292,2,1.8260430376324643
200350,200350,0.437459087464381,3798,0,False,-1.0,-0.15899637132343,-0.157790927021696,0.0,0.0,0.968339880167222,0.0052619094660651,2,1.8273862254618565
200351,200351,0.434935942895263,3799,0,False,-1.0,-0.137243530366107,-0.162037037037037,0.0,0.0,0.968179376519965,0.0041479499983968,2,1.837014521707436
200352,200352,0.440324936856407,3800,0,False,-1.0,-0.166981673640934,-0.166556071665561,0.0,0.0,0.968019721568825,0.0028568433690193,2,1.8295025810672578
200353,200353,0.43388180976631,3801,0,False,-1.0,-0.137244541334431,-0.159488559892328,0.0,0.0,0.967873313901966,0.0017378272280306,2,1.8472217144029095
200738,200738,0.540826375489027,3802,0,False,-1.0,-0.393709119323285,-0.347368421052632,0.0,-0.388812816650692,0.974603055969828,0.0182951925910721,2,2.3611690885249126
200827,200827,0.27270798643289,3803,3,True,,-0.236026558874454,-0.0198019801980198,,,0.966137470418401,0.0599640181398225,1,1.4397907925634719
200828,200828,0.273845722167479,3804,3,True,,-0.249835992135813,-0.0198019801980198,,,0.963016673785682,0.0597946888710513,1,1.4172668040011909
201030,201030,0.37507273488374,3805,3,True,,-0.524691775069129,-0.904761904761905,,,0.77455452445668,0.131200034474416,1,1.2554466875720987
201271,201271,0.336584814554888,3806,0,False,-1.0,-0.307215947249403,-0.24390243902439,0.0,0.0,0.404116378972054,0.0549845622605553,2,0.557219405239322
201272,201272,0.3433379884111,3807,0,False,-1.0,-0.307215947249403,-0.271317829457364,0.0,0.0,0.412115343170128,0.0587291494879002,2,0.5011795965859722
201273,201273,0.336244070831072,3808,0,False,-1.0,-0.249295120914776,-0.282442748091603,0.0,0.0,0.414629164654376,0.0592436141025747,2,0.45870980644599435
201274,201274,0.362985347444085,3809,0,False,-1.0,-0.249295120914776,-0.282442748091603,0.0,0.0,0.527076743479351,0.0154495775462655,2,0.7213432203146074
201275,201275,0.372308193964059,3810,0,False,-1.0,-0.307215947249403,-0.2734375,0.0,0.0,0.537713877413963,0.0107289798169912,2,0.7883509979217258
201796,201796,0.251293999854025,3811,0,False,-1.0,-0.263733338985585,-0.207207207207207,0.0,0.0,0.0490978385115405,0.0019348465893561,2,1.7804348094025688
201797,201797,0.253514607821486,3812,0,False,-1.0,-0.263733338985585,-0.221238938053097,0.0,0.0,0.0459703442779665,0.0014831869769956,2,1.7868288381062647
201798,201798,0.363649453671916,3813,0,False,-1.0,-0.293218816165895,-0.245762711864407,0.0,0.0,0.519158228316144,0.0043432738154933,2,0.8433950893460223
201799,201799,0.341392136813917,3814,0,False,-1.0,-0.188157822672071,-0.204724409448819,0.0,0.0,0.512853342096244,0.0178815694829572,2,0.7582997182518022
201884,201884,0.332925327022274,3815,0,False,-1.0,-0.299199515958453,-0.314285714285714,0.0,0.0,0.295194884009053,0.0586752510004606,2,0.798400425358311
201885,201885,0.327624245649512,3816,0,False,-1.0,-0.299199515958453,-0.285714285714286,0.0,0.0,0.293002234477999,0.0582267255223465,2,0.8113273336948642
201886,201886,0.43427548808795,3817,0,False,-1.0,-0.351300058236601,-0.323741007194245,0.0,0.0,0.703360590477693,0.0553853043565306,2,0.8159696675596602
202245,202245,0.666512663432548,3818,0,False,-1.0,-0.588336140836538,-0.688829787234043,-0.707264957264957,-0.199671772428884,0.912756919268988,0.0422375722690264,3,1.435232643491851
202246,202246,0.652341790039454,3819,0,False,-1.0,-0.538662023096388,-0.683510638297872,-0.671462829736211,-0.199671772428884,0.904366636442005,0.0419027556575845,3,1.3416598939645161
202247,202247,0.595402653581139,3820,0,False,-1.0,-0.52652197621971,-0.663212435233161,-0.265384615384615,0.0,0.893569069253185,0.0382740758118977,1,1.9479237027949945
202248,202248,0.541995657347717,3821,0,False,-1.0,-0.445135247395427,-0.623737373737374,-0.0286624203821656,0.0,0.824723443814424,0.040671409406257,2,1.4772241427715402
202249,202249,0.69805777536797,3822,0,False,-1.0,-0.587839533517005,-0.687165775401069,-0.755648038049941,-0.2,0.997951724951611,0.497029050111823,3,3.77233013974252
202250,202250,0.7063488354286,3823,0,False,-1.0,-0.600554392992753,-0.688829787234043,-0.798097251585624,-0.249487354750513,0.99911826239461,0.498054218542691,3,3.793170401373149
202251,202251,0.686819176588394,3824,0,False,-1.0,-0.60896587759842,-0.691292875989446,-0.755648038049941,-0.2,0.950783298432157,0.043939836220725,3,1.5522413165012376
202252,202252,0.674903084046205,3825,0,False,-1.0,-0.588336140836538,-0.69047619047619,-0.707264957264957,-0.2,0.934185983299787,0.0439953563495111,3,1.4371885052050928
202253,202253,0.701453798106318,3826,0,False,-1.0,-0.60896587759842,-0.692913385826772,-0.770708283313325,-0.249487354750513,0.987015178466857,0.0449372940136113,3,1.5317159512224623
202254,202254,0.561587202804354,3827,0,False,-1.0,-0.436310938953303,-0.582366589327146,-0.0228426395939086,0.0,0.915152651799485,0.563953106803827,2,4.709885008526785
202300,202300,0.387210670784759,3828,0,False,-1.0,-0.263470253523041,-0.273011897307451,0.0,-0.0006490134994807,0.450532757599446,0.0037511122198686,2,0.8466112605791337
202301,202301,0.375920858359553,3829,0,False,-1.0,-0.184113063149248,-0.253250773993808,-0.0161398789509079,0.0,0.439675049233312,0.006659929391353,2,0.8456656380927301
202309,202309,0.450416181558785,3830,0,False,-1.0,-0.289090033806389,-0.272900763358779,-0.0084507042253521,-0.3817497403946,0.482926858350456,0.0235021565896264,2,1.6530253508505373
202779,202779,0.305656003736707,3831,0,False,-1.0,-0.219438793317444,-0.0625,0.0,0.0,0.43212697386692,0.169400906867058,2,1.014597895945958
202780,202780,0.314529110024368,3832,0,False,-1.0,-0.270637150732329,-0.0666666666666667,0.0,0.0,0.430227080775454,0.169137824795289,2,1.0087878434156214
202815,202815,0.583333333333333,3833,3,True,,1.0,1.0,,,1.0,0.148294358114295,4,3.2872489674894285
202816,202816,0.581349206349206,3834,3,True,,-1.0,-0.988095238095238,,,1.0,0.147993157615304,1,1.9073537981071025
202817,202817,0.581242346127621,3835,3,True,,-1.0,-0.987951807228916,,,0.999975367466503,0.147711036080449,1,1.9060138541550944
202818,202818,0.58085828716828,3836,3,True,,-1.0,-0.987179487179487,,,0.999903562880227,0.144303518035119,1,1.8916171847750372
202819,202819,0.580656810742273,3837,3,True,,-1.0,-0.986486486486487,,,0.999879780849609,0.143843472981664,1,1.888837770758563
202820,202820,0.580625247058172,3838,3,True,,-1.0,-0.986666666666667,,,0.999862509101455,0.143776989086279,1,1.8888345741640316
202821,202821,0.580593256873553,3839,3,True,,-1.0,-0.986666666666667,,,0.999853941945821,0.143494032936656,1,1.8877550218455124
202822,202822,0.58069537735532,3840,3,True,,-1.0,-0.987341772151899,,,0.999853241127365,0.142088191007598,1,1.883456206540703
202823,202823,0.580689629774786,3841,3,True,,-1.0,-0.98780487804878,,,0.999829098657474,0.142786422803557,1,1.8867290209866419
202824,202824,0.580836571251224,3842,3,True,,-1.0,-0.98876404494382,,,0.999826008972824,0.142511967433734,1,1.8871010417357126
202825,202825,0.581163414746364,3843,3,True,,-1.0,-0.989130434782609,,,0.999904920252892,0.13815214672545,1,1.871754895774573
202826,202826,0.581666666666667,3844,3,True,,-1.0,-0.99,,,1.0,0.136654725684893,1,1.867814296977351
202827,202827,0.583333333333333,3845,3,True,,1.0,1.0,,,1.0,0.137148044452288,4,3.275118748951234
202828,202828,0.294939662055639,3846,3,True,,-0.249835992135813,-0.0198019801980198,,,1.0,0.138286692389222,1,1.6167063121105651
202829,202829,0.29453378524161,3847,3,True,,-0.249835992135813,-0.0198019801980198,,,0.999414361613335,0.138298760366469,1,1.616238932128768
202830,202830,0.291832032252836,3848,3,True,,-0.236026558874454,-0.0198019801980198,,,0.998837009243359,0.138235776963091,1,1.6333287308084714
202831,202831,0.270090798453888,3849,3,True,,-0.230341989748813,-0.0198019801980198,,,0.982004278742637,0.0868055200678375,1,1.4798057667859814
202832,202832,0.267111403985636,3850,3,True,,-0.230341989748813,-0.019047619047619,,,0.978149554594977,0.0870672986153592,1,1.4784009464420413
202833,202833,0.262312926214569,3851,3,True,,-0.211779546741423,-0.019047619047619,,,0.975992503921338,0.0869995809482214,1,1.5046044451840377
202834,202834,0.25565720303292,3852,3,True,,-0.183712002235083,-0.0185185185185185,,,0.973993871931865,0.0861806219651423,1,1.547117608807738
202928,202928,0.254538668295874,3853,0,False,0.0,-0.255970726039401,-0.254691689008043,0.0,0.0,0.653447208740369,0.0105664194807513,1,1.332783389355412
202938,202938,0.357459299816458,3854,1,True,,-0.372974611736049,-0.785714285714286,0.0,0.0,0.900576128757412,0.154495335933406,1,1.2403519287308788
202939,202939,0.345937025133889,3855,1,True,,-0.341302532599574,-0.733333333333333,0.0,0.0,0.905879988319793,0.155424923362882,1,1.218392410476175
203068,203068,0.548864876314525,3856,0,False,-1.0,-0.205410895108983,-0.202026221692491,-0.290629575402635,-0.404053115778511,0.983739821821433,0.151664543084059,3,1.442313037890077
203069,203069,0.566693621622998,3857,0,False,-1.0,-0.217619215318862,-0.224179829890644,-0.294947994056464,-0.341621563688977,0.978777501688794,0.145281237149573,3,1.364661594502764
203070,203070,0.52329615748225,3858,0,False,-1.0,-0.247612150573245,-0.259522272433828,-0.0645539906103286,-0.285285957218294,0.940150966099042,0.129623875779319,2,1.8978322621274748
203071,203071,0.441366852928468,3859,0,False,-1.0,-0.231976548738642,-0.251533742331288,0.0,0.0,0.726601303348743,0.124594794301361,2,0.85927803961038
203106,203106,0.442623484365839,3860,0,False,-1.0,-0.388371634342978,-0.582125603864734,-0.177897574123989,0.0,0.373407239672519,0.0530678546355264,2,1.0774943364242053
203449,203449,0.273390812557684,3861,2,True,,-0.414503142023831,,0.0,0.0,0.88615311462942,0.0160467976236952,1,1.3092114654561648
203450,203450,0.272252922948454,3862,2,True,,-0.414503142023831,,0.0,0.0,0.882814682075808,0.0163729155883089,1,1.307990868673558
203451,203451,0.269829097701727,3863,2,True,,-0.414503142023831,,0.0,0.0,0.875496924387132,0.017209121477356,1,1.3053242971669978
203452,203452,0.258776240388444,3864,2,True,,-0.361577488768136,,0.0,0.0,0.868342281916692,0.0181445525825902,1,1.3474413787956856
203454,203454,0.256021719942914,3865,2,True,,-0.361577488768136,,0.0,0.0,0.85850546124111,0.0195625798638983,1,1.3446345565294604
204342,204342,0.356916153878694,3866,0,False,0.0,-0.0862572959901284,-0.0548885077186964,-0.152224824355972,-0.677302943969611,0.993837891566569,0.0001595562056632,3,3.061528745084242
204382,204382,0.275333495360397,3867,0,False,0.0,-0.240542193739748,-0.317460317460317,0.0,-0.442401417811254,0.5968745705577,0.0115136167668684,1,2.2977963005283706
205051,205051,0.313396635830565,3868,3,True,,-0.274588706633784,-0.833333333333333,,,0.871221831807829,0.0574866364523354,1,1.1189431273908303
205052,205052,0.31316741874432,3869,3,True,,-0.274588706633784,-0.833333333333333,,,0.869496596777433,0.0579027105266761,1,1.118931011724731
205053,205053,0.334913474312584,3870,3,True,,-0.406554005062545,-0.833333333333333,,,0.866909732961203,0.0589559546709145,1,0.9340369904948558
205054,205054,0.334784686302029,3871,3,True,,-0.406554005062545,-0.833333333333333,,,0.865835126844326,0.0592994853987084,1,0.9340982728712993
205080,205080,0.285519693391024,3872,0,False,-1.0,-0.195933652668684,-0.0618556701030928,0.0,0.0,0.475656322245916,0.128145690206641,2,0.7523491616365217
205081,205081,0.288375371927759,3873,0,False,-1.0,-0.210769273812622,-0.0618556701030928,0.0,0.0,0.476513809546086,0.128973885916566,2,0.7502770505025617
205178,205178,0.321662817931671,3874,0,False,-1.0,-0.188157822672071,-0.236220472440945,0.0,0.0,0.466339998992484,0.107590328579351,2,0.37143749586321917
205179,205179,0.321812676762582,3875,0,False,-1.0,-0.188157822672071,-0.196850393700787,0.0,0.0,0.471124132114649,0.132137447105895,2,0.5578187749418655
205763,205763,0.344891307429671,3876,1,True,,-0.481772707445849,-0.454545454545455,0.0,0.0,0.931178045216504,0.15251607813317,1,0.9342905927476552
205764,205764,0.369885067057672,3877,1,True,,-0.590466187383114,-0.476190476190476,0.0,0.0,0.939579710257536,0.15436924776538,1,0.9402449629106533
205823,205823,0.520175628732715,3878,0,False,-1.0,-0.473983885654675,-0.408300616937745,-0.0393258426966292,0.0,0.943396725353258,0.0033730103513837,1,1.7493753330597321
205824,205824,0.517031763579078,3879,0,False,-1.0,-0.489177679075629,-0.404279279279279,-0.0393258426966292,0.0,0.934090332924001,0.0015312361231636,1,1.7478152692884659
205825,205825,0.589719074590632,3880,0,False,-1.0,-0.500588349281557,-0.398085585585586,-0.0393258426966292,-0.0398435086996808,0.960630788747439,0.0078684070739414,1,1.740133194871065
205826,205826,0.593971182744101,3881,0,False,-1.0,-0.493581046286147,-0.393057110862262,-0.0393258426966292,-0.0398435086996808,0.97296947212882,0.0124754532834896,1,1.738800855654209
205915,205915,0.264610136797857,3882,3,True,,-0.306084839355039,0.0,,,0.857210923438227,0.0014423069887221,1,1.4606695681041826
205916,205916,0.301014139892506,3883,3,True,,-0.306084839355039,0.0,,,1.0,0.0012307634404009,1,1.5194248649602389
205917,205917,0.333333333333333,3884,4,True,,1.0,1.0,,,,0.0,4,4.628587527573418
206360,206360,0.3179452614265,3885,0,False,-1.0,-0.0974689442316317,-0.446215139442231,0.0,0.0,0.485169522915631,0.341935647451395,2,2.410139416017118
206361,206361,0.3195118515983,3886,0,False,-1.0,-0.0974689442316317,-0.442231075697211,0.0,0.0,0.498521453830397,0.361200030623958,2,2.584274042043687
206730,206730,0.300224180419137,3887,0,False,-1.0,-0.237971131350375,-0.236623067776457,-0.0102564102564103,0.0,0.0838421755658285,0.0237780078242303,2,1.5760898971880024
206731,206731,0.423287732861786,3888,0,False,-1.0,-0.210422678761274,-0.226337448559671,-0.0237636480411047,-0.239050989036487,0.679383142005774,0.232517130823668,2,1.7371342591498724
206802,206802,0.372985977402338,3889,1,True,-1.0,-0.278452832263826,-0.492831541218638,,0.0,0.268534580141828,0.0721466433401406,2,0.9286658768187745
206803,206803,0.371850102970707,3890,1,True,-1.0,-0.289626824540891,-0.474860335195531,,0.0,0.268548942580591,0.0662947296669307,2,0.925857753401005
206804,206804,0.370313374325894,3891,1,True,-1.0,-0.286296953525228,-0.460348162475822,,0.0,0.272596471964823,0.0638503194522924,2,0.905902760691067
206805,206805,0.375332574410477,3892,0,False,-1.0,-0.310981129740516,-0.460159362549801,0.0,0.0,0.275139873724537,0.0634062751225276,2,0.9094506238139581
206806,206806,0.395115526496953,3893,0,False,-1.0,-0.310981129740516,-0.458585858585859,0.0,0.0,0.352676147021996,0.035677472100798,2,0.8219743237914652
206807,206807,0.386459593702673,3894,1,True,-1.0,-0.261259264151189,-0.456032719836401,,0.0,0.353068455291006,0.0348784721142607,2,0.8060013589805627
206808,206808,0.385700749520011,3895,1,True,-1.0,-0.261259264151189,-0.450733752620545,,0.0,0.35402598149557,0.0329804614431982,2,0.8105862513694798
206809,206809,0.388471940553164,3896,1,True,-1.0,-0.274545166706166,-0.453563714902808,,0.0,0.354872803117103,0.0312569125986598,2,0.8243846333629865
206810,206810,0.391285521088868,3897,1,True,-1.0,-0.290470586003027,-0.454347826086957,,0.0,0.355243131549677,0.0305193020817823,2,0.833837162308182
206811,206811,0.391138692462191,3898,1,True,-1.0,-0.290470586003027,-0.453159041394335,,0.0,0.355699858781521,0.0296845041103481,2,0.8370330840115818
206812,206812,0.399541244915935,3899,1,True,-1.0,-0.314383788730251,-0.473829201101928,,0.0,0.366713445880019,0.0149552158754909,2,0.941793464707171
206813,206813,0.405665993825762,3900,1,True,-1.0,-0.287644422739905,-0.538745387453875,,0.0,0.377064294787562,0.0051673913838647,2,1.049117961396945
206814,206814,0.309130682502761,3901,2,True,-1.0,-0.300567227546689,-0.55421686746988,,0.0,,0.0,2,1.9950934705210663
207808,207808,0.509027849233827,3902,0,False,-1.0,-0.0450832704259912,-0.0678642714570858,-0.727272727272727,-0.148533772652389,1.0,0.238251375125097,3,2.1598332377685048
207809,207809,0.508251033214998,3903,0,False,-1.0,-0.0450832704259912,-0.0644728005372733,-0.727272727272727,-0.148533772652389,1.0,0.239162489727375,3,2.1674903580594047
207810,207810,0.39120557875574,3904,0,False,-1.0,-0.0450832704259912,-0.058029689608637,-0.727272727272727,-0.174228955708433,0.108692408974253,0.421031089959268,3,4.200072165824386
207811,207811,0.382246593115246,3905,0,False,-1.0,-0.0464679441258559,-0.0543766578249337,-0.511627906976744,-0.168598997681203,0.114244642725471,0.418604049976732,2,3.950038384789106
207812,207812,0.265747877702035,3906,0,False,-1.0,-0.0881774890595986,-0.0759312320916905,0.0,-0.187974314068885,0.105827242187528,0.194188865459764,2,1.9442568761184025
207813,207813,0.29348781656068,3907,0,False,-1.0,-0.0450832704259912,-0.0602572782667569,-0.727272727272727,-0.174228955708433,0.0064714494286465,0.15859140446021,2,3.378189613590154
208301,208301,0.414121383708841,3908,0,False,-1.0,-0.361690803081575,-0.481884057971014,0.0,0.0,0.421903562443902,0.260794301389623,2,1.7010633660841927
208381,208381,0.343635479359394,3909,0,False,-1.0,-0.222114533389338,-0.262886597938144,-0.0024752475247524,0.0,0.302885198773883,0.0099392630047415,2,1.0341004049980154
208639,208639,0.337203448103192,3910,0,False,0.0,-0.390302346155876,-0.262210796915167,-0.0752929444028921,0.0,0.965113446671551,0.0250595798939158,1,0.8984351852421354
208640,208640,0.341060060802339,3911,0,False,0.0,-0.390302346155876,-0.262210796915167,-0.0752929444028921,0.0,0.960630044391259,0.0251774876511923,1,0.8930057388913544
208641,208641,0.340959838390683,3912,0,False,0.0,-0.416891670923018,-0.267352185089974,-0.0706763398080974,-0.0499348675640469,0.892552087887408,0.042093440676266,1,0.7513295678724231
208886,208886,0.463491093294999,3913,3,True,,-0.58280197391345,-0.963636363636364,,,0.971228845375154,0.101408842148524,1,1.251627502075905
208887,208887,0.470039154025478,3914,3,True,,-0.617032686506248,-0.96,,,0.972589311336863,0.100818313957073,1,1.2524137604145222
208888,208888,0.476633500502337,3915,3,True,,-0.651343387726608,-0.953488372093023,,,0.974406908813656,0.100017066756669,1,1.253623335598594
208889,208889,0.477440749678231,3916,3,True,,-0.651343387726608,-0.95,,,0.975528640288483,0.0998509077937395,1,1.2470635203630842
208900,208900,0.282602543335223,3917,0,False,0.0,-0.362129311027173,-0.32258064516129,0.0,0.0,0.876942620360081,0.147419245511929,1,1.058283266941221
208901,208901,0.303259935682033,3918,0,False,0.0,-0.401978091043969,-0.384615384615385,0.0,0.0,0.887737212393035,0.144916063374873,1,0.9478665757138663
208902,208902,0.313710756803294,3919,0,False,0.0,-0.45287097713719,-0.384615384615385,0.0,0.0,0.89184024569395,0.147666638991057,1,0.9241383648484689
208903,208903,0.314892438125176,3920,0,False,0.0,-0.45287097713719,-0.384615384615385,0.0,0.0,0.894852061778203,0.148049286876743,1,0.9278914503054707
208904,208904,0.315635699427302,3921,0,False,0.0,-0.45287097713719,-0.384615384615385,0.0,0.0,0.896589002595101,0.14869188715664,1,0.9335399123090499
209014,209014,0.375624553649155,3922,0,False,-1.0,-0.239071335136529,-0.548780487804878,0.0,0.0,0.358032004070636,0.0557503086781301,2,0.8084162114991801
209015,209015,0.2887071533612,3923,1,True,-1.0,-0.199518414839958,-0.532724505327245,0.0,0.0,,0.0,2,1.9798947537951037
209016,209016,0.347976610636126,3924,0,False,-1.0,-0.294080048364385,-0.468045112781955,0.0,0.0,0.123299384535546,0.0738648979852003,2,1.363763548186432
209017,209017,0.346243487830671,3925,0,False,-1.0,-0.285281209279445,-0.465028355387524,0.0,0.0,0.124348741866085,0.0747997059140774,2,1.3557122496555223
209018,209018,0.347439662893946,3926,0,False,-1.0,-0.285281209279445,-0.471028037383178,0.0,0.0,0.125218683990125,0.0757557665440532,2,1.3555502019117616
209225,209225,0.267290000424648,3927,1,True,0.0,-0.139571163307627,-0.194174757281553,,0.0,0.797485927915178,0.0677999667259854,1,1.3385338568819876
209226,209226,0.261364878488084,3928,1,True,0.0,-0.139571163307627,-0.166123778501629,,0.0,0.781124478729884,0.0660537622490669,1,1.3853878290068575
209257,209257,0.33343237533991,3929,1,True,0.0,-0.517645486095409,-0.316725978647687,,0.0,0.903710126356773,0.168888509030556,1,1.1242101249975718
209258,209258,0.331444501895758,3930,0,False,0.0,-0.517645486095409,-0.312056737588652,0.0,0.0,0.901822496697968,0.168206843295682,1,1.1220832776929857
209339,209339,0.954937376437807,3931,0,False,1.0,1.0,1.0,-1.0,-1.0,1.0,0.0382092827660873,4,2.8967414032877645
209340,209340,0.376693470483593,3932,0,False,0.0,-0.0840196593644808,-0.214129244249726,-0.081467365412101,-0.804482225656878,1.0,0.0354964078262693,3,3.3050617630224615
209341,209341,0.255338027363927,3933,0,False,0.0,-0.0840196593644808,-0.172395273899033,-0.0514786418400876,-0.45370925814837,0.744603708022077,0.0514636917275692,1,2.4075153583420335
209807,209807,0.620553880034463,3934,0,False,-1.0,-0.498306971098098,-0.402803168799513,-0.434250764525994,-0.581671971854582,0.978042563302961,0.0096494572382646,3,1.6150773500240867
210046,210046,0.373979767891714,3935,0,False,-1.0,-0.247314133324645,-0.512864493996569,0.0,0.0,0.309621965027113,0.325520103213659,2,2.348154606116407
210057,210057,0.368303900577909,3936,0,False,-1.0,-0.24722531033866,-0.471028037383178,0.0,0.0,0.317058579326261,0.0063619323019248,2,1.0738795284159548
210058,210058,0.352890444334962,3937,0,False,-1.0,-0.202554770323761,-0.422037422037422,0.0,0.0,0.32521120405167,0.0054011903331176,2,1.0382332099119418
210059,210059,0.356012713594152,3938,0,False,-1.0,-0.214998349667759,-0.414529914529915,0.0,0.0,0.356322986102515,0.0034466630052235,2,0.9876054173763127
210060,210060,0.382170162374629,3939,0,False,-1.0,-0.214998349667759,-0.404494382022472,0.0,0.0,0.65863127890633,0.0008612868470921,2,1.0137423350085977
210061,210061,0.375753728855103,3940,0,False,-1.0,-0.226653457353854,-0.398081534772182,0.0,0.0,0.602086264806129,0.0005547677550099,2,0.9264283159883103
210062,210062,0.346771543615785,3941,0,False,-1.0,-0.214998349667759,-0.408791208791209,0.0,0.0,0.246460257872399,0.0034619581966191,2,1.2187359775294306
210063,210063,0.350622855406685,3942,0,False,-1.0,-0.202554770323761,-0.437751004016064,0.0,0.0,0.252776157155069,0.0117059008753467,2,1.1697855531297834
210064,210064,0.374264158630138,3943,0,False,-1.0,-0.247314133324645,-0.506944444444444,0.0,0.0,0.353900051287998,0.284124031673252,2,1.942473306582856
210065,210065,0.368231550501479,3944,0,False,-1.0,-0.24722531033866,-0.473098330241187,0.0,0.0,0.355618412756033,0.274583001126825,2,1.841129982502408
210147,210147,0.475927978825374,3945,0,False,-1.0,-0.124380244254269,-0.135286783042394,-0.239035087719298,-0.341885269530124,0.9321264779361,0.0582015696341828,3,1.7629454142232022
210297,210297,0.343514698001413,3946,1,True,,-0.518518526565414,-0.526315789473684,0.0,0.0,0.81253521616516,0.0898292438554484,1,0.4543290113581667
210298,210298,0.341467437133821,3947,1,True,,-0.518518526565414,-0.526315789473684,0.0,0.0,0.802618897633663,0.090362152237234,1,0.4741804875429898
210321,210321,0.752560620756855,3948,0,False,-1.0,-0.469538071764189,-0.659942363112392,-0.968962906888721,-0.565961732124874,0.972091348335151,0.0769747186471111,3,2.0554046042954774
210322,210322,0.75722568046969,3949,0,False,-1.0,-0.469538071764189,-0.661849710982659,-0.968962906888721,-0.565961732124874,1.0,0.0772621736296961,3,2.0742549173386564
210323,210323,0.949180141800529,3950,0,False,1.0,1.0,1.0,-1.0,-1.0,1.0,0.0771078515867641,4,2.844839086746784
210552,210552,0.34424923819125,3951,0,False,-1.0,-0.27515670508127,-0.261034047919294,-0.0272727272727273,0.0,0.0932097564643006,0.029701060788404,2,1.5199274363189414
210795,210795,0.570425960574493,3952,0,False,-1.0,-0.48441712916775,-0.428011204481793,0.0,-0.412831329094,0.934824009552158,0.0072538659912755,3,2.3950433305568266
210914,210914,0.259848743758193,3953,1,True,-1.0,-0.263861045999367,-0.29523141654979,0.0,0.0,,0.0,2,1.9166021763486039
211743,211743,0.488642478833,3954,0,False,-1.0,-0.349202715051908,-0.537313432835821,0.0,0.0,0.795444028589596,0.0563435504619787,2,1.1961587051161273
211744,211744,0.475889073441792,3955,0,False,-1.0,-0.312264051554657,-0.551532033426184,0.0,0.0,0.773586913619678,0.0521819866455384,2,1.1426823303149876
211745,211745,0.447190640583596,3956,0,False,-1.0,-0.279172350812512,-0.598130841121495,0.0,0.0,0.665053945886369,0.0532054373785673,2,0.9301701740061387
211746,211746,0.409472502551809,3957,0,False,-1.0,-0.204333651699359,-0.588050314465409,0.0,0.0,0.562119814519346,0.0619017065931146,2,0.7272501477069732
211747,211747,0.365909743459115,3958,0,False,-1.0,-0.204333651699359,-0.581761006289308,0.0,0.0,0.331938944260237,0.0675847207182934,2,0.8894670748043172
211748,211748,0.364605349007634,3959,0,False,-1.0,-0.204333651699359,-0.577287066246057,0.0,0.0,0.329387967861512,0.0673872464071257,2,0.8885380506295246
211764,211764,0.340909965209457,3960,0,False,-1.0,-0.264693443341866,-0.556053811659193,0.0,0.0,0.0841470739878375,0.0218392852560395,2,1.663738449636244
211765,211765,0.346882361786335,3961,0,False,-1.0,-0.279847950716216,-0.55045871559633,0.0,0.0,0.0950681077109024,0.0230212589482828,2,1.6251371377257446
212214,212214,0.250051083334822,3962,0,False,-1.0,-0.219438793317444,-0.1,0.0,0.0,0.195932442191798,0.050150349755126,2,1.2432156423315064
212215,212215,0.311872994853763,3963,0,False,-1.0,-0.268708046833231,-0.117647058823529,0.0,0.0,0.431206198778775,0.0568404556206229,2,0.6507312443141053
212216,212216,0.294371694757364,3964,0,False,-1.0,-0.219438793317444,-0.0631578947368421,0.0,0.0,0.429634425495468,0.0514394444055207,2,0.7749969633911707
212217,212217,0.304764580392141,3965,0,False,-1.0,-0.270637150732329,-0.0666666666666667,0.0,0.0,0.441591189447819,0.0524238114752045,2,0.752197038377375
213286,213286,0.388957669768812,3966,0,False,-1.0,-0.278452832263826,-0.493783303730018,0.0,0.0,0.328346778695365,0.0111708394571962,2,1.042171240895451
213312,213312,0.285816245000718,3967,1,True,,-0.309018715942197,-0.733333333333333,0.0,0.0,0.569152853536592,0.239983288228348,1,2.1614768275958136
213313,213313,0.285897154202615,3968,1,True,,-0.309018715942197,-0.733333333333333,0.0,0.0,0.569284809445812,0.240013781766875,1,2.1614792518423607
213314,213314,0.270369863444892,3969,1,True,,-0.309018715942197,-0.733333333333333,0.0,0.0,0.474810938408233,0.152956292305073,1,1.8436067080627077
213315,213315,0.270164704656736,3970,1,True,,-0.309018715942197,-0.733333333333333,0.0,0.0,0.474171019171647,0.15291141892145,1,1.8450257449900742
213316,213316,0.269945725220732,3971,1,True,,-0.309018715942197,-0.733333333333333,0.0,0.0,0.473456778673052,0.152716720129914,1,1.8459881642118063
213322,213322,0.429933046028579,3972,0,False,-1.0,-0.274462178535091,-0.227272727272727,0.0,-0.0217391304347826,0.793383919686337,0.0326159641376717,2,1.148834196189419
213323,213323,0.433983156245583,3973,0,False,-1.0,-0.274462178535091,-0.235849056603774,0.0,-0.0217391304347826,0.8016510932905,0.0316177277377455,2,1.1734772124637896
213324,213324,0.458410028411126,3974,0,False,-1.0,-0.29932640674909,-0.235849056603774,0.0,-0.0217391304347826,0.867106823771809,0.0255862250614353,2,1.3983414043438949
213325,213325,0.471113514401344,3975,0,False,-1.0,-0.292252880458425,-0.263636363636364,0.0,-0.00224,0.900381616736769,0.0234707615738114,2,1.5020273832045652
213326,213326,0.474064376310128,3976,0,False,-1.0,-0.292252880458425,-0.263636363636364,0.0,-0.0023033892727871,0.910271033227528,0.0229766134185155,2,1.5341106043511799
213327,213327,0.479207154361077,3977,0,False,-1.0,-0.3151675137646,-0.263636363636364,0.0,-0.0023033892727871,0.914821990525303,0.0227575896342007,2,1.5548588448431044
214048,214048,0.377956278566932,3978,0,False,-1.0,-0.276896270919646,-0.462998102466793,0.0,0.0,0.272934194548893,0.0223194611481303,2,1.0737576383048928
214049,214049,0.378350157219757,3979,0,False,-1.0,-0.282354736047913,-0.459770114942529,0.0,0.0,0.273157497094385,0.0212788190944279,2,1.0778406801074776
214050,214050,0.378059967237365,3980,0,False,-1.0,-0.282354736047913,-0.457692307692308,0.0,0.0,0.273477889528057,0.0197333223302707,2,1.0841901248832142
214051,214051,0.377371527819482,3981,0,False,-1.0,-0.282354736047913,-0.453125,0.0,0.0,0.273741343784673,0.0182452543076305,2,1.0888834731031323
214057,214057,0.376423056607614,3982,1,True,-1.0,-0.288141176832366,-0.443478260869565,,0.0,0.275852126705494,0.0011062812814095,2,1.184179677131456
214058,214058,0.288478742394234,3983,2,True,-1.0,-0.288141176832366,-0.44273127753304,,0.0,,0.0,2,1.938242955332082
214059,214059,0.375451684735777,3984,1,True,-1.0,-0.274847551893084,-0.449392712550607,,0.0,0.275360976586799,0.0038898893704596,2,1.1679123851070023
214060,214060,0.373525521114773,3985,1,True,-1.0,-0.274847551893084,-0.439490445859873,,0.0,0.275702633167839,0.0025575140006127,2,1.1700510847704046
214345,214345,0.672296089732301,3986,0,False,-1.0,-0.469538071764189,-0.651428571428571,-0.965313028764805,-0.0755417956656347,0.879020032152148,0.0195865119809671,3,2.3102515704326105
214346,214346,0.671838303605583,3987,0,False,-1.0,-0.469538071764189,-0.65625,-0.965313028764805,-0.0764890282131661,0.870410787735574,0.0203379675353871,3,2.307356267265747
214555,214555,0.407209609683837,3988,0,False,-1.0,-0.377582196890608,-0.299363057324841,0.0,0.0,0.551009905959063,0.0685582601414325,2,0.46470049016710885
214556,214556,0.409472440602553,3989,0,False,-1.0,-0.340041618758692,-0.335570469798658,0.0,0.0,0.561626365171101,0.0581362261798218,2,0.46341652885085366
214756,214756,0.35640547460225,3990,0,False,-1.0,-0.292286852263529,-0.287878787878788,0.0,0.0,0.45297581716292,0.0770547019266612,2,0.30856646991586734
214757,214757,0.263821825031491,3991,0,False,-1.0,-0.307215947249403,-0.252032520325203,0.0,0.0,0.0287977051008604,0.0001099179359914,2,1.8422681509624546
214758,214758,0.381524658569094,3992,0,False,-1.0,-0.307215947249403,-0.286821705426357,0.0,0.0,0.538296945471376,0.0048014621150434,2,0.8364270477934198
214759,214759,0.381013862561781,3993,0,False,-1.0,-0.307215947249403,-0.286821705426357,0.0,0.0,0.536579743326908,0.0057210737494237,2,0.8275409196538613
214760,214760,0.380246025299,3994,0,False,-1.0,-0.307215947249403,-0.284615384615385,0.0,0.0,0.533998347602034,0.0063126462435648,2,0.821785048111124
214931,214931,0.262860357958311,3995,0,False,-0.140458821755787,-0.31052711795777,-0.244444444444444,-0.863636363636364,0.0,0.590803590927889,0.0634123747136418,3,2.5883009640314296
215030,215030,0.507261449231481,3996,2,True,-1.0,-1.0,-1.0,,-1.0,,0.0,3,5.116261121724014
215031,215031,0.743468169022977,3997,1,True,-1.0,-1.0,-1.0,,-1.0,0.98681617140671,0.0010917504041676,3,4.192668463764781
215032,215032,0.744744918147238,3998,1,True,-1.0,-1.0,-1.0,,-1.0,0.987793425944104,0.005006565791328,3,4.183372837164639
215033,215033,0.75479075826864,3999,1,True,-1.0,-1.0,-1.0,,-1.0,0.99823100159697,0.0314323541169934,3,4.129975433871803
215106,215106,0.583011963732986,4000,2,True,,-1.0,-1.0,,0.0,0.999625267666013,0.0097273737561645,1,1.811554180475313
215107,215107,0.581958839823183,4001,2,True,,-1.0,-1.0,,0.0,0.998418953147591,0.0083143561642973,1,1.8141570624420686
215108,215108,0.581817026332527,4002,2,True,,-1.0,-1.0,,0.0,0.998308375886692,0.0062791024164617,1,1.819338395605389
215109,215109,0.581452569652991,4003,3,True,,-1.0,-1.0,,,0.99790417174486,0.0059255345368217,1,1.8199590748886407
215110,215110,0.581641810611854,4004,3,True,,-1.0,-1.0,,,0.998134800436354,0.0050857584128651,1,1.8223774017055414
215111,215111,0.581865324661969,4005,3,True,,-1.0,-1.0,,,0.998392647987874,0.0043604455468318,1,1.8245362741737294
215112,215112,0.582890500743274,4006,3,True,,-1.0,-1.0,,,0.999518916039075,0.0032082463631576,1,1.828570161090838
215113,215113,0.583333333333333,4007,3,True,,-1.0,-1.0,,,1.0,0.0029275270153573,1,1.8297239654866517
215114,215114,0.333333333333333,4008,4,True,,1.0,1.0,,,,0.0,4,4.628587527573418
215134,215134,0.497194283723838,4009,0,False,-1.0,-0.260991963101364,-0.217595307917889,-0.0111287758346582,0.0,1.0,0.295451637437117,2,2.573500963970824
215135,215135,0.955702378761025,4010,0,False,1.0,1.0,1.0,-1.0,-1.0,1.0,0.295601799067414,4,3.363416217101527
215136,215136,0.957081567647169,4011,0,False,1.0,1.0,1.0,-1.0,-1.0,1.0,0.2972904861718,4,3.3719138703373823
215640,215640,0.355460606257969,4012,0,False,-1.0,-0.31768655161479,-0.608024691358025,0.0,0.0,0.0331695974110731,0.0035185238737288,2,1.9289019667237335
215641,215641,0.362824504588395,4013,0,False,-1.0,-0.310255192182502,-0.609230769230769,0.0,0.0,0.0692201109703531,0.0033328623629069,2,1.8281789092837106
215642,215642,0.431504653416049,4014,0,False,-1.0,-0.310255192182502,-0.613003095975232,0.0,0.0,0.439924444687569,0.0049087693860801,2,1.0904144263772169
215643,215643,0.441615323029536,4015,0,False,-1.0,-0.359244839526174,-0.614906832298137,0.0,0.0,0.442615960906408,0.005518538648009,2,1.1147071949286842
215829,215829,0.258215520982823,4016,0,False,0.0,-0.134247248541573,-0.144736842105263,0.0,0.0,0.921168646893657,0.234034114121775,1,2.130820951106634
215830,215830,0.263296014948422,4017,0,False,0.0,-0.146169840983575,-0.158163265306122,0.0,0.0,0.923524424202691,0.234949896741888,1,2.1103025910172843
215928,215928,0.262870692365278,4018,0,False,0.0,-0.259486698740916,-0.28804347826087,0.0,0.0,0.63368953933721,0.0895745797883234,1,1.2778449600970354
216096,216096,0.41559880227483,4019,3,True,,-0.58280197391345,-0.96,,,0.851314471984969,0.0879582587266716,1,1.17149709852825
216097,216097,0.417117040971559,4020,3,True,,-0.58280197391345,-0.963636363636364,,,0.852793610579217,0.0891622934940429,1,1.1816487178983908
216098,216098,0.448268483098818,4021,3,True,,-0.58280197391345,-0.963636363636364,,,0.930544738634318,0.0653807859144406,1,1.1653426121536352
216099,216099,0.449240037703346,4022,3,True,,-0.58280197391345,-0.963636363636364,,,0.931858922816886,0.0653092300206284,1,1.1660375713085835
216100,216100,0.480761188761781,4023,3,True,,-0.58280197391345,-0.964285714285714,,,0.985355533629002,0.116578081350811,1,1.3149667337031214
216101,216101,0.481198840527927,4024,3,True,,-0.58280197391345,-0.964912280701754,,,0.985700096069539,0.116370510696099,1,1.3157933546231293
216102,216102,0.481406167811429,4025,3,True,,-0.58280197391345,-0.964912280701754,,,0.98599156234565,0.116176437736493,1,1.315369024545657
216103,216103,0.499832523026475,4026,3,True,,-0.61828224521704,-0.964912280701754,,,0.988456895053055,0.161917454315355,1,1.5421651191161734
216104,216104,0.510323219097647,4027,3,True,,-0.61828224521704,-0.984615384615385,,,0.994605880387693,0.156430094894477,1,1.5514798445136762
216482,216482,0.511976023863443,4028,0,False,-1.0,-0.27101752561843,-0.279268292682927,-0.054093567251462,-0.0006490134994807,1.0,0.170095317508509,2,1.8575861329019698
216483,216483,0.560362154165419,4029,0,False,-1.0,-0.306317675866745,-0.28030303030303,-0.0344827586206897,-0.470033562410101,0.961533010732661,0.127519548177572,3,2.136692338303583
216484,216484,0.476652028974417,4030,0,False,-1.0,-0.267806538002109,-0.271645736946464,-0.0036674816625916,-0.0010486577181208,0.885737084357305,0.131590089027066,2,1.3718670775392474
216485,216485,0.475428004518854,4031,0,False,-1.0,-0.242328568238161,-0.278035832780358,-0.0631808278867102,0.0,0.877934338559751,0.128491267986994,2,1.3392197517069697
216486,216486,0.467618345531472,4032,0,False,-1.0,-0.224391415321499,-0.274628879892038,-0.0768472906403941,0.0,0.853567732623699,0.126537329651649,2,1.2639049380421143
216487,216487,0.453233148258598,4033,0,False,-1.0,-0.194123795715419,-0.277966101694915,-0.023023023023023,0.0,0.822829559287148,0.121246440390583,2,1.1436217256597754
216488,216488,0.448669524703856,4034,0,False,-1.0,-0.240428341141907,-0.288343558282209,-0.0027548209366391,0.0,0.765199031247649,0.124027552519033,2,0.9619816367007596
216562,216562,0.34345681483876,4035,3,True,,-0.470802118845353,-0.833333333333333,,,0.899608625292317,0.0655556912682714,1,0.8829194691245222
216570,216570,0.250868121336393,4036,3,True,,-0.438857392908536,-0.714285714285714,,,0.427718783664093,0.0303644107338399,1,1.688526843613454
216703,216703,0.298023906381645,4037,0,False,-1.0,-0.210769273812622,-0.0659340659340659,0.0,0.0,0.499180316332019,0.0101812711498979,2,0.9760588605393137
216704,216704,0.297632165192943,4038,0,False,-1.0,-0.210769273812622,-0.0666666666666667,0.0,0.0,0.497777269453654,0.0085300711201854,2,0.9868069481167794
216705,216705,0.298781719658555,4039,0,False,-1.0,-0.218786812377693,-0.0666666666666667,0.0,0.0,0.497244071555656,0.008031952498977,2,0.9887966656270668
216706,216706,0.298549992124286,4040,0,False,-1.0,-0.218786812377693,-0.0666666666666667,0.0,0.0,0.496527208962559,0.007457865631551,2,0.9929756175625407
216707,216707,0.297574170372879,4041,0,False,-1.0,-0.218786812377693,-0.0666666666666667,0.0,0.0,0.494227995798696,0.0050171062567673,2,1.0108429972979895
216708,216708,0.29731373877013,4042,0,False,-1.0,-0.218786812377693,-0.0666666666666667,0.0,0.0,0.494032162294867,0.0045571457128904,2,1.0142108147269384
216709,216709,0.296702040887527,4043,0,False,-1.0,-0.218786812377693,-0.0666666666666667,0.0,0.0,0.493545517755781,0.0035788323444991,2,1.021406927133251
216710,216710,0.294547377191249,4044,0,False,-1.0,-0.218786812377693,-0.0561797752808989,0.0,0.0,0.492686254439742,0.0021669217469196,2,1.046579839366004
216711,216711,0.294129899046383,4045,0,False,-1.0,-0.218786812377693,-0.0561797752808989,0.0,0.0,0.491704767678564,0.0013382447372475,2,1.052732326500352
216752,216752,0.300231644485407,4046,0,False,-1.0,-0.210769273812622,-0.0659340659340659,0.0,0.0,0.506423602462965,0.0024826643574182,2,1.0313869906540627
216753,216753,0.300359903955799,4047,0,False,-1.0,-0.210769273812622,-0.0659340659340659,0.0,0.0,0.506607061645763,0.0034081685743903,2,1.024617798062464
217181,217181,0.313655672350694,4048,0,False,-1.0,-0.268708046833231,-0.158878504672897,0.0,0.0,0.388779844685749,0.15050384600882,2,0.814396410674837
217249,217249,0.431370240155545,4049,0,False,-1.0,-0.240428341141907,-0.28952772073922,-0.0027548209366391,0.0,0.658475206220157,0.110083045741701,2,0.5875756224984661
217250,217250,0.436293101904236,4050,0,False,-1.0,-0.194123795715419,-0.280354706684857,-0.023023023023023,0.0,0.714625886703225,0.108643636557667,2,0.7671393126973229
217251,217251,0.450391303134652,4051,0,False,-1.0,-0.224880696741979,-0.278343516632722,-0.0859977949283352,0.0,0.740719479810718,0.114935313849141,2,0.8838894447968557
217252,217252,0.461697567185785,4052,0,False,-1.0,-0.242328568238161,-0.28189712758851,-0.0855745721271394,0.0,0.777636374376668,0.114715489367728,2,0.9965633663134477
217253,217253,0.463675996586359,4053,0,False,-1.0,-0.267806538002109,-0.275065963060686,-0.0036674816625916,-0.0010486577181208,0.797146427579727,0.119510838946623,2,1.0549463781265742
217254,217254,0.545821092081366,4054,0,False,-1.0,-0.310976078859548,-0.282115869017632,-0.0344827586206897,-0.470033562410101,0.863769300850926,0.118496006563503,3,2.110143198908037
217384,217384,0.349811463891846,4055,3,True,,-0.474512607816497,-0.833333333333333,,,0.787074056991935,0.0232831508147246,1,0.9928413668151117
217385,217385,0.320498935390161,4056,3,True,,-0.474512607816497,-0.833333333333333,,,0.701143105078838,0.156982881148731,1,1.3851348507513959
217386,217386,0.32024224086269,4057,3,True,,-0.474512607816497,-0.833333333333333,,,0.751806148799136,0.0139463484064581,1,1.0688016082234082
217387,217387,0.341987501673826,4058,3,True,,-0.474512607816497,-0.833333333333333,,,0.845235764741227,0.0191337629061391,1,0.966326337185646
217388,217388,0.278823437303342,4059,3,True,,-0.474512607816497,-0.833333333333333,,,0.369319474750785,0.022699572408671,1,1.9675262472198685
217389,217389,0.525333349018104,4060,3,True,,-0.702000094108624,-0.95,,,1.0,0.23512087910881,1,2.0500003930273922
217390,217390,0.438106699674527,4061,3,True,,-0.702000094108624,-0.95,,,0.747595188308754,0.0055524129012402,1,1.3637748063611106
217391,217391,0.25172953106878,4062,3,True,,-0.390895875604833,-0.714285714285714,,,0.482368146330481,0.0774916322876012,1,1.5320754229046067
217392,217392,0.259213111664448,4063,3,True,,-0.390895875604833,-0.714285714285714,,,0.538920613890647,0.0382225556384466,1,1.3756944848247168
217393,217393,0.259002242659327,4064,3,True,,-0.390895875604833,-0.714285714285714,,,0.592473168718164,0.0224624321229354,1,1.2620043216161014
217394,217394,0.258767967653959,4065,3,True,,-0.390895875604833,-0.714285714285714,,,0.594882217810629,0.0218330204737033,1,1.2574550437915935
217502,217502,0.362337908910466,4066,0,False,-1.0,-0.204333651699359,-0.580441640378549,0.0,0.0,0.293211903626682,0.0296049835317712,2,1.1085969209664426
217503,217503,0.358320176324935,4067,0,False,-1.0,-0.204333651699359,-0.564668769716088,0.0,0.0,0.312434408382937,0.0631298009844834,2,0.9191503356559303
217504,217504,0.340428367285417,4068,0,False,-1.0,-0.284965704741348,-0.506065857885615,0.0,0.0,0.0696234824131028,0.0452505819185315,2,1.6056084645446138
217505,217505,0.397090817862225,4069,0,False,-1.0,-0.284965704741348,-0.508620689655172,0.0,0.0,0.399469199197625,0.277978356019212,2,1.8569954833741704
217506,217506,0.346954561055575,4070,0,False,-1.0,-0.137782351545108,-0.236313868613139,0.0,0.0,0.792870197343381,0.531528410105751,2,4.256616967333694
217578,217578,0.359761752202168,4071,0,False,-1.0,-0.191177454772231,-0.153452685421995,0.0,-0.381868131868132,0.571761182851087,0.0425442270752491,2,1.6592673410398908
217579,217579,0.360033622207197,4072,0,False,-1.0,-0.191177454772231,-0.156010230179028,0.0,-0.381868131868132,0.569673861728536,0.0422147334433058,2,1.6576624827293818
217580,217580,0.475943348130767,4073,0,False,-1.0,-0.191177454772231,-0.155612244897959,0.0,-0.381868131868132,0.980646798953996,0.151314381816066,2,2.3375861203355113
217581,217581,0.471357905586069,4074,0,False,-1.0,-0.191177454772231,-0.151670951156812,0.0,-0.381868131868132,0.968171859112003,0.140907959273143,2,2.2876592393338058
217582,217582,0.282530147655006,4075,0,False,-1.0,-0.102268072783327,-0.0614657210401891,0.0,-0.302463891248938,0.520961912884959,0.0685446962680418,2,1.4011577059381695
217586,217586,0.251562603933347,4076,0,False,0.0,-0.0828016622937329,-0.0633484162895928,0.0,-0.302463891248938,0.941426587847274,0.154533255314292,1,2.1968609530650247
217590,217590,0.279804277390555,4077,0,False,-1.0,-0.0958246104704072,-0.0562060889929742,0.0,-0.302463891248938,0.516998372068565,0.0686949047423221,2,1.4105018199076111
217591,217591,0.275973759317744,4078,0,False,-1.0,-0.0734564039384341,-0.0518018018018018,0.0,-0.33872502378687,0.514216906078917,0.068224283193401,2,1.5638892673977738
217592,217592,0.370151063333208,4079,0,False,-1.0,-0.0958737769905843,-0.0546697038724374,0.0,-0.33872502378687,0.741593970041799,0.0539497476538637,2,1.7633988077256328
217593,217593,0.392792804895931,4080,0,False,-1.0,-0.0734564039384341,-0.0534521158129176,0.0,-0.33872502378687,0.898806397263348,0.107854775948469,2,2.0569879051526194
217690,217690,0.417523611671776,4081,0,False,-0.81402733383578,-0.115010834553937,-0.215116279069767,0.0,0.0,0.969685262011662,0.214321143780652,2,2.04565138179147
217691,217691,0.421501163401696,4082,0,False,-0.81402733383578,-0.111422093179723,-0.215116279069767,0.0,0.0,0.964598343907947,0.18130534173022,2,1.8745143088151326
217693,217693,0.344899343378069,4083,0,False,-0.140458821755787,-0.262233794916661,-0.186770428015564,0.0,0.0,0.995202387887725,0.150453263820591,1,1.3957716414007422
217695,217695,0.284089414024339,4084,0,False,-0.140458821755787,-0.262233794916661,-0.190661478599222,0.0,0.0,0.801970325460022,0.0677823101609458,1,1.0714497498348658
217696,217696,0.321187501859108,4085,0,False,-0.140458821755787,-0.262233794916661,-0.186770428015564,0.0,0.0,0.945037824696176,0.103027707528869,1,1.13993429032022
217697,217697,0.31565147610855,4086,0,False,-0.140458821755787,-0.262233794916661,-0.182879377431907,0.0,0.0,0.935025752559081,0.104159297083675,1,1.142878804904284
217698,217698,0.327700270098453,4087,0,False,-0.140458821755787,-0.262233794916661,-0.186770428015564,0.0,0.0,0.980535234300004,0.107470524290404,1,1.1850988149019401
217700,217700,0.286935012017213,4088,0,False,-0.140458821755787,-0.236597592220115,-0.123015873015873,0.0,0.0,0.947756079322579,0.100791617872245,1,1.2768961162373185
217703,217703,0.251018424714669,4089,0,False,-0.140458821755787,-0.236597592220115,-0.131474103585657,0.0,0.0,0.763441285140597,0.256335717565872,1,2.204040722624849
217761,217761,0.46410591192768,4090,0,False,-1.0,-0.250716863755253,-0.171948356807512,0.0,0.0,0.978352337885872,0.128992693000329,2,1.7012408987264913
217802,217802,0.333518123825656,4091,2,True,,-0.501108742953936,0.0,0.0,,1.0,0.0974052764171295,1,1.3090088086682652
217803,217803,0.28657878104841,4092,2,True,,-0.406578006833477,0.0,0.0,,0.988264020269675,0.100752444421542,1,1.3527772892806547
217805,217805,0.351096372665892,4093,3,True,,-0.3536070447192,-0.3,,,0.994557663518625,0.236466691626224,1,1.8365779883204376
217814,217814,0.26894110640743,4094,0,False,-1.0,-0.232899917118432,-0.240157480314961,0.0,0.0,0.0872730536953372,0.160653495118134,2,1.588004198399306
217815,217815,0.412026054743285,4095,0,False,-1.0,-0.19742774790046,-0.243725231175694,0.0,0.0,0.676600603584777,0.021594104082979,2,0.9072135610490407
217816,217816,0.253875171975315,4096,0,False,-1.0,-0.194451094931495,-0.246788370520622,0.0,0.0,0.0026010758445166,0.124150953315043,2,1.7592759941835752
217817,217817,0.297692190142762,4097,0,False,-1.0,-0.194451094931495,-0.243983957219251,0.0,0.0,0.166354652777585,0.0142848434617214,2,1.3758881499749822
217859,217859,0.305804484661705,4098,0,False,-1.0,-0.17955349586181,-0.189170664838931,0.0,0.0,0.287054404898441,0.0043818808371444,2,1.154524691494591
217864,217864,0.264851323392409,4099,1,True,0.0,-0.100368519769554,-0.0960264900662252,,0.0,0.948561814741919,0.0228104040267075,1,1.584719563620919
