fid,MS_ID,kmeans_cluster,distance_to_assigned_centroid
24398,24398,2,0.38528791336024953
24399,24399,2,0.382878364521065
24400,24400,2,0.3773413511436907
24403,24403,2,0.38501141765646096
24404,24404,1,0.7633094185698018
24405,24405,1,0.5535400486177047
24406,24406,1,0.5361745242001832
24407,24407,1,0.48045324868947187
24408,24408,1,0.5595973665373076
24409,24409,1,0.487366804818502
24410,24410,1,0.551092240386172
24411,24411,2,0.7263682810405386
24412,24412,3,0.5357232880783034
24415,24415,3,0.5232544410004523
24416,24416,3,0.5164950900918958
24417,24417,3,0.5187334867378337
24418,24418,3,0.5181655185464464
24419,24419,2,0.5235772306219512
24458,24458,3,0.8656249329279817
24459,24459,3,0.8866669615807323
24460,24460,3,0.8856686289366057
24461,24461,3,0.9035616061920925
24462,24462,3,0.9050509418755215
24463,24463,3,0.9653915291762077
24581,24581,3,0.21060245388770832
24582,24582,3,0.21126209698582163
24583,24583,3,0.20983833752648612
24584,24584,3,0.20889289062489222
24585,24585,3,0.2097764166232308
24586,24586,3,0.2079715622264337
24587,24587,3,0.20523310066421013
24588,24588,3,0.2239105506440812
24589,24589,3,0.22445910695363297
24590,24590,3,0.2172169687475165
24591,24591,3,0.2463641166955221
24592,24592,3,0.24640768602513213
24614,24614,1,0.8831452587658789
24615,24615,1,0.8831456605078625
24983,24983,2,0.5292672821275485
24984,24984,2,0.5371175984476859
24985,24985,2,0.5448443282794209
24986,24986,2,0.33551691997508276
24987,24987,2,0.3348771953366267
24988,24988,2,0.25066163755813975
24989,24989,2,0.25026537847962255
24990,24990,2,0.2507677628504687
25029,25029,3,1.2959939985006117
25030,25030,3,1.2962884771841299
25031,25031,3,1.2949687466818844
25032,25032,3,1.0181202081451475
25033,25033,3,0.2454358836380904
25034,25034,3,0.24253443110165593
25035,25035,3,0.18660603122484962
25036,25036,3,0.18240924154704022
25037,25037,3,0.1823487971466816
25038,25038,3,0.16584392238021012
25039,25039,3,0.18385921971366395
25040,25040,3,0.18332238275088758
25041,25041,3,0.18574365715409194
25042,25042,3,0.18704979542809885
25043,25043,3,0.19908701805351786
25044,25044,3,0.20559682711171234
25045,25045,3,0.21281492368396368
25046,25046,3,0.21694905391122993
25118,25118,3,0.5379984600645433
25195,25195,2,0.5262398574420638
25196,25196,2,0.4902754068925406
25197,25197,2,0.4458661049677902
25212,25212,1,0.5135648664449769
25213,25213,1,1.078406805608621
25215,25215,1,0.32953428846774435
25519,25519,3,0.20328496115110314
25520,25520,3,0.20552303012835113
25521,25521,3,0.25160405777274214
25522,25522,3,0.2525820800710191
25523,25523,3,0.25329496852900846
25524,25524,3,0.25303894400646026
25525,25525,3,0.25339121154317584
25526,25526,3,0.2535637257734981
25527,25527,3,0.2544642277215503
25528,25528,3,0.2556947204000501
25529,25529,3,0.2553445862940178
25683,25683,3,0.537094645579268
26078,26078,1,0.7782189412131252
26079,26079,1,0.7782140006238907
26080,26080,1,0.7782097696879678
26081,26081,1,0.7782039219332184
26082,26082,1,0.8831378807371276
26083,26083,1,0.8831277737309561
26084,26084,1,0.8831145162729803
26085,26085,1,0.8830867682397937
26347,26347,3,0.6088442910173099
26348,26348,3,0.6108045444102923
26349,26349,3,0.612199222479263
26350,26350,3,0.6195336396550393
26351,26351,3,0.6223954147687272
26352,26352,3,0.6229073066844131
26353,26353,3,0.6290416909133287
26354,26354,3,0.6260151388001781
26355,26355,3,0.627632036342314
26356,26356,3,0.62568909237749
26357,26357,3,0.6177003953574305
26358,26358,3,0.6185789988020368
26359,26359,3,0.6192591365688078
26360,26360,3,0.6195112110139984
26361,26361,3,0.6189027026161175
26362,26362,3,0.6192214864570446
26363,26363,3,0.6163728806707479
26364,26364,3,0.6165548874717023
26365,26365,3,0.6167184633266208
26366,26366,3,0.6134774656847825
26367,26367,3,0.6089034828234893
26368,26368,3,0.6118142225194486
26369,26369,3,0.6096654780890648
26370,26370,3,0.608475378592831
26371,26371,3,0.6078949653153642
26372,26372,3,0.6082796250941511
26373,26373,3,0.6084037802055213
26374,26374,3,0.607644806325115
26432,26432,2,0.33554633269607537
26433,26433,2,0.4037172622515389
26434,26434,2,0.4019771042391989
26435,26435,2,0.40129412236291045
26436,26436,2,0.3906299900139977
26437,26437,2,0.364673940823858
26438,26438,2,0.3633289870353982
26439,26439,2,0.36116910683647735
26440,26440,2,0.35978136106190567
26441,26441,2,0.3610474868334548
26442,26442,2,0.36224158167363146
26443,26443,2,0.37076752683509157
26444,26444,2,0.3707877340373679
26445,26445,2,0.37102374302535734
26446,26446,2,0.3947575353580423
26452,26452,3,0.7566725417033249
26453,26453,3,0.7567214249977756
26454,26454,3,0.7567438973487788
26455,26455,3,0.7231327048922372
26456,26456,3,0.7231939092693935
26457,26457,3,0.7232209587764064
26458,26458,3,0.7232475121229841
26459,26459,3,0.7232737607607223
26460,26460,3,0.7233003477818988
26461,26461,3,0.723327635046858
26462,26462,3,0.7233558411459416
26463,26463,3,0.7233844270858917
26464,26464,3,0.7244201284899494
26465,26465,3,0.7244527121592733
26466,26466,3,0.7244840021247012
26467,26467,3,0.7245146025959609
26468,26468,3,0.45269434720364715
26469,26469,3,0.4527433310340037
26470,26470,3,0.4527962591757698
26471,26471,3,0.4528453973437822
26472,26472,3,0.45289317781515614
26473,26473,3,0.4529389198966492
26474,26474,3,0.4529823349999011
26475,26475,3,0.4530235441927182
26476,26476,3,0.4530649178375857
26477,26477,3,0.45309898987476255
26478,26478,3,0.44270764851553285
26479,26479,3,0.44269551312258376
26480,26480,3,0.44269213869398605
26481,26481,3,0.44269768574940926
26482,26482,3,0.44269848607491313
26658,26658,2,0.49410959139650473
26659,26659,2,0.493022830107046
26660,26660,2,0.4940761235868426
26661,26661,2,0.4936777015972243
26662,26662,2,0.4934891219154828
26663,26663,2,0.494768014644332
26664,26664,3,0.46787682052820134
26787,26787,1,0.8831529522104496
26788,26788,1,0.8831516061100542
26789,26789,1,0.8438493555439958
26790,26790,1,0.8583860207231582
26791,26791,1,0.8004209631716214
26847,26847,1,0.5577145679198182
26848,26848,1,0.5378288632381442
26849,26849,1,0.5158752924421108
26850,26850,1,0.5584208666204364
26851,26851,1,0.6565598984785712
26852,26852,1,0.6955264759500563
26853,26853,1,0.6470871503144032
27147,27147,3,0.3862193296756485
27148,27148,3,0.3886572344492867
27195,27195,1,0.8607231547612119
27196,27196,1,0.86091189792451
27205,27205,1,0.33160940518500454
27206,27206,1,0.33160940518500454
27209,27209,3,0.4398565431792029
27210,27210,3,0.4639058268744053
27211,27211,3,0.48442252815832976
27212,27212,3,0.4900708958218756
27213,27213,3,0.4935390200319825
27214,27214,3,0.5361572611073451
27215,27215,3,0.558934233734507
27216,27216,3,0.5674943130843889
27376,27376,3,0.35386818398999936
27377,27377,3,0.35484588969274566
27378,27378,3,0.35458451460226836
27379,27379,3,0.35458802077863183
27380,27380,3,0.34864264340439766
27381,27381,3,0.3374156965824796
27382,27382,3,0.311873816965253
27383,27383,3,0.2979702654055539
27385,27385,3,0.28119007892215636
27386,27386,3,0.2560562608928824
27387,27387,3,0.48328499337959024
27388,27388,3,0.6545401703597578
27389,27389,3,0.6552838737338805
27677,27677,1,0.5135648664449769
27678,27678,1,0.5135648664449769
27679,27679,1,0.5894585969848086
27680,27680,1,0.5869542702742844
27681,27681,1,0.581479432798129
27682,27682,1,0.5721918295083044
27716,27716,2,0.4283202063697657
27717,27717,2,0.42950595233854566
27718,27718,2,0.4098586151995694
27719,27719,2,0.40710725581232843
27720,27720,2,0.40529089807032936
27721,27721,2,0.42365566048578784
27722,27722,2,0.4065893462519801
27723,27723,2,0.4104888687569143
27724,27724,2,1.0832377708399592
27725,27725,2,0.43679226556717116
27726,27726,2,0.45777342283992956
27727,27727,2,0.47924464002769535
27728,27728,3,0.467244263614861
27849,27849,1,0.45296745189856286
27850,27850,1,0.4550017157149874
27851,27851,1,0.4454060727758218
27852,27852,1,0.4484496884696285
28249,28249,2,0.4906900375612245
28250,28250,2,0.49497359027527627
28251,28251,2,0.498044073784714
28252,28252,2,0.4990096531694533
28253,28253,2,0.49787452475584704
28254,28254,2,0.4974799677359397
28256,28256,2,0.4995548805129873
28257,28257,3,0.3954367365331243
28258,28258,3,0.39296493583751435
28259,28259,3,0.38508318402261327
28260,28260,3,0.3905099788679541
28261,28261,3,0.3865675980717075
28262,28262,3,0.37926970569544777
28263,28263,3,0.36702269389535613
28264,28264,3,0.36097598713473605
28265,28265,3,0.35756389678900535
28266,28266,3,0.35042392472861816
28447,28447,1,0.4933866398644482
28448,28448,1,0.4946590933013387
28449,28449,1,0.4946590926759516
28450,28450,1,0.4946590985696392
28465,28465,1,0.5712454376284242
28476,28476,1,0.5308075479828736
28477,28477,1,0.5306597759091802
28478,28478,1,0.5302312136418655
28479,28479,1,0.5255967572687298
28706,28706,2,0.42803548746034353
28707,28707,2,0.44709620267136413
28708,28708,2,0.4452262390414269
28709,28709,2,0.6125721223776451
28710,28710,1,0.5772664011337232
28711,28711,1,0.5821884923126197
28712,28712,2,0.6273861344581139
28713,28713,2,0.6230852967245631
28714,28714,2,0.6222472182453017
28715,28715,2,0.6257293718692964
28716,28716,2,0.6240839122995401
28717,28717,1,0.6659024621465651
28718,28718,1,0.670332308790042
28719,28719,1,0.6728810731900454
28720,28720,1,0.6726765228231164
28721,28721,1,0.6722750664596521
28722,28722,1,0.6863840384738681
28723,28723,1,0.686032189590998
28724,28724,1,0.6700183741484712
28725,28725,1,0.6614146032734894
28726,28726,1,0.6498697985215678
28727,28727,1,0.6357333589749012
28728,28728,2,0.62920532205712
28729,28729,1,0.6028662747211588
28730,28730,1,0.6016300682390755
28731,28731,1,0.6001968649881033
28732,28732,1,0.666278599735938
28733,28733,1,0.7536346897898394
28734,28734,2,0.4577947598838215
28735,28735,2,0.4569864088037714
28736,28736,2,0.45712285669093267
28737,28737,2,0.48447434039143616
28738,28738,2,0.48422114412718786
28739,28739,2,0.4839550089424671
28740,28740,2,0.48380964860870507
28741,28741,2,0.4827969726967063
28742,28742,2,0.48491524508250256
28992,28992,2,0.4209068130431399
28993,28993,2,0.4242564937349174
28994,28994,2,0.42584610274215573
28995,28995,2,0.42690561004476785
28996,28996,2,0.4294838137898077
28997,28997,2,0.4321456229807175
28998,28998,2,0.4338315457026284
28999,28999,2,0.4345964783979371
29000,29000,2,0.4370846034778602
29001,29001,2,0.440811641793211
29025,29025,3,0.6134863202812824
29026,29026,3,0.6143072968571678
29027,29027,3,0.9890454146231797
29028,29028,3,0.9903546882607449
29029,29029,3,0.9366217231070212
29030,29030,3,0.8954242043657311
29031,29031,3,0.8964371622023888
29032,29032,3,0.9442433064809548
29033,29033,3,0.9460929003148326
29034,29034,1,1.061229688828583
29043,29043,1,0.5135648664449769
29044,29044,1,0.5135648664449769
29046,29046,3,0.5428972748883105
29136,29136,3,0.463433149275989
29137,29137,3,0.4630202579051433
29138,29138,3,0.4638102736262926
29555,29555,1,0.8383678772587914
29556,29556,1,0.8739598626398517
29560,29560,3,0.6304551180165822
29561,29561,3,0.6218327437023256
29663,29663,3,0.28924998855961115
29664,29664,3,0.2892943929054018
29665,29665,3,0.2893188079751578
29666,29666,3,0.2893188963512977
29667,29667,3,0.28929901621014686
29972,29972,3,0.18142625180412042
29973,29973,3,0.25001929385730065
29974,29974,3,0.2501429126453925
29975,29975,3,0.25121781103300206
29976,29976,3,0.2523846767279482
29977,29977,3,0.25249030033037145
29978,29978,3,0.2545882346932239
29979,29979,3,0.25716890233547574
29980,29980,3,0.2561295808579881
29981,29981,3,0.25078000772013753
30025,30025,3,0.3006489336003961
30026,30026,3,0.27096668991362405
30027,30027,3,0.27770920634058216
30028,30028,3,0.30188740413325105
30029,30029,3,0.31388645819860495
30030,30030,3,0.3297153125938004
30031,30031,3,0.3437100766090503
30032,30032,3,0.34905283595351727
30033,30033,3,0.3490706557907971
30034,30034,3,0.3492173270271715
30035,30035,3,0.3446835305505276
30036,30036,3,0.9076599958489051
30037,30037,3,0.9141555804948266
30332,30332,3,0.686894974010509
30345,30345,3,0.7608982376680016
30346,30346,3,0.6923453360794631
30347,30347,3,0.6292315079496376
30879,30879,3,0.44526012872671494
30880,30880,3,0.4452656537149108
30881,30881,3,0.7569102659125647
30882,30882,3,0.8068880512012607
30895,30895,1,1.0891635695161472
30896,30896,3,1.0079784981669602
30897,30897,3,1.0132083913932433
30898,30898,1,1.0891597183119985
30899,30899,3,0.8539001698351126
30975,30975,3,0.15440085835844924
30976,30976,3,0.15068581001530276
30977,30977,3,0.14901890619740338
30978,30978,3,0.14928242451664514
30979,30979,3,0.14830600530013036
30980,30980,3,0.2110816104528609
30981,30981,3,0.21175329167702692
30982,30982,3,0.21269822270597216
30983,30983,3,0.2167097892971227
30984,30984,3,1.2098944682239279
30985,30985,3,1.2399828488732623
30986,30986,3,0.7535906302092896
30987,30987,3,1.2908864706372105
30988,30988,3,1.291051014617872
30989,30989,3,1.3040122609075597
30990,30990,3,1.3051809786949549
31040,31040,2,0.29713844488758173
31041,31041,2,0.3069434506118139
31042,31042,2,0.294584877801258
31043,31043,2,0.29180232771749903
31044,31044,2,0.2846679590810084
31045,31045,2,0.21142861544747915
31076,31076,2,0.278629322474341
31077,31077,2,0.28523919860823077
31078,31078,2,0.29320999928745556
31079,31079,2,0.300052746133071
31080,31080,2,0.30498659004201073
31081,31081,2,0.3089283036226162
31082,31082,2,0.31347337422715005
31083,31083,2,0.3146782778075875
31084,31084,2,0.3217753989747996
31085,31085,2,0.32427321790600727
31086,31086,2,0.3286440008144051
31087,31087,2,0.3368257916547774
31088,31088,2,0.3382949048843114
31089,31089,2,0.34198474742819684
31119,31119,2,0.39854528994878097
31120,31120,2,0.400572813240498
31121,31121,2,0.4035301789404483
31122,31122,2,0.40548371383741594
31123,31123,2,0.4111489165810332
31128,31128,3,0.9425129171022634
31129,31129,3,0.9423395164557365
31130,31130,3,0.9373519708215976
31131,31131,3,0.9138485803111649
31132,31132,3,0.912774394179443
31133,31133,3,0.9126474175776581
31134,31134,3,0.6970458392902562
31135,31135,3,0.6972034176011686
31136,31136,3,0.6555749734318932
31137,31137,3,0.5490028067199715
31138,31138,3,0.47125418683817044
31139,31139,3,0.3723115257641336
31140,31140,3,0.355939550358734
31141,31141,3,0.3542982253487842
31142,31142,3,0.24898901053157382
31143,31143,3,0.24835197394830366
31144,31144,3,0.18105093429490662
31145,31145,3,0.1795610560117521
31146,31146,3,0.17893549522248986
31147,31147,3,0.18182055275599698
31148,31148,3,0.18422817214638842
31149,31149,3,0.18423494232592394
31150,31150,3,0.18424281663510306
31151,31151,3,0.18425805029992218
31152,31152,3,0.1842793699615358
31153,31153,3,0.1869564305458978
31154,31154,3,0.18708454366046542
31155,31155,3,0.18717312217805682
31156,31156,3,0.18725431950712698
31157,31157,3,0.1887950882346284
31158,31158,3,0.24900149161199403
31159,31159,3,0.24799865393453524
31160,31160,3,0.2487877121275661
31161,31161,3,0.24878296215469614
31162,31162,3,0.2503407529627427
31163,31163,3,0.24978591383010731
31164,31164,3,0.24971808673371948
31165,31165,3,0.2492079559431208
31166,31166,3,0.24967531405852803
31167,31167,3,0.2501147057548935
31168,31168,3,0.23388262786848613
31169,31169,3,0.21535880484782322
31170,31170,3,0.19670807566572146
31171,31171,3,0.1797671709929528
31172,31172,3,0.17236938037421606
31173,31173,3,0.17428792934258192
31174,31174,3,0.17750995734548625
31175,31175,3,0.18449106930794312
31176,31176,3,0.19126757827261154
31177,31177,3,0.19456037144768024
31178,31178,3,0.19749923304048775
31179,31179,3,0.20247682208656773
31245,31245,3,0.35020106645222515
31246,31246,3,0.3744875778067698
31247,31247,3,0.375125905995821
31250,31250,3,0.3843808678706934
31251,31251,2,0.4903150416030217
31252,31252,2,0.4894527054318545
31253,31253,2,0.48656733960361476
31348,31348,2,0.2806297592166117
31349,31349,2,0.2797746770251891
31350,31350,2,0.2798181279605925
31351,31351,2,0.35491868848219754
31352,31352,2,0.35691735237167094
31353,31353,2,0.3599144732343617
31354,31354,2,0.37017411212060997
31355,31355,2,0.37047203526255745
31356,31356,2,0.3755064531906913
31357,31357,2,0.3764298155395312
31358,31358,2,0.5115361109785641
31359,31359,2,0.5285676736476369
31360,31360,2,0.5128809562285839
31361,31361,2,0.5094570061192643
31362,31362,2,0.5031185728672907
31363,31363,2,0.4592415238505231
31364,31364,2,0.4848070109858236
31365,31365,2,0.4337850180494383
31366,31366,2,0.4325317553248077
31367,31367,2,0.43028948773657105
31368,31368,2,0.4291114833617922
31369,31369,2,0.4270369758953876
31370,31370,2,0.426207003690572
31371,31371,2,0.4256259342099072
31372,31372,2,0.4239658950726776
31373,31373,2,0.4238723439334287
31374,31374,2,0.42469853663539064
31375,31375,2,0.4268710834076086
31376,31376,2,0.42850870253844153
31377,31377,2,0.42699531746814134
31378,31378,2,0.42615310660243205
31379,31379,2,0.4249402389289206
31436,31436,2,0.3877668838168844
31630,31630,3,0.27138874724350437
31631,31631,3,0.2682956117776586
31632,31632,3,0.26413372419060904
31633,31633,3,0.2579933253712493
31634,31634,3,0.2504868956039777
31635,31635,3,0.24722213453654984
31636,31636,3,0.2448670723560376
31637,31637,3,0.2415887349248708
31638,31638,3,0.2374404202561262
31639,31639,3,0.22846543093001853
31640,31640,3,0.22935019093161457
31641,31641,3,0.22825129662277754
31642,31642,3,0.23098578145794438
31643,31643,3,0.2327680273959521
31644,31644,3,0.21940216401400636
31645,31645,3,0.2559227938227411
31646,31646,3,0.2591562150189796
31647,31647,3,0.25778158029583653
31648,31648,3,0.26047899673279257
31649,31649,3,0.26381587518932736
31650,31650,3,0.2670757118111659
31651,31651,3,0.3103004507483
31654,31654,1,1.057558448440071
31655,31655,1,1.057556908996985
31706,31706,2,0.5672428718193544
31769,31769,1,0.4206701748019315
31893,31893,1,0.5135648664449769
31894,31894,1,0.5135638748394006
31895,31895,1,0.5135641135603369
31896,31896,1,0.5135648664449769
32043,32043,3,0.9388956532737023
32044,32044,3,0.6805332391334287
32045,32045,1,1.0870850915068013
32046,32046,3,0.9941321887630602
32047,32047,3,0.9938747438670198
32048,32048,3,0.8158745376978771
32150,32150,3,0.5379984600645433
32247,32247,2,0.4018526045934642
32317,32317,1,0.5135556145889136
32318,32318,1,0.5135542359000268
32319,32319,1,0.5135532137041982
32320,32320,1,0.5135525403970036
32321,32321,1,0.5135522123900041
32322,32322,1,0.5135522077658642
32323,32323,1,0.5135525229096981
32324,32324,1,0.5135531516983928
32325,32325,1,0.513554074945597
32326,32326,1,0.5135552761715174
32327,32327,1,0.5135567379674867
32328,32328,1,0.5135584477140313
32329,32329,1,0.5135603874046873
32330,32330,1,0.5135625330693656
32331,32331,1,0.5135648664449769
32334,32334,1,0.5135648664449769
32335,32335,1,0.5135505872997131
32336,32336,1,0.51353676527446
32337,32337,1,0.512670756422988
32338,32338,1,0.5126580590507037
32339,32339,1,0.5126459929071774
32340,32340,1,0.5126345589904043
32341,32341,1,0.5125585887022648
32342,32342,1,0.512548395692728
32343,32343,1,0.5125572776376095
32355,32355,2,0.36761304030777536
32699,32699,1,0.5124660677178731
32700,32700,1,0.5124482981775806
32749,32749,2,0.48946627774351226
32750,32750,2,0.4897700092196342
32751,32751,2,0.4914547905676996
32752,32752,2,0.4878825887496321
32753,32753,2,0.48401503870831303
32784,32784,3,0.7772448665256271
32785,32785,3,0.7922124277291206
32786,32786,3,0.5581551489724124
32787,32787,3,0.5646779009959135
32788,32788,3,0.6311727482547719
32789,32789,3,0.6307886816054543
32790,32790,3,0.3071858588752465
32791,32791,3,0.3384788156334542
32792,32792,3,0.2736311612330313
32793,32793,3,0.26939471245299773
32794,32794,3,0.26863692858961624
32978,32978,1,0.47233127185287205
32979,32979,1,0.47201912727457956
32980,32980,1,0.4727530907823285
32981,32981,1,0.5127589310473535
32982,32982,1,0.5111338098904432
32983,32983,1,0.4221522609151464
32984,32984,1,0.421046199658023
32985,32985,1,0.4201351549202054
32986,32986,3,0.4742167903849427
32987,32987,3,0.4744796037915641
32988,32988,3,0.47428819749679946
32989,32989,3,0.4749350781518271
32990,32990,3,0.47762388532238836
32991,32991,3,0.48119621096308796
32992,32992,3,0.4814551729496252
32993,32993,3,0.485416660284164
32994,32994,3,0.4857288243122672
32995,32995,3,0.4848552461916606
32996,32996,3,0.485103777967857
32997,32997,3,0.48496561828939516
32998,32998,3,0.4844439281456755
32999,32999,3,0.48476528368542404
33000,33000,3,0.48502810306668354
33001,33001,3,0.4839852395697724
33002,33002,3,0.4832525804496755
33003,33003,3,0.7416042507820675
33004,33004,3,0.7411774315945714
33005,33005,1,0.7121575163355522
33006,33006,1,0.4219955454568012
33007,33007,1,0.4405301957622452
33008,33008,1,0.46322702474541433
33009,33009,1,0.4557275613771148
33010,33010,1,0.38141207639845676
33011,33011,1,0.38370774786812045
33012,33012,1,0.3837721149821247
33013,33013,1,0.5123277955308067
33014,33014,1,0.5123412973671388
33015,33015,1,0.5123982183395549
33016,33016,1,0.5125287854460568
33563,33563,3,0.5910972945674485
33564,33564,2,0.4769418535193902
33568,33568,2,0.40199223215188473
33569,33569,2,0.3725979594217251
33570,33570,2,0.4075191314443706
33571,33571,2,0.4066878975882065
33572,33572,2,0.40971343605845434
33573,33573,2,0.4103242919651661
33574,33574,2,0.4137554591031364
33575,33575,2,0.4120969426226953
33576,33576,2,0.3999902524448461
34285,34285,2,0.31391165532578397
34286,34286,2,0.3148090167019624
34287,34287,2,0.3129963712645291
34289,34289,2,0.32937968921850796
34290,34290,2,0.3276853282247965
34291,34291,2,0.40131237706158684
34292,34292,2,0.4004020485132016
34293,34293,2,0.3969755950335014
34299,34299,3,0.4026706500838257
34300,34300,3,0.3933967540462313
34301,34301,1,0.48344580277811955
34303,34303,1,0.38657155218394584
34304,34304,1,0.38537722132758584
34305,34305,1,0.37725537159715533
34306,34306,1,0.3754547147993463
34307,34307,1,0.3609581831570961
34308,34308,1,0.35043028842989754
34309,34309,1,0.34938139478238933
34310,34310,1,0.3130709963269782
34311,34311,1,0.29185522544277054
34312,34312,1,0.2868655076596025
34313,34313,1,0.2867467959554094
34314,34314,1,0.986515379250012
34315,34315,1,0.2636314829544412
34316,34316,1,0.261167673527364
34317,34317,1,0.2479792841274992
34318,34318,1,0.2473575954608133
34319,34319,1,0.2578605126252118
34320,34320,1,0.4727710291004872
34321,34321,1,0.47288301119272363
34322,34322,1,0.47503650150851406
34323,34323,1,0.3799541148313103
34324,34324,1,0.3804844500223826
34325,34325,1,0.2546444613080826
34326,34326,1,0.2554131709730417
34327,34327,1,0.26262632788685214
34328,34328,1,0.2626754362508157
34329,34329,1,0.26278176038457013
34330,34330,1,0.2638412823332863
34331,34331,1,0.9911493910481411
34332,34332,1,0.28748350975115405
34333,34333,1,0.28784282074194784
34334,34334,1,0.29826561343025054
34335,34335,1,0.31363416787763365
34336,34336,1,0.3498077304111455
34337,34337,1,0.35085880445024453
34338,34338,1,0.47445214216890996
34340,34340,1,0.48344580277811955
34341,34341,3,0.4559608456637
34342,34342,2,0.29078409893564605
34343,34343,2,0.2914870816390143
34344,34344,2,0.2909295255965126
34345,34345,2,0.291543108008887
34346,34346,2,0.29707666246996367
34347,34347,2,0.3013131385796554
34348,34348,2,0.36435758788291317
34394,34394,1,0.6310389757726605
34395,34395,1,0.6376940793713707
34396,34396,1,0.6268998242740532
34397,34397,1,0.6289231076336101
34398,34398,1,0.6309973534248098
34399,34399,1,0.6361650313985174
34400,34400,1,0.6384250383088209
34401,34401,1,0.6384226849074728
34402,34402,1,0.6330897603125942
34403,34403,1,0.6125629101762624
34404,34404,2,0.653223121885315
34405,34405,2,0.7949706079871536
34406,34406,2,0.3722677616584384
34697,34697,3,0.15594313118303474
34698,34698,3,0.15060979409644837
34699,34699,3,0.14636714333144699
34700,34700,3,0.20393955493225366
34701,34701,3,0.156056650973368
34702,34702,3,0.1499091155074956
34703,34703,3,0.14885107392604074
34704,34704,3,0.14808748109211414
34948,34948,2,0.4619617317587798
34949,34949,2,0.4544756074309579
35079,35079,1,0.5135648664449769
35080,35080,1,0.5135648664449769
35092,35092,1,0.5135648664449769
35093,35093,1,0.5135648078130999
35094,35094,1,0.5135648664449769
35568,35568,3,0.24652338702898197
35569,35569,3,0.24425089956978693
35570,35570,3,0.24282645917420742
35571,35571,3,0.2337101455576353
35572,35572,3,0.2237425424243724
35573,35573,3,0.2237457252848062
35574,35574,3,0.22284631073563324
35575,35575,3,0.22311173495541842
35576,35576,3,0.22407789663367786
35577,35577,3,0.22454502752779928
35578,35578,3,0.23063596486931262
35579,35579,3,0.2178683817040532
35580,35580,3,0.21618850452660524
35581,35581,3,0.23857017593063515
35582,35582,3,0.23962235632425405
35583,35583,3,0.24105929906120846
35919,35919,3,0.7605283375561341
35920,35920,3,0.7605569542458153
35921,35921,3,0.7604717519837373
35922,35922,3,0.7596447910345728
35925,35925,3,0.7597008427953745
35926,35926,3,0.7596856146150627
35927,35927,3,0.7596785959690462
35928,35928,3,0.7597500930119627
35929,35929,3,0.7597319791557999
35930,35930,3,0.7597175983358686
35931,35931,3,0.7598440147369365
35932,35932,3,0.7598220018383803
35933,35933,3,0.7599842308109838
36058,36058,2,0.6695501499307552
36059,36059,2,0.4960073355727493
36060,36060,2,0.4933814144147767
36061,36061,2,0.466412101400059
36062,36062,2,0.4661185933761078
36063,36063,2,0.42491397151793825
36064,36064,2,0.5478492806944409
36065,36065,1,0.6318874167176116
36066,36066,1,0.6499722707931274
36067,36067,1,0.635179201264106
36068,36068,1,0.6291678696446659
36069,36069,1,0.61696262300938
36070,36070,2,0.5315532525460503
36071,36071,2,0.5310488218320697
36072,36072,2,0.40198166598506935
36073,36073,2,0.45253159863917136
36074,36074,2,0.44789954803293786
36075,36075,2,0.47596414286356986
36076,36076,2,0.4712106061901125
36077,36077,2,0.46808835942395866
36078,36078,2,0.46538159418504105
36079,36079,2,0.4631633109127463
36080,36080,2,0.4591037573552721
36081,36081,2,0.4529136071143021
36082,36082,2,0.44967846596109573
36083,36083,2,0.4475111557631121
36084,36084,2,0.44729485037679284
36085,36085,2,0.4494896546746673
36086,36086,2,0.4491405058527871
36087,36087,2,0.4505466667665721
36088,36088,2,0.45291032252299573
36089,36089,2,0.45448017591983686
36090,36090,2,0.4536120414452338
36091,36091,2,0.4523655734828007
36138,36138,3,0.4963274842831141
36139,36139,3,0.49559515022407974
36140,36140,3,0.4893795519965819
36178,36178,3,0.4700996367510189
36179,36179,3,0.4545755811080971
36180,36180,3,0.452049337397649
36181,36181,3,0.4505169868516161
36182,36182,3,0.4534936240375011
36183,36183,3,0.45130641427120904
36184,36184,3,0.4465649264089506
36185,36185,3,0.44142310307479643
36186,36186,3,0.43872439731944307
36187,36187,3,0.43739498511327335
36188,36188,3,0.4305818327346079
36189,36189,3,0.4256748489011041
36190,36190,3,0.4194322153262703
36221,36221,3,0.18589655862136925
36222,36222,3,0.18608225751701063
36223,36223,3,0.20212176048181368
36224,36224,3,0.20221358132433145
36225,36225,3,0.20180807152750743
36226,36226,3,0.19660036396024494
36227,36227,3,0.17598727240104003
36228,36228,3,0.17622644965202677
36229,36229,3,0.17798765781934173
36230,36230,3,0.17827859002896282
36231,36231,3,0.17854155215605572
36232,36232,3,0.1815301340773857
36431,36431,1,0.6554592250694925
36432,36432,1,0.5241405187973088
36440,36440,1,0.5794350496734142
36441,36441,1,0.5718006198302228
36442,36442,1,0.5711767052373622
36443,36443,1,0.5706069809076003
36444,36444,1,0.5708269194906599
36445,36445,1,0.5708739973043441
36446,36446,1,0.568973594072184
36719,36719,2,0.36408922670450333
36792,36792,2,0.14291595580356536
36793,36793,2,0.14251983896231482
36794,36794,2,0.14226892182554585
36795,36795,2,0.1430478510327885
36796,36796,2,0.5162778904900033
36797,36797,2,0.40539593170552435
36798,36798,2,0.4053671837916215
36799,36799,2,0.40530489480977544
36800,36800,2,0.5161953603047763
36801,36801,2,0.5161783015375553
36802,36802,2,0.5160663216019175
36803,36803,2,0.5099747209534248
36804,36804,2,0.3951103031234884
36805,36805,2,0.14372925196787673
36806,36806,2,0.15436933730399033
36807,36807,2,0.20043311510862666
36988,36988,2,0.4254381957374366
36991,36991,2,0.5217024301798551
36992,36992,2,0.5248195334800091
37086,37086,1,0.5135647970207089
37087,37087,1,0.5135648182612694
37088,37088,1,0.5135648353112017
37089,37089,1,0.5135648664449769
37256,37256,1,1.0665441873231016
37257,37257,1,1.066142472309291
37258,37258,1,1.066441114169847
37259,37259,1,1.0665570480175
37260,37260,1,0.4883141748623585
37261,37261,1,0.48852341594737136
37262,37262,1,0.4896856075422963
37263,37263,1,0.4901135370801714
37405,37405,1,0.513564830841935
37406,37406,1,0.5135648664449769
37414,37414,1,0.5135648664449769
37415,37415,1,0.5135648228068892
37416,37416,1,0.5135648664449769
37897,37897,2,0.3063691833255541
37898,37898,2,0.30702148922864686
37914,37914,2,0.6915214931878859
37915,37915,2,0.641874472305787
37916,37916,2,0.6177058073290457
37988,37988,3,0.4683304186578175
37989,37989,2,0.47560674717152385
37990,37990,2,0.45320125508554493
37991,37991,2,0.43993660003144663
37992,37992,2,1.0887002595725415
37993,37993,2,1.0873260544178243
37994,37994,2,0.4237696938381645
37995,37995,2,0.41425843062774115
37996,37996,2,0.41357044802062415
37997,37997,2,0.4130328014783195
37998,37998,2,0.40977968249079333
37999,37999,2,0.4238126111016364
38000,38000,2,0.4132792401237228
38001,38001,2,0.4140216453181948
38002,38002,2,0.42675076739237877
38003,38003,2,0.43039405110964746
38152,38152,1,0.6132523506437294
38153,38153,2,0.5734413908559982
38154,38154,2,0.5816672379960371
38155,38155,2,0.5859062498362657
38156,38156,2,0.5860835255479651
38157,38157,2,0.5851447473221529
38158,38158,2,0.5839925436876273
38159,38159,2,0.5694023427614748
38160,38160,2,0.5682629633064152
38161,38161,2,0.5607852734448566
38595,38595,2,0.44728143847945995
38596,38596,2,0.44711865253607846
38597,38597,2,0.446633660656071
38598,38598,2,0.4433914701963925
38599,38599,2,0.4421202330583625
38600,38600,2,0.44004034904033235
38601,38601,2,0.4379281571542165
38602,38602,2,0.4404369979930533
38603,38603,2,0.43966029941564566
38604,38604,2,0.43592094628680034
38605,38605,2,0.4362391714398947
38606,38606,2,0.4433463817505637
38607,38607,2,0.4503172848149966
38608,38608,2,0.4423799275195241
38609,38609,2,0.44291532259785527
38610,38610,2,0.4492299382747271
38611,38611,2,0.4214524587424936
38612,38612,2,0.4268633914716485
38613,38613,2,0.40447946504924953
38614,38614,2,0.6093939227877512
38615,38615,2,0.6098574389241265
38616,38616,2,0.5349900295007891
38617,38617,1,0.6143972049514596
38618,38618,1,0.619327873462102
38619,38619,1,0.6312069780411741
38620,38620,1,0.6363943813905122
38621,38621,1,0.6287091369642464
38622,38622,2,0.5483947223141828
38623,38623,2,0.4290208557865628
38624,38624,2,0.4651122002014122
38625,38625,2,0.46575530083147376
38626,38626,2,0.49528928767461766
38627,38627,2,0.4979265105226663
38628,38628,2,0.5030214982994966
38629,38629,2,0.6737564023423747
38630,38630,2,0.6739396266997724
38686,38686,1,0.45305331673286786
38687,38687,1,0.45306428327717574
38688,38688,1,0.47255578290673295
38689,38689,1,0.4726756000782746
38798,38798,2,0.4833997630500139
38799,38799,2,0.48853775931935733
38851,38851,2,0.38990173235572695
38852,38852,2,0.2973200063458836
38853,38853,2,0.29610600964699435
38854,38854,2,0.29481377105343637
38855,38855,2,0.2910007980161522
38856,38856,2,0.2910407607959898
38914,38914,3,1.3541099035020847
38915,38915,3,1.2958624275039394
38916,38916,3,1.2952290656700063
38917,38917,3,1.2945950978047767
38918,38918,3,1.2948778217602672
38919,38919,3,1.2943937320909686
38920,38920,3,1.2938402699820144
38921,38921,3,1.0670469230950717
38922,38922,3,0.4017967595239646
38923,38923,3,0.23755959877739038
38924,38924,3,0.23402431850074054
38925,38925,3,0.23174654636550504
38926,38926,3,0.22887428694169737
38927,38927,3,0.16837291368178287
38928,38928,3,0.1644360671537632
38929,38929,3,0.163250407726011
38930,38930,3,0.16597633523077138
38931,38931,3,0.16090763447653833
38937,38937,1,0.5135648664449769
39042,39042,2,0.43515997324678035
39043,39043,2,0.5235872067996693
39044,39044,2,0.5265250711567092
39045,39045,2,0.3737891586549206
39394,39394,3,0.9673964572036323
39395,39395,3,0.9645335400697124
39396,39396,3,0.9115177827635997
39397,39397,3,0.8929477526009724
39398,39398,3,0.8924362906374038
39672,39672,3,0.2259425928898358
39673,39673,3,0.22023628603010748
39674,39674,3,0.2154622044295618
39675,39675,3,0.20862816034337914
39676,39676,3,0.20542067567132122
39677,39677,3,0.21199679050294556
39678,39678,3,0.21558260882869798
39679,39679,3,0.2247190683064324
39707,39707,3,0.2018414928141158
39708,39708,3,0.20137356941395348
39709,39709,3,0.19804953121931118
39710,39710,3,0.19427421769022893
39711,39711,3,0.19456691906752974
39712,39712,3,0.197607114654081
39713,39713,3,0.20780551486331725
39714,39714,3,0.21485315969863855
39715,39715,3,0.20743144373583555
39716,39716,3,0.21699098057705132
39717,39717,3,0.21827980142415931
39718,39718,3,0.23529424546619274
39719,39719,3,0.23620158088480595
39720,39720,3,0.23881304228437575
40423,40423,3,0.25253500709708765
40424,40424,3,0.25246966871706256
40425,40425,3,0.2605889250419539
40426,40426,3,0.26059162729532703
40427,40427,3,0.27200723977245483
40428,40428,3,0.27158779409326617
40429,40429,3,0.2711087673088627
40430,40430,3,0.2719051985069028
40431,40431,3,0.2710121354715562
40432,40432,3,0.27052473863543863
40433,40433,3,0.27153370250682796
40434,40434,3,0.2723985799025804
40435,40435,3,0.27207579269498466
40436,40436,3,0.2722659837142948
40437,40437,3,0.2714833146741438
40438,40438,3,0.2728683925026871
40439,40439,3,0.2737654241022078
40440,40440,3,0.2734775749464384
40441,40441,3,0.27371471110914064
40442,40442,3,0.27855040672469256
40443,40443,3,0.4091631158357011
40444,40444,3,0.4145307190807183
40445,40445,3,0.42037210387340934
40446,40446,3,0.42219513551345356
40447,40447,3,0.5201123398820259
40448,40448,3,0.5813589838630928
40449,40449,3,0.5821556349735375
40450,40450,3,0.6826974610687836
40451,40451,3,0.7221074629898699
40452,40452,3,0.7220561252293856
40453,40453,3,0.9326195871172932
40454,40454,3,0.9389409807082151
40455,40455,3,0.9394732696233044
40456,40456,3,0.9425129171022634
40469,40469,1,0.5423416631657714
40470,40470,1,0.5547977516689534
40471,40471,1,0.5450904879381775
40472,40472,1,0.5328590225759052
40473,40473,1,0.5350112117510346
40624,40624,3,0.28312845846642065
40625,40625,3,0.2847703303816721
40626,40626,3,0.2826242674560145
40627,40627,3,0.2828042007841632
41050,41050,1,0.3819543877405741
41051,41051,1,0.24962384891290437
41052,41052,1,0.24921007338164766
41053,41053,1,0.2488006785786202
41054,41054,1,0.24714279185883792
41055,41055,1,0.2539123173698102
41056,41056,1,0.21018554473403414
41057,41057,1,0.20970406744176273
41058,41058,1,0.17256361359687283
41059,41059,1,0.17292792454861033
41060,41060,1,0.25600163417221605
41061,41061,1,0.2568350278809221
41062,41062,1,0.2569722534880856
41063,41063,1,0.3598930899142392
41064,41064,1,0.3591056974879125
41065,41065,1,0.3330871805265161
41066,41066,1,0.6305600106625276
41086,41086,1,0.6605189458195382
41087,41087,1,0.6600031494703202
41088,41088,1,0.659387956423554
41089,41089,1,0.6565155565953381
41090,41090,1,0.6495530372753601
41091,41091,1,0.6505852969260721
41092,41092,1,0.6502975733718988
41093,41093,1,0.6499690394004357
41094,41094,1,0.649748856284238
41095,41095,1,0.6683909566581445
41160,41160,2,0.2799141656724908
41161,41161,2,0.48793851189184384
41162,41162,2,0.4876466646871949
41163,41163,2,0.49273411446075943
41164,41164,2,0.5293229800115679
41165,41165,2,0.5284100880507483
41166,41166,2,0.5343448780504151
41167,41167,2,0.6942336904469683
41610,41610,2,0.7189085430709798
41611,41611,2,0.32231453157769124
41612,41612,2,0.3294597401664033
41613,41613,2,0.3265510388563384
41614,41614,2,0.31407315497917493
41615,41615,2,0.3110734559793614
41656,41656,2,0.5210949939099383
41657,41657,2,0.5187435228002211
41658,41658,2,0.5237546341834687
41659,41659,2,0.5138502086474294
41660,41660,2,0.5092458330846625
41661,41661,2,0.49915483785643777
41662,41662,2,0.4872751534561187
41663,41663,2,0.4908281326792482
41664,41664,2,0.4975783764588871
41665,41665,2,0.4988572430620659
41666,41666,2,0.5007971779283376
41667,41667,2,0.5012287273860812
41668,41668,2,0.49773606058173087
41669,41669,2,0.496229067700382
41670,41670,2,0.49427227474592544
41671,41671,2,0.49424857442571
41672,41672,2,0.4915364235427026
41673,41673,2,0.4876491517095236
41674,41674,2,0.48585936077779435
41675,41675,2,0.47927231731166076
41676,41676,2,0.4759882168612176
41677,41677,2,0.48346012989607545
41736,41736,1,1.4318560439796106
41737,41737,3,1.3931622085503028
41738,41738,3,1.4209587838593412
41739,41739,3,1.012629600860165
41740,41740,3,0.6869349850653972
41741,41741,3,0.6869201236936221
41742,41742,3,0.6867882042288503
41876,41876,1,0.5135633893743902
41877,41877,1,0.5135637768680426
41878,41878,1,0.5135638968578197
41879,41879,1,0.5135648664449769
41890,41890,1,0.5135648664449769
41891,41891,1,0.5135647514876259
41892,41892,1,0.513564711752573
41893,41893,1,0.5135647250938792
41894,41894,1,1.0784069132158987
41896,41896,1,0.5135635197174545
41937,41937,2,0.32463417220470675
41938,41938,2,0.3281933121441601
41939,41939,2,0.37902911999732963
41940,41940,2,0.4041814076478031
41969,41969,1,0.5135648664449769
41970,41970,1,0.5135648664449769
41979,41979,1,0.5362718246870395
41980,41980,1,0.535894501786308
41981,41981,1,0.5401516680127125
42169,42169,2,0.44731881158707837
42170,42170,2,0.42454896916683016
42171,42171,2,0.3475865002606442
42650,42650,2,0.46089405599734284
42651,42651,2,0.4713729984327891
42788,42788,2,0.30742208301475976
42883,42883,1,0.4523691381577406
42884,42884,1,0.5123433478315482
42885,42885,1,0.5123059210314652
42886,42886,1,0.5123098310946005
42887,42887,1,0.5407753825293532
43093,43093,1,0.5899469217167651
43094,43094,1,0.5902887273597879
43095,43095,1,0.590305076833355
43096,43096,1,0.5907524412108018
43097,43097,1,0.590844962884539
43098,43098,1,0.5904700581508602
43099,43099,1,0.5906541629850831
43100,43100,1,0.5822867435181219
43101,43101,1,0.5823974099080776
43102,43102,1,0.5826348968162026
43103,43103,1,0.5705728498352955
43104,43104,1,0.5708544206392601
43105,43105,1,0.5720576756460095
43106,43106,1,0.5725792586703015
43107,43107,1,0.5710958909251524
43118,43118,3,0.49299006780059623
43119,43119,3,0.4949485568020185
43120,43120,2,0.5187991196528734
43121,43121,3,0.4989497862553263
43122,43122,3,0.4996109064024788
43123,43123,3,0.3958341676368697
43244,43244,2,0.36199808751900675
43245,43245,2,0.39357182997274176
43594,43594,2,0.33264260045822713
43595,43595,2,0.3296466271599625
43596,43596,2,0.32860644684158197
43597,43597,2,0.3907891875097503
44078,44078,1,0.513564109492045
44079,44079,1,0.5135643827868951
44711,44711,2,0.3191313115456862
44712,44712,2,0.3068761685153683
44713,44713,2,0.33040102227934093
44714,44714,2,0.34018432514463204
44892,44892,1,0.6418211417788894
44893,44893,1,0.5963760982520181
44894,44894,1,0.5964844500515637
44895,44895,1,0.5914917885268036
44896,44896,1,0.5749240986593508
44897,44897,1,0.5869808880868106
44898,44898,1,0.5964351518166578
44899,44899,1,0.5740207458066658
44900,44900,1,0.5837021613599939
44908,44908,1,0.2650172386937449
44911,44911,1,0.5135648664449769
45995,45995,2,0.37443500740821056
45996,45996,2,0.6412308754167617
45997,45997,2,0.5963049713604927
45998,45998,2,0.5957826960235447
45999,45999,2,0.5976789661010946
46000,46000,2,0.37135276011593715
46539,46539,2,0.5336924862483321
46540,46540,2,0.5423974369089369
46557,46557,2,0.5782124718943767
46558,46558,2,0.5531940634193948
46560,46560,2,0.47599870080586837
47046,47046,2,0.183690130398503
47047,47047,2,0.19078677148861517
47048,47048,2,0.5904966903483524
47049,47049,2,0.5402211957907914
47050,47050,2,0.5425087652418116
47051,47051,2,0.548133437139309
47052,47052,2,0.6102930745317867
47053,47053,2,0.28992662230054483
47054,47054,2,0.3046505457429167
47105,47105,2,0.49977817280795245
47106,47106,2,0.49676092747339345
47107,47107,2,0.49644706222035895
47108,47108,3,0.47281497641368786
47111,47111,1,0.47112351472415703
47112,47112,1,0.3705365189873167
47113,47113,1,0.5352746433365758
47114,47114,1,0.3561320122384938
47115,47115,1,0.4970264095767546
47350,47350,3,0.49429835133358013
47351,47351,3,0.49309607116058857
47352,47352,3,0.498009912866497
47353,47353,3,0.49480235510980564
47354,47354,3,0.4952909835263611
47355,47355,3,0.496816832667214
47356,47356,3,0.5048801795565283
47357,47357,3,0.5095842663089791
47358,47358,3,0.5110208015918766
47359,47359,3,0.5095577419196414
47360,47360,3,0.5140213170823947
47361,47361,3,0.5113818040440323
47362,47362,3,0.5072510059616989
47363,47363,3,0.5068538601821698
47364,47364,3,0.5071438658303905
47365,47365,3,0.5031288543299468
47366,47366,3,0.5035226124107323
47367,47367,3,0.49345819838480204
47368,47368,3,0.49022778699215136
47417,47417,2,0.7522311181069596
47418,47418,1,0.432188713282319
47484,47484,2,0.4214549242177446
47485,47485,2,0.4031487576676819
47520,47520,3,0.1996478678914022
47521,47521,3,0.19495287601342573
47522,47522,3,0.19415425266356634
47523,47523,3,0.18881110225823222
47524,47524,3,0.18879672139063783
47525,47525,3,0.1881030822550807
47526,47526,3,0.18824373401251526
47527,47527,3,0.18576494438635355
47528,47528,3,0.16577528301938538
47529,47529,3,0.1655763685364789
47530,47530,3,0.16454222194932686
47531,47531,3,0.16485182420692288
47532,47532,3,0.1681193962672948
47533,47533,3,0.1682056621046931
47534,47534,3,0.16612357170350686
47535,47535,3,0.169887027405254
47536,47536,3,0.16796882945928596
47537,47537,3,0.1861485773495595
47538,47538,3,0.18720226083520086
47539,47539,3,0.18966272658775904
47540,47540,3,0.19818084308468195
47541,47541,3,0.2000948058031876
47542,47542,3,0.2001008540040708
47543,47543,3,0.20108696366499837
47551,47551,1,1.0858630152492796
47552,47552,1,1.111530598834517
47553,47553,1,0.5807436820830291
47567,47567,1,1.0672642528321266
47568,47568,1,1.0665619766215355
47569,47569,1,1.0666590535419387
47570,47570,1,0.4891645469682241
47571,47571,1,0.49104783737302005
47572,47572,1,0.49783070139942864
47574,47574,1,0.5135648664449769
47581,47581,1,0.5135648664449769
47758,47758,2,0.4476940548511146
47759,47759,2,0.4423276595040728
47760,47760,2,0.44221925935708395
47761,47761,2,0.44046306264910895
47762,47762,2,0.43863266126335804
47763,47763,2,0.3624215811755155
47764,47764,2,0.3623882561960955
47765,47765,2,0.36238936405032696
47766,47766,2,0.3606871226144871
47767,47767,2,0.36711238390164724
47768,47768,2,0.3687137061574595
47769,47769,2,0.3531999888511412
47770,47770,2,0.3240552798711823
47771,47771,2,0.32399726196339973
47772,47772,2,0.32010555287883924
47773,47773,2,0.32004829595786005
47774,47774,2,0.32012595792916076
47775,47775,2,0.3200713285156637
47776,47776,2,0.3158769929809173
47777,47777,2,0.3110716182452169
47778,47778,2,0.3111694881467992
47779,47779,2,0.30712839462935143
47780,47780,2,0.30709824795264434
47781,47781,2,0.3071992480704074
47782,47782,2,0.30715160920139134
47783,47783,2,0.3131201315278736
47784,47784,2,0.30851367116644307
47785,47785,2,0.30862490892034383
47786,47786,2,0.2801009284190074
47787,47787,2,0.27333330899207936
47788,47788,2,0.28006870484731466
47789,47789,2,0.23918393094918639
47790,47790,2,0.23500480782690716
47791,47791,2,0.3091341037923856
47792,47792,2,0.42163104863691575
48110,48110,2,0.5466851621778297
48111,48111,2,0.5460550421244336
48112,48112,2,0.544877549597846
48113,48113,2,0.6006195407800885
48114,48114,2,0.4357946772253889
48115,48115,2,0.4340822489607504
48116,48116,2,0.4614691616546935
48117,48117,2,0.46211949454205636
48118,48118,2,0.4604507191409189
48119,48119,2,0.4604056278280914
48127,48127,3,0.517133329496067
48128,48128,3,0.49209343723734383
48129,48129,3,0.4918648382667472
48130,48130,3,0.4920989838749668
48131,48131,3,0.47578793943787145
48132,48132,3,0.4717175972710585
48133,48133,3,0.458728055239778
48134,48134,3,0.4530262172976874
48135,48135,3,0.46933936510744245
48136,48136,3,0.4367020429459385
48137,48137,3,0.6135698367670767
48138,48138,3,0.6978521169385363
48277,48277,3,0.6866713698228277
48278,48278,3,1.2014879828637168
48279,48279,3,1.4330171532799412
48280,48280,3,1.4672805154177202
48281,48281,3,1.465052904012802
48283,48283,1,1.4469013334926282
48284,48284,3,1.0127306937705294
48285,48285,3,1.0074500394627628
48286,48286,3,1.0042125647400844
48287,48287,3,0.921362008530327
48288,48288,3,0.6716138467932772
48289,48289,3,0.8085946089193994
48290,48290,3,0.3700142417614377
48291,48291,3,0.5044377049173252
48323,48323,1,0.8004280390717489
48324,48324,1,0.7945369472595282
48325,48325,1,0.7945385688639777
48326,48326,1,0.7945403176886366
48327,48327,1,0.7932190342483398
48331,48331,1,0.5135648664449769
48332,48332,1,0.5135612497998417
48333,48333,1,0.5135575470599358
48334,48334,1,0.5135538582112258
48335,48335,1,0.5135501903791708
48336,48336,1,0.5135466010940212
48337,48337,1,0.5135431276915728
48338,48338,1,0.5135397863791719
48339,48339,1,0.5135364451024236
48340,48340,1,0.5135339588879331
48341,48341,1,0.5135335271214756
48342,48342,1,0.5135306442661561
48343,48343,1,0.5135279476450049
48344,48344,1,0.5135254438397866
48345,48345,1,0.5135231569648315
48346,48346,1,0.513521063086016
48347,48347,1,0.5135191961058652
48348,48348,1,0.5135175634326344
48349,48349,1,0.5135161614376768
48350,48350,1,0.5135149925998358
48700,48700,1,0.5135648470207578
48701,48701,1,0.5135648664449769
48859,48859,3,0.7271831876573353
48871,48871,3,0.30167524564886194
48872,48872,3,0.30107570474837836
48873,48873,3,0.2976943729771821
48961,48961,2,0.29313379347167884
48962,48962,2,0.2902420404933491
48963,48963,2,0.29210103021935246
49073,49073,3,0.5152802531988722
49074,49074,3,0.515799651087504
49686,49686,2,0.4146080671648467
49687,49687,2,0.41230124398080537
49688,49688,2,0.37877853892687563
49689,49689,2,0.3612962550039494
49703,49703,1,0.5353352505929005
49704,49704,1,0.5354698146672061
49705,49705,1,0.5329509343607034
49712,49712,1,1.0784069132158987
49714,49714,1,0.47318589054444643
49717,49717,1,1.0784069132158987
49921,49921,2,0.21732270599981127
49922,49922,2,0.2114655295981376
49923,49923,2,0.4406220603804914
49924,49924,2,0.3250302891194442
49925,49925,2,0.446294988262282
49926,49926,1,0.6392745432854232
49927,49927,1,0.6318062891249708
50224,50224,2,0.4191583199564307
50225,50225,2,0.4111695776788272
50226,50226,2,0.4116694299958231
50227,50227,2,0.4152070869740291
50228,50228,2,0.41980383158174533
50229,50229,2,0.4189866589758057
50230,50230,2,0.41592719551653806
50231,50231,2,0.42230803794199195
50232,50232,2,0.420020349662852
50658,50658,3,0.7079255072908903
50977,50977,3,0.2942962893289368
50978,50978,3,0.3027081213000548
50979,50979,3,0.2977436985765639
50980,50980,3,0.2982880911284509
50981,50981,3,0.3062235497728153
50982,50982,3,0.3089037152221696
50983,50983,3,0.2938726087589302
51004,51004,2,0.5317725122862625
51169,51169,3,0.412044067349733
51170,51170,3,0.4117163481133465
51171,51171,3,0.41138437718769966
51185,51185,2,0.5352244440880751
51461,51461,2,0.14917772376107183
51473,51473,3,0.4131453119567921
51474,51474,3,0.4125159561949479
51475,51475,3,0.4368866709894872
51525,51525,2,0.669420619798348
51526,51526,2,0.3516094354172114
51527,51527,2,0.32565696833985264
51528,51528,2,0.3201410151607257
51529,51529,2,0.3232043988768623
51643,51643,1,0.5902535538771336
51644,51644,1,0.4660536728447959
51804,51804,2,0.46928346103313534
51805,51805,2,0.4416211327585116
51930,51930,2,0.34031690657379976
52010,52010,2,0.20070754112356895
52011,52011,2,0.19830047605904333
52012,52012,2,0.17373773533075268
52013,52013,2,0.31718430633134254
52014,52014,2,0.2585474093389227
52015,52015,2,0.25423979542994046
52016,52016,2,0.2395542182442148
52069,52069,3,0.38484375024006334
52252,52252,3,0.18794119919901814
52253,52253,3,0.1875411369419196
52264,52264,3,0.27137526351757424
52265,52265,3,0.21190357704032936
52266,52266,3,0.3961667012866594
52274,52274,2,0.24954212660816605
52275,52275,2,0.26946466653834494
52276,52276,2,0.3751569621550421
52277,52277,2,0.3748385815256559
52281,52281,2,0.5330775933514249
52282,52282,2,0.5335199939744786
52283,52283,2,0.5339003267558898
52284,52284,2,0.533982263183058
52285,52285,2,0.5340653793896047
52286,52286,2,0.5341502215856696
52287,52287,1,0.8170071018056368
52288,52288,1,0.8377462176241949
52491,52491,1,0.48012187394136213
52558,52558,2,0.47601248479608954
52559,52559,2,0.47376817248888287
52560,52560,2,0.4640773721939159
52561,52561,2,0.46236820599651457
52562,52562,2,0.3994051758476337
52568,52568,1,0.6201557725877407
52569,52569,1,0.622853637485281
52570,52570,1,0.6273086473711882
52790,52790,3,0.28826510092329344
53025,53025,3,0.5340431358727886
53026,53026,3,0.5166365847228732
53027,53027,3,0.5165266881832233
53091,53091,3,0.29724477314722036
53124,53124,2,0.5043980900760273
53125,53125,2,0.4969828225238642
53302,53302,3,0.1644947275614256
53303,53303,3,0.163577071320061
53304,53304,3,0.16159518662511915
53554,53554,3,0.4736310758054697
53555,53555,3,0.3760350296835228
53556,53556,3,0.3863378633703109
53563,53563,3,0.20299235625305426
53564,53564,3,0.20540959703445266
53641,53641,2,0.5105677676571977
53655,53655,3,0.9624673185888349
53656,53656,3,0.8594028861028807
53899,53899,2,0.3357933117110123
53949,53949,3,0.4037093140284151
54157,54157,3,0.48419007212636306
54338,54338,2,0.5149226931511489
54511,54511,3,0.1639158546676693
54512,54512,3,0.16406070273505363
54513,54513,3,0.1642984793286943
54681,54681,2,0.14810250664295901
54682,54682,2,0.15007973420165965
54683,54683,2,0.14940109233098028
54684,54684,2,0.15535259974167895
54685,54685,2,0.1537758457905943
54686,54686,2,0.14834409460013193
54687,54687,2,0.14596331567646997
54688,54688,2,0.15196747888536977
54734,54734,2,0.39191014987965284
54735,54735,2,0.3926007296518816
54752,54752,2,0.32704837042255186
54753,54753,2,0.3269643355428272
54773,54773,2,0.36791680037170993
54774,54774,2,0.36984836433469204
54775,54775,2,0.36986080364330476
54776,54776,2,0.3587060190843644
54779,54779,2,0.35895713710381166
54780,54780,2,0.36797713253549724
55126,55126,2,0.4573150444689087
55127,55127,2,0.4569086075381827
55128,55128,2,0.46298329240857733
55129,55129,2,0.4788849412484687
55130,55130,2,0.6273804867758734
55131,55131,2,0.5622513149051674
55230,55230,3,0.2554482100174322
55241,55241,2,0.551940200679298
55242,55242,2,0.584754559623329
55490,55490,2,0.3662508691299558
55593,55593,3,0.42097621326736423
55594,55594,3,0.43326077166516364
55595,55595,2,0.4809440360601865
55596,55596,2,0.4891496798741019
55597,55597,2,0.49582583010023684
55598,55598,2,0.4975096248336082
55599,55599,2,0.4983930220158525
55823,55823,2,0.3009549403608436
56323,56323,3,0.29358378311110395
56358,56358,3,0.26762591518824375
56371,56371,3,0.8707031722086818
56375,56375,2,0.25014791028186006
56376,56376,2,0.4917561016674838
56377,56377,2,0.487532523787905
56379,56379,2,0.49596718328394857
56386,56386,3,0.4304294605860924
56387,56387,3,0.43283373269076897
56388,56388,3,0.43659204294343684
56389,56389,3,0.40502760539750027
56390,56390,3,0.4074413576443406
56391,56391,3,0.42566276538613773
56417,56417,1,0.5681942435869353
56630,56630,3,0.4881671942965947
56631,56631,3,0.48774002797239296
56651,56651,2,0.4515257729981339
56727,56727,3,0.5603642610251771
56728,56728,3,0.8809608218787938
56936,56936,2,0.29328607530642475
56937,56937,2,0.32097049326976557
56938,56938,2,0.33486127356004725
57246,57246,2,0.4563701372094013
57247,57247,2,0.4720644146638789
57248,57248,2,0.45995844367968153
57249,57249,2,0.4620291616996086
57250,57250,2,0.46306808711063346
57251,57251,2,0.4622463887845975
57252,57252,2,0.46519262437403075
57253,57253,2,0.46968899947470927
57254,57254,2,0.47237676330519474
57255,57255,2,0.481847709628364
57262,57262,3,0.37579243052839495
57626,57626,3,0.26103716684950645
57693,57693,2,0.20400164090206085
57694,57694,2,0.20279724617455067
57695,57695,2,0.19336655308402564
57696,57696,2,0.18243933309780985
57697,57697,2,0.17124753223322794
57717,57717,3,0.3054308671327208
57718,57718,3,0.294720881674922
57737,57737,3,0.22170637505473736
57738,57738,3,0.2042462959599893
57739,57739,3,0.19097465498767158
57740,57740,3,0.39976824515589077
57779,57779,2,0.3649660891704984
57780,57780,2,0.37607681889121225
57885,57885,2,0.45510310580300933
57886,57886,2,0.4525882175469846
57887,57887,2,0.4844839922705324
57888,57888,2,0.48874491100756673
57889,57889,2,0.4553033285408164
57904,57904,1,0.5160364970257174
57905,57905,1,0.5168628006023375
57906,57906,1,0.5240341312550351
57907,57907,1,0.5237712168704322
57908,57908,1,0.5235241848981925
58037,58037,2,0.3425324689407355
58038,58038,2,0.1838106431258357
58115,58115,2,0.49850067975858225
58116,58116,2,0.4972995276053447
58117,58117,2,0.47891714324615076
58121,58121,2,0.40787450154561106
58163,58163,2,0.6308178482590515
58164,58164,2,0.6732802314583187
58165,58165,2,0.6724023472485189
58166,58166,2,0.6442227310570258
58502,58502,2,0.2946038976752717
58505,58505,2,0.2704230776243082
58506,58506,2,0.270330927482031
58632,58632,1,0.9304618489694828
58693,58693,2,0.35296182456566655
58694,58694,2,0.35130445288826384
58703,58703,3,0.48420863652158574
58854,58854,3,0.15649671695660092
58855,58855,3,0.15952146514340879
58914,58914,1,0.5333569024907431
58915,58915,2,0.5636277652615697
59030,59030,3,0.5039346066449616
59031,59031,3,0.18509840944133332
59059,59059,2,0.3682540080573519
59060,59060,2,0.3601993867432274
59061,59061,2,0.34333418002102106
59062,59062,2,0.32354548011824613
59063,59063,2,0.32405628209377424
59245,59245,3,0.4329363494553645
59246,59246,3,0.4327467267993987
59555,59555,3,0.19110096176963265
59556,59556,3,0.1654592359930902
59828,59828,2,0.31195508036262276
59829,59829,2,0.7494564413523997
59979,59979,3,0.21760659713040953
60191,60191,2,0.5273906678628347
60192,60192,2,0.6366236645058295
60560,60560,1,0.8831438285120344
60650,60650,3,0.5368034729149667
60651,60651,3,0.5272284319067301
60652,60652,2,0.6905657401979357
60653,60653,2,0.6633510909202203
60710,60710,3,0.4189439095379712
60712,60712,2,0.357196618350117
60713,60713,2,0.36401207256797036
60714,60714,2,0.3735515035352968
60715,60715,2,0.3925701313354435
60761,60761,3,0.45601362332983364
60762,60762,3,0.4588101292560453
60763,60763,3,0.4177908320313152
60764,60764,3,0.4146903324682203
60765,60765,3,0.3608871285978968
60825,60825,2,0.3898582908280995
60826,60826,2,0.33309696377427794
60827,60827,2,0.3339439068876864
60834,60834,2,0.5338259097907845
60835,60835,2,0.4652617306463812
60862,60862,2,0.31538325135951367
60863,60863,2,0.31531622253277375
60864,60864,2,0.3153190492317583
60865,60865,2,0.31530368802275405
60866,60866,2,0.310725960004707
60867,60867,2,0.3106976260058194
60889,60889,2,0.2595909833491053
60890,60890,2,0.25961205059452314
60891,60891,2,0.24562257354469103
61142,61142,2,0.7851789880023324
61199,61199,2,0.632842399389
61200,61200,2,0.7367249037907153
61208,61208,2,0.35642844879918784
61209,61209,2,0.3443427328676456
61210,61210,2,0.34093866157830727
61211,61211,2,0.3443018321784965
61328,61328,2,0.249535078678668
61329,61329,2,0.16632976870690924
61421,61421,3,0.42443438788078647
61422,61422,3,0.3428862811967792
61933,61933,2,0.46362487368064115
61934,61934,2,0.451274204033216
61935,61935,2,0.4572352845205846
61936,61936,2,0.5286785007253093
61937,61937,2,0.740294228515332
61950,61950,2,0.5472444745554941
61951,61951,2,0.40128633602337427
62196,62196,2,0.37360278978682626
62197,62197,2,0.3742490972400989
62198,62198,2,0.3782114339721175
62199,62199,2,0.40605763073178747
62200,62200,2,0.41848239213685823
62201,62201,2,0.4141129662931137
62202,62202,2,0.43683424980440705
62203,62203,2,0.5434855235309652
62204,62204,2,0.5396055737736185
62205,62205,2,0.5333646020350657
62206,62206,2,0.527675112471553
62207,62207,2,0.32574229245584785
62208,62208,2,0.32652673671443366
62209,62209,2,0.3252156871220524
62210,62210,2,0.3404166589495723
62211,62211,2,0.3394074132377421
62212,62212,2,0.27322686752253245
62213,62213,2,0.29510078255130173
62214,62214,2,0.3091337076848251
62215,62215,2,0.31832265682070643
62216,62216,2,0.3553466984005573
62217,62217,2,0.5168317870464114
62218,62218,2,0.5167023522955825
62352,62352,2,0.324154365698132
62353,62353,2,0.3580022659489018
62651,62651,3,0.3335826186342828
62675,62675,3,0.3132542991898134
62676,62676,2,0.3934161320186672
62815,62815,2,0.5424917886835631
62816,62816,1,0.6236099467285955
62934,62934,3,0.3022495713031826
62935,62935,3,0.36238995125361706
62941,62941,3,0.3026045194977475
62942,62942,2,0.46784913796029626
62943,62943,2,0.5717990590946073
62944,62944,2,0.5751017175687729
63187,63187,3,0.15716248330899882
63211,63211,3,0.16172284650358715
63212,63212,3,0.1587999067365999
63213,63213,3,0.2008656704637834
63300,63300,2,0.2656054419981367
63301,63301,2,0.2655543710759437
63302,63302,2,0.29572317233289436
63303,63303,2,0.3026925061839191
63304,63304,2,0.29792654555635556
63305,63305,2,0.32441165471059463
63306,63306,2,0.5078652072861684
63317,63317,2,0.2949272875893651
63318,63318,2,0.2953755518255171
63319,63319,2,0.29552260331256985
63320,63320,2,0.2957586293029616
63321,63321,2,0.29622184251744454
63322,63322,2,0.29236385430285117
64021,64021,3,0.4064176443894097
64022,64022,3,0.40069880419009707
64336,64336,3,0.1638507228612178
64348,64348,3,0.17533888886786825
64381,64381,2,0.5310790647007508
64382,64382,2,0.5311797562816101
64383,64383,2,0.5315916761712287
64398,64398,2,0.2099850714102728
64529,64529,3,0.22564371697983365
64530,64530,3,0.45185364551206353
64531,64531,3,0.47489840855900955
64532,64532,3,0.47535694846945536
64609,64609,2,0.41649131609529416
64610,64610,2,0.4080381434851806
64611,64611,2,0.4742847751649194
64612,64612,2,0.4459989353851588
64613,64613,2,0.4456483204441264
64614,64614,2,0.4426702778976813
64615,64615,2,0.4267245956821347
64616,64616,2,0.3009201776401493
64617,64617,2,0.29556915484751284
64618,64618,2,0.4173644116112888
64619,64619,2,0.479595654661304
64620,64620,2,0.48044640632050956
64621,64621,2,0.4808538737548602
64622,64622,2,0.5370509622253096
64775,64775,2,0.33239500085260426
64776,64776,2,0.20314224902197997
64777,64777,2,0.21292601773883427
64783,64783,3,0.26661851012208043
64784,64784,3,0.22787023970572712
64793,64793,3,0.4171899013353642
64794,64794,3,0.41463534334285895
64795,64795,2,0.6882610863515096
64796,64796,2,0.6902780227751026
64797,64797,2,0.6570022977888436
64988,64988,2,0.6362129262450013
64995,64995,2,0.5741091211833852
64996,64996,3,0.41456554178196203
64997,64997,3,0.23914398365047673
64998,64998,2,0.6028774580465568
64999,64999,2,0.6274360987628986
65000,65000,2,0.5232527818660705
65231,65231,2,0.28522129199422147
65232,65232,2,0.6966658780652732
65233,65233,2,0.7155697030835331
65234,65234,2,0.5803368739950164
65247,65247,3,0.3826035119868449
65316,65316,2,0.3741990347994462
65317,65317,2,0.516287431988631
65318,65318,2,0.2591241396494967
65319,65319,2,0.2215322628452069
65320,65320,2,0.2218891981510052
65321,65321,2,0.2122119867911135
65322,65322,2,0.21230447263606864
65323,65323,2,0.21286911616446327
65521,65521,2,0.4152946382519174
65522,65522,2,0.4055647074302735
65523,65523,2,0.4041744550759428
65524,65524,1,0.5121283433475817
65525,65525,3,0.39849765019000155
65526,65526,3,0.3892045403484003
65527,65527,3,0.37491626667628836
65528,65528,3,0.3596922999378156
65529,65529,3,0.34500923064801764
65530,65530,3,0.32260359457265286
65678,65678,3,0.249437721216005
65679,65679,3,0.3434166859425514
65795,65795,2,0.498608972977315
65796,65796,2,0.4962803265267494
65797,65797,2,0.49381409992164454
65821,65821,2,0.5204649182806883
65823,65823,2,0.2903180162095828
65824,65824,2,0.45961132782681324
65843,65843,2,0.3993391835370161
65844,65844,2,0.3994289526581684
66113,66113,2,0.359506365049173
66114,66114,2,0.3561231719800728
66147,66147,2,0.5307728642583848
66148,66148,2,0.5306322374221536
66149,66149,2,0.5305164890436436
66195,66195,2,0.4773154034663705
66196,66196,2,0.5940855478537939
66235,66235,2,0.4790717022845487
66236,66236,2,0.4693254822261954
66237,66237,2,0.4651887839543555
66238,66238,2,0.4630604489696147
66239,66239,2,0.46736698949334227
66240,66240,2,0.4559776754116999
66241,66241,2,0.4608335588486739
66242,66242,2,0.4714613388880016
66428,66428,2,0.12791671337697144
66460,66460,2,0.4104836565369983
66473,66473,3,0.538099436266098
66474,66474,3,0.5389131856937789
66720,66720,3,0.2701932353232473
66721,66721,3,0.2700464305616111
66722,66722,3,0.2612285154788369
66723,66723,3,0.25359296534200426
66929,66929,3,0.15058433301030327
66932,66932,2,0.3972185743835061
66933,66933,2,0.4171509481495444
66934,66934,2,0.4194916477553102
66935,66935,2,0.44308474772412154
67306,67306,2,0.48581557686315935
67897,67897,3,0.20971761398048672
67898,67898,3,0.1731669652413431
67899,67899,3,0.18093965372181842
67900,67900,2,0.5540022569809541
67901,67901,2,0.6001609974247263
67902,67902,2,0.6110438177613684
67903,67903,2,0.6358112298629961
68042,68042,2,0.3425997659153144
68384,68384,1,0.7268843711909798
68866,68866,3,0.4910420948641584
68867,68867,3,0.5274056644124991
68868,68868,3,0.5658323657852972
68869,68869,3,0.5683275667420699
69175,69175,3,0.15979800673925074
69190,69190,3,0.6944691670202154
69194,69194,2,0.49867582224108914
69205,69205,2,0.6812354245341568
69374,69374,3,0.2087719245888007
69452,69452,3,0.5180032975853456
69759,69759,3,0.17310018632485136
69760,69760,3,0.22218952768153982
69761,69761,3,0.24812528273024106
70083,70083,2,0.5049611950430961
70084,70084,2,0.505143446840202
70085,70085,2,0.5073412443383682
70426,70426,2,0.3328182534111556
70427,70427,2,0.56586950984267
70428,70428,2,0.5714911422619198
70429,70429,2,0.5711512009736107
70538,70538,2,0.3264635621098213
70539,70539,2,0.5406516269511822
70540,70540,2,0.5384548040039704
70543,70543,2,0.2702988980620534
70544,70544,2,0.24857338533442044
70545,70545,2,0.2621509744014605
70716,70716,2,0.5578214319253518
70717,70717,2,0.4292495466071005
70779,70779,3,0.14650454142268424
70780,70780,3,0.1431533683010784
70781,70781,3,0.14743774859998562
70782,70782,3,0.18237771532451358
70783,70783,3,0.18420158169183748
70784,70784,3,0.18457678188247378
70785,70785,3,0.18492310294452483
70786,70786,3,0.19430926026187104
70787,70787,3,0.20433025187095222
70788,70788,3,0.2038502929511635
70811,70811,3,0.16351115052474588
70997,70997,3,0.29905112741910084
70998,70998,3,0.6890352886990395
70999,70999,3,0.2584777670044201
71227,71227,2,0.21378374217074428
71228,71228,2,0.19731533333008003
71229,71229,2,0.18353273785324103
71230,71230,2,0.28985010676521156
71231,71231,2,0.2990660216683523
71232,71232,2,0.3106804377077304
71292,71292,2,0.6008611306042392
71374,71374,3,0.24532905397712937
71685,71685,2,0.6073482052514885
71686,71686,2,0.5771768293236605
71687,71687,2,0.5675097086713146
71688,71688,2,0.5480821519446195
71689,71689,2,0.5480848008645786
71797,71797,2,0.19099627017403456
71798,71798,2,0.17367920537715922
71799,71799,2,0.2288200018976106
71800,71800,2,0.14348886729478372
71801,71801,2,0.139282334436528
71802,71802,3,0.2879923829722645
71803,71803,3,0.2882700702187563
71804,71804,3,0.28953365800667813
71805,71805,3,0.3099461987477985
71820,71820,2,0.3562454106653322
72033,72033,2,0.5907445969582095
72034,72034,2,0.5838910608372984
72035,72035,2,0.5829632047909065
72153,72153,1,0.59127795861568
72154,72154,2,0.38866318148528917
72155,72155,2,0.4335699933772295
72399,72399,3,0.16792507593448672
72400,72400,3,0.16339536351813216
72419,72419,2,0.5010053863386902
72420,72420,2,0.5047243058341363
72421,72421,3,0.1495672549272053
72422,72422,3,0.16786434132045436
72423,72423,3,0.21138229379786688
72425,72425,3,0.39399987024994054
72426,72426,3,0.3301137728789772
72430,72430,1,0.568378622730454
72431,72431,1,0.5646181872988688
72432,72432,1,0.5470016083255568
72742,72742,2,0.5813622928931415
72743,72743,2,0.5813546688060726
72744,72744,2,0.5669010452336217
72745,72745,2,0.5668902837739811
72746,72746,2,0.5668710218735348
72747,72747,2,0.5668592279715858
72748,72748,2,0.5668319498612884
72749,72749,2,0.5384340650266539
72750,72750,2,0.5384193064897118
72751,72751,2,0.5383882678788184
72752,72752,2,0.5383713664010864
72753,72753,2,0.5383532225965522
72754,72754,2,0.5383082431542917
72755,72755,2,0.5382778455705968
72756,72756,2,0.5382557241908849
73008,73008,2,0.4159375100218474
73314,73314,2,0.4871848749171027
73315,73315,2,0.4878032084167136
73316,73316,2,0.49274721893993007
73317,73317,2,0.5283880457129247
73318,73318,2,0.54379389575702
73326,73326,2,0.5347007164785106
73327,73327,1,0.26882588139051766
73328,73328,1,0.6660131073003148
73561,73561,1,0.5135648664449769
73585,73585,3,0.43663387624989386
73590,73590,3,0.42480196251237345
73628,73628,2,0.35172755534343647
73898,73898,2,0.7822528784544233
74077,74077,3,0.30230356503058303
74266,74266,3,0.2579250155026191
74267,74267,3,0.25779492284224287
74268,74268,3,0.25371489757201127
74269,74269,3,0.2758673839818392
74284,74284,2,0.35511052653479575
74292,74292,3,0.1942594493667677
74293,74293,3,0.2504558373291822
74327,74327,2,0.34228132229564
74328,74328,2,0.34219186294800097
74331,74331,2,0.510085259631718
74360,74360,2,0.4775519405729469
75448,75448,3,0.3564515997408075
75449,75449,3,0.3080993737248539
75458,75458,2,0.4950331519498787
75459,75459,2,0.4962951573436128
75460,75460,2,0.4989715037533423
75461,75461,2,0.732423254269843
75462,75462,2,0.5621135244635278
75463,75463,2,0.4890720572146311
75464,75464,2,0.475784101530501
75465,75465,2,0.47727471845987385
75472,75472,2,0.4810847279335678
75473,75473,2,0.4423473293426705
75503,75503,3,0.17929689945628322
75504,75504,3,0.15498045304406463
75694,75694,3,0.7710352278137128
75695,75695,3,0.8973536805529199
75773,75773,3,0.15332438340932217
75781,75781,2,0.5021417886436826
75920,75920,3,0.3322690689703446
75923,75923,1,0.5312085481947787
75924,75924,1,0.5684091858279979
75927,75927,2,0.5078992212261129
75928,75928,2,0.5083600327164982
75929,75929,2,0.538418519927165
75930,75930,2,0.545251878360886
76373,76373,1,0.4960250896299935
76899,76899,3,0.16338094614782328
76900,76900,3,0.16379986659722393
76901,76901,3,0.16200548626654826
77007,77007,2,0.6422622902147999
77008,77008,2,0.6367543355079178
77009,77009,2,0.6162441231039101
77010,77010,2,0.5568064451821865
77011,77011,2,0.3778962105599357
77012,77012,2,0.3719840275151004
77013,77013,2,0.4299440826141202
77014,77014,2,0.37535629965678885
77015,77015,2,0.3914730467764092
77016,77016,2,0.39112827287341745
77017,77017,2,0.4318573466292318
77018,77018,2,0.40740606752879843
77020,77020,2,0.4590399938331999
77145,77145,3,0.188719412597039
77410,77410,3,0.48914708771707094
77411,77411,3,0.4923523974553272
77412,77412,3,0.48811679902207394
77413,77413,3,0.48394417953668395
77414,77414,3,0.49213042789035244
77492,77492,3,0.20417417604059615
77493,77493,3,0.21538308056055042
77506,77506,1,0.5120707357402751
77608,77608,1,0.6249264945245947
77609,77609,1,0.6532098327503553
77610,77610,2,0.6395993895747407
77611,77611,1,0.6404222024713259
77612,77612,2,0.6198514624749024
77613,77613,1,0.6567960008206716
77614,77614,2,0.6135807092225233
77615,77615,2,0.6128443616925238
77620,77620,1,0.4572634069513576
77621,77621,1,0.4572661100174103
77624,77624,1,0.6455262460167133
77625,77625,1,0.6184733412633998
77635,77635,3,0.39753397607521856
77654,77654,2,0.5090467243566229
77871,77871,2,0.4559092788033009
78175,78175,2,0.6488163606431354
78176,78176,2,0.44030141462592776
78177,78177,2,0.313197246673159
78178,78178,2,0.28656844261963005
78664,78664,3,0.8558706507247076
78691,78691,2,0.5011846274419961
78692,78692,2,0.4953589868440196
78693,78693,1,0.6766854026693319
78694,78694,1,0.648675797585125
78695,78695,2,0.6018088149388272
78696,78696,2,0.5886333054042513
78744,78744,2,0.5519019137530792
78745,78745,2,0.36082731624885955
78746,78746,2,0.37960211982509023
78747,78747,2,0.3083371220188628
78748,78748,2,0.5957313694910112
78985,78985,3,0.36649620704296293
78986,78986,3,0.3804735388635702
78994,78994,2,0.5512074244676279
78995,78995,2,0.5514359462202998
78996,78996,2,0.5495605473455936
78997,78997,2,0.5478333296976149
79019,79019,3,0.3947786911322159
79369,79369,2,0.2857809671574175
79604,79604,3,0.46417965816101725
79605,79605,3,0.45206198501295075
79606,79606,3,0.3881379583088543
79607,79607,3,0.38704336231029945
79608,79608,3,0.41095004476981606
79618,79618,3,0.2620100281821764
79627,79627,3,0.8018145313937055
79628,79628,3,0.5338504083965355
79629,79629,3,0.6481914306851216
79652,79652,2,0.50269040832303
79656,79656,2,0.5121599698243912
80456,80456,3,0.30950389172031817
80726,80726,3,0.181250565174137
80732,80732,3,0.26738116860117556
80733,80733,2,0.41352794906483736
80734,80734,2,0.4141271872487867
80735,80735,2,0.414589359002377
80736,80736,2,0.5484889039284291
81428,81428,2,0.8287961810993386
81519,81519,1,0.5135648664449769
81520,81520,1,0.5135645232378397
81534,81534,3,0.7861959683389206
81559,81559,3,0.16039251063172144
81560,81560,3,0.16377064213916162
81561,81561,3,0.14544192193688113
81562,81562,3,0.679445896806847
81563,81563,3,0.555558657102674
81658,81658,1,0.38886984152124576
81659,81659,1,0.38562560721263517
81664,81664,3,0.8653252931346909
81665,81665,3,0.8629183697001794
81666,81666,3,0.8858951439153824
81852,81852,1,0.858402491950019
81853,81853,1,0.800433329949493
81854,81854,1,0.8004344140014068
82129,82129,3,0.24346342771276633
82832,82832,2,0.458193286271158
82837,82837,3,0.22874422847876266
82838,82838,3,0.24110814128852148
82839,82839,3,0.18477654372276522
82840,82840,3,0.18514806810814569
82841,82841,3,0.18263626344488387
82886,82886,2,0.3059901722958167
82887,82887,2,0.3059408286491492
83212,83212,2,0.5002115952141869
83213,83213,2,0.4839987984089405
83440,83440,2,0.2879552097394207
83441,83441,2,0.40596667431055034
83443,83443,2,0.4979963997670565
83444,83444,2,0.4968792122324685
83445,83445,2,0.525332688620111
83446,83446,2,0.4946960306084516
83547,83547,2,0.5437988045802027
83548,83548,2,0.5455244014668673
83569,83569,2,0.20875435725772742
83570,83570,2,0.2554716806893541
83683,83683,2,0.46092515417437474
83684,83684,2,0.4645491147120757
83685,83685,2,0.4625945723452167
83686,83686,2,0.5139330078489867
83687,83687,2,0.5141576746266745
83688,83688,2,0.48836967732155306
83689,83689,2,0.5324164508012833
83690,83690,2,0.5366217370093574
83691,83691,2,0.5395708226720316
83740,83740,3,0.19236970458406677
83917,83917,3,0.2366695418757326
84005,84005,2,0.22550232467468456
84006,84006,2,0.21554588512242887
84007,84007,2,0.2105372780739598
84008,84008,2,0.204217313349243
84020,84020,3,0.38131211866078324
84381,84381,3,0.46677119822313057
84382,84382,3,0.466768345264688
84383,84383,3,0.4664894748906045
84384,84384,3,0.4678739801317811
84385,84385,3,0.4657609995342839
84386,84386,3,0.4646826166293229
84387,84387,3,0.46553890857566277
84388,84388,3,0.46660025097397856
84445,84445,1,0.5116009283628192
84446,84446,1,0.5116009283628192
84587,84587,3,0.7742317287061707
84588,84588,3,0.7040099790301059
84589,84589,2,0.389937390626758
84590,84590,2,0.3872855703351257
84594,84594,3,0.19156149630876493
84595,84595,3,0.19967877125398806
84596,84596,3,0.1927264439802405
84597,84597,2,0.5783904685374485
84782,84782,2,0.5011856556969331
84793,84793,3,0.49359833590242935
85019,85019,3,0.583926503972913
85020,85020,2,0.5091359654277443
85090,85090,3,0.20439745466009787
85091,85091,3,0.19951950863165763
85092,85092,3,0.19939253801881163
85110,85110,2,0.3643328991619584
85111,85111,2,0.35775098461126487
85112,85112,2,0.28181115535406237
85468,85468,2,0.4794034459830729
85469,85469,2,0.48175638946687654
85470,85470,2,0.481140643823665
85471,85471,2,0.48235245858893017
85472,85472,2,0.48179856983134
85473,85473,2,0.40361562133755785
85474,85474,2,0.3942983958261331
85475,85475,2,0.47974220460268324
85476,85476,2,0.4825446647176959
85477,85477,2,0.4826574908559622
85478,85478,2,0.4815742057800379
85479,85479,2,0.48076232820769105
85480,85480,2,0.48355881782821275
85678,85678,3,0.31543986468678403
85683,85683,3,0.9584807147798493
85782,85782,2,0.4802927261117841
85783,85783,2,0.4887220669684689
85784,85784,2,0.2888344665822632
86161,86161,2,0.45820489003215364
86162,86162,2,0.4577922742371615
86163,86163,2,0.5367676984708912
86164,86164,2,0.5406943791891214
86165,86165,2,0.5432488614392846
86262,86262,2,0.4059475015039575
86489,86489,2,0.18114697167395294
86524,86524,3,0.17473655967724336
86525,86525,3,0.3337504945596996
86687,86687,2,0.7679053778258482
86806,86806,3,0.42864030329206126
86839,86839,1,0.2692968640645734
86840,86840,1,0.25793708812602084
87133,87133,3,0.4215079992241315
87134,87134,3,0.40159450556264553
87135,87135,3,0.3762404468806438
87408,87408,2,0.47249042594558055
87409,87409,2,0.5170903769548144
87410,87410,2,0.36745146671904355
87411,87411,2,0.38845058261659365
87412,87412,2,0.4120439205724806
87413,87413,2,0.41291859967969685
87414,87414,2,0.3347249296327672
87415,87415,2,0.4024319139963744
87416,87416,2,0.36904221770229173
87417,87417,2,0.36583650853317357
87418,87418,2,0.36000816610692427
87419,87419,3,0.4408776418916497
87420,87420,3,0.44187999174515435
87977,87977,3,0.4141809174527976
87978,87978,3,0.41750943463649437
87979,87979,3,0.418805294658947
87980,87980,3,0.46025366396652506
87981,87981,3,0.4241034390711404
87982,87982,3,0.42670543247027076
87983,87983,3,0.4232070324344253
87984,87984,1,0.5008804629896604
88311,88311,3,0.3406429214058848
88321,88321,3,0.41890463260732863
88489,88489,2,0.4062021797901839
88490,88490,2,0.4064339931339854
88817,88817,2,0.7154448071280441
88818,88818,2,0.7415237714662273
88819,88819,2,0.6857244017864743
88836,88836,3,0.3017353599688598
88950,88950,3,0.34203392749529343
88951,88951,3,0.34515995921742443
88952,88952,3,0.33638301473484744
88957,88957,2,0.5111356692849421
88958,88958,2,0.5053487860380619
88959,88959,2,0.49850280882764747
88961,88961,3,0.18785375694119752
88962,88962,2,0.37879603875633433
88985,88985,2,0.5382813383470513
88986,88986,2,0.6752260372930323
88987,88987,2,0.6752021628748318
88988,88988,2,0.6752691140609923
88989,88989,2,0.675339561204909
89003,89003,2,0.31426426188118434
89017,89017,2,0.3808030980034069
89018,89018,2,0.33210629601060043
89019,89019,2,0.34270560723139
89272,89272,2,0.4855780705418957
89273,89273,2,0.4883017300198846
89274,89274,2,0.49231003886763985
89275,89275,2,0.49586322230198904
89287,89287,2,0.32914108372935835
89288,89288,2,0.3254309325699774
89289,89289,2,0.32542725322511945
89338,89338,2,0.3545866391438286
89339,89339,2,0.3547191539554474
89340,89340,2,0.3277114197862987
89341,89341,2,0.3873306712950884
89342,89342,2,0.39139412317175576
89343,89343,2,0.386227019670515
89344,89344,2,0.3174852587525507
89553,89553,3,0.4384512949243841
89597,89597,2,0.47312937271884337
89598,89598,2,0.4457164360271845
89778,89778,2,0.6017208617863437
89868,89868,2,0.5368701203083361
90071,90071,1,0.4828759945019293
90072,90072,1,0.4592600664010996
90073,90073,1,0.4187567302810732
90074,90074,1,0.4187403317368026
90075,90075,1,0.41862801907348185
90076,90076,1,0.4255526505857498
90136,90136,3,0.39235572639483995
90146,90146,3,0.48544312773409665
90147,90147,3,0.5679982633667858
90148,90148,3,0.47242685352378905
90149,90149,3,0.40100846753962716
90189,90189,2,0.5381762246593415
90358,90358,3,0.9315920551502697
90359,90359,3,0.9173845702136912
90360,90360,3,0.9275564345445406
90433,90433,3,0.26226505124797517
90456,90456,3,0.43711254803727917
90457,90457,3,0.4279303917297439
90458,90458,3,0.5459404445182934
90459,90459,3,0.6092275926251091
90461,90461,1,0.5284460269580277
90525,90525,2,0.40571167168252736
90526,90526,2,0.21422678664660347
90671,90671,3,0.17728653801974387
90787,90787,3,0.39364653936157684
90822,90822,3,0.536555750407508
90823,90823,3,0.5858011816367112
90840,90840,3,0.31067433565022734
90841,90841,3,0.304505283010559
90842,90842,3,0.4744421792065741
90843,90843,3,0.47058900065923265
90844,90844,3,0.44880615324994433
90845,90845,3,0.4439643208207934
90910,90910,3,0.2221570274702801
90911,90911,3,0.2135293676113009
90912,90912,3,0.1630780204599736
91533,91533,3,0.4132526476618863
91534,91534,3,0.4142931369046518
91535,91535,3,0.426270138123347
91536,91536,3,0.30577376437748177
91537,91537,3,0.3347230916409581
92056,92056,2,0.4910338929176449
92057,92057,2,0.48974500562539414
92058,92058,2,0.4903130109018517
92059,92059,2,0.4940215962480762
92060,92060,2,0.49402877718093485
92070,92070,2,0.41142060746655
92385,92385,2,0.2229166262604883
92386,92386,2,0.2135607101589436
92457,92457,2,0.7285309753753998
92458,92458,2,0.8254032416261718
92459,92459,2,0.8465488078086452
92460,92460,2,0.7830928290566685
92493,92493,2,0.3943567379002788
92545,92545,3,0.20682582176210731
92546,92546,3,0.25050779948292906
92547,92547,3,0.25210838726893475
92684,92684,2,0.505620796213781
92685,92685,2,0.5361165617803669
92809,92809,1,0.43056480735309094
92810,92810,1,0.42696523597017777
93010,93010,3,0.2344544498924557
93011,93011,3,0.4180184156790892
93279,93279,3,0.4586535657641708
93280,93280,3,0.4628068209571682
93293,93293,2,0.4926655488762043
93294,93294,2,0.49448370859090335
93295,93295,2,0.49301771993896126
93296,93296,2,0.49088942478816666
93297,93297,2,0.492365262234721
93298,93298,2,0.491746443339557
93299,93299,2,0.49708058845905545
93330,93330,2,0.2809797005482435
93475,93475,3,0.4254998229426216
93476,93476,3,0.2565909477160976
93522,93522,3,0.36212815478265953
93523,93523,3,0.3621794662751226
93526,93526,1,0.528445010935149
93528,93528,3,0.447427871087344
93529,93529,3,0.43829955632800693
93530,93530,3,0.4375147629023311
93531,93531,3,0.43198730327583124
93532,93532,3,0.4323544375342951
93533,93533,3,0.4321705907472665
93734,93734,2,0.40604112352026334
94071,94071,3,0.24289106519547157
94072,94072,3,0.24257824772803357
94073,94073,3,0.24418707693377478
94514,94514,3,0.42272429573307935
94515,94515,2,0.4632702805571929
94516,94516,2,0.4662078747889074
94517,94517,2,0.4694594239186658
94518,94518,2,0.4760740340908455
94519,94519,2,0.4771518752352714
94520,94520,2,0.4832347940085895
94521,94521,3,0.49659174564484054
94522,94522,3,0.41743331453366805
94523,94523,3,0.4080645530394002
94536,94536,2,0.5799469449458641
94541,94541,2,0.5666628026244096
94542,94542,2,0.5767848943815894
94547,94547,2,0.4346816125554927
94548,94548,2,0.34978401435626233
94549,94549,2,0.3505277845101009
94550,94550,2,0.35592794085492213
94691,94691,2,0.5828257737245179
94749,94749,3,0.2994566864849386
94897,94897,1,0.8831260945888177
94932,94932,1,0.5016001678438334
95633,95633,2,0.4301065460272576
95634,95634,2,0.4336703283307408
95635,95635,2,0.44545436153717055
95636,95636,2,0.449001591482369
95637,95637,2,0.4205290331319225
95956,95956,3,0.9388336161431039
95957,95957,3,0.9368996252683034
95958,95958,3,0.9556763984215141
95959,95959,3,0.9570210584294487
95960,95960,3,0.9608333941443714
96029,96029,3,0.27604259157717626
96030,96030,3,0.2851089108945391
96031,96031,3,0.3058720095692538
96033,96033,3,0.3354618741003567
96129,96129,2,0.4983586035856679
96130,96130,2,0.49986802452895684
96131,96131,2,0.49907413649689714
96381,96381,3,0.16633329659130347
96382,96382,3,0.16113127352634302
96383,96383,3,0.17333739400283937
96432,96432,3,0.28915857431390424
96433,96433,3,0.2889327068429854
96434,96434,3,0.28407613223962047
96458,96458,3,0.3311640088576627
96459,96459,3,0.30808726169086353
96460,96460,2,0.33421736417805464
96461,96461,2,0.3298585114999006
96462,96462,2,0.3290825221441747
96470,96470,3,0.656403833714677
96472,96472,3,0.38036303732980675
96473,96473,3,0.3739117089061091
96474,96474,3,0.36418759841872594
96475,96475,2,0.38205616995639835
96819,96819,3,0.279649968780253
96835,96835,3,0.2468851983212678
96836,96836,3,0.21302875307046773
96882,96882,3,0.797846925235245
96928,96928,1,0.48884196488550563
96929,96929,1,0.4831958025154369
96930,96930,1,0.48183408954071155
96931,96931,1,0.4791142455578384
96932,96932,1,0.4721814636272712
96933,96933,1,0.4721775235385388
96934,96934,1,0.8544841328195931
97123,97123,2,0.6339996451568958
97124,97124,2,0.6410018997957244
97125,97125,1,0.5072184798491263
97126,97126,1,0.6572708743076258
97155,97155,3,0.46131017677890707
97156,97156,3,0.46099732469182986
97157,97157,3,0.43804305196756604
97158,97158,3,0.19396881950956982
97159,97159,3,0.19950638486201563
97535,97535,1,0.5159765383827434
97536,97536,2,0.37890381965132514
97537,97537,2,0.44073084074800917
97935,97935,1,0.5698931762173622
97936,97936,1,0.5880011093359147
97971,97971,2,0.6905149378350668
97972,97972,2,0.6533085501306523
97973,97973,2,0.6138326612082259
97974,97974,2,0.5234799713792181
97975,97975,2,0.5254909416172543
97976,97976,2,0.512587937249143
98034,98034,2,0.21982668394592642
98035,98035,2,0.2032145662498645
98224,98224,3,0.1703069427898101
98440,98440,3,0.4284931146623121
98441,98441,3,0.4280913858068789
98442,98442,3,0.4219050566077307
98449,98449,2,0.3899787699221539
98452,98452,2,0.4518194124998003
98454,98454,2,0.5255180530469886
98455,98455,2,0.5257743200686809
98456,98456,2,0.374187037172869
98469,98469,2,0.42365713480338957
98470,98470,2,0.4238308643396332
98792,98792,3,0.16711632847200064
98793,98793,3,0.16272006179433413
98794,98794,3,0.22788817326162908
98795,98795,3,0.20865217039580097
99348,99348,2,0.5405738610256521
99471,99471,2,0.7819977932160468
99472,99472,2,0.5649882956071751
99507,99507,2,0.3662909879929557
99634,99634,2,0.42340507100767727
99635,99635,2,0.42803562740504303
99925,99925,2,0.3955918909662806
99926,99926,2,0.3966630101144433
99927,99927,2,0.3976528993543997
99928,99928,2,0.39806276392165474
99929,99929,2,0.3489913476042113
99930,99930,2,0.3491077376689591
99931,99931,2,0.35301051534769373
100301,100301,2,0.8641088972511667
100304,100304,2,0.23649462677731423
100305,100305,2,0.2465091399466186
100713,100713,3,0.41461350183918194
100721,100721,2,0.40934008214953893
100722,100722,2,0.38513884460135245
100743,100743,2,0.5360843036707623
100744,100744,2,0.3115519289732774
100747,100747,2,0.26834330721124583
100748,100748,2,0.2683794460749502
100749,100749,2,0.2610779830940059
100750,100750,2,0.2610444979887099
100751,100751,2,0.260899942060682
101539,101539,1,0.5135629731632242
101540,101540,1,0.5135648664449769
101611,101611,3,0.16600448654520178
101612,101612,3,0.5236278877232466
101613,101613,3,0.28432897702391313
101627,101627,3,0.1946354939445549
101628,101628,3,0.3375388129094408
101629,101629,3,0.3296410129455417
101630,101630,2,0.6093928994276104
101631,101631,2,0.6010792011065474
101649,101649,1,0.6899237192008445
101650,101650,1,0.6917922935781773
101653,101653,1,0.5123104448367944
101654,101654,1,0.5123071227016428
101655,101655,1,0.5123020139347955
101656,101656,1,0.5122980577982865
102153,102153,2,0.3627796209904871
102154,102154,2,0.35870772673993806
102267,102267,3,0.214183945008678
102268,102268,1,0.793422637805304
102276,102276,2,0.7375185389544778
102277,102277,2,0.485741032637558
102408,102408,2,0.755758436617772
102409,102409,3,0.19325050876252226
102410,102410,3,0.1933908721464425
102411,102411,3,0.19202956198462068
102412,102412,3,0.19043332219056663
102413,102413,3,0.19454810941020473
102414,102414,3,0.18656101085240834
102415,102415,3,0.18331683380874025
102416,102416,3,0.1672412652582976
102440,102440,3,0.18240022442711057
102441,102441,3,0.23990736207337798
102724,102724,2,0.5383058836572843
102979,102979,3,0.2621007587560831
102980,102980,3,0.44417817855357367
103061,103061,2,0.35954060602592663
103122,103122,3,1.0462891473331462
103130,103130,3,0.2623120131240707
103131,103131,3,0.2627038588285501
103406,103406,2,0.30117268551638277
103407,103407,2,0.3584170345677385
103408,103408,2,0.41883494990250647
103409,103409,2,0.42257560915200015
103410,103410,2,0.42350497159940825
103411,103411,2,0.41554667423876074
103412,103412,2,0.4070721260243844
103493,103493,3,0.1615135766150948
103785,103785,3,0.36351726052108857
103786,103786,3,0.36280125697711063
103787,103787,3,0.3853756165102706
103788,103788,3,0.386838399049409
103789,103789,3,0.38729286776677063
103923,103923,2,0.48197907616490554
103943,103943,2,0.6012323754684555
103944,103944,1,0.6576366277286049
103945,103945,1,0.6576369352061248
103946,103946,1,0.6576374423386754
103947,103947,1,0.6576408404766875
103948,103948,2,0.6012280091281562
104136,104136,2,0.5143050311542485
104137,104137,2,0.5168040164510194
104138,104138,2,0.515705352905086
104165,104165,3,0.4385522751982173
104166,104166,3,0.4381167693673778
104167,104167,3,0.4383555496437389
104168,104168,3,0.43816852084284647
104842,104842,2,0.413134544616511
104843,104843,2,0.4125063895666195
105024,105024,3,0.6209769650788439
105025,105025,3,0.6254862306680101
105026,105026,3,0.6366228874510083
105027,105027,3,0.6378242197388853
105061,105061,3,0.7814434107776238
105062,105062,3,0.7821611245516938
105063,105063,3,0.7822284443064315
105064,105064,3,0.7655377945845733
105100,105100,2,0.5067165197825055
105101,105101,2,0.5111035923754704
105240,105240,3,0.20918277915041147
105241,105241,3,0.19747070064130134
105278,105278,2,0.5004720019668132
105347,105347,2,0.3623246441676342
105348,105348,2,0.6780748112649431
105349,105349,2,0.4365715542241521
105476,105476,2,0.704325173213185
105555,105555,2,0.19872659793391384
105556,105556,2,0.17148354894080864
105567,105567,3,0.7026293985791784
105641,105641,3,0.856515687038865
105720,105720,2,0.4832611247705528
105721,105721,2,0.336070895049243
105722,105722,2,0.40824259157480014
106012,106012,3,0.45299962233671026
106013,106013,3,0.4559404544905754
106014,106014,3,0.45200144442506335
106015,106015,3,0.4638559798592693
106016,106016,3,0.47697599436153404
106151,106151,3,0.400528983022411
106152,106152,3,0.40401314702430124
106548,106548,2,0.5802251818178643
106571,106571,2,0.2677344107483273
106572,106572,2,0.224718374526271
106573,106573,2,0.2048404477703829
106574,106574,2,0.20623217101594685
106575,106575,2,0.6900190178384564
106576,106576,2,0.23184638264017968
106577,106577,2,0.2205378536196293
106578,106578,2,0.1829480762564423
107096,107096,3,0.5165699857780033
107097,107097,3,0.5337345708335136
107098,107098,3,0.7173164506450963
107099,107099,3,0.7222808670978581
107100,107100,3,0.7498889380547086
107101,107101,3,0.7998628515322096
107102,107102,3,0.19626174740669877
107103,107103,3,0.202887580460706
107104,107104,3,0.20039941376421994
107105,107105,3,0.1964027223626338
107106,107106,3,0.641489941080721
107326,107326,3,0.5550158507937207
107327,107327,3,0.5215877195875711
107328,107328,3,0.41401830074586105
107329,107329,3,0.4128452600353513
107330,107330,3,0.41645845715761426
107333,107333,3,0.42973125646585525
107334,107334,3,0.42930529465687683
107339,107339,2,0.3661479341355258
107340,107340,2,0.3661660247084902
107854,107854,2,0.3778896694626388
107855,107855,2,0.3744622944447207
107856,107856,2,0.4057298627911325
107857,107857,2,0.7604795144810738
107858,107858,2,0.7598977345551833
107859,107859,2,0.7599390639714287
107885,107885,3,0.30132846163011595
107888,107888,2,0.3035111256196268
107889,107889,2,0.3032942984814691
107890,107890,2,0.3032923435762733
107891,107891,2,0.30329004844396534
107892,107892,2,0.30328626678019627
107893,107893,2,0.3032094836727246
107894,107894,2,0.3079000618776492
108528,108528,2,0.4335149861103638
108529,108529,2,0.414027183215576
108530,108530,2,0.3887263527258328
108531,108531,2,0.3816168694861732
108532,108532,2,0.37616255147233435
108533,108533,2,0.37644335001904916
108534,108534,2,0.35504293496887585
108535,108535,2,0.44036289348170377
109115,109115,2,0.6493076115904622
109116,109116,2,0.6579230092273094
109117,109117,2,0.6656443039420967
109118,109118,2,0.664257071346249
109353,109353,3,0.5203545636969966
109601,109601,2,0.6328281427649035
109605,109605,1,0.5133770946378425
109655,109655,3,0.2276831394242284
109754,109754,3,0.4830683855110751
109755,109755,3,0.49020249298248586
109756,109756,3,0.48935812541630247
109757,109757,3,0.49387076579111666
109758,109758,3,0.4994703301877179
109759,109759,3,0.5017057786127546
109815,109815,3,0.41658150574372216
109816,109816,3,0.4155121098798267
109817,109817,3,0.41572491928052835
109818,109818,3,0.4208452162518502
109819,109819,3,0.4274458314263053
109820,109820,3,0.42778573397563113
109821,109821,3,0.42802668585595144
109822,109822,3,0.4101378366219677
109823,109823,3,0.41053587115019036
109937,109937,2,0.32478250653880153
109938,109938,2,0.29756534692727354
109939,109939,2,0.29746296492104757
110222,110222,2,0.486050766987009
110326,110326,1,0.8827914345669301
110565,110565,1,0.5135648664449769
110759,110759,3,0.4323533019950848
110760,110760,3,0.43339510739406834
110761,110761,3,0.23264838366128254
110763,110763,3,0.26484740830847775
111031,111031,2,0.3798754166305663
111032,111032,2,0.3654677663151924
111079,111079,2,0.6163629850758565
111080,111080,2,0.48990228680980785
111081,111081,2,0.7318943095358039
111082,111082,2,0.7934099607967414
111083,111083,2,0.7054261304086237
111084,111084,2,0.6055775495123819
111399,111399,3,0.2704953613924376
111468,111468,3,0.4113281376213044
111525,111525,2,0.5290083133327719
111526,111526,2,0.6300859316848787
111527,111527,2,0.5102193160804678
111528,111528,2,0.5100487208152028
111751,111751,3,0.4601715757561008
111752,111752,3,0.4455726997011512
111753,111753,3,0.43868975177628433
111911,111911,3,0.2897168766266484
111912,111912,3,0.2501704504542877
111913,111913,3,0.2537426986871473
111928,111928,3,0.4921948408503142
111929,111929,3,0.48233926408236666
111932,111932,2,0.31813505351887816
111933,111933,2,0.4438271091165333
111934,111934,2,0.4970674369569256
112103,112103,2,0.36605149642993107
112104,112104,2,0.38580325621970546
112539,112539,3,0.23905061868063385
112655,112655,3,0.7821729585057723
112656,112656,3,0.7821752337059455
112657,112657,3,0.7821497431673166
112658,112658,3,0.7821724529871437
112659,112659,3,0.7822600817485225
112661,112661,3,0.8449646125013329
113321,113321,3,0.40995305246204194
113533,113533,3,0.1690853906871719
113534,113534,3,0.16153359737985273
113535,113535,3,0.15866707294321675
113536,113536,3,0.18388957299780734
114037,114037,2,0.39678246046458665
114038,114038,2,0.35326358077889336
114039,114039,2,0.34606949989673147
114041,114041,2,0.5273823809241092
114087,114087,2,0.2742350545055301
114088,114088,2,0.27817281038502784
114089,114089,2,0.2801233996257655
114090,114090,2,0.28637521356093554
114091,114091,2,0.28636663132992374
114092,114092,2,0.29295249076605323
114093,114093,2,0.290962067417896
114181,114181,2,0.4907476271423029
114182,114182,2,0.49064057686597407
114183,114183,2,0.4926580475142781
114331,114331,2,0.3204230639458714
114332,114332,2,0.4261553897363275
114333,114333,2,0.415504973153185
114641,114641,3,0.24718407885514884
115427,115427,3,0.21453187543328156
115428,115428,3,0.219022547981893
115437,115437,2,0.2928412166724705
116207,116207,3,0.2975804061498129
116246,116246,2,0.5055306909223259
116247,116247,2,0.49206967116465733
116275,116275,3,0.13446409629640163
116276,116276,3,0.15393454475737395
116287,116287,2,0.5799469449458641
116606,116606,3,0.49378202562247875
116607,116607,3,0.49389598575810145
116608,116608,3,0.5899002803808224
116609,116609,3,0.5286768788762239
116686,116686,2,0.49759083900958556
116851,116851,3,0.3239642577392151
116861,116861,2,0.344670635695307
116862,116862,2,0.6403543829740039
116863,116863,2,0.3698014616230015
116864,116864,2,0.3822197681975465
116865,116865,2,0.37712771313186966
116866,116866,2,0.3723002998864247
116867,116867,2,0.35934045655498015
117081,117081,3,0.27410200567903065
117097,117097,3,0.516242462641696
117098,117098,3,0.5079928812214798
117099,117099,3,0.538454761537985
117100,117100,3,0.5394766180069236
117101,117101,3,0.5404247632476701
117102,117102,3,0.546960231350347
117114,117114,2,0.47839198005868605
117437,117437,3,0.17440137128031877
117438,117438,3,0.17523636124181793
117439,117439,3,0.1888702474661781
117652,117652,3,0.2637400713192054
117653,117653,3,0.25209765373488346
117654,117654,3,0.24440417393203795
117661,117661,3,0.19033118325601595
117662,117662,3,0.2311749702732573
117663,117663,2,0.6012201722663086
117664,117664,1,0.7575334756051932
117867,117867,3,0.2550869996359861
117868,117868,3,0.2533323287526009
117941,117941,3,0.5045523522043621
117942,117942,3,0.5698188711222564
117943,117943,3,0.5273170140730405
118013,118013,3,0.5870590129722529
118014,118014,2,0.6161159993967821
118015,118015,3,0.5887765468488626
118016,118016,3,0.5884910090774774
118166,118166,3,0.21369252342853617
118170,118170,3,0.293498201323838
118171,118171,3,0.2904506529051478
118193,118193,2,0.4892263906905862
118194,118194,2,0.48509939295935656
118195,118195,2,0.4863431504123432
118214,118214,2,0.3825737937293561
118215,118215,2,0.3033453705743464
118216,118216,2,0.28864802520734323
118226,118226,2,0.36547516625998644
118227,118227,2,0.3636877366080139
118228,118228,2,0.35752531714508934
118229,118229,2,0.3293665028651192
118712,118712,3,0.18247520706531606
118713,118713,3,0.1646644311109873
118714,118714,3,0.16478640903017971
118715,118715,3,0.1329772988890401
118716,118716,3,0.3040283413355383
118736,118736,2,0.4686761380937148
118743,118743,2,0.44231401926502983
118745,118745,3,0.31096946707339185
118746,118746,3,0.25605252595424516
118775,118775,2,0.21720408118915346
118776,118776,2,0.3119272221889989
119025,119025,3,0.42847282871703296
119026,119026,3,0.43120026012161033
119027,119027,3,0.4322833603570069
119030,119030,2,0.5278606636138415
119031,119031,2,0.38593419469424994
119032,119032,2,0.3871682647673281
119033,119033,2,0.3917348198624925
119176,119176,2,0.7782163879331903
119177,119177,2,0.7609468307760772
119178,119178,2,0.7383937185938743
119179,119179,2,0.722763300025308
119270,119270,3,0.23058846262101368
119271,119271,3,0.2247423467046732
119272,119272,3,0.2211751654434316
119339,119339,2,0.5059693362206373
119340,119340,2,0.5297499076635025
119341,119341,2,0.5346376328010477
119342,119342,2,0.5225411757716137
119630,119630,3,0.2903439813286126
119631,119631,3,0.2830670285183728
119632,119632,3,0.28645224437528244
119633,119633,3,0.27005983297092345
119636,119636,3,0.25815324313634447
119637,119637,3,0.2624302885212853
119647,119647,2,0.5076852639554543
119648,119648,2,0.5012140292773759
119664,119664,2,0.5182253134876714
119684,119684,2,0.4526581413340976
119685,119685,2,0.4935858752317044
119686,119686,2,0.4718846585140743
119687,119687,2,0.4974689126106517
119688,119688,2,0.38692783505767064
119689,119689,2,0.4500379264763512
120138,120138,3,0.5464510356024721
120139,120139,3,0.4936635566306765
120296,120296,2,0.5332378271671693
120297,120297,2,0.40061678506870785
120298,120298,2,0.31492580892407535
120299,120299,2,0.33079036197210954
120300,120300,2,0.31655281389321677
120789,120789,2,0.35105848421662283
120790,120790,2,0.3344042891348975
120938,120938,2,0.39162002529290474
121092,121092,2,0.602312275225121
121093,121093,2,0.36900749209440953
121094,121094,2,0.23506660118915265
121095,121095,2,0.6095886084772205
121096,121096,2,0.3917530770761275
121140,121140,2,0.29625892071297827
121217,121217,3,0.7013726260373065
121240,121240,2,0.5814869556322732
121242,121242,2,0.5774386023195847
121431,121431,2,0.5308667132743747
121467,121467,2,0.22097520346261557
121490,121490,2,0.6727749406843082
121491,121491,2,0.5386806561986711
121492,121492,2,0.6716349977953034
121875,121875,3,0.2537133426066481
121876,121876,3,0.2582068820506692
121877,121877,3,0.2689405546147777
121878,121878,3,0.2674364340721697
121879,121879,3,0.26433216129577286
121880,121880,3,0.2611338775369744
121881,121881,3,0.23924520335182178
121882,121882,3,0.24064842613735749
121883,121883,3,0.2882607951888294
121884,121884,3,0.29473120719469914
121885,121885,3,0.31073919798694105
121886,121886,3,0.3649611530575242
121887,121887,3,0.3804279904048697
121888,121888,3,0.3895033545224627
121913,121913,3,0.15272845780758237
121927,121927,1,0.49630742998640076
121928,121928,1,0.4934035227839988
121929,121929,1,0.4934851024670521
121930,121930,2,0.5806613466609007
121931,121931,1,0.5215549875514581
121932,121932,1,0.5172372993158768
121933,121933,1,0.38443766586433453
121934,121934,1,0.3877755009622103
121935,121935,1,0.3662188129445212
121937,121937,1,0.9319887361405517
121938,121938,3,0.9044120392889707
122052,122052,2,0.45510476915324477
122104,122104,2,0.31647917634848627
122105,122105,2,0.3066711489569484
122106,122106,2,0.3345819716701904
122107,122107,2,0.3695383883424312
122218,122218,3,0.34192089150004634
122219,122219,3,0.3442306397721219
122220,122220,3,0.33753089119553065
122224,122224,3,0.4951911742322733
122225,122225,2,0.2940236977043215
122410,122410,2,0.54537218099273
122411,122411,2,0.5459176606166498
122412,122412,2,0.5462457354159022
122413,122413,2,0.7147960258343427
122481,122481,1,0.5484468051069185
122482,122482,1,0.5302860132757267
122914,122914,2,0.34334878047351564
122915,122915,2,0.34319271787758826
122916,122916,2,0.34304229417718934
122917,122917,2,0.3315617665001526
122918,122918,2,0.3483205178109728
122919,122919,2,0.3596953139570698
122920,122920,2,0.3429176211872439
122921,122921,2,0.3440355504635614
122922,122922,2,0.34506317087573113
122923,122923,2,0.3507799781571575
122942,122942,3,0.26964184661662033
122943,122943,3,0.22756545803431066
122944,122944,3,0.2213349720733164
123223,123223,1,0.5469673938593298
123408,123408,2,0.30088087752350046
123409,123409,2,0.31042566098975743
123864,123864,3,0.47696174067855174
123865,123865,3,0.46185751071622416
123891,123891,2,0.7592880183715113
123892,123892,2,0.770175234108193
123904,123904,3,0.8409233391837388
123905,123905,3,0.9228769076131672
123988,123988,3,0.5845289021706029
123989,123989,3,0.6077078871103283
124129,124129,3,0.4880150157848562
124130,124130,3,0.29655929330710856
124131,124131,3,0.27831786139467535
124132,124132,3,0.23192959351165227
124133,124133,3,0.1703363547348942
124134,124134,3,0.16894360817929308
124135,124135,3,0.17387549818567008
124136,124136,3,0.18051944583314797
124660,124660,2,0.22070561326000582
124661,124661,2,0.21874742810559578
124662,124662,2,0.22566004167648585
124663,124663,2,0.22487489664716656
124664,124664,2,0.20772318750749724
124665,124665,2,0.2089405659481778
124666,124666,2,0.17767071366015136
124740,124740,2,0.4818020766024588
124743,124743,1,0.7353596835867053
124744,124744,1,0.7488653833479887
124745,124745,1,0.7498522540481677
125209,125209,2,0.46023095793342755
125210,125210,2,0.44332521395736163
125483,125483,2,0.5131155139305918
125531,125531,3,0.620770064742436
125532,125532,3,0.6192887224911878
125786,125786,3,0.4412645130685082
125787,125787,3,0.5895158265686664
126095,126095,2,0.4644391005730857
126096,126096,2,0.46451442171963775
126097,126097,2,0.4645379892651435
126499,126499,2,0.7694327824397417
126500,126500,2,0.7942191035107371
126545,126545,2,0.2814209509495166
126546,126546,2,0.2883584318915008
126556,126556,2,0.31560612085924217
126823,126823,2,0.38783769284506603
126824,126824,2,0.38814081926508026
126825,126825,2,0.38862866157844717
126826,126826,2,0.39079499031563736
126827,126827,2,0.39457768797437903
126828,126828,2,0.3944996661472007
126883,126883,2,0.42078755447213
126884,126884,2,0.4176903245839681
126885,126885,2,0.4175839346499392
126938,126938,2,0.2703837351709586
126991,126991,2,0.2185043432863842
127000,127000,3,0.11549515499874946
127001,127001,3,0.22323470084103025
127027,127027,2,0.45991767535362177
127099,127099,2,0.3927429284974056
127100,127100,2,0.3063775249617818
127101,127101,2,0.3017913937748304
127102,127102,2,0.30171692948225703
127103,127103,2,0.3016237051152682
127232,127232,2,0.26712434184612033
127233,127233,2,0.2673883234205472
127234,127234,2,0.26793410939803824
127235,127235,2,0.5967975550992933
127236,127236,2,0.596126446265297
127322,127322,3,0.3323208111378769
127323,127323,3,0.332667738276024
127324,127324,3,0.33385482761226853
127325,127325,3,0.33558501975036575
127326,127326,3,0.3382259121586886
127346,127346,3,0.35338215032557746
127347,127347,3,0.43424893339939374
127348,127348,3,0.3705480564119101
127609,127609,2,0.324093644220478
127610,127610,2,0.39272114646315026
127748,127748,1,0.48323040023794495
127749,127749,1,0.4887610838364504
128053,128053,2,0.45420249544558733
128054,128054,2,0.4527246348988449
128055,128055,2,0.4559971691248966
128056,128056,2,0.46250296869181395
128057,128057,2,0.4615285436699074
128058,128058,2,0.43406121270814646
128059,128059,2,0.43883345435069426
128060,128060,2,0.4674392805549495
128061,128061,2,0.44136414499175247
128062,128062,2,0.472117532290445
128063,128063,2,0.5384724965687637
128064,128064,2,0.5235483458247794
128065,128065,2,0.6123177828973325
128648,128648,3,0.4906895414953972
128649,128649,3,0.46360609973094635
128650,128650,3,0.4634525169095246
128675,128675,2,0.31846821529749103
128676,128676,2,0.3245160185214337
128677,128677,2,0.39465529904678165
128678,128678,2,0.3892826436302987
128679,128679,2,0.3772820769607835
128712,128712,2,0.6622056216788307
128713,128713,2,0.5883131008739569
128921,128921,3,0.3522405547764852
128922,128922,3,0.3544565945567594
128987,128987,2,0.31238569144788847
128988,128988,2,0.3123983061993144
128989,128989,2,0.3123830805159996
128990,128990,2,0.31240785357510903
128991,128991,2,0.31240877049686866
128992,128992,2,0.3079196283052626
129388,129388,2,0.6140639107473437
129389,129389,2,0.6004474536069623
129390,129390,2,0.5938346924710722
129391,129391,2,0.4955015309201152
129459,129459,3,0.3399597003074012
129460,129460,3,0.3332849674693119
129742,129742,3,0.43100044389675846
129743,129743,3,0.4350557358280633
129744,129744,3,0.4334826663608561
129745,129745,3,0.4347423387917167
129752,129752,1,0.5052675536490766
130002,130002,2,0.5040038363743824
130003,130003,2,0.5066902570304935
130004,130004,2,0.5067021592064208
130005,130005,2,0.5092117155621195
130006,130006,2,0.5091613699504123
130007,130007,2,0.8480553070611422
130008,130008,2,0.8501220483476775
130009,130009,2,0.5041034584305495
130010,130010,2,0.504063181751359
130061,130061,3,0.4530036076622615
130148,130148,3,0.24581313947169856
130149,130149,3,0.27861905502574225
130150,130150,3,0.24302438262175724
130151,130151,3,0.2635523193302711
130651,130651,3,0.17635025999492462
130652,130652,3,0.17874074872310627
130706,130706,2,0.5992570836549733
131111,131111,3,0.6506414700692552
131112,131112,3,0.6498572147334709
131113,131113,3,0.4089579590533449
131114,131114,2,0.45506181154681236
131201,131201,2,0.49906972629802654
131263,131263,2,0.3743832294102002
131264,131264,2,0.3906889439033689
131265,131265,2,0.3948901002653969
131496,131496,2,0.4233001217567417
131497,131497,2,0.6981353377298184
131498,131498,2,0.25115245206762155
131499,131499,2,0.3097543721095818
131811,131811,2,0.6402108711181632
131812,131812,2,0.6049209272196369
131849,131849,2,0.28749025551733126
131850,131850,2,0.40576030128105023
131851,131851,2,0.40594183101674103
131990,131990,3,0.19301047090787027
132245,132245,2,0.36458491363954354
132331,132331,2,0.18160700690974418
132332,132332,2,0.167638443172234
132543,132543,2,0.4785869021801224
132726,132726,3,0.42718975222598143
132743,132743,3,0.2758822711722945
132744,132744,3,0.3728380949372981
132745,132745,3,0.30706601536737116
132746,132746,3,0.4787290667907498
132782,132782,2,0.3340176631153601
132783,132783,2,0.3168005871771903
132784,132784,2,0.32154407367052096
132979,132979,1,0.8814469339438189
132980,132980,1,0.8831578886626094
133019,133019,3,0.2696111042735107
133020,133020,3,0.24352662536839728
133021,133021,3,0.22360857504423137
133022,133022,3,0.203957407862213
133026,133026,3,0.5819011552706672
133417,133417,3,0.29824249136314374
133418,133418,3,0.30282910343654235
133419,133419,3,0.3018939883056675
133421,133421,3,0.2464632059597043
133422,133422,3,0.24479953880675787
133423,133423,3,0.2445150018549752
133424,133424,3,0.24639465649644404
133429,133429,3,0.15084856289101214
133442,133442,2,0.503344235387196
133443,133443,2,0.4921774616116521
133703,133703,3,0.17800894002496645
133704,133704,3,0.19597001435710695
133705,133705,3,0.19636075364798591
133706,133706,3,0.21574615042271708
133707,133707,3,0.21545857969127818
133708,133708,3,0.20794449687338687
133728,133728,2,0.5373771977363639
133729,133729,2,0.6193823123214713
133730,133730,2,0.7133988842853337
133731,133731,2,0.711635739095178
133814,133814,3,0.5274918226036781
133815,133815,3,0.519587713999606
133816,133816,3,0.5142971404726899
133817,133817,2,0.6093331620161342
133818,133818,2,0.6196593100574743
133819,133819,3,0.4570957307183537
133820,133820,3,0.4612784048270975
133821,133821,3,0.4564604905229412
133822,133822,3,0.44560209926927885
133823,133823,3,0.44423813272062446
133824,133824,3,0.4396816847778426
133968,133968,2,0.337346948461776
133970,133970,2,0.7131539665436329
133971,133971,2,0.6273189318891973
133976,133976,2,0.38540212457347406
133977,133977,2,0.3043179566695922
133978,133978,2,0.4387253579413508
133979,133979,2,0.3610568587502275
133980,133980,2,0.37880539380722383
133981,133981,2,0.43078871668312374
133982,133982,2,0.49471791113982166
134379,134379,3,0.28824002785807745
134650,134650,2,0.5093182624832623
134651,134651,2,0.508863469536124
134652,134652,2,0.5091310553114953
134653,134653,2,0.5049624296668629
134909,134909,3,0.17073544585896447
135013,135013,2,0.6182247236028713
135014,135014,2,0.4843240690453409
135015,135015,2,0.48248065810034707
135016,135016,2,0.495289773641638
135017,135017,2,0.49489341417531035
135169,135169,3,0.7604354585269142
135170,135170,3,0.6295403685134862
135195,135195,2,0.5037945192920597
135206,135206,2,0.6956142235992072
135298,135298,3,0.1976469396870504
135614,135614,2,0.31299731707287765
135619,135619,2,0.7618196398773419
135620,135620,2,0.5695468911547403
135621,135621,2,0.4174582155577142
135636,135636,3,0.25311565892136
135637,135637,3,0.252928619539238
135638,135638,3,0.2529513236242824
135639,135639,3,0.2526247040836141
135673,135673,2,0.38294801093228154
135674,135674,2,0.37930243327391044
135889,135889,3,0.5581515523215703
135890,135890,3,0.5680171547376027
135891,135891,3,0.5743002404060554
135915,135915,3,0.2123395750708844
136059,136059,3,0.25771044866825443
136322,136322,1,0.5266702349799023
136399,136399,2,0.6835437453973975
136400,136400,2,0.5699589959670595
136516,136516,3,0.21997600197870476
136663,136663,3,0.39244358122017253
136664,136664,3,0.39938362399085886
136665,136665,3,0.40194754648715275
136725,136725,2,0.31450973762010137
136726,136726,2,0.3438175100396165
136834,136834,2,0.7796004639527868
136835,136835,2,0.7963023875095253
136836,136836,2,0.8073604291653047
136844,136844,2,0.46552064971775425
136845,136845,2,0.5020542563690878
136846,136846,2,0.4736668681179631
136847,136847,2,0.6272456174726253
136971,136971,1,0.5914050270414122
136972,136972,1,0.5895787064184702
137380,137380,2,0.3228259969132849
137476,137476,3,0.18294532931910204
137656,137656,1,0.5135648664449769
137739,137739,1,0.48036897609394
137835,137835,3,0.8228539911051681
137836,137836,3,0.8745719503304678
137837,137837,3,0.8751959674412845
137979,137979,3,0.2140745300559644
137980,137980,3,0.22475111885468008
137981,137981,3,0.22973746831008462
137982,137982,3,0.22328466922383375
137983,137983,3,0.24213776374161794
137984,137984,3,0.23828288239578535
137985,137985,3,0.2563609064993995
137986,137986,3,0.2506971248480608
137987,137987,3,0.23482827000544074
138352,138352,3,0.7240949991225231
138353,138353,3,0.7254970144975085
138355,138355,1,0.5642342356245557
138356,138356,1,0.4165368818559849
138357,138357,1,0.4145442264728015
138358,138358,1,0.42500746778867554
138359,138359,3,0.9215360446927185
138521,138521,2,0.4166542670931894
138928,138928,1,0.5187183575317628
139091,139091,2,0.31888797229399746
139092,139092,2,0.2978461777415515
139172,139172,2,0.4444736278167279
139175,139175,2,0.724813561156772
139176,139176,2,0.6931844286039314
139406,139406,3,0.29289300843005145
139717,139717,2,0.16252056743037815
139718,139718,2,0.16906556677814405
139760,139760,2,0.5871020636442962
140014,140014,2,0.49936015893360736
140554,140554,3,0.1714086868670092
140662,140662,3,0.8157499359211994
140663,140663,3,0.7623264554203747
140664,140664,3,0.478525694807211
140665,140665,3,0.3756242185287533
140667,140667,3,0.24757089331120968
140668,140668,3,0.4233709369353439
140960,140960,3,0.42373764566362676
140961,140961,3,0.42456184261684565
140962,140962,3,0.4128785582160025
140963,140963,3,0.40444506419540116
140964,140964,3,0.405531139202479
140965,140965,3,0.19814024375491215
140966,140966,3,0.19241011549863815
141107,141107,2,0.44044407372682015
141108,141108,2,0.45283441532322394
141111,141111,2,0.6138184520126508
141112,141112,2,0.5834741345592516
141113,141113,2,0.4831959248721279
141128,141128,2,0.42629441185536665
141144,141144,2,0.5038488825100188
141145,141145,2,0.5125274909385794
141146,141146,2,0.5215336746540954
141147,141147,2,0.5212822870257191
141161,141161,2,0.2582872806134696
141162,141162,2,0.2583422752145755
141164,141164,2,0.26249151785033753
141322,141322,3,0.7645186693385145
141758,141758,3,0.2768834196361949
141798,141798,2,0.42594481283166347
141802,141802,2,0.5879870253700792
141960,141960,3,0.3920017778549841
142190,142190,3,0.2837003578985134
142191,142191,3,0.2842518843080995
142192,142192,3,0.28338431796106023
142193,142193,3,0.2843128601688921
142213,142213,2,0.918233494670834
142214,142214,1,0.9663402413827129
142489,142489,3,0.3814125691051304
142490,142490,3,0.3836161794332449
142491,142491,3,0.3669124054237654
142492,142492,3,0.3541057996568603
142493,142493,3,0.3454981778498497
142494,142494,3,0.35052244463529153
142681,142681,3,0.4306731156707963
142682,142682,3,0.43504941208419823
142745,142745,3,0.32578198305373895
142746,142746,3,0.32651367172881846
142748,142748,1,0.557421235877561
143034,143034,3,0.20144590612119304
143062,143062,2,0.7204888785801737
143063,143063,2,0.44923490960147894
143156,143156,3,0.39333314998867475
143211,143211,2,0.6237251093128131
143212,143212,2,0.6281587944996965
143213,143213,2,0.6347452687282149
143214,143214,2,0.3271045648036631
143215,143215,2,0.33293315510514687
143216,143216,2,0.3289691138775497
143218,143218,2,0.45310999372804417
143219,143219,2,0.40312273851775515
143464,143464,2,0.39225433297867013
143465,143465,2,0.39820215634405237
143466,143466,2,0.3811609251450099
143470,143470,3,0.14758557676154352
143471,143471,3,0.13957464800730918
143480,143480,2,0.6764323611256243
143481,143481,2,0.6531108778269501
143977,143977,3,0.9060678466042493
143987,143987,1,0.4834457983335843
143990,143990,3,0.5172408453471613
143991,143991,3,0.3804869824880957
143992,143992,3,0.37767090022046307
143993,143993,3,0.3701006466106792
143994,143994,3,0.3757421679929673
144011,144011,2,0.5619952916842882
144012,144012,1,0.49290060975725725
144013,144013,1,0.5168914974613539
144014,144014,1,0.5086002524241384
144018,144018,3,0.2160683257911097
144173,144173,2,0.6757703104238099
144455,144455,2,0.52226822086615
144929,144929,3,0.45334676114467237
144930,144930,2,0.459011157738465
144931,144931,2,0.472073771759348
145693,145693,2,0.4618852394524988
145694,145694,2,0.4610027311705814
145695,145695,2,0.4629609671754406
145696,145696,2,0.4646848585694238
145697,145697,2,0.44985141952186064
145698,145698,2,0.450711884232164
145734,145734,3,0.9032554706662894
145735,145735,3,0.9030646237364447
145736,145736,3,0.9029548386603344
145855,145855,3,0.3643897978036478
145856,145856,3,0.31867615456018594
145857,145857,3,0.3366789626553078
145858,145858,3,0.23231725136181203
146190,146190,2,0.5084333374776134
146206,146206,1,0.5296036267249115
146207,146207,1,0.5544061321848313
146210,146210,2,0.766677043194943
146414,146414,3,0.45439881547895006
146415,146415,3,0.45870741746629995
146416,146416,2,0.497541913383818
146417,146417,2,0.4879748177541097
146418,146418,2,0.4884216899006875
146430,146430,2,0.3908317129493905
146469,146469,3,0.23494396562485806
146470,146470,3,0.24473696530310743
146471,146471,3,0.24467237004168996
146472,146472,3,0.24192324026694642
146473,146473,3,0.2310277968652542
146567,146567,2,0.4732819689007594
146568,146568,2,0.4763726211543127
146569,146569,2,0.4795221649513093
146570,146570,2,0.47907731902639095
146571,146571,2,0.4779021652397607
146572,146572,2,0.4751797648097457
146573,146573,2,0.47510615479419654
146574,146574,2,0.48556338041152924
147072,147072,2,0.37231963956651165
147073,147073,2,0.26494313434773537
147074,147074,2,0.2591855533878682
147139,147139,2,0.48969272724566393
147140,147140,2,0.4628906911932118
147141,147141,2,0.4188973964812583
147142,147142,2,0.403632053089792
147143,147143,2,0.3959031085417949
147144,147144,2,0.3804137108513272
147145,147145,2,0.3650849464033041
147146,147146,2,0.3635257963420949
147243,147243,2,0.5655194761116477
147248,147248,3,0.38584498088982544
147249,147249,3,0.3794220549844831
147250,147250,3,0.41763635730643095
147251,147251,3,0.42092067785502774
147252,147252,1,0.6446128070593349
147253,147253,1,0.6447421633176278
147254,147254,1,0.6292665948377668
147255,147255,3,0.4135115053268809
147256,147256,3,0.3881813376840722
147257,147257,3,0.3696835218527002
147258,147258,3,0.5275833025459681
147259,147259,3,0.515380278998244
147433,147433,2,0.4037183869858858
147437,147437,2,0.3769106015099593
147446,147446,2,0.3330968943033509
147590,147590,2,0.2805727159890813
147591,147591,2,0.325888588096435
147592,147592,2,0.4682996318589859
147742,147742,3,0.2694721230746892
147743,147743,3,0.2411414184377328
147763,147763,2,0.4864441364382457
147764,147764,2,0.48418550071216127
148051,148051,3,0.33461014480209605
148052,148052,3,0.3686358345995679
148053,148053,3,0.3566487985202114
148272,148272,2,0.18905204439525
148538,148538,3,0.25727880087261595
148539,148539,3,0.25375416345641
148540,148540,3,0.2951000750870135
148541,148541,3,0.30184028778109667
148551,148551,3,0.48128873374222675
148552,148552,3,0.2204421099451924
148553,148553,3,0.1929288077724232
148574,148574,3,0.37732386006887675
148712,148712,2,0.5153761920256458
148713,148713,2,0.2049155415748791
148714,148714,2,0.3176698245538153
148715,148715,2,0.17098256616956437
148716,148716,2,0.26313311683515783
148717,148717,2,0.2761305351128855
148718,148718,2,0.29233213125568547
148719,148719,2,0.3145751512650604
148720,148720,2,0.3087962930178922
148721,148721,2,0.1947470904459911
148781,148781,1,0.3222000379669606
148782,148782,1,0.3335397459715958
148927,148927,2,0.2882777103848997
148928,148928,2,0.3395064954103988
149624,149624,2,0.32955693010493003
149650,149650,2,0.30036636674449685
149651,149651,2,0.2954224375509472
149944,149944,3,0.38167453446104227
149945,149945,3,0.40092159201525107
149946,149946,3,0.40900524069540634
150101,150101,2,0.22675319820897552
150103,150103,2,0.3398531784606228
150197,150197,3,0.35168616246638223
150198,150198,3,0.35054366258336955
150279,150279,2,0.4147051635550985
150280,150280,2,0.42276875356158017
150502,150502,2,0.34563282069674756
150503,150503,2,0.351528853637743
150504,150504,2,0.3513529886659204
150505,150505,2,0.3731847113178898
150506,150506,2,0.4132849474431811
150507,150507,2,0.5662991156453623
150508,150508,2,0.5782699955268156
150509,150509,2,0.5900254723118465
150661,150661,1,0.8071531437921857
150662,150662,2,0.4040113409350375
150663,150663,2,0.4042392417586288
150803,150803,3,0.2489920096004355
150804,150804,3,0.24509818118463864
150805,150805,3,0.2510562328905348
151155,151155,2,0.35361233056220137
151156,151156,3,0.3185529059931937
151648,151648,3,0.40330187396680645
151649,151649,3,0.4017922450529299
151650,151650,2,0.48379638286394816
151651,151651,2,0.4780725779259858
151652,151652,2,0.47245262093160884
151653,151653,3,0.4387331256643885
152071,152071,2,0.7340336161097682
152072,152072,2,0.35987477688911784
152309,152309,2,0.644151162383795
152310,152310,2,0.6089695493489391
152314,152314,3,0.43674874181253753
152315,152315,3,0.4346323910539253
152316,152316,3,0.42708941559551405
152351,152351,2,0.4768248864669518
152754,152754,3,0.2321234592995493
152755,152755,3,0.16332999118192804
152821,152821,2,0.8536780708869645
152822,152822,2,0.8565533002623481
152823,152823,2,0.5085268271683722
152824,152824,2,0.4748450908362391
152825,152825,2,0.46714027873663033
152826,152826,2,0.4670149145988116
152934,152934,3,0.21266982778946272
152961,152961,2,0.4674273265998046
153100,153100,2,0.3542626315955067
153101,153101,2,0.34713178880458495
153102,153102,2,0.3076838938272518
153103,153103,2,0.30332217545977413
153104,153104,2,0.3082195315301559
153105,153105,2,0.36527455109540014
153310,153310,3,0.5310362502457068
153311,153311,3,0.5329634514526941
153312,153312,3,0.5305223668332208
153573,153573,3,0.24891124970516107
153593,153593,3,0.32356965837419077
153594,153594,3,0.3236517152826915
153669,153669,3,0.4217381165863939
153670,153670,3,0.23249652506706406
153703,153703,2,0.4632420402878099
153704,153704,2,0.42308800216084724
153736,153736,2,0.3554174301871147
153737,153737,2,0.34553770335155315
153738,153738,2,0.32560802101379055
154037,154037,3,0.23175029878661507
154210,154210,1,0.6879095950885532
154211,154211,2,0.5467502123892645
154212,154212,2,0.5466755120727391
154213,154213,2,0.5466310372828563
154214,154214,2,0.5465765611890118
154231,154231,2,0.43119640890874766
154232,154232,2,0.463558318557256
154233,154233,2,0.46413547689715556
154234,154234,2,0.46780694132544653
154235,154235,2,0.4727148861122745
154236,154236,2,0.42972206860747536
154387,154387,3,0.26807199058394815
154388,154388,3,0.2654760120850647
154389,154389,3,0.2689003910651601
154390,154390,3,0.2723610073009306
154391,154391,3,0.2737112539119405
154477,154477,3,0.42123742592502667
154478,154478,3,0.41763331885582916
154479,154479,3,0.43462291367947053
154480,154480,3,0.43481487189525175
154481,154481,3,0.43932487306225854
154773,154773,3,0.4781916118985698
154774,154774,3,0.4796009582295003
154785,154785,3,0.45934230675584936
154786,154786,3,0.4989561391046916
155164,155164,2,0.5536392388011698
155165,155165,2,0.6132154029321195
155166,155166,2,0.5516343186051896
155167,155167,2,0.5253067340102481
155182,155182,2,0.25661463670925316
155183,155183,2,0.28634301866805306
155184,155184,2,0.22413755186920284
155339,155339,2,0.7695100156422447
155533,155533,3,0.4529253459185964
155580,155580,2,0.463916342411364
155581,155581,2,0.47057801961562395
155582,155582,2,0.47223803914727375
155583,155583,2,0.4742751737431537
155584,155584,2,0.4804514137416421
155585,155585,2,0.4807747582997766
155586,155586,2,0.7306753910108118
155587,155587,2,0.5254559627218908
155597,155597,2,0.5206015894008882
155598,155598,3,0.5165566916397782
155599,155599,3,0.5125239435172733
155621,155621,2,0.29601550527799053
155622,155622,2,0.37278985269426174
155623,155623,2,0.5239152046254173
155629,155629,2,0.5123185404753395
155630,155630,2,0.5217447481283101
155780,155780,2,0.626903268416671
155781,155781,2,0.612176057637657
155798,155798,3,0.4165324702314114
155799,155799,3,0.49441954056770376
155822,155822,2,0.3366386675043105
157343,157343,3,0.2012163333030931
157344,157344,3,0.19806155714757664
157345,157345,3,0.19745150395714056
157346,157346,3,0.19571326608918146
157347,157347,3,0.22757872069113522
157352,157352,2,0.46587888971650204
157353,157353,2,0.4504016148413341
157364,157364,3,0.8472008905447257
157365,157365,3,0.8737263349792848
157805,157805,3,0.6138246608954474
157806,157806,3,0.8978172037381758
157917,157917,2,0.3539083111784969
157918,157918,2,0.3509102243095764
157919,157919,2,0.35507382041453145
157932,157932,2,0.35274476425569157
157933,157933,2,0.3517752525065097
157937,157937,1,0.3935014765362831
158176,158176,3,0.4176927635652695
158177,158177,3,0.42459905084635363
158185,158185,3,0.5402493623009905
158186,158186,3,0.5430869393647176
158187,158187,3,0.5025179578171823
158188,158188,3,0.507368362559897
158243,158243,3,0.7913432193101532
158254,158254,2,0.775163517814385
158255,158255,2,0.7757082534459232
158256,158256,2,0.6815139378682726
158257,158257,2,0.6749983972326575
158258,158258,2,0.6541164366430035
158259,158259,2,0.8059167743470776
158260,158260,2,0.6889473921503465
158261,158261,2,0.7993081095467776
158348,158348,2,0.5364546782575924
158349,158349,2,0.5043309360124489
158350,158350,2,0.5100482315067815
158351,158351,2,0.5100603672392822
158372,158372,2,0.5030541782977704
158373,158373,2,0.5030956228697405
158374,158374,2,0.5122989899573355
158874,158874,2,0.48442913004891264
158875,158875,2,0.48588417699036585
158876,158876,2,0.48557509531064147
158879,158879,2,0.5295988079113247
158880,158880,2,0.5348214732367746
158881,158881,2,0.5388254269312182
158882,158882,2,0.5416480503272618
158883,158883,2,0.5475951008056509
158884,158884,2,0.5095596593977073
159505,159505,1,0.47381915777481737
159506,159506,1,0.4751701582347462
159507,159507,3,0.8554157888051126
159508,159508,3,0.326193519881214
159509,159509,3,0.31268894698425526
159652,159652,2,0.480201159517668
159653,159653,2,0.48247740662163957
159664,159664,1,0.5256384057537463
159665,159665,1,0.48865261061258014
159666,159666,1,0.4885409437516285
159763,159763,1,0.761906089144811
159764,159764,1,0.6712140502662014
159765,159765,2,0.37030862322160923
159766,159766,2,0.348026591437681
159767,159767,2,0.35019152160773653
159819,159819,2,0.5118341209445417
159820,159820,2,0.2999759742904523
160046,160046,3,0.9416266316123352
160075,160075,2,0.49598526327025577
160076,160076,2,0.49562806200709336
160077,160077,2,0.4941370067776399
160109,160109,2,0.7173621605701995
160110,160110,1,0.6802215752881274
160111,160111,2,0.7189122584031068
160112,160112,2,0.7105209768109093
160113,160113,2,0.7096932760765339
160114,160114,2,0.6263983022743891
160115,160115,2,0.3501673167138882
160252,160252,3,0.26774310527496664
160270,160270,2,0.4547619671451286
160279,160279,2,0.5202541018388497
160280,160280,2,0.5192421129764075
160281,160281,2,0.5141201794348484
160282,160282,2,0.5201817582688508
160289,160289,2,0.5297643430814839
160290,160290,2,0.5196991080457622
160304,160304,2,0.5217614272792845
160843,160843,3,0.13718477456207176
160844,160844,3,0.19083195190608582
160845,160845,3,0.39023727089097865
161091,161091,3,0.44937400779757875
161092,161092,3,0.6794094115835715
161093,161093,3,0.5733579583235416
161140,161140,1,0.49574396800530673
161141,161141,1,0.4993140028801677
161142,161142,1,0.5161772130751453
161143,161143,2,0.5403705697023651
161144,161144,1,0.5377290409180893
161145,161145,1,0.5026252104107096
161146,161146,1,0.4846823548857454
161147,161147,1,0.5115394760331679
161148,161148,1,0.5139346465732734
161179,161179,2,0.37019976439151525
161180,161180,2,0.3700765158891801
161181,161181,2,0.3714627279502791
161182,161182,2,0.37202968015743254
161268,161268,3,0.30552761545827534
161300,161300,2,0.48185582402040433
161301,161301,2,0.48942860866828664
161302,161302,2,0.5025910240016777
161307,161307,3,0.26746062129483317
161308,161308,1,0.3920473379870266
161309,161309,1,0.3533628541521266
161310,161310,1,0.34951035870956265
161312,161312,3,0.36728114838644654
161313,161313,3,0.8396231189644764
161577,161577,3,0.23651920101085025
161578,161578,3,0.23451969640295203
161579,161579,3,0.24391247547794848
161580,161580,3,0.23676136365068826
161581,161581,3,0.22348523158217318
161582,161582,3,0.22444004303706172
161708,161708,3,0.2886060138045171
161709,161709,3,0.28865234982302707
161710,161710,3,0.28629909595429565
161711,161711,3,0.3013390713633367
161712,161712,3,0.29690606784850476
161852,161852,3,0.3663164081358548
161853,161853,3,0.3702142425814581
161854,161854,3,0.37020705239403223
161855,161855,3,0.37421153891478565
161856,161856,3,0.3742098167478284
161857,161857,3,0.3741983496962629
161862,161862,3,0.8401323102844369
162213,162213,3,0.17849465706303522
162313,162313,3,0.8832714617813542
162413,162413,3,0.2602631548664754
162414,162414,3,0.26242451321430305
162415,162415,3,0.27046700505079757
162416,162416,3,0.267677310738821
162417,162417,3,0.14686987018673817
162426,162426,3,0.28074198442963827
162427,162427,3,0.2812827589416697
162428,162428,3,0.2866305883266284
162429,162429,3,0.2881273738617908
162430,162430,3,0.2810437378486214
162431,162431,3,0.28444194653399124
162432,162432,3,0.2680065212594933
162433,162433,3,0.26721306322105265
162434,162434,3,0.2628324075756568
162445,162445,3,0.15555208662942357
162446,162446,3,0.14629033719467815
162638,162638,2,0.22421042158140955
162639,162639,2,0.21105364168862498
162645,162645,1,0.9813383502848538
162663,162663,2,0.5259846334059765
162725,162725,2,0.2815514270662144
162952,162952,2,0.8443964495007764
162953,162953,2,0.6331524601199174
162954,162954,2,0.4445128754203446
162955,162955,2,0.3628841218258118
162990,162990,2,0.36847476723420064
163171,163171,3,0.5875657103955725
163173,163173,1,0.5135648664449769
163174,163174,1,0.5135648664449769
163411,163411,2,0.4483176228304668
163412,163412,2,0.43979727171422534
163413,163413,2,0.43928712546560517
163414,163414,2,0.40908456834300305
163415,163415,2,0.41071128417010183
163416,163416,2,0.39154044535879656
163417,163417,2,0.38489610809259506
163418,163418,2,0.3720180593944221
163419,163419,2,0.36577634446923935
163420,163420,2,0.3596713431556537
163421,163421,2,0.3596826989871209
163422,163422,2,0.3678023018293705
163423,163423,2,0.3677636861838798
163656,163656,3,0.3171655783694466
163978,163978,2,0.8230917476969366
163979,163979,2,0.8146717411226793
163980,163980,2,0.5144297214551092
163981,163981,2,0.51329764040443
164059,164059,2,0.2974086521589133
164442,164442,1,0.8829688032230953
164459,164459,1,0.5135648664449769
164460,164460,1,0.5135435921056706
164462,164462,3,0.32159200147678074
164463,164463,3,0.35792423199154766
164480,164480,2,0.39634097503302707
164493,164493,2,0.703101327812964
164494,164494,2,0.6708350121837965
164696,164696,2,0.38991150389069096
164701,164701,2,0.427689348219863
164703,164703,1,0.5197752576237629
164773,164773,2,0.530399920258359
164774,164774,2,0.5304839515272233
164775,164775,2,0.5305240326493571
164776,164776,2,0.5305596805418118
164777,164777,2,0.5308578620656457
164778,164778,2,0.5310308525480986
164779,164779,2,0.5311164638542479
164780,164780,2,0.5314111566545413
165126,165126,2,0.29907175405233044
165223,165223,3,0.20204118890600595
165224,165224,3,0.20165776774976996
165225,165225,3,0.19803543697852988
165226,165226,3,0.19603949764627104
165227,165227,3,0.1968381990033881
165228,165228,3,0.1960579213678547
165229,165229,3,0.1989697512996721
165274,165274,2,0.5547910727741014
165275,165275,2,0.5125404474038191
165310,165310,1,0.7797360608023984
165311,165311,1,0.774491192327359
165372,165372,3,0.42183008564586993
165374,165374,2,0.6389901423781026
165375,165375,2,0.5052231581342471
165389,165389,3,0.3752992325557418
165772,165772,2,0.42844138363050865
166000,166000,3,0.5383042815624679
166077,166077,2,0.17090483995926645
166078,166078,2,0.1783723981159704
166079,166079,2,0.1818079625844981
166110,166110,3,0.1824044245900019
166119,166119,3,0.4408217638823821
166120,166120,3,0.43776712960414815
166121,166121,3,0.4307402600620415
166149,166149,2,0.4280154646811378
166151,166151,2,0.4205161399886081
166164,166164,2,0.32395725149360655
166165,166165,2,0.3239755220865209
166166,166166,2,0.32388771969359825
166167,166167,2,0.32365657430922534
166168,166168,2,0.31903157169302265
166169,166169,2,0.2918217408052206
166170,166170,2,0.291921519438161
166171,166171,2,0.28564002614603257
166172,166172,2,0.28559290835556655
166173,166173,2,0.28561543773486947
166174,166174,2,0.28560455425545106
166392,166392,1,0.5749450108319818
166393,166393,3,0.5318978085496305
166394,166394,3,0.4552606827758089
166395,166395,3,0.45491755059313793
166396,166396,3,0.17800064919314315
166397,166397,3,0.1777092863952727
166398,166398,3,0.19289854501415596
166399,166399,3,0.20747201185297093
166415,166415,2,0.7637819384083965
166749,166749,2,0.530391813959951
166988,166988,3,0.5073898024710163
167466,167466,2,0.43293265296086825
167467,167467,2,0.43297245734666706
167864,167864,1,0.7921059717254907
167865,167865,2,0.4962653309221607
167866,167866,2,0.4823658985260603
167867,167867,2,0.48879225329404047
167868,167868,2,0.4818674848366972
167997,167997,3,0.44934145702950357
167998,167998,3,0.4465696090617517
167999,167999,3,0.46589102221609496
168000,168000,3,0.47092120489077244
168001,168001,3,0.4677351935758649
168095,168095,2,0.501226163253367
168096,168096,2,0.5058737287618233
168097,168097,2,0.5162738574455448
168271,168271,3,0.2549111945769994
168272,168272,3,0.25331283061283144
168275,168275,2,0.4827557469459585
168276,168276,2,0.4825637537293027
168277,168277,2,0.4721225949972155
168278,168278,2,0.4671329376454477
168430,168430,1,0.7195513127706047
168431,168431,2,0.45744717248122263
168432,168432,2,0.44681012289276206
168433,168433,2,0.3819695591003565
168445,168445,2,0.34343835015603097
168446,168446,2,0.30379545827183435
168447,168447,2,0.3037383540221923
168452,168452,2,0.5218832923046972
168453,168453,2,0.5122985729208857
168845,168845,3,0.39529987550191276
168846,168846,3,0.41366305666379244
168876,168876,2,0.5206502833774657
168877,168877,2,0.5779760735497462
168878,168878,2,0.6389353993020962
168879,168879,2,0.6133166379276515
169052,169052,2,0.19154327363138804
169148,169148,2,0.319244926428126
169149,169149,2,0.32480309986903605
169150,169150,2,0.32247920818341663
169151,169151,2,0.3151321394359462
169152,169152,2,0.3860960134504248
169153,169153,2,0.4385577993037927
169154,169154,2,0.5441380100525044
169155,169155,2,0.659053259211825
169170,169170,2,0.42177679895467207
169171,169171,2,0.42038185203625017
169172,169172,2,0.46802921928390806
169420,169420,2,0.2752085949314351
169421,169421,2,0.32309605684552073
169422,169422,2,0.3996395324991261
169423,169423,2,0.5468059755199489
169424,169424,2,0.54321425861558
169425,169425,2,0.7318342687290628
169444,169444,3,0.31908068612129725
169445,169445,3,0.4367746549060307
169446,169446,3,0.4467201295478851
169713,169713,3,0.22891149727309862
169750,169750,3,0.4077877583055789
169751,169751,3,0.3277241716545821
169752,169752,3,0.5543220052848914
169753,169753,3,0.5375166008929279
169754,169754,3,0.5215558678082212
169811,169811,2,0.7315534530702231
169812,169812,2,0.7558629157280901
169813,169813,2,0.7481199088329731
169814,169814,2,0.7442337148924587
169815,169815,2,0.7436508620221409
169816,169816,2,0.758652915951095
169817,169817,2,0.7464956758247088
169978,169978,2,0.30238795820510983
169994,169994,3,0.29604117277174885
169995,169995,3,0.28667910800315777
169996,169996,3,0.2849631624731506
170077,170077,2,0.43778742631725553
170179,170179,2,0.5693010981493588
170265,170265,2,0.2693883075411061
170266,170266,2,0.28993780411148673
170267,170267,2,0.2982570984846378
170422,170422,3,0.263768914973073
170844,170844,3,0.4505493459553562
170910,170910,2,0.3447684885377538
170911,170911,2,0.47038779154291255
170912,170912,2,0.4592921625377689
170916,170916,2,0.21576605536708443
171225,171225,3,0.9424635689958588
171227,171227,3,0.31017523611704856
171228,171228,3,0.3109449389653397
171229,171229,3,0.3102862378557271
171230,171230,3,0.3099758808945813
171231,171231,3,0.30997717704123834
171353,171353,3,0.4013797704015289
171354,171354,3,0.34232716654831846
171355,171355,3,0.2965062341668202
171356,171356,3,0.29066819059225385
171359,171359,2,0.32287224861018193
171858,171858,2,0.33162880261803146
171859,171859,2,0.41440778577751347
171860,171860,2,0.3397253569260799
171904,171904,2,0.6623615021630448
171961,171961,2,0.5110515719332782
171962,171962,2,0.5654431583529458
171963,171963,2,0.4991997594704218
172247,172247,3,0.2878450432098374
172248,172248,3,0.2879148237455661
172364,172364,3,0.46611935106459845
172365,172365,3,0.42342354296783763
172366,172366,3,0.4166327018111488
172367,172367,3,0.4149699547418412
172376,172376,2,0.49316915362147834
172377,172377,2,0.49168084533116996
172509,172509,2,0.4927966129998329
172534,172534,3,0.5590944822266448
172535,172535,3,0.5744508038213983
172536,172536,3,0.25198269792538036
172937,172937,3,0.35236229440410594
172938,172938,3,0.3533059215928775
172939,172939,3,0.35662595095507643
172940,172940,3,0.3668409763956035
172941,172941,3,0.36603496376768246
172942,172942,3,0.38820409021316543
172943,172943,3,0.36641258102072644
172944,172944,3,0.36341962391608557
173512,173512,3,0.2534746159692486
173539,173539,2,0.49450922182177015
173540,173540,2,0.49126085435535777
173541,173541,2,0.48842045678296303
173542,173542,2,0.4855511903526269
173548,173548,2,0.4786070678087473
173549,173549,2,0.4662799880939199
173958,173958,2,0.5281213716682279
173961,173961,2,0.5311489598368403
173962,173962,2,0.7967800903701588
173963,173963,2,0.7973235890930884
173964,173964,2,0.5925072556467202
173965,173965,2,0.45285797482415063
173966,173966,3,0.3324787116897658
173967,173967,3,0.3733665306493233
173968,173968,3,0.3825173494736476
173969,173969,2,0.5012063323828574
174060,174060,3,0.22517051250870218
174067,174067,3,0.24254203641230074
174068,174068,3,0.24233991615910067
174098,174098,2,0.3000623294719164
174352,174352,1,1.0061930766427154
174364,174364,2,0.3050646573896925
174365,174365,2,0.3051270223555879
174520,174520,3,0.31298070250468174
174536,174536,3,0.7717824578997096
174537,174537,3,0.8060908578485007
174538,174538,3,0.9246894590772166
174666,174666,2,0.5026835563837395
174686,174686,2,0.4249407737389447
174687,174687,2,0.4469533724580082
174688,174688,2,0.429028445628046
174689,174689,2,0.4135411197408
174690,174690,2,0.4079407204812943
174691,174691,2,0.38267658323581566
174692,174692,2,0.3808456110939268
174693,174693,2,0.37882333506685745
175050,175050,1,0.5135645042054846
175051,175051,1,0.5135646489245895
175052,175052,1,0.5135648664449769
175388,175388,1,0.9995849059201128
175389,175389,1,1.0026131330793155
175390,175390,1,0.9456899378708692
175391,175391,3,0.9384816607823724
175392,175392,3,0.24853028904551122
175393,175393,3,0.2335708370272535
175394,175394,3,0.22635740593655088
175593,175593,3,0.31617999519220413
175594,175594,3,0.2933941629349362
175595,175595,3,0.29339765323844896
175596,175596,3,0.2870338858323731
175643,175643,3,0.31591651155873235
175649,175649,2,0.458703305419986
176354,176354,3,0.4703365781444854
176355,176355,3,0.46829213386261304
176372,176372,2,0.2858416160805432
176373,176373,2,0.4663574257172041
176374,176374,2,0.4661331029761742
176375,176375,2,0.36669846202438067
176376,176376,2,0.3666389728621323
176377,176377,2,0.23706312460922696
176482,176482,2,0.5375712893747363
176483,176483,2,0.5366704647784468
176486,176486,2,0.5457383873729662
176498,176498,2,0.5124966911632008
176499,176499,2,0.5029054256647428
176564,176564,2,0.4973044704549684
176565,176565,2,0.4954487024319084
176566,176566,2,0.4949253862063705
176567,176567,2,0.5085122349813693
176568,176568,2,0.5216417528807394
176569,176569,2,0.5196904477430099
176570,176570,2,0.5162584752705552
176571,176571,2,0.5089045206509963
176572,176572,2,0.49897325450359864
176573,176573,2,0.4992054926973316
176643,176643,2,0.3304008938878973
176644,176644,2,0.33854119980074604
176645,176645,2,0.34487679980451524
176646,176646,2,0.3359493519793507
176650,176650,2,0.4011614145730923
176651,176651,2,0.3970662444460077
176652,176652,2,0.3812051964275007
176653,176653,2,0.3773140135004432
176791,176791,1,0.6846601026919011
176792,176792,1,0.6796122386805149
176793,176793,1,0.6762622151613977
176796,176796,2,0.3697001801294658
176797,176797,2,0.3658238837427444
176861,176861,2,0.5842200577249052
176862,176862,1,0.5630068185557513
176863,176863,2,0.5901214928701447
176864,176864,2,0.495196376384258
176865,176865,1,0.46877045279654894
176866,176866,1,0.46956587069233874
176867,176867,1,0.46746481976104803
176868,176868,1,0.5131990510807143
176869,176869,1,0.5115418334405649
177008,177008,3,0.5010748916774987
177009,177009,3,0.5386036526091444
177205,177205,2,0.47588495061915276
177206,177206,3,0.42501439144503045
177590,177590,3,0.47916121524256816
177591,177591,3,0.4745959228516097
177592,177592,3,0.4709421561778807
177593,177593,3,0.4728727169001035
177594,177594,3,0.4563645788456851
177595,177595,3,0.4581588144601616
177657,177657,3,0.25323336432415816
177658,177658,3,0.24482162413681494
177659,177659,3,0.24617204587371644
177660,177660,3,0.2512880488396078
177661,177661,3,0.2537317919788896
177662,177662,3,0.2574154753796685
177663,177663,3,0.2530122537994829
177664,177664,3,0.26570844697577134
177665,177665,3,0.39637098114701697
177667,177667,2,0.597037424137245
177668,177668,2,0.6012586842003607
177789,177789,1,0.3352716396380859
177790,177790,1,0.33597805834629135
177791,177791,1,0.3335851543388984
177792,177792,1,0.3277838371225147
177793,177793,1,0.35356943119868495
177794,177794,1,0.42116991661926145
177795,177795,1,0.5222230659033957
177796,177796,1,0.5240233606890715
177983,177983,2,0.49556819962772836
178425,178425,2,0.3201658179925258
178426,178426,2,0.3206440653819215
178888,178888,3,0.2300536372093061
178889,178889,3,0.2271845251527593
179079,179079,3,0.7811539871914435
179080,179080,3,0.8428652406877042
179087,179087,3,0.479219198850249
179088,179088,3,0.4792693982769421
179096,179096,2,0.35008314085703474
179097,179097,2,0.3256723661823179
179564,179564,3,0.32422355710016476
179627,179627,3,0.2288838340161956
179642,179642,2,0.5037340791309938
179643,179643,2,0.5002330436758295
179659,179659,2,0.32719913510583215
179660,179660,2,0.3076609020711414
179874,179874,2,0.5766997862656896
179875,179875,2,0.5975159302276307
180204,180204,3,0.28303762503011215
180205,180205,3,0.26010795234561834
180206,180206,3,0.2419578790906218
180207,180207,3,0.2660186930905809
180208,180208,3,0.3190697418462986
180209,180209,3,0.691292698437972
180242,180242,3,0.35354046722718585
180243,180243,3,0.35856812045197217
180504,180504,3,0.3347987888882577
180816,180816,3,0.2658539471628345
180817,180817,3,0.2673507979017198
180829,180829,3,0.28649718089662574
180830,180830,3,0.2740303492939734
180831,180831,3,0.3666304427216401
180871,180871,2,0.6311767598437642
180872,180872,2,0.668297741441676
180873,180873,2,0.6742858996461875
180874,180874,2,0.30671201820540805
180899,180899,2,0.41214335658236806
180900,180900,2,0.41367152211408204
180901,180901,2,0.41548347456963197
180902,180902,2,0.422797541827694
180913,180913,2,0.38166787057418483
180914,180914,2,0.36779873945720987
180915,180915,2,0.34033490281003415
180916,180916,2,0.33921885519089984
180917,180917,2,0.3413123119964016
180918,180918,2,0.3373421118032763
181212,181212,2,0.2542340868166632
181213,181213,2,0.258676607046759
181214,181214,2,0.2477169006998584
181215,181215,2,0.25990561360759523
181216,181216,2,0.2832993610618686
181277,181277,2,0.3561824076915045
181278,181278,1,0.5667041289607172
181279,181279,1,0.4466045351535185
181280,181280,1,0.5615448595917412
181281,181281,1,0.4878763741116478
181282,181282,1,0.563703208753142
181458,181458,3,0.16913200616297214
181459,181459,2,0.5837331320806732
181460,181460,2,0.4921705916243132
181461,181461,2,0.5896068313523571
181462,181462,2,0.6226615277961792
181463,181463,2,0.6213475010285557
181464,181464,2,0.5364978594973803
181465,181465,2,0.5353949663651525
181488,181488,2,0.3111077545494528
181489,181489,2,0.30631852458161607
181810,181810,3,0.3300517564418999
181852,181852,3,0.1952474264151227
181853,181853,3,0.5548762105412268
181854,181854,3,0.557252259373736
182296,182296,3,0.31632017529185374
182297,182297,3,0.3165436600518009
182298,182298,3,0.31675040625942247
182299,182299,3,0.31976029142901824
182300,182300,3,0.32707273397503134
182301,182301,3,0.33080805671448854
182302,182302,3,0.30095621404917244
182303,182303,3,0.30954645176182544
182304,182304,3,0.3059472315474721
182331,182331,3,0.2995218849047472
182332,182332,3,0.2986801721754937
182370,182370,2,0.36311793768670053
182371,182371,2,0.3631213324533718
182372,182372,2,0.3631144254017782
182373,182373,2,0.37530146099606143
182374,182374,2,0.4135262959461553
182375,182375,2,0.41183324418658174
182376,182376,2,0.4118196692724873
182377,182377,2,0.41175852704363175
182592,182592,3,0.678171220736346
182596,182596,2,0.3110405017265414
182597,182597,2,0.31106915204832686
182868,182868,1,0.5135648664449769
182918,182918,2,0.5646168703350222
182924,182924,3,0.39308128559312483
182925,182925,3,0.3847918589286091
183386,183386,3,0.6281600388339293
183403,183403,3,0.2097809053799389
183519,183519,3,0.34879761693130634
183542,183542,3,0.22429034228219594
183543,183543,3,0.22075755067141553
183544,183544,3,0.23861125718519732
183545,183545,3,0.279280928640808
183546,183546,3,0.3032497451167825
183547,183547,3,0.35463680972443834
183589,183589,3,0.16463261852992728
183590,183590,3,0.16433029193019924
183597,183597,2,0.3301404236569342
183598,183598,2,0.3301850891763981
183599,183599,2,0.33018064430605903
183600,183600,2,0.33018150995068557
183601,183601,2,0.3258898530929641
183879,183879,2,0.5636849843063532
183880,183880,2,0.343565935622973
183966,183966,3,0.17978197847805363
183967,183967,3,0.19000283081856514
183968,183968,3,0.17857029484312997
184110,184110,2,0.4966456614279448
184334,184334,3,0.4334083331667045
184335,184335,3,0.38431812700575446
184336,184336,3,0.40953907534745954
184337,184337,3,0.3857873557941701
184338,184338,3,0.38489662383855794
184339,184339,3,0.3867972392640493
184699,184699,2,0.599160303920122
184700,184700,2,0.4908840934048752
184701,184701,2,0.5567028449148517
184735,184735,3,0.41494203741302094
184736,184736,3,0.36857260586728285
184859,184859,2,0.41430232597904754
185078,185078,3,0.27983154326072407
185079,185079,3,0.2751481096377508
185080,185080,3,0.27794663665104374
185081,185081,3,0.3579961083045539
185082,185082,3,0.3649457388069795
185083,185083,3,0.35914138552083363
185084,185084,3,0.35678602702096374
185085,185085,3,0.3572866695105774
185086,185086,3,0.269380088376618
185090,185090,2,0.4843689399285412
185101,185101,3,0.7213756923547949
185102,185102,2,0.45566358669920043
185103,185103,2,0.4594633923523742
185104,185104,2,0.46360379746015123
185105,185105,2,0.46284056196944795
185106,185106,2,0.4532999598208597
185107,185107,2,0.43696079276214944
185108,185108,2,0.46401210827295536
185703,185703,3,0.17928959795040186
185704,185704,3,0.17877588194278152
185738,185738,3,0.3045247793544097
185739,185739,3,0.21970871649138618
185981,185981,2,0.8405187646731623
185982,185982,2,0.7871533415166533
185983,185983,2,0.7492628502830132
185985,185985,2,0.5187207847302708
185986,185986,3,0.884953251299043
186297,186297,2,0.30766861170958587
186298,186298,2,0.3076705049245986
186299,186299,2,0.30766652962346713
186300,186300,2,0.3076205554984025
186303,186303,2,0.3269533995284717
186304,186304,2,0.32691864032152695
186305,186305,2,0.3268616332736264
186306,186306,2,0.32218469209851014
186443,186443,2,0.5884448367244739
186444,186444,2,0.5061971280844553
186453,186453,3,0.889681349191015
186454,186454,3,0.896239467894473
186455,186455,3,0.8959773506886237
187033,187033,2,0.5158694987812158
187036,187036,2,0.5055244318837275
187037,187037,2,0.5054944263503492
187210,187210,3,0.6414165147768454
187211,187211,3,0.41488219884303545
187212,187212,2,0.9027836120240185
187528,187528,2,0.3570223760845934
187529,187529,2,0.35991810747377334
187530,187530,2,0.35887119129585887
187565,187565,2,0.32571877413766204
187566,187566,2,0.32579223277188113
187567,187567,2,0.32196708543280933
187568,187568,2,0.32206958919418244
187569,187569,2,0.2955190401050971
187570,187570,2,0.295686012651009
187836,187836,3,0.43118650722274315
187837,187837,3,0.3922004098990476
187838,187838,3,0.7974636299570623
187851,187851,3,0.958777393050845
187852,187852,3,0.9408067677466687
187853,187853,3,0.8843033465412728
188007,188007,3,0.22238088331163613
188048,188048,2,0.19907915153797973
188049,188049,2,0.198470476154011
188089,188089,3,0.36794730639519296
188090,188090,3,0.41103511137321613
188097,188097,2,0.4231626213901004
188098,188098,2,0.4268367401786068
188099,188099,2,0.41948172241730664
188100,188100,2,0.4182624611069089
188101,188101,2,0.4194746125753412
188102,188102,2,0.41939169993585546
188103,188103,2,0.420813921590083
188104,188104,2,0.42107656686398
188105,188105,2,0.4172180995419948
188106,188106,2,0.41657497750936734
189533,189533,3,0.4358706376911864
189568,189568,3,0.4218691771213841
189569,189569,3,0.42336668322510307
189765,189765,2,0.25645442698319376
189766,189766,2,0.2638731423816707
189767,189767,2,0.27842174268212283
189768,189768,2,0.30649766123819705
189769,189769,2,0.24760310094700047
189794,189794,2,0.6195914336568497
189795,189795,2,0.39923438386692633
189997,189997,2,0.765172395276614
189998,189998,2,0.758190866541249
189999,189999,2,0.7263855087429244
190132,190132,2,0.4803605773744343
190133,190133,2,0.4892502034761062
190134,190134,2,0.568245877606414
190135,190135,2,0.41176135568689415
190136,190136,2,0.6071473452682306
190137,190137,2,0.629606890496781
190138,190138,2,0.5318390833084687
190142,190142,2,0.481385576756747
190143,190143,2,0.4743771707165769
190257,190257,3,0.27164635449691366
190313,190313,3,0.4142112658389173
190314,190314,3,0.4043701994054704
190470,190470,3,0.31435003477584084
190490,190490,2,0.48335810937039225
190491,190491,3,0.47037329033270897
190492,190492,3,0.4914416630310245
190493,190493,3,0.4528734435797817
190494,190494,2,0.47853623717647015
190495,190495,2,0.48136358302422494
190496,190496,2,0.4825301748181922
190511,190511,2,0.49736078098954956
190512,190512,2,0.5175790339313979
190513,190513,2,0.547562918573182
190514,190514,2,0.559264998660936
190841,190841,3,0.26879191445640066
191158,191158,2,0.42275017613349586
191227,191227,1,0.4846204539929654
191228,191228,1,0.4821926687503277
191229,191229,1,0.5252700264965043
191246,191246,2,0.3154089099850047
191247,191247,2,0.31543127156623796
191248,191248,2,0.31541690487491714
191249,191249,2,0.3154014032992942
191255,191255,2,0.2583639731803098
191256,191256,2,0.2667881089813103
191257,191257,2,0.2667679785761603
191258,191258,2,0.2667497796548135
191259,191259,2,0.266662841525163
191260,191260,2,0.2967381945002081
191261,191261,2,0.29668571950739675
191262,191262,2,0.30162367075295843
191423,191423,2,0.7443450035297969
191463,191463,2,0.5166410218331402
191464,191464,2,0.5164547138738061
191465,191465,2,0.5167482547484864
191466,191466,2,0.5116237772184833
191467,191467,2,0.5082803073806454
191641,191641,2,0.6939332455694492
191642,191642,2,0.6978826252422909
191859,191859,3,0.5339408347126972
191860,191860,3,0.46577127941359014
191861,191861,2,0.631642194825638
191862,191862,2,0.7235568723073386
191863,191863,3,0.6584920703785142
191864,191864,3,0.5659152259631813
191865,191865,3,0.49884114561948084
191866,191866,3,0.494635790446502
191867,191867,3,0.49627342333966146
191868,191868,3,0.5066045140119849
191869,191869,3,0.46758026894190746
191870,191870,3,0.49844280550884723
191871,191871,3,0.52787542050384
192025,192025,3,0.6058891031882713
192026,192026,3,0.47056653429278583
192027,192027,3,0.4728666708040223
192028,192028,3,0.47020916369891713
192029,192029,3,0.4671925360622066
192030,192030,3,0.46813546218939084
192031,192031,3,0.4625941768741234
192091,192091,2,0.5489236650966445
192092,192092,2,0.5492011118281017
192093,192093,2,0.5492081871229778
192094,192094,2,0.5492134834134347
192095,192095,2,0.5492258967693365
192096,192096,2,0.6068512120465567
192097,192097,2,0.5491604369501599
192147,192147,2,0.30926685184131697
192148,192148,2,0.3989970408964521
192149,192149,2,0.38988344613995457
192742,192742,3,0.8893095985592674
193269,193269,2,0.32257963381074906
193270,193270,2,0.3240928396736746
193271,193271,2,0.3212082776954547
193480,193480,3,0.35649190639566297
193481,193481,3,0.35173693338250017
193482,193482,3,0.3394399343108248
193493,193493,3,0.20794343300834922
193494,193494,3,0.179019368813725
193495,193495,3,0.25099222649641756
193496,193496,3,0.38288702530768637
193497,193497,3,0.6236275772984355
193502,193502,1,0.4790838756903354
193503,193503,1,0.4764818525060118
193504,193504,1,0.46969901339493975
193547,193547,3,0.24605998139672555
193548,193548,3,0.24424871668426146
193549,193549,3,0.24719162083801186
193550,193550,3,0.2509719159114653
193551,193551,3,0.25434145101959293
193552,193552,3,0.26276707149202816
193735,193735,1,0.333424328491089
193736,193736,1,0.3484163321672089
193737,193737,1,0.45397900925233503
193738,193738,1,0.4607978596088035
193739,193739,1,0.4700035414074938
193740,193740,2,0.5768588231019538
193741,193741,1,0.4404477541056851
193742,193742,1,0.47817852917650844
193743,193743,1,0.4923843348031842
194418,194418,3,0.24109076138537
194419,194419,3,0.23852766677631787
194421,194421,3,0.17614710512651552
194422,194422,3,0.13348419956181387
194431,194431,3,0.2879102242406346
194432,194432,3,0.2721908138116832
194433,194433,3,0.27096797790380817
194455,194455,3,0.4897567254404688
194456,194456,3,0.3426902160088948
194463,194463,3,0.39492159538930977
194464,194464,3,0.3928565471944553
194468,194468,3,0.7981463451850126
194470,194470,1,0.5278840534607027
194768,194768,2,0.5026396500276056
195080,195080,2,0.4828419636171529
195081,195081,2,0.612050163214392
195082,195082,2,0.6175779120151372
195088,195088,3,0.16443281370949492
195089,195089,3,0.19230024165787618
195090,195090,3,0.1706209562852696
195091,195091,3,0.16800894022587776
195205,195205,3,0.2574774822908651
195304,195304,2,0.40542621201811935
195321,195321,3,0.15370956963211801
195322,195322,3,0.15582392107257031
195323,195323,3,0.16226004249067924
195324,195324,3,0.1644394084697733
196093,196093,1,0.41482275992061673
196094,196094,1,0.5417958682038094
196095,196095,1,0.5310250264175054
196481,196481,2,0.46872208010437844
196482,196482,2,0.5556806807333946
196493,196493,2,0.4612620875659869
196614,196614,2,0.48505534827955055
196615,196615,2,0.31952701819826695
196616,196616,2,0.38936327193273074
196617,196617,2,0.3335513315009824
196788,196788,2,0.286350689946014
197028,197028,3,0.23805252280725364
197029,197029,3,0.28378609251107695
197030,197030,3,0.6036470193432869
197059,197059,2,0.31065623335332576
197060,197060,2,0.3107421313115273
197061,197061,2,0.3059996678082322
197062,197062,2,0.30604816474763963
197063,197063,2,0.2770028291769141
197064,197064,2,0.2770074736557373
197065,197065,2,0.27000435081565655
197066,197066,2,0.2700264368695658
197067,197067,2,0.27008338043790503
197068,197068,2,0.27015972762648655
197069,197069,2,0.27057024835914434
197070,197070,2,0.2705521358070004
197073,197073,2,0.31367709736209987
197074,197074,2,0.31377209243321613
197075,197075,2,0.31375543637086406
197076,197076,2,0.31377180679582256
197077,197077,2,0.25259819374371884
197078,197078,2,0.25263667294016223
197079,197079,2,0.2526602705085587
197080,197080,2,0.2527963926662421
197081,197081,2,0.24574617474495053
197363,197363,2,0.33535109840461225
197364,197364,2,0.26450115690335174
197365,197365,2,0.47341001474262556
197372,197372,3,0.40717456502557736
197373,197373,3,0.43224856254656246
197374,197374,3,0.4392150012857933
197375,197375,3,0.43371644103720686
197376,197376,3,0.44350013589502
197377,197377,3,0.45025282164230124
197378,197378,3,0.45537765949145714
197620,197620,3,0.3717692840768644
197621,197621,3,0.2992418691993012
197622,197622,3,0.2234400070529933
197623,197623,3,0.20466755265092798
197624,197624,3,0.20905910715617798
197625,197625,3,0.2102666819062698
197626,197626,3,0.2109245164079729
197878,197878,2,0.417221059976041
197879,197879,2,0.39803044150314215
198218,198218,2,0.4907030268720948
198235,198235,2,0.5097078673216745
198241,198241,2,0.36970124600324406
198242,198242,2,0.38249792257574683
198243,198243,2,0.3968597948023132
198244,198244,2,0.45634774378051374
198245,198245,2,0.48727875874599236
198246,198246,2,0.4877884096356371
198247,198247,2,0.5077769092511676
198346,198346,2,0.7195265608369045
198347,198347,2,0.4816031464875362
198348,198348,2,0.4794128214512361
198349,198349,2,0.4780147320967806
198350,198350,2,0.48765443168524514
198351,198351,2,0.5071109873643119
198352,198352,2,0.529971010665599
198358,198358,3,0.292332377033555
198359,198359,3,0.3195351984035318
198360,198360,3,0.32907959005726717
198361,198361,3,0.2646786818659161
198362,198362,3,0.22661306229803654
198365,198365,3,0.5397116192122969
198585,198585,2,0.7511061528163229
198586,198586,2,0.7034111136270621
198587,198587,2,0.44651344324174297
198733,198733,3,0.2592806888306213
198760,198760,3,0.3185899867116223
198761,198761,3,0.32594163304337614
198762,198762,3,0.3345919403127717
198867,198867,2,0.3969659331062385
199015,199015,3,0.49899078869505253
199264,199264,3,0.2661456080087739
199265,199265,3,0.27098563445900586
199269,199269,3,0.16965282994948613
199270,199270,3,0.16412988583598329
199271,199271,3,0.16049117816510367
199272,199272,3,0.16055844844489386
199273,199273,3,0.16056431708404825
199274,199274,3,0.16108207326842297
199275,199275,3,0.1612225585124902
199285,199285,3,0.15768080436119916
199321,199321,1,0.6445711768558001
199322,199322,1,0.6190384006839529
199323,199323,2,0.32148100937616886
199324,199324,2,0.3224829016964797
199325,199325,2,0.31932463510902753
199326,199326,2,0.312535667392505
199513,199513,3,0.18531870917092555
199651,199651,2,0.34828373592274364
199652,199652,2,0.3558877511275549
199653,199653,2,0.7180908092796316
199654,199654,2,0.7489826146792369
199655,199655,2,0.3653476831440414
199656,199656,2,0.3597880397349631
199657,199657,2,0.3536237353766149
199658,199658,2,0.3541357449054003
199661,199661,3,0.27102965577098254
199662,199662,3,0.23280532555910108
199762,199762,3,0.1652367656107858
199763,199763,1,0.5091982575377431
199765,199765,3,0.7808506982857663
199766,199766,3,0.605617538443438
199767,199767,3,0.5212322295138936
199768,199768,3,0.5097904335664997
199769,199769,3,0.2140266330725988
199770,199770,3,0.20136079734085105
200052,200052,3,0.5658864029962651
200347,200347,2,0.5102354243680436
200348,200348,2,0.5091862843560793
200349,200349,2,0.5091365388380479
200350,200350,2,0.5078183003250094
200351,200351,2,0.5048420229324724
200352,200352,2,0.5006260409006386
200353,200353,2,0.5077154859837342
200363,200363,3,0.16681248551727315
200364,200364,3,0.16776779736276606
200365,200365,3,0.17256208564091488
200366,200366,3,0.1852037812487875
200367,200367,3,0.19051484894214954
200368,200368,3,0.1948319645751144
200369,200369,3,0.20237296520332754
200370,200370,3,0.21288868632760694
200371,200371,3,0.22312479556981382
200372,200372,3,0.23176080672172186
200373,200373,3,0.24518862562593283
200374,200374,3,0.2596866287900269
200375,200375,3,0.2656809443560644
200376,200376,3,0.2787112929164583
200559,200559,2,0.5119489283641193
200560,200560,2,0.5376739813069316
200561,200561,2,0.7038046280710241
200562,200562,2,0.7295225735930779
200569,200569,3,0.6288294083348508
200570,200570,3,0.4432733037306391
200724,200724,3,0.4017380000568445
200728,200728,3,0.29521736729832
200729,200729,3,0.2745271501630616
200738,200738,2,0.4783920465966853
200749,200749,3,0.23291182723081777
200750,200750,3,0.2728438633119948
200751,200751,3,0.4646693267738723
200752,200752,3,0.2679444979124763
200753,200753,3,0.2691228639976761
200755,200755,3,0.20511233080600388
200756,200756,3,0.17746586445284443
200757,200757,3,0.23163391543974265
200785,200785,2,0.3004499015425621
200786,200786,2,0.2959244841098128
200788,200788,2,0.3221256248997137
200789,200789,2,0.32154021120539356
200790,200790,2,0.31074841223984984
201233,201233,3,0.8719392761638268
201234,201234,3,0.8757050977447414
201248,201248,3,0.15358694168614787
201249,201249,3,0.2230449019573265
201271,201271,2,0.36459459213627676
201272,201272,2,0.3383779372706485
201273,201273,2,0.32893288055255854
201274,201274,2,0.3053394739923985
201275,201275,2,0.31278015354840694
201796,201796,2,0.44062579073220653
201797,201797,2,0.4255746442528856
201798,201798,2,0.3419805934623447
201799,201799,2,0.3032430362744791
201822,201822,3,0.22429837027069377
201839,201839,3,0.22202031677554696
201868,201868,3,0.1933084801333772
201884,201884,2,0.39591535110668635
201885,201885,2,0.3981471223036639
201886,201886,2,0.39141544434386455
201897,201897,2,0.3037914609753311
201907,201907,2,0.36613831566364713
201908,201908,2,0.3660618180231021
201978,201978,2,0.5195279198275482
201979,201979,2,0.584218677177879
201980,201980,2,0.5308681722545121
201981,201981,2,0.6154392109503514
202016,202016,3,0.42924222937173856
202023,202023,2,0.4892837882384887
202300,202300,2,0.31718633611287594
202301,202301,2,0.32786934498167086
202302,202302,2,0.43656755117875357
202303,202303,2,0.5026080193851263
202304,202304,2,0.4334513866066333
202305,202305,2,0.54112311998696
202306,202306,2,0.5476103606241491
202307,202307,2,0.6230709365154911
202308,202308,2,0.5430715605391804
202309,202309,2,0.47791620285833036
202779,202779,2,0.5024788586963969
202780,202780,2,0.5069999481239202
203068,203068,2,0.5486279088862727
203069,203069,2,0.5180491541334767
203070,203070,2,0.4400221408592826
203071,203071,2,0.3637335265837112
203115,203115,2,0.21501558196250006
203116,203116,2,0.20936606151009163
203223,203223,3,0.2219858715357147
203224,203224,3,0.22675390473531953
203354,203354,3,0.27446970493668643
203674,203674,1,0.613273674756805
203675,203675,1,0.6133007659687231
203676,203676,1,1.0055446074665766
203811,203811,3,0.19179084440096492
203812,203812,3,0.20848930723611625
203813,203813,3,0.19478008951807887
203814,203814,2,0.5300296699859837
203815,203815,2,0.7840286573378534
203816,203816,2,0.7767216217056248
203817,203817,2,0.801844117477417
203818,203818,2,0.8045641565798108
203819,203819,2,0.5172164656408538
203820,203820,2,0.5171310708289064
203821,203821,2,0.5370392597710371
203822,203822,2,0.5346438726422538
204050,204050,3,0.3904785997105187
204052,204052,3,0.3906651240023717
204055,204055,3,0.43308158274407055
204056,204056,3,0.4329278460922612
204342,204342,3,0.7095218801308227
204343,204343,3,0.48065947070971227
204344,204344,3,0.48417704666538347
204382,204382,2,0.41124845287567696
205080,205080,2,0.5087045531447683
205081,205081,2,0.5085561803077207
205178,205178,2,0.3627384221282047
205179,205179,2,0.354102948541754
205612,205612,3,0.4241215335915325
205614,205614,3,0.16844937691223985
205615,205615,3,0.21032525197877355
205616,205616,3,0.21365292864366392
205676,205676,2,0.4054368769428357
205782,205782,2,0.1904582775165974
205823,205823,2,0.3393837845715415
205824,205824,2,0.33688754957034744
205825,205825,2,0.3317785146681714
205826,205826,2,0.342842922329782
206140,206140,2,0.6076694318288276
206141,206141,1,0.6748101810005888
206142,206142,1,0.6748136701202415
206329,206329,2,0.4108678318399211
206346,206346,2,0.2667826765656785
206347,206347,2,0.27530273986927534
206348,206348,2,0.27580765961639364
206349,206349,2,0.44760142167393824
206350,206350,2,0.4487965019495108
206351,206351,2,0.559355754121331
206686,206686,2,0.18901407263329684
206730,206730,2,0.3604028490124588
206731,206731,2,0.3949423005116454
206818,206818,3,0.38561289290834466
206819,206819,3,0.3798434449325123
207285,207285,3,0.28167483298897417
207286,207286,3,0.285139173280809
207287,207287,3,0.4228583532766089
207288,207288,3,0.6563684985876319
207289,207289,3,0.6306024096311728
207290,207290,3,0.20921627674934917
207291,207291,3,0.19923429018074448
207780,207780,3,0.2543924727595703
207781,207781,3,0.2541023391767843
207782,207782,3,0.24724754633412246
207783,207783,3,0.2622514360330267
207784,207784,3,0.26267941233258757
207785,207785,3,0.26288492221876547
207808,207808,2,0.7334078212555112
207809,207809,1,0.7045158572510706
207810,207810,2,0.7452873410396903
207811,207811,2,0.5597835559739658
207812,207812,2,0.3664981314166176
207813,207813,2,0.7314460776297271
207835,207835,2,0.5327560813736649
207836,207836,2,0.5326319518883758
207837,207837,2,0.5325498195339461
207838,207838,2,0.5324737337498721
207839,207839,2,0.532405282313779
207840,207840,2,0.5323399874844056
208137,208137,3,0.4468351476317312
208138,208138,3,0.31165981081997235
208381,208381,2,0.31200239476031594
208530,208530,1,0.5135645950173453
208531,208531,1,0.51356457179719
208532,208532,1,0.5135646434851772
208925,208925,2,1.0463324332346071
208926,208926,1,0.6129946807033803
208927,208927,1,0.6129752995282892
208984,208984,3,0.2722472149291789
209000,209000,2,0.5363953189129435
209001,209001,2,0.530122334134967
209038,209038,2,0.3672478122792771
209340,209340,3,0.7566321357649538
209341,209341,3,0.40521251958782795
209347,209347,3,0.32500184355926504
209348,209348,3,0.323872173446268
209459,209459,3,0.19871121860235608
209491,209491,3,0.16105639433671526
209552,209552,2,0.3740517209027206
209782,209782,3,0.3835345225627119
209783,209783,3,0.3886419003281318
209807,209807,1,0.48444375010302404
210024,210024,3,0.41355582813268427
210025,210025,3,0.41343208493161576
210026,210026,3,0.41350506702677187
210027,210027,3,0.41337343752174155
210028,210028,3,0.42032097650741146
210147,210147,2,0.6353397283690014
210213,210213,2,0.18623915050162418
210214,210214,2,0.18507883146214535
210215,210215,2,0.18514326621238383
210519,210519,3,0.8487106926379139
210549,210549,3,0.2550769130294695
210550,210550,3,0.1718243734650363
210551,210551,3,0.17170201058056564
210552,210552,2,0.3369091644510832
210640,210640,2,0.2996780677049179
210714,210714,2,0.7150087687832017
210715,210715,2,0.7152961729086498
210716,210716,2,0.28499207682990635
210717,210717,2,0.2850943568687691
210724,210724,3,0.483438909631674
210726,210726,3,0.952803162638443
210735,210735,3,0.9484362976222652
210736,210736,3,0.9452481832133015
210737,210737,3,0.47632595739366107
210738,210738,3,0.18542057699789244
210795,210795,2,0.4469218269299148
211022,211022,1,0.5135648664449769
211025,211025,3,0.4633367665808743
211026,211026,3,0.4353871306815031
211027,211027,3,0.4247967722335665
211028,211028,3,0.4174568532656638
211119,211119,3,0.21056380508027145
211120,211120,3,0.18158676800786253
211121,211121,3,0.19425375503624778
211122,211122,3,0.2628081172275455
211123,211123,3,0.27181266797833414
211366,211366,3,0.7302110748116045
211822,211822,3,0.35689357907546343
211823,211823,3,0.38524293157779255
211824,211824,3,0.21399238634920323
211825,211825,3,0.2158274485259708
212212,212212,2,0.6869458182306613
212213,212213,2,0.6825822373895017
212214,212214,2,0.6459213629685349
212215,212215,2,0.484967588169635
212216,212216,2,0.5393310256156713
212217,212217,2,0.5451953728945412
212446,212446,2,0.3221397920306561
212447,212447,2,0.34505163760807
212448,212448,2,0.3539584667080189
212584,212584,2,0.3544402771927171
212585,212585,3,0.26662266661621736
212586,212586,3,0.26714019146906226
213317,213317,2,0.5052001042032562
213318,213318,2,0.36750999787691024
213319,213319,2,0.3233082454084044
213320,213320,2,0.3230984505906865
213322,213322,2,0.3460885634039819
213323,213323,2,0.3373288652497929
213324,213324,2,0.3379026878943353
213325,213325,1,0.8837151597409165
213326,213326,1,0.8879563337958172
213327,213327,1,0.8878932927849934
213362,213362,3,0.503758707687523
213422,213422,2,0.2932428557231262
213423,213423,2,0.2836943839813804
213424,213424,2,0.2676186375898708
213425,213425,2,0.25814960101974227
213426,213426,2,0.25264288884805286
213655,213655,3,0.19165728304231902
213656,213656,3,0.16453604709685277
213746,213746,2,0.5025149306574199
213906,213906,1,0.8825622933474223
214101,214101,3,0.2567972740704841
214498,214498,3,0.2125978049622367
214555,214555,2,0.26913186955977325
214556,214556,2,0.2817695659939374
214661,214661,3,0.4140363242962357
214662,214662,3,0.4615582808853296
214667,214667,2,0.40002332698476795
214756,214756,2,0.30800604980976737
214757,214757,2,0.33017199871221514
214758,214758,2,0.3029123129085641
214759,214759,2,0.30277852302608105
214760,214760,2,0.30490652320152306
214883,214883,3,0.2543811726468853
214884,214884,3,0.25464890373636245
214885,214885,3,0.2541729401437266
214888,214888,3,0.5764116138192491
215134,215134,2,0.45863074939022447
215199,215199,3,0.15542685864503714
215231,215231,1,0.8376824159647571
215232,215232,1,0.8376971985691372
215723,215723,2,0.571180141870071
215829,215829,1,0.5135648664449769
215830,215830,1,0.5135642899492662
215928,215928,2,0.5424872850134888
216450,216450,2,0.7157995197483394
216451,216451,2,0.7442891010824125
216452,216452,2,0.7380250269197717
216482,216482,2,0.42509588576618434
216483,216483,2,0.6096677807540345
216484,216484,2,0.3940421258604346
216485,216485,2,0.3875870152509689
216486,216486,2,0.3858637400945395
216487,216487,2,0.372752874785555
216488,216488,2,0.3414123118272892
216549,216549,3,0.3682184829395248
216644,216644,3,0.32586916839843655
216703,216703,2,0.49704159957980015
216704,216704,2,0.5067695195942397
216705,216705,2,0.5068192230691233
216706,216706,2,0.5068775730088037
216707,216707,2,0.5071082245241997
216708,216708,2,0.5071592408450414
216709,216709,2,0.50727644420182
216710,216710,2,0.5172678481124926
216711,216711,2,0.517389749008988
216752,216752,2,0.49703956100377356
216753,216753,2,0.4969572420555397
217154,217154,2,0.304922935448815
217181,217181,2,0.41313493614340474
217249,217249,2,0.362435575620663
217250,217250,2,0.39099013945019484
217251,217251,2,0.4030014217190086
217252,217252,2,0.40695116867400105
217253,217253,2,0.41564314585659495
217254,217254,2,0.6136613517964038
217295,217295,2,0.5317179303992652
217296,217296,2,0.6653272735375915
217297,217297,2,0.6652241262312398
217577,217577,3,0.21362166918617317
217582,217582,1,1.0784068189911389
217585,217585,1,1.085335140223802
217586,217586,1,1.0665768277853327
217587,217587,1,1.0663167018426296
217588,217588,1,1.0784069132158987
217589,217589,1,1.0784066065606395
217590,217590,1,1.0784069132158987
217591,217591,1,1.0038953356687557
217592,217592,1,1.1091348770526028
217593,217593,1,1.1525355370141506
217594,217594,1,1.085212590861445
217595,217595,1,1.066703401938939
217630,217630,2,0.4947187271436069
217631,217631,2,0.4966733020268905
217632,217632,3,0.4654907971279799
217633,217633,3,0.5189307211700284
217634,217634,3,0.6256311703052596
217635,217635,3,0.6279902969223042
217636,217636,3,0.5031423662388406
217637,217637,3,0.4346927598354473
217638,217638,3,0.518163528819658
217639,217639,3,0.5191290438987332
217640,217640,3,0.5152646901386043
217641,217641,3,0.7452987782030456
217642,217642,3,0.45499047784882
217643,217643,3,0.5161853530009262
217644,217644,1,0.6262965137743283
217645,217645,1,0.5333850360636027
217646,217646,1,0.4791117826238202
217647,217647,1,0.4787366339610447
217648,217648,1,0.4718612374965506
217649,217649,1,0.4727416264111939
217650,217650,1,0.47204448691410417
217651,217651,1,0.5345074248547889
217656,217656,2,0.5012298625247263
217657,217657,2,0.5953664326605299
217658,217658,1,0.6353041103753481
217659,217659,1,0.641683299990583
217660,217660,2,0.40533964515346826
217661,217661,2,0.6137200256939984
217761,217761,2,0.49639662675619617
217787,217787,1,1.0784066771900458
217809,217809,1,0.6304282834237371
217810,217810,1,0.623053638376562
217811,217811,1,0.6148215522964658
217812,217812,1,0.6003638394865479
217813,217813,1,0.6338648609376064
217814,217814,2,0.4172220347499921
217815,217815,2,0.3675715700689983
217816,217816,2,0.4175511129963646
217817,217817,2,0.3169960268351339
217847,217847,3,0.193852202407546
217848,217848,3,0.20084126710923464
217859,217859,2,0.2922806092558456
