street_id,cluster_id_version_a,cluster_id_version_b,is_conflict
1228,13,11,True
1229,14,10,True
1230,-1,10,True
1234,14,10,True
1235,10,12,True
1236,14,10,True
1237,-1,10,True
1238,13,12,True
1239,-1,10,True
1241,13,11,True
1242,12,11,True
1243,10,12,True
1244,13,11,True
1245,13,10,True
1246,10,12,True
1248,-1,10,True
1249,10,12,True
1250,13,10,True
1251,10,12,True
1252,10,12,True
1253,12,11,True
1427,2,4,True
1428,2,4,True
1429,2,4,True
1430,2,4,True
1431,2,4,True
1432,2,4,True
1433,2,4,True
1434,2,4,True
1435,2,4,True
1436,2,4,True
1437,2,4,True
2068,12,11,True
2069,10,12,True
2070,10,12,True
2071,13,11,True
2072,-1,10,True
2074,10,12,True
2075,13,11,True
2076,10,12,True
2078,10,12,True
2079,13,11,True
2080,13,11,True
2081,13,10,True
2082,10,12,True
2083,10,12,True
2084,13,11,True
2085,-1,10,True
2086,10,12,True
2087,10,12,True
2088,10,12,True
2089,13,12,True
2090,10,12,True
2091,10,12,True
2092,10,12,True
2093,12,11,True
2094,12,11,True
2095,13,12,True
2096,10,12,True
2097,10,12,True
2098,13,10,True
2099,10,12,True
2100,13,12,True
2101,13,11,True
2102,10,12,True
2103,13,11,True
2106,10,12,True
2107,13,12,True
2108,10,12,True
2109,13,11,True
2111,13,11,True
2112,13,10,True
2113,14,10,True
2115,12,11,True
2116,10,12,True
2118,13,10,True
2119,14,10,True
2120,10,12,True
2123,13,11,True
2124,13,11,True
2125,12,11,True
2126,13,11,True
2127,13,12,True
2128,12,11,True
2129,12,11,True
2130,13,10,True
2131,13,10,True
2132,14,10,True
2133,10,12,True
2134,13,12,True
2135,12,11,True
2136,10,12,True
2137,10,12,True
2138,14,10,True
2139,12,11,True
2141,13,11,True
2142,13,11,True
2143,13,12,True
2144,13,11,True
2145,13,12,True
2147,12,11,True
2148,14,10,True
2150,10,12,True
2151,13,11,True
2152,14,10,True
2153,10,12,True
2166,12,11,True
2167,13,12,True
2169,14,10,True
2170,13,10,True
2171,12,11,True
2185,2,4,True
2186,2,4,True
2187,2,4,True
2188,2,4,True
2189,2,4,True
2190,2,4,True
2191,2,4,True
2192,2,4,True
2193,2,4,True
2194,2,4,True
2195,2,4,True
2196,2,4,True
2197,2,4,True
2198,2,4,True
2199,2,4,True
2200,2,4,True
2201,2,4,True
2202,2,4,True
2203,2,4,True
2204,2,4,True
2205,2,4,True
2206,2,4,True
2207,2,4,True
2208,2,4,True
2209,2,4,True
2210,2,4,True
2211,2,4,True
2212,2,4,True
2213,2,4,True
2214,2,4,True
2215,2,4,True
2216,2,4,True
2217,2,4,True
2218,2,4,True
2219,2,4,True
2220,2,4,True
2221,2,4,True
2222,2,4,True
2223,2,4,True
2224,2,4,True
2225,2,4,True
2226,2,4,True
2227,2,4,True
2228,2,4,True
2229,2,4,True
2230,2,4,True
2231,2,4,True
2232,2,4,True
2233,2,4,True
2251,13,11,True
3308,4,2,True
3317,10,12,True
3318,14,10,True
3319,-1,10,True
3320,13,10,True
3321,10,12,True
3323,13,12,True
3324,4,2,True
3325,4,2,True
3392,-1,10,True
3394,10,12,True
3395,12,11,True
3396,10,12,True
3397,13,10,True
3398,4,2,True
3399,4,2,True
3400,4,2,True
3407,4,2,True
3443,14,10,True
3444,13,11,True
3445,-1,12,True
3446,13,12,True
3447,12,11,True
3448,10,12,True
3449,13,12,True
3450,4,2,True
3451,14,10,True
3452,12,11,True
3454,14,10,True
3456,13,11,True
3458,10,12,True
3539,10,12,True
3540,13,10,True
3541,13,11,True
3543,4,2,True
3558,14,10,True
3559,12,11,True
3560,10,12,True
3561,13,10,True
3562,14,10,True
3564,10,12,True
3565,14,10,True
3566,14,10,True
3567,12,11,True
3569,14,10,True
3570,13,11,True
3571,-1,10,True
3572,10,12,True
3573,12,11,True
3574,13,10,True
3575,4,2,True
3579,4,2,True
3580,14,10,True
3581,13,12,True
3660,10,12,True
3661,13,11,True
3662,4,2,True
3663,13,12,True
3664,-1,10,True
3665,10,12,True
3666,10,12,True
3667,2,4,True
3668,2,4,True
3669,2,4,True
3731,12,11,True
3732,4,2,True
3734,-1,10,True
3735,4,2,True
3748,4,2,True
3749,13,11,True
3751,10,12,True
3752,13,12,True
3753,4,2,True
3757,10,12,True
3758,13,11,True
3759,10,12,True
3761,13,10,True
3762,12,11,True
3763,4,2,True
3764,12,11,True
3765,13,12,True
3766,4,2,True
3944,4,2,True
3945,10,12,True
3946,10,12,True
3947,4,2,True
4009,12,11,True
4105,4,2,True
4122,14,10,True
4123,13,10,True
4124,10,12,True
4197,10,12,True
4198,13,10,True
4245,4,2,True
4246,4,2,True
4247,13,11,True
4248,4,2,True
4251,10,12,True
4252,14,10,True
4253,12,11,True
4254,13,11,True
4255,13,12,True
4256,14,10,True
4385,12,11,True
4386,10,12,True
4388,14,10,True
4390,14,10,True
4391,10,12,True
4399,4,2,True
4400,4,2,True
4566,4,2,True
4567,4,2,True
4568,12,11,True
4569,10,12,True
4570,-1,10,True
4572,14,10,True
4576,4,2,True
4577,4,2,True
4652,13,12,True
4653,12,11,True
4654,4,2,True
4656,14,10,True
4658,13,11,True
4659,-1,12,True
4660,13,11,True
4662,10,12,True
4663,13,11,True
4664,13,11,True
4665,10,12,True
4666,12,11,True
4669,14,10,True
4670,13,11,True
4701,13,11,True
4704,4,2,True
4706,13,10,True
4707,12,11,True
4708,10,12,True
4709,4,2,True
4824,4,2,True
4848,4,2,True
4891,4,2,True
4903,4,2,True
4909,4,2,True
4916,4,2,True
4917,4,2,True
4975,10,12,True
5014,13,10,True
5015,10,12,True
5016,13,11,True
5017,13,10,True
5018,13,11,True
5019,13,11,True
5021,4,2,True
5138,13,10,True
5140,10,12,True
5141,10,12,True
5142,13,11,True
5143,12,11,True
5144,13,10,True
5145,-1,10,True
5146,10,12,True
5147,14,10,True
5148,4,2,True
5258,12,11,True
5261,4,2,True
5296,14,10,True
5297,13,12,True
5298,12,11,True
5299,14,10,True
5300,10,12,True
5301,10,12,True
5302,10,12,True
5303,4,2,True
5304,-1,11,True
5306,-1,10,True
5307,13,12,True
5309,13,12,True
5310,10,12,True
5311,14,10,True
5312,4,2,True
5313,4,2,True
5314,12,11,True
5315,13,11,True
5316,4,2,True
5317,4,2,True
5351,12,11,True
5352,14,10,True
5353,12,11,True
5354,4,2,True
5434,4,2,True
5436,4,2,True
5622,-1,10,True
5623,4,2,True
5719,4,2,True
5720,12,11,True
5727,4,2,True
5857,13,12,True
5858,-1,10,True
5859,13,11,True
5861,-1,10,True
5862,10,12,True
5863,-1,11,True
5864,4,2,True
5874,10,12,True
5994,4,2,True
5995,12,11,True
5996,13,12,True
6000,4,2,True
6006,-1,10,True
6007,13,10,True
6008,12,11,True
6009,4,2,True
6064,13,12,True
6065,10,12,True
6066,10,12,True
6068,13,10,True
6069,12,11,True
6070,10,12,True
6097,4,2,True
6099,13,11,True
6100,14,10,True
6101,12,11,True
6102,14,10,True
6103,13,12,True
6104,10,12,True
6106,-1,10,True
6107,13,11,True
6108,13,11,True
6109,10,12,True
6110,2,4,True
6111,2,4,True
6112,10,12,True
6113,10,12,True
6114,4,2,True
6115,13,12,True
6116,13,12,True
6117,-1,10,True
6118,12,11,True
6119,4,2,True
6120,14,10,True
6121,10,12,True
6122,13,10,True
6123,10,-1,True
6124,10,12,True
6125,4,2,True
6126,4,2,True
6127,13,12,True
6129,4,2,True
6220,12,11,True
6264,13,10,True
6279,4,2,True
6285,4,2,True
6415,13,10,True
6416,13,12,True
6417,4,2,True
6432,4,2,True
6434,4,2,True
6596,2,4,True
6597,2,4,True
6598,2,4,True
6599,2,4,True
6600,2,4,True
6601,2,4,True
6602,2,4,True
6603,2,4,True
6604,2,4,True
6605,2,4,True
6606,2,4,True
6607,2,4,True
6608,2,4,True
6609,2,4,True
6610,2,4,True
6611,2,4,True
6612,2,4,True
6613,2,4,True
6614,2,4,True
6615,2,4,True
6616,2,4,True
6617,2,4,True
6618,2,4,True
6619,2,4,True
6649,-1,10,True
6651,13,11,True
6652,13,10,True
6653,10,12,True
6654,10,12,True
6655,13,11,True
6657,13,10,True
6658,14,10,True
6661,13,12,True
6662,13,11,True
6663,10,12,True
6664,13,12,True
6665,13,11,True
6666,4,2,True
6667,4,2,True
6669,10,12,True
6670,-1,10,True
6671,10,12,True
6672,14,10,True
6673,4,2,True
6676,4,2,True
6696,14,10,True
6697,14,10,True
6698,13,12,True
6797,4,2,True
6798,4,2,True
6799,13,11,True
6809,14,10,True
6810,12,11,True
6811,12,11,True
6814,13,12,True
6887,13,10,True
6888,12,11,True
6889,10,12,True
6890,10,12,True
6892,14,10,True
6895,13,11,True
6896,14,10,True
6898,-1,10,True
6899,10,12,True
6953,4,2,True
6954,14,10,True
6955,12,11,True
6956,10,12,True
6957,10,12,True
6970,4,2,True
6975,4,2,True
6980,4,2,True
7108,4,2,True
7110,13,11,True
7112,4,2,True
7113,13,12,True
7114,4,2,True
7120,12,11,True
7122,13,10,True
7124,-1,10,True
7125,10,12,True
7126,13,10,True
7127,13,11,True
7130,4,2,True
7226,13,10,True
7227,13,10,True
7228,4,2,True
7271,4,2,True
7272,4,2,True
7274,4,2,True
7276,-1,10,True
7277,4,2,True
7278,-1,10,True
7279,-1,10,True
7280,-1,10,True
7281,-1,10,True
7282,-1,10,True
7285,2,4,True
7286,2,4,True
7287,2,4,True
7288,2,4,True
7289,2,4,True
7290,2,4,True
7291,2,4,True
7292,2,4,True
7293,2,4,True
7294,4,2,True
7422,13,10,True
7429,13,10,True
7431,4,2,True
7470,14,10,True
7523,13,12,True
7524,10,12,True
7525,4,2,True
7526,4,2,True
7527,13,11,True
7528,10,12,True
7529,-1,10,True
7530,13,12,True
7531,13,12,True
7532,13,12,True
7533,12,11,True
7534,13,11,True
7535,13,11,True
7536,12,11,True
7537,14,10,True
7538,10,12,True
7667,10,12,True
7668,12,11,True
7669,10,12,True
7670,14,10,True
7672,-1,10,True
7687,14,10,True
7688,13,11,True
7690,12,11,True
7691,12,11,True
7692,4,2,True
7699,14,10,True
7700,10,12,True
7701,-1,10,True
7702,13,11,True
7703,10,12,True
7704,10,12,True
7705,4,2,True
7841,4,2,True
7842,-1,10,True
7844,13,10,True
7845,4,2,True
7846,4,2,True
7849,10,12,True
7850,12,11,True
7851,12,11,True
7852,4,2,True
7883,14,10,True
7884,14,10,True
7990,10,12,True
7991,13,11,True
7992,10,12,True
7993,12,11,True
7994,14,10,True
7995,10,12,True
7996,13,10,True
7997,10,12,True
7999,4,2,True
8000,4,2,True
8002,13,11,True
8003,12,11,True
8138,14,10,True
8139,10,12,True
8141,13,11,True
8142,13,11,True
8143,-1,10,True
8144,13,10,True
8158,4,2,True
8373,14,10,True
8374,13,12,True
8375,4,2,True
8376,13,11,True
8377,13,11,True
8378,14,10,True
8386,4,2,True
8387,4,2,True
8388,12,11,True
8389,14,10,True
8390,13,12,True
8391,4,2,True
8463,4,2,True
8464,4,2,True
8471,4,2,True
8472,12,11,True
8473,4,2,True
8474,14,10,True
8475,13,12,True
8476,4,2,True
8477,13,11,True
8479,13,12,True
8480,-1,10,True
8481,13,12,True
8483,13,10,True
8484,13,12,True
8486,13,11,True
8487,4,2,True
8495,13,11,True
8588,4,2,True
8593,-1,10,True
8594,10,12,True
8595,13,11,True
8596,4,2,True
8598,10,12,True
8599,12,11,True
8613,14,10,True
8614,4,2,True
8615,4,2,True
8763,13,12,True
8764,10,12,True
8765,13,10,True
8766,-1,10,True
8767,14,10,True
8769,14,10,True
8770,14,10,True
8771,14,10,True
8772,-1,10,True
8773,13,11,True
8774,13,12,True
8775,-1,10,True
8776,10,12,True
8777,4,2,True
8778,4,2,True
8779,4,2,True
8788,4,2,True
8791,10,12,True
8792,4,2,True
8793,13,12,True
8794,4,2,True
8795,4,2,True
8949,4,2,True
8950,13,12,True
8971,4,2,True
9100,13,10,True
9101,14,10,True
9102,12,11,True
9103,4,2,True
9104,4,2,True
9105,4,2,True
9131,4,2,True
9294,12,11,True
9295,13,12,True
9296,-1,12,True
9297,13,10,True
9298,4,2,True
9299,2,4,True
9300,2,4,True
9301,2,4,True
9302,2,4,True
9303,2,4,True
9304,2,4,True
9305,2,4,True
9306,4,2,True
9307,14,10,True
9311,4,2,True
9312,-1,10,True
9313,13,11,True
9314,14,10,True
9315,10,12,True
9316,4,2,True
9318,13,10,True
9319,14,10,True
9320,13,11,True
9321,13,10,True
9323,10,12,True
9324,13,12,True
9325,10,12,True
9327,13,12,True
9328,13,11,True
9329,-1,10,True
9330,4,2,True
9425,12,11,True
9426,14,10,True
9427,4,2,True
9440,14,10,True
9444,13,12,True
9445,-1,10,True
9446,12,11,True
9447,4,2,True
9448,10,12,True
9449,13,10,True
9450,10,12,True
9454,12,11,True
9455,13,10,True
9456,13,10,True
9458,12,11,True
9459,-1,10,True
9460,10,12,True
9461,13,10,True
9462,10,12,True
9463,4,2,True
9465,4,2,True
9557,4,2,True
9562,14,10,True
9563,13,12,True
9564,14,10,True
9565,13,12,True
9567,13,12,True
9568,13,12,True
9569,13,12,True
9570,4,2,True
9571,4,2,True
9572,13,12,True
9573,4,2,True
9575,2,4,True
9576,2,4,True
9577,2,4,True
9578,2,4,True
9579,2,4,True
9580,13,11,True
9581,13,10,True
9582,10,12,True
9583,13,10,True
9714,14,10,True
9715,10,12,True
9716,4,2,True
9717,14,10,True
9718,13,11,True
9719,-1,10,True
9720,4,2,True
9722,-1,10,True
9723,13,11,True
9724,10,12,True
9725,-1,10,True
9727,10,12,True
9729,13,12,True
9730,-1,10,True
9731,10,12,True
9732,-1,10,True
9733,13,10,True
9735,4,2,True
9741,-1,12,True
9742,4,2,True
9863,12,11,True
9865,12,11,True
9866,14,10,True
9868,13,10,True
9869,4,2,True
9870,4,2,True
9871,4,2,True
9872,4,2,True
10001,4,2,True
10006,4,2,True
10007,4,2,True
10008,4,2,True
10009,4,2,True
10010,4,2,True
10012,13,10,True
10120,4,2,True
10121,4,2,True
10122,12,11,True
10123,10,12,True
10124,4,2,True
10125,13,10,True
10127,4,2,True
10128,2,4,True
10129,2,4,True
10130,2,4,True
10213,4,2,True
10228,4,2,True
10450,-1,10,True
10451,10,12,True
10452,10,12,True
10453,12,11,True
10454,12,11,True
10457,12,11,True
10460,13,11,True
10461,10,12,True
10462,13,11,True
10464,-1,10,True
10465,12,11,True
10466,10,12,True
10467,10,12,True
10474,4,2,True
10598,4,2,True
10599,10,12,True
10600,4,2,True
10601,4,2,True
10602,10,12,True
10603,-1,10,True
10604,13,12,True
10605,-1,10,True
10606,14,10,True
10610,4,2,True
10611,10,12,True
10612,10,12,True
10613,-1,10,True
10728,14,10,True
10729,10,12,True
10730,-1,10,True
10731,4,2,True
10734,10,12,True
10735,4,2,True
10741,4,2,True
10743,10,12,True
10744,10,12,True
10746,13,12,True
10747,4,2,True
10819,10,12,True
10820,13,11,True
10821,13,12,True
10822,13,12,True
10824,4,2,True
10825,-1,10,True
10826,10,12,True
10827,10,-1,True
10928,12,11,True
10929,13,11,True
10932,13,12,True
10933,13,12,True
10934,13,12,True
10935,13,11,True
10937,13,11,True
10938,13,12,True
10939,10,12,True
10940,14,10,True
10941,12,11,True
10942,-1,10,True
10943,14,10,True
10944,13,12,True
10945,-1,10,True
10946,14,10,True
10947,10,12,True
10948,13,12,True
10949,14,10,True
10951,10,12,True
10953,13,10,True
10954,13,10,True
10955,14,10,True
10956,14,10,True
10957,12,11,True
10958,13,12,True
10959,-1,10,True
10960,13,11,True
10961,10,12,True
10962,-1,10,True
10964,13,11,True
10965,10,12,True
10966,14,10,True
10967,10,12,True
10969,4,2,True
10970,4,2,True
10975,4,2,True
10981,4,2,True
11165,13,12,True
11166,12,11,True
11167,13,12,True
11168,12,11,True
11169,13,11,True
11170,13,12,True
11171,10,12,True
11172,10,12,True
11173,13,11,True
11174,14,10,True
11175,13,12,True
11176,13,10,True
11177,13,10,True
11178,12,11,True
11179,10,12,True
11205,10,12,True
11206,13,10,True
11207,10,12,True
11208,4,2,True
11237,14,10,True
11238,14,10,True
11285,4,2,True
11286,4,2,True
11330,12,11,True
11331,14,10,True
11333,10,12,True
11334,10,12,True
11384,-1,10,True
11385,13,12,True
11386,10,12,True
11387,13,11,True
11388,4,2,True
11447,12,11,True
11449,13,10,True
11451,13,11,True
11452,13,10,True
11453,4,2,True
11454,14,10,True
11455,13,11,True
11456,-1,10,True
11457,4,2,True
11458,13,12,True
11827,12,11,True
11828,-1,10,True
11829,4,2,True
11833,14,10,True
11834,4,2,True
11835,12,11,True
11836,13,11,True
11837,4,2,True
11838,4,2,True
11977,10,12,True
11978,14,10,True
12002,13,10,True
12004,14,10,True
12005,-1,10,True
12006,12,11,True
12052,4,2,True
12057,-1,10,True
12058,-1,10,True
12060,10,12,True
12061,4,2,True
12072,12,11,True
12073,4,2,True
12188,4,2,True
12193,-1,10,True
12194,13,11,True
12195,13,12,True
12197,13,10,True
12198,10,12,True
12199,4,2,True
12205,4,2,True
12330,4,2,True
12337,4,2,True
12394,4,2,True
12409,4,2,True
12410,13,12,True
12411,14,10,True
12413,10,12,True
12414,13,11,True
12415,-1,10,True
12416,13,12,True
12418,-1,12,True
12419,10,12,True
12420,14,10,True
12421,13,11,True
12422,10,12,True
12423,-1,10,True
12424,4,2,True
12425,4,2,True
12429,4,2,True
12430,4,2,True
12432,4,2,True
12433,4,2,True
12544,4,2,True
12561,4,2,True
12773,13,12,True
12774,4,2,True
12779,13,11,True
12780,14,10,True
12781,4,2,True
12796,4,2,True
12881,12,11,True
12882,12,11,True
12883,-1,12,True
12890,4,2,True
12958,13,12,True
12987,4,2,True
12988,12,11,True
12989,10,12,True
12990,13,12,True
12991,10,12,True
12992,13,10,True
12993,13,11,True
12994,2,4,True
12995,2,4,True
12996,13,11,True
12997,-1,10,True
12998,13,10,True
12999,4,2,True
13001,4,2,True
13007,4,2,True
13008,13,11,True
13009,4,2,True
13012,13,11,True
13013,4,2,True
13014,4,2,True
13018,4,2,True
13127,13,11,True
13129,4,2,True
13153,10,12,True
13154,13,11,True
13155,4,2,True
13156,4,2,True
13157,4,2,True
13204,13,10,True
13205,4,2,True
13251,4,2,True
13349,10,12,True
13351,4,2,True
13352,13,12,True
13353,13,10,True
13354,4,2,True
13357,-1,10,True
13358,4,2,True
13420,4,2,True
13463,10,12,True
13464,13,10,True
13465,12,11,True
13549,14,10,True
13553,4,2,True
13574,4,2,True
13575,4,2,True
13658,-1,10,True
13659,13,10,True
13707,4,2,True
13708,-1,10,True
13710,12,11,True
13712,10,12,True
13713,10,12,True
13715,12,11,True
13716,13,10,True
13717,-1,10,True
13718,13,12,True
13719,12,11,True
13720,13,12,True
13722,13,11,True
13723,10,12,True
13724,10,12,True
13725,14,10,True
13726,13,12,True
13727,13,12,True
13728,14,10,True
13729,4,2,True
13731,10,12,True
13732,13,12,True
13733,-1,10,True
13734,4,2,True
13736,4,2,True
13737,4,2,True
13738,4,2,True
13866,13,12,True
13867,13,12,True
13868,13,10,True
13869,13,12,True
13870,13,12,True
13871,-1,10,True
13872,10,12,True
13873,12,11,True
13874,14,10,True
13875,12,11,True
13876,12,11,True
13877,13,10,True
13878,12,11,True
13879,10,12,True
13880,13,11,True
13882,14,10,True
13883,14,10,True
13884,4,2,True
13917,13,12,True
13918,12,11,True
14032,4,2,True
14036,4,2,True
14081,13,12,True
14082,13,12,True
14083,10,12,True
14084,-1,10,True
14085,13,11,True
14086,13,12,True
14087,-1,10,True
14088,13,10,True
14089,13,12,True
14092,13,10,True
14093,-1,10,True
14095,12,11,True
14149,12,11,True
14150,13,10,True
14151,10,12,True
14153,12,11,True
14155,12,11,True
14188,4,2,True
14189,4,2,True
14263,10,12,True
14264,4,2,True
14290,4,2,True
14301,10,12,True
14302,10,12,True
14303,4,2,True
14315,4,2,True
14362,12,11,True
14363,14,10,True
14364,13,11,True
14400,4,2,True
14401,13,12,True
14402,-1,10,True
14403,13,11,True
14412,4,2,True
14436,4,2,True
14440,4,2,True
14443,13,11,True
14452,4,2,True
14528,10,12,True
14557,13,12,True
14558,13,10,True
14560,10,12,True
14561,10,12,True
14569,2,4,True
14572,4,2,True
14573,4,2,True
14574,4,2,True
14575,10,12,True
14577,4,2,True
14644,2,4,True
14645,2,4,True
14646,2,4,True
14647,2,4,True
14648,2,4,True
14649,2,4,True
14650,2,4,True
14651,2,4,True
14670,4,2,True
14743,13,12,True
14745,10,12,True
14773,10,12,True
14774,-1,10,True
14775,14,10,True
14776,10,12,True
14777,2,4,True
14778,2,4,True
14779,2,4,True
14780,2,4,True
14781,2,4,True
14782,2,4,True
14783,2,4,True
14784,2,4,True
14785,2,4,True
14786,2,4,True
14787,2,4,True
14788,2,4,True
14789,2,4,True
14790,2,4,True
14791,2,4,True
14792,2,4,True
14793,2,4,True
14794,2,4,True
14795,2,4,True
14796,2,4,True
14797,2,4,True
14798,2,4,True
14799,2,4,True
14800,2,4,True
14801,2,4,True
14802,2,4,True
14803,2,4,True
14804,2,4,True
14805,2,4,True
14806,2,4,True
14807,2,4,True
14808,2,4,True
14809,2,4,True
14810,2,4,True
14811,2,4,True
14812,2,4,True
14813,2,4,True
14814,2,4,True
14846,4,2,True
14863,4,2,True
14903,12,11,True
14904,10,12,True
14905,-1,10,True
14906,10,12,True
14978,10,12,True
14979,-1,10,True
15011,13,12,True
15012,-1,10,True
15013,10,12,True
15014,13,10,True
15015,13,12,True
15016,12,11,True
15017,-1,11,True
15018,4,2,True
15089,13,10,True
15090,-1,12,True
15091,14,10,True
15092,10,12,True
15151,13,10,True
15152,12,11,True
15153,4,2,True
15154,4,2,True
15155,4,2,True
15237,10,12,True
15238,14,10,True
15239,10,12,True
15240,13,12,True
15241,13,11,True
15242,13,11,True
15243,14,10,True
15322,10,12,True
15323,10,12,True
15324,10,12,True
15325,12,11,True
15327,4,2,True
15517,13,10,True
15519,-1,10,True
15520,-1,10,True
15521,14,10,True
15522,13,11,True
15523,4,2,True
15526,13,10,True
15527,13,11,True
15528,10,12,True
15529,-1,10,True
15530,14,10,True
15565,4,2,True
15636,4,2,True
15690,10,12,True
15691,12,11,True
15692,14,10,True
15693,4,2,True
15743,12,11,True
15744,13,10,True
15746,13,11,True
15747,13,10,True
15748,12,11,True
15749,-1,10,True
15751,14,10,True
15752,4,2,True
15761,4,2,True
15763,-1,10,True
15764,10,12,True
15765,12,11,True
15767,13,12,True
15768,14,10,True
15769,13,11,True
15770,12,11,True
15771,-1,10,True
15772,13,11,True
15776,4,2,True
15777,4,2,True
15861,2,4,True
15862,2,4,True
15866,4,2,True
15977,13,10,True
15978,10,12,True
15980,10,12,True
15981,4,2,True
15982,10,12,True
15983,10,12,True
15984,-1,10,True
15985,10,12,True
15986,4,2,True
15987,4,2,True
15988,10,12,True
15989,13,12,True
15990,14,10,True
15991,13,11,True
15992,4,2,True
15993,4,2,True
16038,10,12,True
16109,4,2,True
16110,2,4,True
16111,2,4,True
16112,4,2,True
16113,4,2,True
16114,4,2,True
16116,13,12,True
16119,4,2,True
16241,13,11,True
16242,12,11,True
16244,13,10,True
16245,-1,10,True
16246,13,10,True
16247,13,12,True
16248,10,12,True
16390,4,2,True
16391,14,10,True
16392,10,12,True
16394,-1,10,True
16395,10,12,True
16396,12,11,True
16397,12,11,True
16398,14,10,True
16399,-1,12,True
16400,10,12,True
16401,12,11,True
16402,10,12,True
16403,4,2,True
16477,13,11,True
16491,13,10,True
16492,14,10,True
16498,13,10,True
16499,-1,10,True
16500,-1,10,True
16504,4,2,True
16570,4,2,True
16572,4,2,True
16573,13,12,True
16574,13,12,True
16575,13,12,True
16576,14,10,True
16577,13,12,True
16581,4,2,True
16583,4,2,True
16600,2,4,True
16601,2,4,True
16602,2,4,True
16603,2,4,True
16604,2,4,True
16605,2,4,True
16606,2,4,True
16607,2,4,True
16608,2,4,True
16609,2,4,True
16610,2,4,True
16611,2,4,True
16612,2,4,True
16613,2,4,True
16614,2,4,True
16615,2,4,True
16616,2,4,True
16617,2,4,True
16618,2,4,True
16619,2,4,True
16620,2,4,True
16621,2,4,True
16622,2,4,True
16623,2,4,True
16624,2,4,True
16625,2,4,True
16626,2,4,True
16627,2,4,True
16628,2,4,True
16629,2,4,True
16630,2,4,True
16664,10,12,True
16666,10,12,True
16667,4,2,True
16670,4,2,True
16795,14,10,True
16796,13,10,True
16797,13,11,True
16798,4,2,True
16813,4,2,True
16814,10,12,True
16815,13,10,True
16816,14,10,True
16818,13,10,True
16819,13,11,True
16820,10,12,True
16821,4,2,True
16822,-1,10,True
16824,-1,10,True
16826,-1,12,True
16827,4,2,True
16968,12,11,True
16970,12,11,True
16971,-1,10,True
16972,4,2,True
17186,12,11,True
17187,4,2,True
17194,4,2,True
17288,13,11,True
17307,-1,10,True
17310,14,10,True
17311,13,11,True
17312,13,12,True
17313,12,11,True
17321,13,12,True
17322,10,12,True
17323,13,10,True
17324,10,12,True
17325,-1,12,True
17326,10,12,True
17327,13,10,True
17328,4,2,True
17329,4,2,True
17421,4,2,True
17424,12,11,True
17425,14,10,True
17426,14,10,True
17427,13,11,True
17428,4,2,True
17429,13,10,True
17430,10,12,True
17431,10,12,True
17432,12,11,True
17433,13,11,True
17434,14,10,True
17435,12,11,True
17493,10,12,True
17494,13,12,True
17495,10,12,True
17496,10,12,True
17497,12,11,True
17498,12,11,True
17499,14,10,True
17500,13,11,True
17502,13,11,True
17503,10,12,True
17504,-1,10,True
17505,13,11,True
17506,14,10,True
17541,14,10,True
17542,4,2,True
17550,10,12,True
17551,10,12,True
17552,13,10,True
17553,10,12,True
17556,12,11,True
17557,14,10,True
17558,13,10,True
17559,10,12,True
17560,13,11,True
17561,4,2,True
17588,4,2,True
17589,10,12,True
17590,13,11,True
17593,4,2,True
17594,4,2,True
17601,4,2,True
17645,13,10,True
17646,13,10,True
17647,13,12,True
17648,13,11,True
17649,14,10,True
17650,12,11,True
17651,10,12,True
17652,14,10,True
17653,4,2,True
17747,4,2,True
17748,12,11,True
17749,10,12,True
17750,13,12,True
17751,13,11,True
17752,10,12,True
17753,14,10,True
17754,14,10,True
17755,13,10,True
17756,13,10,True
17758,4,2,True
17760,10,12,True
17763,10,12,True
17764,13,12,True
17765,4,2,True
17853,4,2,True
17930,10,12,True
17931,13,12,True
17932,13,11,True
17933,12,11,True
17934,10,12,True
17935,10,12,True
17936,14,10,True
17937,13,11,True
17938,13,10,True
17940,10,12,True
17941,-1,10,True
17942,4,2,True
17943,4,2,True
17944,10,12,True
17946,10,12,True
17947,12,11,True
17948,14,10,True
17949,14,10,True
17950,13,12,True
17951,13,10,True
17953,10,12,True
17954,13,11,True
17955,4,2,True
17964,4,2,True
18068,10,12,True
18070,4,2,True
18071,4,2,True
18072,13,11,True
18073,12,11,True
18074,13,12,True
18075,10,12,True
18076,-1,10,True
18077,14,10,True
18079,4,2,True
18082,4,2,True
18250,13,11,True
18251,13,12,True
18252,13,11,True
18253,12,11,True
18254,13,11,True
18255,14,10,True
18273,4,2,True
18289,4,2,True
18291,10,12,True
18292,10,12,True
18293,10,12,True
18294,-1,10,True
18301,4,2,True
18439,4,2,True
18442,4,2,True
18450,14,10,True
18451,10,12,True
18452,4,2,True
18605,13,10,True
18606,10,12,True
18607,4,2,True
18636,4,2,True
18637,12,11,True
18638,13,11,True
18639,-1,10,True
18640,14,10,True
18641,10,12,True
18642,4,2,True
18643,13,11,True
18644,14,10,True
18645,13,12,True
18646,4,2,True
18647,14,10,True
18648,4,2,True
18770,4,2,True
18771,12,11,True
18774,4,2,True
18775,14,10,True
18776,4,2,True
18960,4,2,True
18979,2,4,True
18995,12,11,True
18996,14,10,True
18997,13,12,True
18998,12,11,True
18999,-1,10,True
19000,4,2,True
19002,-1,10,True
19005,4,2,True
19006,10,12,True
19008,13,11,True
19011,13,11,True
19012,13,12,True
19013,4,2,True
19014,12,11,True
19015,4,2,True
19016,4,2,True
19083,4,2,True
19208,14,10,True
19209,14,10,True
19210,-1,10,True
19211,13,12,True
19212,14,10,True
19213,4,2,True
19214,13,10,True
19215,4,2,True
19217,12,11,True
19218,12,11,True
19219,14,10,True
19220,-1,10,True
19222,10,12,True
19223,14,10,True
19224,12,11,True
19225,13,10,True
19226,13,11,True
19227,13,10,True
19228,12,11,True
19229,4,2,True
19230,4,2,True
19231,4,2,True
19268,12,11,True
19269,13,11,True
19270,10,12,True
19271,13,12,True
19333,4,2,True
19334,10,12,True
19335,10,12,True
19336,14,10,True
19337,14,10,True
19339,10,12,True
19340,13,10,True
19341,12,11,True
19343,13,11,True
19344,-1,10,True
19345,-1,10,True
19346,13,12,True
19347,13,11,True
19348,13,11,True
19349,10,12,True
19350,12,11,True
19351,10,12,True
19352,-1,10,True
19353,13,10,True
19387,12,11,True
19388,13,12,True
19390,4,2,True
19391,10,12,True
19392,4,2,True
19403,10,12,True
19404,4,2,True
19587,12,11,True
19588,13,11,True
19589,10,12,True
19590,4,2,True
19594,13,10,True
19595,13,12,True
19596,14,10,True
19597,4,2,True
19598,12,11,True
19599,13,12,True
19600,4,2,True
19651,4,2,True
19672,-1,10,True
19673,13,10,True
19674,14,10,True
19675,14,10,True
19680,4,2,True
19682,4,2,True
19711,13,12,True
19823,10,12,True
19824,13,11,True
19826,4,2,True
19827,10,12,True
19831,4,2,True
19838,4,2,True
19925,10,12,True
19926,13,12,True
19927,13,12,True
19928,14,10,True
19929,12,11,True
19930,10,12,True
19931,4,2,True
19940,4,2,True
19941,14,10,True
20071,2,4,True
20072,2,4,True
20073,2,4,True
20074,2,4,True
20075,2,4,True
20076,2,4,True
20077,2,4,True
20078,2,4,True
20109,4,2,True
20110,-1,10,True
20111,10,12,True
20112,14,10,True
20113,13,10,True
20114,13,11,True
20117,4,2,True
20127,4,2,True
20128,4,2,True
20129,10,12,True
20133,-1,10,True
20134,13,12,True
20138,4,2,True
20263,4,2,True
20264,4,2,True
20275,4,2,True
20417,4,2,True
20418,13,11,True
20419,10,12,True
20422,13,10,True
20423,14,10,True
20424,14,10,True
20425,12,11,True
20426,13,11,True
20427,14,10,True
20428,13,11,True
20429,10,12,True
20430,14,10,True
20431,4,2,True
20452,13,12,True
20453,10,12,True
20454,14,10,True
20455,14,10,True
20456,13,12,True
20457,14,10,True
20458,4,2,True
20462,4,2,True
20629,-1,10,True
20630,4,2,True
20637,13,11,True
20638,10,12,True
20639,13,12,True
20640,4,2,True
20644,4,2,True
20651,4,2,True
20664,-1,10,True
20665,14,10,True
20710,13,12,True
20746,4,2,True
20878,4,2,True
20879,4,2,True
20880,13,11,True
20881,4,2,True
20883,4,2,True
20884,10,12,True
20885,13,11,True
20886,12,11,True
20887,4,2,True
20892,12,11,True
20894,4,2,True
20901,4,2,True
20905,4,2,True
20908,4,2,True
21014,4,2,True
21015,13,12,True
21021,4,2,True
21155,13,10,True
21156,13,11,True
21160,4,2,True
21200,4,2,True
21201,14,10,True
21202,12,11,True
21356,2,4,True
21357,2,4,True
21358,4,2,True
21359,4,2,True
21387,4,2,True
21388,13,12,True
21389,12,11,True
21390,13,11,True
21392,12,11,True
21393,14,10,True
21394,10,12,True
21396,10,12,True
21559,4,2,True
21584,4,2,True
21585,13,12,True
21586,10,12,True
21589,4,2,True
21598,4,2,True
21622,10,12,True
21623,13,10,True
21661,10,12,True
21662,-1,10,True
21663,10,12,True
21667,13,10,True
21668,13,11,True
21669,14,10,True
21696,4,2,True
21697,4,2,True
21698,14,10,True
21699,13,10,True
21701,12,11,True
21704,10,12,True
21706,4,2,True
21707,14,10,True
21708,14,10,True
21709,13,12,True
21710,10,12,True
21728,13,10,True
21729,4,2,True
21731,4,2,True
21789,4,2,True
21790,-1,12,True
21800,4,2,True
21855,4,2,True
21877,-1,10,True
21878,10,12,True
21879,4,2,True
21880,-1,10,True
21882,13,10,True
21883,13,12,True
21884,14,10,True
21885,13,11,True
21886,14,10,True
21887,14,10,True
21888,14,10,True
21889,4,2,True
21892,13,11,True
21893,-1,10,True
21894,14,10,True
21895,12,11,True
21896,4,2,True
21903,10,12,True
21904,-1,10,True
21905,4,2,True
21922,4,2,True
21923,-1,10,True
21924,10,12,True
21926,13,10,True
21927,14,10,True
21928,4,2,True
21929,10,12,True
21930,13,11,True
21931,10,12,True
21932,13,12,True
21933,14,10,True
22012,14,10,True
22013,13,11,True
22014,4,2,True
22018,13,12,True
22019,13,11,True
22021,12,11,True
22022,12,11,True
22023,10,12,True
22026,10,12,True
22027,-1,10,True
22028,12,11,True
22029,4,2,True
22031,4,2,True
22207,13,10,True
22208,14,10,True
22209,10,12,True
22210,10,12,True
22211,13,10,True
22212,10,12,True
22213,14,10,True
22214,-1,10,True
22215,13,12,True
22218,10,12,True
22219,4,2,True
22220,10,12,True
22327,-1,10,True
22328,13,10,True
22329,-1,10,True
22331,10,12,True
22332,14,10,True
22333,14,10,True
22334,13,10,True
22379,4,2,True
22503,14,10,True
22512,12,11,True
22513,13,12,True
22514,13,11,True
22515,10,12,True
22516,-1,10,True
22517,10,12,True
22518,13,10,True
22519,4,2,True
22520,4,2,True
22521,4,2,True
22522,13,10,True
22523,13,10,True
22524,12,11,True
22528,4,2,True
22529,-1,10,True
22530,4,2,True
22675,14,10,True
22677,10,12,True
22678,4,2,True
22780,12,11,True
22781,-1,10,True
22782,14,10,True
22783,-1,10,True
22784,-1,10,True
22785,13,10,True
22786,14,10,True
22787,-1,10,True
22788,13,12,True
22789,12,11,True
22790,13,10,True
22791,4,2,True
22794,10,12,True
22795,12,11,True
22796,13,11,True
22803,4,2,True
22938,13,11,True
22939,13,12,True
22940,13,10,True
22942,12,11,True
22943,4,2,True
22944,4,2,True
23032,13,12,True
23033,12,11,True
23034,13,12,True
23044,14,10,True
23070,10,12,True
23071,-1,10,True
23072,13,11,True
23073,12,11,True
23074,10,12,True
23075,4,2,True
23080,4,2,True
23143,10,12,True
23144,14,10,True
23146,13,12,True
23207,4,2,True
23242,13,11,True
23243,10,12,True
23244,-1,10,True
23245,13,11,True
23247,14,10,True
23250,12,11,True
23251,14,10,True
23252,4,2,True
23300,13,11,True
23301,13,11,True
23317,4,2,True
23329,4,2,True
23331,10,12,True
23332,12,11,True
23333,13,10,True
23334,10,12,True
23335,12,11,True
23336,13,12,True
23337,14,10,True
23338,-1,10,True
23339,12,11,True
23340,-1,12,True
23342,4,2,True
23343,14,10,True
23344,4,2,True
23386,4,2,True
23442,4,2,True
23519,4,2,True
23599,4,2,True
23600,14,10,True
23602,13,11,True
23603,10,12,True
23604,10,12,True
23605,12,11,True
23609,13,12,True
23611,4,2,True
23612,13,10,True
23613,-1,10,True
23614,12,11,True
23684,13,10,True
23759,-1,10,True
23760,13,11,True
23761,10,12,True
23763,4,2,True
23764,13,10,True
23765,4,2,True
23766,2,4,True
23767,2,4,True
23768,2,4,True
23769,2,4,True
23897,4,2,True
23899,4,2,True
23901,14,10,True
23902,14,10,True
23903,10,12,True
23905,4,2,True
23909,4,2,True
23949,4,2,True
23950,13,11,True
23951,13,10,True
23952,13,11,True
23953,13,10,True
23954,13,11,True
24020,14,10,True
24021,4,2,True
24022,13,10,True
24023,10,12,True
24024,-1,10,True
24033,4,2,True
24034,4,2,True
24036,4,2,True
24113,4,2,True
24114,14,10,True
24115,-1,10,True
24116,4,2,True
24118,13,10,True
24125,4,2,True
24126,10,12,True
24127,4,2,True
24128,4,2,True
24211,4,2,True
24275,8,-1,True
24369,2,4,True
24370,2,4,True
24371,2,4,True
24372,2,4,True
24373,2,4,True
24374,2,4,True
24375,2,4,True
24376,2,4,True
24377,2,4,True
24378,2,4,True
24379,2,4,True
24380,2,4,True
24381,2,4,True
24382,2,4,True
24383,2,4,True
24384,2,4,True
24385,2,4,True
24386,2,4,True
24398,-1,1,True
24399,-1,1,True
24400,-1,1,True
24403,-1,1,True
24404,-1,1,True
24410,-1,1,True
24412,-1,1,True
24415,-1,1,True
24418,-1,1,True
24419,-1,1,True
24429,3,5,True
24430,3,5,True
24431,3,5,True
24432,3,5,True
24433,3,5,True
24434,3,5,True
24435,3,5,True
24436,3,5,True
24437,3,5,True
24438,3,5,True
24439,3,5,True
24440,3,5,True
24441,3,5,True
24442,3,5,True
24443,3,-1,True
24444,3,-1,True
24445,3,-1,True
24448,3,5,True
24449,3,5,True
24450,3,5,True
24451,3,5,True
24452,3,5,True
24453,3,5,True
24454,3,5,True
24455,3,5,True
24456,3,5,True
24457,3,5,True
24511,1,-1,True
24512,1,-1,True
24513,1,-1,True
24514,1,-1,True
24628,1,-1,True
24671,-1,1,True
24706,6,-1,True
24707,6,-1,True
24708,6,-1,True
24709,6,-1,True
24710,6,-1,True
24711,6,-1,True
24712,6,-1,True
24713,6,-1,True
24714,6,-1,True
24715,6,-1,True
24716,6,-1,True
24754,6,-1,True
24755,6,-1,True
24756,9,-1,True
24757,9,-1,True
24758,9,-1,True
24759,9,-1,True
24760,9,-1,True
24786,13,10,True
24787,13,10,True
24788,10,12,True
24789,13,11,True
24791,13,12,True
24792,-1,10,True
24806,7,-1,True
24807,7,-1,True
24808,7,-1,True
24809,7,-1,True
24810,7,-1,True
24811,7,-1,True
24812,7,-1,True
24813,7,-1,True
24959,3,5,True
24960,3,5,True
24961,3,5,True
24962,3,5,True
25003,0,-1,True
25004,0,-1,True
25040,3,-1,True
25041,3,-1,True
25042,3,-1,True
25043,3,-1,True
25044,3,-1,True
25045,3,-1,True
25046,3,-1,True
25047,3,-1,True
25048,3,-1,True
25082,3,5,True
25083,3,5,True
25084,-1,1,True
25085,-1,1,True
25086,-1,1,True
25087,-1,1,True
25122,3,5,True
25123,3,5,True
25124,12,11,True
25125,13,12,True
25127,14,10,True
25136,2,4,True
25137,2,4,True
25138,2,4,True
25195,3,-1,True
25196,3,-1,True
25197,3,-1,True
25202,0,-1,True
25203,0,-1,True
25204,0,-1,True
25205,0,-1,True
25208,0,-1,True
25209,0,-1,True
25210,0,-1,True
25211,0,-1,True
25218,0,-1,True
25296,4,2,True
25297,-1,1,True
25305,-1,1,True
25306,-1,1,True
25307,-1,1,True
25308,-1,1,True
25309,-1,1,True
25310,4,2,True
25530,5,3,True
25539,3,5,True
25540,3,5,True
25541,3,5,True
25542,3,5,True
25544,13,11,True
25546,14,10,True
25676,-1,7,True
25677,-1,7,True
25678,-1,8,True
25723,3,5,True
25724,3,5,True
25725,3,5,True
25726,3,5,True
25727,3,5,True
25728,3,5,True
25729,3,5,True
25745,13,12,True
25746,13,10,True
25747,12,11,True
25749,13,10,True
25750,10,12,True
25751,10,12,True
25782,0,-1,True
25783,0,-1,True
25784,0,-1,True
25919,13,10,True
25920,10,12,True
25921,10,12,True
25922,13,11,True
25924,14,10,True
25925,14,10,True
25926,-1,10,True
25927,13,12,True
25928,10,12,True
25929,12,11,True
25930,14,10,True
25932,13,11,True
25934,12,11,True
25935,12,11,True
26061,7,-1,True
26062,7,-1,True
26063,7,-1,True
26064,7,-1,True
26065,7,-1,True
26066,7,-1,True
26067,7,-1,True
26068,7,-1,True
26069,7,-1,True
26070,7,-1,True
26071,7,-1,True
26072,7,-1,True
26092,4,2,True
26336,8,-1,True
26374,-1,1,True
26375,-1,1,True
26376,-1,1,True
26377,-1,1,True
26430,3,-1,True
26431,3,-1,True
26447,3,5,True
26448,3,5,True
26449,3,5,True
26450,3,5,True
26541,5,3,True
26542,3,5,True
26543,3,5,True
26544,3,5,True
26545,3,5,True
26546,3,5,True
26547,3,5,True
26548,3,5,True
26590,3,5,True
26591,3,5,True
26592,3,5,True
26593,3,5,True
26594,3,5,True
26595,3,-1,True
26601,3,5,True
26602,3,5,True
26603,3,5,True
26604,3,5,True
26629,5,3,True
26630,6,-1,True
26631,6,-1,True
26632,6,-1,True
26633,6,-1,True
26634,6,-1,True
26635,6,-1,True
26770,0,-1,True
26771,0,-1,True
26772,0,-1,True
26773,0,-1,True
26774,0,-1,True
26775,0,-1,True
26776,0,-1,True
26801,-1,1,True
26802,-1,1,True
26803,-1,1,True
26804,-1,1,True
26805,-1,1,True
26839,-1,1,True
26859,9,-1,True
26860,9,-1,True
26861,9,-1,True
26883,3,5,True
26884,3,5,True
26885,3,5,True
26886,3,5,True
26887,3,5,True
26888,3,5,True
26889,3,5,True
26890,3,5,True
26891,3,5,True
26892,3,5,True
26893,3,5,True
26894,3,5,True
26895,3,5,True
26913,2,4,True
26914,2,4,True
26915,2,4,True
26949,7,-1,True
26950,7,-1,True
26951,7,-1,True
26952,7,-1,True
26954,7,-1,True
26955,7,-1,True
26956,7,-1,True
26957,3,5,True
26958,3,5,True
26959,3,5,True
26960,3,5,True
26961,3,5,True
26962,3,5,True
26963,3,5,True
26964,3,5,True
26965,3,5,True
26966,3,5,True
26967,3,5,True
26968,3,5,True
26996,2,4,True
26997,2,4,True
26998,2,4,True
26999,2,4,True
27000,2,4,True
27001,2,4,True
27018,3,5,True
27019,3,5,True
27020,3,5,True
27021,3,5,True
27022,3,5,True
27023,3,5,True
27024,3,5,True
27025,3,5,True
27026,3,5,True
27027,3,5,True
27028,3,5,True
27029,3,5,True
27030,3,5,True
27031,3,5,True
27032,3,5,True
27033,3,5,True
27034,3,5,True
27035,3,5,True
27036,3,5,True
27037,3,5,True
27038,3,5,True
27047,12,11,True
27049,10,12,True
27050,10,12,True
27051,14,10,True
27052,10,12,True
27054,-1,10,True
27055,14,10,True
27056,13,10,True
27058,14,10,True
27059,12,11,True
27061,13,12,True
27062,13,10,True
27063,13,12,True
27064,12,11,True
27065,13,11,True
27066,13,10,True
27084,13,11,True
27085,13,10,True
27086,12,11,True
27087,12,11,True
27088,14,10,True
27089,10,12,True
27090,10,12,True
27091,-1,10,True
27092,-1,10,True
27094,12,11,True
27096,13,11,True
27098,14,10,True
27099,-1,10,True
27100,13,10,True
27101,13,10,True
27104,13,11,True
27105,-1,10,True
27106,10,12,True
27107,12,11,True
27108,10,12,True
27109,13,12,True
27110,14,10,True
27111,10,12,True
27112,14,10,True
27113,13,10,True
27114,14,10,True
27115,13,10,True
27117,12,11,True
27118,10,12,True
27119,14,10,True
27120,14,10,True
27121,10,12,True
27122,10,12,True
27123,12,11,True
27124,10,12,True
27125,10,12,True
27126,14,10,True
27127,13,12,True
27128,10,12,True
27129,10,12,True
27130,10,12,True
27131,10,12,True
27132,10,12,True
27133,13,10,True
27134,3,5,True
27135,3,5,True
27136,3,5,True
27137,3,5,True
27138,3,5,True
27139,3,5,True
27140,3,5,True
27141,3,5,True
27142,3,5,True
27143,3,5,True
27144,3,5,True
27145,3,5,True
27146,3,5,True
27147,7,-1,True
27148,7,-1,True
27160,5,3,True
27164,3,5,True
27165,3,5,True
27166,3,5,True
27167,3,5,True
27181,3,5,True
27182,3,5,True
27183,3,5,True
27184,3,5,True
27188,3,5,True
27189,3,5,True
27190,3,5,True
27191,3,5,True
27192,2,4,True
27193,2,4,True
27195,3,5,True
27196,3,5,True
27205,3,5,True
27206,3,5,True
27209,7,-1,True
27210,7,-1,True
27211,7,-1,True
27212,7,-1,True
27213,7,-1,True
27214,7,-1,True
27215,7,-1,True
27216,7,-1,True
27264,12,11,True
27265,13,12,True
27266,12,11,True
27267,10,12,True
27268,13,11,True
27269,13,10,True
27271,13,12,True
27272,10,12,True
27303,1,-1,True
27308,1,-1,True
27309,1,-1,True
27310,1,-1,True
27311,1,-1,True
27312,1,-1,True
27313,1,-1,True
27314,1,-1,True
27315,1,-1,True
27316,1,-1,True
27317,1,-1,True
27318,1,-1,True
27319,1,-1,True
27322,1,-1,True
27323,1,-1,True
27324,1,-1,True
27376,3,-1,True
27377,3,-1,True
27378,3,-1,True
27379,3,-1,True
27380,3,-1,True
27381,3,-1,True
27382,3,-1,True
27383,3,-1,True
27385,3,-1,True
27386,3,-1,True
27387,3,-1,True
27388,3,-1,True
27389,3,-1,True
27390,3,-1,True
27421,3,5,True
27422,3,5,True
27423,3,5,True
27424,3,5,True
27425,3,5,True
27426,3,5,True
27459,1,-1,True
27460,1,-1,True
27461,1,-1,True
27462,1,-1,True
27463,1,-1,True
27665,7,-1,True
27666,7,-1,True
27667,7,-1,True
27688,-1,1,True
27697,-1,1,True
27698,-1,1,True
27815,7,-1,True
27816,7,-1,True
27817,7,-1,True
27819,7,-1,True
27820,7,-1,True
27822,7,-1,True
27823,7,-1,True
27824,7,-1,True
27825,7,-1,True
27826,7,-1,True
27827,7,-1,True
27849,7,-1,True
27850,7,-1,True
27851,7,-1,True
27852,7,-1,True
28094,2,4,True
28095,13,10,True
28097,10,12,True
28098,14,10,True
28099,10,12,True
28100,13,11,True
28102,13,12,True
28103,10,12,True
28104,2,4,True
28105,2,4,True
28106,2,4,True
28107,2,4,True
28108,2,4,True
28109,2,4,True
28110,2,4,True
28111,2,4,True
28112,2,4,True
28113,2,4,True
28114,2,4,True
28115,2,4,True
28116,3,5,True
28117,3,5,True
28118,3,5,True
28119,3,5,True
28120,3,5,True
28121,3,5,True
28123,1,-1,True
28125,-1,1,True
28126,-1,1,True
28127,-1,1,True
28128,-1,1,True
28156,2,4,True
28157,2,4,True
28158,2,4,True
28159,2,4,True
28160,2,4,True
28161,2,4,True
28162,2,4,True
28163,2,4,True
28164,2,4,True
28174,5,3,True
28242,14,10,True
28243,12,11,True
28244,14,10,True
28248,4,2,True
28249,1,-1,True
28250,1,-1,True
28263,1,-1,True
28264,1,-1,True
28265,1,-1,True
28266,1,-1,True
28329,3,5,True
28330,3,5,True
28331,3,5,True
28332,3,5,True
28333,3,5,True
28399,1,-1,True
28427,3,5,True
28428,3,5,True
28429,3,5,True
28430,3,5,True
28431,3,5,True
28432,3,5,True
28433,3,5,True
28435,3,5,True
28436,7,-1,True
28447,7,-1,True
28448,7,-1,True
28449,7,-1,True
28450,7,-1,True
28476,7,-1,True
28477,7,-1,True
28478,7,-1,True
28479,7,-1,True
28682,-1,6,True
28706,3,5,True
28707,3,5,True
28708,3,5,True
28709,3,5,True
28710,3,5,True
28719,7,-1,True
28720,7,-1,True
28721,7,-1,True
28722,7,-1,True
28723,7,-1,True
28730,7,-1,True
28731,7,-1,True
28888,-1,1,True
28992,3,5,True
28993,3,5,True
28994,3,5,True
28995,3,5,True
28996,3,5,True
28997,3,5,True
28998,3,5,True
28999,3,5,True
29000,3,5,True
29001,3,5,True
29002,3,5,True
29003,3,5,True
29004,3,5,True
29005,3,5,True
29006,3,5,True
29007,3,5,True
29040,-1,0,True
29041,-1,0,True
29049,-1,7,True
29050,-1,7,True
29051,-1,7,True
29052,-1,7,True
29053,-1,7,True
29054,-1,7,True
29103,3,5,True
29104,3,5,True
29105,3,5,True
29106,3,5,True
29107,3,5,True
29108,3,5,True
29109,3,5,True
29110,3,5,True
29111,3,5,True
29140,3,5,True
29141,3,5,True
29142,3,5,True
29143,3,5,True
29144,3,5,True
29145,3,5,True
29146,3,5,True
29147,3,5,True
29148,3,5,True
29149,3,5,True
29156,0,-1,True
29157,0,-1,True
29158,0,-1,True
29159,0,-1,True
29160,0,-1,True
29162,0,-1,True
29163,0,-1,True
29166,0,-1,True
29167,0,-1,True
29272,8,-1,True
29273,8,-1,True
29303,3,5,True
29304,3,5,True
29305,3,5,True
29306,3,5,True
29307,3,5,True
29308,3,5,True
29309,3,5,True
29310,3,5,True
29311,3,5,True
29312,3,5,True
29313,3,5,True
29314,3,5,True
29315,3,5,True
29316,3,5,True
29317,3,5,True
29318,3,5,True
29319,3,5,True
29320,3,5,True
29321,3,5,True
29322,3,5,True
29323,3,5,True
29324,3,5,True
29330,2,4,True
29331,2,4,True
29332,2,4,True
29333,2,4,True
29334,2,4,True
29335,2,4,True
29336,2,4,True
29337,2,4,True
29338,2,4,True
29339,2,4,True
29340,2,4,True
29341,2,4,True
29342,2,4,True
29343,2,4,True
29344,2,4,True
29345,2,4,True
29346,2,4,True
29347,2,4,True
29348,2,4,True
29349,2,4,True
29350,2,4,True
29351,2,4,True
29352,2,4,True
29353,2,4,True
29354,2,4,True
29355,2,4,True
29356,2,4,True
29357,2,4,True
29555,7,-1,True
29567,2,4,True
29568,2,4,True
29569,2,4,True
29570,2,4,True
29571,2,4,True
29572,2,4,True
29573,2,4,True
29574,2,4,True
29575,2,4,True
29576,2,4,True
29577,2,4,True
29578,2,4,True
29579,2,4,True
29580,2,4,True
29581,2,4,True
29582,2,4,True
29583,2,4,True
29584,2,4,True
29585,2,4,True
29586,2,4,True
29587,2,4,True
29588,2,4,True
29589,2,4,True
29590,2,4,True
29591,2,4,True
29592,2,4,True
29593,2,4,True
29594,2,4,True
29595,2,4,True
29596,2,4,True
29597,2,4,True
29598,2,4,True
29599,2,4,True
29600,2,4,True
29601,2,4,True
29602,2,4,True
29603,2,4,True
29604,2,4,True
29605,2,4,True
29606,2,4,True
29607,2,4,True
29663,3,5,True
29664,3,5,True
29665,3,5,True
29666,3,5,True
29667,3,5,True
29668,3,5,True
29669,3,5,True
29670,3,5,True
29671,3,5,True
29672,3,5,True
29673,2,4,True
29674,2,4,True
29675,2,4,True
29676,2,4,True
29677,2,4,True
29678,2,4,True
29679,2,4,True
29680,2,4,True
29681,2,4,True
29682,2,4,True
29683,2,4,True
29684,2,4,True
29685,2,4,True
29686,2,4,True
29687,2,4,True
29688,2,4,True
29689,2,4,True
29690,3,5,True
29691,3,5,True
29692,3,5,True
29693,3,5,True
29694,3,5,True
29695,3,5,True
29698,8,-1,True
29699,8,-1,True
29784,3,5,True
29785,3,5,True
29786,3,5,True
29787,3,5,True
29788,3,5,True
29789,3,5,True
29790,3,5,True
29804,-1,10,True
29805,10,12,True
29806,10,12,True
29810,13,11,True
29811,10,12,True
29812,10,12,True
29814,13,-1,True
29815,14,10,True
29816,-1,10,True
29818,10,12,True
29819,13,12,True
29820,13,11,True
29821,13,10,True
29822,13,-1,True
29823,12,11,True
29824,13,11,True
29839,2,4,True
29840,2,4,True
29841,2,4,True
29842,2,4,True
29843,2,4,True
29844,2,4,True
29845,2,4,True
29846,13,10,True
29847,-1,10,True
29907,1,-1,True
29908,1,-1,True
29909,1,-1,True
29910,1,-1,True
29911,1,-1,True
29912,1,-1,True
29913,1,-1,True
29914,1,-1,True
29915,1,-1,True
30025,1,-1,True
30026,1,-1,True
30027,1,-1,True
30028,1,-1,True
30029,1,-1,True
30030,1,-1,True
30031,1,-1,True
30064,-1,1,True
30065,-1,1,True
30066,-1,1,True
30067,-1,1,True
30068,-1,1,True
30069,-1,1,True
30070,-1,1,True
30071,-1,1,True
30072,-1,1,True
30073,-1,1,True
30074,-1,1,True
30075,-1,1,True
30076,-1,1,True
30097,-1,1,True
30098,-1,1,True
30099,-1,1,True
30100,-1,1,True
30101,-1,1,True
30102,-1,1,True
30103,-1,1,True
30125,-1,1,True
30126,-1,1,True
30127,-1,1,True
30128,-1,1,True
30129,-1,1,True
30130,-1,1,True
30131,-1,1,True
30132,-1,1,True
30145,3,5,True
30146,3,5,True
30224,3,5,True
30225,3,5,True
30226,3,5,True
30227,3,5,True
30228,3,5,True
30231,3,5,True
30232,3,5,True
30233,3,5,True
30239,2,4,True
30240,2,4,True
30241,2,4,True
30242,2,4,True
30244,3,5,True
30245,3,5,True
30246,3,5,True
30247,3,5,True
30248,3,5,True
30249,3,5,True
30250,3,5,True
30251,3,5,True
30252,3,5,True
30253,3,5,True
30254,3,5,True
30255,3,5,True
30256,3,5,True
30257,3,5,True
30258,3,5,True
30259,3,5,True
30260,3,5,True
30314,3,5,True
30315,3,5,True
30316,3,5,True
30317,3,5,True
30318,3,5,True
30319,3,5,True
30320,3,5,True
30321,3,5,True
30329,3,5,True
30330,3,5,True
30331,3,5,True
30332,3,5,True
30348,3,5,True
30349,3,5,True
30350,3,5,True
30477,3,5,True
30478,3,5,True
30479,3,5,True
30480,3,5,True
30481,3,5,True
30482,3,5,True
30483,3,5,True
30484,3,5,True
30485,3,5,True
30486,3,5,True
30487,3,5,True
30488,3,5,True
30489,3,5,True
30490,3,5,True
30491,3,5,True
30492,3,5,True
30493,3,5,True
30494,3,5,True
30495,3,5,True
30496,3,5,True
30497,3,5,True
30498,3,5,True
30499,3,5,True
30500,3,5,True
30555,-1,0,True
30574,0,-1,True
30575,0,-1,True
30576,0,-1,True
30758,8,-1,True
30759,8,-1,True
30760,8,-1,True
30761,8,-1,True
30769,8,-1,True
30770,8,-1,True
30771,8,-1,True
30772,8,-1,True
30779,7,-1,True
30864,3,5,True
30865,3,5,True
30866,3,5,True
30867,3,5,True
30868,3,5,True
30869,3,5,True
30870,3,5,True
30899,-1,1,True
30904,14,10,True
30905,12,11,True
30906,13,11,True
30907,13,10,True
30909,10,12,True
30910,13,10,True
30911,12,11,True
30912,14,10,True
30914,14,10,True
30918,10,12,True
30919,14,10,True
30920,10,12,True
30922,10,12,True
30924,10,12,True
30926,-1,10,True
30927,13,11,True
30928,13,11,True
30930,10,12,True
30931,10,12,True
30946,3,5,True
30952,7,-1,True
30953,7,-1,True
30954,7,-1,True
30955,7,-1,True
30956,7,-1,True
30957,7,-1,True
30958,7,-1,True
30959,8,-1,True
30960,8,-1,True
30961,8,-1,True
30962,8,-1,True
30963,8,-1,True
30999,0,-1,True
31000,0,-1,True
31001,0,-1,True
31036,4,2,True
31077,8,-1,True
31078,8,-1,True
31189,5,3,True
31245,1,-1,True
31254,2,4,True
31255,2,4,True
31256,2,4,True
31257,2,4,True
31258,-1,4,True
31259,-1,4,True
31260,2,4,True
31261,2,4,True
31262,2,4,True
31263,2,4,True
31264,2,4,True
31265,2,4,True
31266,2,4,True
31267,2,4,True
31268,2,4,True
31269,2,4,True
31270,2,4,True
31271,2,4,True
31272,2,4,True
31273,2,4,True
31274,2,4,True
31275,2,4,True
31276,2,4,True
31277,2,4,True
31278,2,4,True
31279,2,4,True
31283,6,-1,True
31284,6,-1,True
31285,6,-1,True
31286,2,4,True
31287,2,4,True
31288,2,4,True
31289,2,4,True
31290,2,4,True
31291,2,-1,True
31292,2,-1,True
31293,2,-1,True
31294,2,-1,True
31295,2,-1,True
31296,6,-1,True
31297,6,-1,True
31298,7,-1,True
31299,7,-1,True
31327,3,-1,True
31328,3,-1,True
31333,3,-1,True
31334,3,-1,True
31335,3,-1,True
31336,3,-1,True
31337,3,-1,True
31338,3,-1,True
31339,3,-1,True
31340,3,-1,True
31358,7,-1,True
31359,7,-1,True
31360,7,-1,True
31361,7,-1,True
31362,7,-1,True
31363,7,-1,True
31364,7,-1,True
31365,7,-1,True
31366,7,-1,True
31367,7,-1,True
31368,7,-1,True
31369,7,-1,True
31370,7,-1,True
31371,7,-1,True
31372,7,-1,True
31373,7,-1,True
31374,7,-1,True
31375,7,-1,True
31387,8,-1,True
31388,8,-1,True
31389,8,-1,True
31392,8,-1,True
31393,8,-1,True
31394,8,-1,True
31395,8,-1,True
31418,-1,1,True
31419,-1,1,True
31426,-1,1,True
31490,7,-1,True
31491,7,-1,True
31492,7,-1,True
31493,7,-1,True
31494,7,-1,True
31495,7,-1,True
31496,7,-1,True
31497,7,-1,True
31589,2,4,True
31590,2,4,True
31591,2,4,True
31592,2,4,True
31593,2,4,True
31594,2,4,True
31610,10,12,True
31611,10,12,True
31612,13,12,True
31613,13,10,True
31617,2,-1,True
31618,2,-1,True
31619,2,-1,True
31620,2,-1,True
31623,3,5,True
31624,3,5,True
31625,3,5,True
31626,3,5,True
31627,3,5,True
31628,3,5,True
31629,3,5,True
31682,0,-1,True
31683,0,-1,True
31684,0,-1,True
31685,0,-1,True
31686,0,-1,True
31687,0,-1,True
31707,7,-1,True
31708,7,-1,True
31709,7,-1,True
31710,7,-1,True
31711,7,-1,True
31712,7,-1,True
31713,7,-1,True
31714,7,-1,True
31715,7,-1,True
31716,7,-1,True
31717,7,-1,True
31914,2,-1,True
31915,2,-1,True
31916,2,-1,True
31917,2,-1,True
31918,2,-1,True
31919,2,-1,True
31920,2,-1,True
31921,6,-1,True
31922,6,-1,True
31923,2,-1,True
31924,2,-1,True
31925,6,-1,True
31983,8,-1,True
31984,8,-1,True
31991,2,4,True
31992,2,4,True
31993,2,4,True
31994,2,4,True
31995,2,4,True
31996,2,4,True
31997,2,4,True
31998,2,4,True
31999,2,4,True
32000,2,4,True
32001,2,4,True
32006,2,-1,True
32007,2,-1,True
32008,2,-1,True
32009,2,-1,True
32010,2,-1,True
32011,2,-1,True
32012,2,-1,True
32013,2,-1,True
32016,2,4,True
32017,2,4,True
32031,3,-1,True
32032,3,-1,True
32033,3,-1,True
32034,3,-1,True
32035,3,-1,True
32036,2,4,True
32037,2,4,True
32038,2,4,True
32039,2,4,True
32040,2,4,True
32044,-1,1,True
32048,-1,1,True
32222,-1,1,True
32223,-1,1,True
32224,-1,1,True
32225,-1,1,True
32226,-1,1,True
32227,-1,1,True
32228,-1,1,True
32233,8,-1,True
32234,8,-1,True
32263,-1,0,True
32264,-1,0,True
32265,-1,0,True
32266,-1,0,True
32267,-1,0,True
32268,-1,0,True
32269,-1,0,True
32270,-1,0,True
32271,-1,0,True
32272,-1,0,True
32273,-1,0,True
32274,-1,0,True
32275,-1,0,True
32276,-1,0,True
32277,-1,0,True
32278,-1,0,True
32279,-1,0,True
32280,-1,0,True
32281,-1,0,True
32282,-1,0,True
32283,-1,0,True
32284,-1,0,True
32285,-1,0,True
32286,-1,0,True
32287,-1,0,True
32288,-1,0,True
32289,-1,0,True
32290,-1,0,True
32291,-1,0,True
32292,-1,0,True
32293,-1,0,True
32294,-1,0,True
32295,-1,0,True
32296,-1,0,True
32297,-1,0,True
32298,-1,0,True
32299,-1,0,True
32300,-1,0,True
32385,3,5,True
32386,3,5,True
32387,3,5,True
32388,3,5,True
32517,2,4,True
32518,2,4,True
32519,2,4,True
32520,2,4,True
32521,2,4,True
32522,2,4,True
32523,2,4,True
32524,2,4,True
32525,2,4,True
32526,2,4,True
32527,2,4,True
32528,2,4,True
32529,2,4,True
32542,2,4,True
32543,2,4,True
32544,2,4,True
32545,2,4,True
32546,2,4,True
32547,2,4,True
32548,2,4,True
32549,2,4,True
32550,2,4,True
32551,2,4,True
32706,0,-1,True
32707,0,-1,True
32708,0,-1,True
32709,0,-1,True
32724,13,12,True
32725,13,11,True
32726,-1,10,True
32727,10,12,True
32728,13,11,True
32732,13,10,True
32733,12,11,True
32734,-1,10,True
32735,14,10,True
32736,13,11,True
32738,13,12,True
32739,-1,10,True
32741,10,12,True
32742,-1,10,True
32743,13,10,True
32744,10,12,True
32754,2,4,True
32755,2,4,True
32756,2,4,True
32757,2,4,True
32758,2,4,True
32759,2,4,True
32765,2,4,True
32766,2,4,True
32767,2,4,True
32768,2,4,True
32769,2,4,True
32770,2,4,True
32771,2,4,True
32772,2,4,True
32773,2,4,True
32774,2,4,True
32775,2,4,True
32777,2,4,True
32778,2,4,True
32779,2,4,True
32784,3,5,True
32785,3,5,True
32788,-1,5,True
32789,-1,5,True
32790,3,5,True
32791,3,5,True
32792,3,5,True
32793,3,5,True
32794,3,5,True
32795,10,12,True
32796,12,11,True
32797,13,10,True
32798,10,12,True
32799,13,10,True
32800,-1,10,True
32801,14,10,True
32802,13,11,True
32803,-1,10,True
32804,10,12,True
32805,10,12,True
32806,13,11,True
32807,12,11,True
32808,12,11,True
32809,10,12,True
32810,13,10,True
32811,14,10,True
32812,10,12,True
32813,13,11,True
32814,12,11,True
32815,10,12,True
32816,10,12,True
32817,10,12,True
32818,13,11,True
32819,10,12,True
32822,14,10,True
32824,10,12,True
32825,10,12,True
32826,14,10,True
32827,12,11,True
32828,13,12,True
32829,14,10,True
32830,14,10,True
32831,10,12,True
32832,13,12,True
32833,10,12,True
32834,10,12,True
32835,12,11,True
32837,13,12,True
32838,13,12,True
32849,13,11,True
32971,5,3,True
32977,8,-1,True
32980,3,5,True
33358,2,4,True
33359,2,4,True
33360,2,4,True
33361,2,4,True
33362,2,4,True
33363,2,4,True
33369,2,4,True
33370,2,4,True
33371,2,4,True
33485,-1,1,True
33486,-1,1,True
33487,-1,1,True
33488,-1,1,True
33489,-1,1,True
33490,-1,1,True
33491,-1,1,True
33492,-1,1,True
33493,-1,1,True
33494,-1,1,True
33495,-1,1,True
33496,-1,1,True
33497,7,-1,True
33498,7,-1,True
33499,7,-1,True
33500,7,-1,True
33501,7,-1,True
33502,7,-1,True
33503,7,-1,True
33504,7,-1,True
33505,7,-1,True
33506,7,-1,True
33508,7,-1,True
33525,1,-1,True
33526,1,-1,True
33527,1,-1,True
33528,1,-1,True
33529,1,-1,True
33530,1,-1,True
33531,1,-1,True
33532,1,-1,True
33533,1,-1,True
33534,1,-1,True
33535,1,-1,True
33536,1,-1,True
33537,1,-1,True
33538,1,-1,True
33539,1,-1,True
33540,1,-1,True
33611,3,5,True
33612,3,5,True
33613,3,5,True
33614,3,5,True
33615,3,5,True
33616,3,5,True
33617,3,5,True
33618,3,5,True
33620,3,5,True
33621,3,5,True
33622,3,5,True
33623,3,5,True
33670,8,-1,True
33832,13,11,True
33834,13,11,True
33835,13,10,True
33836,-1,10,True
33838,14,10,True
33839,13,10,True
33840,14,10,True
33841,14,10,True
33842,13,12,True
33843,13,11,True
33845,10,12,True
33846,14,10,True
33847,12,11,True
33848,13,12,True
33849,13,12,True
33850,13,11,True
33851,13,11,True
33852,13,11,True
33853,-1,10,True
33854,-1,10,True
33855,13,11,True
33856,10,12,True
33857,13,12,True
33858,-1,10,True
33859,14,10,True
33860,12,11,True
33861,13,11,True
33862,10,12,True
33863,13,12,True
33864,13,12,True
33867,13,11,True
33868,13,11,True
33869,13,11,True
33870,-1,10,True
33871,-1,10,True
33872,13,10,True
33874,-1,10,True
33875,10,12,True
33876,13,12,True
33877,14,10,True
33878,14,10,True
33879,13,11,True
33882,14,10,True
33883,-1,10,True
33885,13,12,True
33886,10,12,True
33887,-1,10,True
33888,14,10,True
33889,-1,10,True
33890,13,11,True
33891,14,10,True
33892,13,11,True
33893,10,12,True
33894,12,11,True
33895,-1,10,True
33896,13,11,True
33897,13,12,True
33898,10,12,True
34157,2,4,True
34158,2,4,True
34159,2,4,True
34301,3,5,True
34303,3,5,True
34304,3,5,True
34305,3,5,True
34306,3,5,True
34307,3,5,True
34308,3,5,True
34309,3,5,True
34310,3,5,True
34311,3,5,True
34322,3,5,True
34323,3,5,True
34324,3,5,True
34325,3,5,True
34326,3,5,True
34327,3,5,True
34328,3,5,True
34329,3,5,True
34330,3,5,True
34332,3,5,True
34333,3,5,True
34334,3,5,True
34335,3,5,True
34336,3,5,True
34337,3,5,True
34338,3,5,True
34340,3,5,True
34447,3,5,True
34448,3,5,True
34449,3,5,True
34450,3,5,True
34451,3,5,True
34452,3,5,True
34453,3,5,True
34454,3,5,True
34455,3,5,True
34457,3,5,True
34458,2,-1,True
34460,-1,5,True
34462,3,5,True
34463,3,5,True
34464,3,5,True
34465,3,5,True
34466,3,5,True
34467,3,5,True
34468,3,5,True
34469,3,5,True
34470,3,5,True
34471,3,5,True
34472,3,5,True
34473,3,5,True
34474,3,5,True
34475,3,5,True
34476,3,5,True
34477,3,5,True
34478,3,5,True
34479,3,5,True
34480,3,5,True
34481,3,5,True
34482,3,5,True
34483,3,5,True
34484,3,5,True
34485,3,5,True
34486,3,5,True
34487,3,5,True
34488,3,5,True
34489,3,5,True
34490,3,5,True
34491,3,5,True
34492,3,5,True
34493,3,5,True
34494,3,5,True
34495,3,5,True
34496,3,5,True
34497,3,5,True
34498,3,5,True
34499,3,5,True
34500,3,5,True
34501,3,5,True
34502,3,5,True
34503,3,5,True
34504,3,5,True
34505,3,5,True
34506,3,5,True
34507,3,5,True
34508,3,5,True
34509,3,5,True
34510,3,5,True
34511,3,5,True
34512,3,5,True
34513,3,5,True
34514,3,5,True
34515,3,5,True
34516,3,5,True
34517,3,5,True
34518,3,5,True
34519,3,5,True
34520,3,-1,True
34521,3,-1,True
34522,3,5,True
34523,3,5,True
34524,3,5,True
34525,3,5,True
34526,3,-1,True
34527,3,-1,True
34528,3,-1,True
34529,3,-1,True
34530,3,-1,True
34531,3,-1,True
34532,3,-1,True
34533,3,-1,True
34534,3,-1,True
34535,3,-1,True
34536,3,-1,True
34537,3,-1,True
34538,3,-1,True
34539,3,-1,True
34540,3,-1,True
34541,3,-1,True
34542,3,-1,True
34543,3,-1,True
34544,3,-1,True
34545,3,-1,True
34546,3,-1,True
34547,3,-1,True
34548,3,-1,True
34549,3,-1,True
34550,3,-1,True
34551,3,-1,True
34552,3,-1,True
34553,3,-1,True
34554,3,-1,True
34555,3,-1,True
34556,3,-1,True
34557,3,-1,True
34558,3,-1,True
34559,3,-1,True
34560,3,-1,True
34561,3,-1,True
34562,3,-1,True
34574,2,4,True
34575,2,4,True
34576,2,4,True
34577,2,4,True
34578,2,4,True
34579,2,4,True
34580,2,4,True
34582,2,4,True
34585,2,4,True
34586,2,4,True
34587,2,4,True
34588,2,4,True
34589,2,4,True
34590,2,4,True
34591,2,4,True
34592,2,4,True
34593,2,4,True
34694,13,12,True
34695,13,11,True
34696,14,10,True
34700,8,-1,True
34701,8,-1,True
34702,8,-1,True
34703,8,-1,True
34704,8,-1,True
34705,9,-1,True
34751,2,-1,True
34752,2,-1,True
34753,2,-1,True
34754,2,-1,True
34755,2,-1,True
34756,2,-1,True
34757,2,-1,True
34758,2,-1,True
34759,2,-1,True
34806,3,5,True
34807,3,5,True
34808,3,5,True
34809,3,5,True
34810,3,5,True
34811,3,5,True
34812,3,5,True
34813,3,5,True
34814,3,5,True
34815,3,5,True
34816,3,5,True
34817,3,5,True
34818,3,5,True
34819,3,5,True
34935,13,10,True
34936,12,11,True
34937,3,5,True
34938,3,5,True
34939,3,5,True
34940,3,5,True
34941,3,5,True
34942,3,5,True
34943,3,5,True
34944,3,5,True
34945,5,3,True
34947,3,5,True
34996,-1,1,True
34997,-1,1,True
34998,-1,1,True
34999,-1,1,True
35029,2,4,True
35030,2,4,True
35031,2,4,True
35032,2,4,True
35033,2,4,True
35036,2,4,True
35037,2,4,True
35038,2,4,True
35039,2,4,True
35040,2,4,True
35041,2,4,True
35042,2,4,True
35043,2,4,True
35044,2,4,True
35045,2,4,True
35046,2,4,True
35047,2,4,True
35048,2,4,True
35049,2,4,True
35050,2,4,True
35051,2,4,True
35052,2,4,True
35053,2,4,True
35054,2,4,True
35055,2,4,True
35056,2,4,True
35057,2,4,True
35058,2,4,True
35059,2,4,True
35060,2,4,True
35061,2,4,True
35062,2,4,True
35063,2,4,True
35064,2,4,True
35065,2,4,True
35099,0,-1,True
35100,0,-1,True
35102,7,-1,True
35103,7,-1,True
35104,7,-1,True
35113,3,-1,True
35114,3,-1,True
35307,7,-1,True
35308,7,-1,True
35309,7,-1,True
35310,7,-1,True
35311,7,-1,True
35312,7,-1,True
35313,7,-1,True
35314,7,-1,True
35617,8,-1,True
35618,8,-1,True
35621,8,-1,True
35622,8,-1,True
35623,8,-1,True
35624,8,-1,True
35625,8,-1,True
35698,3,5,True
35699,3,5,True
35700,3,5,True
35701,3,5,True
35702,3,5,True
35703,3,5,True
35704,3,5,True
35705,3,5,True
35706,3,5,True
35707,3,5,True
35708,3,5,True
35709,3,5,True
35710,3,5,True
35711,3,5,True
35712,3,5,True
35713,3,5,True
35714,3,5,True
35715,3,5,True
35716,3,5,True
35717,9,-1,True
35718,9,-1,True
35719,9,-1,True
35771,7,-1,True
35772,7,-1,True
35773,7,-1,True
35774,7,-1,True
35775,7,-1,True
35776,7,-1,True
35777,7,-1,True
35778,7,-1,True
35779,7,-1,True
35780,7,-1,True
35781,7,-1,True
35782,2,-1,True
35783,2,-1,True
35872,8,-1,True
35873,8,-1,True
35874,8,-1,True
35875,8,-1,True
35876,8,-1,True
35877,8,-1,True
35898,8,-1,True
35977,3,5,True
35978,3,5,True
35979,3,5,True
35980,3,5,True
36075,1,-1,True
36076,1,-1,True
36077,1,-1,True
36088,1,-1,True
36089,1,-1,True
36090,1,-1,True
36091,1,-1,True
36118,2,4,True
36119,2,4,True
36120,2,4,True
36121,2,4,True
36122,2,4,True
36123,2,4,True
36124,2,4,True
36125,2,4,True
36126,2,4,True
36127,2,4,True
36128,2,4,True
36129,2,4,True
36130,2,4,True
36131,2,4,True
36132,2,4,True
36159,4,2,True
36167,-1,1,True
36514,3,5,True
36515,3,5,True
36516,3,5,True
36521,10,12,True
36547,10,12,True
36548,13,12,True
36550,14,10,True
36551,13,11,True
36552,13,11,True
36553,13,12,True
36554,14,10,True
36555,10,12,True
36556,13,11,True
36557,10,12,True
36558,10,12,True
36559,-1,12,True
36560,13,11,True
36561,10,12,True
36563,10,12,True
36564,-1,10,True
36565,10,12,True
36566,13,11,True
36567,10,12,True
36568,8,-1,True
36569,8,-1,True
36570,8,-1,True
36571,8,-1,True
36572,8,-1,True
36579,3,5,True
36580,3,5,True
36581,3,5,True
36582,3,5,True
36583,3,5,True
36584,3,5,True
36585,3,5,True
36586,3,5,True
36587,5,3,True
36614,8,-1,True
36615,8,-1,True
36616,8,-1,True
36628,3,-1,True
36629,3,-1,True
36630,3,5,True
36631,3,5,True
36632,3,-1,True
36633,3,5,True
36634,3,5,True
36635,3,5,True
36636,2,4,True
36637,2,4,True
36638,2,4,True
36639,2,4,True
36640,2,4,True
36641,2,4,True
36642,2,4,True
36643,2,4,True
36644,2,4,True
36645,2,4,True
36646,2,4,True
36647,2,4,True
36648,2,4,True
36649,2,4,True
36650,2,4,True
36651,2,4,True
36652,2,4,True
36653,2,4,True
36654,2,4,True
36655,2,4,True
36656,2,4,True
36657,2,4,True
36658,2,4,True
36659,2,4,True
36660,2,4,True
36661,2,4,True
36662,2,4,True
36663,2,4,True
36664,2,4,True
36665,2,4,True
36666,2,4,True
36667,2,4,True
36668,2,4,True
36669,2,4,True
36670,2,4,True
36671,2,4,True
36672,2,4,True
36673,2,4,True
36674,2,4,True
36675,2,4,True
36676,2,4,True
36677,2,4,True
36678,2,4,True
36679,2,4,True
36680,2,4,True
36681,2,4,True
36682,2,4,True
36683,2,4,True
36684,2,4,True
36685,2,4,True
36686,2,4,True
36687,2,4,True
36709,3,5,True
36710,3,5,True
36711,3,5,True
36712,3,5,True
36713,5,3,True
36726,3,5,True
36727,3,5,True
36728,3,5,True
36729,3,5,True
36799,8,-1,True
36800,8,-1,True
36801,8,-1,True
36819,3,5,True
36820,3,5,True
36821,3,5,True
36822,3,5,True
36823,3,5,True
36824,3,5,True
36825,3,5,True
36826,3,5,True
36827,3,5,True
36828,3,5,True
36829,3,5,True
36830,3,5,True
36831,3,5,True
36836,-1,7,True
36879,14,10,True
36881,10,12,True
36882,13,11,True
37026,8,-1,True
37027,8,-1,True
37257,0,-1,True
37258,0,-1,True
37259,0,-1,True
37292,0,-1,True
37293,0,-1,True
37294,0,-1,True
37303,7,-1,True
37304,7,-1,True
37371,9,-1,True
37372,9,-1,True
37373,9,-1,True
37374,9,-1,True
37375,9,-1,True
37376,10,12,True
37377,10,12,True
37378,-1,10,True
37379,10,12,True
37380,14,10,True
37382,13,11,True
37384,3,5,True
37385,3,5,True
37386,3,5,True
37387,3,5,True
37388,3,5,True
37389,3,5,True
37390,2,4,True
37391,2,4,True
37392,2,4,True
37393,2,4,True
37394,2,4,True
37395,2,4,True
37396,2,4,True
37397,2,4,True
37398,2,4,True
37440,3,5,True
37441,3,5,True
37442,3,5,True
37443,3,5,True
37444,3,5,True
37445,3,5,True
37446,3,5,True
37447,3,5,True
37448,3,5,True
37449,3,5,True
37450,3,5,True
37451,3,5,True
37452,3,5,True
37541,3,5,True
37542,3,5,True
37544,2,4,True
37547,-1,4,True
37548,3,5,True
37549,13,12,True
37550,13,11,True
37551,13,11,True
37552,-1,10,True
37553,14,10,True
37554,13,11,True
37560,5,3,True
37561,3,5,True
37562,3,5,True
37563,3,5,True
37564,3,5,True
37565,3,5,True
37566,3,5,True
37567,3,5,True
37568,3,5,True
37621,2,-1,True
37634,2,-1,True
37635,2,-1,True
37636,2,-1,True
37637,2,-1,True
37638,2,-1,True
37639,2,-1,True
37640,2,-1,True
37641,2,-1,True
37642,2,-1,True
37643,2,-1,True
37644,2,-1,True
37645,2,4,True
37646,2,4,True
37647,2,4,True
37649,2,4,True
37650,2,4,True
37651,2,4,True
37652,2,4,True
37653,2,4,True
37654,2,4,True
37655,2,4,True
37656,2,4,True
37657,2,4,True
37658,2,4,True
37659,2,4,True
37660,2,4,True
37661,2,4,True
37662,2,4,True
37663,2,4,True
37664,2,4,True
37666,3,-1,True
37667,3,5,True
37737,1,-1,True
37738,1,-1,True
37739,1,-1,True
37740,1,-1,True
37741,1,-1,True
37742,1,-1,True
37743,1,-1,True
37744,1,-1,True
37745,1,-1,True
37746,1,-1,True
37747,1,-1,True
37754,7,-1,True
37869,6,-1,True
37870,6,-1,True
37871,6,-1,True
37872,6,-1,True
37873,6,-1,True
37874,6,-1,True
37875,6,-1,True
37876,6,-1,True
37877,6,-1,True
37878,6,-1,True
37879,6,-1,True
37880,6,-1,True
37881,6,-1,True
37882,6,-1,True
37883,6,-1,True
37884,6,-1,True
37885,6,-1,True
37886,6,-1,True
37887,6,-1,True
37888,6,-1,True
37889,6,-1,True
37890,6,-1,True
37891,6,-1,True
37892,6,-1,True
37893,6,-1,True
37901,7,-1,True
37902,7,-1,True
37903,7,-1,True
37904,7,-1,True
37935,-1,0,True
37936,-1,0,True
37966,2,4,True
37967,2,4,True
37968,2,4,True
37969,2,4,True
37970,2,4,True
37971,2,4,True
37972,2,4,True
37973,2,4,True
37974,2,4,True
37975,2,4,True
38014,2,4,True
38015,2,4,True
38021,2,4,True
38022,2,4,True
38023,2,4,True
38024,2,4,True
38025,2,4,True
38026,2,4,True
38028,3,5,True
38072,-1,1,True
38073,-1,1,True
38074,-1,1,True
38077,1,-1,True
38078,1,-1,True
38079,1,-1,True
38080,1,-1,True
38081,1,-1,True
38082,1,-1,True
38083,1,-1,True
38084,1,-1,True
38089,1,-1,True
38090,1,-1,True
38147,-1,1,True
38148,-1,1,True
38149,-1,1,True
38152,8,-1,True
38154,8,-1,True
38155,8,-1,True
38164,3,5,True
38165,3,5,True
38190,3,-1,True
38191,3,-1,True
38192,3,-1,True
38193,3,-1,True
38196,3,-1,True
38315,13,10,True
38316,14,10,True
38317,10,12,True
38318,10,12,True
38319,14,10,True
38320,12,11,True
38322,14,10,True
38323,13,10,True
38324,13,10,True
38325,10,12,True
38326,14,10,True
38328,13,11,True
38329,10,12,True
38331,-1,1,True
38332,-1,1,True
38333,-1,1,True
38364,7,-1,True
38365,7,-1,True
38366,7,-1,True
38367,7,-1,True
38368,7,-1,True
38369,7,-1,True
38370,7,-1,True
38371,7,-1,True
38372,3,-1,True
38373,3,-1,True
38487,10,12,True
38489,14,10,True
38490,10,12,True
38492,13,12,True
38493,13,12,True
38495,10,12,True
38496,-1,10,True
38497,12,11,True
38498,12,11,True
38499,-1,10,True
38500,13,10,True
38501,10,12,True
38502,13,12,True
38503,13,12,True
38515,-1,1,True
38516,-1,1,True
38547,10,12,True
38549,10,12,True
38550,13,10,True
38551,12,11,True
38552,12,11,True
38553,12,11,True
38554,-1,10,True
38555,13,11,True
38556,13,11,True
38557,-1,12,True
38558,10,12,True
38559,10,12,True
38561,10,12,True
38562,12,11,True
38565,13,12,True
38566,-1,10,True
38567,13,11,True
38568,13,12,True
38569,-1,10,True
38570,12,11,True
38574,2,4,True
38575,2,4,True
38576,2,4,True
38577,2,4,True
38578,2,4,True
38579,2,4,True
38580,2,4,True
38581,2,4,True
38582,2,4,True
38583,2,4,True
38584,2,4,True
38585,2,4,True
38586,2,4,True
38587,2,4,True
38588,2,4,True
38589,2,4,True
38590,2,4,True
38591,2,4,True
38592,2,4,True
38593,2,4,True
38594,2,4,True
38595,1,-1,True
38596,1,-1,True
38597,1,-1,True
38598,1,-1,True
38599,1,-1,True
38600,1,-1,True
38601,1,-1,True
38602,1,-1,True
38627,-1,1,True
38629,-1,1,True
38630,-1,1,True
38642,3,5,True
38643,3,5,True
38644,3,5,True
38645,3,5,True
38646,3,5,True
38647,3,5,True
38648,3,5,True
38649,3,5,True
38650,12,11,True
38651,10,12,True
38652,10,12,True
38653,10,12,True
38701,2,4,True
38702,2,4,True
38703,2,4,True
38704,2,4,True
38705,2,4,True
38706,2,4,True
38707,2,4,True
38816,-1,1,True
38817,-1,1,True
38867,7,-1,True
38868,7,-1,True
38869,7,-1,True
38870,7,-1,True
38871,7,-1,True
38872,7,-1,True
38873,7,-1,True
38874,7,-1,True
38875,7,-1,True
38876,7,-1,True
38884,7,-1,True
38885,7,-1,True
38933,0,-1,True
39185,2,4,True
39186,2,4,True
39187,2,4,True
39188,2,4,True
39189,2,4,True
39190,2,4,True
39191,2,4,True
39192,2,4,True
39193,2,4,True
39194,2,4,True
39195,2,4,True
39196,2,4,True
39197,2,4,True
39198,2,4,True
39199,2,4,True
39200,2,4,True
39201,2,4,True
39202,2,4,True
39203,2,4,True
39204,2,4,True
39205,2,4,True
39206,2,4,True
39207,2,4,True
39208,2,4,True
39209,2,4,True
39252,3,5,True
39253,3,5,True
39254,3,5,True
39255,3,5,True
39256,3,5,True
39257,3,5,True
39258,3,5,True
39259,3,5,True
39260,3,5,True
39267,3,5,True
39268,3,5,True
39269,3,5,True
39270,3,5,True
39271,3,5,True
39272,3,5,True
39273,3,5,True
39274,3,5,True
39275,3,5,True
39276,3,5,True
39277,3,5,True
39278,3,5,True
39279,3,5,True
39280,3,5,True
39281,3,5,True
39282,3,5,True
39283,3,5,True
39284,3,5,True
39285,3,5,True
39286,3,5,True
39287,3,5,True
39288,3,5,True
39289,3,5,True
39316,10,12,True
39317,14,10,True
39318,14,10,True
39373,3,5,True
39374,3,5,True
39375,3,5,True
39376,3,5,True
39377,3,5,True
39378,3,5,True
39379,3,5,True
39380,3,5,True
39381,3,5,True
39382,3,5,True
39383,3,5,True
39384,3,5,True
39385,3,5,True
39399,3,5,True
39400,3,5,True
39401,3,5,True
39402,3,5,True
39403,3,5,True
39404,3,5,True
39405,3,5,True
39406,3,5,True
39407,3,5,True
39410,3,5,True
39411,3,5,True
39412,3,5,True
39413,3,-1,True
39414,3,5,True
39415,3,5,True
39416,3,5,True
39417,3,5,True
39418,3,5,True
39419,3,-1,True
39420,3,-1,True
39421,3,-1,True
39422,3,-1,True
39423,3,-1,True
39424,3,5,True
39425,3,5,True
39441,3,5,True
39442,3,5,True
39450,-1,1,True
39451,-1,1,True
39452,-1,1,True
39453,3,5,True
39454,3,5,True
39455,3,5,True
39456,3,5,True
39457,3,5,True
39458,3,5,True
39465,2,-1,True
39466,2,-1,True
39467,2,4,True
39468,2,4,True
39469,2,4,True
39470,3,5,True
39471,3,5,True
39472,3,5,True
39473,3,5,True
39474,3,5,True
39475,3,5,True
39476,3,5,True
39477,3,5,True
39478,3,5,True
39479,3,5,True
39480,3,5,True
39481,3,5,True
39482,3,5,True
39768,8,-1,True
39769,7,-1,True
39770,7,-1,True
39771,7,-1,True
39772,7,-1,True
39796,9,-1,True
39797,9,-1,True
39798,9,-1,True
39799,9,-1,True
39851,2,4,True
39852,2,4,True
39853,2,4,True
39854,2,4,True
39855,2,4,True
39856,2,4,True
39857,2,4,True
39858,2,4,True
39859,2,4,True
39860,2,4,True
39861,2,4,True
39862,2,4,True
39863,2,4,True
39864,2,4,True
39865,2,4,True
39866,2,4,True
39867,2,4,True
39868,2,4,True
39870,2,4,True
39871,2,4,True
39872,2,4,True
39873,2,4,True
39874,2,4,True
39875,2,4,True
39876,2,4,True
39877,2,4,True
39878,2,4,True
39879,2,4,True
39880,2,4,True
39881,2,4,True
39882,2,4,True
39883,2,4,True
39884,2,4,True
39885,2,4,True
39886,2,4,True
39887,2,4,True
39888,2,4,True
39889,2,4,True
39890,2,4,True
39891,2,4,True
39892,2,4,True
39893,2,4,True
39894,2,4,True
39895,2,4,True
39896,2,4,True
39897,2,4,True
39898,2,4,True
39899,2,4,True
39900,2,4,True
39901,2,4,True
39910,2,4,True
39914,-1,6,True
39915,-1,6,True
39916,2,4,True
39917,2,4,True
39918,2,4,True
39919,2,4,True
39920,2,4,True
39959,5,-1,True
40008,9,-1,True
40009,9,-1,True
40010,9,-1,True
40011,9,-1,True
40012,9,-1,True
40013,9,-1,True
40014,9,-1,True
40015,9,-1,True
40016,9,-1,True
40045,2,4,True
40046,2,4,True
40047,2,4,True
40048,2,4,True
40059,2,4,True
40060,2,4,True
40061,2,4,True
40062,2,4,True
40063,2,4,True
40110,7,-1,True
40164,5,3,True
40227,4,2,True
40228,-1,10,True
40229,10,12,True
40231,-1,10,True
40232,10,12,True
40233,10,12,True
40234,14,10,True
40235,12,11,True
40236,10,12,True
40237,13,12,True
40238,-1,10,True
40239,2,4,True
40240,2,4,True
40241,2,4,True
40242,2,4,True
40243,2,4,True
40244,2,4,True
40245,2,4,True
40246,2,4,True
40247,2,4,True
40248,2,4,True
40249,2,4,True
40250,2,4,True
40251,2,4,True
40252,2,4,True
40253,2,4,True
40254,2,4,True
40255,2,4,True
40256,2,4,True
40257,2,4,True
40258,2,4,True
40259,2,4,True
40260,2,4,True
40261,2,4,True
40262,2,4,True
40263,2,4,True
40264,2,4,True
40265,2,4,True
40266,2,4,True
40267,2,4,True
40268,2,4,True
40269,2,4,True
40270,2,4,True
40271,2,4,True
40272,2,4,True
40273,2,4,True
40274,3,5,True
40275,3,5,True
40276,3,5,True
40277,3,5,True
40278,3,5,True
40279,3,5,True
40280,3,5,True
40281,3,5,True
40282,3,5,True
40283,3,5,True
40284,3,5,True
40285,3,5,True
40311,2,4,True
40312,2,4,True
40313,2,4,True
40314,2,4,True
40315,2,4,True
40316,2,4,True
40466,7,-1,True
40467,7,-1,True
40468,7,-1,True
40469,7,-1,True
40470,7,-1,True
40471,7,-1,True
40472,7,-1,True
40473,7,-1,True
40474,3,5,True
40475,3,5,True
40476,3,5,True
40478,3,5,True
40479,3,5,True
40583,3,5,True
40584,3,5,True
40585,3,5,True
40586,3,5,True
40587,3,5,True
40588,3,5,True
40589,3,5,True
40590,3,5,True
40591,3,5,True
40592,3,5,True
40593,3,5,True
40594,3,5,True
40595,3,5,True
40596,3,5,True
40597,3,5,True
40598,3,5,True
40599,3,5,True
40600,3,5,True
40601,3,5,True
40602,3,5,True
40603,3,5,True
40604,3,5,True
40628,3,5,True
40629,3,5,True
40630,3,5,True
40631,3,5,True
40632,3,5,True
40633,3,5,True
40634,3,5,True
40635,3,5,True
40636,3,5,True
40637,3,-1,True
40638,3,-1,True
40639,3,-1,True
40640,3,-1,True
40641,3,-1,True
40642,3,5,True
40643,3,5,True
40644,3,5,True
40645,3,5,True
40649,-1,10,True
40651,12,11,True
40656,12,11,True
40657,12,11,True
40658,12,11,True
40659,-1,10,True
40661,12,11,True
40662,10,12,True
40663,12,11,True
40665,-1,12,True
40666,10,12,True
40667,-1,10,True
40793,13,11,True
40794,-1,10,True
40795,10,12,True
40797,14,10,True
40798,14,10,True
40799,10,12,True
40802,13,11,True
40803,10,12,True
40806,13,12,True
40807,12,11,True
40808,13,10,True
40810,10,12,True
40811,12,11,True
40814,13,10,True
40828,8,-1,True
40829,8,-1,True
40830,8,-1,True
40831,8,-1,True
40832,8,-1,True
40833,8,-1,True
40834,8,-1,True
40835,8,-1,True
40836,8,-1,True
40837,8,-1,True
40838,8,-1,True
40839,8,-1,True
40840,8,-1,True
40841,8,-1,True
40848,5,3,True
40917,2,4,True
40918,2,4,True
40919,2,4,True
40920,2,4,True
40967,5,3,True
40970,3,5,True
40971,3,5,True
40972,3,5,True
40973,3,5,True
41133,2,4,True
41134,2,4,True
41135,2,4,True
41136,2,4,True
41137,2,4,True
41138,-1,4,True
41140,3,5,True
41141,3,5,True
41142,3,5,True
41143,2,4,True
41144,2,4,True
41145,2,4,True
41146,2,4,True
41147,2,4,True
41148,2,4,True
41149,2,4,True
41150,2,4,True
41151,3,5,True
41152,3,5,True
41153,3,5,True
41344,3,5,True
41345,3,5,True
41434,3,5,True
41435,3,5,True
41436,3,5,True
41437,3,5,True
41438,3,5,True
41439,3,5,True
41440,3,5,True
41441,3,5,True
41442,3,5,True
41443,-1,5,True
41444,3,5,True
41445,3,5,True
41446,3,5,True
41447,3,5,True
41448,3,5,True
41452,3,5,True
41490,2,4,True
41491,2,4,True
41492,2,4,True
41567,2,4,True
41568,2,4,True
41569,2,4,True
41570,2,4,True
41571,2,4,True
41572,-1,1,True
41573,-1,1,True
41574,-1,1,True
41575,-1,1,True
41576,-1,1,True
41577,-1,1,True
41578,-1,1,True
41579,-1,1,True
41580,-1,1,True
41585,7,-1,True
41586,7,-1,True
41587,7,-1,True
41588,7,-1,True
41589,7,-1,True
41590,7,-1,True
41591,7,-1,True
41592,7,-1,True
41593,7,-1,True
41594,7,-1,True
41595,7,-1,True
41596,7,-1,True
41597,7,-1,True
41598,7,-1,True
41894,0,-1,True
41895,0,-1,True
41922,0,-1,True
41923,0,-1,True
41924,0,-1,True
41925,0,-1,True
41926,0,-1,True
41927,0,-1,True
41928,0,-1,True
41932,0,-1,True
41933,0,-1,True
41934,0,-1,True
41935,0,-1,True
41936,0,-1,True
41948,6,-1,True
41979,7,-1,True
41980,7,-1,True
41981,7,-1,True
41982,3,5,True
41983,3,5,True
41984,3,5,True
41985,3,5,True
41986,3,5,True
41987,3,5,True
41988,3,5,True
41989,3,5,True
41990,3,5,True
41991,3,5,True
41992,3,5,True
41993,3,5,True
41994,3,5,True
41995,3,5,True
41996,2,4,True
41997,2,4,True
41998,3,5,True
42188,8,-1,True
42189,5,-1,True
42190,3,-1,True
42191,3,-1,True
42192,3,-1,True
42193,3,-1,True
42194,3,-1,True
42195,3,-1,True
42196,-1,1,True
42197,-1,1,True
42221,2,4,True
42251,3,-1,True
42253,3,-1,True
42254,3,-1,True
42256,3,-1,True
42257,3,-1,True
42258,3,-1,True
42259,3,-1,True
42260,3,5,True
42263,2,4,True
42264,2,4,True
42265,2,4,True
42266,9,-1,True
42267,9,-1,True
42268,9,-1,True
42285,7,-1,True
42286,7,-1,True
42287,7,-1,True
42288,7,-1,True
42289,7,-1,True
42630,7,-1,True
42652,5,3,True
42659,8,-1,True
42661,7,-1,True
42663,7,-1,True
42664,7,-1,True
42665,7,-1,True
42666,7,-1,True
42667,7,-1,True
42668,7,-1,True
42669,7,-1,True
42670,7,-1,True
42671,7,-1,True
42675,7,-1,True
42676,7,-1,True
42677,7,-1,True
42678,7,-1,True
42679,7,-1,True
42680,7,-1,True
42681,7,-1,True
42682,7,-1,True
42690,2,-1,True
42691,3,5,True
42692,3,5,True
42693,3,5,True
42694,3,5,True
42695,3,5,True
42697,12,11,True
42699,13,10,True
42700,13,11,True
42701,13,12,True
42702,10,12,True
42703,12,11,True
42704,12,11,True
42706,12,11,True
42707,10,12,True
42708,10,12,True
42709,13,11,True
42710,-1,10,True
42711,-1,10,True
42712,-1,10,True
42756,-1,1,True
42758,2,-1,True
42759,2,-1,True
42760,2,-1,True
42761,2,4,True
42762,2,4,True
42763,2,4,True
42764,2,4,True
42765,2,4,True
42766,2,4,True
42767,2,4,True
42768,2,4,True
42778,5,3,True
42789,2,4,True
42790,2,4,True
42791,2,4,True
42792,2,4,True
42793,2,4,True
42794,2,4,True
42795,2,4,True
42796,2,4,True
42797,2,4,True
42798,2,4,True
42799,2,4,True
42800,2,4,True
42801,2,4,True
42802,2,4,True
42803,2,4,True
42804,2,4,True
42805,2,4,True
42806,2,4,True
42853,2,4,True
42854,2,4,True
42855,2,4,True
42856,2,4,True
42857,2,4,True
42858,2,4,True
42859,2,4,True
42860,2,4,True
42954,2,4,True
42955,2,4,True
42956,2,4,True
42957,2,4,True
42958,2,4,True
42959,2,4,True
42960,2,4,True
42961,2,4,True
43012,-1,1,True
43013,-1,1,True
43014,-1,1,True
43049,3,5,True
43050,3,5,True
43110,1,-1,True
43114,1,-1,True
43116,1,-1,True
43117,1,-1,True
43218,-1,10,True
43219,10,12,True
43221,13,11,True
43222,13,10,True
43223,13,11,True
43224,10,12,True
43247,3,5,True
43252,3,5,True
43253,3,5,True
43254,3,5,True
43255,3,5,True
43256,3,5,True
43257,3,5,True
43258,3,5,True
43272,2,4,True
43273,2,4,True
43274,2,4,True
43275,2,4,True
43276,2,4,True
43277,2,4,True
43278,2,4,True
43279,2,4,True
43280,2,4,True
43281,2,4,True
43282,2,4,True
43283,2,4,True
43284,2,4,True
43285,2,4,True
43287,2,4,True
43288,2,4,True
43289,2,4,True
43290,2,4,True
43291,2,4,True
43292,2,4,True
43293,2,4,True
43294,2,4,True
43295,2,4,True
43296,2,4,True
43297,2,4,True
43331,2,4,True
43332,2,4,True
43333,2,4,True
43334,2,4,True
43335,2,4,True
43336,2,4,True
43337,2,4,True
43338,2,4,True
43339,2,4,True
43340,2,4,True
43341,2,4,True
43342,2,4,True
43343,2,4,True
43344,2,4,True
43345,2,4,True
43346,2,4,True
43347,2,4,True
43348,2,4,True
43349,2,4,True
43350,2,4,True
43351,2,4,True
43352,2,4,True
43353,2,4,True
43354,2,4,True
43355,2,4,True
43356,2,4,True
43357,2,4,True
43358,2,4,True
43359,2,4,True
43360,2,4,True
43361,2,4,True
43362,2,4,True
43363,2,4,True
43364,2,4,True
43365,2,4,True
43366,2,4,True
43367,2,4,True
43368,2,4,True
43369,2,4,True
43370,2,4,True
43371,2,4,True
43372,2,4,True
43373,2,4,True
43374,2,4,True
43375,2,4,True
43376,2,4,True
43390,14,10,True
43391,13,10,True
43392,13,12,True
43393,10,12,True
43394,14,10,True
43395,10,12,True
43396,13,10,True
43397,-1,12,True
43398,14,10,True
43399,13,11,True
43400,10,12,True
43401,14,10,True
43402,13,12,True
43403,13,11,True
43404,12,11,True
43405,13,11,True
43408,13,11,True
43410,10,12,True
43411,13,11,True
43413,13,12,True
43414,13,11,True
43415,12,11,True
43858,3,5,True
43859,3,5,True
43860,3,5,True
43862,2,-1,True
43863,2,-1,True
43864,2,-1,True
43866,3,5,True
44024,2,4,True
44025,2,4,True
44026,2,4,True
44027,2,4,True
44028,2,4,True
44029,2,4,True
44030,3,-1,True
44032,2,-1,True
44033,2,-1,True
44034,2,-1,True
44046,3,5,True
44047,3,5,True
44061,3,5,True
44062,3,5,True
44063,3,5,True
44064,3,5,True
44065,3,5,True
44068,3,5,True
44069,3,5,True
44070,3,5,True
44071,3,5,True
44076,3,5,True
44077,3,5,True
44085,-1,1,True
44086,-1,1,True
44087,-1,1,True
44108,-1,1,True
44109,-1,1,True
44184,1,-1,True
44185,1,-1,True
44186,1,-1,True
44237,8,-1,True
44238,8,-1,True
44239,8,-1,True
44466,-1,1,True
44467,-1,1,True
44468,-1,1,True
44469,-1,1,True
44470,-1,1,True
44471,-1,1,True
44472,-1,1,True
44473,-1,1,True
44474,-1,1,True
44475,-1,1,True
44522,-1,1,True
44531,1,-1,True
44532,1,-1,True
44533,1,-1,True
44534,1,-1,True
44588,3,5,True
44589,3,5,True
44590,3,5,True
44591,3,5,True
44670,0,-1,True
44671,0,-1,True
44672,0,-1,True
44673,0,-1,True
44674,0,-1,True
44675,0,-1,True
44676,0,-1,True
44677,0,-1,True
44678,0,-1,True
44679,0,-1,True
44680,0,-1,True
44681,0,-1,True
44682,0,-1,True
44683,0,-1,True
44684,0,-1,True
44685,0,-1,True
44686,0,-1,True
44687,0,-1,True
44688,0,-1,True
44689,0,-1,True
44690,0,-1,True
44691,0,-1,True
44692,0,-1,True
44694,8,-1,True
44695,8,-1,True
44696,8,-1,True
44697,9,-1,True
44706,8,-1,True
44707,8,-1,True
44708,8,-1,True
44709,8,-1,True
44710,8,-1,True
44727,5,-1,True
44749,2,4,True
44750,2,4,True
44751,2,4,True
44752,2,4,True
44753,2,4,True
44754,2,4,True
44755,2,4,True
44756,2,4,True
44757,2,4,True
44758,2,4,True
44759,2,4,True
44760,2,4,True
44761,2,4,True
44762,2,4,True
44763,2,4,True
44764,2,4,True
44765,2,4,True
44766,2,4,True
44767,2,4,True
44768,2,4,True
44769,2,4,True
44770,2,4,True
44771,2,4,True
44772,2,4,True
44773,2,4,True
44774,2,4,True
44775,2,4,True
44776,2,4,True
44777,2,4,True
44778,2,4,True
44779,2,4,True
44780,2,4,True
44781,7,-1,True
44782,7,-1,True
44783,7,-1,True
44784,7,-1,True
44785,7,-1,True
44806,7,-1,True
44807,7,-1,True
44808,7,-1,True
44809,7,-1,True
44810,7,-1,True
44811,7,-1,True
44812,7,-1,True
44813,7,-1,True
44814,7,-1,True
44875,7,-1,True
44876,7,-1,True
44877,7,-1,True
44878,4,2,True
44892,3,5,True
44893,3,-1,True
44894,3,-1,True
44895,3,-1,True
44899,7,-1,True
44900,7,-1,True
44921,-1,10,True
44922,13,12,True
44923,10,12,True
44924,12,11,True
44926,13,10,True
44927,14,10,True
44928,14,10,True
44929,10,12,True
44931,13,10,True
44932,14,10,True
44934,14,10,True
44935,10,12,True
44937,12,11,True
44938,10,12,True
44939,12,11,True
44940,12,11,True
44941,-1,10,True
44942,10,12,True
44945,-1,1,True
44946,-1,1,True
44947,-1,1,True
44957,2,4,True
44958,2,4,True
44959,2,4,True
44960,2,4,True
44961,2,4,True
44962,2,4,True
44963,2,4,True
44964,2,4,True
45019,8,-1,True
45020,8,-1,True
45021,8,-1,True
45022,8,-1,True
45023,8,-1,True
45024,8,-1,True
45025,8,-1,True
45026,8,-1,True
45027,3,-1,True
45028,3,-1,True
45029,3,-1,True
45030,3,-1,True
45031,3,-1,True
45032,3,-1,True
45033,3,-1,True
45034,3,-1,True
45035,3,-1,True
45048,-1,1,True
45056,-1,1,True
45057,-1,1,True
45486,2,4,True
45487,2,4,True
45488,2,4,True
45489,2,4,True
45490,2,4,True
45491,2,4,True
45492,2,4,True
45493,2,4,True
45494,2,4,True
45495,2,4,True
45496,2,4,True
45497,2,4,True
45498,2,4,True
45499,2,4,True
45500,2,4,True
45501,2,4,True
45502,2,4,True
45503,2,4,True
45504,2,4,True
45505,2,4,True
45606,2,4,True
45607,2,4,True
45608,2,4,True
45609,2,4,True
45610,2,4,True
45611,3,5,True
45612,3,5,True
45613,3,5,True
45994,-1,1,True
46002,2,4,True
46003,2,4,True
46004,2,4,True
46005,2,4,True
46006,2,4,True
46007,2,4,True
46008,2,4,True
46009,2,4,True
46010,2,4,True
46011,2,4,True
46012,2,4,True
46013,2,4,True
46014,12,11,True
46015,12,11,True
46016,14,10,True
46017,13,10,True
46018,13,11,True
46019,13,11,True
46020,13,10,True
46021,13,12,True
46022,-1,10,True
46023,-1,10,True
46024,12,11,True
46025,13,12,True
46026,10,12,True
46027,13,12,True
46028,13,10,True
46029,12,11,True
46030,12,11,True
46035,13,11,True
46036,12,11,True
46037,-1,10,True
46039,12,11,True
46040,13,11,True
46041,12,11,True
46042,10,12,True
46043,10,12,True
46045,10,12,True
46047,13,10,True
46048,10,12,True
46049,10,12,True
46050,3,5,True
46051,3,5,True
46052,3,5,True
46056,2,4,True
46057,2,4,True
46058,2,4,True
46059,2,4,True
46060,2,4,True
46061,2,4,True
46062,2,4,True
46063,2,4,True
46064,2,4,True
46065,2,4,True
46066,2,4,True
46067,2,4,True
46068,2,4,True
46069,2,4,True
46070,2,4,True
46071,2,4,True
46072,2,4,True
46073,2,4,True
46074,2,4,True
46075,2,4,True
46076,2,4,True
46077,2,4,True
46078,2,4,True
46079,2,4,True
46080,2,4,True
46081,2,4,True
46082,2,4,True
46083,2,4,True
46084,2,4,True
46085,2,4,True
46086,2,4,True
46087,2,4,True
46088,2,4,True
46089,2,4,True
46090,2,4,True
46091,2,4,True
46092,2,4,True
46093,2,4,True
46094,2,4,True
46095,2,4,True
46096,2,4,True
46097,2,4,True
46119,2,4,True
46120,2,4,True
46121,2,4,True
46122,2,4,True
46123,2,4,True
46124,2,4,True
46198,3,5,True
46199,3,5,True
46200,3,5,True
46201,3,5,True
46202,3,5,True
46203,3,5,True
46204,2,4,True
46205,3,5,True
46206,3,5,True
46207,3,5,True
46208,3,5,True
46209,3,5,True
46210,3,5,True
46211,3,5,True
46212,3,5,True
46213,3,5,True
46214,3,5,True
46215,3,5,True
46216,3,5,True
46263,0,-1,True
46264,0,-1,True
46265,0,-1,True
46266,0,-1,True
46267,0,-1,True
46268,0,-1,True
46269,0,-1,True
46270,0,-1,True
46306,5,3,True
46420,1,-1,True
46421,1,-1,True
46422,1,-1,True
46423,1,-1,True
46424,1,-1,True
46425,1,-1,True
46426,1,-1,True
46427,1,-1,True
46428,1,-1,True
46429,1,-1,True
46430,1,-1,True
46431,1,-1,True
46432,1,-1,True
46433,1,-1,True
46434,1,-1,True
46435,1,-1,True
46436,1,-1,True
46437,1,-1,True
46438,1,-1,True
46446,3,5,True
46447,3,5,True
46448,3,5,True
46449,3,5,True
46450,3,5,True
46451,3,5,True
46452,3,5,True
46453,3,5,True
46454,3,5,True
46455,3,5,True
46456,3,5,True
46457,3,5,True
46458,3,5,True
46459,3,5,True
46460,3,5,True
46461,3,5,True
46462,3,5,True
46463,3,5,True
46464,3,5,True
46465,3,5,True
46561,3,5,True
46562,3,5,True
46563,3,5,True
46564,3,5,True
46565,3,5,True
46566,3,5,True
46567,3,5,True
46569,3,5,True
46570,3,5,True
46571,3,5,True
46572,3,5,True
46573,3,5,True
46574,3,5,True
46575,3,5,True
46576,3,5,True
46577,3,5,True
46578,3,5,True
46579,3,5,True
46580,3,5,True
46581,3,5,True
46582,3,5,True
46583,-1,1,True
46792,2,4,True
46793,2,4,True
46794,2,4,True
46795,2,4,True
46796,2,4,True
46797,2,4,True
46798,2,4,True
46799,2,4,True
46800,2,4,True
46801,2,4,True
46802,2,4,True
46803,2,4,True
46804,2,4,True
46805,2,4,True
46806,2,-1,True
46807,2,-1,True
46808,2,-1,True
46809,2,-1,True
46810,2,-1,True
46900,3,5,True
46901,3,5,True
46902,3,5,True
46903,3,5,True
46904,3,5,True
46905,3,5,True
46978,2,4,True
46979,2,4,True
46980,2,4,True
46981,2,4,True
46982,2,4,True
47072,3,5,True
47073,3,5,True
47074,3,5,True
47075,3,5,True
47076,3,5,True
47077,3,5,True
47078,3,5,True
47079,3,5,True
47080,3,5,True
47081,3,5,True
47082,3,5,True
47083,3,5,True
47084,3,5,True
47085,2,4,True
47086,2,4,True
47087,2,4,True
47088,2,4,True
47089,2,4,True
47090,2,4,True
47091,2,4,True
47092,2,4,True
47093,2,4,True
47111,-1,1,True
47115,-1,1,True
47126,3,5,True
47127,3,5,True
47128,3,5,True
47129,3,5,True
47130,3,5,True
47131,3,5,True
47132,3,5,True
47133,3,5,True
47134,3,5,True
47135,3,5,True
47149,10,12,True
47150,13,12,True
47152,14,10,True
47153,14,10,True
47155,10,12,True
47157,10,12,True
47159,12,11,True
47160,13,12,True
47161,10,12,True
47162,12,11,True
47163,12,11,True
47166,12,11,True
47177,1,-1,True
47178,1,-1,True
47179,1,-1,True
47180,1,-1,True
47181,1,-1,True
47182,1,-1,True
47232,1,-1,True
47233,1,-1,True
47314,-1,1,True
47315,-1,1,True
47339,2,4,True
47364,-1,1,True
47365,-1,1,True
47366,-1,1,True
47367,-1,1,True
47368,-1,1,True
47369,-1,1,True
47370,-1,1,True
47371,-1,1,True
47372,-1,1,True
47373,-1,1,True
47374,-1,1,True
47375,-1,1,True
47376,-1,1,True
47377,-1,1,True
47427,0,-1,True
47428,0,-1,True
47475,3,5,True
47476,3,5,True
47477,3,5,True
47478,3,5,True
47479,3,5,True
47480,3,5,True
47481,3,5,True
47482,3,5,True
47483,3,5,True
47501,3,-1,True
47502,3,-1,True
47508,3,-1,True
47510,2,-1,True
47551,0,-1,True
47555,0,-1,True
47556,0,-1,True
47557,0,-1,True
47568,0,-1,True
47592,13,11,True
47593,-1,10,True
47596,10,12,True
47597,13,11,True
47598,13,11,True
47600,10,12,True
47602,13,11,True
47603,10,12,True
47604,14,10,True
47605,13,12,True
47606,13,12,True
47607,10,12,True
47608,14,10,True
47610,10,12,True
47611,13,12,True
47616,10,12,True
47617,10,12,True
47618,10,12,True
47619,-1,10,True
47621,14,10,True
47623,12,11,True
47624,10,12,True
47625,-1,10,True
47627,14,10,True
47628,14,10,True
47629,14,10,True
47630,-1,10,True
47633,13,12,True
47634,10,12,True
47635,13,11,True
47637,10,12,True
47638,13,11,True
47639,13,11,True
47763,3,5,True
47764,3,5,True
47765,3,5,True
47766,3,5,True
47767,3,5,True
47768,3,5,True
47769,3,5,True
47770,3,5,True
47771,3,5,True
47772,3,5,True
47773,3,5,True
47774,3,5,True
47775,3,5,True
47776,3,5,True
47777,3,5,True
47778,3,5,True
47779,3,5,True
47780,3,5,True
47781,3,5,True
47782,3,5,True
47868,3,5,True
47869,3,5,True
47880,5,3,True
48110,3,5,True
48111,3,5,True
48112,3,5,True
48113,3,5,True
48114,3,5,True
48115,3,5,True
48116,3,5,True
48117,3,5,True
48118,3,5,True
48119,3,-1,True
48140,1,-1,True
48141,1,-1,True
48142,1,-1,True
48143,1,-1,True
48144,1,-1,True
48145,1,-1,True
48146,1,-1,True
48147,1,-1,True
48148,1,-1,True
48149,1,-1,True
48155,1,-1,True
48156,1,-1,True
48157,1,-1,True
48158,1,-1,True
48159,1,-1,True
48160,1,-1,True
48203,4,-1,True
48277,3,5,True
48284,3,5,True
48285,3,5,True
48286,3,5,True
48287,3,5,True
48288,-1,5,True
48289,3,5,True
48290,3,5,True
48291,3,5,True
48543,-1,8,True
48544,-1,8,True
48545,-1,7,True
48699,7,-1,True
48700,3,-1,True
48701,3,-1,True
48742,-1,1,True
48748,-1,1,True
48749,-1,1,True
48868,3,5,True
48869,3,5,True
48871,7,-1,True
48872,7,-1,True
48873,7,-1,True
48875,1,-1,True
48876,1,-1,True
48877,1,-1,True
48878,1,-1,True
48879,1,-1,True
48880,1,-1,True
48887,1,-1,True
48888,1,-1,True
48966,3,5,True
48967,3,5,True
48968,3,5,True
48969,3,5,True
48970,3,5,True
48971,3,5,True
48972,3,5,True
48983,8,-1,True
48984,8,-1,True
48985,8,-1,True
49002,3,5,True
49003,3,5,True
49004,3,5,True
49005,3,5,True
49006,3,5,True
49007,3,5,True
49008,3,5,True
49009,3,5,True
49010,3,5,True
49011,3,5,True
49012,3,5,True
49013,3,5,True
49014,3,5,True
49015,3,5,True
49016,3,5,True
49017,3,5,True
49018,3,5,True
49019,3,5,True
49020,3,5,True
49021,3,5,True
49022,3,5,True
49024,2,4,True
49025,3,5,True
49026,3,5,True
49027,3,5,True
49028,3,5,True
49029,3,5,True
49030,3,5,True
49031,3,5,True
49032,3,5,True
49033,3,5,True
49034,3,5,True
49035,3,5,True
49042,3,5,True
49043,3,5,True
49044,3,5,True
49045,3,5,True
49046,3,5,True
49047,3,5,True
49048,3,5,True
49146,-1,10,True
49149,10,12,True
49150,10,12,True
49151,-1,10,True
49152,13,11,True
49153,-1,10,True
49256,14,10,True
49257,14,10,True
49258,13,11,True
49259,-1,10,True
49260,12,11,True
49261,12,11,True
49262,-1,10,True
49263,10,12,True
49266,13,11,True
49267,13,12,True
49268,14,10,True
49269,13,12,True
49270,13,10,True
49271,12,11,True
49272,13,10,True
49274,13,11,True
49275,14,10,True
49627,-1,10,True
49628,-1,10,True
49629,13,11,True
49631,13,10,True
49632,14,10,True
49633,14,10,True
49634,10,12,True
49635,10,12,True
49703,7,-1,True
49704,7,-1,True
49705,7,-1,True
49715,7,-1,True
49716,7,-1,True
49728,13,12,True
49729,13,10,True
49730,14,10,True
49731,13,12,True
49732,10,12,True
49733,12,11,True
49734,12,11,True
49770,2,4,True
49771,2,4,True
49772,2,4,True
49773,2,4,True
49774,2,4,True
49775,2,4,True
49776,2,4,True
49777,2,4,True
49778,2,4,True
49779,2,4,True
49780,2,4,True
49781,2,4,True
49826,5,3,True
49921,-1,1,True
49922,-1,1,True
49923,-1,1,True
49924,3,5,True
49925,3,5,True
49926,3,5,True
49927,3,5,True
50213,3,5,True
50214,3,5,True
50241,13,10,True
50242,12,11,True
50243,10,12,True
50244,12,11,True
50245,4,2,True
50282,-1,10,True
50285,4,2,True
50287,14,-1,True
50290,13,-1,True
50291,12,11,True
50292,12,11,True
50293,13,11,True
50294,12,11,True
50295,4,2,True
50296,4,2,True
50298,4,2,True
50301,5,3,True
50330,8,-1,True
50343,5,-1,True
50358,14,10,True
50359,14,10,True
50360,4,2,True
50364,3,5,True
50390,3,5,True
50394,4,2,True
50395,5,3,True
50397,10,12,True
50398,14,10,True
50399,10,12,True
50400,14,10,True
50402,14,10,True
50405,4,2,True
50435,4,2,True
50574,2,4,True
50575,2,4,True
50576,2,4,True
50589,2,4,True
50590,2,4,True
50591,2,-1,True
50592,2,-1,True
50593,2,-1,True
50607,4,2,True
50608,13,10,True
50609,13,10,True
50610,10,12,True
50611,10,12,True
50612,13,12,True
50613,4,2,True
50622,4,2,True
50629,5,3,True
50631,5,3,True
50641,9,-1,True
50642,4,2,True
50652,4,2,True
50658,7,-1,True
50673,5,3,True
50682,5,3,True
50687,5,3,True
50692,10,12,True
50693,12,11,True
50696,13,10,True
50697,10,12,True
50698,-1,10,True
50700,13,11,True
50701,13,11,True
50708,5,3,True
50709,5,3,True
50716,-1,10,True
50717,14,10,True
50718,3,5,True
50719,7,-1,True
50727,5,3,True
50728,13,11,True
50729,10,12,True
50730,4,2,True
50731,13,11,True
50732,13,11,True
50734,10,12,True
50735,13,11,True
50746,4,2,True
50767,4,2,True
50847,5,3,True
50848,5,3,True
50872,10,12,True
50873,10,12,True
50874,10,12,True
50875,10,12,True
50881,4,2,True
50882,13,10,True
50885,-1,10,True
50886,13,11,True
50887,12,11,True
50888,12,11,True
50889,10,12,True
50890,12,11,True
50891,4,2,True
50904,13,11,True
50905,4,2,True
50906,4,2,True
50907,2,4,True
50908,2,4,True
50909,4,2,True
50910,2,4,True
50911,2,4,True
50912,2,4,True
50916,3,5,True
50917,13,12,True
50918,-1,10,True
50919,13,10,True
50920,10,12,True
50921,-1,10,True
50922,-1,12,True
50924,13,10,True
50925,-1,10,True
50926,4,2,True
50927,4,2,True
50928,13,12,True
50929,13,12,True
50930,13,12,True
50931,8,-1,True
50932,8,-1,True
50933,8,-1,True
50934,8,-1,True
50935,8,-1,True
50936,8,-1,True
50937,5,-1,True
50938,8,-1,True
50939,14,10,True
50940,14,10,True
50941,4,2,True
50944,4,2,True
50945,5,3,True
50948,3,5,True
50971,4,2,True
50990,3,5,True
51004,3,5,True
51016,5,3,True
51031,-1,4,True
51032,-1,4,True
51033,-1,4,True
51034,10,12,True
51035,4,2,True
51036,-1,10,True
51038,4,2,True
51130,13,-1,True
51131,14,-1,True
51132,10,-1,True
51133,10,-1,True
51135,4,2,True
51169,3,-1,True
51170,3,-1,True
51171,3,-1,True
51177,4,2,True
51179,8,-1,True
51207,2,4,True
51208,5,3,True
51232,5,3,True
51243,5,3,True
51244,8,-1,True
51255,5,3,True
51270,13,11,True
51287,4,2,True
51311,13,-1,True
51312,10,-1,True
51330,5,3,True
51342,10,12,True
51343,13,12,True
51344,14,10,True
51345,12,11,True
51390,4,2,True
51391,4,2,True
51392,4,2,True
51394,2,4,True
51395,2,4,True
51400,10,12,True
51401,10,12,True
51402,10,12,True
51406,14,10,True
51407,10,12,True
51408,-1,10,True
51409,13,10,True
51411,12,11,True
51412,13,11,True
51413,12,11,True
51414,13,11,True
51415,10,12,True
51416,13,12,True
51417,-1,10,True
51418,14,10,True
51419,10,12,True
51420,10,12,True
51421,-1,10,True
51422,10,12,True
51423,12,11,True
51424,-1,10,True
51425,-1,10,True
51426,13,11,True
51427,10,12,True
51428,4,2,True
51437,4,2,True
51453,10,12,True
51454,13,10,True
51455,3,5,True
51456,3,5,True
51462,5,3,True
51471,8,-1,True
51472,8,-1,True
51473,3,-1,True
51474,3,-1,True
51475,3,-1,True
51476,-1,10,True
51477,14,10,True
51478,4,2,True
51485,4,2,True
51505,7,-1,True
51506,7,-1,True
51518,13,11,True
51520,8,-1,True
51521,8,-1,True
51522,8,-1,True
51523,8,-1,True
51524,8,-1,True
51629,4,2,True
51639,4,2,True
51640,4,2,True
51641,4,2,True
51642,10,12,True
51650,4,2,True
51652,5,3,True
51653,5,-1,True
51655,13,11,True
51657,10,12,True
51658,10,12,True
51659,13,11,True
51660,13,12,True
51661,10,12,True
51662,13,12,True
51665,4,2,True
51677,4,2,True
51684,8,-1,True
51702,5,3,True
51705,4,2,True
51710,4,2,True
51811,3,-1,True
51826,10,12,True
51827,10,12,True
51829,4,2,True
51841,2,4,True
51842,2,4,True
51843,5,3,True
51849,14,10,True
51850,-1,10,True
51851,13,11,True
51852,13,10,True
51853,4,2,True
51854,4,2,True
51855,4,2,True
51861,3,5,True
51876,7,-1,True
51882,4,2,True
51907,13,11,True
51908,13,10,True
51909,10,12,True
51910,-1,10,True
51911,14,10,True
51982,12,11,True
51983,-1,10,True
51984,12,11,True
51985,13,10,True
51986,13,11,True
51987,4,2,True
51988,12,11,True
51989,10,12,True
51990,-1,12,True
51991,13,11,True
51992,14,10,True
51993,10,12,True
51996,13,10,True
51997,3,-1,True
51998,3,-1,True
51999,3,-1,True
52004,8,-1,True
52006,12,11,True
52023,5,3,True
52029,4,2,True
52030,14,10,True
52040,4,2,True
52046,4,2,True
52049,4,2,True
52064,4,2,True
52065,4,2,True
52070,5,3,True
52071,4,2,True
52072,4,2,True
52079,10,12,True
52080,14,10,True
52082,13,10,True
52083,10,12,True
52084,-1,10,True
52086,5,3,True
52092,5,3,True
52109,10,12,True
52144,5,3,True
52150,3,5,True
52151,3,-1,True
52162,4,2,True
52165,4,2,True
52176,13,12,True
52178,4,2,True
52180,14,10,True
52181,12,11,True
52182,4,2,True
52183,13,10,True
52184,13,11,True
52185,4,2,True
52204,10,12,True
52207,4,2,True
52208,5,-1,True
52209,10,12,True
52210,10,12,True
52211,14,10,True
52212,10,12,True
52213,-1,10,True
52214,-1,10,True
52215,14,10,True
52216,13,11,True
52217,13,11,True
52218,10,12,True
52219,12,11,True
52220,13,12,True
52221,10,12,True
52222,4,2,True
52226,8,-1,True
52229,12,11,True
52230,13,12,True
52231,10,12,True
52232,13,10,True
52233,-1,10,True
52234,-1,10,True
52235,14,10,True
52236,13,10,True
52237,13,11,True
52238,10,12,True
52239,10,12,True
52240,4,2,True
52242,14,10,True
52243,13,12,True
52244,13,11,True
52245,12,11,True
52246,14,10,True
52247,4,2,True
52254,3,5,True
52255,3,5,True
52256,3,5,True
52257,3,5,True
52258,3,5,True
52259,3,5,True
52260,3,5,True
52261,3,5,True
52262,3,5,True
52263,3,5,True
52273,2,-1,True
52279,13,11,True
52292,5,3,True
52332,4,2,True
52432,7,-1,True
52433,7,-1,True
52434,7,-1,True
52435,5,3,True
52446,4,2,True
52455,6,-1,True
52484,12,11,True
52485,14,10,True
52486,14,10,True
52487,10,12,True
52489,12,11,True
52490,10,12,True
52495,10,12,True
52496,10,12,True
52497,-1,10,True
52498,10,12,True
52499,13,12,True
52500,12,11,True
52501,-1,10,True
52502,4,2,True
52503,10,12,True
52504,13,11,True
52505,13,10,True
52506,13,10,True
52507,5,3,True
52510,6,-1,True
52511,6,-1,True
52513,9,-1,True
52514,9,-1,True
52515,9,-1,True
52516,9,-1,True
52517,9,-1,True
52518,9,-1,True
52519,9,-1,True
52520,9,-1,True
52521,9,-1,True
52522,9,-1,True
52523,9,-1,True
52524,9,-1,True
52552,3,5,True
52553,3,5,True
52557,5,3,True
52567,8,-1,True
52568,3,-1,True
52569,3,-1,True
52570,3,-1,True
52580,5,3,True
52589,5,3,True
52591,5,3,True
52603,3,5,True
52606,3,5,True
52620,10,12,True
52621,13,11,True
52622,10,12,True
52623,4,2,True
52625,10,12,True
52626,4,2,True
52648,5,3,True
52652,5,3,True
52686,4,2,True
52691,5,3,True
52695,5,3,True
52736,4,2,True
52794,4,2,True
52795,14,10,True
52796,13,11,True
52797,14,10,True
52798,14,10,True
52799,10,12,True
52800,10,12,True
52801,10,12,True
52802,13,11,True
52803,10,12,True
52804,13,12,True
52805,10,12,True
52806,13,11,True
52808,10,12,True
52809,10,12,True
52810,12,11,True
52811,10,12,True
52812,13,12,True
52813,12,11,True
52815,13,12,True
52816,13,11,True
52817,10,12,True
52818,10,12,True
52819,14,10,True
52821,13,12,True
52822,10,12,True
52823,13,10,True
52824,-1,10,True
52825,13,11,True
52826,12,11,True
52827,14,10,True
52828,10,12,True
52837,4,2,True
52845,-1,10,True
52846,10,12,True
52847,14,10,True
52858,13,10,True
52866,3,5,True
52961,4,2,True
53031,13,11,True
53032,13,11,True
53049,4,2,True
53071,10,12,True
53072,14,10,True
53073,13,12,True
53074,4,2,True
53075,13,10,True
53076,-1,10,True
53077,13,12,True
53078,14,10,True
53080,4,2,True
53085,13,-1,True
53087,-1,10,True
53089,13,-1,True
53090,13,12,True
53117,3,5,True
53118,5,3,True
53121,9,-1,True
53122,9,-1,True
53123,9,-1,True
53124,3,5,True
53125,3,5,True
53149,5,3,True
53200,4,2,True
53201,5,3,True
53215,3,-1,True
53216,3,-1,True
53217,3,-1,True
53218,3,-1,True
53219,3,-1,True
53244,12,11,True
53277,5,3,True
53295,4,2,True
53298,5,3,True
53299,5,3,True
53305,4,2,True
53310,10,12,True
53311,12,11,True
53312,13,12,True
53313,4,2,True
53314,14,10,True
53317,14,10,True
53318,12,11,True
53319,14,10,True
53320,4,2,True
53346,4,2,True
53347,10,12,True
53348,13,12,True
53349,14,10,True
53350,10,12,True
53351,14,10,True
53352,10,12,True
53353,4,2,True
53362,13,11,True
53364,10,12,True
53365,12,11,True
53368,7,-1,True
53369,7,-1,True
53370,10,12,True
53374,5,3,True
53377,5,3,True
53379,3,5,True
53380,3,5,True
53393,5,3,True
53394,3,5,True
53398,7,-1,True
53408,5,-1,True
53409,8,-1,True
53410,5,3,True
53414,3,5,True
53415,3,5,True
53416,3,5,True
53417,3,5,True
53418,3,5,True
53419,3,5,True
53420,3,5,True
53421,3,5,True
53422,3,5,True
53423,5,3,True
53431,5,3,True
53433,5,3,True
53440,5,3,True
53458,4,2,True
53546,13,11,True
53547,13,10,True
53549,-1,10,True
53550,-1,10,True
53551,13,10,True
53552,13,12,True
53553,4,2,True
53554,8,-1,True
53555,8,-1,True
53567,4,2,True
53579,5,3,True
53581,13,10,True
53583,14,10,True
53585,5,3,True
53588,5,3,True
53589,4,2,True
53593,5,3,True
53594,5,3,True
53599,10,12,True
53601,10,12,True
53602,13,12,True
53610,-1,10,True
53611,9,-1,True
53615,6,-1,True
53616,6,-1,True
53617,4,2,True
53618,13,11,True
53619,10,12,True
53637,13,12,True
53638,12,11,True
53639,13,10,True
53640,13,10,True
53671,5,3,True
53673,5,3,True
53679,3,5,True
53680,3,5,True
53682,4,2,True
53683,14,10,True
53684,12,11,True
53687,5,3,True
53688,13,10,True
53690,10,12,True
53760,10,12,True
53762,14,10,True
53763,13,12,True
53764,-1,10,True
53766,13,12,True
53767,-1,10,True
53768,13,12,True
53769,12,11,True
53770,12,11,True
53772,13,11,True
53773,13,11,True
53774,12,11,True
53775,12,11,True
53777,14,10,True
53779,13,11,True
53780,14,10,True
53781,10,12,True
53782,10,12,True
53783,13,11,True
53784,13,12,True
53785,10,12,True
53786,13,10,True
53788,13,10,True
53817,4,2,True
53827,8,-1,True
53903,4,2,True
53904,4,2,True
53910,7,-1,True
53911,7,-1,True
53912,7,-1,True
53914,4,2,True
53916,13,10,True
53917,13,12,True
53918,12,11,True
53920,13,11,True
53923,10,12,True
53924,13,11,True
53925,14,10,True
53926,14,10,True
53928,14,10,True
53929,10,12,True
53931,10,12,True
53933,13,10,True
53934,12,11,True
53936,13,10,True
53937,10,12,True
53938,14,10,True
53939,13,11,True
53940,12,11,True
53942,12,11,True
53962,3,5,True
53963,3,5,True
53968,12,11,True
53997,10,12,True
53998,12,11,True
53999,14,10,True
54034,12,11,True
54035,4,2,True
54036,13,12,True
54037,13,11,True
54038,13,11,True
54039,4,2,True
54040,4,2,True
54042,4,2,True
54043,4,2,True
54044,13,10,True
54047,13,10,True
54048,12,11,True
54049,-1,10,True
54050,4,2,True
54060,4,2,True
54061,13,12,True
54062,10,12,True
54064,14,10,True
54065,13,11,True
54067,13,10,True
54068,13,10,True
54069,14,10,True
54070,10,12,True
54071,12,11,True
54073,-1,10,True
54074,12,11,True
54075,13,12,True
54076,10,12,True
54077,13,11,True
54078,10,12,True
54079,10,12,True
54080,10,12,True
54086,5,-1,True
54087,4,2,True
54088,10,12,True
54089,-1,10,True
54090,4,2,True
54091,13,11,True
54093,13,11,True
54095,12,11,True
54096,2,4,True
54101,13,11,True
54102,13,12,True
54105,12,11,True
54106,10,12,True
54108,13,10,True
54109,13,12,True
54110,-1,10,True
54111,13,10,True
54112,12,11,True
54113,13,12,True
54114,13,10,True
54115,14,10,True
54116,13,11,True
54117,13,11,True
54118,12,11,True
54119,13,11,True
54120,13,11,True
54121,14,10,True
54122,13,11,True
54123,13,10,True
54124,12,11,True
54125,4,2,True
54135,4,2,True
54144,8,-1,True
54145,3,5,True
54161,5,-1,True
54162,8,-1,True
54163,8,-1,True
54164,8,-1,True
54165,5,3,True
54170,5,3,True
54184,8,-1,True
54264,4,2,True
54272,4,2,True
54336,5,-1,True
54337,5,-1,True
54367,4,2,True
54372,8,-1,True
54373,8,-1,True
54384,2,4,True
54385,2,4,True
54386,9,-1,True
54394,3,5,True
54395,3,5,True
54396,3,5,True
54397,3,5,True
54402,4,2,True
54413,4,2,True
54419,5,3,True
54420,5,3,True
54442,4,2,True
54449,4,2,True
54450,5,3,True
54454,4,2,True
54459,4,2,True
54468,5,3,True
54516,4,2,True
54517,10,12,True
54518,13,11,True
54520,12,11,True
54521,12,11,True
54522,10,12,True
54523,13,10,True
54525,13,12,True
54529,8,-1,True
54535,4,2,True
54540,5,3,True
54541,4,2,True
54544,4,2,True
54546,4,2,True
54547,4,2,True
54548,4,2,True
54549,5,3,True
54617,4,2,True
54618,14,10,True
54620,13,11,True
54621,14,10,True
54622,12,11,True
54625,14,10,True
54626,4,2,True
54631,10,12,True
54633,-1,10,True
54634,13,10,True
54635,13,12,True
54636,13,12,True
54637,13,11,True
54638,14,10,True
54639,13,11,True
54640,10,12,True
54641,14,10,True
54642,10,12,True
54643,13,10,True
54644,4,2,True
54655,10,12,True
54658,8,-1,True
54665,8,-1,True
54674,14,10,True
54676,13,11,True
54680,5,3,True
54689,5,3,True
54692,4,2,True
54694,4,2,True
54698,4,2,True
54699,4,2,True
54714,8,-1,True
54715,8,-1,True
54725,8,-1,True
54727,9,-1,True
54736,5,3,True
54740,5,3,True
54748,5,3,True
54749,8,-1,True
54750,5,3,True
54751,8,-1,True
54754,5,3,True
54755,10,12,True
54756,4,2,True
54777,5,3,True
54778,5,3,True
54791,5,3,True
54804,5,3,True
54833,5,3,True
54841,4,2,True
54847,4,2,True
54853,4,2,True
54868,4,2,True
54886,2,4,True
54887,2,4,True
54957,12,11,True
54958,12,11,True
54959,12,11,True
54960,12,11,True
54961,13,12,True
54962,4,2,True
54966,13,10,True
54968,4,2,True
54970,5,3,True
54971,10,12,True
54973,12,11,True
54974,12,11,True
54976,10,12,True
54977,13,10,True
55038,4,2,True
55039,12,11,True
55040,13,10,True
55041,-1,10,True
55042,14,10,True
55043,13,11,True
55049,7,-1,True
55053,4,2,True
55057,8,-1,True
55070,4,2,True
55083,5,3,True
55112,10,12,True
55113,4,2,True
55114,10,12,True
55115,13,11,True
55116,12,11,True
55117,13,11,True
55118,4,2,True
55158,5,3,True
55159,5,3,True
55160,5,3,True
55163,4,2,True
55179,8,-1,True
55180,8,-1,True
55185,13,10,True
55187,10,12,True
55192,10,12,True
55194,12,11,True
55195,12,11,True
55197,12,11,True
55198,13,11,True
55199,12,11,True
55200,13,11,True
55202,13,11,True
55203,10,12,True
55204,4,2,True
55218,4,2,True
55222,5,3,True
55226,7,-1,True
55227,7,-1,True
55228,7,-1,True
55229,3,5,True
55232,3,5,True
55233,3,5,True
55234,3,5,True
55236,7,-1,True
55237,7,-1,True
55238,7,-1,True
55239,8,-1,True
55240,5,3,True
55252,3,-1,True
55256,8,-1,True
55258,4,-1,True
55261,8,-1,True
55267,4,2,True
55318,4,2,True
55489,4,2,True
55515,5,3,True
55523,8,-1,True
55540,13,11,True
55541,14,10,True
55542,14,10,True
55543,13,10,True
55544,14,10,True
55545,-1,10,True
55547,10,12,True
55548,14,10,True
55549,12,11,True
55550,12,11,True
55551,10,12,True
55552,13,10,True
55553,13,11,True
55554,14,10,True
55555,14,10,True
55576,4,2,True
55577,14,10,True
55578,13,10,True
55579,10,12,True
55581,4,2,True
55589,10,12,True
55600,5,3,True
55602,5,3,True
55639,13,12,True
55640,13,10,True
55641,-1,12,True
55642,4,2,True
55643,13,10,True
55644,12,11,True
55645,13,10,True
55646,-1,10,True
55649,-1,10,True
55657,5,3,True
55665,5,3,True
55685,12,11,True
55687,4,2,True
55692,4,2,True
55693,4,2,True
55694,10,12,True
55695,12,11,True
55696,10,12,True
55698,10,12,True
55699,14,10,True
55700,4,2,True
55701,-1,10,True
55702,10,12,True
55703,10,12,True
55705,13,12,True
55707,-1,10,True
55710,13,11,True
55711,13,12,True
55712,14,10,True
55713,10,12,True
55714,13,11,True
55715,-1,10,True
55716,13,11,True
55718,13,11,True
55719,13,11,True
55720,10,12,True
55721,13,11,True
55724,14,10,True
55725,4,2,True
55726,5,3,True
55728,9,-1,True
55741,5,3,True
55742,7,-1,True
55743,7,-1,True
55744,7,-1,True
55747,5,3,True
55763,5,3,True
55771,5,3,True
55776,3,5,True
55783,6,-1,True
55784,6,-1,True
55787,6,-1,True
55797,4,2,True
55819,8,-1,True
55820,8,-1,True
55821,8,-1,True
55822,8,-1,True
55835,5,3,True
55850,5,3,True
55851,5,3,True
55852,5,3,True
55861,5,3,True
55879,4,2,True
55881,13,11,True
55882,12,11,True
55883,-1,10,True
55884,13,11,True
55885,-1,10,True
55886,12,11,True
55887,13,11,True
55888,14,10,True
55889,13,12,True
55890,4,2,True
55901,5,3,True
55903,4,2,True
55922,4,2,True
55938,4,2,True
55973,4,2,True
55974,13,10,True
55975,13,11,True
55976,4,2,True
55977,10,12,True
55978,10,12,True
55979,10,12,True
55998,5,3,True
55999,8,-1,True
56040,3,5,True
56041,10,12,True
56042,12,11,True
56044,-1,10,True
56046,4,2,True
56047,13,10,True
56048,14,10,True
56049,13,10,True
56050,10,12,True
56051,4,2,True
56064,4,2,True
56065,10,12,True
56066,13,12,True
56067,-1,10,True
56068,10,12,True
56069,13,11,True
56070,10,12,True
56071,4,2,True
56072,13,11,True
56073,14,10,True
56074,-1,10,True
56076,12,11,True
56077,12,11,True
56079,12,11,True
56085,-1,10,True
56100,4,2,True
56104,4,2,True
56113,10,12,True
56114,14,10,True
56115,13,12,True
56117,13,10,True
56118,4,2,True
56119,13,12,True
56123,5,3,True
56124,5,3,True
56129,4,2,True
56132,8,-1,True
56133,8,-1,True
56138,13,12,True
56139,13,10,True
56140,10,12,True
56141,10,12,True
56142,10,12,True
56143,-1,10,True
56162,5,3,True
56197,4,2,True
56236,4,2,True
56249,4,2,True
56296,3,-1,True
56297,3,-1,True
56298,8,-1,True
56299,8,-1,True
56300,8,-1,True
56301,8,-1,True
56305,3,-1,True
56306,6,-1,True
56307,6,-1,True
56309,4,2,True
56311,5,3,True
56313,4,2,True
56314,3,5,True
56317,3,5,True
56318,3,5,True
56319,3,5,True
56334,5,3,True
56335,4,2,True
56340,10,12,True
56342,13,10,True
56343,4,2,True
56353,13,11,True
56354,4,2,True
56355,10,12,True
56356,13,10,True
56357,4,2,True
56360,4,2,True
56368,4,2,True
56372,5,3,True
56378,5,3,True
56380,8,-1,True
56381,5,3,True
56382,8,-1,True
56383,8,-1,True
56384,8,-1,True
56386,3,-1,True
56387,3,-1,True
56388,3,-1,True
56389,8,-1,True
56390,7,-1,True
56391,3,-1,True
56393,8,-1,True
56396,9,-1,True
56397,9,-1,True
56398,9,-1,True
56399,9,-1,True
56400,9,-1,True
56401,9,-1,True
56402,9,-1,True
56403,9,-1,True
56404,9,-1,True
56417,8,-1,True
56418,8,-1,True
56419,8,-1,True
56440,8,-1,True
56441,8,-1,True
56442,8,-1,True
56446,10,12,True
56447,13,11,True
56453,4,2,True
56454,5,3,True
56460,5,3,True
56462,2,4,True
56463,2,4,True
56464,2,4,True
56465,3,-1,True
56466,3,-1,True
56467,5,3,True
56486,4,2,True
56487,5,3,True
56512,4,2,True
56608,5,3,True
56617,4,2,True
56618,5,3,True
56620,5,3,True
56622,12,11,True
56624,10,12,True
56625,-1,11,True
56626,14,10,True
56627,14,10,True
56628,13,12,True
56629,5,-1,True
56634,8,-1,True
56636,4,2,True
56647,2,4,True
56648,2,4,True
56649,2,4,True
56650,4,2,True
56653,4,2,True
56660,9,-1,True
56665,9,-1,True
56666,9,-1,True
56667,9,-1,True
56685,4,2,True
56690,5,3,True
56694,6,-1,True
56711,4,2,True
56716,3,5,True
56717,3,5,True
56727,3,-1,True
56728,3,-1,True
56729,7,-1,True
56730,7,-1,True
56731,7,-1,True
56732,7,-1,True
56733,4,2,True
56736,4,2,True
56746,8,-1,True
56747,8,-1,True
56748,8,-1,True
56749,8,-1,True
56750,8,-1,True
56751,8,-1,True
56752,8,-1,True
56753,5,3,True
56765,5,3,True
56779,-1,10,True
56780,10,12,True
56781,12,11,True
56782,10,12,True
56783,13,12,True
56784,4,2,True
56785,10,12,True
56786,4,2,True
56792,5,-1,True
56914,8,-1,True
56915,8,-1,True
56916,8,-1,True
56917,8,-1,True
56931,4,2,True
56935,4,2,True
56939,5,3,True
56953,5,3,True
56954,10,12,True
56955,10,12,True
56956,14,10,True
56959,10,12,True
56960,13,11,True
56961,12,11,True
56962,13,10,True
56964,13,11,True
56965,13,11,True
56966,10,12,True
56967,12,11,True
56968,10,12,True
56969,13,10,True
56970,13,11,True
56971,14,10,True
56972,10,12,True
56973,10,12,True
56974,-1,12,True
56976,-1,10,True
56977,4,2,True
56978,10,12,True
56979,13,11,True
56982,12,11,True
56983,10,12,True
56984,-1,10,True
56985,12,11,True
56986,12,11,True
56987,-1,10,True
56988,13,11,True
56989,4,2,True
57025,4,2,True
57027,4,2,True
57045,4,2,True
57085,4,2,True
57100,5,3,True
57102,5,3,True
57103,8,-1,True
57104,8,-1,True
57105,2,4,True
57190,4,2,True
57196,4,2,True
57204,14,10,True
57205,10,12,True
57206,13,11,True
57208,10,12,True
57211,10,12,True
57213,4,2,True
57214,-1,10,True
57215,5,3,True
57216,3,5,True
57223,10,12,True
57225,-1,10,True
57226,13,10,True
57227,10,12,True
57229,10,12,True
57230,12,11,True
57232,8,-1,True
57234,5,3,True
57262,7,-1,True
57265,5,3,True
57266,7,-1,True
57267,7,-1,True
57268,7,-1,True
57283,2,4,True
57284,5,-1,True
57286,10,12,True
57288,10,12,True
57289,14,10,True
57290,13,12,True
57291,10,12,True
57292,-1,10,True
57295,5,3,True
57304,13,12,True
57308,5,3,True
57309,4,2,True
57310,10,12,True
57316,10,12,True
57324,5,3,True
57327,5,3,True
57360,4,2,True
57363,4,2,True
57377,4,2,True
57397,4,2,True
57446,3,5,True
57447,3,5,True
57448,3,5,True
57449,3,5,True
57450,3,5,True
57451,3,5,True
57452,3,5,True
57464,5,3,True
57465,5,3,True
57467,10,12,True
57468,10,12,True
57469,14,10,True
57470,4,2,True
57473,4,2,True
57490,-1,10,True
57501,14,10,True
57502,13,10,True
57503,13,12,True
57504,10,12,True
57505,10,12,True
57509,4,2,True
57510,12,11,True
57536,5,3,True
57568,4,2,True
57624,3,-1,True
57625,3,-1,True
57628,5,3,True
57635,5,3,True
57636,5,3,True
57638,12,11,True
57639,14,10,True
57642,4,2,True
57643,4,2,True
57661,10,12,True
57663,-1,12,True
57665,10,12,True
57666,10,12,True
57667,4,2,True
57678,-1,10,True
57679,4,2,True
57680,10,12,True
57686,5,3,True
57689,4,2,True
57690,13,11,True
57691,10,12,True
57692,13,12,True
57701,13,10,True
57715,4,2,True
57737,3,-1,True
57738,3,-1,True
57739,3,-1,True
57740,3,-1,True
57741,3,5,True
57742,3,5,True
57743,3,5,True
57744,3,5,True
57745,3,5,True
57746,3,5,True
57747,3,5,True
57753,8,-1,True
57754,8,-1,True
57755,5,3,True
57757,4,2,True
57760,8,-1,True
57761,5,3,True
57767,4,2,True
57781,8,-1,True
57782,12,11,True
57783,4,2,True
57785,5,3,True
57789,5,3,True
57834,4,2,True
57840,13,10,True
57841,10,12,True
57842,13,10,True
57843,10,12,True
57844,4,2,True
57900,13,11,True
57903,4,2,True
57913,4,2,True
57928,14,10,True
57929,4,2,True
57939,5,3,True
57940,8,-1,True
57941,8,-1,True
57942,4,2,True
57943,12,11,True
57944,13,10,True
57956,8,-1,True
57960,8,-1,True
57965,4,2,True
57967,5,3,True
57978,5,3,True
57979,3,5,True
57980,3,5,True
57997,4,2,True
57999,10,12,True
58000,-1,10,True
58001,13,12,True
58002,4,2,True
58022,13,11,True
58023,10,12,True
58024,14,10,True
58025,10,12,True
58026,4,2,True
58035,5,3,True
58041,4,2,True
58046,4,2,True
58084,4,2,True
58087,3,-1,True
58088,3,-1,True
58089,3,-1,True
58090,3,-1,True
58091,3,-1,True
58092,3,-1,True
58093,3,-1,True
58105,-1,10,True
58106,-1,10,True
58109,3,5,True
58110,3,5,True
58115,3,5,True
58116,3,5,True
58117,3,5,True
58118,3,5,True
58119,3,5,True
58120,3,5,True
58122,3,5,True
58123,3,5,True
58136,14,10,True
58137,14,10,True
58138,2,4,True
58139,2,4,True
58140,2,4,True
58141,2,4,True
58142,2,4,True
58143,2,4,True
58144,2,4,True
58153,14,10,True
58154,4,2,True
58156,10,12,True
58157,-1,10,True
58158,13,10,True
58159,13,12,True
58160,14,10,True
58162,10,12,True
58172,5,3,True
58174,10,12,True
58175,13,11,True
58176,12,11,True
58179,7,-1,True
58197,8,-1,True
58263,4,2,True
58269,4,2,True
58276,4,2,True
58278,-1,11,True
58279,-1,10,True
58280,13,11,True
58281,10,12,True
58282,12,11,True
58379,13,10,True
58380,10,12,True
58381,-1,10,True
58382,14,10,True
58383,13,10,True
58385,14,10,True
58387,4,2,True
58404,5,3,True
58411,4,2,True
58425,5,3,True
58426,4,2,True
58461,5,3,True
58499,4,2,True
58500,4,2,True
58501,5,3,True
58503,5,3,True
58504,5,3,True
58507,5,3,True
58516,4,2,True
58527,4,2,True
58549,10,12,True
58550,10,12,True
58551,4,2,True
58562,13,11,True
58563,10,12,True
58564,10,12,True
58565,12,11,True
58566,13,11,True
58568,4,2,True
58576,5,3,True
58588,10,12,True
58589,13,10,True
58590,4,2,True
58592,5,3,True
58593,4,2,True
58602,4,2,True
58633,4,2,True
58635,4,2,True
58655,4,2,True
58657,14,10,True
58658,10,12,True
58659,10,12,True
58660,13,10,True
58661,12,11,True
58665,9,-1,True
58672,4,2,True
58683,5,3,True
58695,5,3,True
58703,7,-1,True
58719,2,4,True
58720,2,4,True
58721,2,4,True
58722,2,4,True
58723,4,2,True
58776,5,3,True
58786,4,2,True
58802,4,2,True
58807,4,2,True
58832,4,2,True
58834,3,-1,True
58874,5,3,True
58875,5,3,True
58879,4,2,True
58896,5,3,True
58903,12,11,True
58904,10,12,True
58905,14,10,True
58906,13,10,True
58907,13,12,True
58908,10,12,True
58909,10,12,True
58910,13,12,True
58912,13,11,True
58913,4,2,True
58928,4,2,True
58943,4,2,True
58945,13,12,True
58946,10,12,True
58947,10,12,True
58948,13,12,True
58949,10,12,True
58950,12,11,True
58951,13,11,True
58952,13,12,True
58953,12,11,True
58959,12,11,True
58960,-1,10,True
58962,14,10,True
58963,14,10,True
58964,13,11,True
58965,-1,10,True
58966,13,11,True
58967,12,11,True
58968,10,12,True
58969,14,10,True
58970,14,10,True
58971,12,11,True
58972,12,11,True
58973,13,11,True
58974,10,12,True
58975,10,12,True
58976,12,11,True
58977,13,11,True
58978,13,10,True
58980,14,10,True
58981,4,2,True
58994,6,-1,True
58995,6,-1,True
58997,5,3,True
59001,12,11,True
59002,4,2,True
59003,10,12,True
59004,14,10,True
59005,4,2,True
59019,12,11,True
59020,4,2,True
59021,3,5,True
59022,3,5,True
59023,3,5,True
59024,5,3,True
59026,3,5,True
59028,3,-1,True
59029,3,-1,True
59030,8,-1,True
59031,8,-1,True
59049,5,3,True
59054,4,2,True
59064,5,3,True
59073,3,-1,True
59074,3,-1,True
59075,3,-1,True
59076,3,-1,True
59077,3,-1,True
59092,4,2,True
59099,3,5,True
59100,5,3,True
59104,5,3,True
59112,4,2,True
59154,13,10,True
59155,13,12,True
59157,4,2,True
59221,10,12,True
59222,-1,10,True
59223,13,10,True
59224,12,11,True
59225,12,11,True
59226,12,11,True
59227,12,11,True
59228,10,12,True
59229,13,11,True
59230,-1,10,True
59231,13,11,True
59233,12,11,True
59234,10,12,True
59235,4,2,True
59236,5,3,True
59238,10,12,True
59239,13,10,True
59240,6,-1,True
59241,6,-1,True
59252,4,2,True
59253,4,2,True
59255,4,2,True
59256,5,3,True
59265,13,12,True
59266,-1,10,True
59268,-1,10,True
59281,10,12,True
59282,13,10,True
59283,13,11,True
59284,14,10,True
59285,14,10,True
59310,6,-1,True
59311,6,-1,True
59312,6,-1,True
59316,4,2,True
59331,5,3,True
59340,4,2,True
59341,8,-1,True
59342,8,-1,True
59343,8,-1,True
59344,8,-1,True
59345,8,-1,True
59346,5,-1,True
59348,5,3,True
59349,5,3,True
59354,5,3,True
59355,5,3,True
59356,3,5,True
59357,3,5,True
59360,3,5,True
59361,3,5,True
59362,3,5,True
59364,4,2,True
59376,4,2,True
59377,5,3,True
59380,5,3,True
59399,4,2,True
59419,2,-1,True
59420,2,4,True
59421,2,4,True
59422,2,4,True
59423,2,4,True
59424,2,4,True
59425,2,4,True
59426,2,4,True
59473,-1,10,True
59474,10,12,True
59475,10,12,True
59476,13,11,True
59478,-1,10,True
59479,13,12,True
59480,10,12,True
59481,13,12,True
59482,14,10,True
59483,13,10,True
59485,12,11,True
59487,14,10,True
59488,13,10,True
59489,13,11,True
59491,13,12,True
59492,13,11,True
59494,12,11,True
59496,14,10,True
59497,10,12,True
59498,13,10,True
59507,4,2,True
59508,14,10,True
59509,13,12,True
59510,10,12,True
59511,-1,10,True
59512,14,10,True
59513,13,12,True
59514,13,11,True
59515,10,12,True
59519,8,-1,True
59520,8,-1,True
59527,8,-1,True
59528,8,-1,True
59529,8,-1,True
59531,5,3,True
59536,3,5,True
59537,3,5,True
59538,3,5,True
59539,3,5,True
59551,5,3,True
59555,8,-1,True
59556,8,-1,True
59569,8,-1,True
59570,8,-1,True
59575,5,3,True
59583,5,3,True
59593,4,2,True
59598,4,2,True
59628,4,2,True
59631,4,2,True
59647,4,2,True
59714,5,3,True
59724,5,3,True
59728,5,3,True
59729,5,3,True
59730,5,3,True
59744,4,2,True
59750,5,3,True
59751,13,11,True
59752,4,2,True
59788,-1,10,True
59790,-1,10,True
59791,4,2,True
59792,10,12,True
59793,-1,10,True
59794,-1,10,True
59795,12,11,True
59796,12,11,True
59797,4,2,True
59804,4,2,True
59805,13,12,True
59807,4,2,True
59808,13,10,True
59809,13,11,True
59810,13,11,True
59811,12,11,True
59812,10,12,True
59813,12,11,True
59814,12,11,True
59824,14,10,True
59825,14,10,True
59826,4,2,True
59869,4,2,True
59901,7,-1,True
59902,7,-1,True
59907,5,3,True
59920,1,-1,True
59932,5,3,True
59936,13,11,True
59937,10,12,True
59938,-1,10,True
59953,10,12,True
59954,13,11,True
59956,14,10,True
59957,4,2,True
59973,5,3,True
60000,2,4,True
60001,2,4,True
60002,2,4,True
60012,8,-1,True
60038,5,3,True
60048,5,3,True
60051,5,3,True
60157,8,-1,True
60158,8,-1,True
60159,8,-1,True
60160,8,-1,True
60162,5,3,True
60190,5,3,True
60198,5,3,True
60240,8,-1,True
60241,12,11,True
60242,4,2,True
60243,4,2,True
60265,4,2,True
60377,5,3,True
60383,5,3,True
60442,14,10,True
60443,-1,10,True
60445,4,2,True
60455,4,2,True
60543,14,10,True
60544,13,10,True
60546,12,11,True
60564,4,2,True
60578,4,2,True
60579,13,12,True
60580,10,12,True
60581,10,12,True
60582,13,11,True
60606,5,3,True
60607,8,-1,True
60608,8,-1,True
60609,5,-1,True
60615,5,3,True
60622,8,-1,True
60623,8,-1,True
60624,8,-1,True
60625,8,-1,True
60629,4,2,True
60652,7,-1,True
60655,13,11,True
60656,14,10,True
60658,12,11,True
60661,4,2,True
60678,4,2,True
60679,14,10,True
60680,13,12,True
60681,10,12,True
60683,14,10,True
60685,13,12,True
60686,13,12,True
60687,14,10,True
60688,12,11,True
60689,13,11,True
60690,13,10,True
60691,-1,10,True
60692,13,12,True
60693,10,12,True
60695,12,11,True
60696,14,10,True
60697,10,12,True
60698,4,2,True
60700,4,2,True
60707,5,3,True
60710,3,5,True
60712,3,5,True
60713,3,5,True
60714,3,5,True
60715,3,5,True
60725,13,10,True
60726,4,2,True
60740,5,3,True
60815,5,3,True
60832,5,3,True
60872,12,11,True
60873,10,12,True
60874,13,12,True
60875,13,10,True
60877,13,10,True
60878,-1,10,True
60879,13,10,True
60880,4,2,True
60881,4,2,True
60882,5,3,True
60888,7,-1,True
60892,10,12,True
60898,14,10,True
60904,5,3,True
60931,14,10,True
60932,-1,10,True
60949,4,2,True
60956,7,-1,True
60957,7,-1,True
60958,7,-1,True
60967,4,2,True
60981,4,2,True
60982,9,-1,True
60983,9,-1,True
60984,9,-1,True
60985,9,-1,True
60986,9,-1,True
60987,9,-1,True
60988,9,-1,True
60989,9,-1,True
60991,9,-1,True
60992,9,-1,True
60993,9,-1,True
60995,9,-1,True
61001,4,2,True
61012,-1,10,True
61013,13,10,True
61126,3,5,True
61127,3,5,True
61128,3,5,True
61129,3,5,True
61135,4,2,True
61138,5,3,True
61140,13,11,True
61141,4,2,True
61184,4,2,True
61188,13,10,True
61190,4,2,True
61191,4,2,True
61192,9,-1,True
61193,9,-1,True
61194,9,-1,True
61195,9,-1,True
61196,9,-1,True
61248,3,5,True
61249,3,5,True
61250,3,5,True
61251,3,5,True
61252,3,5,True
61253,3,5,True
61254,3,5,True
61271,13,11,True
61272,13,11,True
61273,13,10,True
61274,13,11,True
61275,13,10,True
61277,14,10,True
61283,7,-1,True
61290,5,3,True
61330,13,10,True
61331,10,12,True
61332,14,10,True
61333,10,12,True
61334,13,12,True
61335,10,12,True
61336,4,2,True
61337,12,11,True
61338,10,12,True
61339,10,12,True
61340,10,12,True
61341,10,12,True
61342,10,12,True
61343,-1,10,True
61344,13,11,True
61346,12,11,True
61347,4,2,True
61348,14,10,True
61349,14,10,True
61350,-1,10,True
61351,-1,10,True
61352,4,2,True
61353,10,12,True
61354,13,10,True
61356,12,11,True
61357,-1,10,True
61371,9,-1,True
61372,9,-1,True
61373,9,-1,True
61374,9,-1,True
61375,9,-1,True
61376,4,2,True
61402,4,2,True
61414,5,3,True
61415,5,3,True
61423,3,5,True
61424,8,-1,True
61425,3,-1,True
61426,3,-1,True
61427,4,2,True
61430,3,-1,True
61438,5,3,True
61444,14,10,True
61445,13,10,True
61446,-1,10,True
61447,10,12,True
61448,4,2,True
61449,13,12,True
61450,13,10,True
61451,13,10,True
61458,12,11,True
61460,14,10,True
61463,10,12,True
61464,14,10,True
61510,4,2,True
61539,7,-1,True
61540,7,-1,True
61541,7,-1,True
61542,7,-1,True
61543,7,-1,True
61544,7,-1,True
61545,7,-1,True
61546,7,-1,True
61553,5,3,True
61557,5,3,True
61558,4,2,True
61561,4,2,True
61562,5,3,True
61571,5,3,True
61573,5,3,True
61575,14,10,True
61576,10,12,True
61577,13,11,True
61579,-1,12,True
61581,14,10,True
61582,13,11,True
61583,13,12,True
61584,12,11,True
61585,13,10,True
61586,-1,10,True
61587,-1,10,True
61588,-1,10,True
61589,13,10,True
61590,14,10,True
61591,13,12,True
61592,12,11,True
61593,13,11,True
61594,13,11,True
61595,13,11,True
61596,14,10,True
61597,10,12,True
61598,13,12,True
61599,12,11,True
61600,13,11,True
61602,14,10,True
61614,4,2,True
61615,13,12,True
61617,13,10,True
61618,13,11,True
61619,4,2,True
61620,2,4,True
61621,2,4,True
61622,2,4,True
61623,2,4,True
61624,2,4,True
61625,2,4,True
61626,2,4,True
61627,2,4,True
61628,2,4,True
61629,4,2,True
61630,-1,10,True
61631,10,12,True
61632,12,11,True
61633,13,12,True
61634,10,12,True
61635,14,10,True
61636,-1,10,True
61637,13,12,True
61640,13,12,True
61641,12,11,True
61695,4,2,True
61698,5,-1,True
61707,-1,7,True
61708,-1,7,True
61714,3,5,True
61715,3,5,True
61726,10,12,True
61727,-1,10,True
61731,13,10,True
61732,-1,10,True
61733,14,10,True
61735,14,10,True
61736,13,12,True
61737,-1,10,True
61739,13,11,True
61740,12,11,True
61752,5,3,True
61771,10,12,True
61789,12,11,True
61798,5,3,True
61811,5,3,True
61823,4,2,True
61938,5,3,True
61950,8,-1,True
61953,5,-1,True
61970,4,2,True
61982,5,3,True
61983,5,3,True
61989,13,11,True
61990,12,11,True
61991,10,12,True
61992,13,11,True
61993,14,10,True
61994,10,12,True
61995,10,12,True
61996,14,10,True
61997,12,11,True
61998,12,11,True
62001,10,12,True
62002,4,2,True
62007,13,11,True
62008,4,2,True
62119,3,-1,True
62120,3,-1,True
62121,3,5,True
62122,3,5,True
62123,13,11,True
62124,12,11,True
62125,-1,10,True
62126,12,11,True
62128,-1,10,True
62129,13,11,True
62130,13,10,True
62131,12,11,True
62132,12,11,True
62133,10,12,True
62134,10,12,True
62135,14,10,True
62143,5,3,True
62144,4,2,True
62145,13,10,True
62149,12,11,True
62151,10,-1,True
62152,14,-1,True
62154,9,-1,True
62155,4,2,True
62170,3,-1,True
62171,3,-1,True
62184,3,-1,True
62185,3,-1,True
62186,3,-1,True
62187,3,-1,True
62188,3,-1,True
62203,3,5,True
62204,3,5,True
62205,3,5,True
62206,3,5,True
62220,10,12,True
62221,4,2,True
62222,14,10,True
62228,12,11,True
62229,14,10,True
62230,4,2,True
62232,4,2,True
62233,13,11,True
62235,10,12,True
62236,-1,11,True
62237,13,11,True
62238,10,12,True
62239,12,11,True
62240,13,12,True
62243,4,2,True
62244,13,11,True
62246,13,12,True
62247,13,10,True
62248,-1,10,True
62249,13,10,True
62250,12,11,True
62251,-1,10,True
62252,12,11,True
62253,14,10,True
62254,13,11,True
62255,12,11,True
62256,12,11,True
62257,10,12,True
62258,10,12,True
62259,-1,11,True
62261,4,2,True
62262,-1,10,True
62263,10,12,True
62281,5,3,True
62282,4,2,True
62283,13,12,True
62285,13,11,True
62286,14,10,True
62287,14,10,True
62288,13,12,True
62289,13,12,True
62290,10,12,True
62291,14,10,True
62292,12,11,True
62293,13,11,True
62294,13,10,True
62295,12,11,True
62296,10,12,True
62297,-1,12,True
62298,-1,10,True
62299,14,10,True
62300,13,10,True
62301,13,12,True
62302,14,10,True
62306,10,12,True
62307,14,10,True
62308,12,11,True
62309,-1,10,True
62311,13,10,True
62312,13,12,True
62313,-1,10,True
62314,13,12,True
62315,10,12,True
62316,13,12,True
62317,-1,10,True
62318,-1,10,True
62319,10,12,True
62331,4,2,True
62344,8,-1,True
62345,8,-1,True
62346,5,-1,True
62408,4,2,True
62419,4,2,True
62512,13,11,True
62513,13,10,True
62514,10,12,True
62515,10,12,True
62560,4,2,True
62569,5,3,True
62574,5,3,True
62582,5,3,True
62583,5,3,True
62588,4,2,True
62643,6,-1,True
62644,6,-1,True
62646,12,11,True
62649,5,3,True
62672,8,-1,True
62673,8,-1,True
62674,8,-1,True
62679,7,-1,True
62680,7,-1,True
62684,8,-1,True
62685,7,-1,True
62709,5,3,True
62714,3,5,True
62715,3,5,True
62716,3,5,True
62729,5,3,True
62730,14,10,True
62731,10,12,True
62733,13,11,True
62734,14,10,True
62735,4,2,True
62742,5,3,True
62756,5,3,True
62759,5,3,True
62804,7,-1,True
62805,7,-1,True
62806,7,-1,True
62807,5,3,True
62808,7,-1,True
62809,7,-1,True
62823,5,3,True
62833,14,10,True
62835,13,11,True
62837,13,11,True
62839,13,10,True
62840,13,12,True
62841,13,12,True
62842,4,2,True
62863,10,12,True
62867,4,2,True
62869,10,12,True
62870,13,11,True
62875,4,2,True
62879,9,-1,True
62880,9,-1,True
62881,9,-1,True
62882,9,-1,True
62883,9,-1,True
62884,9,-1,True
62885,9,-1,True
62886,9,-1,True
62889,5,3,True
62893,5,3,True
62894,4,2,True
62895,13,10,True
62901,5,3,True
62911,4,2,True
62921,5,3,True
62938,4,2,True
62947,4,2,True
62948,5,3,True
63088,8,-1,True
63089,8,-1,True
63090,8,-1,True
63093,8,-1,True
63100,4,-1,True
63101,4,2,True
63104,5,3,True
63107,3,5,True
63108,3,-1,True
63110,8,-1,True
63114,4,2,True
63122,8,-1,True
63124,8,-1,True
63191,9,-1,True
63192,9,-1,True
63193,9,-1,True
63194,9,-1,True
63195,9,-1,True
63199,6,-1,True
63207,8,-1,True
63209,8,-1,True
63210,8,-1,True
63219,3,5,True
63220,4,2,True
63238,8,-1,True
63246,5,3,True
63248,4,2,True
63296,10,12,True
63297,14,10,True
63298,12,11,True
63299,-1,10,True
63308,5,3,True
63323,13,12,True
63324,12,11,True
63325,14,10,True
63327,10,12,True
63329,12,11,True
63330,13,12,True
63331,4,2,True
63332,14,10,True
63333,12,11,True
63346,5,3,True
63351,7,-1,True
63352,4,2,True
63443,13,10,True
63444,13,11,True
63445,10,12,True
63446,13,11,True
63448,13,11,True
63449,10,12,True
63461,4,2,True
63463,5,3,True
63471,5,3,True
63481,5,3,True
63483,3,5,True
63484,8,-1,True
63485,8,-1,True
63486,8,-1,True
63487,8,-1,True
63503,-1,1,True
63523,14,10,True
63537,14,10,True
63538,10,12,True
63539,10,12,True
63544,14,10,True
63545,13,10,True
63546,13,10,True
63547,-1,10,True
63549,10,12,True
63550,12,11,True
63551,4,2,True
63553,10,12,True
63554,10,12,True
63555,14,10,True
63556,10,12,True
63558,13,12,True
63559,14,10,True
63560,13,11,True
63561,13,12,True
63562,13,10,True
63563,4,2,True
63574,4,2,True
63575,13,11,True
63576,12,11,True
63578,14,10,True
63579,12,11,True
63580,13,11,True
63581,13,12,True
63582,13,11,True
63583,12,11,True
63584,4,2,True
63600,10,12,True
63601,13,11,True
63602,8,-1,True
63603,8,-1,True
63604,8,-1,True
63609,12,11,True
63610,13,12,True
63611,4,2,True
63612,13,12,True
63613,-1,10,True
63614,13,12,True
63615,10,12,True
63616,13,10,True
63617,12,11,True
63619,12,11,True
63620,5,3,True
63642,5,3,True
63663,5,3,True
63664,5,3,True
63666,12,11,True
63667,-1,10,True
63668,10,12,True
63669,13,11,True
63670,13,12,True
63671,10,12,True
63672,13,12,True
63673,13,12,True
63674,-1,10,True
63675,-1,10,True
63677,13,10,True
63678,12,11,True
63679,4,2,True
63682,8,-1,True
63683,8,-1,True
63684,5,3,True
63685,5,3,True
63695,5,3,True
63734,4,2,True
63735,12,11,True
63737,4,2,True
63746,5,3,True
63829,4,2,True
63861,4,2,True
63862,12,11,True
63948,12,11,True
63949,12,11,True
63950,13,12,True
63951,13,10,True
63952,13,11,True
63953,13,12,True
63954,10,12,True
63955,10,12,True
63956,10,12,True
63957,13,11,True
63958,10,12,True
63959,13,11,True
63960,-1,10,True
63961,13,10,True
63962,13,11,True
63963,4,2,True
63970,5,3,True
63974,5,3,True
64002,13,11,True
64003,10,12,True
64004,-1,10,True
64005,12,11,True
64007,4,2,True
64029,5,3,True
64036,10,12,True
64037,-1,10,True
64038,-1,12,True
64039,13,11,True
64040,14,10,True
64045,4,2,True
64049,4,2,True
64051,4,2,True
64052,12,11,True
64053,-1,10,True
64104,4,2,True
64134,0,-1,True
64135,0,-1,True
64136,5,-1,True
64149,4,2,True
64181,-1,0,True
64182,-1,0,True
64183,-1,0,True
64184,-1,0,True
64185,-1,0,True
64186,-1,0,True
64187,-1,0,True
64188,-1,0,True
64197,5,3,True
64198,7,-1,True
64247,13,12,True
64256,4,2,True
64257,13,10,True
64258,12,11,True
64261,13,10,True
64262,13,12,True
64263,13,11,True
64265,12,11,True
64267,12,11,True
64268,13,11,True
64269,13,10,True
64270,10,12,True
64289,4,2,True
64295,4,2,True
64297,12,11,True
64298,5,3,True
64301,5,3,True
64304,9,-1,True
64305,9,-1,True
64306,9,-1,True
64307,9,-1,True
64308,9,-1,True
64309,9,-1,True
64310,9,-1,True
64311,9,-1,True
64333,5,3,True
64334,8,-1,True
64335,8,-1,True
64340,-1,10,True
64341,-1,10,True
64358,5,3,True
64363,3,5,True
64364,3,5,True
64367,3,5,True
64376,4,2,True
64379,4,2,True
64393,5,3,True
64394,5,3,True
64396,8,-1,True
64397,5,3,True
64399,4,2,True
64400,13,11,True
64401,14,10,True
64402,12,11,True
64403,14,10,True
64404,13,11,True
64405,14,10,True
64406,13,12,True
64407,13,12,True
64408,4,2,True
64409,13,12,True
64410,12,11,True
64411,10,12,True
64412,13,11,True
64413,13,10,True
64516,4,2,True
64518,12,11,True
64519,12,11,True
64520,12,11,True
64522,14,10,True
64524,10,12,True
64525,13,11,True
64526,12,11,True
64535,5,3,True
64536,3,5,True
64537,5,3,True
64542,5,3,True
64546,13,11,True
64547,14,10,True
64548,12,11,True
64549,14,10,True
64550,13,11,True
64551,12,11,True
64552,12,11,True
64553,13,12,True
64554,14,10,True
64555,13,11,True
64556,4,2,True
64557,4,2,True
64558,12,11,True
64559,14,10,True
64561,13,10,True
64562,-1,10,True
64564,13,10,True
64575,13,10,True
64576,-1,10,True
64577,13,11,True
64578,10,12,True
64579,10,12,True
64581,4,2,True
64582,14,10,True
64583,13,12,True
64584,14,10,True
64585,4,2,True
64591,5,3,True
64592,5,3,True
64593,4,2,True
64623,4,2,True
64624,13,11,True
64626,10,12,True
64628,13,11,True
64634,5,3,True
64642,-1,1,True
64644,-1,1,True
64645,-1,1,True
64646,-1,1,True
64647,-1,1,True
64658,-1,1,True
64730,4,2,True
64731,10,12,True
64732,14,10,True
64733,4,2,True
64734,4,2,True
64745,13,11,True
64746,13,11,True
64747,-1,10,True
64778,4,2,True
64780,13,11,True
64781,12,11,True
64782,4,2,True
64790,3,5,True
64798,4,2,True
64818,3,5,True
64834,13,11,True
64835,10,12,True
64836,13,11,True
64838,13,10,True
64839,13,11,True
64857,14,10,True
64859,-1,10,True
64860,12,11,True
64862,13,11,True
64869,14,10,True
64873,-1,10,True
64874,14,10,True
64876,-1,10,True
64877,13,11,True
64878,13,11,True
64879,13,10,True
64880,13,10,True
64881,10,12,True
64882,4,2,True
64883,10,12,True
64884,13,10,True
64885,10,12,True
64886,13,11,True
64887,13,12,True
64888,13,11,True
64889,4,2,True
64911,13,12,True
64913,14,10,True
64914,10,12,True
64915,13,10,True
64916,14,10,True
64917,10,12,True
64918,13,12,True
64919,13,11,True
64920,13,11,True
64921,2,4,True
64922,12,11,True
64923,10,12,True
64924,14,10,True
64926,6,-1,True
64932,14,10,True
64933,10,12,True
64934,13,12,True
64935,12,11,True
64936,13,11,True
64937,12,11,True
64938,12,11,True
64939,5,3,True
64941,4,2,True
64942,4,2,True
64953,10,12,True
64954,4,2,True
64965,5,3,True
64988,3,5,True
64990,3,5,True
64991,3,5,True
64992,3,5,True
64993,3,5,True
64994,3,5,True
64995,3,5,True
65002,7,-1,True
65003,7,-1,True
65004,7,-1,True
65005,7,-1,True
65015,4,2,True
65016,5,3,True
65032,4,2,True
65075,5,3,True
65081,10,12,True
65082,4,2,True
65094,13,12,True
65095,10,12,True
65097,13,11,True
65098,10,12,True
65100,13,10,True
65101,12,11,True
65102,12,11,True
65115,4,2,True
65118,5,3,True
65138,5,3,True
65139,5,3,True
65227,13,10,True
65228,13,10,True
65229,5,3,True
65230,5,3,True
65241,5,3,True
65245,13,10,True
65246,13,12,True
65256,4,2,True
65304,9,-1,True
65305,9,-1,True
65306,9,-1,True
65307,9,-1,True
65308,9,-1,True
65309,9,-1,True
65310,4,2,True
65312,4,2,True
65314,5,3,True
65315,4,2,True
65342,13,10,True
65343,14,10,True
65344,4,2,True
65355,4,2,True
65413,3,5,True
65414,3,5,True
65415,3,5,True
65416,3,5,True
65417,3,5,True
65440,4,2,True
65441,4,2,True
65442,4,2,True
65445,-1,10,True
65446,13,11,True
65447,12,11,True
65449,10,12,True
65450,14,10,True
65451,4,2,True
65452,9,-1,True
65453,9,-1,True
65454,8,-1,True
65455,8,-1,True
65456,8,-1,True
65457,8,-1,True
65458,14,10,True
65464,13,10,True
65465,10,12,True
65474,4,2,True
65475,-1,10,True
65476,-1,10,True
65477,-1,10,True
65478,13,11,True
65479,10,12,True
65480,12,11,True
65481,14,10,True
65482,14,10,True
65483,9,-1,True
65484,9,-1,True
65485,9,-1,True
65486,12,11,True
65487,4,2,True
65505,4,2,True
65507,3,5,True
65508,3,5,True
65518,4,2,True
65520,5,3,True
65525,7,-1,True
65526,7,-1,True
65527,7,-1,True
65528,7,-1,True
65529,7,-1,True
65531,7,-1,True
65532,8,-1,True
65533,8,-1,True
65537,8,-1,True
65545,3,5,True
65546,3,5,True
65547,3,5,True
65563,4,2,True
65569,13,11,True
65570,10,12,True
65571,2,4,True
65572,12,11,True
65573,4,2,True
65574,13,12,True
65587,5,3,True
65601,5,3,True
65608,4,2,True
65609,4,2,True
65611,13,11,True
65667,8,-1,True
65669,8,-1,True
65670,8,-1,True
65673,8,-1,True
65674,5,-1,True
65676,3,5,True
65677,3,5,True
65678,7,-1,True
65679,7,-1,True
65680,5,3,True
65690,4,2,True
65691,13,10,True
65692,14,10,True
65693,13,11,True
65694,13,12,True
65695,4,2,True
65705,4,2,True
65706,3,-1,True
65707,3,-1,True
65710,12,11,True
65711,10,12,True
65712,13,12,True
65713,-1,10,True
65714,13,11,True
65715,4,2,True
65716,13,10,True
65718,12,11,True
65721,13,12,True
65723,10,12,True
65724,4,2,True
65725,-1,10,True
65726,13,11,True
65727,13,11,True
65728,4,2,True
65732,4,2,True
65743,14,10,True
65745,14,10,True
65746,13,12,True
65748,14,10,True
65749,13,11,True
65750,10,12,True
65751,13,11,True
65752,13,12,True
65753,13,12,True
65755,4,2,True
65756,-1,10,True
65757,13,11,True
65758,12,11,True
65760,4,2,True
65761,4,2,True
65762,4,2,True
65767,13,10,True
65769,14,10,True
65771,12,11,True
65774,3,5,True
65775,3,5,True
65776,3,5,True
65777,3,5,True
65778,3,5,True
65779,3,5,True
65780,4,2,True
65781,13,11,True
65782,14,10,True
65783,13,12,True
65784,12,11,True
65785,4,2,True
65786,5,3,True
65818,5,3,True
65819,13,11,True
65820,-1,10,True
65822,3,-1,True
65834,7,-1,True
65835,13,11,True
65836,12,11,True
65837,12,11,True
65840,14,10,True
65842,4,2,True
65850,4,2,True
65854,5,3,True
65874,8,-1,True
65875,5,3,True
65876,10,12,True
65877,12,11,True
65936,4,2,True
65947,13,11,True
65949,4,2,True
65953,10,12,True
65954,12,11,True
65969,4,2,True
66036,13,12,True
66067,5,3,True
66068,10,12,True
66082,4,2,True
66084,4,2,True
66098,4,2,True
66099,13,11,True
66100,13,11,True
66121,10,12,True
66122,13,12,True
66126,4,2,True
66137,4,2,True
66172,4,2,True
66178,4,2,True
66198,7,-1,True
66204,9,-1,True
66207,9,-1,True
66208,9,-1,True
66212,4,2,True
66222,4,2,True
66226,5,3,True
66231,5,3,True
66243,10,12,True
66244,12,11,True
66245,4,2,True
66250,8,-1,True
66251,8,-1,True
66252,8,-1,True
66267,12,-1,True
66268,12,11,True
66270,12,-1,True
66271,13,-1,True
66272,14,-1,True
66287,4,2,True
66315,5,3,True
66373,7,-1,True
66385,4,2,True
66405,4,2,True
66426,5,3,True
66427,3,5,True
66433,4,2,True
66459,4,2,True
66497,3,-1,True
66498,8,-1,True
66499,5,3,True
66511,4,2,True
66521,5,3,True
66548,5,3,True
66558,4,2,True
66578,4,2,True
66628,4,2,True
66697,3,5,True
66698,3,5,True
66707,4,2,True
66709,4,2,True
66710,4,2,True
66711,8,-1,True
66713,8,-1,True
66719,5,3,True
66720,3,5,True
66721,3,5,True
66722,3,5,True
66723,3,5,True
66724,3,5,True
66725,3,5,True
66726,3,5,True
66727,3,5,True
66731,2,4,True
66732,2,4,True
66733,2,4,True
66734,2,4,True
66737,4,2,True
66747,4,2,True
66750,14,10,True
66751,4,2,True
66752,13,11,True
66753,13,10,True
66754,13,11,True
66755,13,11,True
66758,12,11,True
66763,5,3,True
66766,10,12,True
66768,13,10,True
66769,13,12,True
66770,-1,10,True
66793,10,12,True
66795,4,2,True
66796,12,11,True
66833,14,10,True
66834,10,12,True
66840,4,2,True
66848,3,-1,True
66849,3,-1,True
66850,3,-1,True
66851,3,-1,True
66852,3,-1,True
66853,3,-1,True
66864,3,5,True
66865,3,5,True
66866,3,-1,True
66867,3,-1,True
66868,3,-1,True
66869,3,-1,True
66870,3,-1,True
66871,4,2,True
66893,1,-1,True
66894,12,-1,True
66895,10,12,True
66896,13,11,True
66897,10,12,True
66898,12,11,True
66899,13,12,True
66901,13,-1,True
66902,14,-1,True
66904,-1,10,True
66908,-1,11,True
66909,13,12,True
66910,10,12,True
66911,10,12,True
66912,13,11,True
66913,10,12,True
66972,4,2,True
66974,13,12,True
66975,13,10,True
66976,12,11,True
66977,13,11,True
66978,10,12,True
66979,12,11,True
66980,13,12,True
66981,13,11,True
66982,-1,10,True
66983,14,10,True
66984,12,11,True
66985,-1,10,True
66987,6,-1,True
66988,6,-1,True
66989,6,-1,True
67004,10,12,True
67005,13,11,True
67006,13,12,True
67007,13,11,True
67009,14,10,True
67010,14,10,True
67011,10,12,True
67012,13,10,True
67013,14,10,True
67014,13,12,True
67015,12,11,True
67016,12,11,True
67017,10,12,True
67019,13,11,True
67020,10,12,True
67022,4,2,True
67023,6,-1,True
67024,13,10,True
67038,3,5,True
67039,3,5,True
67040,3,5,True
67041,3,5,True
67051,5,3,True
67053,5,3,True
67081,13,11,True
67084,14,10,True
67085,13,12,True
67086,12,11,True
67087,-1,10,True
67094,5,3,True
67169,-1,6,True
67170,-1,6,True
67171,-1,6,True
67189,4,2,True
67190,-1,11,True
67192,5,3,True
67193,9,-1,True
67194,9,-1,True
67195,4,-1,True
67198,13,10,True
67199,-1,10,True
67200,12,11,True
67201,13,11,True
67202,13,10,True
67203,13,10,True
67204,14,10,True
67206,14,10,True
67207,14,10,True
67208,14,10,True
67209,12,11,True
67210,-1,10,True
67211,4,2,True
67215,4,2,True
67232,4,2,True
67234,13,11,True
67235,14,10,True
67236,10,12,True
67237,12,11,True
67238,13,11,True
67240,10,12,True
67242,4,2,True
67244,10,12,True
67245,4,2,True
67253,13,11,True
67263,12,11,True
67264,12,11,True
67266,5,3,True
67305,5,3,True
67329,5,3,True
67361,12,11,True
67362,13,11,True
67363,-1,10,True
67365,13,10,True
67366,13,10,True
67367,12,11,True
67368,13,12,True
67369,13,11,True
67370,13,11,True
67371,14,10,True
67372,13,11,True
67373,13,11,True
67413,4,2,True
67414,10,12,True
67421,4,2,True
67422,12,11,True
67423,10,12,True
67424,10,12,True
67425,13,11,True
67427,10,12,True
67428,14,10,True
67432,4,2,True
67445,4,2,True
67446,13,10,True
67449,12,11,True
67450,10,12,True
67451,12,11,True
67452,-1,10,True
67453,13,10,True
67454,13,11,True
67455,13,10,True
67456,13,11,True
67457,4,2,True
67465,5,3,True
67478,4,2,True
67546,4,2,True
67547,4,2,True
67580,14,10,True
67581,10,12,True
67583,10,12,True
67584,14,10,True
67585,10,12,True
67586,13,10,True
67587,13,11,True
67588,14,10,True
67589,14,10,True
67606,5,-1,True
67610,5,3,True
67611,8,-1,True
67614,13,10,True
67615,10,12,True
67621,13,10,True
67637,5,3,True
67651,5,3,True
67652,5,3,True
67678,5,3,True
67737,4,2,True
67818,8,-1,True
67819,8,-1,True
67822,12,-1,True
67823,4,2,True
67826,3,-1,True
67827,3,-1,True
67828,3,-1,True
67838,10,12,True
67840,14,10,True
67841,-1,10,True
67845,3,-1,True
67846,3,-1,True
67847,3,-1,True
67848,3,-1,True
67849,3,-1,True
67850,3,-1,True
67851,3,-1,True
67854,4,2,True
67855,4,2,True
67856,-1,10,True
67857,10,12,True
67858,13,10,True
67859,12,11,True
67860,12,11,True
67862,13,12,True
67864,14,10,True
67865,13,12,True
67866,13,12,True
67867,13,10,True
67868,12,11,True
67869,4,2,True
67870,12,11,True
67871,13,11,True
67872,4,2,True
67873,12,11,True
67874,12,11,True
67875,-1,10,True
67878,4,2,True
67882,4,2,True
67883,4,2,True
67884,14,10,True
67885,13,10,True
67886,10,12,True
67887,-1,10,True
67888,13,12,True
67889,-1,10,True
67890,13,12,True
67891,14,10,True
67892,-1,10,True
67894,12,11,True
67912,10,12,True
67913,4,2,True
67914,2,4,True
67915,2,4,True
67959,5,3,True
68043,4,2,True
68087,4,2,True
68093,4,2,True
68094,13,11,True
68095,13,10,True
68096,14,10,True
68097,13,11,True
68098,10,12,True
68099,10,12,True
68100,13,10,True
68101,5,3,True
68119,4,2,True
68189,5,3,True
68194,5,3,True
68203,5,3,True
68204,8,-1,True
68205,8,-1,True
68206,8,-1,True
68207,8,-1,True
68208,3,-1,True
68209,3,-1,True
68210,3,-1,True
68211,3,-1,True
68213,3,5,True
68214,3,5,True
68221,5,3,True
68227,8,-1,True
68293,4,2,True
68385,5,3,True
68386,3,5,True
68389,5,3,True
68410,2,-1,True
68434,4,2,True
68435,4,2,True
68437,4,2,True
68449,4,2,True
68450,13,11,True
68451,13,10,True
68452,13,10,True
68453,-1,10,True
68454,14,10,True
68456,10,12,True
68457,4,2,True
68458,13,10,True
68468,10,12,True
68469,13,10,True
68470,2,4,True
68471,2,4,True
68472,10,12,True
68474,10,12,True
68475,13,10,True
68476,12,11,True
68477,13,11,True
68478,13,11,True
68481,4,2,True
68482,10,12,True
68483,12,11,True
68484,13,10,True
68485,10,12,True
68486,10,12,True
68488,12,11,True
68490,10,12,True
68534,10,12,True
68535,13,12,True
68537,13,12,True
68538,10,12,True
68539,10,12,True
68540,10,12,True
68565,5,3,True
68571,5,3,True
68574,8,-1,True
68577,4,2,True
68586,5,3,True
68587,8,-1,True
68597,4,2,True
68609,4,2,True
68613,4,2,True
68652,13,10,True
68653,10,12,True
68654,14,10,True
68655,4,2,True
68657,10,-1,True
68658,13,-1,True
68659,13,-1,True
68660,14,-1,True
68703,4,2,True
68841,4,2,True
68842,13,11,True
68843,14,10,True
68844,13,12,True
68845,14,10,True
68847,13,12,True
68849,13,11,True
68850,12,11,True
68851,-1,10,True
68852,13,12,True
68854,5,3,True
68855,5,3,True
68856,5,3,True
68870,13,12,True
68871,13,11,True
68872,12,11,True
68874,10,12,True
68875,10,12,True
68876,13,11,True
68877,14,10,True
68878,-1,10,True
68879,-1,10,True
68880,13,10,True
68890,5,3,True
68940,5,3,True
68962,4,2,True
68988,4,2,True
68989,4,2,True
68990,-1,10,True
68991,4,2,True
68992,4,2,True
68993,4,2,True
68996,4,2,True
69004,12,11,True
69005,14,10,True
69007,13,12,True
69008,14,10,True
69013,7,-1,True
69014,7,-1,True
69015,7,-1,True
69016,7,-1,True
69017,7,-1,True
69018,3,5,True
69019,3,5,True
69025,4,2,True
69026,13,10,True
69027,12,11,True
69028,13,11,True
69029,4,2,True
69077,12,11,True
69078,14,10,True
69079,13,12,True
69080,-1,10,True
69081,-1,10,True
69082,14,10,True
69083,13,10,True
69085,10,12,True
69086,14,10,True
69087,13,10,True
69088,10,12,True
69089,-1,10,True
69090,-1,10,True
69116,-1,10,True
69117,10,12,True
69118,10,12,True
69119,-1,10,True
69120,10,12,True
69121,13,12,True
69122,13,11,True
69123,10,12,True
69124,2,4,True
69125,10,12,True
69126,10,12,True
69127,10,12,True
69128,10,12,True
69129,-1,10,True
69130,4,2,True
69131,3,5,True
69148,4,2,True
69149,14,10,True
69150,13,10,True
69151,-1,10,True
69152,-1,10,True
69153,13,10,True
69154,14,10,True
69155,13,10,True
69156,13,11,True
69157,13,11,True
69159,10,12,True
69160,10,12,True
69161,13,10,True
69162,-1,10,True
69164,13,12,True
69165,10,12,True
69166,13,11,True
69167,13,12,True
69168,10,12,True
69169,14,10,True
69170,13,11,True
69171,14,10,True
69172,14,10,True
69173,10,12,True
69174,12,11,True
69176,2,-1,True
69177,2,-1,True
69178,2,-1,True
69179,2,-1,True
69180,9,-1,True
69181,9,-1,True
69182,9,-1,True
69183,9,-1,True
69189,5,3,True
69190,3,-1,True
69196,5,3,True
69204,5,3,True
69225,4,2,True
69226,10,12,True
69227,14,10,True
69228,14,10,True
69229,14,10,True
69230,10,12,True
69250,4,2,True
69261,5,3,True
69263,4,2,True
69274,5,3,True
69278,4,2,True
69284,4,2,True
69286,4,2,True
69287,13,10,True
69291,4,2,True
69361,10,12,True
69362,13,10,True
69363,4,2,True
69387,-1,10,True
69388,14,10,True
69392,4,2,True
69399,10,12,True
69400,4,2,True
69415,5,3,True
69423,10,12,True
69427,14,10,True
69428,-1,10,True
69429,14,10,True
69431,4,2,True
69433,5,3,True
69460,4,2,True
69513,2,4,True
69514,2,4,True
69515,2,4,True
69516,2,4,True
69517,14,10,True
69518,13,11,True
69519,13,11,True
69521,10,12,True
69523,10,12,True
69524,14,10,True
69526,13,12,True
69527,13,10,True
69528,13,12,True
69529,14,10,True
69530,-1,10,True
69531,14,10,True
69532,-1,10,True
69533,10,12,True
69534,10,12,True
69535,10,12,True
69536,10,12,True
69537,-1,10,True
69559,2,4,True
69560,2,4,True
69561,2,4,True
69562,13,12,True
69563,4,2,True
69569,13,10,True
69571,4,2,True
69572,10,12,True
69574,-1,10,True
69576,13,12,True
69583,-1,10,True
69586,-1,11,True
69588,-1,10,True
69589,13,11,True
69591,13,12,True
69592,13,11,True
69593,13,11,True
69594,13,12,True
69595,13,11,True
69596,13,12,True
69598,13,12,True
69601,5,3,True
69602,4,2,True
69604,-1,10,True
69605,13,11,True
69606,12,11,True
69607,13,11,True
69618,13,-1,True
69619,4,2,True
69646,14,10,True
69648,13,12,True
69649,12,11,True
69651,13,10,True
69652,13,10,True
69653,13,10,True
69654,13,12,True
69655,13,12,True
69657,13,12,True
69658,14,10,True
69660,13,12,True
69683,4,2,True
69685,4,2,True
69706,4,2,True
69711,14,10,True
69738,8,-1,True
69739,8,-1,True
69740,8,-1,True
69741,8,-1,True
69742,8,-1,True
69743,8,-1,True
69761,8,-1,True
69770,5,3,True
69773,5,3,True
69777,4,2,True
69847,5,3,True
69848,4,2,True
69863,5,3,True
69873,3,5,True
69874,3,5,True
69875,3,5,True
69876,3,5,True
69877,3,5,True
69882,10,12,True
69883,13,10,True
69884,13,11,True
69886,13,10,True
69887,4,2,True
69889,4,2,True
69890,4,2,True
69894,10,12,True
69895,13,10,True
69896,10,12,True
69897,-1,10,True
69898,13,10,True
69899,13,11,True
69900,-1,10,True
69901,10,12,True
70020,5,3,True
70031,4,2,True
70047,13,10,True
70053,4,2,True
70054,4,2,True
70063,5,3,True
70071,5,3,True
70074,14,10,True
70076,-1,10,True
70077,5,3,True
70111,5,3,True
70122,12,11,True
70123,10,12,True
70124,14,10,True
70125,10,12,True
70126,13,10,True
70138,5,3,True
70171,5,3,True
70175,13,12,True
70177,4,2,True
70203,4,2,True
70227,4,2,True
70250,4,2,True
70271,-1,10,True
70292,4,2,True
70431,14,10,True
70432,13,12,True
70435,10,12,True
70436,13,12,True
70437,13,12,True
70452,5,3,True
70453,5,3,True
70457,13,10,True
70458,10,12,True
70460,13,10,True
70461,12,11,True
70462,13,12,True
70463,10,12,True
70482,5,3,True
70490,5,3,True
70494,4,2,True
70495,14,10,True
70514,-1,10,True
70515,12,11,True
70516,14,10,True
70517,13,10,True
70518,4,2,True
70522,10,12,True
70523,8,-1,True
70524,8,-1,True
70525,5,3,True
70541,8,-1,True
70546,4,2,True
70597,4,2,True
70718,5,3,True
70725,4,2,True
70726,4,2,True
70728,5,3,True
70739,12,11,True
70740,-1,10,True
70741,-1,10,True
70742,10,12,True
70743,-1,10,True
70744,14,10,True
70764,13,11,True
70765,-1,10,True
70766,14,10,True
70767,13,11,True
70768,-1,10,True
70769,13,12,True
70770,13,12,True
70771,12,11,True
70772,13,10,True
70773,10,12,True
70774,10,12,True
70775,3,5,True
70776,3,5,True
70777,3,5,True
70778,3,5,True
70779,3,5,True
70780,3,5,True
70781,3,5,True
70782,3,5,True
70783,3,5,True
70784,3,5,True
70785,3,5,True
70786,3,5,True
70787,3,5,True
70788,3,5,True
70806,4,2,True
70817,7,-1,True
70818,7,-1,True
70820,4,2,True
70822,8,-1,True
70823,8,-1,True
70824,8,-1,True
70825,8,-1,True
70857,8,-1,True
70858,8,-1,True
70894,3,-1,True
70900,5,3,True
70901,4,2,True
70905,8,-1,True
70915,5,3,True
70935,3,5,True
70936,3,5,True
70939,5,3,True
70949,5,3,True
70950,4,2,True
70956,4,2,True
70968,4,2,True
70972,4,2,True
70975,4,2,True
70989,4,2,True
70996,12,11,True
71002,5,3,True
71006,4,2,True
71009,3,5,True
71010,3,5,True
71011,5,3,True
71042,4,2,True
71045,4,2,True
71078,3,5,True
71079,3,5,True
71083,5,3,True
71098,5,3,True
71099,5,3,True
71126,5,3,True
71127,8,-1,True
71138,14,-1,True
71139,10,-1,True
71141,13,12,True
71142,14,10,True
71143,13,11,True
71145,13,10,True
71182,4,2,True
71188,4,2,True
71189,4,2,True
71190,14,10,True
71198,13,10,True
71199,-1,10,True
71236,5,3,True
71237,13,12,True
71244,5,3,True
71250,13,12,True
71251,4,2,True
71257,4,2,True
71302,5,3,True
71303,5,3,True
71340,5,3,True
71342,8,-1,True
71343,4,2,True
71344,4,2,True
71346,5,3,True
71347,5,3,True
71348,5,3,True
71349,5,3,True
71351,3,5,True
71352,3,5,True
71353,3,5,True
71354,3,5,True
71445,12,11,True
71446,10,12,True
71447,14,10,True
71448,13,11,True
71450,-1,10,True
71451,10,12,True
71452,13,11,True
71453,12,11,True
71454,14,10,True
71457,5,3,True
71464,6,-1,True
71465,6,-1,True
71466,6,-1,True
71467,3,5,True
71468,3,5,True
71469,3,5,True
71470,3,5,True
71471,3,5,True
71475,10,12,True
71493,5,3,True
71516,3,5,True
71517,3,5,True
71518,3,5,True
71530,5,3,True
71537,5,3,True
71540,7,-1,True
71571,13,10,True
71572,14,10,True
71573,13,12,True
71574,13,10,True
71575,12,11,True
71576,13,11,True
71577,14,10,True
71578,13,11,True
71579,-1,10,True
71580,10,12,True
71581,14,10,True
71582,10,12,True
71584,-1,10,True
71585,10,12,True
71587,10,12,True
71588,13,10,True
71589,-1,10,True
71590,13,10,True
71591,-1,12,True
71592,10,12,True
71593,10,12,True
71594,10,12,True
71595,13,11,True
71596,13,11,True
71597,13,12,True
71598,13,10,True
71599,10,12,True
71600,10,12,True
71601,13,12,True
71602,5,-1,True
71603,8,-1,True
71604,8,-1,True
71605,8,-1,True
71606,8,-1,True
71611,12,11,True
71612,4,2,True
71613,2,4,True
71614,2,4,True
71619,5,3,True
71651,4,2,True
71694,4,2,True
71702,5,3,True
71703,5,3,True
71705,13,10,True
71752,2,4,True
71753,2,4,True
71754,2,4,True
71761,14,10,True
71762,14,10,True
71764,4,2,True
71766,4,2,True
71768,4,2,True
71769,14,10,True
71770,13,10,True
71771,-1,10,True
71772,-1,10,True
71773,14,10,True
71774,13,10,True
71775,4,2,True
71776,4,2,True
71788,13,10,True
71789,12,11,True
71790,14,10,True
71791,10,12,True
71792,14,10,True
71793,-1,10,True
71794,10,12,True
71795,10,12,True
71796,5,3,True
71806,5,3,True
71807,4,2,True
71815,3,5,True
71816,3,5,True
71817,3,5,True
71818,3,5,True
71819,3,5,True
71823,13,12,True
71824,13,12,True
71827,10,12,True
71828,13,12,True
71829,-1,10,True
71830,14,10,True
71862,4,2,True
71889,8,-1,True
71890,8,-1,True
71891,8,-1,True
71896,8,-1,True
71897,8,-1,True
71910,4,2,True
71918,4,2,True
72022,5,3,True
72024,5,3,True
72027,5,3,True
72036,4,2,True
72047,4,-1,True
72064,2,4,True
72065,3,5,True
72100,13,11,True
72101,-1,10,True
72102,14,10,True
72103,10,12,True
72104,10,12,True
72107,10,12,True
72108,10,12,True
72109,-1,10,True
72110,10,12,True
72111,14,10,True
72112,13,11,True
72113,-1,10,True
72115,4,2,True
72136,5,3,True
72137,4,2,True
72138,13,12,True
72140,5,3,True
72141,9,-1,True
72142,9,-1,True
72143,9,-1,True
72144,9,-1,True
72145,9,-1,True
72146,9,-1,True
72147,4,-1,True
72148,5,3,True
72166,2,4,True
72167,5,3,True
72188,14,10,True
72189,5,3,True
72225,5,3,True
72280,13,10,True
72281,10,12,True
72300,13,11,True
72301,10,12,True
72302,10,12,True
72303,14,10,True
72304,14,10,True
72305,14,10,True
72306,12,11,True
72307,13,10,True
72308,10,12,True
72309,4,2,True
72321,14,10,True
72322,4,2,True
72323,-1,10,True
72324,13,11,True
72325,13,11,True
72326,10,12,True
72327,10,12,True
72328,-1,10,True
72329,14,10,True
72330,12,11,True
72331,13,10,True
72332,13,10,True
72333,10,12,True
72334,-1,10,True
72336,13,10,True
72337,10,12,True
72339,12,11,True
72340,12,11,True
72341,13,11,True
72342,14,10,True
72343,13,12,True
72344,-1,10,True
72345,12,11,True
72346,10,12,True
72348,12,11,True
72353,6,-1,True
72354,6,-1,True
72355,2,4,True
72356,2,4,True
72357,12,11,True
72358,13,11,True
72359,14,10,True
72360,10,12,True
72361,10,12,True
72362,10,12,True
72367,10,12,True
72368,4,2,True
72378,3,5,True
72396,7,-1,True
72397,7,-1,True
72398,7,-1,True
72406,10,12,True
72407,12,11,True
72408,13,11,True
72409,13,11,True
72410,10,12,True
72411,13,10,True
72419,3,5,True
72420,3,5,True
72427,10,12,True
72428,13,11,True
72429,4,2,True
72430,8,-1,True
72431,8,-1,True
72432,8,-1,True
72434,5,3,True
72435,8,-1,True
72442,5,3,True
72454,13,12,True
72455,13,11,True
72456,13,11,True
72457,10,-1,True
72460,14,10,True
72463,10,12,True
72465,12,11,True
72473,8,-1,True
72479,5,3,True
72480,4,2,True
72488,4,2,True
72496,4,2,True
72498,4,2,True
72507,4,2,True
72629,14,10,True
72631,13,12,True
72632,10,12,True
72633,13,10,True
72636,5,3,True
72651,13,11,True
72652,10,12,True
72653,13,10,True
72654,14,10,True
72655,10,12,True
72656,13,12,True
72657,13,11,True
72658,13,-1,True
72659,10,12,True
72661,13,10,True
72663,10,12,True
72664,10,12,True
72665,13,11,True
72666,10,12,True
72667,10,12,True
72668,14,10,True
72669,12,11,True
72670,13,11,True
72671,14,10,True
72673,-1,10,True
72674,13,11,True
72675,14,10,True
72676,13,10,True
72677,12,11,True
72679,12,11,True
72680,14,10,True
72681,13,12,True
72682,13,12,True
72683,12,11,True
72684,-1,10,True
72685,12,11,True
72686,10,12,True
72687,14,10,True
72698,14,10,True
72699,13,10,True
72700,10,12,True
72701,10,12,True
72703,4,2,True
72716,5,3,True
72717,4,-1,True
72725,4,2,True
72726,-1,10,True
72729,4,2,True
72738,5,3,True
72767,4,2,True
72769,5,-1,True
72802,4,2,True
72822,5,3,True
72878,5,3,True
72883,5,3,True
72887,4,2,True
72924,14,10,True
72926,-1,10,True
72927,12,11,True
72928,14,10,True
72942,13,12,True
72944,13,12,True
72946,10,12,True
72947,10,12,True
72950,4,2,True
72951,10,12,True
72952,13,12,True
72973,4,2,True
72974,6,-1,True
72990,5,3,True
73004,3,5,True
73007,4,2,True
73025,10,12,True
73026,13,10,True
73027,-1,10,True
73028,12,11,True
73037,5,3,True
73048,12,11,True
73061,4,2,True
73062,5,3,True
73093,4,2,True
73130,4,2,True
73219,3,5,True
73220,3,5,True
73221,3,5,True
73222,3,5,True
73223,3,5,True
73247,14,10,True
73248,10,12,True
73249,14,10,True
73252,10,12,True
73253,-1,10,True
73254,10,12,True
73255,12,11,True
73256,13,11,True
73258,-1,10,True
73259,14,10,True
73260,4,2,True
73261,4,-1,True
73289,4,2,True
73295,10,12,True
73296,14,10,True
73322,4,2,True
73325,5,3,True
73419,4,2,True
73432,5,3,True
73444,2,4,True
73445,2,4,True
73446,5,3,True
73447,4,2,True
73448,5,3,True
73488,13,12,True
73489,10,12,True
73490,4,2,True
73491,14,10,True
73492,12,11,True
73493,13,11,True
73494,13,10,True
73495,10,12,True
73496,10,12,True
73497,10,12,True
73498,13,12,True
73499,-1,10,True
73500,10,12,True
73501,10,12,True
73502,4,2,True
73504,9,-1,True
73505,4,2,True
73506,10,12,True
73507,4,2,True
73508,12,11,True
73509,10,12,True
73510,14,10,True
73511,4,2,True
73513,14,10,True
73514,10,12,True
73515,13,11,True
73516,4,2,True
73517,5,3,True
73535,4,2,True
73537,13,10,True
73538,-1,10,True
73539,13,10,True
73540,12,11,True
73541,4,2,True
73542,4,2,True
73543,13,10,True
73544,10,12,True
73545,2,4,True
73553,4,2,True
73554,14,10,True
73556,10,12,True
73557,13,12,True
73568,4,2,True
73576,5,3,True
73581,4,2,True
73585,8,-1,True
73586,5,-1,True
73587,3,5,True
73590,3,-1,True
73601,4,2,True
73602,4,2,True
73609,3,5,True
73610,3,5,True
73611,3,5,True
73612,3,5,True
73613,3,5,True
73614,3,5,True
73630,8,-1,True
73631,8,-1,True
73632,8,-1,True
73634,7,-1,True
73636,2,4,True
73637,2,4,True
73640,4,2,True
73653,13,12,True
73669,4,2,True
73677,13,10,True
73681,14,10,True
73683,5,3,True
73702,5,3,True
73705,4,2,True
73708,4,2,True
73744,5,3,True
73791,4,2,True
73814,4,2,True
73819,2,4,True
73820,2,4,True
73821,4,2,True
73868,3,-1,True
73875,4,2,True
73903,5,3,True
73904,13,10,True
73910,4,2,True
73915,5,3,True
73945,4,2,True
73960,13,11,True
73961,10,12,True
73965,13,10,True
73966,10,12,True
73967,12,11,True
73970,13,12,True
73971,4,2,True
73978,13,12,True
73981,13,10,True
73982,4,2,True
73983,14,10,True
73984,13,12,True
73985,-1,10,True
73986,13,12,True
73987,12,11,True
73990,4,2,True
73992,13,10,True
73993,10,12,True
73994,13,10,True
73995,10,12,True
73996,10,12,True
73997,4,2,True
74000,13,12,True
74001,14,10,True
74003,4,2,True
74004,12,11,True
74005,13,10,True
74009,4,2,True
74010,9,-1,True
74011,5,3,True
74012,8,-1,True
74014,8,-1,True
74015,5,3,True
74018,5,3,True
74024,5,3,True
74072,8,-1,True
74079,4,2,True
74098,13,11,True
74099,4,2,True
74114,5,3,True
74130,5,3,True
74142,4,2,True
74149,4,2,True
74152,4,2,True
74157,4,2,True
74171,13,11,True
74172,13,11,True
74173,14,10,True
74174,10,12,True
74175,13,11,True
74176,13,10,True
74178,13,12,True
74179,12,11,True
74180,14,10,True
74181,-1,10,True
74182,13,11,True
74183,10,12,True
74185,4,2,True
74186,14,10,True
74187,10,12,True
74189,10,12,True
74190,13,11,True
74191,12,11,True
74192,13,11,True
74193,10,12,True
74194,4,2,True
74198,4,2,True
74215,4,2,True
74216,10,12,True
74217,13,10,True
74218,8,-1,True
74219,8,-1,True
74220,8,-1,True
74221,8,-1,True
74222,8,-1,True
74224,4,2,True
74225,10,12,True
74226,3,5,True
74227,13,11,True
74228,13,11,True
74229,-1,10,True
74230,10,12,True
74231,10,12,True
74232,-1,10,True
74233,10,12,True
74234,-1,10,True
74235,13,11,True
74263,9,-1,True
74264,9,-1,True
74265,9,-1,True
74270,4,2,True
74281,3,5,True
74282,3,5,True
74283,3,5,True
74284,3,5,True
74287,3,-1,True
74307,5,3,True
74329,3,5,True
74333,14,10,True
74335,10,12,True
74336,4,2,True
74339,5,3,True
74361,4,2,True
74364,10,12,True
74365,13,12,True
74366,10,12,True
74372,12,11,True
74373,12,11,True
74374,14,10,True
74375,12,11,True
74376,4,2,True
74380,4,2,True
74382,5,3,True
74383,5,3,True
74386,5,3,True
74417,4,2,True
74438,5,3,True
74441,5,3,True
74608,5,3,True
74636,-1,10,True
74638,4,2,True
74644,12,11,True
74672,8,-1,True
74724,4,2,True
74725,4,2,True
74734,4,2,True
74841,4,2,True
74845,4,2,True
74851,4,2,True
74867,4,2,True
74868,-1,10,True
74869,13,11,True
74870,-1,10,True
74871,14,10,True
74872,10,12,True
74873,13,11,True
74874,-1,12,True
74875,10,12,True
74878,5,-1,True
74883,13,12,True
74884,10,12,True
74885,10,12,True
74886,13,11,True
74887,-1,10,True
74888,10,12,True
74889,13,11,True
74890,12,11,True
74891,4,2,True
74892,13,11,True
74893,-1,10,True
74894,12,11,True
74895,14,10,True
74902,5,3,True
74904,5,3,True
74919,4,2,True
74921,5,3,True
74924,8,-1,True
74925,8,-1,True
74926,8,-1,True
74941,7,-1,True
74942,5,3,True
74983,4,2,True
74992,4,2,True
75003,-1,10,True
75004,4,2,True
75005,12,11,True
75006,14,10,True
75007,12,11,True
75008,12,11,True
75009,13,12,True
75010,10,12,True
75011,13,10,True
75012,12,11,True
75013,13,10,True
75014,12,11,True
75015,10,12,True
75016,10,12,True
75017,-1,10,True
75018,10,12,True
75041,5,3,True
75085,8,-1,True
75086,8,-1,True
75087,5,3,True
75088,8,-1,True
75097,4,2,True
75111,4,2,True
75177,5,3,True
75187,4,2,True
75196,5,3,True
75197,7,-1,True
75198,7,-1,True
75224,13,12,True
75225,12,11,True
75226,-1,10,True
75229,14,10,True
75230,4,2,True
75234,5,3,True
75240,3,5,True
75241,3,5,True
75261,8,-1,True
75268,5,3,True
75290,-1,7,True
75337,-1,10,True
75338,13,10,True
75339,4,2,True
75344,-1,10,True
75345,12,11,True
75346,12,11,True
75347,-1,10,True
75353,10,12,True
75355,13,11,True
75356,4,2,True
75358,13,10,True
75360,12,11,True
75361,10,12,True
75362,13,11,True
75366,5,3,True
75368,5,3,True
75369,7,-1,True
75370,7,-1,True
75371,7,-1,True
75372,7,-1,True
75374,5,-1,True
75381,3,5,True
75392,5,3,True
75396,9,-1,True
75397,9,-1,True
75440,3,5,True
75441,3,5,True
75442,3,5,True
75450,5,3,True
75469,8,-1,True
75470,8,-1,True
75471,5,3,True
75474,8,-1,True
75475,8,-1,True
75476,8,-1,True
75484,5,3,True
75495,3,5,True
75504,8,-1,True
75514,5,3,True
75552,5,3,True
75613,4,2,True
75620,4,2,True
75621,10,12,True
75692,8,-1,True
75698,10,12,True
75699,10,12,True
75701,12,11,True
75702,10,12,True
75703,-1,10,True
75722,4,2,True
75723,10,12,True
75724,4,2,True
75725,13,11,True
75748,13,11,True
75749,12,11,True
75750,14,10,True
75751,13,12,True
75752,13,11,True
75753,4,2,True
75754,10,12,True
75755,14,10,True
75757,10,12,True
75758,14,10,True
75759,13,12,True
75760,-1,10,True
75761,14,10,True
75784,5,3,True
75806,4,2,True
75820,5,3,True
75828,5,3,True
75836,4,2,True
75838,13,10,True
75839,-1,10,True
75840,10,12,True
75842,10,12,True
75843,13,12,True
75856,6,-1,True
75857,6,-1,True
75858,9,-1,True
75859,9,-1,True
75860,4,2,True
75861,5,-1,True
75865,2,4,True
75866,2,4,True
75867,2,4,True
75868,2,4,True
75869,2,4,True
75870,2,4,True
75871,13,11,True
75877,4,2,True
75883,5,3,True
75884,5,3,True
75887,12,11,True
75888,13,10,True
75889,12,11,True
75890,13,11,True
75891,13,11,True
75892,10,12,True
75894,14,10,True
75895,13,12,True
75896,-1,10,True
75897,-1,10,True
75898,14,10,True
75900,5,3,True
75910,5,3,True
75911,3,5,True
75921,5,3,True
75923,3,-1,True
75924,3,-1,True
75926,5,3,True
75927,3,5,True
75928,3,5,True
75929,3,5,True
75930,3,5,True
75938,5,3,True
75939,7,-1,True
75944,5,3,True
75962,14,10,True
75963,4,2,True
75966,3,5,True
75967,3,5,True
75970,4,2,True
76001,4,2,True
76028,8,-1,True
76029,8,-1,True
76030,4,2,True
76037,4,2,True
76045,4,2,True
76054,5,3,True
76078,5,3,True
76199,5,3,True
76250,4,2,True
76263,8,-1,True
76264,4,2,True
76271,5,3,True
76275,14,10,True
76276,4,2,True
76278,7,-1,True
76279,7,-1,True
76286,8,-1,True
76287,8,-1,True
76335,12,11,True
76336,14,10,True
76337,12,11,True
76339,10,12,True
76340,13,11,True
76341,13,12,True
76343,13,11,True
76344,13,11,True
76346,10,12,True
76347,-1,10,True
76348,13,11,True
76352,4,2,True
76354,4,2,True
76355,10,12,True
76356,13,11,True
76357,10,12,True
76370,5,3,True
76374,4,2,True
76378,5,3,True
76419,5,3,True
76473,4,2,True
76480,5,3,True
76571,5,3,True
76582,13,10,True
76585,5,3,True
76586,5,3,True
76587,5,3,True
76589,4,2,True
76590,4,2,True
76844,8,-1,True
76855,14,10,True
76856,-1,10,True
76858,-1,10,True
76859,13,11,True
76860,14,10,True
76861,4,2,True
76862,14,10,True
76863,-1,10,True
76864,13,11,True
76865,14,10,True
76867,10,12,True
76868,10,12,True
76870,-1,10,True
76871,12,11,True
76872,12,11,True
76873,14,10,True
76874,12,11,True
76880,13,12,True
76881,14,10,True
76882,12,11,True
76883,12,11,True
76884,4,2,True
76885,4,2,True
76886,10,12,True
76895,4,2,True
76902,4,2,True
76914,3,5,True
76916,4,2,True
76949,5,3,True
76960,12,11,True
76961,4,2,True
76962,5,3,True
76992,5,3,True
77004,7,-1,True
77005,7,-1,True
77006,7,-1,True
77028,5,3,True
77029,4,2,True
77030,5,3,True
77031,5,3,True
77032,4,2,True
77060,10,12,True
77061,14,10,True
77062,10,12,True
77063,-1,12,True
77065,14,10,True
77066,10,12,True
77067,14,10,True
77068,4,2,True
77069,14,10,True
77071,13,11,True
77072,10,12,True
77074,4,2,True
77078,4,2,True
77079,13,10,True
77080,4,2,True
77081,14,10,True
77082,13,10,True
77104,5,3,True
77105,2,4,True
77106,2,4,True
77107,2,4,True
77108,2,4,True
77111,12,11,True
77112,4,2,True
77123,5,3,True
77127,4,2,True
77133,5,3,True
77147,7,-1,True
77148,5,3,True
77153,3,5,True
77155,5,3,True
77156,4,2,True
77163,4,2,True
77165,3,5,True
77166,3,5,True
77167,3,5,True
77168,3,5,True
77171,4,2,True
77174,10,12,True
77175,12,11,True
77176,10,12,True
77177,4,2,True
77183,5,3,True
77188,14,10,True
77189,14,10,True
77190,4,2,True
77212,4,2,True
77226,13,11,True
77228,13,11,True
77229,13,10,True
77230,4,2,True
77232,4,2,True
77277,4,2,True
77279,4,2,True
77292,4,2,True
77339,8,-1,True
77340,8,-1,True
77341,8,-1,True
77342,8,-1,True
77343,8,-1,True
77352,5,3,True
77361,12,11,True
77364,4,2,True
77400,5,3,True
77402,13,11,True
77450,4,2,True
77456,4,2,True
77466,13,11,True
77467,13,11,True
77476,4,2,True
77486,10,12,True
77497,10,12,True
77505,4,2,True
77511,-1,10,True
77513,13,12,True
77514,13,12,True
77515,14,10,True
77516,-1,12,True
77517,13,10,True
77518,10,12,True
77519,13,10,True
77520,10,12,True
77521,13,11,True
77523,10,12,True
77524,14,10,True
77525,13,11,True
77540,4,2,True
77571,5,3,True
77579,4,2,True
77605,13,12,True
77606,13,10,True
77611,3,-1,True
77617,5,3,True
77624,3,-1,True
77625,3,-1,True
77628,8,-1,True
77637,8,-1,True
77650,5,3,True
77653,5,3,True
77655,4,2,True
77717,5,3,True
77723,4,2,True
77733,4,2,True
77752,5,3,True
77872,5,3,True
77873,5,3,True
77875,5,3,True
77891,13,12,True
77895,4,2,True
77899,-1,10,True
77900,12,11,True
77929,4,2,True
77930,13,11,True
77939,4,2,True
77940,10,12,True
77941,-1,10,True
77942,12,11,True
77943,13,11,True
77944,-1,10,True
77945,4,2,True
77964,4,2,True
77966,12,11,True
77982,4,2,True
77997,10,12,True
77998,12,11,True
77999,4,2,True
78009,4,2,True
78010,4,2,True
78016,4,2,True
78021,8,-1,True
78022,8,-1,True
78023,8,-1,True
78026,5,3,True
78033,4,2,True
78034,2,-1,True
78035,2,-1,True
78039,12,11,True
78040,4,2,True
78041,8,-1,True
78042,8,-1,True
78043,8,-1,True
78044,4,2,True
78045,-1,10,True
78059,14,10,True
78061,4,2,True
78062,10,12,True
78063,12,11,True
78064,-1,10,True
78066,14,10,True
78068,13,10,True
78070,-1,10,True
78071,14,10,True
78072,4,2,True
78080,5,3,True
78092,13,12,True
78093,14,10,True
78094,-1,10,True
78095,13,11,True
78096,14,10,True
78097,13,-1,True
78098,14,10,True
78099,13,11,True
78100,12,11,True
78101,3,5,True
78102,3,5,True
78103,3,5,True
78155,5,3,True
78157,4,2,True
78159,5,3,True
78174,8,-1,True
78182,5,3,True
78183,13,10,True
78184,7,-1,True
78188,4,2,True
78189,12,11,True
78190,13,11,True
78192,14,10,True
78197,4,2,True
78223,4,2,True
78272,4,2,True
78277,5,3,True
78286,13,10,True
78287,10,12,True
78289,4,2,True
78307,4,2,True
78320,4,2,True
78388,4,2,True
78439,5,3,True
78440,5,3,True
78441,-1,12,True
78442,12,11,True
78443,-1,12,True
78444,4,2,True
78448,4,2,True
78458,10,12,True
78517,10,12,True
78531,13,10,True
78535,5,3,True
78539,5,3,True
78555,8,-1,True
78577,4,2,True
78579,4,2,True
78580,4,2,True
78608,4,2,True
78640,8,-1,True
78651,4,2,True
78655,4,2,True
78656,-1,10,True
78667,5,3,True
78668,5,3,True
78669,3,5,True
78670,3,5,True
78671,3,5,True
78672,3,5,True
78673,3,5,True
78682,10,12,True
78683,10,12,True
78684,13,10,True
78686,10,12,True
78688,10,12,True
78689,4,2,True
78694,3,5,True
78695,3,5,True
78696,3,5,True
78697,4,2,True
78698,-1,10,True
78705,4,2,True
78709,6,-1,True
78712,2,4,True
78713,2,4,True
78714,2,4,True
78741,5,3,True
78742,7,-1,True
78743,7,-1,True
78762,5,3,True
78787,3,5,True
78788,3,5,True
78789,3,5,True
78790,3,5,True
78791,3,5,True
78792,4,2,True
78796,8,-1,True
78797,5,3,True
78800,5,3,True
78802,4,2,True
78803,10,12,True
78804,10,12,True
78805,4,2,True
78855,13,12,True
78856,10,12,True
78857,4,2,True
78858,14,10,True
78859,10,12,True
78868,4,2,True
78872,4,2,True
78879,13,12,True
78880,10,12,True
78881,10,12,True
78882,4,2,True
78884,4,2,True
78885,13,10,True
78886,10,12,True
78887,14,10,True
78888,13,11,True
78889,13,11,True
78897,4,2,True
78898,4,2,True
78905,6,-1,True
78906,6,-1,True
78907,6,-1,True
78911,4,2,True
78927,12,11,True
78928,10,12,True
78929,14,10,True
78930,13,12,True
78931,-1,10,True
78932,13,11,True
78933,-1,10,True
78934,4,2,True
78938,13,12,True
78942,12,11,True
78943,12,11,True
78944,12,11,True
78945,13,11,True
78946,10,12,True
78953,4,2,True
78956,12,11,True
78957,12,11,True
78958,13,12,True
78959,12,11,True
78960,4,2,True
78961,4,2,True
78962,13,12,True
78994,3,5,True
78995,3,5,True
78996,3,5,True
78997,3,5,True
79014,5,3,True
79019,7,-1,True
79022,5,3,True
79023,3,5,True
79024,8,-1,True
79027,5,3,True
79033,8,-1,True
79036,-1,10,True
79037,14,10,True
79039,12,11,True
79046,14,10,True
79048,10,12,True
79049,4,2,True
79057,5,3,True
79065,8,-1,True
79066,8,-1,True
79068,4,2,True
79151,4,2,True
79172,4,2,True
79174,4,2,True
79244,-1,1,True
79245,-1,1,True
79246,-1,1,True
79247,-1,1,True
79248,-1,1,True
79249,8,-1,True
79255,8,-1,True
79256,13,10,True
79257,4,2,True
79258,7,-1,True
79259,7,-1,True
79260,7,-1,True
79261,7,-1,True
79272,5,3,True
79368,5,3,True
79406,4,2,True
79412,5,3,True
79413,5,3,True
79432,12,11,True
79433,-1,10,True
79434,10,12,True
79435,12,11,True
79436,13,10,True
79438,-1,10,True
79439,14,10,True
79441,12,11,True
79442,12,11,True
79443,14,10,True
79445,4,2,True
79446,5,3,True
79448,4,2,True
79450,10,12,True
79451,12,11,True
79452,13,12,True
79453,10,12,True
79454,13,12,True
79455,-1,10,True
79456,13,11,True
79457,14,10,True
79458,13,11,True
79459,4,2,True
79465,14,10,True
79466,13,11,True
79467,14,10,True
79468,12,11,True
79469,13,10,True
79470,13,10,True
79471,12,11,True
79472,-1,10,True
79474,13,11,True
79475,4,2,True
79554,4,2,True
79575,10,12,True
79577,-1,10,True
79578,-1,10,True
79579,13,11,True
79580,14,10,True
79581,10,12,True
79582,13,12,True
79583,4,2,True
79594,9,-1,True
79597,9,-1,True
79604,3,-1,True
79605,3,-1,True
79606,3,-1,True
79607,3,-1,True
79608,3,-1,True
79611,7,-1,True
79616,10,12,True
79617,14,10,True
79625,-1,6,True
79641,7,-1,True
79642,7,-1,True
79643,7,-1,True
79646,7,-1,True
79647,7,-1,True
79648,7,-1,True
79654,5,-1,True
79672,4,2,True
79673,5,3,True
79675,8,-1,True
79678,13,11,True
79679,4,2,True
79688,4,2,True
79690,14,10,True
79691,14,10,True
79693,-1,10,True
79698,13,12,True
79701,13,11,True
79702,-1,10,True
79717,5,3,True
79723,5,3,True
79727,7,-1,True
79728,5,3,True
79820,4,2,True
79882,13,11,True
79883,13,12,True
79884,13,10,True
79887,13,11,True
79890,10,12,True
79891,13,10,True
79892,10,12,True
79893,12,11,True
79894,13,12,True
79897,8,-1,True
79898,8,-1,True
79902,5,3,True
79931,13,11,True
79932,10,12,True
79933,10,12,True
79934,13,11,True
79935,13,11,True
79936,10,12,True
79937,13,10,True
79953,5,3,True
79979,4,2,True
79980,4,2,True
79983,-1,10,True
79984,13,11,True
79985,12,11,True
79986,13,12,True
79987,13,12,True
79988,10,12,True
79989,13,12,True
80006,4,2,True
80051,5,3,True
80064,5,3,True
80077,13,12,True
80079,4,2,True
80089,5,3,True
80121,13,11,True
80122,-1,10,True
80123,13,12,True
80124,4,2,True
80171,-1,8,True
80172,-1,8,True
80173,-1,8,True
80202,4,2,True
80273,4,2,True
80338,10,-1,True
80339,13,-1,True
80342,4,2,True
80343,10,12,True
80344,10,12,True
80346,5,3,True
80349,4,2,True
80350,10,12,True
80351,12,11,True
80353,4,2,True
80354,3,-1,True
80355,3,-1,True
80356,2,4,True
80357,2,4,True
80384,8,-1,True
80385,5,3,True
80392,10,12,True
80459,5,3,True
80468,5,3,True
80475,5,3,True
80477,3,5,True
80478,3,5,True
80479,3,5,True
80480,3,5,True
80481,3,5,True
80482,3,5,True
80491,5,3,True
80642,4,2,True
80650,10,12,True
80652,10,12,True
80653,4,2,True
80664,3,5,True
80665,5,3,True
80669,13,10,True
80673,2,4,True
80674,4,2,True
80682,2,4,True
80683,2,4,True
80684,2,4,True
80685,2,4,True
80686,2,4,True
80687,9,-1,True
80688,9,-1,True
80689,9,-1,True
80690,9,-1,True
80695,5,3,True
80696,5,3,True
80703,5,3,True
80722,5,3,True
80727,5,3,True
80736,3,5,True
80737,3,5,True
80738,3,5,True
80746,8,-1,True
80748,5,-1,True
80749,8,-1,True
80750,8,-1,True
80751,8,-1,True
80759,4,2,True
80779,5,3,True
80785,8,-1,True
80791,5,3,True
80802,5,3,True
80803,3,5,True
80804,3,5,True
80817,3,-1,True
80818,3,-1,True
80819,3,-1,True
80820,3,-1,True
80821,3,-1,True
80822,3,-1,True
80823,3,-1,True
80824,3,-1,True
80829,4,2,True
80830,3,5,True
80837,5,3,True
80840,5,3,True
80921,10,12,True
80924,4,-1,True
80953,4,2,True
81029,4,2,True
81121,5,-1,True
81123,9,-1,True
81124,9,-1,True
81136,8,-1,True
81137,8,-1,True
81138,8,-1,True
81139,8,-1,True
81140,3,-1,True
81141,3,-1,True
81142,3,-1,True
81146,4,2,True
81147,4,2,True
81159,14,10,True
81162,4,2,True
81164,12,11,True
81165,13,10,True
81166,13,10,True
81167,10,12,True
81168,12,11,True
81169,12,11,True
81170,12,11,True
81171,13,12,True
81172,13,10,True
81183,10,12,True
81184,10,12,True
81185,13,11,True
81186,13,11,True
81187,13,10,True
81188,13,11,True
81189,4,2,True
81195,10,12,True
81196,13,12,True
81197,14,10,True
81198,4,2,True
81203,14,10,True
81205,14,10,True
81206,13,12,True
81207,13,11,True
81208,4,2,True
81217,5,3,True
81237,4,2,True
81238,4,2,True
81262,4,2,True
81348,4,2,True
81354,7,-1,True
81381,4,2,True
81382,7,-1,True
81383,7,-1,True
81385,7,-1,True
81387,13,12,True
81388,10,12,True
81389,4,2,True
81395,4,2,True
81403,5,3,True
81404,9,-1,True
81425,2,4,True
81427,3,5,True
81430,5,3,True
81448,10,12,True
81449,13,12,True
81450,-1,10,True
81451,13,12,True
81453,3,-1,True
81465,3,5,True
81493,4,2,True
81526,10,12,True
81527,13,10,True
81528,13,11,True
81531,14,10,True
81532,13,11,True
81533,13,11,True
81534,8,-1,True
81537,13,11,True
81538,-1,10,True
81539,12,11,True
81540,4,2,True
81541,14,10,True
81542,13,10,True
81543,4,2,True
81546,5,3,True
81562,8,-1,True
81563,8,-1,True
81587,4,2,True
81623,5,3,True
81624,5,3,True
81626,3,5,True
81627,3,5,True
81628,3,5,True
81643,5,3,True
81664,3,-1,True
81666,3,-1,True
81693,3,5,True
81696,13,12,True
81697,10,12,True
81698,13,11,True
81707,5,3,True
81713,2,-1,True
81714,2,-1,True
81715,2,-1,True
81716,2,-1,True
81717,5,3,True
81727,5,3,True
81804,14,10,True
81805,4,2,True
81845,5,3,True
81851,5,3,True
81855,13,11,True
81856,13,10,True
81860,2,4,True
81861,2,4,True
81862,2,4,True
81863,2,4,True
81866,10,12,True
81878,3,5,True
81879,3,5,True
81880,3,5,True
81881,3,5,True
81884,4,2,True
81888,5,3,True
81894,10,12,True
81896,13,10,True
81897,-1,10,True
81898,-1,10,True
81899,12,11,True
81900,4,2,True
81905,4,2,True
81935,12,11,True
81936,13,12,True
81937,10,12,True
81938,12,11,True
81939,-1,10,True
81940,4,2,True
81941,2,4,True
81942,2,4,True
81943,2,4,True
81944,2,4,True
81945,2,4,True
81946,2,4,True
81947,2,4,True
81950,10,12,True
81951,12,11,True
81952,10,12,True
81953,-1,10,True
81954,10,12,True
81955,14,10,True
81956,12,11,True
81957,13,11,True
81958,14,10,True
81959,4,2,True
82035,3,5,True
82036,3,5,True
82037,3,5,True
82066,4,2,True
82070,4,2,True
82071,5,3,True
82123,8,-1,True
82124,8,-1,True
82145,3,-1,True
82167,13,12,True
82168,10,12,True
82169,10,12,True
82171,-1,10,True
82172,12,11,True
82173,14,10,True
82174,14,10,True
82175,10,12,True
82176,13,12,True
82177,12,11,True
82179,-1,10,True
82180,10,12,True
82183,4,2,True
82184,13,12,True
82190,13,12,True
82191,13,11,True
82199,4,2,True
82217,4,2,True
82230,5,3,True
82234,4,2,True
82255,13,10,True
82288,2,4,True
82289,2,4,True
82294,3,-1,True
82303,3,5,True
82305,5,3,True
82323,8,-1,True
82324,8,-1,True
82325,8,-1,True
82326,7,-1,True
82337,8,-1,True
82340,5,3,True
82358,4,2,True
82363,-1,10,True
82364,4,2,True
82365,5,3,True
82376,5,3,True
82382,5,3,True
82404,4,2,True
82424,4,2,True
82436,4,2,True
82474,4,2,True
82558,4,2,True
82559,5,3,True
82560,5,3,True
82561,5,3,True
82562,5,3,True
82572,4,2,True
82579,3,-1,True
82608,13,11,True
82609,13,10,True
82611,13,11,True
82612,10,12,True
82613,4,2,True
82614,4,2,True
82623,4,2,True
82631,5,3,True
82647,5,3,True
82663,4,2,True
82673,5,3,True
82674,5,3,True
82675,5,3,True
82680,5,3,True
82682,10,12,True
82684,10,12,True
82685,10,12,True
82687,10,12,True
82688,4,2,True
82689,3,5,True
82705,4,2,True
82712,13,11,True
82718,12,11,True
82719,-1,10,True
82724,-1,11,True
82726,10,12,True
82727,-1,10,True
82728,13,10,True
82729,14,10,True
82730,14,10,True
82731,4,2,True
82734,13,11,True
82735,-1,10,True
82736,12,11,True
82737,-1,10,True
82738,12,11,True
82739,7,-1,True
82740,7,-1,True
82741,7,-1,True
82747,9,-1,True
82748,9,-1,True
82749,9,-1,True
82750,9,-1,True
82751,9,-1,True
82752,4,-1,True
82753,5,3,True
82757,4,2,True
82759,5,3,True
82761,5,3,True
82764,10,12,True
82768,13,10,True
82769,14,10,True
82770,14,10,True
82771,5,3,True
82787,5,3,True
82788,5,3,True
82801,5,3,True
82806,3,5,True
82807,3,5,True
82822,4,2,True
82832,3,5,True
82835,2,4,True
82836,2,4,True
82839,8,-1,True
82840,8,-1,True
82841,8,-1,True
82842,2,4,True
82843,2,4,True
82844,2,4,True
82849,5,3,True
82850,3,5,True
82851,3,5,True
82889,5,3,True
82892,3,-1,True
82893,3,-1,True
82894,4,2,True
82895,10,12,True
82899,4,2,True
82904,5,3,True
82921,5,3,True
82927,8,-1,True
82929,3,5,True
82930,3,-1,True
82931,3,5,True
82932,12,11,True
82933,13,10,True
82936,14,10,True
82937,13,10,True
82938,13,10,True
82945,4,2,True
82957,4,2,True
83025,4,2,True
83203,5,3,True
83208,4,2,True
83209,14,10,True
83210,4,2,True
83215,4,2,True
83216,3,5,True
83217,3,5,True
83218,3,5,True
83219,3,5,True
83220,3,5,True
83227,4,2,True
83230,12,11,True
83232,4,2,True
83234,10,12,True
83235,12,11,True
83240,12,11,True
83242,-1,10,True
83243,13,12,True
83244,4,2,True
83245,13,10,True
83246,13,12,True
83247,10,12,True
83249,13,10,True
83250,13,10,True
83251,12,11,True
83252,13,11,True
83253,14,10,True
83254,13,11,True
83257,13,10,True
83258,14,10,True
83259,12,11,True
83260,12,11,True
83261,-1,10,True
83262,13,10,True
83263,13,10,True
83264,10,12,True
83266,10,12,True
83267,14,10,True
83268,4,2,True
83269,12,11,True
83274,4,2,True
83275,7,-1,True
83276,7,-1,True
83277,7,-1,True
83281,8,-1,True
83282,8,-1,True
83283,8,-1,True
83284,8,-1,True
83285,8,-1,True
83286,8,-1,True
83288,8,-1,True
83292,5,3,True
83296,4,2,True
83297,4,2,True
83298,13,12,True
83299,10,12,True
83310,4,2,True
83311,13,10,True
83378,4,2,True
83379,-1,10,True
83439,5,3,True
83442,5,3,True
83445,3,5,True
83446,3,5,True
83452,13,12,True
83468,5,3,True
83470,5,3,True
83485,5,3,True
83502,4,2,True
83503,1,-1,True
83509,-1,10,True
83510,-1,10,True
83511,13,12,True
83512,10,12,True
83513,14,10,True
83515,14,10,True
83525,4,2,True
83526,4,2,True
83544,4,2,True
83547,3,5,True
83548,3,5,True
83551,4,2,True
83567,3,5,True
83568,5,3,True
83578,10,12,True
83579,12,11,True
83580,13,11,True
83581,-1,10,True
83582,13,11,True
83583,10,12,True
83584,13,12,True
83585,4,2,True
83587,5,3,True
83606,4,2,True
83610,2,4,True
83611,2,4,True
83650,10,12,True
83651,14,10,True
83671,4,2,True
83679,5,3,True
83692,13,10,True
83693,10,12,True
83694,13,11,True
83695,14,10,True
83696,13,10,True
83697,13,12,True
83698,10,12,True
83699,13,12,True
83700,4,2,True
83701,10,12,True
83702,14,10,True
83703,-1,10,True
83717,4,2,True
83718,8,-1,True
83733,5,3,True
83742,5,3,True
83753,5,3,True
83754,3,5,True
83755,3,5,True
83758,5,3,True
83763,5,3,True
83772,13,11,True
83773,13,11,True
83774,13,12,True
83775,13,12,True
83776,10,12,True
83778,5,3,True
83901,5,3,True
83902,4,2,True
83903,13,11,True
83904,12,11,True
83905,-1,10,True
83906,12,11,True
83907,-1,10,True
83910,14,10,True
83911,10,12,True
83917,8,-1,True
83920,5,3,True
83927,5,3,True
83930,5,3,True
83937,4,2,True
83939,5,3,True
83940,4,2,True
83941,13,10,True
83943,10,12,True
83944,13,11,True
83945,-1,10,True
83946,4,2,True
83959,4,2,True
83969,4,2,True
83971,10,12,True
83972,10,12,True
83973,10,12,True
83974,14,10,True
83975,10,12,True
83977,13,11,True
83978,10,12,True
83979,4,2,True
83980,4,2,True
83981,13,10,True
83983,12,11,True
83984,13,11,True
83985,12,11,True
83998,4,2,True
83999,-1,10,True
84009,4,2,True
84010,4,2,True
84013,5,3,True
84014,5,3,True
84017,8,-1,True
84020,7,-1,True
84021,12,11,True
84022,13,10,True
84039,5,3,True
84074,8,-1,True
84075,8,-1,True
84076,8,-1,True
84077,8,-1,True
84078,8,-1,True
84079,8,-1,True
84080,8,-1,True
84081,8,-1,True
84085,13,11,True
84086,13,10,True
84090,13,10,True
84091,13,11,True
84092,4,2,True
84094,10,-1,True
84095,14,-1,True
84096,4,2,True
84097,10,12,True
84099,5,3,True
84103,4,2,True
84132,4,2,True
84147,4,2,True
84148,10,12,True
84149,14,10,True
84150,10,12,True
84151,-1,10,True
84152,10,12,True
84153,10,12,True
84154,13,12,True
84155,14,10,True
84156,4,2,True
84358,4,2,True
84361,5,3,True
84367,13,10,True
84368,13,11,True
84370,13,10,True
84371,12,11,True
84372,10,12,True
84373,-1,10,True
84374,10,12,True
84400,10,12,True
84410,5,3,True
84452,8,-1,True
84454,14,10,True
84455,12,11,True
84460,5,3,True
84467,3,5,True
84468,3,5,True
84469,3,5,True
84470,3,5,True
84508,4,2,True
84518,9,-1,True
84519,9,-1,True
84520,4,-1,True
84525,10,12,True
84526,13,11,True
84532,4,2,True
84545,4,2,True
84547,12,11,True
84549,13,12,True
84550,12,11,True
84551,13,12,True
84552,13,11,True
84557,5,3,True
84558,9,-1,True
84559,9,-1,True
84563,4,2,True
84565,3,5,True
84581,3,5,True
84582,3,5,True
84594,3,-1,True
84596,3,-1,True
84601,4,2,True
84605,3,5,True
84606,3,5,True
84607,3,5,True
84608,3,5,True
84609,3,5,True
84610,3,5,True
84611,3,5,True
84612,3,5,True
84613,14,10,True
84614,14,10,True
84616,3,5,True
84617,3,-1,True
84634,3,-1,True
84639,12,11,True
84640,12,11,True
84641,13,10,True
84642,13,10,True
84643,-1,10,True
84644,-1,10,True
84645,10,12,True
84646,12,11,True
84647,13,10,True
84648,13,10,True
84649,4,2,True
84662,14,10,True
84663,10,12,True
84664,13,12,True
84692,4,2,True
84702,4,2,True
84706,4,2,True
84733,4,2,True
84737,4,2,True
84791,5,3,True
84800,4,2,True
84817,8,-1,True
84823,8,-1,True
84826,13,11,True
84827,13,10,True
84829,13,12,True
84830,12,11,True
84837,4,2,True
84852,10,12,True
84853,10,12,True
84861,4,2,True
84862,13,11,True
84894,14,10,True
84895,13,10,True
84896,14,10,True
84897,13,12,True
84899,13,11,True
84900,13,11,True
84901,12,11,True
84902,-1,12,True
84903,13,11,True
84904,14,10,True
84911,4,2,True
84945,3,-1,True
84946,3,-1,True
84947,3,-1,True
84948,3,-1,True
84949,3,-1,True
84951,8,-1,True
84954,8,-1,True
84955,10,12,True
84956,10,12,True
84959,12,11,True
84961,3,5,True
84962,3,5,True
84963,3,5,True
84965,3,5,True
84966,3,5,True
84967,3,5,True
84968,3,5,True
84969,3,5,True
84970,3,5,True
84971,3,5,True
84972,3,5,True
84973,3,5,True
84974,3,5,True
84975,3,5,True
84976,3,5,True
84977,3,5,True
84978,3,5,True
84979,4,2,True
84980,13,11,True
84981,-1,10,True
84982,13,10,True
84985,4,2,True
84990,13,11,True
84993,14,10,True
84995,12,11,True
84996,12,11,True
84997,13,10,True
84998,13,11,True
85012,-1,10,True
85013,13,11,True
85014,13,12,True
85015,14,10,True
85016,13,11,True
85017,10,12,True
85018,4,2,True
85019,3,5,True
85023,4,2,True
85026,5,3,True
85030,3,5,True
85031,3,5,True
85041,5,3,True
85042,7,-1,True
85076,5,3,True
85081,4,2,True
85094,3,5,True
85095,3,5,True
85096,3,5,True
85105,13,11,True
85107,10,12,True
85108,14,10,True
85109,4,2,True
85118,5,3,True
85122,4,2,True
85124,10,12,True
85126,-1,3,True
85130,4,2,True
85131,4,2,True
85132,13,12,True
85133,13,11,True
85134,10,12,True
85135,13,12,True
85136,-1,10,True
85144,5,3,True
85247,4,2,True
85251,4,2,True
85252,5,3,True
85265,5,3,True
85267,8,-1,True
85268,8,-1,True
85270,12,11,True
85272,-1,10,True
85323,7,-1,True
85354,5,3,True
85374,13,11,True
85375,13,12,True
85379,4,2,True
85381,14,10,True
85382,13,12,True
85383,12,11,True
85384,4,2,True
85385,14,10,True
85386,10,12,True
85387,14,10,True
85388,10,12,True
85389,10,12,True
85390,14,10,True
85391,10,12,True
85419,4,2,True
85421,6,-1,True
85434,13,10,True
85436,13,11,True
85438,13,11,True
85440,5,3,True
85451,4,2,True
85457,13,10,True
85458,10,12,True
85459,12,11,True
85485,-1,2,True
85493,3,5,True
85494,3,5,True
85498,5,3,True
85499,13,10,True
85500,10,12,True
85501,10,12,True
85503,5,3,True
85587,8,-1,True
85590,5,3,True
85591,5,3,True
85622,8,-1,True
85627,9,-1,True
85628,9,-1,True
85629,9,-1,True
85630,9,-1,True
85631,9,-1,True
85684,13,10,True
85685,13,12,True
85686,10,12,True
85687,10,12,True
85688,10,12,True
85689,13,11,True
85690,14,10,True
85691,4,2,True
85708,4,2,True
85759,4,2,True
85760,12,11,True
85761,14,10,True
85762,-1,10,True
85763,13,11,True
85764,4,2,True
85789,4,2,True
85790,4,2,True
85791,13,11,True
85792,13,11,True
85793,13,11,True
85794,-1,10,True
85795,13,10,True
85796,13,12,True
85797,13,12,True
85798,-1,10,True
85799,-1,10,True
85800,12,11,True
85803,10,12,True
85870,4,2,True
85879,4,2,True
85887,3,5,True
85888,3,5,True
85889,3,5,True
85898,5,3,True
85899,5,3,True
85913,3,5,True
85964,5,3,True
85969,5,3,True
85987,4,2,True
85988,12,11,True
85989,13,11,True
85997,14,10,True
85998,10,12,True
85999,10,12,True
86001,14,10,True
86002,13,11,True
86003,13,12,True
86004,10,12,True
86005,14,10,True
86006,4,2,True
86011,12,11,True
86012,10,12,True
86013,13,11,True
86014,13,11,True
86015,4,2,True
86023,5,3,True
86035,4,2,True
86048,4,2,True
86085,4,2,True
86153,-1,10,True
86154,2,4,True
86155,2,4,True
86156,2,4,True
86157,2,4,True
86158,2,4,True
86159,2,4,True
86160,2,4,True
86161,3,5,True
86162,3,5,True
86163,3,5,True
86164,3,5,True
86165,3,5,True
86180,4,2,True
86183,5,3,True
86187,5,3,True
86234,13,10,True
86235,10,12,True
86236,4,2,True
86246,4,2,True
86247,10,12,True
86248,13,11,True
86249,10,12,True
86250,10,12,True
86251,13,11,True
86252,-1,10,True
86253,13,12,True
86254,10,12,True
86256,4,2,True
86278,4,2,True
86312,4,2,True
86314,4,2,True
86319,13,11,True
86320,12,11,True
86321,13,12,True
86322,14,10,True
86324,14,10,True
86325,4,2,True
86329,4,2,True
86361,10,12,True
86373,8,-1,True
86381,7,-1,True
86391,4,2,True
86394,5,3,True
86416,4,2,True
86420,4,2,True
86428,4,2,True
86430,-1,12,True
86431,12,11,True
86432,13,12,True
86433,12,11,True
86434,13,11,True
86435,13,10,True
86436,14,10,True
86437,-1,10,True
86476,4,2,True
86479,4,2,True
86489,3,5,True
86490,4,2,True
86491,5,3,True
86518,8,-1,True
86519,3,5,True
86527,5,-1,True
86530,10,12,True
86549,3,5,True
86556,5,3,True
86557,5,-1,True
86585,5,3,True
86598,4,2,True
86629,5,3,True
86642,5,3,True
86643,5,3,True
86669,5,3,True
86671,5,3,True
86677,-1,10,True
86678,14,10,True
86679,13,10,True
86680,4,2,True
86684,4,2,True
86685,5,3,True
86688,5,3,True
86697,4,2,True
86705,12,11,True
86706,4,2,True
86707,12,11,True
86708,-1,12,True
86712,4,2,True
86714,13,11,True
86715,4,2,True
86736,4,2,True
86752,4,2,True
86753,13,10,True
86754,14,10,True
86755,-1,10,True
86756,13,10,True
86757,10,12,True
86758,4,2,True
86777,5,3,True
86781,3,5,True
86782,3,5,True
86783,7,-1,True
86784,7,-1,True
86785,7,-1,True
86786,7,-1,True
86787,7,-1,True
86788,5,3,True
86809,8,-1,True
86823,5,3,True
86826,13,11,True
86842,13,10,True
86843,12,11,True
86844,13,11,True
86845,10,12,True
86846,10,12,True
86847,13,12,True
86848,12,11,True
86849,-1,10,True
86850,10,12,True
86851,13,10,True
86853,4,2,True
86861,13,10,True
86866,4,2,True
86946,13,11,True
86947,13,11,True
86948,13,10,True
86949,13,11,True
86950,14,10,True
86951,13,12,True
86952,10,12,True
86953,13,11,True
86954,13,11,True
86956,14,10,True
86957,-1,10,True
86958,13,11,True
86959,13,11,True
86960,-1,10,True
86961,-1,10,True
86962,13,12,True
86964,10,12,True
86965,13,11,True
86966,14,10,True
86967,12,11,True
86970,14,10,True
86971,10,12,True
86972,14,10,True
86974,5,3,True
87005,5,3,True
87018,4,2,True
87021,4,2,True
87024,2,4,True
87025,2,4,True
87026,2,4,True
87027,2,4,True
87028,2,4,True
87029,2,4,True
87030,2,4,True
87031,2,4,True
87032,2,4,True
87033,2,4,True
87034,2,4,True
87035,2,4,True
87036,2,4,True
87037,2,4,True
87038,2,4,True
87039,2,4,True
87040,2,4,True
87041,2,4,True
87042,2,4,True
87043,2,4,True
87044,2,4,True
87045,2,4,True
87046,2,4,True
87047,2,4,True
87077,4,2,True
87079,4,2,True
87081,4,2,True
87086,4,2,True
87087,4,2,True
87120,3,5,True
87121,3,5,True
87122,3,5,True
87123,3,5,True
87124,3,5,True
87125,3,5,True
87126,3,5,True
87131,3,5,True
87143,4,2,True
87176,4,2,True
87180,4,2,True
87182,5,3,True
87193,5,3,True
87239,13,11,True
87240,13,11,True
87241,12,11,True
87242,13,12,True
87245,14,10,True
87246,10,12,True
87247,10,12,True
87248,14,10,True
87251,10,12,True
87299,12,11,True
87301,-1,10,True
87302,14,10,True
87303,14,10,True
87323,4,2,True
87330,4,2,True
87419,8,-1,True
87420,8,-1,True
87421,8,-1,True
87422,8,-1,True
87423,8,-1,True
87424,8,-1,True
87425,8,-1,True
87426,8,-1,True
87427,8,-1,True
87428,8,-1,True
87462,4,2,True
87467,5,3,True
87468,5,3,True
87547,3,5,True
87548,3,5,True
87549,3,5,True
87557,3,5,True
87559,3,5,True
87568,3,5,True
87569,3,5,True
87570,3,-1,True
87571,3,-1,True
87572,3,-1,True
87582,3,5,True
87583,3,5,True
87584,3,5,True
87585,3,5,True
87586,3,5,True
87598,4,2,True
87599,10,12,True
87600,13,10,True
87601,14,10,True
87603,13,11,True
87604,4,2,True
87631,3,5,True
87643,4,2,True
87644,10,12,True
87651,8,-1,True
87652,13,11,True
87657,3,5,True
87759,5,3,True
87763,3,-1,True
87764,3,-1,True
87765,3,-1,True
87769,5,3,True
87773,5,-1,True
87774,4,2,True
87815,5,3,True
87971,4,2,True
87972,4,2,True
87973,4,2,True
87975,4,2,True
87976,3,5,True
87985,8,-1,True
87987,8,-1,True
87992,2,4,True
88000,5,3,True
88002,-1,10,True
88003,4,2,True
88004,10,12,True
88011,4,2,True
88037,4,2,True
88106,4,2,True
88113,4,2,True
88115,5,3,True
88118,4,2,True
88124,5,3,True
88127,13,10,True
88128,12,11,True
88129,13,11,True
88130,10,12,True
88131,13,12,True
88132,12,11,True
88133,13,12,True
88134,12,11,True
88135,13,11,True
88136,13,12,True
88137,10,12,True
88138,13,10,True
88139,-1,10,True
88140,14,10,True
88174,4,2,True
88175,13,10,True
88176,-1,12,True
88185,4,2,True
88186,5,3,True
88195,3,5,True
88196,3,5,True
88197,3,5,True
88198,3,5,True
88199,3,5,True
88200,3,5,True
88201,3,5,True
88202,3,5,True
88203,3,5,True
88204,4,2,True
88205,4,2,True
88208,12,11,True
88209,13,12,True
88211,12,11,True
88212,-1,10,True
88213,13,11,True
88214,14,10,True
88215,13,10,True
88216,10,12,True
88218,13,12,True
88244,13,10,True
88245,13,10,True
88247,13,12,True
88248,4,2,True
88251,13,11,True
88252,13,10,True
88253,13,11,True
88254,10,12,True
88255,10,12,True
88256,10,12,True
88257,10,12,True
88258,13,12,True
88259,13,10,True
88260,-1,10,True
88261,14,10,True
88263,14,10,True
88264,12,11,True
88265,14,10,True
88266,4,2,True
88270,12,11,True
88271,-1,10,True
88273,13,11,True
88274,4,2,True
88280,5,3,True
88287,4,2,True
88288,3,5,True
88292,5,3,True
88322,5,3,True
88325,5,3,True
88326,4,2,True
88329,5,3,True
88331,13,11,True
88349,5,-1,True
88356,13,11,True
88358,4,2,True
88359,10,12,True
88365,4,2,True
88366,10,12,True
88367,-1,10,True
88368,10,12,True
88369,14,10,True
88373,8,-1,True
88374,8,-1,True
88380,5,3,True
88381,13,10,True
88382,12,11,True
88384,13,12,True
88387,4,2,True
88388,14,10,True
88390,10,12,True
88391,13,10,True
88392,13,10,True
88393,10,12,True
88394,12,11,True
88395,13,10,True
88396,14,10,True
88397,4,2,True
88400,4,2,True
88402,5,3,True
88407,8,-1,True
88422,5,3,True
88424,4,2,True
88431,13,12,True
88432,12,11,True
88433,13,11,True
88434,13,11,True
88460,2,4,True
88463,3,5,True
88464,3,5,True
88485,2,4,True
88486,2,4,True
88487,2,4,True
88501,5,3,True
88515,5,3,True
88524,5,3,True
88540,4,2,True
88554,5,3,True
88585,4,2,True
88630,4,2,True
88730,4,2,True
88731,4,2,True
88732,4,2,True
88742,14,10,True
88743,13,11,True
88744,13,12,True
88745,13,11,True
88746,-1,10,True
88747,13,11,True
88748,13,10,True
88749,12,11,True
88750,4,2,True
88766,12,11,True
88784,4,2,True
88785,2,4,True
88809,4,2,True
88810,1,-1,True
88823,4,2,True
88851,10,12,True
88852,12,11,True
88853,13,11,True
88854,13,12,True
88855,10,12,True
88856,4,2,True
88868,-1,10,True
88869,10,12,True
88875,12,11,True
88876,10,12,True
88877,13,12,True
88878,4,2,True
88893,9,-1,True
88894,9,-1,True
88895,9,-1,True
88898,9,-1,True
88901,3,5,True
88902,3,5,True
88903,3,5,True
88904,3,5,True
88905,3,5,True
88936,3,5,True
88937,3,5,True
88938,3,5,True
88939,3,5,True
88940,3,5,True
88941,3,5,True
88942,3,5,True
88955,7,-1,True
88960,5,3,True
89002,5,3,True
89004,3,5,True
89005,3,5,True
89006,3,5,True
89007,3,5,True
89020,8,-1,True
89021,8,-1,True
89022,8,-1,True
89023,5,3,True
89059,4,2,True
89110,4,2,True
89114,8,-1,True
89121,4,2,True
89127,4,2,True
89148,4,2,True
89149,-1,11,True
89150,-1,11,True
89205,3,5,True
89206,3,5,True
89207,3,5,True
89208,3,5,True
89209,3,5,True
89220,4,2,True
89221,13,11,True
89222,14,10,True
89223,4,2,True
89226,4,2,True
89227,13,11,True
89228,4,2,True
89229,14,10,True
89242,13,12,True
89245,13,12,True
89246,4,2,True
89247,4,2,True
89248,10,12,True
89249,14,-1,True
89251,14,10,True
89252,13,12,True
89253,12,11,True
89254,12,11,True
89255,12,11,True
89256,14,10,True
89257,13,12,True
89258,13,11,True
89259,13,11,True
89260,12,11,True
89263,13,12,True
89264,4,2,True
89267,4,2,True
89270,5,3,True
89271,4,2,True
89284,5,3,True
89285,5,3,True
89286,5,3,True
89290,5,3,True
89293,5,3,True
89294,4,2,True
89296,5,3,True
89297,-1,10,True
89298,10,12,True
89299,-1,10,True
89300,13,11,True
89301,14,10,True
89302,10,12,True
89303,13,12,True
89304,13,10,True
89398,5,3,True
89400,5,3,True
89405,5,3,True
89407,5,3,True
89413,8,-1,True
89414,8,-1,True
89415,8,-1,True
89416,7,-1,True
89417,4,2,True
89418,6,-1,True
89432,5,3,True
89444,8,-1,True
89445,8,-1,True
89453,3,5,True
89454,3,5,True
89455,5,3,True
89471,13,11,True
89472,-1,10,True
89473,-1,10,True
89474,14,10,True
89475,-1,10,True
89476,12,11,True
89484,-1,10,True
89485,14,10,True
89486,13,10,True
89487,13,10,True
89492,14,10,True
89493,10,12,True
89494,10,12,True
89495,12,11,True
89500,3,5,True
89501,3,5,True
89512,5,3,True
89554,5,3,True
89563,2,4,True
89574,8,-1,True
89575,8,-1,True
89576,8,-1,True
89577,8,-1,True
89578,7,-1,True
89579,7,-1,True
89594,5,3,True
89599,5,3,True
89601,3,5,True
89602,3,5,True
89603,3,5,True
89622,5,3,True
89634,5,3,True
89655,-1,10,True
89656,12,11,True
89658,4,2,True
89674,4,2,True
89745,10,12,True
89746,4,2,True
89747,8,-1,True
89748,5,3,True
89749,4,2,True
89752,13,11,True
89753,13,11,True
89754,13,12,True
89762,5,3,True
89788,14,10,True
89789,14,10,True
89790,13,11,True
89791,4,2,True
89804,13,12,True
89805,13,10,True
89806,10,12,True
89829,13,10,True
89830,4,2,True
89832,10,12,True
89840,13,11,True
89842,14,10,True
89843,13,11,True
89844,10,12,True
89845,10,12,True
89846,13,12,True
89849,4,2,True
89850,-1,10,True
89853,10,12,True
89854,13,11,True
89857,4,2,True
89858,14,10,True
89859,13,12,True
89860,14,10,True
89861,13,12,True
89863,10,12,True
89864,4,2,True
89869,4,2,True
89909,4,-1,True
89918,12,11,True
89919,13,11,True
89926,14,10,True
89927,4,2,True
89993,13,10,True
89994,13,11,True
89995,13,10,True
89997,13,10,True
89998,-1,10,True
89999,13,11,True
90002,4,2,True
90003,5,3,True
90027,4,2,True
90035,13,10,True
90036,13,12,True
90037,13,10,True
90038,2,4,True
90039,2,4,True
90040,2,4,True
90041,2,4,True
90042,2,4,True
90043,2,4,True
90044,2,4,True
90045,2,4,True
90046,2,4,True
90047,2,4,True
90048,2,4,True
90049,2,4,True
90050,2,4,True
90051,2,4,True
90052,2,4,True
90053,2,4,True
90054,2,4,True
90055,2,4,True
90056,2,4,True
90057,2,4,True
90058,2,4,True
90059,2,4,True
90060,2,4,True
90061,2,4,True
90062,2,4,True
90063,2,4,True
90064,2,4,True
90065,2,4,True
90066,2,4,True
90067,2,4,True
90068,2,4,True
90088,8,-1,True
90089,5,-1,True
90090,8,-1,True
90091,5,3,True
90092,4,2,True
90093,12,11,True
90094,13,11,True
90095,13,11,True
90096,10,12,True
90103,4,2,True
90108,4,2,True
90126,7,-1,True
90127,7,-1,True
90128,7,-1,True
90129,7,-1,True
90130,7,-1,True
90131,7,-1,True
90132,5,3,True
90135,5,3,True
90146,8,-1,True
90147,8,-1,True
90149,8,-1,True
90191,5,3,True
90210,4,2,True
90211,8,-1,True
90213,8,-1,True
90264,4,2,True
90276,4,2,True
90304,8,-1,True
90305,8,-1,True
90320,5,3,True
90323,8,-1,True
90325,8,-1,True
90327,5,3,True
90332,4,2,True
90405,14,10,True
90426,4,2,True
90446,4,2,True
90447,12,11,True
90448,10,12,True
90449,10,12,True
90450,12,11,True
90454,4,2,True
90455,5,3,True
90456,3,-1,True
90457,3,-1,True
90458,3,-1,True
90461,3,-1,True
90462,9,-1,True
90463,4,2,True
90464,12,11,True
90465,5,3,True
90485,2,4,True
90486,2,4,True
90487,2,4,True
90488,2,4,True
90489,13,12,True
90490,4,2,True
90491,12,11,True
90492,12,11,True
90493,12,11,True
90494,13,12,True
90495,4,2,True
90496,13,12,True
90499,13,11,True
90524,5,3,True
90532,5,3,True
90563,4,2,True
90661,4,2,True
90669,8,-1,True
90670,8,-1,True
90672,4,2,True
90694,5,3,True
90756,10,12,True
90757,-1,10,True
90759,12,11,True
90760,13,11,True
90761,-1,11,True
90762,-1,11,True
90763,-1,11,True
90764,14,10,True
90773,-1,10,True
90774,10,12,True
90775,14,10,True
90777,13,11,True
90778,14,10,True
90779,13,11,True
90780,12,11,True
90781,12,11,True
90782,10,12,True
90783,13,10,True
90784,4,2,True
90785,-1,10,True
90786,12,11,True
90790,7,-1,True
90808,4,2,True
90813,4,2,True
90855,10,12,True
90878,5,3,True
90880,5,3,True
90884,4,2,True
90885,12,11,True
90886,10,12,True
90908,5,3,True
90909,5,3,True
90910,7,-1,True
90911,7,-1,True
90912,7,-1,True
90915,4,2,True
90918,-1,10,True
90920,13,10,True
90921,13,11,True
90922,10,12,True
90923,10,12,True
90924,13,10,True
90925,13,11,True
90926,10,12,True
90928,10,12,True
90929,10,12,True
90930,-1,10,True
90931,-1,10,True
90937,4,2,True
90938,4,2,True
90940,4,2,True
90941,13,12,True
90942,13,11,True
90946,6,-1,True
90947,6,-1,True
90948,6,-1,True
90949,13,12,True
90966,4,2,True
90972,5,3,True
90995,4,2,True
91041,3,5,True
91042,3,5,True
91043,3,5,True
91046,5,3,True
91067,4,2,True
91070,5,3,True
91077,3,5,True
91078,3,5,True
91079,3,5,True
91085,4,2,True
91108,8,-1,True
91148,4,2,True
91189,5,3,True
91197,5,3,True
91198,5,3,True
91200,4,2,True
91201,13,11,True
91202,-1,12,True
91204,12,11,True
91205,10,12,True
91206,13,12,True
91207,10,12,True
91208,4,2,True
91295,5,3,True
91301,4,2,True
91302,12,11,True
91303,10,12,True
91304,10,12,True
91316,8,-1,True
91317,8,-1,True
91318,8,-1,True
91319,8,-1,True
91320,8,-1,True
91321,7,-1,True
91322,7,-1,True
91323,7,-1,True
91324,7,-1,True
91325,7,-1,True
91326,7,-1,True
91327,7,-1,True
91328,8,-1,True
91329,8,-1,True
91339,10,12,True
91340,13,12,True
91469,4,2,True
91470,14,10,True
91471,13,11,True
91473,-1,10,True
91474,4,2,True
91475,14,10,True
91476,10,12,True
91478,8,-1,True
91482,4,2,True
91498,10,12,True
91499,13,11,True
91500,4,2,True
91501,4,2,True
91504,4,2,True
91505,4,2,True
91508,5,3,True
91515,3,5,True
91516,3,5,True
91517,3,5,True
91518,3,5,True
91532,5,3,True
91533,3,-1,True
91534,3,-1,True
91535,3,-1,True
91536,3,-1,True
91537,3,5,True
91577,4,2,True
91578,13,10,True
91579,4,2,True
91580,5,3,True
91583,4,2,True
91695,5,3,True
91698,4,2,True
91706,5,3,True
91707,4,2,True
91736,3,5,True
91737,3,5,True
91738,3,5,True
91739,3,5,True
91740,3,5,True
91741,3,5,True
91742,3,5,True
91762,4,2,True
91766,4,2,True
91783,13,12,True
91784,13,11,True
91786,10,12,True
91787,13,11,True
91788,13,10,True
91789,13,11,True
91790,13,11,True
91791,-1,10,True
91792,14,10,True
91793,13,10,True
91794,10,12,True
91795,12,11,True
91796,10,12,True
91797,13,11,True
91798,13,11,True
91800,13,12,True
91801,14,10,True
91802,12,11,True
91803,13,11,True
91804,10,12,True
91805,13,10,True
91806,10,12,True
91807,12,11,True
91808,14,10,True
91809,13,11,True
91810,13,12,True
91824,5,3,True
91857,6,-1,True
91858,6,-1,True
91859,6,-1,True
91860,6,-1,True
91861,6,-1,True
91862,6,-1,True
91863,6,-1,True
91865,4,2,True
91866,4,2,True
91872,5,3,True
91894,10,12,True
91899,4,2,True
91914,13,11,True
91915,13,11,True
91951,5,3,True
91959,4,2,True
91960,10,12,True
91962,10,12,True
91963,14,10,True
91964,13,11,True
91965,4,2,True
91966,4,2,True
91970,4,2,True
91971,14,10,True
91972,12,11,True
91973,10,12,True
91974,10,12,True
91975,-1,10,True
91995,13,12,True
91996,14,10,True
91997,12,11,True
91998,12,11,True
92000,14,10,True
92001,10,12,True
92002,12,11,True
92003,4,2,True
92004,8,-1,True
92005,12,11,True
92006,10,12,True
92007,4,2,True
92008,13,12,True
92009,12,11,True
92010,-1,10,True
92011,13,10,True
92012,13,11,True
92013,4,2,True
92017,5,3,True
92026,5,3,True
92043,5,3,True
92048,3,-1,True
92049,3,-1,True
92052,3,-1,True
92053,7,-1,True
92054,7,-1,True
92055,7,-1,True
92071,7,-1,True
92072,7,-1,True
92073,7,-1,True
92076,6,-1,True
92079,9,-1,True
92080,9,-1,True
92081,9,-1,True
92082,9,-1,True
92091,3,5,True
92103,5,3,True
92115,5,3,True
92116,13,11,True
92118,10,-1,True
92119,14,-1,True
92120,13,11,True
92123,-1,12,True
92124,13,10,True
92125,10,-1,True
92126,4,2,True
92127,4,2,True
92142,8,-1,True
92143,8,-1,True
92194,14,10,True
92195,4,2,True
92267,5,3,True
92286,14,10,True
92287,10,12,True
92288,10,12,True
92289,12,11,True
92290,13,10,True
92291,10,12,True
92292,14,10,True
92293,12,11,True
92294,13,12,True
92295,-1,10,True
92300,4,2,True
92308,5,3,True
92310,5,3,True
92348,12,11,True
92349,14,10,True
92350,4,2,True
92355,4,2,True
92356,14,10,True
92357,-1,10,True
92358,13,10,True
92359,4,2,True
92360,13,10,True
92361,13,12,True
92362,12,11,True
92363,12,11,True
92364,10,12,True
92365,13,12,True
92366,12,11,True
92367,13,12,True
92368,10,12,True
92370,13,10,True
92371,-1,10,True
92372,-1,12,True
92373,13,10,True
92374,4,2,True
92376,4,2,True
92384,4,2,True
92387,12,11,True
92388,10,12,True
92389,12,11,True
92390,10,12,True
92391,13,12,True
92392,10,12,True
92393,13,11,True
92401,5,3,True
92422,4,2,True
92434,4,2,True
92481,4,2,True
92486,4,2,True
92487,5,3,True
92492,5,3,True
92493,8,-1,True
92496,5,3,True
92525,6,-1,True
92526,6,-1,True
92527,6,-1,True
92528,6,-1,True
92551,5,3,True
92555,5,3,True
92565,-1,10,True
92566,-1,10,True
92567,10,12,True
92568,13,12,True
92569,-1,10,True
92571,10,12,True
92572,13,12,True
92573,12,11,True
92574,14,10,True
92575,14,10,True
92576,13,10,True
92577,10,12,True
92578,12,11,True
92599,5,3,True
92623,13,11,True
92624,10,12,True
92626,14,10,True
92627,13,10,True
92628,10,12,True
92629,13,12,True
92630,14,10,True
92633,4,2,True
92634,12,11,True
92636,12,11,True
92637,10,12,True
92639,10,12,True
92640,13,12,True
92641,12,11,True
92643,13,10,True
92645,13,10,True
92681,8,-1,True
92682,7,-1,True
92683,7,-1,True
92684,3,-1,True
92685,3,-1,True
92686,7,-1,True
92688,7,-1,True
92713,8,-1,True
92714,8,-1,True
92721,10,12,True
92722,13,10,True
92723,-1,10,True
92724,13,10,True
92725,10,12,True
92726,14,10,True
92727,13,12,True
92729,-1,10,True
92730,13,12,True
92744,4,2,True
92745,4,2,True
92789,-1,10,True
92791,13,11,True
92792,-1,10,True
92793,10,12,True
92796,13,12,True
92797,13,10,True
92798,13,12,True
92799,13,10,True
92800,10,12,True
92801,10,12,True
92802,10,12,True
92812,5,3,True
92818,5,3,True
92822,7,-1,True
92823,7,-1,True
92827,13,10,True
92828,-1,10,True
92829,10,12,True
92835,5,3,True
92873,4,2,True
92917,2,4,True
92918,2,4,True
92919,2,4,True
92920,2,4,True
92921,2,4,True
92922,2,4,True
92923,2,4,True
92924,2,4,True
92925,2,4,True
92926,2,4,True
92927,2,4,True
92928,2,4,True
92929,2,4,True
92930,2,4,True
92931,2,4,True
92932,2,4,True
92933,2,4,True
92934,2,4,True
92935,2,4,True
92936,2,4,True
92984,9,-1,True
92985,9,-1,True
92986,9,-1,True
92987,9,-1,True
92988,9,-1,True
92989,9,-1,True
92993,9,-1,True
92994,9,-1,True
93010,3,-1,True
93027,-1,10,True
93050,5,3,True
93065,4,2,True
93069,4,2,True
93093,6,-1,True
93129,4,2,True
93254,5,3,True
93256,5,3,True
93257,5,3,True
93258,4,2,True
93281,-1,8,True
93282,-1,8,True
93289,-1,10,True
93301,14,10,True
93302,13,11,True
93303,-1,10,True
93304,10,12,True
93305,10,12,True
93306,10,12,True
93308,14,10,True
93309,13,11,True
93310,13,11,True
93311,13,12,True
93313,13,10,True
93315,14,10,True
93316,14,10,True
93317,4,2,True
93319,4,2,True
93334,5,3,True
93339,5,-1,True
93342,5,3,True
93428,-1,10,True
93429,13,10,True
93430,12,11,True
93431,13,-1,True
93433,10,12,True
93434,13,10,True
93435,10,12,True
93436,4,2,True
93449,14,10,True
93450,13,12,True
93451,13,12,True
93452,14,10,True
93453,4,2,True
93456,13,12,True
93457,10,12,True
93458,10,12,True
93459,10,12,True
93460,10,12,True
93461,14,10,True
93462,14,10,True
93463,14,10,True
93464,-1,10,True
93465,12,11,True
93466,13,10,True
93467,-1,10,True
93468,13,10,True
93469,13,10,True
93470,-1,10,True
93472,13,10,True
93473,13,11,True
93522,3,5,True
93523,3,5,True
93526,3,-1,True
93528,3,-1,True
93529,3,-1,True
93530,3,-1,True
93531,3,-1,True
93532,3,-1,True
93533,3,-1,True
93543,4,2,True
93544,2,4,True
93545,2,4,True
93546,2,4,True
93552,5,3,True
93555,5,3,True
93556,5,3,True
93579,5,3,True
93580,5,3,True
93581,5,-1,True
93584,5,-1,True
93585,4,2,True
93627,4,2,True
93633,4,2,True
93638,4,2,True
93671,4,2,True
93733,4,2,True
93735,5,3,True
93775,4,2,True
93790,4,2,True
93793,4,2,True
93794,13,10,True
93796,12,11,True
93797,13,10,True
93799,14,10,True
93800,4,2,True
93803,4,2,True
93804,14,10,True
93805,14,10,True
93806,12,11,True
93807,13,12,True
93808,14,10,True
93809,12,11,True
93810,10,12,True
93811,-1,10,True
93812,13,11,True
93813,10,12,True
93815,10,12,True
93816,13,12,True
93817,14,10,True
93818,10,12,True
93819,12,11,True
93820,12,11,True
93821,13,10,True
93822,14,10,True
93823,4,2,True
93829,7,-1,True
93830,7,-1,True
93831,7,-1,True
93832,7,-1,True
93833,7,-1,True
93840,6,-1,True
93841,6,-1,True
93842,13,10,True
93843,13,11,True
93844,10,12,True
93845,13,12,True
93848,10,12,True
93867,8,-1,True
93868,8,-1,True
93905,5,3,True
93906,4,2,True
93927,4,2,True
93971,4,2,True
93973,4,2,True
94005,12,11,True
94006,13,10,True
94008,-1,10,True
94009,4,2,True
94010,10,12,True
94011,10,12,True
94012,-1,12,True
94013,10,12,True
94014,12,11,True
94015,14,10,True
94016,12,11,True
94018,13,12,True
94019,14,10,True
94020,14,10,True
94021,10,12,True
94023,13,11,True
94024,14,10,True
94025,13,10,True
94026,14,10,True
94027,12,11,True
94028,14,10,True
94029,10,12,True
94030,10,12,True
94031,4,2,True
94032,4,2,True
94039,4,2,True
94040,5,3,True
94075,7,-1,True
94076,7,-1,True
94077,7,-1,True
94078,7,-1,True
94085,5,3,True
94086,8,-1,True
94089,5,3,True
94090,5,3,True
94109,13,11,True
94110,13,10,True
94111,-1,10,True
94112,12,11,True
94113,13,11,True
94114,13,10,True
94135,12,11,True
94136,4,2,True
94144,12,11,True
94145,13,11,True
94146,13,11,True
94147,13,12,True
94148,13,11,True
94149,13,10,True
94150,13,11,True
94151,12,11,True
94152,13,10,True
94153,12,11,True
94154,14,10,True
94155,10,12,True
94157,12,11,True
94159,14,10,True
94172,4,2,True
94174,4,2,True
94178,5,3,True
94242,4,2,True
94250,4,2,True
94339,3,5,True
94340,3,5,True
94343,3,5,True
94344,3,5,True
94345,3,5,True
94346,3,5,True
94356,-1,10,True
94358,10,12,True
94369,2,4,True
94370,2,4,True
94371,2,4,True
94374,-1,11,True
94375,-1,11,True
94378,2,4,True
94379,2,4,True
94381,5,3,True
94384,5,3,True
94385,5,3,True
94386,4,2,True
94387,5,3,True
94388,14,10,True
94389,4,2,True
94415,2,4,True
94416,2,4,True
94417,2,4,True
94418,2,4,True
94419,2,4,True
94420,2,4,True
94421,2,4,True
94424,4,2,True
94425,4,2,True
94426,4,2,True
94427,-1,10,True
94443,4,2,True
94449,4,2,True
94461,12,11,True
94462,13,12,True
94467,3,5,True
94468,3,5,True
94469,3,5,True
94470,4,2,True
94471,10,12,True
94477,7,-1,True
94478,7,-1,True
94479,7,-1,True
94480,-1,10,True
94481,13,11,True
94482,13,10,True
94483,4,2,True
94485,-1,10,True
94486,-1,10,True
94487,14,10,True
94488,10,12,True
94490,13,12,True
94491,13,11,True
94492,4,2,True
94493,4,2,True
94494,4,2,True
94496,5,3,True
94504,4,2,True
94526,3,-1,True
94527,8,-1,True
94528,8,-1,True
94551,4,2,True
94555,4,2,True
94556,10,12,True
94557,10,12,True
94559,13,10,True
94561,14,10,True
94562,14,10,True
94572,7,-1,True
94573,7,-1,True
94574,7,-1,True
94577,5,3,True
94581,8,-1,True
94590,5,3,True
94592,5,3,True
94640,4,2,True
94642,4,2,True
94647,4,2,True
94685,3,-1,True
94686,7,-1,True
94687,7,-1,True
94688,7,-1,True
94690,5,3,True
94692,13,11,True
94695,13,10,True
94696,12,11,True
94697,13,11,True
94698,12,11,True
94699,12,11,True
94711,13,11,True
94713,10,12,True
94714,-1,10,True
94715,14,10,True
94716,14,10,True
94717,10,12,True
94718,-1,10,True
94719,10,12,True
94720,10,12,True
94721,12,11,True
94722,13,12,True
94724,14,10,True
94725,-1,10,True
94726,14,10,True
94727,4,2,True
94738,4,2,True
94749,7,-1,True
94755,5,3,True
94762,5,3,True
94770,2,-1,True
94771,2,-1,True
94788,13,11,True
94789,12,11,True
94790,14,10,True
94791,10,12,True
94792,-1,10,True
94793,-1,10,True
94794,14,10,True
94835,13,11,True
94839,4,2,True
94840,4,2,True
94841,10,12,True
94842,10,12,True
94843,14,10,True
94844,4,2,True
94853,3,5,True
94854,3,5,True
94855,3,5,True
94856,3,5,True
94857,3,5,True
94858,3,5,True
94872,2,4,True
94873,2,4,True
94876,2,4,True
94877,2,4,True
94878,2,4,True
94879,2,4,True
94880,2,4,True
94881,4,2,True
94883,10,12,True
94885,4,2,True
94889,10,12,True
94893,14,-1,True
94894,4,2,True
94899,4,2,True
94950,4,2,True
94998,7,-1,True
94999,7,-1,True
95014,10,12,True
95030,5,3,True
95031,8,-1,True
95032,8,-1,True
95049,14,-1,True
95050,10,-1,True
95052,13,-1,True
95054,14,10,True
95055,14,10,True
95056,13,11,True
95057,4,2,True
95072,7,-1,True
95073,7,-1,True
95078,7,-1,True
95079,7,-1,True
95080,8,-1,True
95081,8,-1,True
95087,2,4,True
95088,2,4,True
95089,2,4,True
95090,2,4,True
95092,4,2,True
95102,-1,10,True
95103,4,2,True
95104,5,3,True
95134,13,11,True
95136,10,12,True
95138,10,12,True
95139,13,10,True
95140,13,11,True
95141,14,10,True
95142,10,12,True
95143,14,10,True
95144,12,11,True
95145,10,12,True
95147,4,2,True
95156,14,10,True
95157,4,2,True
95168,5,3,True
95170,5,3,True
95194,13,11,True
95195,-1,10,True
95196,13,11,True
95197,-1,10,True
95198,12,11,True
95200,14,10,True
95201,14,10,True
95203,13,11,True
95204,13,12,True
95205,12,11,True
95206,14,10,True
95207,12,11,True
95208,10,12,True
95209,13,12,True
95210,-1,10,True
95211,13,11,True
95213,14,10,True
95214,13,11,True
95215,14,10,True
95216,10,12,True
95217,10,12,True
95218,14,10,True
95219,12,11,True
95220,12,11,True
95222,13,11,True
95223,10,12,True
95224,13,12,True
95225,13,11,True
95228,-1,10,True
95229,13,11,True
95230,10,12,True
95231,13,10,True
95232,14,10,True
95233,14,10,True
95234,13,10,True
95235,10,12,True
95236,13,12,True
95237,14,10,True
95238,10,12,True
95239,10,12,True
95240,12,11,True
95241,10,12,True
95242,13,10,True
95243,-1,10,True
95244,10,12,True
95245,10,12,True
95246,10,12,True
95247,13,10,True
95248,10,12,True
95249,13,11,True
95250,10,12,True
95251,10,12,True
95253,14,10,True
95254,-1,10,True
95255,13,12,True
95256,12,11,True
95258,10,12,True
95259,13,10,True
95260,13,12,True
95261,-1,10,True
95262,14,10,True
95263,14,10,True
95264,13,12,True
95265,13,12,True
95267,12,11,True
95268,13,11,True
95269,10,12,True
95270,-1,10,True
95271,10,12,True
95272,13,11,True
95273,14,10,True
95274,13,10,True
95275,10,12,True
95276,13,12,True
95277,14,10,True
95278,13,11,True
95279,12,11,True
95280,-1,10,True
95281,10,12,True
95282,13,12,True
95283,14,10,True
95284,-1,10,True
95285,14,10,True
95286,10,12,True
95303,4,2,True
95308,4,2,True
95330,4,2,True
95337,4,2,True
95357,5,3,True
95361,4,2,True
95367,4,2,True
95457,14,10,True
95458,10,12,True
95461,13,11,True
95462,14,10,True
95466,10,12,True
95471,5,3,True
95472,4,2,True
95511,2,4,True
95512,2,4,True
95513,2,4,True
95514,2,4,True
95515,2,4,True
95516,2,4,True
95517,2,4,True
95518,2,4,True
95521,12,11,True
95527,12,11,True
95528,13,11,True
95531,10,12,True
95532,10,12,True
95533,13,12,True
95534,12,11,True
95536,12,11,True
95537,13,11,True
95538,-1,10,True
95539,12,11,True
95540,13,11,True
95541,13,10,True
95542,4,2,True
95543,13,12,True
95544,13,10,True
95545,13,11,True
95547,14,10,True
95548,10,12,True
95549,10,12,True
95550,-1,10,True
95551,13,12,True
95552,-1,10,True
95553,10,12,True
95554,13,10,True
95555,13,11,True
95556,13,11,True
95557,13,11,True
95560,13,-1,True
95561,14,-1,True
95562,10,-1,True
95563,10,12,True
95564,13,12,True
95565,14,10,True
95567,10,-1,True
95568,12,11,True
95569,14,10,True
95571,12,11,True
95572,13,10,True
95577,13,11,True
95592,13,12,True
95626,4,2,True
95627,-1,10,True
95628,3,5,True
95654,4,2,True
95664,5,3,True
95670,5,3,True
95671,5,-1,True
95728,4,2,True
95730,4,2,True
95737,4,2,True
95793,4,2,True
95794,3,-1,True
95795,3,-1,True
95812,13,11,True
95813,-1,10,True
95814,12,11,True
95815,4,2,True
95818,4,2,True
95826,5,3,True
95854,5,3,True
95855,4,2,True
95856,10,12,True
95863,4,2,True
95877,4,2,True
95928,8,-1,True
95929,8,-1,True
95930,8,-1,True
95932,8,-1,True
95933,8,-1,True
95934,8,-1,True
95935,8,-1,True
95936,8,-1,True
95937,7,-1,True
95938,7,-1,True
95939,7,-1,True
95942,8,-1,True
95946,8,-1,True
95947,5,-1,True
95948,8,-1,True
95949,5,-1,True
95951,4,2,True
95952,10,12,True
95954,4,2,True
95963,2,4,True
95964,2,4,True
95965,2,4,True
95970,4,2,True
95971,10,12,True
95972,10,12,True
95973,-1,10,True
95974,14,10,True
95975,10,12,True
95976,12,11,True
95977,13,12,True
95978,14,10,True
96003,5,3,True
96009,13,11,True
96010,9,-1,True
96011,9,-1,True
96012,9,-1,True
96013,9,-1,True
96014,9,-1,True
96016,-1,10,True
96017,14,10,True
96018,14,10,True
96019,12,11,True
96020,-1,10,True
96021,14,10,True
96022,12,11,True
96025,8,-1,True
96026,9,-1,True
96027,9,-1,True
96028,9,-1,True
96052,13,10,True
96053,13,10,True
96054,4,2,True
96065,3,5,True
96066,3,5,True
96076,3,5,True
96077,3,5,True
96093,5,3,True
96095,5,3,True
96098,8,-1,True
96104,8,-1,True
96118,13,12,True
96120,12,11,True
96121,12,11,True
96123,13,12,True
96124,-1,10,True
96126,-1,10,True
96127,4,2,True
96128,5,3,True
96132,8,-1,True
96161,5,3,True
96183,4,2,True
96185,14,10,True
96194,4,2,True
96218,4,2,True
96234,5,3,True
96237,4,2,True
96368,8,-1,True
96370,4,2,True
96381,8,-1,True
96430,4,2,True
96431,5,3,True
96435,10,12,True
96436,-1,10,True
96437,13,11,True
96438,4,2,True
96445,5,3,True
96466,10,12,True
96467,-1,12,True
96468,4,2,True
96472,7,-1,True
96473,7,-1,True
96474,7,-1,True
96489,5,3,True
96490,14,10,True
96491,4,2,True
96496,5,3,True
96519,10,12,True
96520,4,2,True
96521,14,10,True
96522,12,11,True
96523,13,12,True
96524,4,2,True
96526,5,3,True
96650,-1,10,True
96651,12,11,True
96662,10,12,True
96663,13,12,True
96666,12,11,True
96694,8,-1,True
96695,5,-1,True
96696,4,2,True
96712,13,11,True
96713,13,10,True
96715,13,11,True
96716,10,12,True
96722,-1,10,True
96723,10,12,True
96725,13,10,True
96726,14,10,True
96727,10,12,True
96729,14,10,True
96730,13,12,True
96731,12,11,True
96732,13,10,True
96733,13,11,True
96734,13,11,True
96735,12,11,True
96736,13,12,True
96737,4,2,True
96747,4,2,True
96750,4,2,True
96751,4,2,True
96752,-1,10,True
96753,13,11,True
96754,12,11,True
96755,13,11,True
96756,-1,10,True
96757,10,12,True
96758,13,12,True
96759,14,10,True
96760,14,10,True
96762,13,11,True
96763,-1,10,True
96764,4,2,True
96768,14,10,True
96769,13,12,True
96770,10,12,True
96771,13,11,True
96773,12,11,True
96774,-1,10,True
96775,14,10,True
96778,10,12,True
96780,13,11,True
96782,14,10,True
96784,10,12,True
96785,12,11,True
96787,13,11,True
96788,10,12,True
96789,-1,10,True
96790,10,12,True
96792,10,12,True
96793,14,10,True
96794,12,11,True
96796,10,12,True
96797,13,12,True
96798,14,10,True
96799,13,11,True
96801,10,12,True
96802,10,12,True
96803,2,4,True
96804,2,4,True
96805,2,4,True
96806,2,4,True
96807,2,4,True
96808,2,4,True
96809,2,4,True
96810,2,4,True
96811,2,4,True
96812,2,4,True
96813,2,4,True
96814,2,4,True
96815,2,4,True
96816,2,4,True
96818,3,5,True
96819,3,5,True
96820,3,5,True
96840,4,2,True
96841,10,12,True
96842,10,12,True
96870,5,3,True
96878,3,5,True
96879,3,5,True
96885,4,2,True
96890,8,-1,True
96894,12,11,True
96895,4,2,True
96896,13,10,True
96898,3,-1,True
96899,3,-1,True
96916,5,3,True
96918,12,11,True
96919,13,11,True
96920,12,11,True
96921,13,12,True
96922,14,10,True
96923,-1,10,True
96926,4,2,True
96927,4,2,True
96935,5,3,True
96939,10,12,True
96940,10,12,True
96941,10,-1,True
96944,4,2,True
96949,4,2,True
97013,4,2,True
97020,4,2,True
97021,4,2,True
97045,4,2,True
97127,13,10,True
97128,12,11,True
97130,13,10,True
97132,12,11,True
97133,4,2,True
97137,14,10,True
97138,12,11,True
97139,13,12,True
97140,-1,10,True
97141,10,12,True
97143,13,10,True
97150,-1,10,True
97174,5,3,True
97183,13,11,True
97184,12,11,True
97185,-1,10,True
97186,13,10,True
97187,10,12,True
97188,10,12,True
97189,4,2,True
97192,4,2,True
97193,10,12,True
97194,4,2,True
97210,8,-1,True
97219,13,11,True
97220,13,12,True
97221,12,11,True
97222,12,11,True
97223,13,11,True
97224,13,10,True
97225,10,12,True
97226,12,11,True
97227,-1,10,True
97228,12,11,True
97229,-1,10,True
97230,12,11,True
97231,13,11,True
97232,14,10,True
97233,13,12,True
97234,4,2,True
97240,4,2,True
97252,5,3,True
97270,4,2,True
97288,5,-1,True
97293,5,3,True
97294,5,3,True
97322,13,11,True
97362,7,-1,True
97365,7,-1,True
97390,5,3,True
97391,8,-1,True
97392,8,-1,True
97396,5,3,True
97409,5,3,True
97410,4,2,True
97417,3,5,True
97446,3,5,True
97447,3,5,True
97448,3,5,True
97449,3,5,True
97453,-1,10,True
97454,13,12,True
97455,10,12,True
97456,13,12,True
97458,13,10,True
97459,13,10,True
97460,12,11,True
97461,13,12,True
97462,12,11,True
97463,13,10,True
97464,13,12,True
97465,14,10,True
97466,13,11,True
97467,14,10,True
97468,10,12,True
97470,10,12,True
97471,-1,10,True
97472,13,11,True
97473,12,11,True
97474,14,10,True
97475,10,12,True
97476,-1,10,True
97477,14,10,True
97478,13,12,True
97479,12,11,True
97480,10,12,True
97483,13,11,True
97484,4,2,True
97488,10,12,True
97489,13,12,True
97492,4,2,True
97508,13,12,True
97509,2,4,True
97510,3,5,True
97511,3,5,True
97512,3,5,True
97513,3,5,True
97514,3,5,True
97515,3,5,True
97516,3,5,True
97517,3,5,True
97518,3,5,True
97519,3,5,True
97520,2,4,True
97524,3,5,True
97525,3,5,True
97538,2,4,True
97540,5,3,True
97541,5,3,True
97571,4,2,True
97620,7,-1,True
97623,4,2,True
97625,5,3,True
97628,4,2,True
97629,-1,10,True
97630,12,11,True
97631,-1,10,True
97632,10,12,True
97633,10,12,True
97634,4,2,True
97636,4,2,True
97642,-1,10,True
97643,10,12,True
97644,12,11,True
97646,14,10,True
97647,12,11,True
97648,12,11,True
97650,10,12,True
97651,13,10,True
97652,13,10,True
97653,10,12,True
97655,4,2,True
97656,12,11,True
97657,13,11,True
97660,13,10,True
97661,10,12,True
97665,13,10,True
97667,10,12,True
97668,10,12,True
97669,13,10,True
97670,4,2,True
97671,-1,10,True
97672,4,2,True
97682,9,-1,True
97683,9,-1,True
97685,5,3,True
97686,9,-1,True
97687,4,-1,True
97693,-1,10,True
97696,12,11,True
97697,10,12,True
97698,13,12,True
97699,13,10,True
97700,14,10,True
97702,10,12,True
97703,10,12,True
97704,12,11,True
97705,12,11,True
97706,10,12,True
97707,14,10,True
97708,13,12,True
97718,13,10,True
97719,13,11,True
97724,3,5,True
97744,3,5,True
97745,3,5,True
97746,3,5,True
97747,3,5,True
97748,3,5,True
97749,3,5,True
97750,3,5,True
97751,3,5,True
97752,3,5,True
97784,5,3,True
97805,5,3,True
97838,4,2,True
97849,4,-1,True
97865,14,10,True
97928,5,3,True
97931,13,12,True
97932,10,12,True
97933,13,10,True
97934,4,2,True
97937,5,3,True
97944,5,3,True
97948,4,2,True
97950,13,10,True
97951,-1,10,True
97952,10,12,True
97953,13,11,True
97954,13,11,True
97955,4,2,True
97956,3,-1,True
97957,3,-1,True
97958,3,-1,True
97978,4,2,True
97985,3,5,True
97986,4,2,True
97987,14,10,True
97988,12,11,True
97989,4,2,True
97994,4,2,True
97995,4,2,True
98018,5,3,True
98033,4,2,True
98041,5,3,True
98062,5,3,True
98141,4,2,True
98161,8,-1,True
98185,4,2,True
98188,12,11,True
98189,10,12,True
98190,4,2,True
98196,4,2,True
98223,8,-1,True
98227,8,-1,True
98233,5,3,True
98252,5,3,True
98253,4,2,True
98254,5,3,True
98258,4,2,True
98266,14,10,True
98267,12,11,True
98268,13,12,True
98295,5,3,True
98302,4,2,True
98305,14,10,True
98307,12,11,True
98308,13,11,True
98309,-1,10,True
98310,12,11,True
98311,12,11,True
98312,10,12,True
98337,4,2,True
98385,4,2,True
98404,5,3,True
98413,10,12,True
98414,10,12,True
98415,14,10,True
98416,10,12,True
98417,13,11,True
98420,13,12,True
98421,10,12,True
98423,13,11,True
98424,12,11,True
98425,13,12,True
98426,12,11,True
98428,13,12,True
98429,13,10,True
98430,14,10,True
98431,12,11,True
98432,-1,10,True
98433,13,12,True
98434,13,11,True
98435,10,12,True
98440,3,-1,True
98441,3,-1,True
98442,3,-1,True
98445,8,-1,True
98446,8,-1,True
98447,8,-1,True
98448,5,3,True
98457,3,-1,True
98458,3,-1,True
98459,3,-1,True
98460,3,-1,True
98478,4,2,True
98498,5,3,True
98520,9,-1,True
98521,9,-1,True
98522,9,-1,True
98523,9,-1,True
98524,9,-1,True
98527,9,-1,True
98530,4,2,True
98605,5,3,True
98620,13,11,True
98621,-1,11,True
98623,10,12,True
98701,4,2,True
98705,5,3,True
98794,3,5,True
98795,3,5,True
98808,5,3,True
98810,3,5,True
98811,4,2,True
98822,5,3,True
98827,-1,10,True
98828,13,11,True
98829,10,12,True
98830,13,10,True
98831,10,12,True
98832,-1,10,True
98833,10,12,True
98834,13,12,True
98836,10,12,True
98837,4,2,True
98838,10,12,True
98840,10,12,True
98841,13,10,True
98842,12,11,True
98843,-1,10,True
98844,10,12,True
98868,5,3,True
98869,13,12,True
98870,12,11,True
98871,10,12,True
98873,10,12,True
98874,4,2,True
98889,4,2,True
98900,4,2,True
98913,4,2,True
98921,5,3,True
98929,4,2,True
98930,13,10,True
98931,13,12,True
98932,-1,10,True
98986,4,2,True
99007,13,12,True
99010,12,11,True
99011,4,2,True
99013,13,12,True
99014,4,2,True
99015,-1,10,True
99016,-1,10,True
99017,4,2,True
99018,12,11,True
99019,13,11,True
99021,13,10,True
99022,12,11,True
99023,14,10,True
99024,4,2,True
99040,5,3,True
99060,4,2,True
99077,4,2,True
99086,4,2,True
99088,5,3,True
99169,4,2,True
99192,13,10,True
99193,12,11,True
99198,4,2,True
99202,4,2,True
99207,8,-1,True
99326,5,3,True
99330,14,10,True
99331,12,11,True
99341,5,3,True
99350,5,3,True
99358,12,11,True
99359,4,2,True
99360,-1,10,True
99361,10,12,True
99362,12,11,True
99374,5,3,True
99377,5,3,True
99422,5,3,True
99423,-1,10,True
99424,13,12,True
99425,-1,10,True
99443,4,2,True
99444,5,3,True
99500,4,2,True
99501,4,2,True
99503,5,3,True
99505,5,3,True
99508,5,3,True
99526,2,4,True
99536,4,2,True
99537,4,2,True
99538,12,11,True
99539,12,11,True
99540,14,10,True
99546,8,-1,True
99547,8,-1,True
99548,8,-1,True
99549,8,-1,True
99550,8,-1,True
99551,8,-1,True
99552,8,-1,True
99558,5,3,True
99570,4,2,True
99606,5,3,True
99618,5,3,True
99629,7,-1,True
99630,7,-1,True
99631,7,-1,True
99633,7,-1,True
99634,7,-1,True
99635,7,-1,True
99636,5,3,True
99683,4,2,True
99685,8,-1,True
99686,5,-1,True
99707,10,12,True
99708,13,10,True
99709,12,11,True
99732,4,2,True
99746,4,2,True
99755,5,3,True
99760,5,3,True
99768,4,2,True
99785,4,2,True
99833,4,2,True
99839,4,2,True
99904,4,2,True
99906,13,12,True
99907,13,11,True
99908,12,11,True
99909,13,11,True
99910,13,10,True
99911,13,11,True
99912,14,10,True
99919,5,3,True
99920,5,3,True
100010,5,3,True
100026,4,2,True
100027,4,2,True
100037,4,2,True
100038,4,2,True
100039,10,12,True
100040,13,11,True
100041,12,11,True
100043,10,-1,True
100078,13,12,True
100079,14,10,True
100080,13,12,True
100117,13,11,True
100118,4,2,True
100119,-1,10,True
100122,14,10,True
100123,4,2,True
100126,4,2,True
100140,4,2,True
100143,4,2,True
100148,13,10,True
100149,13,10,True
100152,8,-1,True
100153,8,-1,True
100178,4,2,True
100179,13,11,True
100180,13,10,True
100181,10,12,True
100182,10,12,True
100183,-1,10,True
100184,10,12,True
100185,10,12,True
100186,4,2,True
100192,5,3,True
100202,6,-1,True
100203,6,-1,True
100204,6,-1,True
100215,2,4,True
100216,2,4,True
100217,2,4,True
100218,2,4,True
100219,2,4,True
100220,2,4,True
100221,2,4,True
100222,2,4,True
100223,2,4,True
100224,2,4,True
100225,2,4,True
100226,2,4,True
100227,2,4,True
100228,2,4,True
100229,2,4,True
100230,2,4,True
100231,3,5,True
100237,5,3,True
100239,4,2,True
100241,13,11,True
100242,13,10,True
100245,13,11,True
100246,12,11,True
100247,13,12,True
100248,10,-1,True
100249,10,-1,True
100252,10,-1,True
100253,13,11,True
100254,13,10,True
100256,13,10,True
100258,4,2,True
100260,5,3,True
100298,4,2,True
100299,4,2,True
100300,13,12,True
100306,3,5,True
100309,5,3,True
100311,5,3,True
100316,13,11,True
100317,13,10,True
100318,12,11,True
100323,4,2,True
100324,14,10,True
100379,5,3,True
100426,4,2,True
100487,5,3,True
100491,5,3,True
100495,4,2,True
100498,12,11,True
100499,13,12,True
100500,13,11,True
100501,12,11,True
100504,13,12,True
100505,13,11,True
100506,13,11,True
100526,10,-1,True
100529,14,-1,True
100530,13,-1,True
100548,-1,10,True
100549,10,12,True
100550,14,10,True
100551,14,10,True
100554,4,2,True
100555,10,12,True
100556,13,10,True
100557,13,10,True
100558,13,11,True
100559,10,12,True
100560,12,11,True
100561,12,11,True
100562,-1,10,True
100563,-1,10,True
100564,13,10,True
100565,14,10,True
100566,14,10,True
100568,12,11,True
100569,4,2,True
100574,13,11,True
100575,13,11,True
100576,14,10,True
100577,13,12,True
100578,12,11,True
100582,4,2,True
100602,-1,10,True
100603,4,2,True
100604,10,12,True
100605,13,10,True
100606,13,12,True
100607,12,11,True
100608,14,10,True
100609,13,11,True
100610,-1,10,True
100611,4,2,True
100613,4,2,True
100628,6,-1,True
100629,5,3,True
100639,2,4,True
100640,2,4,True
100641,2,4,True
100642,2,4,True
100643,2,4,True
100714,4,2,True
100717,3,5,True
100718,3,5,True
100719,3,5,True
100720,5,3,True
100723,4,2,True
100731,5,3,True
100732,10,12,True
100733,4,2,True
100739,10,12,True
100740,14,10,True
100745,13,11,True
100746,10,12,True
100752,4,2,True
100753,10,12,True
100754,-1,10,True
100755,13,11,True
100807,5,3,True
100808,5,3,True
100811,5,3,True
100812,5,3,True
100880,14,10,True
100894,10,12,True
100895,14,10,True
100897,13,11,True
100898,-1,10,True
100899,12,11,True
100900,12,11,True
100901,13,11,True
100902,12,11,True
100904,13,11,True
100905,10,12,True
100906,-1,10,True
100907,10,12,True
100908,10,12,True
100909,13,10,True
100911,-1,10,True
100913,13,10,True
100914,4,2,True
100915,5,3,True
100936,10,12,True
100942,4,2,True
100945,6,-1,True
100958,4,2,True
100982,4,2,True
101088,13,10,True
101090,13,10,True
101091,-1,10,True
101092,13,12,True
101093,13,11,True
101094,10,12,True
101095,13,11,True
101096,10,12,True
101106,10,12,True
101107,13,11,True
101112,4,2,True
101116,4,2,True
101117,2,4,True
101118,3,5,True
101119,3,5,True
101120,3,5,True
101121,12,11,True
101123,13,12,True
101125,4,2,True
101126,13,12,True
101127,14,10,True
101128,13,10,True
101161,8,-1,True
101162,8,-1,True
101163,8,-1,True
101164,8,-1,True
101165,8,-1,True
101166,8,-1,True
101167,8,-1,True
101168,8,-1,True
101169,8,-1,True
101170,7,-1,True
101171,7,-1,True
101172,7,-1,True
101173,7,-1,True
101178,7,-1,True
101179,7,-1,True
101180,7,-1,True
101181,7,-1,True
101182,7,-1,True
101183,7,-1,True
101184,7,-1,True
101185,4,2,True
101186,5,3,True
101190,4,2,True
101194,5,3,True
101226,4,2,True
101240,5,3,True
101241,4,2,True
101255,5,3,True
101266,4,2,True
101318,8,-1,True
101326,8,-1,True
101327,8,-1,True
101328,8,-1,True
101330,3,-1,True
101341,5,3,True
101342,8,-1,True
101343,8,-1,True
101344,5,-1,True
101345,14,10,True
101346,4,2,True
101349,8,-1,True
101350,5,3,True
101352,5,-1,True
101356,10,12,True
101364,3,5,True
101365,3,5,True
101396,4,2,True
101430,4,2,True
101456,4,2,True
101461,4,2,True
101486,4,2,True
101542,5,3,True
101560,5,3,True
101564,4,2,True
101581,4,2,True
101586,4,2,True
101587,12,11,True
101588,10,12,True
101611,8,-1,True
101616,7,-1,True
101617,7,-1,True
101619,7,-1,True
101621,7,-1,True
101626,4,2,True
101632,4,2,True
101636,4,2,True
101648,5,3,True
101658,5,3,True
101659,5,3,True
101675,2,4,True
101677,2,4,True
101678,2,4,True
101679,2,4,True
101680,2,4,True
101681,2,4,True
101682,2,4,True
101683,2,4,True
101684,2,4,True
101685,2,4,True
101703,4,2,True
101705,10,12,True
101706,14,10,True
101707,13,11,True
101708,10,12,True
101709,-1,10,True
101710,-1,10,True
101711,13,11,True
101712,14,10,True
101713,-1,10,True
101714,10,12,True
101715,10,12,True
101716,14,10,True
101718,13,12,True
101720,12,11,True
101721,10,12,True
101723,14,10,True
101724,12,11,True
101777,12,11,True
101778,10,12,True
101779,13,11,True
101780,10,12,True
101781,13,11,True
101784,10,12,True
101785,10,12,True
101786,-1,10,True
101787,4,2,True
101788,4,2,True
101789,10,12,True
101805,4,2,True
101822,4,2,True
101823,4,2,True
101844,-1,10,True
101845,10,12,True
101847,-1,10,True
101849,10,12,True
101850,-1,10,True
101853,13,11,True
101854,12,11,True
101855,14,10,True
101856,13,10,True
101857,14,10,True
101858,13,11,True
101859,-1,11,True
101861,-1,11,True
101862,-1,11,True
101865,-1,11,True
101867,13,10,True
101868,4,2,True
101874,14,10,True
101875,10,12,True
101876,13,10,True
101878,-1,10,True
101879,14,10,True
101894,5,3,True
101908,3,5,True
101910,5,3,True
101911,10,12,True
101913,4,2,True
101916,3,5,True
101917,3,5,True
101931,8,-1,True
101934,3,5,True
101941,5,3,True
101995,7,-1,True
101996,7,-1,True
102007,4,2,True
102008,10,12,True
102010,14,10,True
102011,4,2,True
102043,5,3,True
102049,5,3,True
102052,5,3,True
102078,4,2,True
102116,4,-1,True
102173,5,3,True
102178,5,3,True
102206,8,-1,True
102207,8,-1,True
102208,8,-1,True
102209,5,3,True
102215,14,10,True
102216,13,11,True
102217,13,12,True
102234,12,11,True
102235,10,12,True
102236,14,10,True
102237,-1,10,True
102239,13,11,True
102240,-1,10,True
102241,12,11,True
102242,-1,10,True
102243,10,12,True
102253,4,2,True
102260,3,5,True
102261,3,5,True
102262,3,5,True
102263,3,5,True
102264,3,5,True
102265,3,5,True
102282,5,3,True
102290,5,3,True
102399,4,2,True
102401,5,3,True
102404,4,2,True
102431,5,3,True
102436,4,2,True
102437,13,11,True
102438,13,11,True
102441,3,-1,True
102442,10,12,True
102443,10,12,True
102444,-1,10,True
102452,5,3,True
102454,5,3,True
102457,5,3,True
102459,14,10,True
102460,13,12,True
102463,12,11,True
102464,13,11,True
102465,13,11,True
102467,13,12,True
102468,10,12,True
102469,-1,10,True
102490,5,3,True
102515,4,2,True
102519,9,-1,True
102520,4,2,True
102524,4,2,True
102526,5,3,True
102558,4,2,True
102565,5,3,True
102566,5,3,True
102575,5,3,True
102622,14,10,True
102623,10,12,True
102625,-1,10,True
102634,4,2,True
102635,13,10,True
102636,13,12,True
102637,12,11,True
102638,13,11,True
102639,4,2,True
102650,9,-1,True
102651,9,-1,True
102652,9,-1,True
102653,9,-1,True
102654,9,-1,True
102655,9,-1,True
102659,9,-1,True
102660,9,-1,True
102661,9,-1,True
102662,9,-1,True
102663,9,-1,True
102664,9,-1,True
102665,9,-1,True
102666,9,-1,True
102667,9,-1,True
102668,5,3,True
102669,2,4,True
102670,2,4,True
102686,5,3,True
102701,5,3,True
102702,7,-1,True
102703,7,-1,True
102704,3,5,True
102705,3,5,True
102706,3,5,True
102707,3,5,True
102720,13,12,True
102729,3,5,True
102730,5,3,True
102740,4,2,True
102793,5,3,True
102890,14,10,True
102895,5,3,True
102897,5,3,True
102898,5,3,True
102904,14,10,True
102905,-1,10,True
102906,4,2,True
102916,2,-1,True
102922,5,3,True
102934,10,12,True
102935,12,11,True
102936,13,10,True
102937,-1,12,True
102938,12,11,True
102939,13,10,True
102941,10,12,True
102942,12,11,True
102943,13,10,True
102948,5,3,True
102950,4,2,True
102953,4,2,True
102960,13,10,True
102961,14,10,True
102962,13,11,True
102964,14,10,True
102965,10,12,True
102966,-1,10,True
102967,4,2,True
102969,13,12,True
102970,10,12,True
102971,13,12,True
102972,14,10,True
102974,13,10,True
102975,12,11,True
102976,12,11,True
102977,13,12,True
102978,4,2,True
102981,5,3,True
102982,3,5,True
102987,8,-1,True
102988,8,-1,True
103001,5,3,True
103027,3,5,True
103032,5,3,True
103045,4,2,True
103046,4,2,True
103057,5,3,True
103060,4,2,True
103062,5,3,True
103076,5,3,True
103077,-1,10,True
103078,4,2,True
103103,4,2,True
103109,8,-1,True
103110,8,-1,True
103112,4,-1,True
103113,9,-1,True
103114,14,10,True
103115,10,12,True
103117,5,3,True
103126,3,5,True
103127,3,5,True
103130,3,5,True
103131,3,5,True
103132,5,3,True
103133,5,3,True
103139,5,3,True
103140,5,3,True
103191,5,3,True
103195,13,11,True
103196,10,12,True
103198,10,12,True
103199,10,12,True
103200,12,11,True
103201,14,10,True
103202,10,12,True
103235,5,3,True
103251,4,2,True
103305,14,10,True
103307,-1,12,True
103308,10,12,True
103309,14,10,True
103310,4,2,True
103413,12,11,True
103415,12,11,True
103417,14,10,True
103418,14,10,True
103419,-1,10,True
103420,14,10,True
103421,10,12,True
103423,13,11,True
103424,13,11,True
103425,13,10,True
103426,13,11,True
103427,-1,10,True
103428,4,2,True
103429,13,11,True
103430,14,10,True
103431,13,11,True
103432,14,10,True
103433,12,11,True
103434,12,11,True
103435,12,11,True
103436,12,11,True
103437,10,12,True
103451,4,2,True
103453,4,2,True
103454,5,3,True
103611,13,11,True
103685,10,12,True
103686,13,10,True
103687,12,11,True
103689,4,2,True
103699,4,2,True
103717,8,-1,True
103718,5,3,True
103719,3,-1,True
103774,2,4,True
103778,12,11,True
103779,13,10,True
103783,2,4,True
103787,7,-1,True
103788,7,-1,True
103789,7,-1,True
103791,5,3,True
103813,5,3,True
103814,8,-1,True
103815,5,3,True
103819,5,3,True
103826,4,2,True
103830,2,-1,True
103831,9,-1,True
103834,9,-1,True
103835,9,-1,True
103842,4,2,True
103843,4,-1,True
103844,9,-1,True
103845,9,-1,True
103846,9,-1,True
103847,4,2,True
103849,13,10,True
103850,4,2,True
103852,4,2,True
103854,13,10,True
103855,4,2,True
103863,5,3,True
103864,3,5,True
103865,3,5,True
103866,3,5,True
103867,3,5,True
103887,13,10,True
103888,13,12,True
103889,10,12,True
103890,10,12,True
103892,-1,10,True
103893,-1,10,True
103894,13,11,True
103895,12,11,True
103896,14,10,True
103897,13,11,True
103898,12,11,True
103899,13,11,True
103900,4,2,True
103917,5,3,True
103918,5,3,True
103923,3,-1,True
103925,4,2,True
103930,5,3,True
103934,3,5,True
103939,3,5,True
103940,3,5,True
103941,3,5,True
103942,3,5,True
103949,8,-1,True
103950,8,-1,True
103951,5,3,True
103952,5,3,True
103958,10,12,True
103968,4,2,True
103969,-1,10,True
103970,10,12,True
103971,14,10,True
103972,14,10,True
103973,10,12,True
103974,10,12,True
103975,10,12,True
103976,14,10,True
103977,13,12,True
103978,3,5,True
103979,4,2,True
103990,5,3,True
104022,4,2,True
104033,4,2,True
104162,4,2,True
104165,3,-1,True
104166,3,-1,True
104167,3,-1,True
104168,3,-1,True
104169,13,11,True
104170,14,10,True
104171,4,2,True
104179,5,3,True
104180,5,3,True
104184,8,-1,True
104185,2,4,True
104197,-1,10,True
104198,13,11,True
104199,4,2,True
104211,4,2,True
104212,13,11,True
104213,13,10,True
104214,13,12,True
104216,13,12,True
104217,-1,10,True
104218,10,12,True
104219,13,11,True
104220,10,12,True
104222,7,-1,True
104223,10,12,True
104225,14,10,True
104226,4,2,True
104230,14,10,True
104231,13,12,True
104232,10,12,True
104233,12,11,True
104237,4,2,True
104253,5,3,True
104257,5,3,True
104275,4,2,True
104296,10,12,True
104297,13,11,True
104298,-1,10,True
104317,4,2,True
104335,5,3,True
104336,5,3,True
104342,4,2,True
104343,4,2,True
104345,10,12,True
104347,12,11,True
104348,12,11,True
104349,12,11,True
104351,10,12,True
104352,13,10,True
104353,4,2,True
104355,13,11,True
104356,14,10,True
104357,10,12,True
104358,4,2,True
104377,4,2,True
104462,13,10,True
104463,4,2,True
104474,4,2,True
104481,4,2,True
104493,4,2,True
104499,4,2,True
104512,2,-1,True
104513,2,-1,True
104514,2,-1,True
104515,2,-1,True
104519,5,3,True
104523,3,5,True
104525,3,5,True
104526,3,5,True
104538,5,3,True
104575,2,4,True
104576,2,4,True
104579,5,-1,True
104586,5,3,True
104591,5,3,True
104595,4,2,True
104603,10,12,True
104604,13,12,True
104611,13,10,True
104612,10,12,True
104613,-1,10,True
104614,13,11,True
104615,10,12,True
104619,5,3,True
104634,5,3,True
104698,7,-1,True
104699,7,-1,True
104702,5,-1,True
104703,8,-1,True
104704,5,3,True
104705,8,-1,True
104707,5,3,True
104751,13,10,True
104812,13,10,True
104813,4,2,True
104814,-1,10,True
104815,4,2,True
104817,5,3,True
104818,4,2,True
104839,3,5,True
104840,5,3,True
104844,3,5,True
104845,3,5,True
104846,4,2,True
104851,5,3,True
104856,8,-1,True
104870,5,3,True
104874,10,12,True
104875,10,12,True
104880,5,3,True
104882,5,3,True
104894,-1,10,True
104895,-1,10,True
104896,4,2,True
104898,4,2,True
104900,4,2,True
104901,4,2,True
104903,12,11,True
104904,12,11,True
104905,10,12,True
104906,10,12,True
104907,-1,10,True
104908,13,10,True
104923,4,2,True
104924,5,3,True
104925,4,2,True
104944,4,2,True
104988,13,12,True
104989,-1,12,True
104990,10,12,True
104991,14,10,True
104992,13,12,True
104993,10,12,True
104994,10,12,True
104995,13,12,True
104996,10,12,True
104999,12,11,True
105000,13,12,True
105001,12,11,True
105002,14,10,True
105003,10,12,True
105004,10,12,True
105005,12,11,True
105009,5,-1,True
105010,3,-1,True
105011,3,-1,True
105012,3,-1,True
105013,3,-1,True
105014,3,-1,True
105015,3,-1,True
105016,3,-1,True
105017,3,-1,True
105018,3,-1,True
105019,7,-1,True
105043,5,3,True
105051,5,3,True
105054,5,3,True
105056,5,3,True
105087,4,2,True
105109,5,-1,True
105113,13,12,True
105114,10,12,True
105115,14,10,True
105137,13,11,True
105138,10,12,True
105141,5,3,True
105142,8,-1,True
105150,5,3,True
105153,10,12,True
105154,10,12,True
105157,13,10,True
105158,13,12,True
105159,4,2,True
105170,5,3,True
105174,12,11,True
105212,4,2,True
105213,4,2,True
105219,4,2,True
105220,14,10,True
105222,14,10,True
105224,4,2,True
105225,8,-1,True
105226,8,-1,True
105227,8,-1,True
105228,8,-1,True
105229,8,-1,True
105230,8,-1,True
105231,8,-1,True
105232,4,2,True
105233,5,3,True
105236,3,5,True
105237,3,5,True
105238,3,5,True
105239,3,5,True
105243,5,3,True
105269,14,10,True
105272,4,2,True
105273,10,12,True
105274,13,11,True
105275,-1,10,True
105276,-1,11,True
105277,4,2,True
105288,10,12,True
105289,10,12,True
105295,5,3,True
105332,4,2,True
105346,5,3,True
105350,8,-1,True
105364,5,3,True
105374,4,2,True
105400,4,2,True
105406,4,2,True
105437,4,2,True
105439,13,-1,True
105445,-1,11,True
105480,12,11,True
105481,13,10,True
105482,12,11,True
105489,3,5,True
105490,5,3,True
105499,5,3,True
105524,12,11,True
105525,13,10,True
105526,10,12,True
105527,13,11,True
105528,-1,10,True
105529,-1,10,True
105530,13,10,True
105533,-1,10,True
105534,13,11,True
105535,13,11,True
105536,4,2,True
105541,4,2,True
105546,4,2,True
105547,3,5,True
105548,3,5,True
105549,3,5,True
105550,3,5,True
105551,3,5,True
105552,3,5,True
105553,3,5,True
105554,3,5,True
105555,3,5,True
105557,5,3,True
105559,5,3,True
105572,4,2,True
105586,4,2,True
105631,13,11,True
105632,10,12,True
105642,7,-1,True
105643,7,-1,True
105644,7,-1,True
105645,7,-1,True
105650,7,-1,True
105672,12,11,True
105674,4,2,True
105680,13,12,True
105681,14,10,True
105682,13,11,True
105684,10,12,True
105685,4,2,True
105697,4,2,True
105724,5,3,True
105728,4,2,True
105731,8,-1,True
105735,8,-1,True
105736,8,-1,True
105737,8,-1,True
105771,4,2,True
105777,5,3,True
105778,5,3,True
105804,5,3,True
105807,7,-1,True
105828,5,3,True
105849,-1,11,True
105852,4,2,True
105896,12,11,True
105897,13,10,True
105899,10,12,True
105919,5,3,True
105923,5,3,True
105924,5,3,True
105925,3,5,True
105926,3,5,True
105927,4,2,True
105928,4,2,True
105933,4,2,True
105940,13,11,True
105943,4,2,True
105956,2,4,True
105957,2,4,True
105958,2,4,True
105959,2,4,True
105960,2,4,True
105961,2,4,True
105962,2,4,True
105963,2,4,True
105964,2,4,True
105965,2,4,True
105966,2,4,True
105967,2,4,True
105968,2,4,True
105969,2,4,True
105970,2,4,True
105971,2,4,True
105972,2,4,True
105973,4,2,True
105988,4,2,True
105989,4,2,True
105990,13,11,True
105991,3,5,True
105994,10,12,True
106004,4,2,True
106005,4,2,True
106024,5,3,True
106032,5,3,True
106040,4,2,True
106041,13,12,True
106047,4,2,True
106146,7,-1,True
106147,7,-1,True
106148,7,-1,True
106151,8,-1,True
106152,8,-1,True
106160,5,3,True
106167,4,2,True
106192,12,11,True
106193,13,11,True
106194,4,2,True
106196,4,2,True
106214,6,-1,True
106219,5,3,True
106222,5,3,True
106226,5,3,True
106232,4,2,True
106242,5,3,True
106259,5,3,True
106265,5,3,True
106278,5,3,True
106279,13,11,True
106281,10,12,True
106282,10,12,True
106283,10,12,True
106284,12,11,True
106285,13,10,True
106286,10,12,True
106287,10,12,True
106288,10,12,True
106289,12,11,True
106290,10,12,True
106291,10,12,True
106292,14,10,True
106293,14,10,True
106294,13,10,True
106301,13,10,True
106302,4,2,True
106305,5,3,True
106379,12,11,True
106380,14,10,True
106386,4,2,True
106390,4,2,True
106400,4,2,True
106408,5,3,True
106433,4,2,True
106434,2,-1,True
106435,2,4,True
106436,2,4,True
106437,2,4,True
106449,10,12,True
106450,10,12,True
106451,14,10,True
106452,12,11,True
106477,4,2,True
106532,3,5,True
106533,2,4,True
106545,5,3,True
106550,9,-1,True
106551,9,-1,True
106552,9,-1,True
106553,4,2,True
106602,5,3,True
106603,4,2,True
106604,5,3,True
106605,8,-1,True
106696,14,10,True
106697,-1,10,True
106698,10,12,True
106699,10,12,True
106700,14,10,True
106701,-1,10,True
106702,13,11,True
106703,12,11,True
106704,-1,10,True
106713,7,-1,True
106714,7,-1,True
106715,7,-1,True
106716,5,3,True
106722,2,-1,True
106723,2,-1,True
106724,2,-1,True
106725,2,-1,True
106726,5,3,True
106741,5,3,True
106743,5,3,True
106744,4,2,True
106770,4,2,True
106775,5,3,True
106779,4,2,True
106794,-1,10,True
106795,13,11,True
106796,-1,10,True
106797,4,2,True
106807,7,-1,True
106811,10,12,True
106812,4,2,True
106813,12,11,True
106815,12,11,True
106816,12,11,True
106817,13,10,True
106818,13,11,True
106819,12,11,True
106820,13,12,True
106821,12,11,True
106822,12,11,True
107066,4,2,True
107067,13,10,True
107068,13,10,True
107070,4,2,True
107084,4,2,True
107086,3,5,True
107087,3,5,True
107088,3,5,True
107089,3,5,True
107107,7,-1,True
107108,7,-1,True
107109,7,-1,True
107117,13,12,True
107118,10,12,True
107119,13,11,True
107123,5,3,True
107124,5,3,True
107135,10,12,True
107136,13,10,True
107137,4,2,True
107141,5,3,True
107191,4,2,True
107310,7,-1,True
107315,8,-1,True
107321,5,3,True
107333,3,-1,True
107334,3,-1,True
107335,8,-1,True
107336,8,-1,True
107338,5,3,True
107341,5,3,True
107342,8,-1,True
107343,10,12,True
107345,10,12,True
107346,13,12,True
107347,14,10,True
107348,13,11,True
107349,10,12,True
107362,4,2,True
107368,12,11,True
107370,4,2,True
107371,10,12,True
107396,13,12,True
107398,10,12,True
107399,4,2,True
107400,10,12,True
107401,10,12,True
107402,12,11,True
107403,5,-1,True
107499,4,2,True
107506,4,2,True
107514,4,2,True
107517,4,2,True
107518,4,2,True
107519,10,12,True
107520,12,11,True
107521,12,11,True
107526,3,5,True
107538,5,3,True
107589,8,-1,True
107590,8,-1,True
107591,8,-1,True
107646,4,2,True
107656,4,-1,True
107715,4,2,True
107833,4,2,True
107834,10,12,True
107835,10,12,True
107846,5,3,True
107848,4,2,True
107849,5,3,True
107878,14,10,True
107879,10,12,True
107949,5,3,True
107950,5,3,True
107973,4,2,True
107976,5,3,True
107977,5,3,True
107978,5,3,True
107979,5,3,True
107980,4,2,True
107992,5,3,True
107993,13,11,True
107994,12,11,True
107995,-1,10,True
107996,14,10,True
108012,4,2,True
108018,4,2,True
108019,13,10,True
108020,4,2,True
108023,4,2,True
108027,4,2,True
108028,4,2,True
108033,13,12,True
108034,14,10,True
108035,13,12,True
108038,12,11,True
108039,13,11,True
108042,14,10,True
108043,14,10,True
108044,10,12,True
108046,12,11,True
108047,14,10,True
108049,12,11,True
108051,13,11,True
108052,10,12,True
108053,13,11,True
108054,14,10,True
108055,13,11,True
108056,13,11,True
108057,4,2,True
108058,4,2,True
108060,-1,10,True
108061,12,11,True
108062,12,11,True
108063,13,10,True
108064,13,11,True
108065,14,10,True
108066,13,10,True
108067,13,12,True
108068,4,2,True
108074,-1,10,True
108075,10,12,True
108089,4,-1,True
108090,3,5,True
108140,4,2,True
108156,3,5,True
108157,3,5,True
108158,3,5,True
108159,4,2,True
108160,-1,10,True
108161,10,12,True
108163,4,2,True
108174,4,2,True
108232,4,2,True
108235,4,2,True
108236,9,-1,True
108237,9,-1,True
108238,9,-1,True
108239,9,-1,True
108240,9,-1,True
108261,4,2,True
108262,4,2,True
108263,4,2,True
108272,4,2,True
108334,4,2,True
108336,4,2,True
108337,3,5,True
108362,12,11,True
108363,9,-1,True
108364,9,-1,True
108366,14,10,True
108367,13,11,True
108369,13,11,True
108370,12,11,True
108372,10,12,True
108373,10,12,True
108374,14,10,True
108375,8,-1,True
108376,8,-1,True
108377,9,-1,True
108378,13,11,True
108379,10,12,True
108380,10,12,True
108382,10,12,True
108383,14,10,True
108384,14,10,True
108385,12,11,True
108386,10,12,True
108387,14,10,True
108388,10,12,True
108389,13,12,True
108390,14,10,True
108391,13,12,True
108392,12,11,True
108394,10,12,True
108395,12,11,True
108396,12,11,True
108432,5,3,True
108433,4,2,True
108434,14,10,True
108435,4,2,True
108436,4,2,True
108437,4,2,True
108457,4,2,True
108458,4,2,True
108465,3,5,True
108466,3,5,True
108467,5,-1,True
108468,8,-1,True
108485,-1,10,True
108486,12,11,True
108487,-1,10,True
108488,13,12,True
108504,13,10,True
108505,10,12,True
108506,13,10,True
108507,10,12,True
108508,13,12,True
108509,12,11,True
108548,10,12,True
108549,10,12,True
108550,14,10,True
108551,13,11,True
108553,13,10,True
108554,10,12,True
108555,2,4,True
108556,2,4,True
108557,2,4,True
108558,2,4,True
108559,2,4,True
108560,2,4,True
108565,3,5,True
108566,8,-1,True
108572,4,2,True
108573,13,10,True
108600,5,3,True
108606,5,3,True
108610,5,3,True
108632,4,2,True
108634,-1,10,True
108636,13,11,True
108637,10,12,True
108638,10,12,True
108639,12,11,True
108640,4,2,True
108641,10,12,True
108642,13,12,True
108643,14,10,True
108644,14,10,True
108645,4,2,True
108650,-1,10,True
108651,13,10,True
108652,14,10,True
108653,4,2,True
108668,5,3,True
108669,5,3,True
108711,3,5,True
108712,3,5,True
108713,3,5,True
108714,3,5,True
108715,3,5,True
108716,3,5,True
108717,3,5,True
108718,3,5,True
108719,3,5,True
108720,3,5,True
108721,3,5,True
108722,3,5,True
108723,3,5,True
108724,3,5,True
108725,4,2,True
108726,5,3,True
108796,8,-1,True
108797,8,-1,True
108798,8,-1,True
108820,6,-1,True
108838,5,3,True
108843,3,-1,True
108851,5,3,True
108852,5,3,True
108858,5,3,True
108859,5,3,True
108866,4,2,True
108886,8,-1,True
108935,5,3,True
109046,2,4,True
109047,2,4,True
109051,2,4,True
109052,2,4,True
109053,2,4,True
109056,5,3,True
109059,5,3,True
109105,5,3,True
109110,5,3,True
109132,13,11,True
109133,13,11,True
109134,14,10,True
109137,10,12,True
109147,8,-1,True
109148,7,-1,True
109149,7,-1,True
109151,7,-1,True
109152,7,-1,True
109153,7,-1,True
109175,10,12,True
109176,12,11,True
109177,13,12,True
109178,10,12,True
109179,4,2,True
109192,14,10,True
109193,13,11,True
109195,10,12,True
109196,-1,10,True
109197,14,10,True
109198,4,2,True
109200,-1,11,True
109206,5,-1,True
109251,13,11,True
109252,-1,10,True
109253,14,10,True
109254,10,12,True
109255,10,12,True
109256,13,12,True
109257,10,12,True
109309,5,3,True
109312,-1,10,True
109313,12,11,True
109314,12,11,True
109315,12,11,True
109316,4,2,True
109317,4,2,True
109318,14,10,True
109319,10,12,True
109321,10,12,True
109323,4,2,True
109328,4,2,True
109329,4,2,True
109335,4,2,True
109369,4,2,True
109445,4,2,True
109446,5,3,True
109466,14,10,True
109468,13,11,True
109469,4,2,True
109470,10,12,True
109471,-1,10,True
109472,13,11,True
109473,4,2,True
109474,10,12,True
109475,13,11,True
109476,12,11,True
109477,13,12,True
109478,13,10,True
109479,12,11,True
109481,-1,10,True
109490,4,2,True
109533,4,2,True
109542,4,2,True
109609,12,11,True
109610,13,12,True
109611,13,12,True
109613,10,12,True
109621,12,11,True
109628,7,-1,True
109633,7,-1,True
109636,7,-1,True
109663,5,3,True
109751,5,3,True
109754,3,5,True
109755,3,5,True
109756,3,5,True
109757,3,5,True
109758,3,5,True
109759,3,-1,True
109767,-1,10,True
109768,10,12,True
109769,10,12,True
109770,12,11,True
109771,10,12,True
109772,13,11,True
109773,10,12,True
109774,12,11,True
109775,14,10,True
109776,4,2,True
109777,13,10,True
109778,10,12,True
109783,4,2,True
109785,10,12,True
109786,10,12,True
109787,10,12,True
109788,13,10,True
109789,5,3,True
109792,5,3,True
109793,4,2,True
109794,13,11,True
109795,10,12,True
109796,13,12,True
109798,10,12,True
109799,4,2,True
109801,2,4,True
109802,3,5,True
109814,4,2,True
109815,3,-1,True
109816,3,-1,True
109817,3,-1,True
109818,3,-1,True
109819,3,-1,True
109820,3,-1,True
109821,3,-1,True
109822,3,-1,True
109823,3,-1,True
109827,14,10,True
109828,13,10,True
109829,12,11,True
109830,13,12,True
109831,14,10,True
109832,13,12,True
109833,14,10,True
109834,10,12,True
109835,14,10,True
109836,10,12,True
109838,12,11,True
109839,10,12,True
109841,8,-1,True
109842,8,-1,True
109846,10,12,True
109847,13,10,True
109848,13,10,True
109849,12,11,True
109850,13,10,True
109851,4,2,True
109856,5,3,True
109882,4,2,True
109901,4,2,True
109905,5,3,True
109914,13,12,True
109916,13,12,True
109917,13,10,True
109918,10,12,True
109919,14,10,True
109921,13,10,True
109922,4,2,True
109948,-1,11,True
109949,13,12,True
109950,13,10,True
109951,13,11,True
109952,10,12,True
109953,13,10,True
109954,13,12,True
109960,8,-1,True
109961,8,-1,True
109964,8,-1,True
109970,13,12,True
109971,4,2,True
110015,4,2,True
110032,4,2,True
110052,-1,10,True
110203,4,2,True
110208,4,2,True
110209,4,2,True
110211,13,11,True
110212,13,12,True
110213,4,2,True
110233,4,2,True
110234,5,3,True
110237,4,2,True
110238,5,3,True
110257,13,12,True
110258,10,12,True
110259,13,11,True
110260,10,12,True
110274,5,3,True
110276,4,2,True
110284,4,2,True
110292,5,3,True
110303,13,12,True
110304,12,11,True
110305,13,10,True
110307,10,12,True
110309,12,11,True
110310,4,2,True
110327,8,-1,True
110328,8,-1,True
110329,8,-1,True
110330,5,3,True
110335,13,12,True
110336,13,11,True
110338,4,2,True
110341,5,3,True
110355,14,10,True
110356,13,10,True
110357,13,10,True
110358,4,2,True
110374,5,3,True
110375,-1,10,True
110376,10,12,True
110378,10,12,True
110379,4,2,True
110395,4,2,True
110396,10,12,True
110397,10,12,True
110398,4,2,True
110400,4,2,True
110407,14,10,True
110408,13,11,True
110409,-1,10,True
110410,13,12,True
110411,-1,10,True
110412,14,10,True
110413,12,11,True
110414,13,11,True
110418,4,2,True
110421,4,2,True
110423,13,11,True
110424,13,12,True
110425,-1,10,True
110426,12,11,True
110427,14,10,True
110429,10,12,True
110430,-1,10,True
110431,13,10,True
110433,4,2,True
110434,-1,12,True
110436,13,11,True
110437,13,12,True
110438,13,11,True
110439,14,10,True
110440,13,12,True
110442,10,12,True
110443,14,10,True
110460,4,2,True
110467,13,10,True
110468,12,11,True
110469,12,11,True
110471,13,11,True
110472,13,12,True
110473,12,11,True
110474,13,11,True
110475,4,2,True
110476,10,12,True
110478,10,12,True
110484,8,-1,True
110507,3,5,True
110508,4,2,True
110509,5,3,True
110524,2,-1,True
110525,2,-1,True
110526,4,-1,True
110527,9,-1,True
110535,5,3,True
110542,5,3,True
110543,4,2,True
110548,4,2,True
110552,5,3,True
110553,7,-1,True
110554,7,-1,True
110556,5,3,True
110570,4,2,True
110572,5,3,True
110573,5,3,True
110585,5,3,True
110588,3,5,True
110589,3,5,True
110590,3,5,True
110591,3,5,True
110592,3,5,True
110593,3,5,True
110619,4,2,True
110625,5,3,True
110626,5,3,True
110632,8,-1,True
110633,8,-1,True
110643,4,2,True
110661,4,2,True
110666,5,3,True
110667,4,2,True
110747,9,-1,True
110749,3,5,True
110773,4,2,True
110779,4,2,True
110802,4,2,True
110805,4,2,True
110809,13,11,True
110819,4,2,True
110821,12,11,True
110824,14,10,True
110825,-1,10,True
110838,5,3,True
110876,3,5,True
110877,3,5,True
110878,3,5,True
110893,4,2,True
110894,5,3,True
110906,5,3,True
110909,9,-1,True
110910,9,-1,True
110911,5,3,True
110912,14,10,True
110913,13,10,True
110914,13,10,True
110915,10,12,True
110916,13,11,True
110917,4,2,True
110918,4,2,True
110921,14,-1,True
110922,13,-1,True
110923,14,-1,True
110925,12,-1,True
110932,9,-1,True
110937,4,2,True
110938,13,11,True
110939,12,11,True
110940,13,11,True
110941,-1,10,True
110942,-1,10,True
110944,12,11,True
110947,10,12,True
110948,12,11,True
110963,14,10,True
110964,10,12,True
110965,13,10,True
110966,10,12,True
110967,13,11,True
110968,13,11,True
110969,10,12,True
110970,13,12,True
110971,14,10,True
110972,10,12,True
110973,13,12,True
110974,10,12,True
110975,10,12,True
110976,14,10,True
110977,10,12,True
110980,10,12,True
110981,12,11,True
110982,14,10,True
110983,10,12,True
110984,12,11,True
110985,-1,10,True
110986,14,10,True
110987,10,12,True
110988,-1,10,True
110989,10,12,True
110990,10,12,True
110992,-1,12,True
111001,4,2,True
111002,14,10,True
111003,10,12,True
111006,13,10,True
111007,13,12,True
111008,12,11,True
111034,14,10,True
111035,13,12,True
111036,14,10,True
111037,10,12,True
111038,10,12,True
111039,-1,10,True
111040,10,12,True
111076,4,2,True
111085,5,3,True
111101,5,3,True
111102,5,3,True
111109,4,2,True
111117,8,-1,True
111118,5,-1,True
111119,7,-1,True
111120,7,-1,True
111121,7,-1,True
111122,7,-1,True
111125,3,5,True
111126,3,5,True
111128,-1,10,True
111130,13,11,True
111131,13,11,True
111132,13,11,True
111133,10,12,True
111134,10,12,True
111135,4,2,True
111136,8,-1,True
111137,8,-1,True
111155,5,3,True
111167,12,11,True
111168,12,11,True
111169,12,11,True
111170,13,10,True
111171,10,12,True
111172,10,12,True
111173,14,10,True
111174,13,12,True
111175,10,12,True
111176,13,11,True
111177,13,12,True
111178,4,2,True
111183,5,3,True
111274,12,11,True
111275,4,2,True
111278,5,3,True
111291,13,10,True
111293,13,10,True
111294,13,12,True
111298,10,12,True
111300,4,2,True
111392,5,3,True
111404,2,4,True
111405,2,4,True
111406,2,4,True
111466,4,2,True
111470,5,3,True
111479,4,2,True
111480,4,2,True
111481,12,11,True
111482,12,11,True
111483,10,12,True
111484,14,10,True
111485,-1,10,True
111486,10,12,True
111487,4,2,True
111488,13,10,True
111489,10,12,True
111490,14,10,True
111499,-1,10,True
111500,10,12,True
111502,12,11,True
111503,10,12,True
111504,10,12,True
111505,14,10,True
111506,-1,10,True
111507,13,10,True
111508,10,12,True
111513,-1,10,True
111552,5,3,True
111555,2,4,True
111556,2,4,True
111557,2,4,True
111576,8,-1,True
111584,4,2,True
111585,10,12,True
111603,4,2,True
111604,10,12,True
111605,4,2,True
111610,5,-1,True
111637,4,2,True
111702,13,10,True
111703,12,11,True
111706,10,12,True
111707,14,10,True
111708,4,2,True
111717,10,12,True
111762,4,2,True
111783,-1,10,True
111790,13,10,True
111792,10,12,True
111793,2,4,True
111794,2,4,True
111795,2,4,True
111796,2,4,True
111797,2,4,True
111798,2,4,True
111799,2,4,True
111800,2,4,True
111801,-1,10,True
111802,13,12,True
111803,14,10,True
111804,12,11,True
111807,4,2,True
111811,12,11,True
111812,13,12,True
111813,10,12,True
111814,13,11,True
111817,13,10,True
111818,14,10,True
111826,10,12,True
111827,10,12,True
111872,4,2,True
111875,8,-1,True
111876,8,-1,True
111877,8,-1,True
111889,4,2,True
111891,13,-1,True
111895,5,3,True
111905,4,2,True
111912,8,-1,True
111913,8,-1,True
111915,4,2,True
111927,5,3,True
111930,5,3,True
111943,5,3,True
111945,5,3,True
111950,5,3,True
111951,13,12,True
111954,14,10,True
111956,4,2,True
111977,5,3,True
111997,7,-1,True
111998,4,2,True
112007,4,2,True
112115,5,3,True
112124,14,10,True
112125,13,10,True
112126,-1,10,True
112127,8,-1,True
112128,5,-1,True
112136,4,2,True
112137,4,2,True
112150,5,-1,True
112491,14,10,True
112492,14,10,True
112494,10,12,True
112495,12,11,True
112496,10,12,True
112497,10,12,True
112498,14,10,True
112499,12,11,True
112500,14,10,True
112501,13,10,True
112502,13,11,True
112503,10,12,True
112507,4,2,True
112510,2,4,True
112511,2,4,True
112512,2,4,True
112526,10,12,True
112528,13,11,True
112529,13,10,True
112530,13,11,True
112532,3,5,True
112533,3,5,True
112534,3,5,True
112535,3,5,True
112539,3,-1,True
112540,7,-1,True
112541,7,-1,True
112542,5,3,True
112547,3,5,True
112566,13,11,True
112567,4,2,True
112570,-1,8,True
112571,-1,8,True
112574,4,2,True
112593,4,2,True
112630,5,3,True
112633,4,2,True
112664,-1,11,True
112704,4,2,True
112705,4,2,True
112708,4,2,True
112720,4,2,True
112747,5,3,True
112749,4,2,True
112761,5,3,True
112765,-1,10,True
112766,13,12,True
112767,10,12,True
112768,10,12,True
112769,10,12,True
112770,14,10,True
112771,10,12,True
112772,12,11,True
112773,13,12,True
112774,12,11,True
112775,12,11,True
112845,13,10,True
112847,12,11,True
112848,12,11,True
112849,14,10,True
112850,4,2,True
112851,14,10,True
112853,13,11,True
112854,13,12,True
112855,13,12,True
112856,12,11,True
112857,10,12,True
112858,12,11,True
112866,14,-1,True
112877,5,3,True
112889,14,10,True
112890,4,2,True
112893,4,2,True
112894,-1,10,True
112895,13,11,True
112902,13,10,True
112903,-1,10,True
112904,14,10,True
112905,10,12,True
112906,4,2,True
112907,10,12,True
112911,5,3,True
112936,14,10,True
112938,4,2,True
112940,4,2,True
112954,3,5,True
112955,3,5,True
112956,3,5,True
112957,3,5,True
112995,5,-1,True
112999,8,-1,True
113002,5,3,True
113012,4,2,True
113013,13,12,True
113015,5,3,True
113023,4,2,True
113025,4,2,True
113053,4,2,True
113128,7,-1,True
113149,5,3,True
113159,4,2,True
113160,4,2,True
113161,-1,10,True
113162,4,2,True
113163,5,3,True
113168,-1,12,True
113169,13,11,True
113170,4,2,True
113171,13,10,True
113172,10,12,True
113192,2,4,True
113193,2,4,True
113194,2,4,True
113195,2,4,True
113196,2,4,True
113197,2,4,True
113198,2,4,True
113204,13,11,True
113231,-1,10,True
113232,10,12,True
113280,6,-1,True
113281,6,-1,True
113282,6,-1,True
113283,4,2,True
113284,8,-1,True
113286,8,-1,True
113288,5,3,True
113293,5,3,True
113294,5,3,True
113295,14,10,True
113297,5,3,True
113324,8,-1,True
113330,4,2,True
113343,4,2,True
113355,4,2,True
113356,4,2,True
113422,4,2,True
113423,4,2,True
113430,10,12,True
113431,13,12,True
113433,13,11,True
113434,10,12,True
113435,13,10,True
113436,14,10,True
113437,13,12,True
113438,10,12,True
113439,4,2,True
113460,12,11,True
113461,12,11,True
113462,-1,11,True
113463,13,10,True
113464,4,2,True
113465,14,10,True
113471,12,11,True
113472,10,12,True
113473,13,11,True
113474,-1,10,True
113475,13,12,True
113476,12,11,True
113477,10,12,True
113482,10,12,True
113483,4,2,True
113484,10,12,True
113487,14,10,True
113488,13,11,True
113489,-1,10,True
113490,10,12,True
113491,10,12,True
113492,4,2,True
113507,4,2,True
113508,13,12,True
113509,10,12,True
113510,13,10,True
113511,14,10,True
113512,14,10,True
113513,12,11,True
113514,-1,10,True
113515,10,12,True
113516,12,11,True
113517,13,11,True
113518,13,12,True
113519,12,11,True
113521,5,3,True
113523,9,-1,True
113524,9,-1,True
113525,-1,10,True
113526,-1,10,True
113527,13,10,True
113528,13,10,True
113529,10,12,True
113542,5,3,True
113547,3,5,True
113549,7,-1,True
113552,8,-1,True
113553,8,-1,True
113554,8,-1,True
113555,8,-1,True
113556,8,-1,True
113557,8,-1,True
113558,8,-1,True
113559,8,-1,True
113560,8,-1,True
113561,8,-1,True
113566,8,-1,True
113567,8,-1,True
113568,8,-1,True
113569,8,-1,True
113572,5,3,True
113574,5,3,True
113583,5,3,True
113586,5,3,True
113587,5,3,True
113600,13,11,True
113601,12,11,True
113602,12,11,True
113603,14,10,True
113604,4,2,True
113610,14,10,True
113611,13,11,True
113613,12,11,True
113614,-1,10,True
113617,5,3,True
113622,12,11,True
113623,10,12,True
113624,14,10,True
113625,13,10,True
113626,13,10,True
113627,4,2,True
113797,14,10,True
113798,4,2,True
113799,5,3,True
113800,4,2,True
113806,5,3,True
113808,5,3,True
113810,4,2,True
113813,10,12,True
113814,14,10,True
113815,-1,10,True
113816,14,10,True
113819,13,11,True
113823,12,11,True
113824,-1,10,True
113825,-1,10,True
113826,13,12,True
113827,10,12,True
113831,4,2,True
113834,13,12,True
113837,10,12,True
113838,4,2,True
113843,13,12,True
113844,13,12,True
113845,13,12,True
113846,10,12,True
113848,12,11,True
113849,4,2,True
113850,3,5,True
113851,3,5,True
113858,8,-1,True
113859,8,-1,True
113861,4,2,True
113863,4,2,True
113935,13,-1,True
113936,13,11,True
113938,10,-1,True
113939,10,12,True
113940,-1,11,True
114044,5,3,True
114045,13,12,True
114046,-1,10,True
114061,4,2,True
114062,3,5,True
114063,3,5,True
114064,3,5,True
114065,3,5,True
114066,3,-1,True
114067,4,2,True
114097,5,3,True
114109,4,2,True
114114,4,2,True
114123,14,10,True
114124,14,10,True
114126,10,12,True
114127,12,11,True
114128,13,12,True
114129,13,11,True
114130,-1,10,True
114131,13,12,True
114132,13,12,True
114134,13,11,True
114135,13,11,True
114136,-1,10,True
114138,5,3,True
114142,4,2,True
114159,4,2,True
114184,3,-1,True
114185,3,-1,True
114186,3,-1,True
114230,7,-1,True
114231,7,-1,True
114238,5,3,True
114242,5,3,True
114243,5,3,True
114247,3,5,True
114248,5,-1,True
114249,3,5,True
114250,3,5,True
114251,3,5,True
114252,3,5,True
114253,3,5,True
114254,3,5,True
114255,3,5,True
114274,4,2,True
114276,10,12,True
114277,10,12,True
114304,4,2,True
114356,4,2,True
114384,4,2,True
114387,4,2,True
114389,5,3,True
114392,5,3,True
114393,10,12,True
114394,13,11,True
114395,13,11,True
114396,13,11,True
114397,12,11,True
114398,14,10,True
114399,14,10,True
114400,-1,10,True
114401,4,2,True
114421,5,3,True
114439,14,10,True
114445,2,4,True
114446,2,4,True
114447,2,4,True
114448,2,4,True
114449,2,4,True
114450,2,4,True
114451,2,4,True
114452,2,4,True
114453,2,4,True
114454,2,4,True
114455,2,4,True
114456,2,4,True
114457,2,4,True
114458,2,4,True
114459,2,4,True
114460,2,4,True
114464,2,4,True
114465,2,4,True
114466,2,4,True
114467,2,4,True
114468,2,4,True
114469,2,4,True
114470,2,4,True
114471,2,4,True
114472,2,4,True
114473,2,4,True
114474,2,4,True
114475,2,4,True
114476,2,4,True
114477,2,4,True
114478,2,4,True
114479,2,4,True
114480,2,4,True
114481,2,4,True
114482,2,4,True
114483,2,4,True
114484,2,4,True
114485,2,4,True
114486,2,4,True
114491,4,2,True
114493,13,11,True
114494,13,12,True
114495,12,11,True
114496,12,11,True
114497,10,12,True
114501,4,2,True
114502,13,10,True
114503,13,11,True
114504,14,10,True
114505,14,10,True
114507,13,12,True
114508,13,10,True
114509,14,10,True
114511,12,11,True
114564,13,12,True
114565,13,12,True
114567,10,12,True
114568,13,12,True
114591,5,3,True
114638,8,-1,True
114642,8,-1,True
114643,8,-1,True
114673,14,10,True
114674,-1,10,True
114675,10,12,True
114676,14,10,True
114677,4,2,True
114678,4,2,True
114685,10,12,True
114686,-1,10,True
114687,12,11,True
114689,13,10,True
114690,10,12,True
114691,12,11,True
114692,4,2,True
114696,4,2,True
114759,5,3,True
114769,5,3,True
114770,5,3,True
114776,8,-1,True
114870,10,12,True
114873,10,12,True
114875,10,12,True
114876,-1,10,True
114877,14,10,True
114878,10,12,True
114879,12,11,True
114880,13,12,True
114881,13,12,True
114882,13,10,True
114883,14,10,True
114884,13,11,True
114885,12,11,True
114886,13,12,True
114887,10,12,True
114888,12,11,True
114889,10,12,True
114890,10,12,True
114891,10,12,True
114892,10,12,True
114893,12,11,True
114894,4,2,True
114900,4,2,True
114903,4,2,True
114909,4,2,True
114910,-1,10,True
114911,-1,10,True
114912,13,11,True
114914,12,11,True
114915,10,12,True
114916,3,5,True
114920,4,2,True
114924,3,-1,True
114925,3,-1,True
114926,3,-1,True
114927,3,-1,True
114929,-1,10,True
114930,13,11,True
114936,5,3,True
114942,4,2,True
114946,14,10,True
114947,13,12,True
114948,4,2,True
114967,4,2,True
114980,4,2,True
114991,4,2,True
114992,5,3,True
114997,4,2,True
115036,4,2,True
115037,12,11,True
115038,14,10,True
115039,10,12,True
115040,-1,10,True
115041,13,11,True
115042,10,12,True
115043,13,12,True
115044,10,12,True
115045,13,11,True
115046,-1,10,True
115047,10,12,True
115049,14,10,True
115050,13,12,True
115051,13,11,True
115052,14,10,True
115053,10,12,True
115080,4,2,True
115085,5,3,True
115093,14,10,True
115094,13,11,True
115095,13,11,True
115096,13,12,True
115097,-1,10,True
115098,13,11,True
115099,4,2,True
115100,12,11,True
115101,13,12,True
115103,4,2,True
115118,4,2,True
115130,4,2,True
115133,5,3,True
115150,3,-1,True
115160,8,-1,True
115162,5,3,True
115173,5,3,True
115183,5,3,True
115197,3,5,True
115200,8,-1,True
115201,8,-1,True
115202,8,-1,True
115203,4,2,True
115204,10,12,True
115205,14,10,True
115206,8,-1,True
115218,13,11,True
115219,-1,10,True
115220,13,11,True
115222,5,3,True
115224,-1,10,True
115225,4,2,True
115226,10,12,True
115227,4,2,True
115228,-1,11,True
115230,13,10,True
115231,10,12,True
115236,4,2,True
115242,5,3,True
115245,5,3,True
115265,4,2,True
115280,4,2,True
115388,13,12,True
115389,12,11,True
115390,12,11,True
115392,-1,10,True
115393,-1,10,True
115394,-1,10,True
115395,13,11,True
115396,10,12,True
115397,10,12,True
115398,10,12,True
115399,10,12,True
115400,10,12,True
115401,13,10,True
115402,13,10,True
115404,4,2,True
115405,13,12,True
115406,4,2,True
115407,13,12,True
115408,4,2,True
115474,8,-1,True
115475,8,-1,True
115476,8,-1,True
115477,8,-1,True
115487,5,3,True
115490,4,2,True
115512,8,-1,True
115513,8,-1,True
115514,8,-1,True
115515,8,-1,True
115520,7,-1,True
115522,2,4,True
115523,2,4,True
115524,2,4,True
115525,2,4,True
115526,2,4,True
115549,8,-1,True
115550,8,-1,True
115555,2,4,True
115556,2,4,True
115557,2,4,True
115558,2,4,True
115559,2,4,True
115560,2,4,True
115561,2,4,True
115562,2,4,True
115563,2,4,True
115564,2,4,True
115565,13,11,True
115566,4,2,True
115588,9,-1,True
115589,9,-1,True
115590,9,-1,True
115591,9,-1,True
115592,9,-1,True
115613,10,12,True
115614,-1,10,True
115615,4,2,True
115622,4,2,True
115623,5,3,True
115635,8,-1,True
115636,8,-1,True
115637,8,-1,True
115639,3,5,True
115640,3,5,True
115641,5,3,True
115643,5,3,True
115660,5,-1,True
115667,4,2,True
115668,8,-1,True
115681,5,3,True
115683,3,5,True
115686,3,5,True
115688,2,-1,True
115708,5,3,True
115779,4,2,True
115865,14,10,True
115866,12,11,True
115867,10,12,True
115868,-1,10,True
115869,12,11,True
115870,13,11,True
115880,13,10,True
115881,13,10,True
115882,5,-1,True
115889,5,3,True
115893,10,12,True
115894,13,10,True
115898,4,2,True
115899,10,12,True
115900,4,2,True
115930,13,11,True
115931,-1,10,True
115932,4,2,True
115933,10,12,True
115948,4,2,True
115949,4,2,True
115950,-1,10,True
115951,12,11,True
115953,10,12,True
115954,-1,10,True
115955,-1,10,True
115961,13,11,True
115962,-1,10,True
115975,5,3,True
115976,4,2,True
115977,4,2,True
116076,13,12,True
116077,4,2,True
116079,5,3,True
116083,4,2,True
116084,5,3,True
116085,4,2,True
116086,4,2,True
116095,3,-1,True
116096,3,-1,True
116097,3,-1,True
116098,5,3,True
116099,5,3,True
116119,3,5,True
116120,3,5,True
116121,3,5,True
116122,4,2,True
116135,4,2,True
116154,4,2,True
116160,4,2,True
116170,4,2,True
116171,14,10,True
116172,13,11,True
116173,-1,10,True
116174,12,11,True
116175,-1,10,True
116176,12,11,True
116178,4,2,True
116179,10,12,True
116189,13,11,True
116197,5,3,True
116210,5,3,True
116211,3,5,True
116212,3,5,True
116213,4,2,True
116233,4,2,True
116241,10,12,True
116242,10,12,True
116243,-1,10,True
116244,10,12,True
116245,4,2,True
116250,4,2,True
116251,13,12,True
116252,12,11,True
116263,4,2,True
116265,5,3,True
116273,7,-1,True
116274,7,-1,True
116275,7,-1,True
116276,7,-1,True
116280,7,-1,True
116281,7,-1,True
116289,12,11,True
116300,4,2,True
116307,5,3,True
116309,4,2,True
116310,8,-1,True
116311,8,-1,True
116312,2,-1,True
116313,2,-1,True
116321,4,2,True
116322,-1,11,True
116324,-1,11,True
116334,4,2,True
116347,5,3,True
116372,4,2,True
116373,10,12,True
116384,5,3,True
116474,4,2,True
116571,4,2,True
116574,4,2,True
116577,8,-1,True
116588,13,11,True
116589,10,-1,True
116591,13,-1,True
116593,12,-1,True
116594,4,2,True
116595,13,-1,True
116597,14,-1,True
116599,5,3,True
116603,5,3,True
116605,-1,0,True
116611,2,4,True
116612,3,5,True
116644,13,12,True
116646,13,11,True
116647,12,11,True
116648,13,11,True
116649,13,10,True
116650,14,10,True
116651,13,10,True
116652,12,11,True
116653,4,2,True
116654,10,12,True
116656,10,12,True
116657,-1,10,True
116658,10,12,True
116659,13,12,True
116660,13,11,True
116661,10,12,True
116662,13,10,True
116663,-1,10,True
116664,12,11,True
116665,10,12,True
116666,13,12,True
116667,13,11,True
116668,13,12,True
116669,14,10,True
116670,13,12,True
116671,13,11,True
116672,13,12,True
116674,14,10,True
116675,13,12,True
116676,14,10,True
116677,10,12,True
116679,10,12,True
116681,14,10,True
116682,-1,10,True
116684,-1,10,True
116688,-1,10,True
116720,3,5,True
116734,12,11,True
116756,4,2,True
116757,2,4,True
116758,2,4,True
116759,2,4,True
116760,2,4,True
116767,14,10,True
116768,10,12,True
116769,4,2,True
116800,3,5,True
116802,2,4,True
116803,2,4,True
116804,2,4,True
116805,2,4,True
116806,2,4,True
116807,2,4,True
116812,14,10,True
116813,10,12,True
116814,10,12,True
116815,13,11,True
116823,4,2,True
116824,4,2,True
116833,8,-1,True
116834,13,10,True
116835,10,12,True
116836,13,11,True
116837,13,12,True
116838,2,4,True
116839,2,4,True
116840,2,4,True
116841,2,4,True
116842,5,3,True
116850,5,3,True
116888,-1,10,True
116889,13,11,True
116890,4,2,True
116891,10,12,True
116892,13,11,True
116895,5,3,True
116896,4,2,True
116897,4,2,True
116902,5,3,True
116914,5,3,True
116919,4,2,True
116973,5,3,True
116978,5,3,True
117014,13,11,True
117015,13,12,True
117016,13,10,True
117018,12,11,True
117019,12,11,True
117021,4,2,True
117024,4,2,True
117043,5,3,True
117054,5,3,True
117056,4,2,True
117076,4,2,True
117082,10,12,True
117084,10,12,True
117085,13,12,True
117086,13,11,True
117087,13,10,True
117088,14,10,True
117089,10,12,True
117090,12,11,True
117091,12,11,True
117097,3,5,True
117105,13,11,True
117169,4,2,True
117210,4,2,True
117256,-1,10,True
117258,12,11,True
117259,14,10,True
117261,14,10,True
117262,10,12,True
117263,10,12,True
117264,13,10,True
117265,13,10,True
117266,13,10,True
117268,10,12,True
117270,13,11,True
117272,10,12,True
117273,-1,10,True
117274,-1,10,True
117275,10,12,True
117276,13,11,True
117277,13,11,True
117278,-1,10,True
117285,13,10,True
117291,-1,10,True
117292,14,10,True
117294,13,11,True
117295,13,12,True
117296,12,11,True
117297,10,12,True
117298,-1,10,True
117299,13,11,True
117307,2,4,True
117311,8,-1,True
117312,8,-1,True
117313,8,-1,True
117314,8,-1,True
117315,8,-1,True
117316,8,-1,True
117317,8,-1,True
117318,8,-1,True
117322,4,2,True
117324,5,3,True
117326,-1,1,True
117327,-1,1,True
117330,-1,1,True
117331,-1,1,True
117332,-1,1,True
117333,-1,1,True
117362,14,-1,True
117365,14,10,True
117367,10,12,True
117368,10,12,True
117369,14,10,True
117370,4,2,True
117371,12,11,True
117378,4,2,True
117385,5,3,True
117410,4,2,True
117423,4,2,True
117424,5,3,True
117426,8,-1,True
117427,8,-1,True
117428,5,-1,True
117436,8,-1,True
117437,8,-1,True
117438,8,-1,True
117439,8,-1,True
117440,8,-1,True
117443,3,-1,True
117444,4,2,True
117463,4,2,True
117464,12,11,True
117465,12,11,True
117466,12,11,True
117467,13,11,True
117468,4,2,True
117481,10,12,True
117482,14,10,True
117484,5,3,True
117595,10,12,True
117628,13,10,True
117629,4,2,True
117630,13,10,True
117632,14,10,True
117634,10,12,True
117635,-1,12,True
117636,10,12,True
117637,4,2,True
117638,6,-1,True
117639,9,-1,True
117640,9,-1,True
117641,2,-1,True
117642,2,-1,True
117643,2,-1,True
117644,2,4,True
117645,2,4,True
117646,2,4,True
117647,2,-1,True
117648,2,-1,True
117682,7,-1,True
117687,13,11,True
117688,13,10,True
117718,5,3,True
117750,4,2,True
117772,4,2,True
117857,4,2,True
117869,5,3,True
117881,2,4,True
117882,2,4,True
117883,2,4,True
117884,2,4,True
117885,4,2,True
117892,3,5,True
117893,3,5,True
117894,3,5,True
117895,3,5,True
117896,4,2,True
117898,6,-1,True
117899,6,-1,True
117917,4,2,True
117953,5,3,True
117970,5,3,True
117974,4,2,True
117975,13,11,True
117976,-1,10,True
117977,13,11,True
117978,13,12,True
117979,13,11,True
117980,4,2,True
117981,4,2,True
117998,5,3,True
118001,7,-1,True
118002,7,-1,True
118003,7,-1,True
118004,7,-1,True
118005,7,-1,True
118037,13,11,True
118038,13,11,True
118039,13,11,True
118040,12,11,True
118041,10,12,True
118042,10,12,True
118043,10,12,True
118044,10,12,True
118045,13,10,True
118046,10,12,True
118047,12,11,True
118049,12,11,True
118050,13,11,True
118051,10,12,True
118052,13,11,True
118053,10,12,True
118054,10,12,True
118055,13,12,True
118056,13,11,True
118057,10,12,True
118058,10,12,True
118059,10,12,True
118060,10,12,True
118061,12,11,True
118062,10,12,True
118063,4,2,True
118070,3,-1,True
118071,3,5,True
118072,4,2,True
118073,12,11,True
118074,-1,10,True
118075,13,11,True
118077,13,12,True
118079,13,12,True
118080,13,11,True
118082,10,12,True
118083,10,12,True
118087,4,2,True
118122,14,10,True
118139,10,12,True
118141,13,11,True
118142,-1,10,True
118143,4,2,True
118144,-1,12,True
118147,10,12,True
118148,10,12,True
118149,10,12,True
118151,-1,10,True
118152,4,2,True
118159,12,11,True
118160,10,12,True
118161,12,11,True
118163,14,10,True
118169,5,3,True
118175,4,2,True
118192,3,5,True
118196,8,-1,True
118206,5,-1,True
118209,5,3,True
118220,10,12,True
118222,10,12,True
118223,10,12,True
118224,10,12,True
118230,5,3,True
118240,5,3,True
118249,4,2,True
118260,4,2,True
118273,4,2,True
118292,5,3,True
118296,4,2,True
118424,5,3,True
118454,4,2,True
118467,3,5,True
118468,3,5,True
118469,3,5,True
118474,5,3,True
118491,5,-1,True
118497,3,-1,True
118498,3,-1,True
118499,3,-1,True
118500,3,-1,True
118501,3,-1,True
118502,3,-1,True
118503,3,5,True
118504,5,3,True
118514,5,3,True
118543,5,3,True
118550,14,10,True
118551,10,12,True
118581,5,3,True
118582,4,2,True
118588,2,4,True
118589,2,4,True
118590,2,4,True
118591,2,4,True
118600,4,2,True
118602,-1,10,True
118603,4,2,True
118653,13,12,True
118655,12,11,True
118656,-1,10,True
118658,14,10,True
118667,13,11,True
118668,-1,10,True
118669,-1,10,True
118670,13,12,True
118671,10,12,True
118672,13,10,True
118673,13,10,True
118675,12,11,True
118676,10,12,True
118677,12,11,True
118678,13,11,True
118695,10,12,True
118696,13,11,True
118697,13,10,True
118698,13,10,True
118699,4,2,True
118701,5,-1,True
118708,14,10,True
118710,5,3,True
118718,5,3,True
118726,3,5,True
118737,4,2,True
118742,4,2,True
118744,4,2,True
118746,8,-1,True
118748,5,3,True
118749,5,3,True
118774,4,2,True
118777,10,12,True
118791,14,10,True
118792,13,12,True
118793,13,12,True
118794,12,11,True
118810,5,3,True
118811,5,3,True
118819,14,10,True
118820,13,12,True
118821,13,10,True
118823,13,12,True
118824,13,11,True
118825,14,10,True
118826,12,11,True
118827,14,10,True
118828,10,12,True
118829,10,12,True
118831,12,11,True
118832,10,12,True
118833,13,12,True
118838,12,11,True
118839,13,10,True
118840,-1,10,True
118843,12,11,True
118844,14,10,True
118845,14,10,True
118846,13,11,True
118847,4,2,True
118894,4,2,True
118934,4,2,True
118994,5,3,True
119008,5,3,True
119022,12,11,True
119023,13,11,True
119024,4,2,True
119025,8,-1,True
119026,8,-1,True
119027,8,-1,True
119034,5,3,True
119038,4,2,True
119039,5,3,True
119047,5,3,True
119048,5,3,True
119049,5,3,True
119076,4,2,True
119087,5,3,True
119088,-1,10,True
119090,10,12,True
119091,13,11,True
119092,4,2,True
119093,10,12,True
119094,13,11,True
119095,10,12,True
119096,4,2,True
119104,4,2,True
119105,13,11,True
119106,10,12,True
119107,14,10,True
119108,14,10,True
119109,-1,12,True
119113,-1,10,True
119114,12,11,True
119115,-1,10,True
119116,10,12,True
119117,10,12,True
119125,4,2,True
119127,12,11,True
119129,14,10,True
119130,12,11,True
119143,7,-1,True
119156,3,5,True
119158,7,-1,True
119161,8,-1,True
119162,8,-1,True
119163,8,-1,True
119164,8,-1,True
119165,8,-1,True
119166,8,-1,True
119167,8,-1,True
119168,8,-1,True
119169,8,-1,True
119170,8,-1,True
119171,7,-1,True
119172,3,-1,True
119174,3,-1,True
119186,5,3,True
119200,5,3,True
119205,5,3,True
119227,4,2,True
119234,4,2,True
119270,8,-1,True
119271,8,-1,True
119272,8,-1,True
119273,5,3,True
119280,13,12,True
119281,12,11,True
119282,13,12,True
119283,4,2,True
119287,5,3,True
119304,7,-1,True
119305,7,-1,True
119306,7,-1,True
119307,8,-1,True
119308,8,-1,True
119310,5,3,True
119324,4,2,True
119325,5,3,True
119333,5,3,True
119355,8,-1,True
119362,10,12,True
119385,13,11,True
119388,-1,10,True
119389,4,2,True
119390,13,12,True
119391,10,12,True
119393,13,11,True
119394,-1,10,True
119395,13,10,True
119396,13,12,True
119397,10,12,True
119399,14,10,True
119400,14,10,True
119401,14,10,True
119402,14,10,True
119403,-1,10,True
119404,4,2,True
119413,4,2,True
119445,14,10,True
119446,12,11,True
119447,10,12,True
119484,5,3,True
119486,5,3,True
119487,4,2,True
119488,10,12,True
119489,-1,10,True
119492,5,3,True
119493,4,2,True
119494,8,-1,True
119495,8,-1,True
119534,5,3,True
119606,13,12,True
119607,4,2,True
119609,10,12,True
119610,10,12,True
119613,10,12,True
119616,13,11,True
119617,5,3,True
119629,5,3,True
119636,3,5,True
119637,3,5,True
119638,3,5,True
119639,3,5,True
119640,3,5,True
119650,4,2,True
119653,5,3,True
119656,4,2,True
119657,8,-1,True
119658,8,-1,True
119715,4,2,True
119716,4,2,True
119718,10,12,True
119719,10,12,True
119730,4,2,True
119731,10,12,True
119733,13,11,True
119734,10,12,True
119735,10,12,True
119736,14,10,True
119737,5,3,True
119738,5,3,True
119757,5,3,True
119771,5,3,True
119791,4,2,True
119795,4,2,True
119796,13,11,True
119806,4,2,True
119861,10,12,True
119862,13,11,True
119863,14,10,True
119877,4,2,True
119898,13,10,True
119899,13,12,True
119901,10,12,True
119902,-1,10,True
119903,13,11,True
119904,4,2,True
119908,13,11,True
119909,13,11,True
119910,10,12,True
119911,14,10,True
119912,12,11,True
119913,10,12,True
119914,-1,10,True
119916,5,3,True
119918,5,3,True
119925,14,10,True
119930,10,12,True
119952,8,-1,True
119953,8,-1,True
119954,8,-1,True
119955,8,-1,True
119973,4,2,True
119976,13,11,True
119977,14,10,True
119978,10,12,True
119979,10,12,True
119980,14,10,True
119981,13,11,True
119982,10,12,True
119983,4,2,True
120001,3,5,True
120002,3,5,True
120022,4,2,True
120159,5,3,True
120160,5,3,True
120199,8,-1,True
120204,4,2,True
120230,5,3,True
120232,4,2,True
120233,4,2,True
120234,10,12,True
120258,3,5,True
120259,13,10,True
120260,4,2,True
120261,8,-1,True
120262,8,-1,True
120263,8,-1,True
120264,8,-1,True
120278,4,2,True
120287,12,11,True
120288,3,-1,True
120294,2,4,True
120295,2,4,True
120306,3,5,True
120307,3,5,True
120330,8,-1,True
120334,4,2,True
120342,-1,10,True
120343,10,12,True
120344,13,12,True
120345,4,2,True
120346,5,3,True
120364,5,3,True
120372,5,3,True
120373,5,3,True
120374,4,2,True
120454,4,2,True
120480,13,10,True
120481,13,11,True
120482,13,11,True
120483,13,12,True
120484,13,11,True
120485,4,2,True
120486,12,11,True
120565,3,5,True
120566,3,5,True
120574,4,2,True
120575,8,-1,True
120598,2,-1,True
120606,5,3,True
120607,5,3,True
120610,5,3,True
120651,5,3,True
120723,4,2,True
120730,4,2,True
120735,4,2,True
120765,4,2,True
120768,5,3,True
120772,5,3,True
120815,4,2,True
120839,9,-1,True
120887,4,2,True
120889,4,2,True
120890,14,10,True
120920,4,2,True
120931,5,3,True
120935,5,3,True
120941,7,-1,True
120943,8,-1,True
120944,8,-1,True
120945,8,-1,True
120961,5,3,True
121099,5,-1,True
121100,8,-1,True
121101,8,-1,True
121102,8,-1,True
121105,3,5,True
121106,3,5,True
121107,3,5,True
121108,3,5,True
121113,5,3,True
121114,5,3,True
121141,5,3,True
121164,4,2,True
121168,13,10,True
121169,12,11,True
121170,4,2,True
121172,14,10,True
121173,12,11,True
121174,-1,10,True
121175,12,11,True
121176,14,10,True
121177,12,11,True
121178,10,12,True
121179,13,12,True
121203,10,12,True
121204,10,12,True
121205,10,12,True
121212,5,3,True
121219,5,3,True
121222,8,-1,True
121231,13,11,True
121232,12,11,True
121233,-1,10,True
121234,13,12,True
121239,4,2,True
121243,8,-1,True
121244,5,3,True
121245,8,-1,True
121247,5,3,True
121248,13,10,True
121254,5,3,True
121265,4,2,True
121288,4,2,True
121289,13,10,True
121290,13,10,True
121291,10,12,True
121292,13,12,True
121294,10,12,True
121295,12,11,True
121296,13,10,True
121299,10,12,True
121301,13,12,True
121303,4,2,True
121313,4,2,True
121327,4,2,True
121434,8,-1,True
121437,5,3,True
121446,5,3,True
121447,5,3,True
121450,4,2,True
121451,4,2,True
121461,5,3,True
121463,4,2,True
121464,5,3,True
121466,5,3,True
121490,8,-1,True
121491,7,-1,True
121492,8,-1,True
121493,3,5,True
121494,3,5,True
121495,3,5,True
121524,4,2,True
121527,4,2,True
121530,5,3,True
121551,5,3,True
121568,4,2,True
121685,-1,10,True
121686,13,11,True
121687,10,12,True
121688,14,10,True
121691,9,-1,True
121692,9,-1,True
121693,9,-1,True
121695,9,-1,True
121697,5,3,True
121707,4,2,True
121711,4,2,True
121713,14,10,True
121714,14,10,True
121715,14,10,True
121716,10,12,True
121717,4,2,True
121754,12,11,True
121758,10,12,True
121763,5,3,True
121764,3,5,True
121765,3,5,True
121766,3,5,True
121767,3,5,True
121768,3,5,True
121769,-1,10,True
121803,14,10,True
121807,-1,10,True
121808,12,11,True
121809,10,12,True
121810,14,10,True
121811,13,10,True
121813,10,12,True
121814,13,11,True
121815,13,10,True
121817,14,10,True
121819,10,12,True
121820,10,12,True
121821,13,10,True
121822,10,12,True
121823,-1,10,True
121824,14,10,True
121825,10,12,True
121826,13,12,True
121827,13,10,True
121828,-1,12,True
121833,2,4,True
121834,2,4,True
121835,2,4,True
121836,10,12,True
121837,14,10,True
121838,14,10,True
121839,13,11,True
121840,2,4,True
121841,2,4,True
121842,2,4,True
121843,2,4,True
121844,13,12,True
121845,13,12,True
121846,10,12,True
121848,12,11,True
121849,13,11,True
121850,10,12,True
121852,-1,10,True
121853,12,11,True
121854,10,12,True
121855,10,12,True
121858,13,10,True
121860,12,11,True
121861,13,12,True
121862,3,5,True
121863,3,5,True
121864,3,5,True
121865,3,5,True
121866,3,5,True
121867,3,5,True
121868,3,5,True
121869,3,5,True
121870,3,5,True
121871,3,5,True
121872,3,5,True
121873,3,5,True
121874,3,5,True
121875,3,5,True
121876,3,5,True
121877,3,5,True
121878,3,5,True
121879,3,5,True
121880,3,5,True
121881,3,5,True
121882,3,5,True
121883,3,5,True
121884,3,5,True
121885,3,5,True
121886,3,5,True
121887,3,5,True
121888,3,5,True
121896,4,2,True
121897,13,10,True
121904,5,3,True
121915,3,-1,True
121924,6,-1,True
121948,4,2,True
121955,5,3,True
121957,5,3,True
121981,5,3,True
121982,5,3,True
121983,5,3,True
122021,3,5,True
122032,8,-1,True
122033,8,-1,True
122034,8,-1,True
122076,5,3,True
122077,4,2,True
122078,4,2,True
122086,4,2,True
122114,5,3,True
122124,13,11,True
122125,12,11,True
122126,-1,10,True
122128,10,12,True
122129,13,12,True
122130,10,12,True
122132,13,10,True
122134,10,12,True
122136,13,12,True
122137,10,12,True
122138,-1,10,True
122139,13,11,True
122140,-1,10,True
122141,13,10,True
122143,10,12,True
122145,10,12,True
122153,4,2,True
122174,4,2,True
122177,4,2,True
122179,4,-1,True
122183,14,10,True
122185,-1,10,True
122186,-1,10,True
122187,14,10,True
122188,14,10,True
122189,10,12,True
122190,13,12,True
122191,14,10,True
122192,10,12,True
122193,-1,10,True
122194,-1,10,True
122195,10,12,True
122196,13,10,True
122197,10,12,True
122198,-1,10,True
122199,-1,10,True
122200,12,11,True
122202,4,2,True
122203,5,3,True
122217,7,-1,True
122254,4,2,True
122255,10,12,True
122261,14,10,True
122262,10,12,True
122263,13,12,True
122264,13,12,True
122265,13,12,True
122266,4,2,True
122273,4,2,True
122280,5,3,True
122324,-1,10,True
122325,10,12,True
122326,14,10,True
122418,5,3,True
122420,5,3,True
122432,4,2,True
122440,12,11,True
122442,10,12,True
122443,10,12,True
122444,14,10,True
122445,10,12,True
122449,3,5,True
122450,2,4,True
122451,2,4,True
122452,2,4,True
122453,2,4,True
122454,2,4,True
122455,2,4,True
122456,2,4,True
122457,2,4,True
122458,2,4,True
122459,13,10,True
122460,13,12,True
122461,12,11,True
122462,12,11,True
122463,10,12,True
122465,13,10,True
122466,10,12,True
122467,14,10,True
122469,13,11,True
122470,10,12,True
122471,12,11,True
122472,4,2,True
122478,8,-1,True
122479,3,-1,True
122480,3,-1,True
122481,3,-1,True
122482,3,-1,True
122487,13,12,True
122488,14,10,True
122489,4,2,True
122490,8,-1,True
122491,5,3,True
122512,4,2,True
122560,7,-1,True
122561,7,-1,True
122562,7,-1,True
122563,7,-1,True
122570,5,3,True
122574,5,3,True
122575,4,2,True
122576,4,2,True
122580,5,3,True
122583,5,3,True
122595,10,12,True
122596,4,2,True
122598,13,11,True
122599,12,11,True
122600,13,11,True
122601,13,10,True
122613,8,-1,True
122627,8,-1,True
122628,8,-1,True
122629,8,-1,True
122660,13,11,True
122673,13,10,True
122674,13,11,True
122675,-1,10,True
122676,10,12,True
122679,5,3,True
122695,8,-1,True
122696,7,-1,True
122697,7,-1,True
122707,7,-1,True
122708,7,-1,True
122709,7,-1,True
122716,4,2,True
122718,4,2,True
122731,4,2,True
122736,4,2,True
122910,-1,10,True
122911,12,11,True
122912,13,12,True
122913,12,11,True
122938,4,2,True
122947,5,3,True
122953,4,2,True
123009,5,3,True
123029,-1,7,True
123030,-1,7,True
123041,12,11,True
123123,8,-1,True
123137,8,-1,True
123139,8,-1,True
123188,5,3,True
123192,4,2,True
123193,3,5,True
123194,3,5,True
123195,3,5,True
123196,3,5,True
123197,3,5,True
123198,3,5,True
123344,3,5,True
123345,3,5,True
123346,3,5,True
123347,3,5,True
123348,13,10,True
123349,14,10,True
123351,10,12,True
123352,12,11,True
123353,4,2,True
123354,4,2,True
123355,9,-1,True
123356,9,-1,True
123357,4,2,True
123358,10,12,True
123359,4,2,True
123371,7,-1,True
123376,5,3,True
123378,5,3,True
123387,5,3,True
123405,8,-1,True
123417,3,5,True
123418,5,3,True
123477,4,2,True
123495,-1,4,True
123498,5,3,True
123501,3,5,True
123502,3,5,True
123503,3,5,True
123504,3,5,True
123505,3,5,True
123506,3,5,True
123507,12,11,True
123508,14,10,True
123509,14,10,True
123510,14,10,True
123511,10,12,True
123512,14,10,True
123513,10,12,True
123514,13,11,True
123515,10,12,True
123518,5,3,True
123519,14,10,True
123520,-1,10,True
123521,-1,10,True
123522,13,10,True
123525,10,12,True
123526,10,12,True
123527,4,2,True
123528,9,-1,True
123529,4,2,True
123588,4,2,True
123589,4,2,True
123602,5,3,True
123603,5,3,True
123605,8,-1,True
123606,5,3,True
123607,5,3,True
123608,4,2,True
123615,13,10,True
123616,14,10,True
123617,10,12,True
123618,13,12,True
123619,13,10,True
123650,8,-1,True
123651,8,-1,True
123652,5,3,True
123653,4,2,True
123654,10,12,True
123658,4,2,True
123659,3,5,True
123670,3,5,True
123671,7,-1,True
123672,7,-1,True
123673,7,-1,True
123674,7,-1,True
123711,5,3,True
123789,4,2,True
123832,13,11,True
123833,-1,10,True
123834,-1,10,True
123835,13,12,True
123836,13,10,True
123837,13,10,True
123838,10,12,True
123849,13,11,True
123850,13,10,True
123864,7,-1,True
123865,7,-1,True
123866,5,3,True
123879,5,3,True
123903,4,2,True
123906,5,3,True
123915,13,11,True
123925,-1,10,True
123926,14,10,True
123927,13,11,True
123928,12,11,True
123929,4,2,True
123930,14,10,True
123931,13,12,True
123932,13,12,True
123933,4,2,True
123934,4,2,True
123948,13,11,True
123949,12,11,True
123952,12,11,True
123953,13,10,True
123954,-1,12,True
123955,10,12,True
123956,14,10,True
123957,-1,10,True
123959,13,10,True
123960,10,12,True
123963,-1,10,True
123964,10,12,True
123965,4,2,True
123985,4,2,True
123988,3,5,True
123989,3,5,True
123990,3,5,True
123991,3,5,True
123992,3,5,True
124001,4,-1,True
124036,4,2,True
124137,3,-1,True
124138,7,-1,True
124144,5,3,True
124145,5,3,True
124167,4,2,True
124176,7,-1,True
124177,7,-1,True
124179,2,4,True
124187,4,-1,True
124190,8,-1,True
124191,8,-1,True
124197,8,-1,True
124198,8,-1,True
124199,8,-1,True
124203,4,2,True
124205,13,10,True
124213,4,2,True
124214,3,5,True
124218,10,12,True
124220,5,3,True
124228,2,4,True
124237,3,-1,True
124241,-1,10,True
124242,10,12,True
124243,-1,10,True
124244,13,10,True
124245,13,11,True
124246,10,12,True
124247,10,12,True
124248,10,12,True
124249,13,11,True
124250,-1,10,True
124251,13,10,True
124252,10,12,True
124258,4,2,True
124259,5,3,True
124261,5,3,True
124275,7,-1,True
124283,4,2,True
124287,5,3,True
124295,4,2,True
124311,8,-1,True
124321,5,3,True
124332,4,2,True
124359,5,3,True
124382,-1,2,True
124439,4,2,True
124441,8,-1,True
124453,5,3,True
124468,4,2,True
124476,4,2,True
124493,4,2,True
124527,13,10,True
124528,14,10,True
124529,13,10,True
124530,14,10,True
124546,5,3,True
124560,4,2,True
124586,4,2,True
124595,4,2,True
124596,13,11,True
124597,14,10,True
124627,14,10,True
124628,10,12,True
124629,14,10,True
124630,-1,10,True
124631,14,10,True
124633,13,12,True
124634,4,2,True
124647,5,3,True
124648,4,2,True
124650,13,11,True
124651,13,10,True
124652,10,12,True
124653,13,11,True
124654,-1,12,True
124655,13,10,True
124656,10,12,True
124660,3,5,True
124661,3,5,True
124662,3,5,True
124663,3,5,True
124664,3,5,True
124665,3,5,True
124666,3,5,True
124672,5,3,True
124679,4,2,True
124688,4,2,True
124690,-1,10,True
124691,12,11,True
124696,14,10,True
124697,13,11,True
124698,-1,10,True
124699,13,11,True
124701,14,10,True
124702,10,12,True
124703,14,10,True
124704,13,12,True
124712,4,2,True
124740,3,5,True
124741,5,3,True
124746,3,5,True
124771,-1,10,True
124772,12,11,True
124773,10,12,True
124774,13,11,True
124775,13,12,True
124776,13,10,True
124777,2,4,True
124805,4,2,True
124810,5,-1,True
124814,4,2,True
124826,5,3,True
124844,4,2,True
124848,3,5,True
124855,8,-1,True
124858,3,5,True
124859,3,5,True
124867,5,3,True
124876,8,-1,True
124889,13,11,True
124890,10,12,True
124891,14,10,True
124892,-1,12,True
124893,13,10,True
124894,14,10,True
124895,13,10,True
124896,13,11,True
124897,4,2,True
124898,4,2,True
124905,-1,12,True
124906,13,11,True
124907,14,10,True
124908,14,10,True
124909,10,12,True
124910,13,10,True
124911,-1,10,True
124913,14,10,True
124914,12,11,True
124915,-1,10,True
124916,10,12,True
124917,-1,10,True
124918,-1,10,True
124924,5,3,True
124926,5,3,True
124936,4,2,True
124975,4,2,True
124981,4,2,True
124995,4,2,True
125011,5,3,True
125032,4,2,True
125037,4,2,True
125052,4,2,True
125103,5,3,True
125105,5,3,True
125111,-1,10,True
125112,12,11,True
125113,10,12,True
125116,5,3,True
125130,2,-1,True
125131,2,-1,True
125132,2,-1,True
125149,4,2,True
125150,-1,10,True
125151,12,11,True
125152,12,11,True
125153,-1,10,True
125155,10,12,True
125156,13,10,True
125157,10,12,True
125158,14,10,True
125159,13,11,True
125167,13,11,True
125168,-1,10,True
125169,4,2,True
125181,2,4,True
125183,4,2,True
125184,5,3,True
125196,4,2,True
125230,4,2,True
125231,5,3,True
125235,10,12,True
125236,13,10,True
125237,14,10,True
125238,12,11,True
125239,-1,10,True
125240,3,5,True
125241,13,12,True
125242,10,12,True
125244,4,2,True
125270,-1,10,True
125272,10,12,True
125273,12,11,True
125274,4,2,True
125275,5,3,True
125277,4,2,True
125288,4,2,True
125297,13,11,True
125299,12,11,True
125300,13,11,True
125302,4,2,True
125305,10,12,True
125361,5,3,True
125364,5,3,True
125368,4,2,True
125421,13,10,True
125422,13,10,True
125423,12,11,True
125424,14,10,True
125425,14,10,True
125426,10,12,True
125427,4,2,True
125437,4,2,True
125446,5,3,True
125450,4,2,True
125454,4,2,True
125455,5,3,True
125483,7,-1,True
125486,5,3,True
125497,5,3,True
125509,3,5,True
125510,3,5,True
125511,3,5,True
125512,7,-1,True
125513,7,-1,True
125514,7,-1,True
125515,7,-1,True
125518,13,11,True
125519,10,12,True
125520,13,10,True
125521,10,12,True
125522,10,12,True
125523,13,11,True
125524,10,12,True
125525,12,11,True
125526,14,10,True
125527,8,-1,True
125538,5,3,True
125578,12,11,True
125579,14,10,True
125580,13,12,True
125581,13,10,True
125582,-1,12,True
125583,13,11,True
125584,13,11,True
125585,10,12,True
125588,10,12,True
125590,14,10,True
125592,12,11,True
125593,10,12,True
125594,10,12,True
125601,5,3,True
125611,5,3,True
125630,4,2,True
125645,4,2,True
125727,7,-1,True
125728,7,-1,True
125729,7,-1,True
125749,10,12,True
125750,4,2,True
125761,5,3,True
125763,5,3,True
125764,5,3,True
125773,4,2,True
125777,14,10,True
125788,3,-1,True
125789,3,-1,True
125790,8,-1,True
125791,8,-1,True
125792,8,-1,True
125812,-1,8,True
125813,-1,8,True
125822,6,-1,True
125823,6,-1,True
125825,10,12,True
125826,12,11,True
125835,5,3,True
125836,4,2,True
125837,10,12,True
125839,4,2,True
125840,12,11,True
125841,10,12,True
125842,14,10,True
125843,14,10,True
125844,10,12,True
125845,-1,10,True
125847,13,10,True
125848,13,12,True
125849,10,12,True
125852,13,10,True
125853,10,12,True
125854,13,11,True
125855,14,10,True
125856,-1,10,True
125857,14,10,True
125858,4,2,True
125864,4,2,True
125865,4,2,True
125866,4,2,True
125876,4,2,True
125878,12,11,True
125879,13,11,True
125881,12,11,True
125882,5,3,True
125884,3,5,True
125885,3,5,True
125886,3,5,True
125887,3,5,True
125891,3,5,True
125897,5,3,True
125905,5,3,True
125914,5,-1,True
125927,3,-1,True
125928,3,-1,True
125929,3,-1,True
125942,4,2,True
126103,13,11,True
126105,10,12,True
126106,13,11,True
126108,14,10,True
126109,12,11,True
126110,10,12,True
126111,13,12,True
126112,2,4,True
126113,2,4,True
126114,5,3,True
126126,5,3,True
126150,5,3,True
126152,4,2,True
126157,8,-1,True
126158,8,-1,True
126159,8,-1,True
126169,10,12,True
126170,4,2,True
126180,10,12,True
126181,13,12,True
126182,12,11,True
126184,13,11,True
126185,10,12,True
126186,10,12,True
126187,13,11,True
126188,12,11,True
126189,4,2,True
126190,5,3,True
126193,3,5,True
126194,3,5,True
126208,4,2,True
126232,5,3,True
126267,-1,10,True
126286,8,-1,True
126287,5,-1,True
126293,5,3,True
126300,5,3,True
126301,12,11,True
126302,4,2,True
126332,-1,10,True
126334,10,12,True
126335,-1,10,True
126336,13,10,True
126337,13,11,True
126338,-1,10,True
126340,13,12,True
126341,10,12,True
126358,12,11,True
126359,14,10,True
126360,13,12,True
126361,13,10,True
126362,13,11,True
126363,13,12,True
126364,12,11,True
126365,10,12,True
126366,14,10,True
126367,12,11,True
126368,12,11,True
126370,10,12,True
126371,10,12,True
126372,13,11,True
126383,10,12,True
126384,13,10,True
126385,13,12,True
126386,14,10,True
126387,13,12,True
126388,12,11,True
126389,10,12,True
126390,4,2,True
126391,14,10,True
126392,10,12,True
126393,13,10,True
126394,10,12,True
126395,13,11,True
126397,-1,10,True
126398,12,11,True
126399,13,10,True
126402,13,10,True
126403,13,11,True
126404,4,2,True
126405,13,11,True
126406,13,11,True
126407,13,10,True
126408,13,10,True
126409,13,-1,True
126410,10,-1,True
126411,10,12,True
126413,14,-1,True
126415,10,-1,True
126416,13,-1,True
126424,12,-1,True
126429,-1,10,True
126430,12,11,True
126431,4,2,True
126432,13,-1,True
126434,12,11,True
126435,10,12,True
126436,8,-1,True
126437,8,-1,True
126438,8,-1,True
126439,5,3,True
126441,4,2,True
126444,4,2,True
126445,12,11,True
126447,14,10,True
126449,10,12,True
126450,12,11,True
126451,12,11,True
126452,-1,10,True
126453,10,12,True
126454,12,11,True
126455,10,12,True
126456,13,12,True
126458,12,11,True
126459,13,11,True
126461,4,2,True
126462,2,4,True
126463,5,3,True
126483,5,3,True
126497,8,-1,True
126498,8,-1,True
126507,13,12,True
126508,10,12,True
126509,12,11,True
126510,12,11,True
126511,13,11,True
126512,13,12,True
126513,13,11,True
126514,-1,10,True
126515,13,10,True
126516,14,10,True
126517,14,10,True
126547,4,2,True
126555,5,3,True
126561,5,-1,True
126563,10,12,True
126564,10,12,True
126565,10,12,True
126566,7,-1,True
126580,5,3,True
126581,5,3,True
126593,5,3,True
126603,3,5,True
126604,3,5,True
126605,3,5,True
126606,3,5,True
126607,3,5,True
126608,3,5,True
126609,3,5,True
126610,3,5,True
126611,3,5,True
126612,3,5,True
126613,3,5,True
126614,3,5,True
126626,4,2,True
126643,4,2,True
126726,4,2,True
126736,4,2,True
126761,4,2,True
126784,5,3,True
126785,5,3,True
126804,14,10,True
126807,5,3,True
126829,5,3,True
126830,5,3,True
126836,13,12,True
126837,10,12,True
126838,13,11,True
126839,10,12,True
126840,10,12,True
126841,4,2,True
126842,4,2,True
126877,4,2,True
126886,4,2,True
126927,8,-1,True
126928,8,-1,True
126929,8,-1,True
126932,5,-1,True
126936,5,3,True
126937,4,2,True
126941,12,11,True
126942,4,2,True
126946,13,12,True
126947,12,11,True
126956,12,11,True
126957,12,11,True
126958,12,11,True
126959,9,-1,True
126960,4,2,True
126970,13,12,True
126971,10,12,True
126972,13,11,True
126973,10,12,True
126974,13,11,True
126975,13,11,True
126976,4,2,True
126977,4,2,True
126978,13,12,True
126979,10,12,True
126980,9,-1,True
126982,4,2,True
126988,4,2,True
126989,13,11,True
126990,13,12,True
126991,3,5,True
126997,12,11,True
126998,10,12,True
126999,-1,10,True
127001,3,5,True
127004,3,5,True
127005,3,5,True
127007,2,-1,True
127011,3,-1,True
127012,3,-1,True
127013,3,5,True
127015,5,3,True
127026,3,5,True
127027,3,5,True
127035,7,-1,True
127062,2,4,True
127063,2,4,True
127064,2,4,True
127078,5,3,True
127079,4,2,True
127094,3,5,True
127095,3,5,True
127096,8,-1,True
127097,8,-1,True
127104,3,-1,True
127105,3,-1,True
127106,3,-1,True
127108,-1,10,True
127109,13,12,True
127110,13,11,True
127111,4,2,True
127112,10,12,True
127113,5,3,True
127119,4,2,True
127127,5,3,True
127230,3,5,True
127231,3,-1,True
127232,8,-1,True
127233,8,-1,True
127234,8,-1,True
127249,13,10,True
127250,-1,10,True
127251,14,10,True
127252,4,2,True
127263,14,10,True
127264,10,12,True
127265,10,12,True
127269,-1,10,True
127270,14,10,True
127271,-1,10,True
127272,13,12,True
127273,4,2,True
127277,13,12,True
127278,13,12,True
127279,13,11,True
127281,10,12,True
127282,10,12,True
127284,10,12,True
127285,12,11,True
127286,4,2,True
127298,4,2,True
127305,4,2,True
127329,5,3,True
127330,-1,12,True
127331,4,2,True
127333,-1,10,True
127334,13,11,True
127335,14,10,True
127338,10,12,True
127339,10,12,True
127367,4,2,True
127368,4,2,True
127371,6,-1,True
127372,6,-1,True
127373,6,-1,True
127374,6,-1,True
127375,4,2,True
127386,13,10,True
127387,10,12,True
127388,8,-1,True
127389,14,10,True
127390,13,11,True
127393,12,11,True
127394,10,12,True
127395,4,2,True
127410,5,3,True
127413,5,3,True
127414,5,3,True
127421,5,3,True
127441,5,3,True
127446,-1,10,True
127447,-1,10,True
127448,13,11,True
127449,4,2,True
127450,13,10,True
127451,13,10,True
127452,13,12,True
127453,13,10,True
127454,13,11,True
127455,13,11,True
127459,5,3,True
127466,3,5,True
127473,5,3,True
127494,3,5,True
127495,3,5,True
127496,3,5,True
127497,3,5,True
127498,3,5,True
127499,3,5,True
127522,12,-1,True
127524,13,-1,True
127525,4,2,True
127531,5,3,True
127538,5,3,True
127552,5,3,True
127576,4,2,True
127580,13,11,True
127605,10,12,True
127622,4,2,True
127662,13,12,True
127663,13,10,True
127674,5,3,True
127675,5,3,True
127684,3,-1,True
127685,3,-1,True
127686,3,-1,True
127710,4,2,True
127713,4,2,True
127714,10,12,True
127717,13,11,True
127718,14,10,True
127719,13,10,True
127720,4,2,True
127721,4,2,True
127732,13,10,True
127733,13,12,True
127734,14,10,True
127735,14,10,True
127737,10,12,True
127738,10,12,True
127739,10,12,True
127740,14,10,True
127750,5,3,True
127792,7,-1,True
127793,8,-1,True
127794,8,-1,True
127797,13,11,True
127798,-1,10,True
127799,-1,10,True
127800,12,11,True
127801,13,10,True
127803,10,12,True
127804,10,12,True
127806,14,10,True
127807,7,-1,True
127808,7,-1,True
127809,7,-1,True
127846,4,2,True
127871,4,2,True
127879,14,-1,True
127880,4,2,True
127899,4,2,True
127900,5,3,True
127905,12,11,True
127926,13,12,True
127927,4,2,True
127978,5,3,True
127979,4,2,True
127980,14,10,True
127981,10,12,True
127982,4,2,True
127983,4,2,True
127985,10,12,True
127986,12,11,True
127988,13,11,True
127989,13,10,True
127991,-1,10,True
127992,13,11,True
127993,10,12,True
128036,4,2,True
128040,4,2,True
128069,5,3,True
128071,5,3,True
128086,5,3,True
128274,4,2,True
128300,4,2,True
128301,4,2,True
128303,10,12,True
128304,12,11,True
128305,-1,10,True
128306,13,12,True
128307,13,10,True
128308,-1,10,True
128309,4,2,True
128310,10,12,True
128316,10,12,True
128318,4,2,True
128358,3,5,True
128359,3,5,True
128360,3,5,True
128361,3,5,True
128362,3,5,True
128363,3,5,True
128364,3,5,True
128365,3,5,True
128366,3,5,True
128367,3,5,True
128383,5,3,True
128384,5,3,True
128396,5,3,True
128403,5,3,True
128414,13,12,True
128416,5,3,True
128417,12,11,True
128418,14,10,True
128419,14,10,True
128420,-1,10,True
128421,13,11,True
128433,4,2,True
128438,5,3,True
128447,8,-1,True
128448,8,-1,True
128449,8,-1,True
128450,8,-1,True
128552,4,2,True
128634,5,3,True
128700,10,12,True
128701,13,11,True
128702,13,12,True
128703,12,11,True
128704,12,11,True
128705,14,10,True
128706,-1,10,True
128708,10,12,True
128709,10,12,True
128710,4,2,True
128711,10,12,True
128722,5,3,True
128746,5,3,True
128779,5,3,True
128794,10,12,True
128795,-1,10,True
128796,13,12,True
128797,10,12,True
128798,10,12,True
128799,12,11,True
128801,10,12,True
128802,13,12,True
128833,3,5,True
128834,12,11,True
128835,14,10,True
128837,13,11,True
128839,10,12,True
128881,5,3,True
128882,5,3,True
128889,5,3,True
128890,12,11,True
128906,5,3,True
128916,7,-1,True
128917,7,-1,True
128920,8,-1,True
128942,7,-1,True
128943,7,-1,True
128944,7,-1,True
128945,7,-1,True
128948,4,2,True
128962,4,2,True
128963,3,-1,True
128964,3,-1,True
128965,3,-1,True
128966,3,-1,True
128967,3,-1,True
128968,3,-1,True
128969,3,-1,True
128970,5,3,True
128972,5,3,True
128973,5,3,True
128975,13,10,True
128976,4,2,True
128977,10,12,True
128978,13,10,True
128979,13,10,True
128980,5,3,True
128984,14,10,True
128993,5,3,True
128994,5,3,True
129001,4,2,True
129009,4,2,True
129043,5,3,True
129056,4,2,True
129165,5,3,True
129166,5,3,True
129167,4,2,True
129168,4,2,True
129169,4,2,True
129170,14,10,True
129171,13,11,True
129172,13,10,True
129174,12,11,True
129175,12,11,True
129177,10,12,True
129179,-1,10,True
129180,13,10,True
129182,14,10,True
129187,3,5,True
129188,3,5,True
129212,13,12,True
129213,13,10,True
129214,13,11,True
129215,-1,10,True
129216,14,10,True
129217,13,12,True
129218,10,12,True
129219,14,10,True
129233,3,5,True
129234,3,5,True
129235,3,5,True
129236,3,5,True
129237,3,5,True
129238,3,5,True
129239,3,5,True
129240,3,5,True
129241,3,5,True
129242,3,5,True
129243,2,4,True
129244,2,4,True
129245,2,4,True
129246,2,4,True
129247,3,5,True
129248,3,5,True
129249,3,5,True
129405,14,10,True
129408,-1,10,True
129411,13,11,True
129412,14,10,True
129413,12,11,True
129414,13,11,True
129415,13,12,True
129417,14,10,True
129418,13,10,True
129419,12,11,True
129420,14,10,True
129421,4,2,True
129423,-1,10,True
129426,13,10,True
129427,10,12,True
129430,4,2,True
129434,13,11,True
129436,4,2,True
129445,4,2,True
129455,4,2,True
129458,4,2,True
129461,3,-1,True
129462,8,-1,True
129463,8,-1,True
129473,8,-1,True
129474,5,3,True
129479,13,10,True
129480,4,2,True
129481,4,2,True
129501,4,2,True
129503,4,2,True
129506,4,2,True
129507,13,11,True
129508,4,2,True
129570,3,5,True
129571,8,-1,True
129572,5,3,True
129617,3,5,True
129618,3,5,True
129619,3,5,True
129620,3,5,True
129621,3,5,True
129622,3,5,True
129623,3,5,True
129624,3,5,True
129625,3,5,True
129626,3,5,True
129627,3,5,True
129628,3,5,True
129629,3,5,True
129630,3,5,True
129631,3,5,True
129632,3,5,True
129633,3,5,True
129634,3,5,True
129635,3,5,True
129636,3,5,True
129637,3,5,True
129638,3,5,True
129639,3,5,True
129640,3,5,True
129641,3,5,True
129642,3,5,True
129643,3,5,True
129644,3,5,True
129645,3,5,True
129646,3,5,True
129647,3,5,True
129648,3,5,True
129649,3,5,True
129650,4,2,True
129654,4,2,True
129661,5,3,True
129664,4,-1,True
129665,9,-1,True
129666,9,-1,True
129667,9,-1,True
129668,9,-1,True
129685,5,3,True
129716,3,5,True
129726,10,12,True
129727,10,12,True
129728,13,12,True
129729,10,12,True
129734,13,10,True
129735,13,10,True
129736,13,11,True
129737,12,11,True
129738,10,12,True
129740,13,12,True
129741,5,3,True
129746,13,10,True
129747,4,2,True
129760,4,2,True
129763,5,3,True
129769,8,-1,True
129778,3,5,True
129780,5,3,True
129782,5,3,True
129789,4,2,True
129795,13,12,True
129796,12,11,True
129797,12,11,True
129798,12,11,True
129800,10,12,True
129801,13,10,True
129803,12,11,True
129804,-1,10,True
129805,4,2,True
129806,12,11,True
129807,10,12,True
129808,-1,10,True
129809,13,11,True
129811,-1,10,True
129812,13,10,True
129813,12,11,True
129814,12,11,True
129815,13,11,True
129817,-1,11,True
129818,13,11,True
129819,12,11,True
129820,12,11,True
129821,14,10,True
129822,13,12,True
129823,-1,10,True
129824,10,12,True
129825,13,10,True
129826,12,11,True
129827,-1,10,True
129828,10,12,True
129830,10,12,True
129832,13,10,True
129833,13,12,True
129835,-1,10,True
129836,10,12,True
129837,14,10,True
129838,13,12,True
129853,13,11,True
129854,4,2,True
129859,5,3,True
129875,5,3,True
129880,4,2,True
129963,5,3,True
129964,5,3,True
130011,5,3,True
130012,3,-1,True
130026,13,11,True
130027,13,11,True
130029,3,5,True
130030,3,5,True
130031,3,5,True
130032,3,5,True
130033,3,5,True
130040,3,-1,True
130041,3,-1,True
130055,5,3,True
130067,10,12,True
130068,10,12,True
130069,12,11,True
130070,13,11,True
130071,14,10,True
130072,13,12,True
130073,4,2,True
130086,4,2,True
130109,5,3,True
130117,5,3,True
130120,14,10,True
130121,14,10,True
130123,10,12,True
130125,12,11,True
130126,13,10,True
130130,5,3,True
130134,5,3,True
130137,5,3,True
130149,3,-1,True
130150,3,-1,True
130151,3,-1,True
130154,14,10,True
130155,14,10,True
130182,5,3,True
130183,8,-1,True
130184,8,-1,True
130185,8,-1,True
130186,8,-1,True
130187,8,-1,True
130188,8,-1,True
130189,8,-1,True
130190,8,-1,True
130197,5,3,True
130198,2,4,True
130199,2,4,True
130200,2,4,True
130201,2,4,True
130202,4,2,True
130203,10,12,True
130219,5,3,True
130222,5,3,True
130228,5,3,True
130363,7,-1,True
130364,7,-1,True
130366,7,-1,True
130371,10,12,True
130372,14,10,True
130373,12,11,True
130376,10,12,True
130377,12,11,True
130378,2,4,True
130380,4,2,True
130388,5,3,True
130389,5,3,True
130391,3,-1,True
130392,5,3,True
130393,4,2,True
130405,5,3,True
130406,5,3,True
130612,4,2,True
130624,4,2,True
130632,14,10,True
130633,10,12,True
130634,12,11,True
130635,13,11,True
130638,10,12,True
130639,13,10,True
130640,10,12,True
130641,10,12,True
130642,13,10,True
130643,10,12,True
130644,14,10,True
130650,4,2,True
130668,14,10,True
130669,10,12,True
130672,13,11,True
130673,10,12,True
130674,13,10,True
130675,14,10,True
130676,14,10,True
130677,13,11,True
130678,13,12,True
130679,13,10,True
130680,-1,10,True
130681,13,11,True
130682,14,10,True
130683,13,12,True
130684,-1,10,True
130685,12,11,True
130702,12,11,True
130707,5,3,True
130719,5,3,True
130726,4,2,True
130727,5,3,True
130729,3,-1,True
130730,3,-1,True
130734,4,2,True
130735,2,4,True
130741,5,3,True
130764,3,5,True
130765,3,5,True
130766,3,5,True
130767,3,5,True
130768,3,5,True
130769,3,5,True
131058,12,11,True
131059,14,10,True
131060,-1,10,True
131061,13,11,True
131062,10,12,True
131064,12,11,True
131065,14,10,True
131066,14,10,True
131069,10,12,True
131070,12,11,True
131071,12,11,True
131072,14,10,True
131073,13,10,True
131074,13,10,True
131075,14,10,True
131076,12,11,True
131077,-1,10,True
131078,13,11,True
131080,12,11,True
131082,14,10,True
131083,13,10,True
131084,13,11,True
131085,14,10,True
131087,13,11,True
131088,12,11,True
131089,13,12,True
131090,-1,10,True
131091,12,11,True
131092,12,11,True
131116,-1,10,True
131117,4,2,True
131118,10,12,True
131123,4,2,True
131124,8,-1,True
131125,5,3,True
131139,5,3,True
131145,5,3,True
131146,3,5,True
131198,4,2,True
131199,13,10,True
131220,5,3,True
131227,4,2,True
131243,5,3,True
131268,5,3,True
131272,4,2,True
131290,-1,10,True
131291,13,12,True
131292,14,10,True
131299,5,3,True
131311,13,12,True
131313,-1,10,True
131316,12,11,True
131317,12,11,True
131318,13,12,True
131325,4,2,True
131346,4,2,True
131376,4,2,True
131382,4,2,True
131387,5,3,True
131407,8,-1,True
131408,8,-1,True
131424,5,3,True
131431,5,3,True
131452,4,2,True
131498,8,-1,True
131499,8,-1,True
131518,13,12,True
131521,10,12,True
131522,-1,10,True
131523,13,11,True
131524,13,10,True
131525,13,10,True
131526,4,2,True
131531,5,3,True
131538,5,3,True
131543,5,3,True
131596,10,12,True
131597,12,11,True
131598,10,12,True
131600,14,10,True
131601,10,12,True
131602,12,11,True
131603,10,12,True
131605,-1,10,True
131607,-1,10,True
131608,14,10,True
131609,14,10,True
131610,-1,10,True
131611,13,12,True
131612,13,10,True
131614,12,11,True
131615,3,5,True
131616,3,5,True
131617,3,5,True
131618,3,5,True
131619,3,5,True
131620,3,5,True
131621,3,5,True
131650,2,4,True
131651,2,4,True
131652,2,4,True
131693,13,10,True
131694,14,10,True
131695,13,11,True
131696,13,11,True
131697,10,12,True
131698,13,11,True
131699,13,10,True
131700,-1,12,True
131704,13,11,True
131705,14,10,True
131706,13,12,True
131707,-1,10,True
131708,10,12,True
131709,10,12,True
131710,-1,10,True
131711,10,12,True
131712,-1,10,True
131713,13,10,True
131714,13,10,True
131715,-1,10,True
131717,-1,10,True
131718,14,10,True
131719,10,12,True
131720,13,10,True
131721,12,11,True
131722,12,11,True
131724,13,11,True
131726,13,12,True
131727,13,11,True
131728,-1,10,True
131729,4,2,True
131734,12,-1,True
131736,14,-1,True
131737,13,11,True
131738,13,11,True
131739,13,12,True
131745,5,-1,True
131754,4,2,True
131755,4,2,True
131759,13,10,True
131761,10,12,True
131762,14,10,True
131763,12,11,True
131766,12,11,True
131767,10,12,True
131768,14,10,True
131769,4,2,True
131770,5,3,True
131771,4,2,True
131787,5,3,True
131788,5,3,True
131790,8,-1,True
131797,8,-1,True
131815,5,3,True
131845,5,3,True
131847,5,3,True
131848,4,2,True
131905,10,12,True
131906,13,12,True
131917,8,-1,True
131918,5,3,True
131966,3,5,True
131967,3,5,True
131990,7,-1,True
131995,5,3,True
132007,4,2,True
132008,8,-1,True
132009,8,-1,True
132013,1,-1,True
132017,4,2,True
132019,13,11,True
132020,10,12,True
132021,13,11,True
132022,13,12,True
132023,13,12,True
132024,10,12,True
132025,13,10,True
132029,10,12,True
132037,4,2,True
132039,4,2,True
132040,-1,10,True
132041,-1,10,True
132042,10,12,True
132043,12,11,True
132044,12,11,True
132057,12,11,True
132058,14,10,True
132059,13,11,True
132060,4,2,True
132072,4,2,True
132077,4,2,True
132078,-1,10,True
132079,13,10,True
132096,4,2,True
132103,5,3,True
132107,4,2,True
132113,14,10,True
132114,14,10,True
132122,12,11,True
132123,13,10,True
132124,4,2,True
132125,4,2,True
132126,10,12,True
132209,5,3,True
132224,5,3,True
132243,5,3,True
132250,5,3,True
132291,13,11,True
132295,2,4,True
132296,2,4,True
132297,2,4,True
132298,2,4,True
132299,2,4,True
132300,2,4,True
132301,2,4,True
132302,2,4,True
132303,2,4,True
132304,2,4,True
132305,2,4,True
132347,4,2,True
132355,5,3,True
132362,5,3,True
132378,3,-1,True
132379,7,-1,True
132380,4,2,True
132392,5,3,True
132402,10,12,True
132403,14,10,True
132404,4,2,True
132407,5,3,True
132420,4,2,True
132421,12,11,True
132422,13,11,True
132423,-1,10,True
132424,10,12,True
132425,14,10,True
132426,-1,12,True
132484,4,2,True
132544,5,3,True
132545,5,3,True
132546,2,4,True
132547,2,4,True
132550,3,-1,True
132551,3,-1,True
132552,3,-1,True
132553,5,3,True
132554,4,2,True
132556,5,3,True
132557,4,2,True
132626,5,3,True
132636,4,2,True
132637,4,2,True
132638,4,2,True
132639,10,12,True
132641,13,10,True
132642,13,11,True
132644,8,-1,True
132645,8,-1,True
132646,5,3,True
132647,5,3,True
132662,5,3,True
132675,4,2,True
132676,-1,10,True
132693,5,3,True
132697,3,5,True
132716,5,3,True
132718,3,5,True
132719,3,5,True
132720,3,5,True
132721,3,5,True
132722,5,3,True
132725,4,2,True
132730,8,-1,True
132732,8,-1,True
132734,8,-1,True
132747,8,-1,True
132748,8,-1,True
132749,8,-1,True
132750,8,-1,True
132751,8,-1,True
132752,8,-1,True
132753,8,-1,True
132754,8,-1,True
132767,4,2,True
132778,8,-1,True
132779,8,-1,True
132781,3,5,True
132795,5,3,True
132796,10,12,True
132799,10,12,True
132800,5,3,True
132811,4,2,True
132823,4,2,True
132834,4,2,True
132837,4,2,True
132861,4,2,True
132927,4,2,True
132976,3,5,True
132977,3,5,True
132978,3,5,True
132993,5,3,True
132994,5,3,True
132995,4,2,True
132996,14,10,True
132998,-1,10,True
132999,13,10,True
133000,14,10,True
133001,13,11,True
133002,14,10,True
133004,12,11,True
133005,-1,10,True
133006,10,12,True
133007,13,10,True
133008,13,11,True
133009,13,11,True
133010,4,2,True
133014,3,5,True
133020,8,-1,True
133029,9,-1,True
133030,9,-1,True
133031,4,2,True
133047,5,3,True
133052,14,10,True
133053,13,11,True
133060,4,2,True
133124,4,2,True
133128,4,2,True
133130,4,2,True
133142,4,2,True
133161,2,4,True
133162,2,4,True
133163,2,4,True
133164,2,4,True
133165,2,4,True
133166,2,4,True
133167,2,4,True
133168,2,4,True
133169,2,4,True
133189,4,2,True
133209,4,2,True
133210,4,2,True
133211,12,11,True
133213,10,12,True
133214,13,12,True
133215,10,12,True
133217,10,12,True
133218,10,12,True
133219,12,11,True
133220,-1,10,True
133222,14,10,True
133223,13,11,True
133224,13,10,True
133225,-1,10,True
133226,10,12,True
133227,13,12,True
133228,-1,10,True
133229,14,10,True
133230,14,10,True
133231,10,12,True
133232,10,12,True
133233,-1,12,True
133234,-1,10,True
133235,-1,10,True
133236,13,10,True
133237,14,10,True
133238,13,12,True
133239,12,11,True
133240,13,10,True
133241,13,11,True
133242,13,11,True
133243,10,12,True
133244,10,12,True
133245,13,10,True
133246,-1,10,True
133247,13,11,True
133248,14,10,True
133251,13,11,True
133252,14,10,True
133253,10,12,True
133254,10,12,True
133255,12,11,True
133256,13,11,True
133257,10,12,True
133258,10,12,True
133260,10,12,True
133261,10,12,True
133262,10,12,True
133263,12,11,True
133264,12,11,True
133265,-1,10,True
133266,13,12,True
133267,14,10,True
133268,12,11,True
133269,14,10,True
133270,-1,10,True
133271,14,10,True
133272,13,11,True
133273,10,12,True
133274,14,10,True
133276,13,12,True
133278,-1,10,True
133280,10,12,True
133282,12,11,True
133283,10,12,True
133284,10,12,True
133285,-1,12,True
133286,14,10,True
133287,13,11,True
133288,13,10,True
133289,12,11,True
133290,14,10,True
133291,13,10,True
133292,13,12,True
133293,-1,10,True
133294,13,12,True
133295,13,11,True
133296,13,12,True
133297,13,11,True
133298,13,11,True
133299,-1,10,True
133300,13,12,True
133301,13,10,True
133302,13,12,True
133303,10,12,True
133304,14,10,True
133305,-1,10,True
133306,13,10,True
133307,13,11,True
133308,12,11,True
133309,13,10,True
133310,12,11,True
133311,13,12,True
133314,14,10,True
133315,10,12,True
133318,-1,10,True
133319,13,10,True
133320,10,12,True
133321,13,12,True
133322,14,10,True
133323,-1,10,True
133324,13,11,True
133325,13,11,True
133326,10,12,True
133328,-1,10,True
133329,14,10,True
133331,12,11,True
133332,10,12,True
133333,14,-1,True
133339,12,11,True
133340,13,12,True
133341,10,12,True
133343,5,3,True
133370,4,2,True
133371,3,5,True
133372,3,5,True
133373,3,5,True
133374,3,5,True
133375,-1,10,True
133376,12,11,True
133377,13,11,True
133378,13,11,True
133380,13,12,True
133381,14,10,True
133382,10,12,True
133383,10,12,True
133385,13,12,True
133387,13,10,True
133388,10,12,True
133390,10,12,True
133391,10,12,True
133392,12,11,True
133393,13,12,True
133395,10,12,True
133396,13,10,True
133399,7,-1,True
133427,5,3,True
133457,5,3,True
133466,5,3,True
133501,5,3,True
133508,5,3,True
133513,4,2,True
133522,4,2,True
133630,3,5,True
133631,3,5,True
133632,3,5,True
133633,3,5,True
133634,4,2,True
133642,14,10,True
133643,12,11,True
133644,12,11,True
133645,12,11,True
133646,10,12,True
133647,10,12,True
133648,13,12,True
133649,4,2,True
133650,5,3,True
133655,5,3,True
133684,-1,10,True
133685,13,10,True
133686,4,2,True
133687,5,3,True
133709,4,2,True
133721,10,12,True
133726,8,-1,True
133727,8,-1,True
133732,5,3,True
133733,5,3,True
133735,10,12,True
133737,10,12,True
133738,13,10,True
133739,-1,10,True
133740,12,11,True
133741,13,10,True
133743,-1,11,True
133745,14,10,True
133746,13,11,True
133747,4,2,True
133779,5,3,True
133793,5,3,True
133830,2,-1,True
133833,7,-1,True
133847,5,-1,True
133848,12,11,True
133850,12,11,True
133851,-1,10,True
133852,12,11,True
133853,13,11,True
133855,14,10,True
133856,12,11,True
133857,10,12,True
133860,10,12,True
133861,12,11,True
133862,12,11,True
133863,-1,10,True
133866,13,11,True
133867,14,10,True
133868,10,12,True
133869,13,11,True
133870,10,12,True
133871,10,12,True
133878,4,2,True
133879,13,11,True
133880,14,10,True
133881,4,2,True
133889,4,2,True
133890,13,10,True
133892,13,10,True
133893,12,11,True
133894,12,11,True
133895,14,10,True
133896,13,12,True
133897,14,10,True
133898,-1,10,True
133899,14,10,True
133900,4,2,True
133901,14,10,True
133903,13,10,True
133904,12,11,True
133905,10,12,True
133910,5,3,True
133924,4,2,True
133934,5,3,True
133935,13,11,True
133936,13,10,True
133937,10,12,True
133938,13,10,True
133946,5,3,True
133972,4,2,True
133975,4,2,True
133992,5,3,True
133994,4,2,True
133995,5,3,True
133996,5,3,True
134001,8,-1,True
134009,4,2,True
134011,5,3,True
134024,10,12,True
134025,13,12,True
134026,12,11,True
134285,10,12,True
134286,13,10,True
134287,10,12,True
134288,4,2,True
134289,14,10,True
134299,10,12,True
134300,-1,11,True
134302,4,2,True
134305,4,2,True
134306,13,10,True
134307,10,12,True
134308,14,10,True
134309,10,12,True
134310,13,11,True
134311,13,10,True
134312,12,11,True
134313,13,10,True
134315,10,12,True
134317,10,-1,True
134319,4,2,True
134320,13,12,True
134321,12,11,True
134322,9,-1,True
134323,9,-1,True
134324,9,-1,True
134354,4,2,True
134355,4,2,True
134367,5,3,True
134384,5,3,True
134385,8,-1,True
134416,4,2,True
134431,4,2,True
134440,4,2,True
134532,5,3,True
134534,5,3,True
134545,13,10,True
134547,13,12,True
134548,13,11,True
134549,10,12,True
134550,4,2,True
134552,4,2,True
134658,5,3,True
134669,3,5,True
134670,5,3,True
134683,5,3,True
134689,4,2,True
134697,4,2,True
134699,5,3,True
134726,10,12,True
134727,10,12,True
134734,4,2,True
134744,4,2,True
134781,4,2,True
134782,10,12,True
134783,13,11,True
134784,10,12,True
134785,14,10,True
134786,13,11,True
134787,13,12,True
134788,10,12,True
134789,13,11,True
134790,12,11,True
134793,12,11,True
134794,13,11,True
134795,12,11,True
134796,10,12,True
134798,10,12,True
134799,13,11,True
134800,13,11,True
134820,4,2,True
134904,4,2,True
134905,12,11,True
134907,12,11,True
134908,12,11,True
134910,4,2,True
134911,5,3,True
134947,-1,10,True
134948,4,2,True
134949,13,11,True
134950,10,12,True
134951,-1,11,True
134953,-1,11,True
134958,-1,11,True
134960,4,2,True
134962,4,2,True
134963,14,10,True
134964,10,12,True
134965,13,11,True
134966,-1,10,True
134967,14,10,True
134968,14,10,True
134969,10,12,True
134970,10,12,True
134975,12,11,True
134987,5,3,True
134988,13,10,True
134989,10,12,True
134991,14,10,True
134997,4,2,True
135001,4,2,True
135002,4,2,True
135003,12,11,True
135004,13,12,True
135005,10,12,True
135007,12,11,True
135008,14,10,True
135009,8,-1,True
135010,8,-1,True
135011,8,-1,True
135012,7,-1,True
135021,8,-1,True
135022,8,-1,True
135023,8,-1,True
135024,8,-1,True
135029,5,3,True
135033,8,-1,True
135069,5,3,True
135075,4,2,True
135083,4,2,True
135088,4,2,True
135094,4,2,True
135159,5,3,True
135161,4,2,True
135173,3,5,True
135175,8,-1,True
135176,5,3,True
135214,2,4,True
135217,5,3,True
135225,10,12,True
135226,13,11,True
135227,10,12,True
135228,10,12,True
135229,13,12,True
135230,13,11,True
135231,12,11,True
135242,5,3,True
135272,4,2,True
135273,4,2,True
135276,5,3,True
135283,10,12,True
135284,10,12,True
135296,-1,10,True
135297,4,2,True
135300,5,3,True
135321,4,2,True
135322,4,2,True
135344,4,2,True
135346,13,10,True
135347,10,12,True
135348,12,11,True
135349,13,10,True
135350,13,11,True
135351,12,11,True
135371,-1,10,True
135372,13,12,True
135373,10,12,True
135374,12,11,True
135375,14,10,True
135376,12,11,True
135378,13,10,True
135379,10,12,True
135380,10,12,True
135382,12,11,True
135383,13,11,True
135384,4,2,True
135411,4,2,True
135469,4,2,True
135572,13,10,True
135573,12,11,True
135574,13,10,True
135589,4,2,True
135590,5,3,True
135591,8,-1,True
135592,8,-1,True
135615,5,3,True
135617,4,2,True
135618,10,12,True
135623,5,3,True
135667,12,11,True
135668,12,11,True
135670,5,3,True
135694,5,3,True
135699,5,3,True
135705,13,12,True
135808,4,2,True
135830,4,2,True
135906,5,3,True
135907,13,12,True
135908,4,2,True
135909,8,-1,True
135910,8,-1,True
135911,8,-1,True
135912,8,-1,True
135913,8,-1,True
135916,5,3,True
135918,8,-1,True
135919,8,-1,True
135927,4,2,True
135931,4,2,True
135933,5,3,True
135950,5,3,True
135961,5,3,True
135962,4,2,True
135963,4,-1,True
135965,-1,10,True
135966,4,2,True
135971,4,2,True
135972,-1,10,True
135973,14,10,True
135975,-1,10,True
135976,10,12,True
135977,13,11,True
135978,4,2,True
136015,5,3,True
136023,5,3,True
136024,12,11,True
136025,13,12,True
136026,14,10,True
136027,14,10,True
136028,13,10,True
136029,13,11,True
136030,4,2,True
136031,12,11,True
136032,-1,10,True
136042,4,2,True
136043,7,-1,True
136044,7,-1,True
136077,5,3,True
136083,8,-1,True
136086,3,5,True
136091,4,2,True
136116,5,3,True
136122,4,2,True
136124,8,-1,True
136127,5,3,True
136134,8,-1,True
136135,8,-1,True
136136,5,3,True
136137,10,12,True
136138,4,2,True
136155,5,3,True
136159,4,2,True
136162,13,11,True
136163,10,12,True
136164,10,12,True
136165,10,12,True
136166,4,2,True
136182,4,2,True
136231,4,2,True
136266,2,4,True
136267,4,2,True
136322,7,-1,True
136332,13,11,True
136333,14,10,True
136334,4,2,True
136359,14,10,True
136361,10,12,True
136362,14,10,True
136363,4,2,True
136380,4,2,True
136429,12,11,True
136430,12,11,True
136431,12,11,True
136432,14,10,True
136433,10,12,True
136434,14,10,True
136445,10,12,True
136446,10,12,True
136447,4,2,True
136449,13,12,True
136450,13,10,True
136451,13,11,True
136453,12,11,True
136454,14,10,True
136455,10,12,True
136470,5,3,True
136471,4,2,True
136480,5,3,True
136481,5,3,True
136482,8,-1,True
136483,8,-1,True
136484,8,-1,True
136485,5,-1,True
136487,5,3,True
136488,5,3,True
136522,4,2,True
136619,10,12,True
136626,10,12,True
136627,10,12,True
136629,8,-1,True
136640,2,-1,True
136641,2,-1,True
136642,2,-1,True
136643,2,-1,True
136644,2,-1,True
136645,2,-1,True
136650,4,2,True
136652,14,10,True
136653,10,12,True
136656,4,2,True
136658,4,2,True
136661,10,12,True
136687,3,5,True
136724,4,2,True
136747,4,2,True
136752,5,3,True
136785,4,2,True
136795,4,2,True
136796,14,10,True
136798,12,11,True
136799,10,12,True
136800,4,2,True
136814,4,2,True
136827,4,2,True
136849,5,3,True
136853,5,3,True
136854,13,10,True
136855,13,10,True
136856,-1,10,True
136857,13,10,True
136858,14,10,True
136859,13,11,True
136860,4,2,True
136861,8,-1,True
136862,8,-1,True
136863,8,-1,True
136871,5,3,True
136888,4,2,True
136889,10,12,True
136890,4,2,True
136891,14,10,True
136892,14,10,True
136893,14,10,True
136894,10,12,True
136895,14,10,True
136896,4,2,True
136897,4,2,True
136901,4,2,True
136921,4,2,True
136922,12,11,True
136924,4,2,True
136925,13,12,True
136926,12,11,True
136927,13,12,True
136928,10,12,True
136932,4,2,True
136937,12,11,True
136938,12,11,True
136939,10,12,True
136942,3,5,True
136943,3,5,True
136962,5,3,True
136964,13,12,True
136965,12,11,True
136967,14,10,True
136982,4,2,True
136983,3,5,True
136984,3,5,True
136985,4,2,True
136996,4,2,True
136997,4,2,True
137009,3,5,True
137010,3,5,True
137011,3,5,True
137012,3,5,True
137013,3,5,True
137014,3,5,True
137015,3,5,True
137029,14,10,True
137030,13,11,True
137031,12,11,True
137033,10,12,True
137034,10,12,True
137035,10,12,True
137037,13,10,True
137038,10,12,True
137039,12,11,True
137040,14,10,True
137041,13,12,True
137042,13,12,True
137043,13,10,True
137044,12,11,True
137047,12,11,True
137048,12,11,True
137049,14,10,True
137050,13,10,True
137058,13,11,True
137069,3,5,True
137070,3,5,True
137118,12,11,True
137119,12,11,True
137129,5,3,True
137173,4,2,True
137179,4,2,True
137266,14,10,True
137267,13,11,True
137269,13,11,True
137270,13,11,True
137272,10,12,True
137273,5,3,True
137287,7,-1,True
137288,7,-1,True
137301,8,-1,True
137302,8,-1,True
137303,8,-1,True
137306,10,12,True
137307,12,11,True
137308,-1,10,True
137309,4,2,True
137310,8,-1,True
137311,8,-1,True
137317,5,3,True
137320,4,2,True
137339,4,2,True
137370,4,2,True
137371,5,3,True
137390,8,-1,True
137391,8,-1,True
137404,-1,11,True
137405,12,11,True
137406,12,11,True
137407,12,11,True
137408,13,11,True
137409,-1,10,True
137410,4,2,True
137411,14,10,True
137413,10,12,True
137414,13,10,True
137415,-1,10,True
137417,-1,10,True
137418,12,11,True
137419,13,10,True
137420,4,2,True
137421,-1,10,True
137448,9,-1,True
137453,10,12,True
137454,13,10,True
137455,10,12,True
137457,13,10,True
137466,13,12,True
137467,13,12,True
137468,13,12,True
137469,10,12,True
137470,10,12,True
137471,10,12,True
137473,13,10,True
137474,14,10,True
137475,-1,10,True
137491,3,5,True
137506,5,3,True
137510,5,3,True
137511,5,3,True
137515,5,3,True
137521,5,3,True
137526,12,11,True
137528,13,10,True
137529,13,12,True
137535,4,2,True
137541,5,3,True
137542,10,12,True
137543,13,10,True
137544,12,11,True
137545,13,11,True
137546,12,11,True
137547,13,10,True
137548,10,12,True
137549,10,12,True
137550,12,11,True
137551,12,11,True
137552,4,2,True
137658,4,2,True
137700,4,2,True
137705,4,2,True
137706,13,10,True
137707,13,10,True
137725,8,-1,True
137726,8,-1,True
137742,5,3,True
137743,5,3,True
137769,13,11,True
137770,-1,10,True
137771,10,12,True
137772,14,10,True
137773,13,11,True
137774,13,11,True
137777,5,-1,True
137778,5,-1,True
137780,13,12,True
137781,12,11,True
137786,5,3,True
137791,2,-1,True
137792,2,-1,True
137804,4,2,True
137814,8,-1,True
137815,8,-1,True
137824,4,2,True
137829,4,2,True
137838,4,2,True
137839,-1,10,True
137840,13,11,True
137841,13,11,True
137842,10,12,True
137855,4,2,True
137857,13,10,True
137858,13,12,True
137859,13,12,True
137860,10,12,True
137861,10,12,True
137862,-1,10,True
137863,13,10,True
137864,4,2,True
137866,13,12,True
137867,14,10,True
137868,14,10,True
137869,13,11,True
137870,13,12,True
137890,4,2,True
137893,10,12,True
137894,10,-1,True
137895,13,10,True
137896,13,11,True
137897,13,11,True
137898,12,11,True
137899,4,2,True
137900,-1,10,True
137902,13,11,True
137903,13,12,True
137905,14,10,True
137906,10,12,True
137909,10,12,True
137910,12,11,True
137911,4,2,True
137936,5,3,True
137947,5,3,True
137963,5,3,True
137979,3,-1,True
137980,3,-1,True
137981,3,-1,True
137982,3,-1,True
137983,3,-1,True
137984,3,-1,True
137985,3,-1,True
137986,3,-1,True
137987,3,-1,True
137997,3,5,True
137999,13,11,True
138000,4,2,True
138006,14,10,True
138007,13,11,True
138008,12,11,True
138009,13,12,True
138010,13,12,True
138011,4,2,True
138027,4,2,True
138039,4,2,True
138063,4,2,True
138091,4,-1,True
138162,3,5,True
138163,3,5,True
138171,-1,10,True
138172,13,12,True
138173,10,12,True
138177,4,2,True
138178,4,2,True
138209,5,3,True
138225,4,2,True
138230,4,2,True
138231,12,11,True
138232,13,12,True
138233,10,12,True
138234,10,12,True
138235,12,11,True
138236,13,10,True
138237,10,12,True
138239,-1,10,True
138240,4,2,True
138241,13,12,True
138242,12,11,True
138243,4,2,True
138244,4,2,True
138251,13,12,True
138252,-1,12,True
138253,13,11,True
138255,4,2,True
138267,4,2,True
138279,5,3,True
138288,4,2,True
138324,13,10,True
138325,14,10,True
138326,10,12,True
138327,14,10,True
138328,12,11,True
138329,13,12,True
138330,10,12,True
138331,-1,10,True
138332,13,10,True
138333,3,5,True
138336,5,3,True
138384,-1,10,True
138385,14,10,True
138386,10,12,True
138387,14,10,True
138388,13,10,True
138389,10,12,True
138390,-1,10,True
138391,14,10,True
138392,10,12,True
138393,14,10,True
138395,10,12,True
138396,13,12,True
138397,13,12,True
138398,10,12,True
138399,10,12,True
138400,10,12,True
138401,13,10,True
138402,10,12,True
138404,10,12,True
138405,10,12,True
138406,-1,10,True
138407,10,12,True
138408,13,11,True
138409,-1,10,True
138410,12,11,True
138411,14,10,True
138412,13,12,True
138414,10,12,True
138415,10,12,True
138417,-1,12,True
138419,-1,11,True
138420,2,4,True
138421,2,4,True
138423,-1,11,True
138426,13,11,True
138427,14,10,True
138433,-1,10,True
138434,13,11,True
138438,4,2,True
138449,3,5,True
138458,13,10,True
138459,8,-1,True
138460,8,-1,True
138461,8,-1,True
138462,8,-1,True
138463,8,-1,True
138464,8,-1,True
138469,8,-1,True
138475,3,5,True
138476,3,5,True
138477,3,5,True
138478,3,5,True
138479,3,5,True
138484,5,3,True
138486,7,-1,True
138487,7,-1,True
138513,13,11,True
138514,10,12,True
138515,10,12,True
138516,10,12,True
138517,13,11,True
138519,4,2,True
138523,5,3,True
138524,13,11,True
138537,5,3,True
138541,5,3,True
138551,4,2,True
138561,5,3,True
138565,5,3,True
138582,4,2,True
138680,4,2,True
138726,4,2,True
138728,4,2,True
138730,13,11,True
138731,-1,10,True
138756,12,11,True
138757,14,10,True
138758,14,10,True
138759,13,11,True
138760,12,11,True
138761,10,12,True
138777,4,2,True
138779,-1,11,True
138805,4,2,True
138809,14,10,True
138810,10,12,True
138811,14,10,True
138812,12,11,True
138813,12,11,True
138814,5,3,True
138829,13,-1,True
138831,13,-1,True
138832,13,-1,True
138834,5,3,True
138871,4,2,True
138876,5,3,True
138906,10,12,True
138929,4,2,True
138962,4,2,True
138967,9,-1,True
138968,9,-1,True
138969,9,-1,True
138970,9,-1,True
138971,9,-1,True
139100,8,-1,True
139101,3,-1,True
139102,3,-1,True
139103,3,-1,True
139104,3,-1,True
139107,5,3,True
139113,7,-1,True
139114,5,3,True
139119,5,3,True
139131,4,2,True
139171,4,2,True
139202,3,5,True
139205,4,2,True
139232,4,2,True
139268,2,4,True
139269,2,4,True
139270,2,4,True
139271,2,4,True
139272,2,4,True
139273,2,4,True
139274,2,4,True
139275,2,4,True
139276,2,4,True
139277,2,4,True
139278,2,4,True
139279,2,4,True
139280,2,4,True
139281,2,4,True
139282,2,4,True
139283,2,4,True
139284,2,4,True
139285,2,4,True
139286,2,4,True
139287,2,4,True
139288,2,4,True
139301,13,12,True
139302,12,11,True
139306,4,2,True
139307,14,10,True
139308,-1,10,True
139311,13,11,True
139312,10,12,True
139313,13,10,True
139314,12,11,True
139315,13,10,True
139317,10,12,True
139331,4,2,True
139332,13,11,True
139333,13,12,True
139334,13,11,True
139335,13,12,True
139336,10,12,True
139344,4,2,True
139345,-1,10,True
139346,13,10,True
139347,10,12,True
139357,12,11,True
139358,10,12,True
139361,10,-1,True
139362,14,-1,True
139363,10,-1,True
139364,13,-1,True
139365,10,-1,True
139370,5,3,True
139383,8,-1,True
139384,8,-1,True
139387,8,-1,True
139388,8,-1,True
139389,8,-1,True
139390,8,-1,True
139405,4,2,True
139408,3,5,True
139409,3,5,True
139410,3,5,True
139411,3,5,True
139424,4,2,True
139427,5,3,True
139431,4,2,True
139432,13,11,True
139470,14,10,True
139471,10,12,True
139472,4,2,True
139494,4,2,True
139512,4,2,True
139719,5,-1,True
139728,4,2,True
139739,6,-1,True
139746,4,2,True
139747,4,2,True
139749,6,-1,True
139750,14,10,True
139751,13,10,True
139752,13,11,True
139753,10,12,True
139754,-1,10,True
139755,5,3,True
139756,8,-1,True
139760,3,5,True
139769,4,2,True
139772,5,3,True
139803,8,-1,True
139804,8,-1,True
139805,8,-1,True
139806,8,-1,True
139829,4,2,True
139857,4,2,True
139858,5,3,True
139867,4,2,True
139877,7,-1,True
139878,7,-1,True
139880,4,2,True
139881,12,11,True
139882,12,11,True
139883,10,12,True
139884,10,12,True
139886,10,12,True
139888,4,2,True
139908,10,12,True
139930,4,2,True
139939,8,-1,True
139953,14,10,True
139954,14,10,True
139955,13,11,True
139956,13,12,True
139963,4,2,True
139968,4,2,True
139970,12,11,True
139971,10,12,True
139972,4,2,True
139973,4,2,True
140013,3,-1,True
140015,3,-1,True
140016,3,-1,True
140017,8,-1,True
140020,8,-1,True
140023,4,2,True
140043,5,3,True
140047,5,3,True
140048,5,3,True
140062,5,3,True
140064,14,10,True
140066,13,11,True
140067,13,12,True
140068,12,11,True
140084,5,3,True
140157,4,2,True
140169,4,2,True
140250,5,3,True
140251,3,5,True
140252,3,5,True
140253,3,5,True
140290,12,11,True
140291,10,12,True
140292,13,10,True
140293,4,2,True
140312,13,11,True
140313,13,11,True
140315,12,11,True
140316,10,12,True
140317,13,11,True
140318,14,10,True
140319,13,11,True
140320,12,11,True
140321,-1,10,True
140322,4,2,True
140335,5,3,True
140339,4,2,True
140340,4,2,True
140472,-1,10,True
140473,14,10,True
140474,10,12,True
140475,10,12,True
140477,10,12,True
140479,3,5,True
140480,3,5,True
140518,2,4,True
140519,2,4,True
140523,13,12,True
140524,-1,10,True
140525,10,12,True
140526,13,11,True
140527,12,11,True
140540,3,5,True
140541,3,5,True
140562,13,11,True
140563,13,11,True
140564,-1,10,True
140565,14,10,True
140566,13,11,True
140567,12,11,True
140568,12,11,True
140569,4,2,True
140581,5,3,True
140607,4,2,True
140610,4,2,True
140612,8,-1,True
140615,5,3,True
140617,5,3,True
140618,4,2,True
140619,12,11,True
140620,12,11,True
140638,5,3,True
140644,3,5,True
140654,5,3,True
140655,5,3,True
140662,3,5,True
140663,3,5,True
140664,3,5,True
140665,3,5,True
140667,3,-1,True
140668,3,-1,True
140673,3,5,True
140675,4,2,True
140714,4,2,True
140745,10,12,True
140746,-1,10,True
140778,4,2,True
140817,4,2,True
140960,3,-1,True
140961,3,-1,True
140962,3,-1,True
140963,3,-1,True
140977,4,2,True
140978,5,3,True
141000,5,3,True
141001,4,2,True
141007,14,10,True
141008,4,2,True
141032,6,-1,True
141035,13,11,True
141036,4,2,True
141039,4,2,True
141045,2,4,True
141049,13,12,True
141050,13,11,True
141051,-1,10,True
141052,13,12,True
141054,10,12,True
141055,14,10,True
141056,-1,10,True
141057,13,11,True
141058,12,11,True
141059,13,10,True
141060,13,12,True
141061,10,12,True
141062,14,10,True
141063,10,12,True
141075,-1,10,True
141077,13,10,True
141079,9,-1,True
141080,9,-1,True
141081,9,-1,True
141086,5,3,True
141134,5,3,True
141137,4,2,True
141142,14,10,True
141143,13,12,True
141160,4,2,True
141163,5,3,True
141165,10,12,True
141166,14,10,True
141168,13,10,True
141169,12,11,True
141170,14,10,True
141171,13,10,True
141172,14,10,True
141174,13,11,True
141175,12,11,True
141176,14,10,True
141177,12,11,True
141178,13,11,True
141179,13,11,True
141180,4,2,True
141186,5,3,True
141197,14,10,True
141198,13,11,True
141199,4,2,True
141223,14,10,True
141225,13,12,True
141227,8,-1,True
141229,10,12,True
141244,5,3,True
141252,5,3,True
141267,3,-1,True
141268,3,-1,True
141279,3,-1,True
141280,8,-1,True
141281,8,-1,True
141282,3,-1,True
141283,3,-1,True
141301,3,-1,True
141302,3,-1,True
141303,3,-1,True
141304,3,-1,True
141305,3,-1,True
141306,3,-1,True
141311,5,3,True
141312,5,3,True
141321,5,3,True
141324,3,5,True
141325,4,2,True
141326,13,10,True
141327,10,12,True
141328,10,12,True
141329,13,10,True
141336,5,3,True
141350,5,3,True
141369,5,3,True
141370,4,2,True
141377,14,10,True
141380,4,2,True
141451,14,10,True
141458,8,-1,True
141461,8,-1,True
141466,8,-1,True
141467,8,-1,True
141468,8,-1,True
141469,8,-1,True
141470,8,-1,True
141471,8,-1,True
141472,13,11,True
141473,13,11,True
141474,12,11,True
141476,12,11,True
141477,13,12,True
141478,10,12,True
141485,5,3,True
141488,-1,10,True
141489,13,11,True
141491,13,11,True
141492,13,12,True
141493,13,11,True
141508,5,3,True
141607,2,4,True
141608,2,4,True
141658,-1,10,True
141660,12,11,True
141661,14,10,True
141662,10,12,True
141663,13,12,True
141664,-1,10,True
141665,13,10,True
141690,5,3,True
141692,3,-1,True
141693,3,-1,True
141697,3,-1,True
141698,3,-1,True
141699,3,-1,True
141700,3,-1,True
141701,3,-1,True
141702,3,-1,True
141703,3,-1,True
141704,3,-1,True
141710,10,12,True
141721,5,3,True
141728,5,-1,True
141729,5,3,True
141749,10,12,True
141750,4,2,True
141753,2,4,True
141755,5,3,True
141769,5,3,True
141782,5,3,True
141789,3,5,True
141790,3,5,True
141799,7,-1,True
141800,7,-1,True
141801,7,-1,True
141804,8,-1,True
141805,8,-1,True
141808,8,-1,True
141809,8,-1,True
141810,8,-1,True
141818,5,3,True
141850,4,2,True
141895,7,-1,True
141896,7,-1,True
141897,7,-1,True
141898,7,-1,True
141921,4,2,True
141922,4,2,True
141923,10,12,True
141926,10,12,True
141928,4,2,True
141951,5,3,True
141955,5,3,True
141957,5,3,True
141961,5,3,True
141964,5,3,True
141972,5,3,True
141973,4,2,True
141975,12,11,True
141986,10,12,True
141987,14,10,True
141988,12,11,True
141989,12,11,True
141990,-1,12,True
141991,10,12,True
141992,10,12,True
141993,4,2,True
141994,4,2,True
142003,4,2,True
142017,4,2,True
142020,4,2,True
142021,10,12,True
142022,14,10,True
142023,13,11,True
142025,13,11,True
142026,13,12,True
142027,10,12,True
142029,-1,10,True
142030,13,11,True
142031,12,11,True
142032,13,12,True
142033,4,2,True
142035,5,3,True
142041,4,2,True
142042,4,2,True
142043,13,10,True
142044,14,10,True
142045,-1,10,True
142050,4,2,True
142051,4,2,True
142052,14,10,True
142061,5,3,True
142111,5,3,True
142154,4,2,True
142155,10,12,True
142156,12,11,True
142158,13,11,True
142159,-1,10,True
142160,10,12,True
142161,4,2,True
142162,13,10,True
142164,13,11,True
142169,13,12,True
142175,12,11,True
142176,4,2,True
142185,4,2,True
142186,5,3,True
142199,3,5,True
142213,7,-1,True
142215,12,11,True
142221,5,3,True
142222,5,3,True
142228,4,2,True
142229,8,-1,True
142230,8,-1,True
142249,5,-1,True
142256,13,11,True
142257,5,3,True
142264,-1,10,True
142265,13,12,True
142266,12,11,True
142267,13,12,True
142268,-1,10,True
142269,14,10,True
142270,10,12,True
142272,13,11,True
142273,13,10,True
142274,-1,10,True
142276,13,12,True
142278,10,12,True
142279,12,11,True
142280,10,12,True
142281,-1,10,True
142282,13,10,True
142283,13,11,True
142284,13,11,True
142290,4,2,True
142292,5,3,True
142296,5,3,True
142317,5,3,True
142327,4,2,True
142427,4,2,True
142446,3,5,True
142447,3,5,True
142455,5,3,True
142460,5,3,True
142461,4,2,True
142462,5,3,True
142466,5,3,True
142467,4,2,True
142481,10,12,True
142482,13,10,True
142483,13,11,True
142484,4,2,True
142491,3,-1,True
142492,3,-1,True
142493,3,-1,True
142543,10,12,True
142547,9,-1,True
142555,4,2,True
142654,13,12,True
142655,14,10,True
142656,10,12,True
142657,4,2,True
142662,5,3,True
142665,12,11,True
142666,13,11,True
142667,-1,10,True
142668,13,11,True
142670,-1,10,True
142672,13,10,True
142678,13,11,True
142688,12,11,True
142689,10,12,True
142690,12,11,True
142691,4,2,True
142692,14,10,True
142693,13,10,True
142694,12,11,True
142695,13,10,True
142696,14,10,True
142697,10,12,True
142698,13,12,True
142699,12,11,True
142700,12,11,True
142701,13,12,True
142702,13,12,True
142703,12,11,True
142704,14,10,True
142705,10,12,True
142706,10,12,True
142707,14,10,True
142708,12,11,True
142709,14,10,True
142710,10,12,True
142711,4,2,True
142716,5,3,True
142724,5,3,True
142730,5,3,True
142744,3,5,True
142769,7,-1,True
142785,4,2,True
142801,5,3,True
142817,5,3,True
142836,8,-1,True
142837,5,3,True
142928,5,3,True
142946,7,-1,True
142947,7,-1,True
142949,5,3,True
142985,4,2,True
142986,10,12,True
142987,-1,10,True
142988,13,11,True
142990,13,11,True
142991,13,12,True
142992,13,11,True
142993,10,12,True
143003,13,10,True
143005,13,11,True
143006,4,2,True
143007,10,12,True
143008,14,10,True
143010,14,10,True
143011,10,12,True
143012,13,12,True
143013,-1,10,True
143015,10,12,True
143016,14,10,True
143018,14,10,True
143019,14,10,True
143021,14,10,True
143023,14,10,True
143024,10,12,True
143025,14,10,True
143026,10,12,True
143027,10,12,True
143028,10,12,True
143029,13,10,True
143030,10,12,True
143032,13,11,True
143033,10,12,True
143042,4,2,True
143051,3,5,True
143056,4,2,True
143061,2,4,True
143131,5,3,True
143132,5,3,True
143157,12,11,True
143158,13,11,True
143159,14,10,True
143160,14,10,True
143161,12,11,True
143162,13,12,True
143164,10,12,True
143173,10,12,True
143174,10,12,True
143175,4,2,True
143176,4,2,True
143177,12,11,True
143178,13,10,True
143179,13,11,True
143180,10,12,True
143181,13,11,True
143182,10,12,True
143183,14,10,True
143184,10,12,True
143185,13,11,True
143187,13,10,True
143189,10,12,True
143191,12,11,True
143192,10,12,True
143193,14,10,True
143194,13,11,True
143195,-1,10,True
143196,14,10,True
143200,4,2,True
143201,13,11,True
143202,10,12,True
143203,13,10,True
143204,10,12,True
143206,5,3,True
143217,4,2,True
143220,3,5,True
143221,3,5,True
143223,4,2,True
143250,-1,10,True
143251,13,11,True
143252,13,11,True
143253,13,10,True
143292,5,3,True
143301,5,3,True
143333,4,2,True
143343,5,3,True
143356,4,2,True
143358,10,-1,True
143359,12,-1,True
143360,14,-1,True
143361,13,-1,True
143365,4,2,True
143368,4,2,True
143369,4,2,True
143370,4,2,True
143371,10,12,True
143373,10,12,True
143374,13,10,True
143375,13,12,True
143376,14,10,True
143378,13,11,True
143379,4,2,True
143386,5,3,True
143387,5,3,True
143402,4,2,True
143419,10,12,True
143420,14,10,True
143421,10,12,True
143422,13,10,True
143423,-1,10,True
143424,4,2,True
143431,4,2,True
143445,10,12,True
143446,12,11,True
143447,12,11,True
143448,10,12,True
143449,-1,10,True
143450,10,12,True
143451,13,11,True
143452,10,12,True
143454,13,10,True
143455,4,2,True
143456,14,10,True
143464,3,5,True
143465,3,5,True
143466,3,5,True
143472,5,3,True
143475,5,3,True
143480,3,-1,True
143484,4,2,True
143490,14,10,True
143491,14,10,True
143492,12,11,True
143493,4,2,True
143494,10,12,True
143495,10,12,True
143496,13,12,True
143497,14,10,True
143498,13,11,True
143499,14,10,True
143501,14,10,True
143502,-1,10,True
143503,10,12,True
143506,5,3,True
143510,4,2,True
143522,7,-1,True
143645,4,2,True
143646,-1,10,True
143665,5,3,True
143667,10,12,True
143673,8,-1,True
143674,8,-1,True
143675,5,3,True
143684,4,2,True
143701,4,2,True
143704,10,12,True
143705,-1,10,True
143707,13,11,True
143708,13,11,True
143709,13,12,True
143711,13,11,True
143712,12,11,True
143713,10,12,True
143714,4,2,True
143715,14,10,True
143716,13,10,True
143717,12,11,True
143718,13,10,True
143719,10,12,True
143720,12,11,True
143721,4,2,True
143727,13,11,True
143728,4,2,True
143745,8,-1,True
143746,8,-1,True
143752,8,-1,True
143769,4,2,True
143854,13,10,True
143858,12,11,True
143859,13,11,True
143860,14,10,True
143861,10,12,True
143862,12,11,True
143863,4,2,True
143864,-1,10,True
143865,12,11,True
143866,8,-1,True
143867,5,3,True
143875,5,3,True
143924,13,12,True
143926,14,10,True
143930,10,12,True
143931,13,11,True
143932,-1,10,True
143933,13,10,True
143934,10,12,True
143935,10,12,True
143936,13,10,True
143937,-1,10,True
143938,12,11,True
143939,13,12,True
143940,13,11,True
143941,10,12,True
143942,10,12,True
143943,13,11,True
143944,13,10,True
143945,13,10,True
143946,10,12,True
143947,12,11,True
143948,13,12,True
143949,10,12,True
143950,12,11,True
143951,12,11,True
143952,-1,10,True
143953,4,2,True
143967,4,2,True
143975,5,3,True
143976,4,2,True
143981,5,3,True
143982,5,3,True
143987,3,5,True
143990,3,5,True
143991,3,5,True
143992,3,5,True
143993,3,5,True
143994,3,5,True
143999,4,2,True
144010,5,3,True
144017,8,-1,True
144019,3,-1,True
144020,3,5,True
144021,3,5,True
144025,7,-1,True
144026,7,-1,True
144027,7,-1,True
144031,5,3,True
144032,7,-1,True
144033,7,-1,True
144034,7,-1,True
144035,4,2,True
144038,10,12,True
144039,13,12,True
144040,13,12,True
144041,10,12,True
144042,12,11,True
144043,4,2,True
144044,12,11,True
144045,14,10,True
144046,10,12,True
144048,13,12,True
144049,10,12,True
144050,14,10,True
144051,13,10,True
144052,13,12,True
144053,14,10,True
144060,13,11,True
144062,12,11,True
144064,-1,10,True
144065,13,12,True
144066,13,11,True
144067,14,10,True
144068,4,2,True
144069,13,10,True
144070,-1,10,True
144071,4,2,True
144075,4,2,True
144096,4,2,True
144098,4,2,True
144163,3,5,True
144170,5,3,True
144172,0,-1,True
144175,5,3,True
144179,10,12,True
144193,13,12,True
144194,10,12,True
144198,4,2,True
144199,5,-1,True
144207,4,2,True
144210,13,11,True
144211,13,11,True
144213,10,12,True
144214,4,2,True
144222,5,3,True
144224,8,-1,True
144225,8,-1,True
144228,3,5,True
144229,3,5,True
144230,3,5,True
144242,8,-1,True
144272,4,2,True
144290,4,2,True
144320,4,2,True
144437,3,5,True
144438,3,5,True
144439,3,5,True
144446,4,2,True
144481,10,12,True
144482,10,12,True
144483,12,11,True
144484,13,11,True
144485,-1,10,True
144488,13,12,True
144489,10,12,True
144490,-1,10,True
144491,12,11,True
144492,12,11,True
144493,14,10,True
144494,13,11,True
144495,10,12,True
144496,13,12,True
144497,13,10,True
144498,12,11,True
144500,13,10,True
144501,10,12,True
144513,5,3,True
144521,3,5,True
144528,13,11,True
144529,-1,10,True
144530,13,11,True
144531,10,12,True
144532,12,11,True
144533,14,10,True
144572,5,3,True
144574,12,11,True
144575,14,10,True
144576,-1,10,True
144577,-1,10,True
144609,4,2,True
144616,4,2,True
144617,5,3,True
144620,5,3,True
144621,9,-1,True
144646,4,2,True
144647,3,-1,True
144648,3,-1,True
144649,3,-1,True
144650,3,-1,True
144816,4,2,True
144817,4,2,True
144819,10,12,True
144820,14,10,True
144822,10,12,True
144823,13,10,True
144824,10,12,True
144825,13,12,True
144830,9,-1,True
144831,9,-1,True
144832,9,-1,True
144833,9,-1,True
144837,4,2,True
144838,10,12,True
144839,-1,10,True
144840,4,2,True
144841,5,3,True
144847,5,3,True
144848,7,-1,True
144849,7,-1,True
144859,4,2,True
144865,5,3,True
144889,5,3,True
144922,13,10,True
144923,13,11,True
144924,4,2,True
144932,5,3,True
144934,8,-1,True
144946,8,-1,True
144948,8,-1,True
144971,4,2,True
144980,4,2,True
144981,13,12,True
144982,-1,10,True
144983,13,12,True
144984,13,10,True
144985,13,11,True
144986,13,10,True
144999,4,2,True
145000,4,2,True
145050,4,2,True
145213,6,-1,True
145214,6,-1,True
145215,6,-1,True
145216,6,-1,True
145217,6,-1,True
145587,5,-1,True
145593,-1,10,True
145600,5,3,True
145601,8,-1,True
145603,14,10,True
145630,2,4,True
145631,2,4,True
145632,4,2,True
145644,5,3,True
145661,5,3,True
145701,5,3,True
145707,4,2,True
145737,2,4,True
145745,10,12,True
145746,10,12,True
145747,4,2,True
145748,10,12,True
145749,12,11,True
145751,10,12,True
145753,14,10,True
145755,14,10,True
145758,13,10,True
145766,8,-1,True
145767,5,3,True
145784,4,2,True
145786,12,11,True
145787,13,11,True
145789,13,11,True
145790,-1,10,True
145793,14,10,True
145794,10,12,True
145795,13,11,True
145796,12,11,True
145797,10,12,True
145798,13,11,True
145799,10,12,True
145800,10,12,True
145801,13,10,True
145802,12,11,True
145803,14,10,True
145804,13,11,True
145805,14,10,True
145806,10,12,True
145807,12,11,True
145808,10,12,True
145809,14,10,True
145810,14,10,True
145811,-1,10,True
145812,13,12,True
145813,10,12,True
145814,10,12,True
145817,3,5,True
145818,3,5,True
145849,3,5,True
145863,8,-1,True
145864,8,-1,True
145866,8,-1,True
145872,5,3,True
145926,5,3,True
145931,5,3,True
146008,13,10,True
146009,13,10,True
146096,4,2,True
146197,4,2,True
146201,4,2,True
146202,12,11,True
146204,13,10,True
146205,10,12,True
146206,7,-1,True
146207,7,-1,True
146208,5,3,True
146223,3,-1,True
146224,3,-1,True
146225,3,-1,True
146227,5,3,True
146228,10,12,True
146229,4,2,True
146230,4,2,True
146232,13,12,True
146234,10,12,True
146235,10,12,True
146236,14,10,True
146240,4,2,True
146241,10,12,True
146242,13,10,True
146243,13,12,True
146244,10,12,True
146249,13,11,True
146286,4,2,True
146291,5,3,True
146302,8,-1,True
146303,8,-1,True
146307,5,3,True
146308,5,3,True
146321,4,2,True
146323,5,3,True
146336,4,2,True
146344,13,10,True
146345,14,10,True
146346,10,12,True
146347,10,12,True
146348,10,12,True
146349,13,10,True
146350,14,10,True
146351,10,12,True
146352,13,11,True
146353,10,12,True
146354,10,12,True
146355,10,12,True
146356,10,12,True
146357,4,2,True
146358,4,2,True
146390,5,3,True
146391,5,3,True
146396,5,3,True
146400,14,10,True
146401,14,10,True
146421,12,11,True
146422,12,11,True
146423,4,2,True
146436,5,3,True
146439,3,-1,True
146440,3,-1,True
146441,3,-1,True
146458,4,2,True
146464,-1,6,True
146466,4,2,True
146467,12,11,True
146468,4,2,True
146469,3,5,True
146470,3,5,True
146471,3,5,True
146472,3,5,True
146473,3,5,True
146475,10,12,True
146476,12,11,True
146477,-1,10,True
146478,10,12,True
146480,13,12,True
146481,13,10,True
146482,12,11,True
146575,14,10,True
146576,12,11,True
146577,4,2,True
146588,2,-1,True
146589,2,-1,True
146593,10,-1,True
146600,13,11,True
146601,13,10,True
146602,13,12,True
146603,10,12,True
146605,10,12,True
146607,10,12,True
146608,12,11,True
146609,10,12,True
146610,13,12,True
146611,10,12,True
146624,4,2,True
146694,3,-1,True
146696,5,3,True
146699,5,3,True
146703,5,3,True
146724,14,10,True
146725,14,10,True
146726,4,2,True
146727,14,10,True
146733,13,12,True
146734,10,12,True
146735,10,12,True
146736,13,11,True
146737,13,12,True
146742,4,2,True
146747,4,2,True
146752,4,2,True
146754,6,-1,True
146782,13,10,True
146783,2,4,True
146784,2,4,True
146785,2,4,True
146786,2,4,True
146845,5,3,True
146849,5,3,True
146850,8,-1,True
146851,8,-1,True
146852,8,-1,True
146853,8,-1,True
146854,8,-1,True
146855,8,-1,True
146856,8,-1,True
146860,5,3,True
146861,4,2,True
146864,4,2,True
146869,4,2,True
146870,13,11,True
146872,14,10,True
146873,4,2,True
146876,5,3,True
146964,3,5,True
146965,3,-1,True
146966,3,-1,True
146967,3,5,True
146974,13,12,True
146975,4,2,True
146976,4,2,True
146977,5,3,True
146978,-1,10,True
146979,4,2,True
146980,10,12,True
146982,-1,10,True
146986,5,3,True
146991,5,3,True
146992,5,3,True
147022,5,3,True
147059,13,10,True
147060,4,2,True
147061,-1,10,True
147062,4,2,True
147063,6,-1,True
147071,4,2,True
147076,5,3,True
147096,4,2,True
147100,4,2,True
147102,5,3,True
147111,5,3,True
147113,8,-1,True
147114,8,-1,True
147115,8,-1,True
147123,5,3,True
147147,14,10,True
147148,13,10,True
147149,-1,10,True
147150,10,12,True
147151,-1,11,True
147152,13,12,True
147153,-1,12,True
147159,10,12,True
147160,4,2,True
147161,8,-1,True
147162,5,3,True
147163,8,-1,True
147179,4,2,True
147183,4,2,True
147249,8,-1,True
147256,8,-1,True
147258,8,-1,True
147259,8,-1,True
147261,5,3,True
147262,5,3,True
147276,8,-1,True
147279,8,-1,True
147282,5,3,True
147306,4,2,True
147307,13,11,True
147308,-1,10,True
147309,12,11,True
147310,13,12,True
147353,4,2,True
147354,-1,10,True
147355,13,11,True
147356,4,2,True
147359,4,2,True
147361,13,12,True
147362,4,2,True
147431,8,-1,True
147461,5,3,True
147470,5,3,True
147483,2,4,True
147489,4,2,True
147490,5,3,True
147498,-1,10,True
147499,10,12,True
147502,4,2,True
147593,4,2,True
147595,5,3,True
147597,5,3,True
147621,3,5,True
147677,10,12,True
147678,4,2,True
147679,-1,10,True
147680,12,11,True
147681,10,12,True
147682,14,10,True
147683,13,10,True
147684,10,12,True
147685,13,11,True
147686,10,12,True
147687,12,11,True
147688,13,11,True
147690,13,11,True
147691,4,2,True
147692,4,2,True
147718,13,10,True
147719,4,2,True
147720,5,3,True
147739,5,3,True
147743,3,5,True
147765,4,2,True
147774,3,5,True
147775,3,5,True
147776,3,5,True
147777,3,5,True
147778,3,-1,True
147779,3,5,True
147780,3,-1,True
147781,3,-1,True
147782,3,-1,True
147783,3,-1,True
147790,3,-1,True
147791,3,-1,True
147792,3,-1,True
147793,3,5,True
147794,3,5,True
147795,3,5,True
147796,3,5,True
147797,3,5,True
147798,3,5,True
147799,3,5,True
147800,3,5,True
147810,5,3,True
147821,5,3,True
147830,14,10,True
147831,-1,10,True
147832,10,12,True
147833,4,2,True
147835,2,-1,True
147836,2,-1,True
147837,2,-1,True
147845,3,-1,True
147846,3,5,True
147847,3,5,True
147848,3,5,True
147849,3,5,True
147850,3,5,True
147851,3,5,True
147871,5,3,True
147888,4,2,True
147889,14,10,True
147893,-1,10,True
147894,10,12,True
147895,14,10,True
147896,4,2,True
147934,4,2,True
147953,3,5,True
147954,3,5,True
147958,3,5,True
147971,10,12,True
147972,14,10,True
147973,10,12,True
147978,5,3,True
147980,5,3,True
147981,4,2,True
147983,5,3,True
147998,5,3,True
148030,4,2,True
148035,5,-1,True
148051,3,5,True
148052,3,5,True
148053,3,5,True
148067,5,3,True
148072,8,-1,True
148073,8,-1,True
148074,8,-1,True
148081,5,3,True
148082,4,2,True
148083,10,12,True
148084,13,10,True
148086,4,2,True
148097,4,2,True
148115,13,12,True
148117,4,2,True
148223,8,-1,True
148224,8,-1,True
148225,7,-1,True
148226,7,-1,True
148227,7,-1,True
148228,8,-1,True
148229,8,-1,True
148230,8,-1,True
148231,-1,10,True
148232,10,12,True
148233,10,12,True
148238,4,2,True
148239,3,5,True
148240,3,5,True
148241,3,5,True
148242,3,5,True
148243,3,5,True
148244,3,5,True
148250,5,3,True
148261,5,3,True
148262,4,2,True
148305,4,2,True
148314,4,2,True
148344,3,5,True
148350,4,2,True
148352,5,3,True
148357,5,3,True
148359,5,3,True
148360,2,4,True
148406,4,2,True
148411,4,2,True
148429,3,5,True
148436,7,-1,True
148437,7,-1,True
148438,7,-1,True
148440,12,11,True
148441,-1,10,True
148444,4,2,True
148454,13,11,True
148455,4,2,True
148459,5,3,True
148471,5,3,True
148472,5,3,True
148473,5,3,True
148475,4,2,True
148476,9,-1,True
148477,9,-1,True
148478,9,-1,True
148479,9,-1,True
148480,9,-1,True
148482,9,-1,True
148504,5,-1,True
148515,4,2,True
148516,4,2,True
148526,4,2,True
148534,5,3,True
148535,10,12,True
148536,-1,10,True
148537,5,3,True
148542,5,3,True
148581,5,3,True
148585,5,3,True
148598,14,10,True
148599,4,2,True
148604,4,2,True
148644,5,3,True
148653,9,-1,True
148654,9,-1,True
148655,9,-1,True
148656,9,-1,True
148657,9,-1,True
148658,9,-1,True
148659,9,-1,True
148660,9,-1,True
148661,9,-1,True
148662,9,-1,True
148663,9,-1,True
148664,9,-1,True
148665,9,-1,True
148666,4,2,True
148667,5,3,True
148752,8,-1,True
148753,8,-1,True
148755,7,-1,True
148756,8,-1,True
148774,5,3,True
148775,5,3,True
148786,4,2,True
148787,12,11,True
148788,14,10,True
148789,12,11,True
148803,13,10,True
148804,4,2,True
148805,4,2,True
148815,13,12,True
148816,14,10,True
148817,4,2,True
148818,13,11,True
148819,-1,10,True
148820,10,12,True
148822,14,10,True
148831,8,-1,True
148832,8,-1,True
148833,8,-1,True
148834,8,-1,True
148835,8,-1,True
148841,4,2,True
148844,4,-1,True
148861,3,5,True
148863,5,3,True
148864,5,3,True
148925,7,-1,True
148945,4,2,True
148963,5,3,True
148973,7,-1,True
148976,5,3,True
148982,8,-1,True
148983,8,-1,True
148984,8,-1,True
148985,8,-1,True
148986,8,-1,True
148987,2,4,True
148988,2,4,True
149004,13,10,True
149006,-1,10,True
149017,4,2,True
149061,5,3,True
149070,13,12,True
149071,13,12,True
149072,14,10,True
149074,4,2,True
149090,4,2,True
149094,5,3,True
149115,5,3,True
149117,4,2,True
149201,4,2,True
149301,3,5,True
149302,3,5,True
149303,3,5,True
149304,3,5,True
149307,3,5,True
149308,3,5,True
149311,9,-1,True
149312,9,-1,True
149313,9,-1,True
149314,9,-1,True
149315,9,-1,True
149316,9,-1,True
149317,9,-1,True
149318,9,-1,True
149319,9,-1,True
149320,9,-1,True
149321,9,-1,True
149322,9,-1,True
149323,9,-1,True
149324,9,-1,True
149325,9,-1,True
149326,9,-1,True
149327,9,-1,True
149328,9,-1,True
149329,9,-1,True
149330,4,2,True
149331,4,2,True
149334,5,3,True
149335,4,2,True
149343,-1,10,True
149344,13,10,True
149345,13,11,True
149346,14,10,True
149359,5,-1,True
149363,4,2,True
149364,4,2,True
149374,4,2,True
149376,10,12,True
149378,13,11,True
149385,10,12,True
149387,13,10,True
149388,13,12,True
149389,-1,12,True
149390,10,12,True
149391,10,12,True
149392,12,11,True
149429,4,2,True
149435,4,2,True
149459,8,-1,True
149461,5,3,True
149462,-1,10,True
149463,4,2,True
149490,5,3,True
149501,1,-1,True
149502,1,-1,True
149503,1,-1,True
149504,1,-1,True
149505,1,-1,True
149506,1,-1,True
149507,1,-1,True
149511,14,10,True
149512,10,12,True
149513,13,12,True
149514,4,2,True
149524,4,2,True
149525,6,-1,True
149543,9,-1,True
149552,12,11,True
149554,4,2,True
149555,4,2,True
149557,12,11,True
149558,14,10,True
149559,4,2,True
149562,5,3,True
149574,5,3,True
149575,13,11,True
149576,14,10,True
149577,10,12,True
149578,10,12,True
149580,13,10,True
149581,12,11,True
149582,13,12,True
149583,13,11,True
149584,10,12,True
149608,5,3,True
149613,10,12,True
149614,13,10,True
149615,13,12,True
149616,10,12,True
149623,4,2,True
149627,7,-1,True
149628,5,3,True
149638,5,3,True
149641,10,12,True
149642,-1,10,True
149644,4,2,True
149652,4,2,True
149653,10,12,True
149654,14,10,True
149655,-1,12,True
149657,10,12,True
149658,13,12,True
149659,13,12,True
149660,10,12,True
149661,4,2,True
149662,5,3,True
149663,5,3,True
149681,4,2,True
149753,4,2,True
149754,4,2,True
149791,4,2,True
149804,4,2,True
149808,4,2,True
149809,13,12,True
149937,4,2,True
149938,12,11,True
149941,13,11,True
149943,4,2,True
149947,5,3,True
149951,5,3,True
149952,5,3,True
149954,8,-1,True
149955,8,-1,True
149978,2,4,True
150009,4,2,True
150010,12,11,True
150011,12,11,True
150013,13,12,True
150014,4,2,True
150015,13,12,True
150016,-1,10,True
150017,12,11,True
150019,5,3,True
150025,4,2,True
150102,5,3,True
150116,4,2,True
150121,13,10,True
150122,13,11,True
150124,10,12,True
150126,13,10,True
150135,8,-1,True
150136,4,2,True
150139,4,2,True
150149,5,3,True
150150,5,3,True
150151,3,5,True
150152,3,5,True
150153,3,5,True
150154,3,5,True
150155,3,5,True
150156,3,5,True
150157,3,5,True
150158,3,5,True
150168,13,11,True
150169,4,2,True
150175,4,2,True
150205,5,3,True
150206,8,-1,True
150209,5,-1,True
150212,8,-1,True
150213,8,-1,True
150214,8,-1,True
150215,8,-1,True
150216,8,-1,True
150226,5,3,True
150240,13,11,True
150246,5,3,True
150254,7,-1,True
150256,5,3,True
150276,5,3,True
150277,5,3,True
150284,8,-1,True
150300,4,2,True
150302,3,5,True
150303,3,5,True
150304,4,2,True
150305,12,11,True
150306,10,12,True
150307,14,10,True
150309,-1,10,True
150310,5,3,True
150314,5,3,True
150320,4,2,True
150325,4,2,True
150326,4,2,True
150351,5,3,True
150353,13,11,True
150388,4,2,True
150516,9,-1,True
150517,9,-1,True
150518,9,-1,True
150543,8,-1,True
150547,7,-1,True
150548,7,-1,True
150549,7,-1,True
150550,10,-1,True
150551,10,12,True
150552,10,12,True
150553,13,11,True
150554,-1,10,True
150556,14,10,True
150557,13,12,True
150558,14,10,True
150559,13,-1,True
150560,4,2,True
150563,4,2,True
150572,5,3,True
150594,4,2,True
150619,13,12,True
150623,6,-1,True
150624,6,-1,True
150625,6,-1,True
150626,6,-1,True
150627,6,-1,True
150628,4,2,True
150629,10,12,True
150631,12,11,True
150632,4,2,True
150645,4,2,True
150654,4,2,True
150657,5,3,True
150661,7,-1,True
150667,7,-1,True
150668,7,-1,True
150669,7,-1,True
150678,8,-1,True
150680,4,2,True
150702,5,3,True
150731,4,2,True
150792,4,2,True
150806,5,3,True
150836,14,10,True
150837,13,11,True
150838,14,10,True
150840,12,11,True
150841,13,12,True
150843,12,11,True
150844,14,10,True
150846,12,11,True
150847,10,12,True
150848,13,10,True
150849,14,10,True
150851,13,11,True
150852,10,12,True
150853,13,11,True
150854,13,10,True
150855,10,12,True
150856,12,11,True
150857,13,10,True
150859,13,10,True
150860,13,11,True
150861,-1,10,True
150862,12,11,True
150863,12,11,True
150864,13,10,True
150865,-1,10,True
150866,4,2,True
150884,6,-1,True
150885,6,-1,True
150892,6,-1,True
150900,10,12,True
150901,2,4,True
150902,2,4,True
151084,2,4,True
151085,2,4,True
151086,2,4,True
151087,2,4,True
151088,2,4,True
151089,2,4,True
151091,4,2,True
151092,4,2,True
151093,13,10,True
151094,4,2,True
151095,13,11,True
151096,-1,10,True
151097,10,12,True
151099,13,11,True
151100,13,10,True
151102,10,12,True
151103,13,11,True
151105,-1,10,True
151106,10,12,True
151108,4,2,True
151109,-1,10,True
151110,13,12,True
151111,12,11,True
151112,10,12,True
151113,-1,10,True
151114,-1,10,True
151115,12,11,True
151116,14,10,True
151117,-1,10,True
151118,12,11,True
151120,-1,10,True
151121,14,10,True
151122,13,11,True
151123,14,10,True
151127,3,-1,True
151128,3,5,True
151129,3,5,True
151130,3,5,True
151131,3,5,True
151148,13,11,True
151149,13,-1,True
151157,4,2,True
151162,5,3,True
151173,5,3,True
151177,2,4,True
151178,2,4,True
151179,2,4,True
151180,2,4,True
151181,2,4,True
151182,2,4,True
151194,5,3,True
151197,8,-1,True
151198,3,5,True
151199,3,5,True
151234,4,2,True
151235,14,10,True
151236,14,10,True
151256,5,3,True
151301,4,2,True
151303,13,12,True
151304,-1,10,True
151305,-1,11,True
151306,10,12,True
151307,-1,10,True
151316,4,2,True
151335,4,2,True
151341,5,3,True
151381,14,10,True
151487,5,3,True
151490,4,2,True
151529,5,3,True
151530,3,5,True
151531,3,5,True
151532,3,5,True
151533,2,4,True
151534,2,4,True
151535,14,10,True
151536,10,12,True
151538,13,10,True
151540,-1,10,True
151542,-1,10,True
151544,-1,12,True
151545,13,11,True
151546,12,11,True
151547,14,10,True
151548,-1,10,True
151549,13,11,True
151550,10,12,True
151553,14,10,True
151554,13,12,True
151555,4,2,True
151556,4,2,True
151557,4,2,True
151585,9,-1,True
151586,4,-1,True
151588,4,2,True
151589,4,2,True
151595,4,2,True
151618,5,3,True
151712,4,2,True
151746,5,3,True
151758,13,12,True
151761,13,11,True
151762,14,10,True
151763,-1,10,True
151764,12,11,True
151765,13,12,True
151766,14,10,True
151767,10,12,True
151768,4,2,True
151877,4,2,True
151916,4,2,True
151991,13,11,True
151992,13,12,True
151993,10,12,True
151994,13,12,True
151995,12,11,True
151996,13,11,True
151997,13,12,True
151998,13,10,True
151999,13,11,True
152000,-1,10,True
152001,13,11,True
152002,13,10,True
152003,10,12,True
152004,-1,10,True
152005,10,12,True
152007,13,12,True
152008,4,2,True
152016,4,2,True
152017,5,3,True
152043,2,4,True
152044,2,4,True
152045,2,4,True
152046,2,4,True
152047,2,4,True
152048,2,4,True
152049,2,4,True
152050,2,4,True
152051,2,4,True
152052,2,4,True
152053,2,4,True
152054,2,4,True
152059,13,11,True
152060,13,10,True
152061,13,11,True
152062,4,2,True
152065,5,3,True
152067,4,2,True
152074,-1,10,True
152075,12,11,True
152076,13,10,True
152077,10,12,True
152078,12,11,True
152079,4,2,True
152087,5,3,True
152088,5,3,True
152102,4,2,True
152105,5,3,True
152114,5,3,True
152125,5,3,True
152126,8,-1,True
152127,8,-1,True
152128,8,-1,True
152147,3,5,True
152148,3,5,True
152149,3,5,True
152150,3,5,True
152151,3,5,True
152152,3,5,True
152153,3,5,True
152154,3,5,True
152155,3,5,True
152156,3,5,True
152157,3,5,True
152158,3,5,True
152159,3,5,True
152160,3,5,True
152161,3,5,True
152162,3,5,True
152163,3,5,True
152168,5,3,True
152200,13,10,True
152201,4,2,True
152202,4,2,True
152203,4,2,True
152217,4,2,True
152228,13,10,True
152229,13,10,True
152230,12,11,True
152231,13,11,True
152232,10,12,True
152233,10,12,True
152234,12,11,True
152235,13,10,True
152236,10,12,True
152240,5,3,True
152243,10,12,True
152244,4,2,True
152246,13,11,True
152247,10,12,True
152248,13,12,True
152249,10,12,True
152265,10,12,True
152266,4,2,True
152273,10,12,True
152274,4,2,True
152275,14,10,True
152276,-1,10,True
152277,-1,10,True
152278,14,10,True
152280,-1,10,True
152281,13,11,True
152282,14,10,True
152283,4,2,True
152288,5,3,True
152294,14,10,True
152295,10,12,True
152296,13,10,True
152297,4,2,True
152298,8,-1,True
152311,3,5,True
152328,5,3,True
152352,5,3,True
152375,5,3,True
152378,13,11,True
152379,13,11,True
152380,-1,10,True
152381,14,10,True
152383,13,12,True
152385,14,10,True
152386,10,12,True
152388,5,3,True
152433,4,2,True
152480,4,2,True
152497,-1,11,True
152635,3,-1,True
152636,3,-1,True
152637,3,-1,True
152638,3,-1,True
152639,3,-1,True
152640,3,-1,True
152651,4,2,True
152654,4,2,True
152672,5,3,True
152686,13,10,True
152687,10,12,True
152689,13,11,True
152690,-1,10,True
152691,10,12,True
152692,10,12,True
152693,10,12,True
152694,12,11,True
152695,4,2,True
152697,-1,10,True
152698,12,11,True
152699,14,10,True
152700,12,11,True
152701,13,10,True
152702,14,10,True
152703,12,11,True
152704,13,10,True
152705,13,12,True
152706,13,12,True
152707,14,10,True
152710,4,2,True
152735,4,2,True
152746,5,3,True
152759,5,3,True
152763,4,2,True
152764,5,3,True
152777,5,3,True
152782,4,2,True
152800,4,2,True
152814,13,12,True
152827,3,5,True
152828,3,5,True
152829,3,5,True
152830,3,5,True
152831,3,5,True
152832,3,5,True
152833,3,5,True
152834,3,5,True
152835,3,5,True
152844,14,10,True
152845,12,11,True
152847,3,5,True
152848,3,5,True
152851,5,3,True
152852,5,-1,True
152870,5,3,True
152895,10,12,True
152897,14,10,True
152898,13,10,True
152899,13,11,True
152905,4,2,True
152906,14,10,True
152913,10,12,True
152920,4,2,True
152922,10,12,True
152923,14,10,True
152924,14,10,True
152925,13,10,True
152926,14,10,True
152927,4,2,True
152930,3,5,True
152931,3,5,True
152932,3,5,True
152934,8,-1,True
152941,4,2,True
152944,4,2,True
152951,5,3,True
152957,5,3,True
152974,5,3,True
152988,8,-1,True
152990,4,2,True
152995,4,2,True
153012,5,3,True
153108,7,-1,True
153122,10,12,True
153123,-1,10,True
153129,13,11,True
153130,4,2,True
153139,5,3,True
153170,4,2,True
153179,5,3,True
153181,5,3,True
153195,13,10,True
153203,5,3,True
153219,5,3,True
153220,8,-1,True
153221,5,3,True
153222,13,12,True
153224,13,12,True
153225,14,10,True
153226,10,12,True
153227,10,12,True
153228,13,12,True
153229,13,10,True
153230,4,2,True
153240,4,2,True
153261,5,3,True
153317,4,2,True
153318,10,12,True
153320,-1,10,True
153321,4,2,True
153322,13,12,True
153323,13,11,True
153324,13,12,True
153326,14,10,True
153328,4,2,True
153338,4,2,True
153340,4,2,True
153347,4,2,True
153353,13,11,True
153389,12,11,True
153390,13,12,True
153391,4,2,True
153410,4,2,True
153430,4,2,True
153447,4,2,True
153503,5,3,True
153519,10,12,True
153520,10,12,True
153521,13,10,True
153522,13,12,True
153533,4,2,True
153540,5,-1,True
153567,12,11,True
153568,14,10,True
153571,14,10,True
153572,2,4,True
153575,10,12,True
153576,-1,10,True
153579,14,10,True
153580,13,11,True
153581,13,11,True
153582,14,10,True
153583,-1,10,True
153584,13,11,True
153585,13,11,True
153586,10,12,True
153587,10,12,True
153588,13,11,True
153589,10,12,True
153590,-1,10,True
153592,4,2,True
153600,12,11,True
153601,13,11,True
153602,4,2,True
153605,4,2,True
153612,8,-1,True
153613,8,-1,True
153614,5,-1,True
153615,13,11,True
153616,4,2,True
153617,4,2,True
153629,13,11,True
153630,10,-1,True
153631,13,-1,True
153643,3,5,True
153644,4,2,True
153645,-1,10,True
153646,10,12,True
153647,13,12,True
153648,13,10,True
153666,5,3,True
153671,7,-1,True
153690,5,-1,True
153710,5,3,True
153712,5,3,True
153718,4,-1,True
153725,3,5,True
153726,2,4,True
153727,2,-1,True
153728,2,-1,True
153739,5,3,True
153741,7,-1,True
153745,5,3,True
153747,5,-1,True
153748,10,12,True
153749,14,10,True
153750,4,2,True
153754,3,5,True
153755,3,5,True
153756,2,-1,True
153759,3,-1,True
153760,3,-1,True
153790,4,2,True
153791,12,11,True
153793,4,2,True
153798,5,3,True
153822,5,3,True
153824,4,2,True
153832,4,2,True
153905,4,2,True
153910,4,2,True
153911,5,3,True
153916,5,3,True
153922,13,12,True
153923,10,12,True
153995,-1,10,True
153996,4,2,True
154018,13,12,True
154019,10,12,True
154021,10,12,True
154025,4,2,True
154026,14,10,True
154027,14,10,True
154029,13,11,True
154030,6,-1,True
154040,10,12,True
154046,5,3,True
154076,5,3,True
154087,8,-1,True
154088,8,-1,True
154089,4,2,True
154090,5,3,True
154092,12,11,True
154093,13,10,True
154095,13,12,True
154096,12,11,True
154099,8,-1,True
154100,8,-1,True
154101,8,-1,True
154156,4,2,True
154158,4,2,True
154200,8,-1,True
154206,8,-1,True
154207,8,-1,True
154208,8,-1,True
154215,12,11,True
154216,12,11,True
154217,13,12,True
154218,10,12,True
154219,10,12,True
154220,-1,10,True
154221,13,11,True
154222,12,11,True
154223,10,12,True
154224,10,12,True
154225,-1,10,True
154226,10,12,True
154227,10,12,True
154228,14,10,True
154229,12,11,True
154230,4,2,True
154235,8,-1,True
154250,5,3,True
154251,10,12,True
154252,14,10,True
154253,4,2,True
154261,5,3,True
154274,4,2,True
154282,-1,1,True
154283,-1,1,True
154317,13,11,True
154318,-1,10,True
154319,4,2,True
154320,4,2,True
154331,-1,10,True
154332,12,11,True
154336,9,-1,True
154337,9,-1,True
154338,9,-1,True
154339,9,-1,True
154345,-1,10,True
154347,-1,10,True
154348,-1,10,True
154349,14,10,True
154350,10,12,True
154351,12,11,True
154353,4,2,True
154354,14,10,True
154358,13,10,True
154361,-1,10,True
154367,13,10,True
154370,12,11,True
154372,5,3,True
154373,8,-1,True
154374,5,3,True
154375,2,4,True
154376,2,4,True
154377,7,-1,True
154378,7,-1,True
154381,10,12,True
154387,3,5,True
154388,3,5,True
154395,2,4,True
154396,2,4,True
154397,2,4,True
154398,2,4,True
154409,4,2,True
154413,13,11,True
154414,12,11,True
154415,-1,10,True
154416,12,11,True
154417,-1,10,True
154419,12,11,True
154420,10,12,True
154421,13,10,True
154423,12,11,True
154424,4,2,True
154433,13,11,True
154434,13,11,True
154435,13,11,True
154436,4,2,True
154437,12,11,True
154438,12,11,True
154439,13,10,True
154440,-1,10,True
154441,13,11,True
154442,12,11,True
154443,12,11,True
154444,4,2,True
154449,4,2,True
154450,13,11,True
154451,12,11,True
154453,10,12,True
154471,9,-1,True
154472,4,-1,True
154484,5,3,True
154489,5,3,True
154504,5,3,True
154508,3,5,True
154510,5,3,True
154517,5,3,True
154518,5,3,True
154522,-1,4,True
154523,5,3,True
154531,-1,10,True
154532,13,11,True
154533,13,12,True
154534,10,12,True
154535,10,12,True
154536,14,10,True
154539,13,11,True
154540,12,11,True
154541,10,12,True
154543,10,12,True
154544,-1,10,True
154545,12,11,True
154610,5,3,True
154629,13,10,True
154630,14,10,True
154631,13,11,True
154632,13,10,True
154634,10,12,True
154635,12,11,True
154636,13,12,True
154637,10,12,True
154638,13,12,True
154639,-1,10,True
154640,12,11,True
154641,10,12,True
154642,13,12,True
154643,4,2,True
154652,13,10,True
154653,-1,10,True
154654,13,12,True
154655,12,11,True
154788,4,2,True
154811,5,3,True
154812,8,-1,True
154813,8,-1,True
154815,14,10,True
154816,13,11,True
154817,4,2,True
154818,5,3,True
154821,13,11,True
154830,2,4,True
154831,2,4,True
154832,2,4,True
154833,2,4,True
154859,4,2,True
154860,13,10,True
154861,12,11,True
154862,10,12,True
154863,12,11,True
154864,12,11,True
154865,13,11,True
154869,4,2,True
154870,13,10,True
154871,4,2,True
154872,-1,10,True
154877,12,11,True
154878,13,12,True
154879,10,12,True
154881,10,12,True
154884,10,12,True
154885,13,12,True
154888,4,2,True
154903,3,5,True
154918,7,-1,True
154919,7,-1,True
154936,10,12,True
154937,4,2,True
154938,4,2,True
154939,4,2,True
154940,12,11,True
154941,-1,10,True
154942,12,11,True
154943,4,2,True
154944,4,2,True
154974,4,2,True
155062,12,11,True
155072,5,3,True
155073,14,10,True
155074,13,11,True
155075,12,11,True
155076,10,12,True
155077,10,12,True
155132,7,-1,True
155133,10,12,True
155134,10,12,True
155135,10,12,True
155142,4,2,True
155145,2,4,True
155149,5,3,True
155168,5,3,True
155169,4,2,True
155200,5,3,True
155201,5,3,True
155207,8,-1,True
155208,8,-1,True
155209,5,3,True
155210,5,3,True
155211,10,12,True
155212,10,12,True
155213,-1,10,True
155214,13,12,True
155215,12,11,True
155216,12,11,True
155217,13,11,True
155220,13,10,True
155221,12,11,True
155222,13,12,True
155223,13,11,True
155224,-1,12,True
155255,4,2,True
155266,7,-1,True
155295,12,11,True
155296,12,11,True
155297,10,12,True
155298,10,12,True
155301,13,10,True
155302,13,11,True
155345,4,2,True
155346,5,3,True
155382,12,11,True
155383,10,12,True
155386,10,12,True
155388,13,10,True
155389,13,11,True
155390,13,12,True
155391,12,11,True
155392,4,2,True
155401,2,4,True
155402,13,10,True
155403,14,10,True
155405,5,3,True
155406,13,11,True
155407,13,11,True
155423,14,10,True
155424,10,12,True
155425,4,2,True
155426,13,12,True
155435,-1,10,True
155436,4,2,True
155449,4,2,True
155519,10,12,True
155522,9,-1,True
155523,4,2,True
155532,5,3,True
155542,13,10,True
155543,14,10,True
155548,14,10,True
155550,10,12,True
155551,13,10,True
155552,3,-1,True
155553,3,-1,True
155555,4,2,True
155560,5,3,True
155561,13,12,True
155562,13,10,True
155563,13,10,True
155564,13,12,True
155570,5,3,True
155575,3,5,True
155576,3,5,True
155577,3,5,True
155578,3,5,True
155579,3,5,True
155589,3,5,True
155591,12,11,True
155592,13,12,True
155594,4,2,True
155601,8,-1,True
155602,8,-1,True
155603,8,-1,True
155608,4,2,True
155618,5,3,True
155631,5,-1,True
155652,2,4,True
155661,4,2,True
155663,5,3,True
155665,4,2,True
155667,5,3,True
155672,4,2,True
155678,10,12,True
155681,4,2,True
155688,4,2,True
155803,4,2,True
155812,5,3,True
155815,5,3,True
155816,5,3,True
155817,5,3,True
155828,4,2,True
155840,5,3,True
155852,13,10,True
155853,13,12,True
155854,13,12,True
155855,4,2,True
155856,13,11,True
155857,4,2,True
155858,10,12,True
155859,13,11,True
155860,4,2,True
155863,4,2,True
155877,8,-1,True
155878,8,-1,True
155879,8,-1,True
155880,8,-1,True
155881,8,-1,True
155882,8,-1,True
155885,8,-1,True
155886,8,-1,True
155887,8,-1,True
155888,7,-1,True
155889,7,-1,True
155890,7,-1,True
155891,7,-1,True
155892,7,-1,True
155893,7,-1,True
155894,7,-1,True
155895,7,-1,True
155896,8,-1,True
155897,8,-1,True
155898,8,-1,True
155899,8,-1,True
155900,8,-1,True
155901,8,-1,True
155902,8,-1,True
155903,8,-1,True
155904,8,-1,True
155905,8,-1,True
155906,8,-1,True
155907,8,-1,True
155928,5,3,True
155941,5,3,True
155953,5,3,True
155969,2,4,True
155970,4,2,True
155976,4,2,True
156059,12,11,True
156061,9,-1,True
156062,9,-1,True
156067,4,2,True
156068,3,5,True
156071,4,2,True
156073,4,2,True
156082,5,3,True
156084,13,12,True
156085,10,12,True
156086,10,12,True
156088,-1,10,True
156090,4,2,True
156092,5,3,True
156093,4,2,True
156097,-1,10,True
156098,13,12,True
156099,10,12,True
156100,13,12,True
156101,12,11,True
156102,14,10,True
156103,13,10,True
156104,13,10,True
156112,5,3,True
156116,5,3,True
156150,3,5,True
156156,2,4,True
156197,10,12,True
156198,12,11,True
156199,12,11,True
156200,13,11,True
156201,10,12,True
156235,4,2,True
156236,5,3,True
156237,10,12,True
156239,4,2,True
156277,-1,11,True
156278,4,2,True
156279,10,12,True
156280,10,12,True
156281,-1,10,True
156282,13,12,True
156283,14,10,True
156285,10,12,True
156286,-1,10,True
156287,4,2,True
156291,5,3,True
156320,12,11,True
156322,12,11,True
156323,-1,10,True
156365,4,2,True
156395,2,4,True
156396,4,2,True
156398,13,10,True
156399,4,2,True
156418,4,2,True
156419,4,2,True
156426,4,2,True
156443,8,-1,True
156444,8,-1,True
156446,5,3,True
156476,4,2,True
156482,-1,10,True
156503,8,-1,True
156504,4,2,True
156511,4,2,True
156530,5,3,True
156531,5,3,True
156538,5,3,True
156554,4,2,True
156555,5,3,True
156566,4,2,True
156601,5,3,True
156604,5,3,True
156610,5,3,True
156620,8,-1,True
156649,7,-1,True
156650,7,-1,True
156651,8,-1,True
156652,5,-1,True
156660,12,11,True
156661,13,12,True
156662,13,11,True
156732,4,2,True
156738,4,2,True
156744,4,2,True
156760,10,12,True
156773,4,2,True
156796,4,2,True
156830,4,2,True
156843,3,-1,True
156844,3,-1,True
156845,3,-1,True
156846,3,-1,True
156847,3,-1,True
156851,-1,10,True
156852,12,11,True
156856,4,2,True
156864,-1,12,True
156865,14,10,True
156866,4,2,True
156867,2,4,True
156868,2,-1,True
156869,2,4,True
156870,2,4,True
156896,4,2,True
156897,14,10,True
156898,4,2,True
156901,10,12,True
156903,14,10,True
156904,12,11,True
156917,14,10,True
156918,14,10,True
156919,13,12,True
156920,12,11,True
156921,13,11,True
156933,4,2,True
156937,2,4,True
156938,2,4,True
156939,2,4,True
156942,12,11,True
156943,4,2,True
156947,2,4,True
156948,2,4,True
157010,5,3,True
157018,5,3,True
157023,13,11,True
157024,13,10,True
157025,-1,10,True
157026,4,2,True
157038,4,2,True
157180,12,11,True
157182,12,11,True
157183,4,2,True
157184,12,11,True
157196,4,2,True
157202,-1,2,True
157240,4,2,True
157241,14,10,True
157242,7,-1,True
157243,7,-1,True
157244,7,-1,True
157245,7,-1,True
157246,7,-1,True
157247,8,-1,True
157248,8,-1,True
157249,8,-1,True
157250,8,-1,True
157251,8,-1,True
157252,8,-1,True
157254,4,2,True
157258,5,3,True
157266,5,3,True
157281,4,2,True
157282,14,10,True
157283,10,12,True
157284,10,12,True
157285,13,12,True
157286,12,11,True
157287,-1,10,True
157288,13,10,True
157289,13,10,True
157291,-1,10,True
157292,10,12,True
157293,12,11,True
157295,13,11,True
157296,10,12,True
157297,14,10,True
157298,-1,10,True
157299,13,11,True
157300,10,12,True
157301,14,10,True
157303,13,12,True
157304,13,11,True
157305,-1,10,True
157306,12,11,True
157307,13,11,True
157308,12,11,True
157309,13,11,True
157311,13,11,True
157313,13,10,True
157314,10,12,True
157315,13,11,True
157316,10,12,True
157317,10,12,True
157318,10,12,True
157320,12,11,True
157321,13,11,True
157323,10,12,True
157324,14,10,True
157348,3,5,True
157349,3,-1,True
157350,8,-1,True
157354,5,-1,True
157376,5,3,True
157377,12,11,True
157378,10,12,True
157379,14,10,True
157390,5,-1,True
157397,4,2,True
157417,5,3,True
157423,5,3,True
157437,5,3,True
157440,5,3,True
157460,10,12,True
157461,10,12,True
157462,13,11,True
157465,4,2,True
157480,5,3,True
157487,4,2,True
157502,4,2,True
157521,13,12,True
157538,13,12,True
157540,13,11,True
157542,4,2,True
157654,4,2,True
157655,13,10,True
157657,4,2,True
157659,12,11,True
157660,10,12,True
157693,5,3,True
157705,14,10,True
157706,4,2,True
157707,13,11,True
157708,-1,10,True
157709,13,11,True
157710,-1,12,True
157711,13,12,True
157712,13,12,True
157713,-1,10,True
157714,13,10,True
157715,10,12,True
157716,13,12,True
157727,5,3,True
157730,4,2,True
157769,4,2,True
157770,4,2,True
157788,4,2,True
157850,13,11,True
157851,13,12,True
157852,4,2,True
157853,-1,10,True
157868,4,2,True
157874,5,3,True
157901,4,2,True
157902,5,3,True
157903,5,3,True
157916,4,2,True
157917,3,5,True
157918,3,5,True
157968,5,3,True
157990,5,3,True
158016,4,2,True
158053,4,2,True
158055,4,2,True
158081,4,2,True
158112,4,2,True
158176,7,-1,True
158177,7,-1,True
158216,5,3,True
158217,4,2,True
158218,14,10,True
158219,14,10,True
158220,-1,10,True
158221,4,2,True
158242,7,-1,True
158246,12,11,True
158247,-1,10,True
158248,10,12,True
158249,12,11,True
158251,13,11,True
158253,10,-1,True
158254,3,5,True
158255,3,5,True
158256,3,5,True
158257,3,5,True
158258,3,5,True
158259,3,5,True
158260,3,5,True
158275,4,2,True
158276,-1,10,True
158277,12,11,True
158278,4,2,True
158279,13,12,True
158280,12,11,True
158281,13,10,True
158282,13,10,True
158283,14,10,True
158284,10,12,True
158285,10,12,True
158286,-1,10,True
158297,4,2,True
158300,4,2,True
158326,10,12,True
158327,4,2,True
158328,-1,10,True
158329,13,10,True
158330,4,2,True
158331,14,10,True
158334,9,-1,True
158341,5,3,True
158342,3,5,True
158343,3,5,True
158347,8,-1,True
158371,5,3,True
158382,4,2,True
158383,13,10,True
158384,14,10,True
158390,5,3,True
158392,5,-1,True
158394,13,12,True
158395,12,11,True
158396,14,10,True
158397,10,12,True
158398,-1,10,True
158399,13,12,True
158400,12,11,True
158401,12,11,True
158402,13,11,True
158403,12,11,True
158404,4,2,True
158415,5,3,True
158429,4,2,True
158453,4,2,True
158454,4,2,True
158455,13,11,True
158456,13,12,True
158457,4,2,True
158548,3,-1,True
158549,3,-1,True
158550,3,-1,True
158554,4,2,True
158555,4,2,True
158556,4,2,True
158566,13,10,True
158567,13,12,True
158568,-1,10,True
158569,12,11,True
158570,10,12,True
158571,12,11,True
158572,2,4,True
158573,2,4,True
158574,2,4,True
158575,2,4,True
158578,5,3,True
158579,5,3,True
158580,5,3,True
158582,5,3,True
158583,5,3,True
158607,5,3,True
158616,10,12,True
158617,13,10,True
158618,13,10,True
158619,10,12,True
158620,10,12,True
158629,4,2,True
158631,13,10,True
158632,12,11,True
158633,12,11,True
158646,4,2,True
158647,8,-1,True
158648,5,-1,True
158649,8,-1,True
158650,5,3,True
158652,4,2,True
158653,14,10,True
158654,4,2,True
158665,5,3,True
158720,4,2,True
158761,4,2,True
158766,4,2,True
158769,13,11,True
158770,-1,10,True
158771,10,12,True
158772,4,2,True
158773,12,11,True
158806,14,10,True
158807,-1,10,True
158808,12,11,True
158809,13,12,True
158810,12,11,True
158811,12,11,True
158812,10,12,True
158813,13,12,True
158814,10,12,True
158815,10,12,True
158816,13,10,True
158817,13,11,True
158818,10,12,True
158819,14,10,True
158822,13,12,True
158823,10,12,True
158824,13,11,True
158825,10,12,True
158840,13,10,True
158841,13,12,True
158842,-1,10,True
158843,13,11,True
158844,-1,10,True
158846,4,2,True
158853,5,3,True
158872,3,-1,True
158873,13,12,True
158877,5,3,True
158885,5,3,True
158899,5,3,True
158904,5,3,True
158906,4,2,True
158921,5,3,True
158923,5,3,True
158950,5,3,True
158952,3,5,True
158958,5,3,True
159001,13,11,True
159002,13,-1,True
159003,4,2,True
159005,5,3,True
159041,14,10,True
159106,-1,10,True
159109,4,2,True
159123,5,3,True
159138,5,3,True
159158,4,2,True
159164,4,2,True
159196,5,3,True
159199,4,2,True
159205,5,3,True
159213,4,2,True
159214,10,12,True
159215,13,10,True
159216,13,11,True
159217,13,11,True
159218,13,11,True
159219,13,11,True
159220,10,12,True
159221,-1,10,True
159224,4,2,True
159261,4,2,True
159262,14,10,True
159263,10,12,True
159265,14,10,True
159266,4,2,True
159268,-1,10,True
159269,14,10,True
159281,10,12,True
159283,12,11,True
159303,-1,10,True
159304,10,12,True
159306,4,2,True
159312,5,3,True
159345,4,2,True
159429,4,2,True
159437,13,12,True
159447,2,4,True
159452,10,12,True
159456,-1,10,True
159467,5,3,True
159476,2,4,True
159477,3,5,True
159478,3,5,True
159479,3,5,True
159486,5,3,True
159492,5,3,True
159493,3,5,True
159494,3,5,True
159496,4,2,True
159512,3,5,True
159513,8,-1,True
159521,13,11,True
159522,13,12,True
159523,13,12,True
159524,4,2,True
159527,5,3,True
159533,5,3,True
159536,4,2,True
159537,2,4,True
159538,14,10,True
159539,10,12,True
159540,10,12,True
159541,-1,10,True
159542,10,12,True
159543,10,12,True
159544,4,2,True
159545,13,11,True
159546,10,12,True
159562,4,2,True
159579,5,3,True
159595,4,2,True
159651,4,2,True
159668,2,4,True
159669,2,4,True
159670,2,4,True
159671,2,4,True
159672,2,4,True
159673,2,4,True
159674,2,4,True
159675,2,-1,True
159676,2,-1,True
159677,2,-1,True
159679,3,5,True
159680,3,5,True
159681,3,5,True
159687,4,2,True
159688,13,12,True
159689,14,10,True
159696,8,-1,True
159699,14,10,True
159700,12,11,True
159701,14,10,True
159702,10,12,True
159703,10,12,True
159704,12,11,True
159705,14,-1,True
159706,10,12,True
159707,14,10,True
159708,13,-1,True
159709,14,10,True
159710,13,12,True
159713,12,11,True
159714,14,10,True
159715,13,11,True
159716,10,12,True
159717,-1,10,True
159718,13,11,True
159719,12,11,True
159720,14,10,True
159721,13,11,True
159722,13,11,True
159724,-1,10,True
159725,13,10,True
159726,13,10,True
159734,4,2,True
159735,14,10,True
159737,13,10,True
159738,10,12,True
159739,10,12,True
159741,-1,10,True
159742,4,2,True
159743,12,11,True
159744,13,11,True
159745,10,12,True
159746,10,12,True
159747,14,10,True
159748,12,11,True
159749,14,10,True
159750,4,2,True
159754,5,3,True
159761,2,4,True
159762,2,4,True
159764,3,5,True
159765,3,5,True
159772,5,3,True
159781,5,3,True
159786,3,5,True
159787,3,5,True
159788,3,5,True
159801,3,5,True
159811,8,-1,True
159812,5,-1,True
159814,5,3,True
159816,4,2,True
159837,4,2,True
159843,5,3,True
159885,5,3,True
159886,4,2,True
159888,4,2,True
159896,5,3,True
159903,4,2,True
159916,4,2,True
159917,4,2,True
159922,4,2,True
159939,4,2,True
159940,13,10,True
159968,4,2,True
159975,12,11,True
159976,14,10,True
159977,12,11,True
159978,10,12,True
159979,14,10,True
159981,5,3,True
159982,8,-1,True
159983,3,5,True
159984,3,5,True
159985,3,5,True
159988,5,3,True
159996,10,12,True
159997,13,12,True
159998,13,12,True
159999,12,11,True
160002,13,12,True
160004,14,10,True
160005,10,12,True
160019,10,12,True
160021,4,2,True
160047,5,3,True
160048,13,11,True
160049,13,12,True
160050,12,11,True
160052,10,12,True
160053,10,12,True
160056,13,11,True
160081,4,2,True
160082,7,-1,True
160083,7,-1,True
160084,13,12,True
160085,13,12,True
160086,2,4,True
160095,4,2,True
160122,5,3,True
160123,5,3,True
160125,5,3,True
160128,5,3,True
160133,4,2,True
160140,5,3,True
160143,3,5,True
160179,7,-1,True
160180,7,-1,True
160186,4,2,True
160193,-1,10,True
160194,-1,10,True
160195,10,12,True
160196,13,10,True
160198,13,10,True
160199,13,11,True
160201,10,12,True
160202,10,12,True
160204,10,12,True
160205,4,2,True
160206,4,2,True
160207,4,2,True
160208,4,2,True
160209,13,12,True
160211,14,10,True
160212,-1,10,True
160214,10,12,True
160215,13,11,True
160216,-1,10,True
160218,13,10,True
160219,13,11,True
160220,10,12,True
160222,14,10,True
160223,13,10,True
160224,-1,10,True
160225,14,10,True
160226,14,10,True
160228,14,10,True
160229,12,11,True
160240,9,-1,True
160241,9,-1,True
160253,9,-1,True
160254,9,-1,True
160255,9,-1,True
160256,9,-1,True
160267,4,2,True
160269,4,2,True
160270,8,-1,True
160273,8,-1,True
160275,8,-1,True
160276,8,-1,True
160284,8,-1,True
160285,8,-1,True
160302,5,-1,True
160305,12,11,True
160306,13,12,True
160307,13,11,True
160308,4,2,True
160311,5,3,True
160337,4,2,True
160341,5,3,True
160357,5,3,True
160378,4,2,True
160491,13,10,True
160492,10,12,True
160493,13,11,True
160498,10,12,True
160499,12,11,True
160500,13,12,True
160501,12,11,True
160502,13,10,True
160503,13,11,True
160504,4,2,True
160505,14,10,True
160506,5,3,True
160509,4,2,True
160572,10,12,True
160574,10,12,True
160575,13,10,True
160576,13,10,True
160577,10,12,True
160579,10,12,True
160580,13,11,True
160583,14,10,True
160584,12,11,True
160585,13,10,True
160624,2,4,True
160633,2,4,True
160634,2,4,True
160645,2,4,True
160646,2,4,True
160647,2,4,True
160648,2,4,True
160649,2,4,True
160664,2,4,True
160665,2,4,True
160666,2,4,True
160669,2,4,True
160670,2,4,True
160693,2,4,True
160757,4,2,True
160760,9,-1,True
160761,9,-1,True
160762,9,-1,True
160763,9,-1,True
160764,9,-1,True
160765,4,-1,True
160819,5,3,True
160843,7,-1,True
160844,7,-1,True
160845,8,-1,True
160848,5,3,True
160850,4,2,True
160854,14,10,True
160855,10,12,True
160856,10,12,True
160857,13,11,True
160858,13,11,True
160863,5,3,True
160905,4,2,True
160913,5,3,True
160915,4,2,True
160936,7,-1,True
160993,2,4,True
160994,2,4,True
160995,2,4,True
160996,13,11,True
160997,14,10,True
160998,13,11,True
160999,12,11,True
161000,-1,10,True
161002,13,-1,True
161003,2,4,True
161004,2,4,True
161011,8,-1,True
161012,8,-1,True
161016,14,10,True
161017,4,2,True
161021,5,3,True
161023,5,3,True
161025,5,3,True
161026,8,-1,True
161027,8,-1,True
161028,8,-1,True
161029,8,-1,True
161030,8,-1,True
161031,8,-1,True
161032,8,-1,True
161033,8,-1,True
161034,8,-1,True
161035,8,-1,True
161049,5,3,True
161056,13,11,True
161057,13,11,True
161058,14,10,True
161059,10,12,True
161060,10,12,True
161066,14,10,True
161067,10,12,True
161069,14,10,True
161071,-1,10,True
161073,13,12,True
161074,12,11,True
161075,12,11,True
161076,10,12,True
161077,4,2,True
161078,9,-1,True
161079,4,-1,True
161087,8,-1,True
161088,8,-1,True
161091,8,-1,True
161092,8,-1,True
161093,8,-1,True
161103,5,3,True
161104,8,-1,True
161105,8,-1,True
161106,4,2,True
161107,13,12,True
161109,14,10,True
161110,13,12,True
161111,13,10,True
161112,13,11,True
161113,10,12,True
161115,4,2,True
161193,4,2,True
161194,10,12,True
161195,13,12,True
161196,13,11,True
161197,13,12,True
161198,13,11,True
161199,10,12,True
161200,13,10,True
161201,13,10,True
161203,4,2,True
161211,4,2,True
161232,4,2,True
161246,2,-1,True
161247,2,-1,True
161248,2,-1,True
161249,2,-1,True
161251,4,2,True
161255,4,2,True
161264,2,-1,True
161311,4,2,True
161312,3,-1,True
161321,5,3,True
161330,5,3,True
161331,5,3,True
161358,5,3,True
161368,4,2,True
161369,5,3,True
161386,5,3,True
161389,5,3,True
161413,8,-1,True
161414,8,-1,True
161415,8,-1,True
161416,8,-1,True
161420,8,-1,True
161421,4,2,True
161487,4,2,True
161488,4,2,True
161518,4,2,True
161574,13,12,True
161575,4,2,True
161577,3,-1,True
161578,3,5,True
161579,3,5,True
161580,3,5,True
161581,3,-1,True
161582,3,-1,True
161583,5,3,True
161584,4,2,True
161628,4,2,True
161629,4,2,True
161630,-1,10,True
161631,13,12,True
161632,4,2,True
161634,-1,12,True
161635,13,12,True
161636,10,12,True
161637,13,10,True
161638,13,11,True
161639,13,12,True
161640,13,11,True
161641,-1,10,True
161642,13,10,True
161645,10,12,True
161646,13,11,True
161656,13,11,True
161657,13,12,True
161658,14,10,True
161659,-1,10,True
161660,10,12,True
161661,12,11,True
161663,10,-1,True
161666,12,-1,True
161667,14,-1,True
161668,13,-1,True
161669,10,-1,True
161672,13,12,True
161676,5,3,True
161677,3,5,True
161679,3,-1,True
161680,3,-1,True
161681,7,-1,True
161682,7,-1,True
161683,7,-1,True
161684,7,-1,True
161685,7,-1,True
161687,5,3,True
161688,8,-1,True
161689,8,-1,True
161691,8,-1,True
161692,8,-1,True
161693,8,-1,True
161701,10,12,True
161702,10,12,True
161713,5,3,True
161742,10,12,True
161745,14,10,True
161746,14,10,True
161747,-1,10,True
161748,10,12,True
161749,10,12,True
161750,-1,10,True
161760,13,12,True
161761,4,2,True
161825,10,12,True
161826,13,11,True
161828,13,11,True
161829,10,12,True
161830,13,10,True
161831,13,10,True
161832,13,11,True
161833,12,11,True
161834,10,12,True
161836,13,10,True
161837,14,10,True
161838,13,10,True
161839,14,10,True
161840,14,10,True
161842,5,3,True
161847,8,-1,True
161848,8,-1,True
161862,3,5,True
161865,3,5,True
161890,9,-1,True
161891,9,-1,True
161892,9,-1,True
161893,9,-1,True
161894,9,-1,True
161895,9,-1,True
161896,9,-1,True
161897,9,-1,True
161898,9,-1,True
161899,5,3,True
161934,3,5,True
161935,3,5,True
161938,4,2,True
161940,12,11,True
161941,13,10,True
161942,13,10,True
161944,10,12,True
161958,5,3,True
161959,13,10,True
161960,13,12,True
161961,-1,10,True
161962,10,12,True
161963,14,10,True
161965,-1,10,True
161966,12,11,True
161967,13,11,True
161968,13,12,True
161969,13,12,True
161970,5,3,True
162001,4,2,True
162004,4,2,True
162016,4,2,True
162094,5,3,True
162096,5,3,True
162117,4,2,True
162122,5,3,True
162126,5,3,True
162185,4,2,True
162187,14,10,True
162188,10,12,True
162209,8,-1,True
162210,8,-1,True
162212,8,-1,True
162215,8,-1,True
162216,5,-1,True
162224,10,12,True
162225,4,2,True
162226,-1,10,True
162227,14,10,True
162236,4,2,True
162247,4,2,True
162255,7,-1,True
162268,5,3,True
162283,5,3,True
162284,9,-1,True
162285,9,-1,True
162313,7,-1,True
162353,4,2,True
162375,4,2,True
162376,10,12,True
162377,13,10,True
162378,13,12,True
162379,13,12,True
162380,12,11,True
162381,10,12,True
162382,14,10,True
162384,10,12,True
162386,10,12,True
162387,14,10,True
162388,12,11,True
162390,13,10,True
162391,10,12,True
162392,14,10,True
162401,4,2,True
162402,4,2,True
162412,3,5,True
162418,5,3,True
162419,5,3,True
162425,5,3,True
162447,8,-1,True
162448,8,-1,True
162449,8,-1,True
162458,3,5,True
162460,5,-1,True
162462,7,-1,True
162463,7,-1,True
162464,7,-1,True
162466,5,3,True
162488,5,3,True
162489,5,3,True
162500,10,12,True
162502,4,2,True
162507,5,3,True
162510,13,10,True
162511,10,12,True
162513,13,12,True
162514,13,12,True
162515,13,11,True
162516,13,11,True
162517,-1,10,True
162518,-1,10,True
162520,10,12,True
162521,12,11,True
162522,4,2,True
162523,13,10,True
162524,13,11,True
162525,13,11,True
162526,-1,10,True
162527,12,11,True
162528,13,12,True
162529,13,11,True
162530,12,11,True
162531,12,11,True
162533,10,12,True
162534,12,11,True
162535,13,10,True
162536,14,10,True
162537,12,11,True
162540,10,12,True
162541,13,12,True
162542,4,2,True
162543,3,5,True
162544,3,5,True
162557,5,3,True
162587,4,2,True
162588,4,2,True
162640,5,3,True
162651,5,3,True
162663,7,-1,True
162664,-1,10,True
162665,4,2,True
162666,13,12,True
162667,-1,10,True
162668,12,11,True
162670,4,2,True
162686,5,3,True
162693,3,5,True
162702,5,3,True
162708,4,2,True
162709,4,2,True
162710,-1,10,True
162711,14,10,True
162726,4,2,True
162729,-1,10,True
162730,12,11,True
162731,12,11,True
162738,5,3,True
162748,5,3,True
162749,13,11,True
162750,2,4,True
162751,2,4,True
162752,2,4,True
162875,4,2,True
162880,4,2,True
162898,4,2,True
162956,13,11,True
162957,-1,10,True
162958,13,12,True
162959,14,10,True
162960,-1,10,True
162962,14,10,True
162965,5,3,True
162976,3,5,True
162977,3,5,True
162982,2,4,True
162983,2,4,True
162984,2,4,True
162985,2,4,True
162986,2,4,True
162987,2,4,True
162988,2,4,True
162989,2,4,True
162997,5,3,True
162998,5,3,True
162999,12,11,True
163000,-1,10,True
163001,4,2,True
163038,3,5,True
163059,5,3,True
163068,4,2,True
163069,4,2,True
163083,4,2,True
163094,5,3,True
163110,4,2,True
163155,-1,10,True
163179,5,3,True
163182,7,-1,True
163183,7,-1,True
163184,7,-1,True
163227,3,5,True
163228,3,5,True
163229,3,5,True
163269,4,2,True
163270,12,11,True
163329,10,12,True
163331,13,11,True
163333,10,12,True
163334,13,11,True
163337,4,2,True
163338,13,12,True
163339,14,10,True
163340,4,2,True
163342,10,12,True
163343,4,2,True
163346,14,10,True
163347,10,12,True
163348,13,10,True
163349,-1,10,True
163350,-1,10,True
163351,13,10,True
163352,13,12,True
163353,-1,10,True
163354,10,12,True
163355,14,10,True
163372,5,3,True
163373,14,10,True
163374,14,10,True
163375,10,12,True
163377,10,12,True
163378,12,11,True
163379,12,11,True
163380,13,11,True
163381,13,11,True
163382,13,10,True
163397,5,3,True
163398,8,-1,True
163400,4,2,True
163409,5,3,True
163425,13,11,True
163426,10,12,True
163427,-1,10,True
163429,13,12,True
163431,-1,10,True
163433,-1,10,True
163434,10,12,True
163436,5,3,True
163440,13,11,True
163441,14,10,True
163442,10,12,True
163444,13,11,True
163469,4,2,True
163470,5,3,True
163558,4,2,True
163566,8,-1,True
163567,8,-1,True
163568,8,-1,True
163569,8,-1,True
163570,3,5,True
163571,3,5,True
163572,3,5,True
163579,8,-1,True
163581,7,-1,True
163582,7,-1,True
163583,7,-1,True
163584,7,-1,True
163586,8,-1,True
163587,8,-1,True
163599,4,2,True
163600,5,3,True
163601,5,3,True
163616,5,3,True
163619,4,2,True
163630,13,11,True
163631,10,12,True
163638,4,2,True
163651,4,2,True
163657,5,3,True
163658,7,-1,True
163659,7,-1,True
163668,5,3,True
163669,4,2,True
163683,4,2,True
163755,5,3,True
163758,5,3,True
163759,5,3,True
163774,12,11,True
163806,13,12,True
163807,13,12,True
163811,9,-1,True
163812,9,-1,True
163813,9,-1,True
163814,9,-1,True
163815,9,-1,True
163824,9,-1,True
163825,4,2,True
163826,5,3,True
163832,13,10,True
163833,-1,10,True
163926,5,3,True
163931,3,5,True
163932,3,5,True
163933,3,5,True
163934,3,5,True
163935,3,5,True
163936,3,5,True
163937,3,5,True
163938,3,5,True
163939,3,5,True
163940,3,5,True
163941,3,5,True
163942,3,5,True
163943,3,5,True
163944,3,5,True
163945,3,5,True
163946,3,5,True
163947,3,5,True
163971,5,3,True
163972,5,3,True
163980,3,5,True
163981,3,5,True
164061,5,3,True
164072,4,2,True
164073,5,-1,True
164074,8,-1,True
164075,4,2,True
164081,10,12,True
164089,8,-1,True
164090,8,-1,True
164091,8,-1,True
164092,8,-1,True
164100,5,3,True
164116,5,3,True
164119,3,5,True
164139,5,3,True
164151,-1,10,True
164152,13,11,True
164153,10,12,True
164155,-1,10,True
164156,14,10,True
164157,13,10,True
164158,13,10,True
164159,13,10,True
164160,13,10,True
164161,-1,10,True
164162,-1,10,True
164163,-1,10,True
164164,4,2,True
164170,4,2,True
164179,5,3,True
164183,5,3,True
164197,4,2,True
164198,10,12,True
164199,4,2,True
164220,4,2,True
164404,4,2,True
164418,4,2,True
164455,2,4,True
164456,2,4,True
164462,3,-1,True
164463,3,-1,True
164471,-1,10,True
164472,4,2,True
164486,13,11,True
164487,12,11,True
164488,4,2,True
164505,5,3,True
164506,-1,10,True
164507,10,12,True
164512,3,5,True
164513,3,5,True
164514,3,5,True
164515,3,5,True
164516,3,5,True
164517,3,5,True
164518,3,5,True
164519,3,5,True
164549,8,-1,True
164550,8,-1,True
164553,8,-1,True
164554,8,-1,True
164555,8,-1,True
164556,8,-1,True
164574,-1,10,True
164575,13,12,True
164577,13,10,True
164579,10,12,True
164580,12,11,True
164581,10,-1,True
164583,13,11,True
164584,12,11,True
164585,13,-1,True
164586,10,-1,True
164587,12,-1,True
164588,4,2,True
164592,5,3,True
164617,5,3,True
164658,2,-1,True
164659,2,-1,True
164667,4,2,True
164669,14,-1,True
164691,4,2,True
164695,5,3,True
164697,3,5,True
164698,3,5,True
164699,3,5,True
164700,3,5,True
164702,5,-1,True
164704,4,2,True
164709,3,5,True
164710,3,5,True
164713,14,10,True
164714,-1,10,True
164715,10,12,True
164716,14,10,True
164718,13,12,True
164719,12,11,True
164720,10,12,True
164721,14,10,True
164722,14,10,True
164723,12,11,True
164725,13,12,True
164726,13,11,True
164728,14,10,True
164729,13,11,True
164730,13,10,True
164731,-1,10,True
164732,4,2,True
164753,13,12,True
164756,-1,11,True
164761,5,3,True
164762,5,3,True
164771,5,3,True
164803,4,2,True
164828,3,5,True
164829,3,5,True
164830,3,5,True
164945,5,3,True
164955,4,2,True
164961,4,2,True
165081,4,2,True
165082,5,3,True
165085,9,-1,True
165108,4,2,True
165114,4,2,True
165115,10,12,True
165116,-1,10,True
165118,10,12,True
165122,12,11,True
165123,4,2,True
165150,4,2,True
165250,3,-1,True
165251,3,-1,True
165252,3,-1,True
165254,3,-1,True
165255,3,-1,True
165256,5,3,True
165260,6,-1,True
165276,-1,10,True
165277,13,12,True
165283,9,-1,True
165284,9,-1,True
165289,4,2,True
165306,5,-1,True
165308,12,11,True
165309,12,11,True
165327,5,3,True
165331,3,5,True
165355,2,4,True
165372,3,-1,True
165378,4,2,True
165382,8,-1,True
165383,8,-1,True
165384,8,-1,True
165385,7,-1,True
165386,7,-1,True
165387,7,-1,True
165388,7,-1,True
165389,7,-1,True
165402,3,5,True
165403,3,5,True
165404,3,5,True
165417,7,-1,True
165418,7,-1,True
165419,7,-1,True
165420,5,3,True
165453,4,2,True
165456,4,2,True
165479,5,3,True
165488,4,2,True
165489,4,2,True
165556,8,-1,True
165563,8,-1,True
165564,8,-1,True
165567,8,-1,True
165568,8,-1,True
165573,5,3,True
165575,5,3,True
165580,5,3,True
165583,5,3,True
165584,2,4,True
165585,2,4,True
165586,2,4,True
165587,2,4,True
165588,2,4,True
165589,2,4,True
165590,2,4,True
165591,2,4,True
165592,2,4,True
165593,2,4,True
165594,2,4,True
165595,2,4,True
165596,2,4,True
165597,2,4,True
165598,2,4,True
165599,2,4,True
165600,2,4,True
165601,2,4,True
165602,2,4,True
165604,13,11,True
165606,10,12,True
165607,10,12,True
165608,10,12,True
165610,13,10,True
165611,13,11,True
165612,13,10,True
165614,13,12,True
165615,14,10,True
165616,12,11,True
165617,12,11,True
165618,10,12,True
165619,10,12,True
165620,14,10,True
165621,-1,10,True
165622,10,12,True
165623,12,11,True
165624,12,11,True
165625,13,11,True
165626,10,12,True
165627,10,12,True
165629,13,11,True
165630,10,12,True
165631,13,11,True
165632,10,12,True
165633,-1,10,True
165634,10,12,True
165636,13,12,True
165638,13,10,True
165639,10,12,True
165640,13,11,True
165641,-1,10,True
165643,13,11,True
165645,13,10,True
165646,13,12,True
165648,13,10,True
165650,10,12,True
165727,13,10,True
165728,13,12,True
165729,13,10,True
165730,13,11,True
165731,10,12,True
165732,13,11,True
165733,14,10,True
165734,13,11,True
165735,13,10,True
165739,5,3,True
165745,8,-1,True
165751,13,10,True
165838,4,2,True
165839,-1,10,True
165840,13,10,True
165841,12,11,True
165842,13,11,True
165843,13,11,True
165844,10,12,True
165845,13,10,True
165846,13,12,True
165847,14,10,True
165849,14,10,True
165850,12,11,True
165851,10,12,True
165852,13,10,True
165853,13,11,True
165854,10,12,True
165856,12,11,True
165857,14,10,True
165858,13,10,True
165859,13,12,True
165860,14,10,True
165861,10,12,True
165862,13,11,True
165863,10,12,True
165864,-1,10,True
165866,4,2,True
165870,13,12,True
165871,10,12,True
165872,13,11,True
165873,13,12,True
165907,4,2,True
165959,10,12,True
165960,14,10,True
165961,13,12,True
165963,12,11,True
165964,13,10,True
165965,13,10,True
165966,13,11,True
165968,13,11,True
165969,14,10,True
165970,14,10,True
165971,12,11,True
165972,14,10,True
165973,13,12,True
165974,13,10,True
165976,13,12,True
165977,4,2,True
165978,13,10,True
165979,12,11,True
165980,13,10,True
165981,13,11,True
165982,10,12,True
165983,-1,10,True
165984,13,10,True
165985,12,11,True
165986,2,4,True
165999,5,3,True
166014,2,4,True
166015,2,4,True
166016,2,4,True
166023,3,5,True
166024,3,5,True
166025,3,5,True
166026,3,5,True
166027,3,5,True
166028,3,5,True
166029,3,5,True
166030,3,5,True
166031,3,5,True
166032,2,4,True
166033,2,4,True
166034,2,4,True
166051,4,2,True
166059,4,2,True
166060,13,12,True
166061,13,10,True
166062,13,10,True
166063,13,10,True
166064,14,10,True
166067,10,12,True
166077,3,5,True
166078,3,5,True
166079,3,5,True
166086,5,3,True
166089,4,2,True
166110,3,5,True
166118,5,3,True
166140,8,-1,True
166141,8,-1,True
166147,3,5,True
166148,3,5,True
166149,3,-1,True
166154,14,10,True
166175,3,-1,True
166176,3,-1,True
166185,2,-1,True
166186,2,4,True
166190,5,3,True
166275,5,3,True
166277,8,-1,True
166278,8,-1,True
166279,8,-1,True
166280,2,4,True
166281,2,4,True
166282,2,4,True
166309,4,2,True
166314,6,-1,True
166329,5,3,True
166330,2,4,True
166331,2,4,True
166332,2,4,True
166333,2,4,True
166334,2,4,True
166335,2,4,True
166336,2,4,True
166337,2,4,True
166338,2,4,True
166339,13,12,True
166340,13,10,True
166341,2,4,True
166342,2,4,True
166343,2,4,True
166344,2,4,True
166345,2,4,True
166346,2,4,True
166347,14,10,True
166348,13,12,True
166349,10,12,True
166356,12,11,True
166364,5,3,True
166381,4,2,True
166383,2,4,True
166384,2,4,True
166385,2,4,True
166389,3,5,True
166390,3,5,True
166391,3,5,True
166392,3,-1,True
166398,3,-1,True
166399,3,-1,True
166403,8,-1,True
166404,8,-1,True
166419,5,3,True
166428,5,3,True
166453,4,2,True
166459,4,2,True
166517,13,11,True
166526,13,12,True
166542,4,2,True
166546,8,-1,True
166547,8,-1,True
166556,13,11,True
166557,10,12,True
166559,10,12,True
166560,-1,10,True
166562,14,10,True
166563,4,2,True
166564,12,11,True
166565,-1,10,True
166566,10,12,True
166568,4,2,True
166573,13,11,True
166574,13,11,True
166577,4,2,True
166578,3,5,True
166579,3,5,True
166582,5,3,True
166625,5,3,True
166627,5,3,True
166629,5,3,True
166636,5,3,True
166655,-1,10,True
166656,2,4,True
166657,2,4,True
166658,2,4,True
166659,2,4,True
166672,13,10,True
166673,12,11,True
166675,-1,10,True
166677,12,11,True
166678,13,11,True
166679,14,10,True
166680,14,10,True
166681,13,11,True
166683,4,2,True
166686,4,2,True
166696,5,3,True
166700,4,2,True
166701,5,3,True
166702,5,3,True
166711,5,3,True
166721,4,2,True
166756,5,3,True
166761,4,2,True
166763,4,2,True
166773,8,-1,True
166781,12,11,True
166782,-1,10,True
166783,-1,10,True
166784,-1,10,True
166785,12,11,True
166786,14,10,True
166787,14,10,True
166804,4,2,True
166807,4,2,True
166812,4,2,True
166843,4,2,True
166904,3,5,True
166905,4,2,True
166906,5,3,True
166926,4,2,True
166939,5,3,True
166945,8,-1,True
166947,14,10,True
166948,13,12,True
166949,14,10,True
166950,14,10,True
166951,14,10,True
166952,14,10,True
166953,13,11,True
166954,4,2,True
166955,4,2,True
166956,10,12,True
166960,8,-1,True
166961,8,-1,True
166962,8,-1,True
166976,4,2,True
166979,5,3,True
166986,4,2,True
166990,4,2,True
167015,13,12,True
167029,5,3,True
167056,5,3,True
167063,5,3,True
167064,4,2,True
167066,5,3,True
167093,14,10,True
167094,13,10,True
167095,-1,10,True
167096,10,12,True
167097,12,11,True
167098,13,10,True
167099,13,10,True
167100,10,12,True
167101,10,12,True
167102,4,2,True
167109,4,2,True
167111,5,3,True
167116,4,2,True
167156,3,5,True
167163,3,5,True
167174,3,-1,True
167185,4,2,True
167189,7,-1,True
167208,5,3,True
167209,5,3,True
167216,4,2,True
167229,5,3,True
167230,14,10,True
167231,12,11,True
167233,13,10,True
167234,-1,10,True
167235,13,11,True
167236,13,10,True
167242,4,2,True
167244,12,11,True
167246,10,12,True
167252,8,-1,True
167253,8,-1,True
167254,5,3,True
167255,5,3,True
167265,5,3,True
167267,5,3,True
167276,4,2,True
167282,4,2,True
167287,4,2,True
167288,4,2,True
167472,9,-1,True
167492,13,10,True
167521,4,2,True
167544,5,3,True
167642,13,11,True
167643,13,11,True
167644,4,2,True
167661,4,2,True
167667,4,2,True
167668,8,-1,True
167669,8,-1,True
167670,8,-1,True
167671,8,-1,True
167672,8,-1,True
167673,8,-1,True
167674,8,-1,True
167675,8,-1,True
167676,8,-1,True
167677,8,-1,True
167678,8,-1,True
167679,8,-1,True
167680,8,-1,True
167681,8,-1,True
167682,8,-1,True
167683,8,-1,True
167684,4,2,True
167687,9,-1,True
167688,9,-1,True
167689,9,-1,True
167690,4,2,True
167691,14,10,True
167692,10,12,True
167693,-1,10,True
167695,4,2,True
167703,10,12,True
167718,3,5,True
167719,3,5,True
167720,3,5,True
167735,13,10,True
167736,12,11,True
167737,10,12,True
167830,3,5,True
167847,7,-1,True
167848,7,-1,True
167852,8,-1,True
167853,8,-1,True
167854,8,-1,True
167856,8,-1,True
167857,8,-1,True
167858,8,-1,True
167859,5,-1,True
167860,4,2,True
167862,4,2,True
167869,-1,10,True
167870,10,12,True
167871,12,11,True
167872,-1,10,True
167874,3,5,True
167875,5,3,True
167882,5,3,True
167883,8,-1,True
167885,8,-1,True
167887,8,-1,True
167888,8,-1,True
167894,5,3,True
167895,8,-1,True
167914,4,2,True
167932,5,3,True
167975,5,3,True
167976,5,3,True
167989,4,2,True
168005,4,2,True
168042,4,2,True
168043,7,-1,True
168044,7,-1,True
168045,7,-1,True
168046,7,-1,True
168047,7,-1,True
168048,7,-1,True
168056,8,-1,True
168059,10,12,True
168060,14,10,True
168061,13,12,True
168062,4,2,True
168065,13,10,True
168066,4,2,True
168070,10,12,True
168071,4,2,True
168073,-1,10,True
168074,10,12,True
168075,4,2,True
168090,8,-1,True
168091,8,-1,True
168092,8,-1,True
168094,5,3,True
168095,3,5,True
168096,3,5,True
168097,3,5,True
168110,8,-1,True
168113,5,-1,True
168125,7,-1,True
168126,7,-1,True
168127,5,3,True
168132,13,10,True
168133,4,2,True
168134,5,3,True
168135,10,12,True
168136,13,10,True
168149,4,2,True
168154,12,11,True
168155,13,11,True
168207,4,2,True
168266,5,3,True
168286,5,3,True
168289,5,3,True
168293,4,2,True
168295,13,12,True
168296,13,10,True
168297,13,12,True
168298,13,10,True
168299,-1,10,True
168300,13,11,True
168301,14,10,True
168302,13,11,True
168303,14,10,True
168304,-1,10,True
168305,4,2,True
168306,5,3,True
168326,5,3,True
168334,2,4,True
168335,2,4,True
168336,10,12,True
168337,12,11,True
168338,12,11,True
168339,13,10,True
168340,-1,10,True
168341,10,12,True
168342,13,10,True
168344,14,10,True
168345,12,11,True
168347,14,10,True
168359,4,2,True
168360,-1,10,True
168361,10,12,True
168362,10,12,True
168363,10,12,True
168367,4,-1,True
168368,13,10,True
168373,9,-1,True
168374,9,-1,True
168375,4,-1,True
168390,5,3,True
168406,10,12,True
168407,12,11,True
168408,13,12,True
168409,10,12,True
168429,5,3,True
168431,8,-1,True
168432,8,-1,True
168442,5,3,True
168443,5,3,True
168448,5,-1,True
168454,5,3,True
168457,5,3,True
168460,10,12,True
168462,3,5,True
168463,3,5,True
168464,3,5,True
168497,4,2,True
168501,3,5,True
168502,3,5,True
168503,3,5,True
168504,3,5,True
168510,5,3,True
168517,4,2,True
168525,4,2,True
168542,4,2,True
168590,4,2,True
168679,4,2,True
168723,2,4,True
168724,7,-1,True
168725,7,-1,True
168726,7,-1,True
168727,7,-1,True
168728,7,-1,True
168737,4,2,True
168741,5,3,True
168743,5,3,True
168747,5,3,True
168768,5,3,True
168769,4,2,True
168785,5,3,True
168791,13,11,True
168792,10,12,True
168793,14,10,True
168794,10,12,True
168795,10,12,True
168796,-1,10,True
168797,-1,10,True
168798,-1,10,True
168799,13,10,True
168800,13,10,True
168801,4,2,True
168824,5,3,True
168845,3,-1,True
168846,3,-1,True
168851,5,3,True
168861,13,12,True
168862,13,10,True
168863,10,12,True
168864,13,11,True
168866,14,10,True
168868,13,11,True
168870,12,11,True
168872,-1,10,True
168873,13,10,True
168874,10,12,True
168875,13,12,True
168980,14,10,True
168996,4,2,True
168998,4,2,True
169000,4,2,True
169007,4,2,True
169011,4,2,True
169012,10,12,True
169013,-1,10,True
169014,12,11,True
169016,14,10,True
169017,10,12,True
169018,12,11,True
169019,13,12,True
169020,12,11,True
169021,10,12,True
169023,13,11,True
169024,12,11,True
169025,12,11,True
169027,4,2,True
169034,4,2,True
169035,4,2,True
169036,14,10,True
169051,5,3,True
169061,4,2,True
169063,4,2,True
169067,13,11,True
169069,5,3,True
169078,5,3,True
169091,5,3,True
169092,5,3,True
169112,5,3,True
169113,3,5,True
169118,7,-1,True
169139,5,3,True
169143,3,-1,True
169144,3,-1,True
169159,5,3,True
169202,5,3,True
169206,4,2,True
169207,14,10,True
169208,3,5,True
169209,3,5,True
169210,3,5,True
169215,7,-1,True
169221,5,3,True
169249,14,10,True
169250,4,2,True
169286,13,12,True
169287,14,10,True
169288,12,11,True
169430,12,11,True
169431,4,2,True
169436,3,5,True
169437,12,11,True
169438,4,2,True
169440,-1,10,True
169445,3,-1,True
169446,3,-1,True
169447,3,5,True
169454,5,3,True
169456,5,3,True
169458,5,3,True
169478,5,3,True
169479,-1,10,True
169480,10,12,True
169481,4,2,True
169488,14,10,True
169489,10,12,True
169490,4,2,True
169491,13,11,True
169511,5,3,True
169571,-1,10,True
169588,7,-1,True
169589,7,-1,True
169592,10,12,True
169594,13,12,True
169595,13,10,True
169596,10,12,True
169601,4,2,True
169604,8,-1,True
169605,8,-1,True
169606,5,3,True
169613,13,12,True
169614,13,10,True
169615,4,2,True
169623,10,12,True
169625,13,10,True
169626,13,11,True
169627,13,10,True
169628,13,10,True
169629,13,11,True
169630,4,2,True
169637,13,12,True
169638,13,11,True
169640,4,2,True
169641,13,11,True
169642,10,12,True
169644,13,11,True
169645,14,10,True
169646,10,12,True
169647,14,10,True
169648,13,10,True
169649,13,10,True
169650,-1,10,True
169651,13,12,True
169652,13,12,True
169653,13,11,True
169654,12,11,True
169655,-1,10,True
169656,10,12,True
169657,12,11,True
169658,10,12,True
169660,13,10,True
169661,13,11,True
169662,13,10,True
169663,13,11,True
169665,10,12,True
169666,13,11,True
169667,10,12,True
169669,-1,10,True
169670,10,12,True
169672,13,11,True
169680,8,-1,True
169681,8,-1,True
169682,8,-1,True
169683,8,-1,True
169692,-1,10,True
169693,13,12,True
169694,4,2,True
169702,14,10,True
169704,10,12,True
169705,-1,10,True
169707,13,10,True
169708,13,10,True
169709,4,2,True
169715,12,11,True
169716,13,12,True
169717,5,3,True
169720,4,2,True
169723,4,2,True
169724,13,11,True
169725,5,3,True
169731,3,5,True
169750,3,-1,True
169751,3,5,True
169755,4,2,True
169761,4,2,True
169768,4,2,True
169771,7,-1,True
169772,7,-1,True
169775,8,-1,True
169776,8,-1,True
169777,8,-1,True
169794,8,-1,True
169795,8,-1,True
169796,8,-1,True
169797,3,-1,True
169803,5,3,True
169805,13,11,True
169806,13,11,True
169807,12,11,True
169808,14,10,True
169809,4,2,True
169810,8,-1,True
169818,8,-1,True
169830,5,3,True
169846,14,10,True
169847,12,11,True
169870,4,2,True
169893,5,3,True
169916,4,2,True
169921,4,2,True
169928,4,2,True
169956,4,2,True
169961,4,2,True
169979,7,-1,True
169980,7,-1,True
169981,7,-1,True
169982,7,-1,True
169983,7,-1,True
169987,-1,10,True
169989,10,12,True
169991,13,11,True
169992,13,10,True
169993,8,-1,True
169994,7,-1,True
169995,7,-1,True
169996,7,-1,True
170001,5,3,True
170049,5,3,True
170053,8,-1,True
170054,8,-1,True
170055,8,-1,True
170056,3,-1,True
170070,13,11,True
170074,5,3,True
170080,4,2,True
170105,13,12,True
170116,1,-1,True
170120,8,-1,True
170121,8,-1,True
170122,8,-1,True
170126,4,2,True
170127,4,2,True
170128,13,11,True
170193,13,12,True
170194,13,10,True
170206,5,3,True
170210,5,3,True
170268,8,-1,True
170271,8,-1,True
170273,-1,10,True
170274,14,10,True
170275,14,10,True
170276,10,12,True
170277,14,10,True
170278,10,12,True
170280,4,2,True
170289,13,12,True
170290,13,10,True
170292,13,12,True
170293,13,12,True
170294,13,12,True
170295,12,11,True
170296,12,11,True
170297,13,11,True
170311,4,2,True
170312,-1,10,True
170314,13,10,True
170315,13,10,True
170316,13,10,True
170317,14,10,True
170318,10,12,True
170319,13,11,True
170320,12,11,True
170321,13,11,True
170323,10,12,True
170324,10,12,True
170328,13,10,True
170329,12,11,True
170330,13,12,True
170331,10,12,True
170332,12,11,True
170333,13,12,True
170334,13,11,True
170337,13,11,True
170338,12,11,True
170339,10,12,True
170340,13,12,True
170342,13,12,True
170344,14,10,True
170346,4,2,True
170347,4,2,True
170348,14,10,True
170349,-1,10,True
170350,10,12,True
170351,14,10,True
170353,10,12,True
170355,10,12,True
170356,10,12,True
170358,10,12,True
170359,10,12,True
170360,10,12,True
170362,13,12,True
170363,-1,10,True
170364,13,12,True
170365,13,12,True
170366,13,10,True
170367,14,10,True
170368,10,12,True
170370,13,12,True
170372,13,10,True
170373,13,11,True
170374,13,11,True
170375,13,11,True
170376,13,11,True
170377,10,12,True
170378,13,10,True
170379,13,11,True
170380,13,11,True
170396,10,12,True
170397,13,12,True
170398,4,2,True
170399,12,11,True
170401,14,10,True
170402,10,12,True
170421,5,3,True
170428,4,2,True
170441,3,5,True
170442,3,5,True
170453,5,3,True
170456,5,-1,True
170457,7,-1,True
170458,7,-1,True
170459,8,-1,True
170461,5,3,True
170477,4,2,True
170509,4,2,True
170512,-1,10,True
170513,10,12,True
170514,13,12,True
170516,4,2,True
170572,3,5,True
170573,3,5,True
170574,3,5,True
170576,3,5,True
170577,3,5,True
170578,3,5,True
170579,3,5,True
170617,4,2,True
170628,7,-1,True
170629,7,-1,True
170630,7,-1,True
170631,7,-1,True
170646,2,4,True
170647,2,4,True
170648,2,4,True
170649,2,4,True
170650,2,4,True
170651,2,4,True
170652,2,4,True
170653,2,4,True
170654,2,4,True
170655,2,4,True
170656,2,4,True
170657,2,4,True
170658,2,4,True
170659,2,4,True
170660,2,4,True
170661,2,4,True
170662,2,4,True
170663,2,4,True
170664,2,4,True
170665,2,4,True
170666,2,4,True
170667,2,4,True
170668,2,4,True
170669,2,4,True
170670,2,4,True
170671,2,4,True
170672,2,4,True
170673,2,4,True
170674,2,4,True
170675,2,4,True
170676,2,4,True
170677,2,4,True
170678,2,4,True
170679,2,4,True
170680,2,4,True
170681,2,4,True
170682,2,4,True
170683,2,4,True
170684,2,4,True
170685,2,4,True
170686,2,4,True
170687,2,4,True
170688,2,4,True
170689,2,4,True
170690,2,4,True
170691,2,4,True
170692,2,4,True
170693,2,4,True
170694,2,4,True
170695,2,4,True
170696,2,4,True
170697,2,4,True
170698,2,4,True
170699,2,4,True
170700,2,4,True
170701,2,4,True
170702,10,12,True
170703,13,12,True
170704,13,11,True
170706,13,10,True
170708,13,11,True
170709,4,2,True
170770,4,2,True
170771,9,-1,True
170772,4,-1,True
170773,4,2,True
170776,5,3,True
170808,5,3,True
170809,5,3,True
170810,3,5,True
170811,3,5,True
170812,3,5,True
170814,3,5,True
170818,5,3,True
170826,3,5,True
170838,10,12,True
170839,10,12,True
170841,8,-1,True
170852,3,5,True
170863,8,-1,True
170864,8,-1,True
170889,8,-1,True
170890,8,-1,True
170891,8,-1,True
170892,5,3,True
170893,8,-1,True
170894,5,3,True
170915,4,2,True
170922,2,-1,True
170923,2,-1,True
170951,5,3,True
170962,4,2,True
170991,5,3,True
171113,3,5,True
171114,3,5,True
171118,4,2,True
171122,8,-1,True
171132,4,2,True
171142,12,11,True
171144,10,12,True
171145,12,11,True
171146,4,2,True
171147,8,-1,True
171148,8,-1,True
171155,10,12,True
171157,13,12,True
171170,5,3,True
171175,12,11,True
171176,-1,10,True
171177,4,2,True
171188,-1,10,True
171214,5,-1,True
171224,5,-1,True
171226,10,12,True
171232,5,3,True
171234,5,3,True
171239,13,-1,True
171240,13,-1,True
171241,4,2,True
171244,3,5,True
171245,3,5,True
171269,2,4,True
171270,2,4,True
171271,2,4,True
171272,2,4,True
171273,4,2,True
171274,4,2,True
171275,12,11,True
171277,4,2,True
171285,4,2,True
171303,4,2,True
171304,4,2,True
171305,4,2,True
171309,5,3,True
171310,2,4,True
171314,4,2,True
171316,5,-1,True
171325,4,2,True
171335,5,3,True
171354,8,-1,True
171355,8,-1,True
171356,8,-1,True
171357,8,-1,True
171358,8,-1,True
171379,8,-1,True
171380,8,-1,True
171385,5,3,True
171386,4,2,True
171393,13,11,True
171394,13,12,True
171396,13,11,True
171397,10,12,True
171398,3,5,True
171399,3,5,True
171400,4,2,True
171433,4,2,True
171440,4,2,True
171448,5,3,True
171475,5,3,True
171478,4,2,True
171488,10,12,True
171505,4,2,True
171511,10,12,True
171599,14,10,True
171600,12,11,True
171601,13,11,True
171602,14,10,True
171603,-1,12,True
171604,10,12,True
171605,13,-1,True
171606,12,11,True
171607,10,-1,True
171608,13,-1,True
171609,14,10,True
171610,13,10,True
171611,12,11,True
171612,13,12,True
171613,12,11,True
171615,-1,11,True
171616,-1,11,True
171697,14,10,True
171709,8,-1,True
171710,8,-1,True
171711,5,3,True
171721,8,-1,True
171733,13,12,True
171734,10,12,True
171735,13,11,True
171736,14,10,True
171738,13,10,True
171739,13,10,True
171740,13,10,True
171741,13,10,True
171742,12,11,True
171743,10,12,True
171744,13,11,True
171745,-1,10,True
171747,-1,10,True
171748,13,12,True
171749,12,11,True
171750,13,11,True
171751,13,12,True
171752,14,10,True
171753,13,10,True
171754,13,12,True
171757,13,12,True
171758,13,10,True
171759,-1,10,True
171760,4,2,True
171761,4,2,True
171768,13,11,True
171769,13,11,True
171784,8,-1,True
171785,8,-1,True
171786,8,-1,True
171787,8,-1,True
171788,8,-1,True
171789,8,-1,True
171790,5,3,True
171793,13,10,True
171795,13,12,True
171797,10,12,True
171798,10,12,True
171799,12,11,True
171801,4,2,True
171807,4,2,True
171809,4,2,True
171810,6,-1,True
171812,6,-1,True
171828,14,10,True
171829,10,12,True
171830,14,10,True
171831,-1,10,True
171833,13,12,True
171834,13,12,True
171835,13,12,True
171836,14,10,True
171837,-1,10,True
171838,13,11,True
171839,14,10,True
171842,14,10,True
171843,13,10,True
171844,-1,10,True
171845,13,11,True
171846,13,12,True
171847,13,11,True
171848,12,11,True
171850,14,10,True
171851,14,10,True
171852,13,10,True
171853,10,12,True
171854,13,12,True
171870,4,2,True
171886,4,2,True
171889,4,2,True
171890,10,12,True
171892,4,2,True
171897,4,2,True
171910,10,12,True
171911,4,2,True
171912,10,12,True
171913,13,12,True
171914,-1,10,True
171924,3,5,True
171925,3,5,True
171959,7,-1,True
171978,5,3,True
172015,5,3,True
172019,3,5,True
172039,4,2,True
172041,4,2,True
172043,13,11,True
172044,14,10,True
172045,4,2,True
172053,13,11,True
172054,13,10,True
172056,-1,10,True
172057,13,12,True
172058,14,10,True
172059,-1,10,True
172060,12,11,True
172064,4,2,True
172066,12,11,True
172067,-1,10,True
172068,13,11,True
172069,12,11,True
172134,4,2,True
172210,5,3,True
172218,5,3,True
172222,9,-1,True
172233,4,2,True
172234,5,3,True
172235,5,3,True
172239,5,3,True
172293,4,2,True
172299,4,2,True
172300,4,2,True
172301,4,-1,True
172302,9,-1,True
172338,2,-1,True
172339,2,-1,True
172340,2,-1,True
172341,2,-1,True
172344,6,-1,True
172345,6,-1,True
172346,6,-1,True
172347,6,-1,True
172348,6,-1,True
172349,6,-1,True
172357,7,-1,True
172359,8,-1,True
172360,8,-1,True
172361,8,-1,True
172363,7,-1,True
172369,5,3,True
172378,5,3,True
172379,5,3,True
172380,13,12,True
172384,4,2,True
172385,8,-1,True
172386,8,-1,True
172388,12,11,True
172389,13,10,True
172412,14,10,True
172413,13,12,True
172414,4,2,True
172415,13,10,True
172417,12,11,True
172418,4,2,True
172419,4,2,True
172421,13,12,True
172422,4,2,True
172423,10,12,True
172424,14,10,True
172425,5,3,True
172432,4,2,True
172438,4,2,True
172444,5,3,True
172457,2,4,True
172460,4,2,True
172461,5,3,True
172477,5,3,True
172520,7,-1,True
172524,5,3,True
172525,4,2,True
172526,12,11,True
172527,10,12,True
172528,4,2,True
172529,14,10,True
172530,12,11,True
172531,-1,10,True
172532,10,12,True
172533,10,12,True
172539,8,-1,True
172562,5,3,True
172563,13,11,True
172564,4,2,True
172568,13,11,True
172569,13,11,True
172570,14,10,True
172571,-1,10,True
172572,4,2,True
172573,5,3,True
172574,10,-1,True
172575,13,12,True
172576,-1,10,True
172577,-1,10,True
172578,13,12,True
172579,14,10,True
172580,-1,10,True
172581,14,10,True
172582,10,12,True
172583,-1,10,True
172584,10,12,True
172585,12,11,True
172587,10,12,True
172588,10,12,True
172589,12,11,True
172590,13,10,True
172626,4,2,True
172665,5,3,True
172667,4,2,True
172682,4,2,True
172793,2,4,True
172794,2,4,True
172795,2,4,True
172802,4,2,True
172805,8,-1,True
172806,8,-1,True
172807,8,-1,True
172808,8,-1,True
172820,5,3,True
172825,5,3,True
172829,2,4,True
172830,2,4,True
172831,2,4,True
172832,2,4,True
172833,2,4,True
172834,2,4,True
172835,2,4,True
172836,2,4,True
172837,2,4,True
172838,2,4,True
172839,2,4,True
172840,2,4,True
172841,2,4,True
172842,2,4,True
172843,2,4,True
172845,14,10,True
172846,-1,10,True
172847,13,12,True
172848,13,10,True
172849,14,10,True
172850,13,12,True
172851,13,12,True
172853,13,11,True
172854,12,11,True
172855,2,4,True
172856,2,4,True
172857,2,4,True
172858,2,4,True
172859,2,4,True
172860,2,4,True
172861,2,4,True
172862,2,4,True
172863,2,4,True
172864,2,4,True
172865,2,4,True
172866,2,4,True
172867,2,4,True
172868,2,4,True
172869,2,4,True
172870,2,4,True
172871,2,4,True
172872,2,4,True
172873,2,4,True
172874,10,12,True
172877,13,11,True
172878,10,12,True
172879,13,11,True
172880,14,10,True
172885,4,2,True
172887,12,11,True
172888,12,11,True
172889,14,10,True
172913,5,-1,True
172960,5,-1,True
172961,7,-1,True
172965,5,3,True
172974,5,3,True
172983,5,3,True
173003,5,3,True
173004,8,-1,True
173005,8,-1,True
173006,5,3,True
173068,6,-1,True
173069,6,-1,True
173116,2,4,True
173117,2,4,True
173139,5,3,True
173142,8,-1,True
173238,3,5,True
173239,3,5,True
173240,4,2,True
173247,4,2,True
173255,-1,3,True
173261,5,3,True
173270,8,-1,True
173271,8,-1,True
173272,8,-1,True
173273,5,3,True
173284,5,3,True
173308,13,11,True
173310,4,2,True
173314,5,3,True
173366,4,2,True
173371,4,2,True
173372,-1,10,True
173373,13,10,True
173374,12,11,True
173375,10,12,True
173377,-1,10,True
173380,13,10,True
173381,10,12,True
173383,10,12,True
173384,14,10,True
173385,10,12,True
173386,12,11,True
173387,13,11,True
173388,10,12,True
173389,12,11,True
173390,10,12,True
173391,-1,10,True
173392,13,11,True
173393,13,12,True
173395,13,10,True
173397,10,12,True
173398,13,11,True
173399,10,12,True
173400,13,12,True
173402,13,12,True
173403,-1,10,True
173405,12,11,True
173406,10,12,True
173407,13,12,True
173408,14,10,True
173409,-1,10,True
173410,10,12,True
173411,-1,10,True
173412,13,10,True
173414,10,12,True
173415,13,12,True
173416,13,10,True
173417,-1,10,True
173418,13,10,True
173420,13,12,True
173421,-1,10,True
173422,12,11,True
173423,10,12,True
173424,13,12,True
173428,6,-1,True
173429,6,-1,True
173430,6,-1,True
173431,6,-1,True
173432,6,-1,True
173433,6,-1,True
173434,6,-1,True
173435,6,-1,True
173436,6,-1,True
173437,6,-1,True
173438,6,-1,True
173439,6,-1,True
173440,6,-1,True
173441,6,-1,True
173459,6,-1,True
173460,6,-1,True
173461,6,-1,True
173462,6,-1,True
173471,4,2,True
173472,10,12,True
173473,-1,11,True
173474,13,10,True
173475,-1,10,True
173487,13,11,True
173488,13,12,True
173489,4,2,True
173574,5,3,True
173577,13,10,True
173578,13,11,True
173584,8,-1,True
173585,5,3,True
173589,5,3,True
173593,13,11,True
173594,4,2,True
173650,4,2,True
173652,4,2,True
173673,4,2,True
173749,6,-1,True
173750,6,-1,True
173751,6,-1,True
173752,6,-1,True
173849,5,3,True
173850,-1,10,True
173899,10,12,True
173900,4,2,True
173902,4,2,True
173903,4,2,True
173905,8,-1,True
173906,8,-1,True
173907,8,-1,True
173910,4,2,True
173923,5,3,True
173937,4,2,True
173938,14,10,True
173939,13,10,True
173940,10,12,True
173941,10,12,True
173942,10,12,True
173943,5,3,True
173968,8,-1,True
173972,4,2,True
174004,-1,10,True
174006,4,2,True
174007,10,12,True
174008,13,11,True
174009,12,11,True
174013,4,2,True
174014,13,12,True
174015,12,11,True
174016,-1,12,True
174018,13,11,True
174019,13,11,True
174022,4,2,True
174023,12,11,True
174024,14,10,True
174025,10,12,True
174026,12,11,True
174027,12,11,True
174028,-1,10,True
174031,10,12,True
174032,10,12,True
174033,4,2,True
174034,-1,10,True
174035,13,11,True
174036,13,11,True
174037,14,10,True
174038,10,12,True
174039,12,11,True
174040,4,2,True
174041,4,2,True
174043,4,2,True
174044,12,11,True
174045,10,12,True
174047,12,11,True
174048,10,12,True
174049,14,10,True
174051,13,10,True
174053,13,12,True
174054,13,11,True
174055,3,5,True
174056,4,2,True
174058,8,-1,True
174059,8,-1,True
174060,3,-1,True
174062,9,-1,True
174065,4,2,True
174076,3,5,True
174077,3,5,True
174083,3,5,True
174086,3,5,True
174096,4,2,True
174097,10,12,True
174105,4,2,True
174108,5,3,True
174111,5,3,True
174112,5,3,True
174124,5,3,True
174141,4,2,True
174277,8,-1,True
174278,8,-1,True
174279,8,-1,True
174280,8,-1,True
174281,8,-1,True
174282,8,-1,True
174283,8,-1,True
174284,8,-1,True
174285,8,-1,True
174286,8,-1,True
174287,8,-1,True
174288,8,-1,True
174289,8,-1,True
174290,8,-1,True
174291,8,-1,True
174292,8,-1,True
174293,8,-1,True
174294,7,-1,True
174295,7,-1,True
174296,8,-1,True
174297,8,-1,True
174298,8,-1,True
174299,8,-1,True
174300,8,-1,True
174301,8,-1,True
174302,8,-1,True
174303,8,-1,True
174304,8,-1,True
174305,8,-1,True
174306,8,-1,True
174307,8,-1,True
174308,8,-1,True
174309,7,-1,True
174311,-1,10,True
174312,10,12,True
174324,5,3,True
174333,5,3,True
174339,4,2,True
174349,4,2,True
174353,3,5,True
174354,3,5,True
174355,3,5,True
174356,3,5,True
174357,3,5,True
174358,3,5,True
174359,3,5,True
174360,3,5,True
174361,3,5,True
174362,3,5,True
174363,3,5,True
174366,5,3,True
174367,14,10,True
174368,13,11,True
174369,13,11,True
174370,10,12,True
174371,-1,10,True
174372,14,10,True
174373,-1,10,True
174374,-1,12,True
174375,13,12,True
174376,-1,10,True
174378,13,10,True
174379,10,12,True
174380,10,12,True
174382,-1,10,True
174383,12,11,True
174384,12,11,True
174386,-1,10,True
174449,4,2,True
174450,-1,12,True
174451,10,12,True
174452,14,10,True
174453,12,11,True
174454,4,2,True
174455,13,11,True
174458,5,3,True
174459,8,-1,True
174460,8,-1,True
174469,4,2,True
174491,4,2,True
174503,3,-1,True
174504,14,10,True
174506,13,11,True
174507,12,11,True
174509,13,11,True
174510,-1,10,True
174511,10,12,True
174512,12,11,True
174514,13,11,True
174515,10,12,True
174518,4,2,True
174523,4,2,True
174526,13,12,True
174527,4,2,True
174541,-1,1,True
174563,-1,10,True
174564,13,12,True
174566,13,10,True
174567,13,11,True
174568,12,11,True
174569,14,10,True
174570,13,12,True
174571,14,10,True
174588,4,2,True
174590,-1,10,True
174591,4,2,True
174593,12,11,True
174594,13,11,True
174628,9,-1,True
174629,9,-1,True
174632,2,-1,True
174660,13,11,True
174667,5,3,True
174674,5,3,True
174675,7,-1,True
174694,5,3,True
174695,8,-1,True
174700,-1,11,True
174702,14,10,True
174703,10,12,True
174705,4,2,True
174707,13,10,True
174708,13,12,True
174709,10,12,True
174710,10,12,True
174730,4,2,True
174731,10,12,True
174746,5,3,True
174780,2,4,True
174798,4,2,True
174816,14,10,True
174832,5,3,True
174854,4,2,True
174875,4,2,True
174889,4,2,True
174894,4,2,True
174898,4,2,True
175020,5,3,True
175031,13,10,True
175108,5,3,True
175125,10,12,True
175128,12,11,True
175129,4,2,True
175130,4,2,True
175131,10,12,True
175132,13,12,True
175135,13,10,True
175137,4,2,True
175138,4,2,True
175156,4,2,True
175159,12,11,True
175160,4,2,True
175161,4,2,True
175162,5,3,True
175166,7,-1,True
175167,3,-1,True
175168,3,-1,True
175191,5,3,True
175198,5,3,True
175202,8,-1,True
175209,5,3,True
175213,4,2,True
175245,5,3,True
175247,13,10,True
175248,14,10,True
175249,14,10,True
175250,4,2,True
175305,13,10,True
175306,-1,10,True
175307,4,2,True
175316,8,-1,True
175317,8,-1,True
175318,8,-1,True
175319,8,-1,True
175320,5,3,True
175321,4,2,True
175330,5,3,True
175331,4,2,True
175339,12,11,True
175340,10,12,True
175341,10,12,True
175342,-1,10,True
175343,10,12,True
175345,12,11,True
175346,10,-1,True
175347,13,11,True
175367,5,3,True
175368,5,3,True
175369,5,3,True
175373,5,3,True
175379,3,5,True
175380,3,5,True
175381,3,5,True
175398,3,5,True
175399,3,5,True
175400,3,5,True
175401,3,5,True
175402,3,5,True
175403,3,5,True
175409,3,-1,True
175410,3,-1,True
175411,3,-1,True
175412,3,-1,True
175413,3,-1,True
175414,3,-1,True
175415,3,-1,True
175417,3,5,True
175418,3,5,True
175419,3,5,True
175420,3,5,True
175421,3,5,True
175422,3,5,True
175423,3,5,True
175424,3,5,True
175425,3,5,True
175426,3,5,True
175427,3,5,True
175428,3,5,True
175429,2,4,True
175435,-1,10,True
175437,10,12,True
175438,10,12,True
175439,13,11,True
175451,5,3,True
175462,4,2,True
175472,10,12,True
175473,13,10,True
175475,5,3,True
175476,5,3,True
175516,4,2,True
175522,13,10,True
175523,12,11,True
175525,12,11,True
175526,13,11,True
175527,12,11,True
175528,13,12,True
175529,4,2,True
175545,4,2,True
175546,13,11,True
175547,13,11,True
175548,-1,12,True
175549,10,12,True
175550,13,11,True
175551,13,12,True
175552,13,12,True
175556,12,11,True
175571,4,2,True
175572,13,10,True
175573,2,4,True
175574,2,4,True
175575,2,4,True
175576,2,4,True
175577,10,12,True
175578,12,11,True
175579,10,12,True
175581,14,10,True
175582,10,12,True
175583,4,2,True
175588,4,2,True
175589,13,-1,True
175590,13,-1,True
175597,5,3,True
175637,5,3,True
175643,3,-1,True
175660,5,3,True
175664,10,12,True
175665,13,12,True
175666,10,12,True
175667,13,12,True
175668,13,12,True
175669,10,12,True
175670,10,12,True
175671,10,12,True
175673,13,11,True
175674,12,11,True
175675,4,2,True
175676,7,-1,True
175688,13,10,True
175689,13,12,True
175702,4,2,True
175711,4,2,True
175741,4,2,True
175747,12,11,True
175749,4,2,True
175854,4,2,True
175856,14,10,True
175901,2,4,True
175902,2,4,True
175903,2,4,True
175904,2,4,True
175915,2,4,True
175916,2,4,True
175924,9,-1,True
175925,9,-1,True
175932,10,12,True
175933,-1,10,True
175934,4,2,True
175938,4,2,True
175970,5,3,True
175973,5,3,True
175985,13,11,True
175991,-1,10,True
176011,5,3,True
176014,7,-1,True
176015,7,-1,True
176016,8,-1,True
176019,4,2,True
176025,13,11,True
176026,-1,10,True
176027,10,12,True
176028,10,12,True
176029,10,12,True
176030,10,12,True
176031,10,12,True
176032,12,11,True
176033,10,12,True
176034,12,11,True
176035,2,4,True
176065,5,3,True
176171,3,-1,True
176172,3,-1,True
176173,3,-1,True
176174,3,-1,True
176175,3,-1,True
176176,3,-1,True
176177,3,-1,True
176186,13,11,True
176187,-1,12,True
176188,13,10,True
176189,4,2,True
176210,2,4,True
176211,2,4,True
176212,2,4,True
176213,2,4,True
176214,2,4,True
176215,-1,4,True
176216,-1,4,True
176217,-1,4,True
176230,4,2,True
176231,4,2,True
176234,2,4,True
176235,2,4,True
176236,2,4,True
176237,3,5,True
176238,3,5,True
176239,3,5,True
176240,3,5,True
176241,3,5,True
176242,3,5,True
176243,3,5,True
176244,3,5,True
176245,3,5,True
176247,3,5,True
176248,3,5,True
176249,3,5,True
176250,3,5,True
176251,3,5,True
176252,3,5,True
176253,3,5,True
176254,3,5,True
176257,3,5,True
176258,3,5,True
176259,3,5,True
176260,3,5,True
176261,3,5,True
176273,3,5,True
176274,3,5,True
176275,3,5,True
176276,3,5,True
176277,3,5,True
176278,3,5,True
176279,3,5,True
176280,3,5,True
176283,3,5,True
176284,3,5,True
176285,3,5,True
176286,3,5,True
176288,3,5,True
176293,13,10,True
176294,13,12,True
176295,10,12,True
176296,13,12,True
176297,12,11,True
176298,13,12,True
176299,13,11,True
176300,12,11,True
176302,4,2,True
176304,13,11,True
176305,13,12,True
176306,3,5,True
176307,3,5,True
176308,13,12,True
176309,-1,10,True
176310,13,10,True
176311,-1,10,True
176312,14,10,True
176313,14,10,True
176314,13,10,True
176315,-1,10,True
176316,12,11,True
176324,5,3,True
176325,12,11,True
176326,14,10,True
176327,10,12,True
176328,10,12,True
176329,10,12,True
176330,13,12,True
176331,10,12,True
176332,13,11,True
176333,13,12,True
176335,-1,10,True
176336,10,12,True
176337,10,12,True
176338,10,12,True
176339,13,11,True
176340,12,11,True
176341,13,11,True
176342,13,11,True
176345,13,10,True
176346,-1,10,True
176350,4,2,True
176353,9,-1,True
176371,5,3,True
176378,-1,10,True
176380,-1,10,True
176382,10,12,True
176384,13,10,True
176385,13,11,True
176386,13,12,True
176387,13,10,True
176388,13,12,True
176389,10,12,True
176390,13,11,True
176391,13,11,True
176392,13,12,True
176393,13,12,True
176394,12,11,True
176395,13,12,True
176398,13,10,True
176400,13,10,True
176401,13,11,True
176403,5,3,True
176413,5,3,True
176420,13,11,True
176421,-1,10,True
176423,10,12,True
176424,4,2,True
176432,7,-1,True
176433,6,-1,True
176461,10,12,True
176462,10,12,True
176463,13,11,True
176464,13,10,True
176465,10,12,True
176466,13,10,True
176467,13,11,True
176468,13,12,True
176482,8,-1,True
176483,8,-1,True
176484,8,-1,True
176485,8,-1,True
176486,8,-1,True
176487,9,-1,True
176488,9,-1,True
176489,4,2,True
176511,4,2,True
176512,13,10,True
176513,14,10,True
176514,13,11,True
176515,14,10,True
176516,10,12,True
176517,10,12,True
176518,13,10,True
176519,13,10,True
176520,13,10,True
176521,14,10,True
176523,4,2,True
176524,4,2,True
176527,-1,10,True
176528,13,11,True
176536,4,2,True
176537,10,12,True
176538,3,5,True
176539,3,5,True
176540,3,5,True
176541,10,12,True
176542,10,12,True
176543,14,10,True
176544,10,12,True
176545,12,11,True
176546,14,10,True
176547,12,11,True
176548,4,2,True
176549,-1,10,True
176555,7,-1,True
176556,12,11,True
176557,14,10,True
176558,10,12,True
176559,13,12,True
176560,13,10,True
176561,13,11,True
176562,13,10,True
176713,4,2,True
176790,5,3,True
176798,8,-1,True
176834,4,2,True
176849,5,3,True
176850,5,3,True
176883,4,2,True
176885,-1,12,True
176886,-1,12,True
176887,14,10,True
176889,-1,10,True
176891,4,2,True
176893,10,12,True
176894,10,12,True
176895,10,12,True
176896,-1,10,True
176900,3,5,True
176901,3,5,True
176902,3,5,True
176905,4,2,True
176984,14,10,True
176985,-1,10,True
176986,10,12,True
176988,13,11,True
176998,4,2,True
177010,5,3,True
177012,5,3,True
177017,5,3,True
177031,5,3,True
177032,8,-1,True
177033,8,-1,True
177040,8,-1,True
177041,8,-1,True
177042,8,-1,True
177043,8,-1,True
177044,8,-1,True
177049,5,3,True
177053,-1,10,True
177054,4,2,True
177056,4,2,True
177059,13,11,True
177060,4,2,True
177062,10,12,True
177063,10,12,True
177065,13,12,True
177066,10,12,True
177067,10,12,True
177068,14,10,True
177070,13,10,True
177071,13,12,True
177072,4,2,True
177073,13,10,True
177074,12,11,True
177075,10,12,True
177076,4,2,True
177077,14,10,True
177106,5,3,True
177114,5,3,True
177115,4,2,True
177131,5,3,True
177146,3,5,True
177147,3,5,True
177148,3,5,True
177157,4,2,True
177170,5,3,True
177171,2,4,True
177172,2,4,True
177173,3,5,True
177174,3,5,True
177175,3,5,True
177193,5,3,True
177194,13,10,True
177207,5,3,True
177215,5,3,True
177229,7,-1,True
177232,7,-1,True
177236,5,3,True
177312,14,10,True
177313,13,10,True
177314,12,11,True
177315,13,12,True
177316,4,2,True
177324,5,3,True
177342,13,11,True
177359,5,3,True
177360,5,3,True
177390,5,3,True
177510,4,2,True
177516,13,11,True
177518,10,12,True
177519,10,12,True
177535,5,3,True
177536,4,2,True
177539,10,12,True
177540,13,11,True
177548,4,2,True
177554,10,12,True
177556,14,10,True
177557,14,10,True
177558,4,2,True
177603,4,2,True
177657,3,-1,True
177658,3,-1,True
177659,3,-1,True
177660,3,-1,True
177661,3,-1,True
177662,3,-1,True
177663,3,-1,True
177664,3,-1,True
177665,3,-1,True
177668,8,-1,True
177669,8,-1,True
177670,8,-1,True
177671,5,3,True
177696,13,11,True
177697,10,12,True
177700,10,12,True
177707,2,4,True
177708,2,4,True
177710,2,4,True
177711,2,4,True
177712,2,4,True
177713,2,4,True
177727,2,4,True
177728,2,4,True
177729,2,4,True
177730,2,4,True
177731,2,4,True
177732,2,4,True
177733,2,4,True
177734,2,4,True
177735,2,4,True
177742,13,12,True
177743,10,12,True
177744,4,2,True
177753,3,5,True
177759,5,3,True
177769,4,2,True
177773,4,2,True
177774,13,11,True
177775,10,12,True
177776,13,11,True
177777,13,10,True
177778,13,11,True
177779,12,11,True
177780,13,10,True
177781,10,12,True
177782,13,12,True
177783,10,12,True
177785,13,12,True
177786,5,3,True
177787,8,-1,True
177809,5,3,True
177813,5,3,True
177837,4,2,True
177838,5,3,True
177839,5,3,True
177875,4,2,True
177902,4,2,True
177903,4,2,True
177957,5,3,True
177958,-1,1,True
177959,-1,1,True
177960,-1,1,True
177961,-1,1,True
177962,-1,1,True
177970,4,2,True
177982,5,3,True
178004,4,2,True
178005,2,-1,True
178006,2,-1,True
178008,2,4,True
178009,2,4,True
178010,4,2,True
178011,10,12,True
178013,13,-1,True
178014,10,-1,True
178015,13,-1,True
178016,13,11,True
178017,4,2,True
178018,4,2,True
178019,4,2,True
178022,4,2,True
178035,3,5,True
178036,3,5,True
178037,3,5,True
178038,3,5,True
178039,12,11,True
178041,10,12,True
178042,10,12,True
178043,10,12,True
178044,-1,10,True
178045,4,2,True
178057,4,2,True
178058,8,-1,True
178059,8,-1,True
178072,12,11,True
178074,12,11,True
178075,13,11,True
178077,12,11,True
178078,10,12,True
178079,13,10,True
178080,14,10,True
178082,14,10,True
178086,3,5,True
178089,8,-1,True
178090,8,-1,True
178091,5,3,True
178092,8,-1,True
178095,5,3,True
178107,4,2,True
178139,4,2,True
178216,4,2,True
178217,12,11,True
178218,12,11,True
178219,14,10,True
178220,-1,10,True
178221,13,11,True
178243,10,12,True
178244,13,12,True
178246,4,2,True
178252,5,3,True
178386,4,2,True
178391,4,2,True
178404,5,3,True
178412,4,2,True
178413,14,10,True
178414,10,12,True
178416,-1,10,True
178417,4,2,True
178418,4,2,True
178423,5,3,True
178430,-1,5,True
178431,3,5,True
178432,3,5,True
178433,3,5,True
178436,-1,1,True
178477,4,2,True
178488,10,12,True
178489,4,2,True
178490,4,2,True
178491,-1,11,True
178493,10,12,True
178494,13,11,True
178495,14,10,True
178496,4,2,True
178497,4,2,True
178499,10,12,True
178501,13,12,True
178502,10,12,True
178504,4,2,True
178518,4,2,True
178519,14,10,True
178520,14,10,True
178521,13,12,True
178522,14,10,True
178523,14,10,True
178524,14,10,True
178525,10,12,True
178526,14,10,True
178528,14,10,True
178530,4,2,True
178531,13,12,True
178532,12,11,True
178533,4,2,True
178534,13,11,True
178554,5,3,True
178556,12,11,True
178579,3,-1,True
178580,4,2,True
178591,8,-1,True
178593,8,-1,True
178595,5,3,True
178601,3,5,True
178602,3,5,True
178603,3,5,True
178622,4,2,True
178625,2,4,True
178626,2,4,True
178627,2,4,True
178639,5,3,True
178644,5,3,True
178655,5,3,True
178662,-1,4,True
178663,4,2,True
178665,5,3,True
178666,4,2,True
178696,4,2,True
178749,10,12,True
178750,14,10,True
178751,12,11,True
178752,13,10,True
178753,14,10,True
178754,12,11,True
178755,4,2,True
178884,5,3,True
178907,5,3,True
178923,9,-1,True
178924,9,-1,True
178925,9,-1,True
178926,9,-1,True
178927,9,-1,True
178928,9,-1,True
178929,9,-1,True
178930,9,-1,True
178931,4,-1,True
178934,10,12,True
178935,13,10,True
178936,-1,10,True
178938,10,12,True
178940,-1,10,True
178941,10,12,True
178943,-1,10,True
178944,10,12,True
178945,13,11,True
178946,13,12,True
178947,13,10,True
178948,13,12,True
178949,13,10,True
178951,10,12,True
178953,14,10,True
178954,10,12,True
178955,10,12,True
178959,13,12,True
178960,13,10,True
178961,12,11,True
178962,14,-1,True
178963,10,-1,True
178964,5,3,True
178965,5,3,True
178966,5,3,True
178982,4,2,True
178983,10,12,True
178985,12,11,True
178986,13,11,True
178987,13,10,True
178988,13,12,True
178989,12,11,True
178990,13,10,True
178991,10,12,True
178992,-1,10,True
178993,10,12,True
178994,10,12,True
178995,13,12,True
178997,13,12,True
178998,10,12,True
178999,14,10,True
179000,13,12,True
179001,10,12,True
179003,4,2,True
179004,-1,10,True
179005,14,10,True
179006,13,10,True
179008,10,12,True
179010,4,2,True
179013,9,-1,True
179014,9,-1,True
179015,9,-1,True
179016,9,-1,True
179017,9,-1,True
179018,9,-1,True
179019,9,-1,True
179020,9,-1,True
179021,9,-1,True
179022,9,-1,True
179024,5,3,True
179025,10,-1,True
179026,12,-1,True
179027,10,-1,True
179028,13,-1,True
179029,4,2,True
179031,13,11,True
179032,4,2,True
179052,3,5,True
179053,3,5,True
179054,3,5,True
179055,3,5,True
179056,3,5,True
179057,3,5,True
179058,3,5,True
179063,5,3,True
179064,4,2,True
179076,2,4,True
179077,2,4,True
179078,2,4,True
179082,4,2,True
179083,13,10,True
179084,13,11,True
179085,13,11,True
179086,10,12,True
179120,5,3,True
179123,7,-1,True
179124,7,-1,True
179125,7,-1,True
179131,4,2,True
179132,13,10,True
179133,-1,10,True
179143,4,2,True
179147,8,-1,True
179148,8,-1,True
179171,13,11,True
179172,13,11,True
179174,-1,10,True
179175,13,10,True
179296,5,-1,True
179299,4,2,True
179307,4,2,True
179315,4,2,True
179316,5,3,True
179318,10,12,True
179319,14,10,True
179320,12,11,True
179325,5,3,True
179388,14,10,True
179389,10,12,True
179390,13,11,True
179391,13,12,True
179392,2,4,True
179393,2,4,True
179394,2,4,True
179395,2,4,True
179396,2,4,True
179397,2,4,True
179404,13,11,True
179405,13,11,True
179406,10,12,True
179407,10,12,True
179409,14,10,True
179410,13,11,True
179411,13,11,True
179414,13,11,True
179415,14,10,True
179416,10,12,True
179417,10,12,True
179418,10,12,True
179420,13,12,True
179421,13,12,True
179422,-1,10,True
179462,4,2,True
179510,4,2,True
179530,3,5,True
179532,3,5,True
179533,3,5,True
179534,3,5,True
179535,3,5,True
179536,3,5,True
179537,3,5,True
179538,3,5,True
179539,3,5,True
179540,3,5,True
179541,3,5,True
179542,3,5,True
179560,4,2,True
179562,8,-1,True
179563,8,-1,True
179564,8,-1,True
179570,5,3,True
179571,14,10,True
179572,4,2,True
179577,5,3,True
179578,5,3,True
179584,5,3,True
179586,12,11,True
179587,4,2,True
179588,14,10,True
179589,4,2,True
179590,7,-1,True
179591,7,-1,True
179592,8,-1,True
179593,8,-1,True
179594,8,-1,True
179595,8,-1,True
179596,4,2,True
179597,13,11,True
179598,10,12,True
179599,-1,10,True
179600,12,11,True
179602,12,11,True
179603,14,10,True
179627,3,5,True
179657,8,-1,True
179658,8,-1,True
179671,5,3,True
179672,3,5,True
179675,5,-1,True
179677,5,3,True
179682,13,10,True
179683,13,11,True
179684,13,11,True
179685,12,11,True
179686,12,11,True
179688,13,11,True
179689,12,11,True
179690,10,12,True
179701,4,2,True
179710,4,2,True
179728,4,2,True
179729,4,2,True
179732,5,3,True
179733,4,2,True
179734,4,2,True
179736,5,3,True
179754,13,10,True
179763,4,2,True
179766,4,2,True
179770,14,10,True
179771,4,2,True
179774,5,3,True
179789,4,2,True
179794,5,3,True
179822,9,-1,True
179823,4,-1,True
179827,5,3,True
179828,4,2,True
179829,3,5,True
179830,3,5,True
179831,3,5,True
179832,3,5,True
179833,3,5,True
179843,-1,10,True
179844,14,10,True
179845,13,10,True
179846,14,10,True
179847,10,12,True
179849,12,11,True
179850,12,11,True
179852,13,11,True
179854,14,10,True
179855,14,10,True
179856,10,12,True
179857,14,10,True
179858,5,3,True
179866,4,2,True
179873,3,5,True
179880,4,2,True
179882,7,-1,True
179883,7,-1,True
179888,5,3,True
179909,4,2,True
179974,14,10,True
179975,14,10,True
179977,13,12,True
179978,4,2,True
180011,4,2,True
180012,4,2,True
180013,4,2,True
180017,-1,10,True
180024,5,3,True
180025,5,3,True
180026,5,3,True
180034,13,11,True
180035,13,11,True
180036,13,12,True
180037,13,10,True
180038,5,3,True
180073,13,12,True
180074,10,12,True
180075,10,12,True
180076,13,11,True
180077,-1,10,True
180079,4,2,True
180138,14,10,True
180139,12,11,True
180140,4,2,True
180157,4,2,True
180170,13,11,True
180173,10,12,True
180174,12,11,True
180176,13,12,True
180177,4,2,True
180179,12,11,True
180180,10,12,True
180187,13,10,True
180188,13,11,True
180189,4,2,True
180194,10,12,True
180195,14,10,True
180196,14,10,True
180197,4,2,True
180198,12,11,True
180199,14,10,True
180200,13,12,True
180201,14,10,True
180202,5,3,True
180212,5,3,True
180221,5,3,True
180223,5,3,True
180255,2,4,True
180260,5,3,True
180272,3,5,True
180273,3,5,True
180274,3,5,True
180275,3,5,True
180276,3,5,True
180283,5,3,True
180301,13,10,True
180302,13,10,True
180311,5,3,True
180319,5,3,True
180349,-1,10,True
180352,6,-1,True
180353,6,-1,True
180357,6,-1,True
180410,3,5,True
180411,3,5,True
180412,3,5,True
180413,3,5,True
180414,3,5,True
180415,3,5,True
180416,3,5,True
180417,3,5,True
180423,5,3,True
180424,2,4,True
180425,2,4,True
180426,2,4,True
180427,2,4,True
180433,13,12,True
180434,13,12,True
180435,10,12,True
180436,13,11,True
180437,14,10,True
180438,10,12,True
180439,12,11,True
180440,4,2,True
180450,13,12,True
180451,13,11,True
180452,13,12,True
180470,8,-1,True
180471,8,-1,True
180472,8,-1,True
180473,8,-1,True
180477,4,2,True
180478,13,12,True
180479,14,10,True
180480,14,10,True
180481,10,12,True
180483,13,12,True
180484,10,12,True
180485,14,10,True
180486,13,10,True
180487,12,11,True
180488,13,12,True
180489,-1,10,True
180490,10,12,True
180491,14,10,True
180493,13,10,True
180494,-1,10,True
180495,13,11,True
180496,13,10,True
180497,10,12,True
180498,12,11,True
180541,5,3,True
180562,4,2,True
180564,5,3,True
180630,5,3,True
180655,7,-1,True
180656,7,-1,True
180670,-1,10,True
180671,13,11,True
180685,13,-1,True
180686,14,-1,True
180687,13,-1,True
180688,10,-1,True
180689,13,-1,True
180690,13,-1,True
180726,5,3,True
180735,3,5,True
180736,3,5,True
180737,3,5,True
180738,3,5,True
180739,3,5,True
180740,4,2,True
180741,4,2,True
180751,4,2,True
180752,4,2,True
180753,13,11,True
180754,13,12,True
180755,-1,10,True
180756,14,10,True
180768,4,2,True
180772,4,2,True
180773,13,11,True
180774,-1,10,True
180775,13,12,True
180796,5,3,True
180797,12,11,True
180798,4,2,True
180799,5,3,True
180800,10,-1,True
180801,12,11,True
180802,14,10,True
180803,13,11,True
180804,13,10,True
180812,5,3,True
180815,5,3,True
180821,10,12,True
180822,4,2,True
180826,3,5,True
180859,3,5,True
180860,2,4,True
180861,2,4,True
180862,2,4,True
180870,4,2,True
180903,8,-1,True
180904,8,-1,True
180905,8,-1,True
180906,8,-1,True
180908,4,2,True
180909,-1,10,True
180910,5,3,True
180923,-1,10,True
180924,10,12,True
180925,4,2,True
180946,4,2,True
180950,4,2,True
180971,5,3,True
180975,4,2,True
180984,4,2,True
180999,4,2,True
181073,5,3,True
181087,4,2,True
181088,4,2,True
181089,13,12,True
181090,13,10,True
181091,10,12,True
181092,13,12,True
181094,12,11,True
181095,-1,10,True
181096,4,2,True
181097,14,10,True
181098,4,2,True
181099,13,12,True
181100,4,2,True
181105,14,10,True
181106,13,11,True
181108,12,11,True
181109,14,10,True
181110,10,12,True
181111,14,10,True
181112,13,11,True
181129,10,12,True
181131,13,11,True
181133,-1,10,True
181134,10,-1,True
181154,4,2,True
181183,4,2,True
181217,5,3,True
181238,4,2,True
181239,8,-1,True
181240,8,-1,True
181241,5,3,True
181275,8,-1,True
181276,5,3,True
181283,7,-1,True
181354,4,2,True
181358,4,2,True
181361,4,2,True
181375,10,12,True
181376,10,12,True
181377,13,12,True
181379,10,12,True
181380,4,2,True
181381,10,12,True
181382,13,12,True
181383,4,2,True
181407,13,11,True
181408,4,2,True
181411,3,5,True
181412,3,5,True
181415,4,2,True
181416,-1,10,True
181417,13,12,True
181418,10,12,True
181419,10,12,True
181420,13,11,True
181422,9,-1,True
181423,9,-1,True
181442,9,-1,True
181443,5,3,True
181445,5,3,True
181454,13,10,True
181460,8,-1,True
181479,4,2,True
181481,5,3,True
181490,5,3,True
181498,5,3,True
181501,13,10,True
181502,10,12,True
181503,13,12,True
181504,-1,10,True
181505,13,12,True
181506,13,10,True
181507,12,11,True
181508,13,10,True
181509,4,2,True
181510,5,3,True
181511,4,2,True
181512,10,12,True
181515,10,12,True
181516,13,11,True
181517,4,2,True
181518,13,10,True
181546,5,3,True
181561,4,2,True
181574,4,2,True
181597,4,2,True
181726,7,-1,True
181727,7,-1,True
181728,7,-1,True
181729,7,-1,True
181730,7,-1,True
181731,7,-1,True
181732,7,-1,True
181733,7,-1,True
181734,7,-1,True
181747,5,3,True
181756,5,3,True
181773,5,3,True
181775,2,4,True
181776,2,4,True
181777,2,4,True
181778,2,4,True
181779,2,4,True
181780,2,4,True
181781,2,4,True
181801,8,-1,True
181802,8,-1,True
181803,8,-1,True
181811,4,2,True
181822,4,2,True
181824,4,2,True
181825,4,2,True
181829,4,2,True
181835,4,2,True
181839,5,3,True
181840,3,-1,True
181841,10,12,True
181842,10,12,True
181843,13,11,True
181844,12,11,True
181845,4,2,True
181846,9,-1,True
181847,9,-1,True
181848,9,-1,True
181849,9,-1,True
181852,3,5,True
181853,3,5,True
181854,3,5,True
181856,3,5,True
181857,3,5,True
181864,5,3,True
181896,3,5,True
181897,3,5,True
181898,3,5,True
181899,3,5,True
181908,7,-1,True
181909,7,-1,True
181910,7,-1,True
181911,3,-1,True
181912,3,-1,True
181913,8,-1,True
181914,5,3,True
181917,14,10,True
181977,14,10,True
181978,4,2,True
182025,5,3,True
182026,4,2,True
182091,4,2,True
182093,14,10,True
182105,4,2,True
182155,4,2,True
182157,10,12,True
182158,4,2,True
182161,13,12,True
182162,14,10,True
182165,5,3,True
182166,8,-1,True
182167,8,-1,True
182174,5,3,True
182176,5,3,True
182186,4,2,True
182193,-1,3,True
182200,13,10,True
182201,13,10,True
182202,10,12,True
182203,14,10,True
182204,12,11,True
182205,13,12,True
182206,10,12,True
182207,14,10,True
182209,4,2,True
182210,13,12,True
182211,10,12,True
182212,4,2,True
182216,5,3,True
182283,6,-1,True
182284,6,-1,True
182285,9,-1,True
182286,9,-1,True
182287,9,-1,True
182288,9,-1,True
182289,9,-1,True
182305,5,3,True
182315,7,-1,True
182316,7,-1,True
182317,7,-1,True
182319,13,11,True
182321,13,12,True
182322,14,10,True
182323,14,10,True
182324,-1,10,True
182325,14,10,True
182326,10,12,True
182327,4,2,True
182330,5,3,True
182333,4,2,True
182334,13,10,True
182335,13,11,True
182336,13,12,True
182350,13,10,True
182351,10,12,True
182352,13,12,True
182353,10,12,True
182354,13,11,True
182355,13,11,True
182356,13,12,True
182357,10,12,True
182358,13,12,True
182359,12,11,True
182360,4,2,True
182363,13,12,True
182365,13,10,True
182366,13,11,True
182367,4,2,True
182399,4,2,True
182415,4,2,True
182489,5,-1,True
182490,8,-1,True
182491,8,-1,True
182492,8,-1,True
182493,5,-1,True
182494,8,-1,True
182495,8,-1,True
182496,8,-1,True
182497,5,-1,True
182500,5,-1,True
182502,5,3,True
182509,8,-1,True
182510,8,-1,True
182511,8,-1,True
182513,8,-1,True
182514,8,-1,True
182515,8,-1,True
182516,8,-1,True
182517,8,-1,True
182527,4,2,True
182532,13,10,True
182533,-1,10,True
182534,13,10,True
182535,14,10,True
182544,5,3,True
182557,13,11,True
182558,13,11,True
182559,13,12,True
182560,4,2,True
182564,-1,0,True
182577,2,4,True
182578,2,4,True
182579,2,4,True
182580,2,4,True
182581,4,2,True
182588,7,-1,True
182593,5,3,True
182655,3,-1,True
182677,5,3,True
182679,8,-1,True
182700,10,12,True
182701,13,11,True
182702,4,2,True
182703,5,3,True
182706,5,3,True
182708,5,3,True
182709,12,11,True
182710,-1,10,True
182712,14,10,True
182715,10,12,True
182716,12,11,True
182717,13,10,True
182718,4,2,True
182719,13,10,True
182720,4,2,True
182721,10,12,True
182722,10,12,True
182723,10,12,True
182725,10,12,True
182732,12,11,True
182733,4,2,True
182762,10,12,True
182763,13,11,True
182764,13,11,True
182765,10,12,True
182766,10,12,True
182768,12,11,True
182769,4,2,True
182771,4,2,True
182774,13,11,True
182775,13,12,True
182776,13,11,True
182777,10,12,True
182778,10,12,True
182779,10,12,True
182780,14,10,True
182782,14,10,True
182783,10,12,True
182784,13,11,True
182786,14,10,True
182787,10,12,True
182788,12,11,True
182792,4,2,True
182808,3,5,True
182809,3,5,True
182810,3,5,True
182811,3,5,True
182812,13,12,True
182813,4,2,True
182815,-1,11,True
182816,13,10,True
182817,14,10,True
182818,14,10,True
182819,12,11,True
182821,10,12,True
182822,13,12,True
182823,12,11,True
182824,14,10,True
182826,14,10,True
182827,13,10,True
182828,14,10,True
182829,-1,10,True
182830,10,12,True
182831,12,11,True
182832,10,12,True
182833,13,12,True
182835,10,12,True
182837,14,10,True
182838,13,10,True
182839,4,2,True
182840,-1,10,True
182841,13,10,True
182843,13,11,True
182844,10,12,True
182845,-1,10,True
182846,10,12,True
182847,-1,10,True
182848,14,10,True
182849,13,11,True
182850,14,10,True
182852,14,10,True
182854,10,12,True
182855,12,11,True
182856,4,2,True
182857,12,11,True
182858,10,12,True
182859,-1,10,True
182860,4,2,True
182861,5,3,True
182867,5,3,True
182868,3,5,True
182874,4,2,True
182875,4,2,True
182878,4,2,True
182888,5,3,True
182906,5,3,True
182907,3,5,True
182908,3,5,True
182909,3,5,True
182910,3,5,True
182911,3,5,True
182912,3,5,True
182913,3,5,True
182914,3,5,True
182923,4,2,True
182924,7,-1,True
182925,7,-1,True
182928,4,2,True
182929,9,-1,True
182930,9,-1,True
182931,9,-1,True
182932,9,-1,True
182933,13,12,True
182934,13,10,True
182935,-1,10,True
182936,10,12,True
182937,9,-1,True
182963,5,3,True
182976,5,3,True
182978,-1,10,True
182979,13,12,True
182981,12,11,True
182982,-1,10,True
182983,13,12,True
182984,13,11,True
182985,4,2,True
182990,8,-1,True
182991,8,-1,True
182994,-1,10,True
182996,12,11,True
182998,13,12,True
182999,13,11,True
183001,12,11,True
183006,5,3,True
183007,5,3,True
183013,4,2,True
183023,13,10,True
183024,4,2,True
183047,12,11,True
183048,12,11,True
183049,13,11,True
183050,10,12,True
183051,13,10,True
183052,10,12,True
183053,14,10,True
183057,5,3,True
183073,4,2,True
183075,5,3,True
183080,4,2,True
183104,13,11,True
183136,4,2,True
183138,4,2,True
183165,4,2,True
183236,2,-1,True
183240,2,-1,True
183244,2,4,True
183245,2,4,True
183260,10,-1,True
183263,12,11,True
183264,14,-1,True
183303,5,3,True
183331,-1,10,True
183372,5,3,True
183374,13,10,True
183375,-1,10,True
183376,10,12,True
183377,12,11,True
183378,-1,10,True
183382,5,3,True
183385,5,3,True
183398,4,2,True
183404,5,-1,True
183405,7,-1,True
183406,7,-1,True
183407,7,-1,True
183409,7,-1,True
183410,5,3,True
183413,4,2,True
183418,8,-1,True
183429,10,12,True
183454,3,5,True
183455,3,5,True
183456,3,5,True
183457,3,5,True
183458,3,5,True
183459,3,5,True
183460,3,5,True
183461,3,5,True
183462,3,5,True
183463,3,5,True
183493,13,11,True
183494,13,10,True
183495,10,12,True
183496,10,12,True
183500,13,12,True
183504,4,2,True
183505,13,11,True
183506,13,10,True
183511,13,11,True
183512,10,12,True
183513,10,12,True
183514,10,12,True
183515,13,10,True
183520,8,-1,True
183521,8,-1,True
183522,5,-1,True
183523,8,-1,True
183524,8,-1,True
183552,4,2,True
183553,5,3,True
183555,5,3,True
183556,5,3,True
183560,5,3,True
183568,5,3,True
183573,3,5,True
183574,3,5,True
183581,5,3,True
183596,5,3,True
183602,5,3,True
183603,5,3,True
183606,4,2,True
183607,10,12,True
183608,10,12,True
183609,13,12,True
183610,10,12,True
183611,13,11,True
183613,12,11,True
183614,13,10,True
183640,8,-1,True
183641,8,-1,True
183642,8,-1,True
183649,5,3,True
183660,5,3,True
183675,4,2,True
183698,4,2,True
183699,4,2,True
183825,5,3,True
183827,5,3,True
183835,4,2,True
183840,13,10,True
183841,13,11,True
183842,13,12,True
183843,14,10,True
183846,10,12,True
183847,10,12,True
183848,13,12,True
183849,5,3,True
183856,8,-1,True
183857,8,-1,True
183858,8,-1,True
183859,8,-1,True
183860,8,-1,True
183861,8,-1,True
183862,8,-1,True
183863,8,-1,True
183864,8,-1,True
183865,8,-1,True
183866,8,-1,True
183886,5,3,True
183888,8,-1,True
183889,8,-1,True
183890,8,-1,True
183909,4,2,True
183921,5,3,True
183922,4,2,True
183923,4,2,True
183924,13,10,True
183927,2,4,True
183928,2,4,True
183929,5,3,True
183935,4,2,True
183944,12,11,True
183945,13,12,True
183946,13,11,True
183947,-1,10,True
183948,13,10,True
183949,12,11,True
183950,10,12,True
183951,13,10,True
183952,13,11,True
183954,14,10,True
183955,13,11,True
183983,4,2,True
183984,5,3,True
183991,5,3,True
184067,4,2,True
184097,4,2,True
184098,6,-1,True
184100,6,-1,True
184101,9,-1,True
184102,9,-1,True
184103,9,-1,True
184104,9,-1,True
184105,9,-1,True
184106,9,-1,True
184107,9,-1,True
184108,9,-1,True
184109,4,-1,True
184110,7,-1,True
184111,5,-1,True
184115,8,-1,True
184116,5,3,True
184130,5,3,True
184146,3,5,True
184147,3,5,True
184148,3,5,True
184149,3,5,True
184155,8,-1,True
184156,8,-1,True
184157,8,-1,True
184170,4,2,True
184171,8,-1,True
184172,8,-1,True
184191,5,3,True
184202,4,2,True
184204,5,3,True
184335,8,-1,True
184336,8,-1,True
184337,8,-1,True
184348,10,-1,True
184371,4,2,True
184376,14,10,True
184377,12,11,True
184378,4,2,True
184381,5,3,True
184383,4,2,True
184384,5,3,True
184386,5,3,True
184396,10,12,True
184397,10,12,True
184398,-1,10,True
184399,12,11,True
184400,13,11,True
184401,12,11,True
184402,13,10,True
184403,10,12,True
184423,4,2,True
184432,4,2,True
184440,10,12,True
184441,4,2,True
184442,4,2,True
184445,4,2,True
184446,4,2,True
184460,5,3,True
184482,3,5,True
184483,5,3,True
184493,6,-1,True
184495,6,-1,True
184520,4,2,True
184528,5,3,True
184532,8,-1,True
184533,8,-1,True
184548,5,3,True
184551,4,2,True
184692,8,-1,True
184693,8,-1,True
184694,3,5,True
184695,3,5,True
184697,5,3,True
184734,5,3,True
184744,4,2,True
184745,10,12,True
184746,10,12,True
184747,13,12,True
184757,4,2,True
184758,4,2,True
184759,4,2,True
184765,4,2,True
184770,-1,10,True
184771,4,2,True
184780,14,10,True
184781,13,12,True
184782,-1,10,True
184783,10,12,True
184784,4,2,True
184861,5,3,True
184863,5,3,True
184866,5,3,True
184867,5,3,True
184868,10,12,True
184870,10,12,True
184871,4,2,True
184890,13,12,True
184891,13,11,True
184912,5,3,True
184920,4,2,True
184923,8,-1,True
184924,8,-1,True
184926,7,-1,True
184927,7,-1,True
184928,7,-1,True
184929,7,-1,True
184933,14,10,True
184934,-1,10,True
184935,12,11,True
184936,4,2,True
184953,4,2,True
184961,-1,10,True
184964,-1,10,True
184965,-1,10,True
184966,12,11,True
184968,10,12,True
184969,13,12,True
184971,10,12,True
184972,12,11,True
184973,13,12,True
184974,10,12,True
184975,10,12,True
184976,10,12,True
184977,10,12,True
184978,14,10,True
184979,10,12,True
184980,13,10,True
184981,13,10,True
184982,14,10,True
184983,13,11,True
184984,13,12,True
185002,5,3,True
185005,10,12,True
185039,4,2,True
185055,5,3,True
185077,5,3,True
185087,13,11,True
185089,3,-1,True
185090,3,5,True
185100,5,3,True
185111,4,2,True
185136,8,-1,True
185137,8,-1,True
185138,8,-1,True
185139,8,-1,True
185140,8,-1,True
185141,8,-1,True
185142,8,-1,True
185143,8,-1,True
185144,8,-1,True
185145,8,-1,True
185146,8,-1,True
185147,8,-1,True
185148,8,-1,True
185149,8,-1,True
185180,8,-1,True
185182,4,2,True
185196,5,3,True
185232,10,12,True
185233,12,11,True
185285,4,2,True
185291,4,2,True
185324,4,2,True
185429,4,2,True
185430,13,10,True
185431,13,10,True
185433,-1,10,True
185435,-1,10,True
185450,10,12,True
185451,12,11,True
185452,13,12,True
185453,10,12,True
185454,13,12,True
185475,3,5,True
185491,5,3,True
185497,-1,10,True
185498,13,12,True
185499,13,10,True
185500,12,11,True
185501,10,12,True
185515,13,11,True
185516,14,10,True
185518,14,10,True
185548,4,2,True
185559,5,3,True
185581,5,3,True
185582,5,3,True
185584,5,3,True
185588,5,3,True
185624,7,-1,True
185638,4,2,True
185649,4,2,True
185652,10,12,True
185653,14,10,True
185654,14,10,True
185655,-1,10,True
185656,12,11,True
185660,13,12,True
185661,10,12,True
185662,14,10,True
185663,13,10,True
185664,-1,10,True
185665,13,12,True
185666,10,12,True
185667,13,12,True
185668,12,11,True
185669,10,12,True
185670,12,11,True
185671,-1,10,True
185673,4,2,True
185676,13,11,True
185678,-1,10,True
185679,13,12,True
185680,10,12,True
185681,10,12,True
185682,-1,10,True
185683,10,12,True
185684,12,11,True
185685,-1,10,True
185686,13,12,True
185688,14,10,True
185689,10,12,True
185691,14,10,True
185693,13,10,True
185694,4,2,True
185702,4,2,True
185706,5,3,True
185708,4,2,True
185709,13,12,True
185711,10,12,True
185712,10,12,True
185713,10,12,True
185714,10,12,True
185715,13,11,True
185716,-1,10,True
185718,13,12,True
185723,3,5,True
185731,3,5,True
185732,3,5,True
185733,3,5,True
185741,3,5,True
185742,3,5,True
185743,3,5,True
185749,3,5,True
185766,5,3,True
185767,4,2,True
185774,10,12,True
185775,13,10,True
185776,13,10,True
185783,4,2,True
185784,5,3,True
185857,13,12,True
185858,10,12,True
185870,4,2,True
185871,2,4,True
185872,2,4,True
185873,2,4,True
185874,2,4,True
185875,2,4,True
185876,2,4,True
185877,2,4,True
185878,2,4,True
185886,14,10,True
185887,13,10,True
185888,10,12,True
185889,-1,10,True
185890,10,12,True
185891,13,12,True
185893,-1,10,True
185894,12,11,True
185895,13,11,True
185896,13,11,True
185897,12,11,True
185899,-1,10,True
185900,14,10,True
185901,12,11,True
185902,12,11,True
185903,12,11,True
185905,10,12,True
185906,12,11,True
185907,-1,10,True
185908,14,10,True
185909,14,10,True
185911,10,12,True
185912,14,10,True
185913,13,12,True
185914,13,12,True
185915,10,12,True
185917,14,10,True
185918,14,10,True
185919,4,2,True
185928,13,11,True
185929,13,10,True
185930,14,10,True
185932,13,11,True
185933,12,11,True
185934,-1,10,True
185935,12,11,True
185936,12,11,True
185938,12,11,True
185939,-1,10,True
185940,-1,10,True
185942,13,10,True
185943,13,10,True
185945,4,2,True
185951,13,10,True
185952,10,12,True
185953,13,11,True
185954,13,12,True
185955,10,12,True
185956,10,12,True
185957,12,11,True
185959,10,12,True
185960,13,11,True
185961,12,11,True
185962,10,12,True
185963,4,2,True
185964,4,2,True
185965,8,-1,True
185966,5,3,True
185967,8,-1,True
185980,5,3,True
185988,5,3,True
185995,12,11,True
185997,10,12,True
185999,10,12,True
186000,-1,10,True
186001,-1,10,True
186003,14,10,True
186004,13,12,True
186005,13,10,True
186006,12,11,True
186007,13,12,True
186008,-1,10,True
186009,-1,10,True
186011,-1,10,True
186012,13,11,True
186013,13,10,True
186014,-1,10,True
186015,10,12,True
186016,10,12,True
186017,10,12,True
186019,10,12,True
186080,10,12,True
186081,10,12,True
186082,14,10,True
186083,10,12,True
186084,13,10,True
186085,3,5,True
186086,3,5,True
186087,3,5,True
186099,13,10,True
186100,10,12,True
186101,13,11,True
186102,-1,10,True
186128,8,-1,True
186129,8,-1,True
186130,8,-1,True
186131,8,-1,True
186144,13,11,True
186145,10,12,True
186146,13,12,True
186147,12,11,True
186149,13,12,True
186150,4,2,True
186172,9,-1,True
186173,9,-1,True
186174,9,-1,True
186175,9,-1,True
186176,9,-1,True
186177,9,-1,True
186178,9,-1,True
186179,9,-1,True
186186,4,2,True
186187,9,-1,True
186188,9,-1,True
186190,4,2,True
186191,12,11,True
186216,4,2,True
186218,4,2,True
186222,3,5,True
186223,12,11,True
186224,12,11,True
186225,4,2,True
186232,10,12,True
186233,14,10,True
186239,7,-1,True
186240,7,-1,True
186241,7,-1,True
186252,4,2,True
186253,8,-1,True
186256,3,-1,True
186257,3,-1,True
186258,3,-1,True
186259,3,-1,True
186260,3,-1,True
186261,3,-1,True
186262,3,-1,True
186296,5,-1,True
186307,13,12,True
186313,4,2,True
186314,2,4,True
186321,13,10,True
186322,-1,10,True
186323,-1,10,True
186324,12,11,True
186325,13,11,True
186326,13,10,True
186327,12,11,True
186328,-1,12,True
186329,4,2,True
186342,5,3,True
186343,5,3,True
186349,8,-1,True
186350,8,-1,True
186351,8,-1,True
186352,8,-1,True
186359,5,3,True
186369,5,3,True
186376,4,2,True
186453,7,-1,True
186461,4,2,True
186467,4,2,True
186469,14,10,True
186472,10,12,True
186478,4,2,True
186480,5,-1,True
186492,8,-1,True
186507,14,10,True
186508,-1,10,True
186509,-1,10,True
186510,13,12,True
186511,14,10,True
186513,5,3,True
186520,5,-1,True
186566,4,-1,True
186568,4,2,True
186641,3,-1,True
186642,3,-1,True
186643,3,-1,True
186644,3,-1,True
186645,3,-1,True
186646,3,-1,True
186647,3,-1,True
186648,3,-1,True
186649,3,-1,True
186659,13,10,True
186669,4,2,True
186670,10,12,True
186673,14,10,True
186681,5,3,True
186693,3,5,True
186694,3,5,True
186695,3,5,True
186696,3,5,True
186697,3,5,True
186698,3,5,True
186699,3,5,True
186700,3,5,True
186701,3,5,True
186702,3,5,True
186703,2,4,True
186704,2,4,True
186705,2,4,True
186711,4,2,True
186718,14,10,True
186719,-1,10,True
186720,10,12,True
186727,4,2,True
186730,10,12,True
186731,14,10,True
186732,13,12,True
186733,10,12,True
186734,-1,10,True
186735,4,2,True
186740,3,5,True
186741,3,5,True
186756,5,3,True
186768,4,2,True
186773,14,-1,True
186774,10,-1,True
186776,12,11,True
186778,13,-1,True
186779,10,-1,True
186780,13,-1,True
186782,10,12,True
186783,4,2,True
186791,5,3,True
186792,3,-1,True
186793,3,-1,True
186794,3,-1,True
186795,3,-1,True
186796,8,-1,True
186797,8,-1,True
186799,8,-1,True
186800,8,-1,True
186860,12,11,True
186861,12,11,True
186869,3,-1,True
186870,8,-1,True
186871,8,-1,True
186872,8,-1,True
186914,13,10,True
186916,14,10,True
186917,10,12,True
186918,13,11,True
186919,4,2,True
186920,13,11,True
186921,14,10,True
186922,-1,10,True
186923,12,11,True
186924,10,12,True
186925,10,12,True
186929,8,-1,True
186930,8,-1,True
186931,8,-1,True
186932,8,-1,True
186938,4,2,True
187032,5,-1,True
187076,4,2,True
187077,12,11,True
187078,14,10,True
187079,13,12,True
187080,10,12,True
187081,12,11,True
187082,14,10,True
187084,10,12,True
187085,14,10,True
187086,4,2,True
187125,5,3,True
187133,5,3,True
187148,12,11,True
187149,4,2,True
187166,10,12,True
187167,13,12,True
187168,10,12,True
187169,10,12,True
187170,10,12,True
187171,10,12,True
187172,13,11,True
187173,13,10,True
187174,10,12,True
187175,13,10,True
187176,4,2,True
187187,4,2,True
187188,10,12,True
187189,13,11,True
187190,-1,10,True
187191,4,2,True
187192,12,11,True
187193,13,11,True
187194,12,11,True
187201,5,3,True
187209,5,3,True
187212,7,-1,True
187213,9,-1,True
187214,9,-1,True
187215,9,-1,True
187216,9,-1,True
187217,9,-1,True
187218,9,-1,True
187219,9,-1,True
187220,9,-1,True
187221,9,-1,True
187222,9,-1,True
187223,9,-1,True
187224,9,-1,True
187225,9,-1,True
187226,9,-1,True
187236,5,-1,True
187237,9,-1,True
187250,5,3,True
187253,4,2,True
187258,5,3,True
187270,10,12,True
187274,13,11,True
187276,4,2,True
187287,5,3,True
187309,5,3,True
187344,4,2,True
187406,10,12,True
187408,10,12,True
187410,10,12,True
187411,10,12,True
187413,13,10,True
187414,10,12,True
187415,-1,10,True
187416,13,12,True
187417,4,2,True
187447,10,12,True
187448,10,12,True
187449,7,-1,True
187450,7,-1,True
187451,7,-1,True
187453,5,-1,True
187454,4,2,True
187456,10,12,True
187457,10,12,True
187463,4,2,True
187481,3,5,True
187482,8,-1,True
187534,5,3,True
187563,4,2,True
187564,5,3,True
187626,3,5,True
187627,3,5,True
187628,3,5,True
187629,3,5,True
187643,5,3,True
187647,2,4,True
187648,2,4,True
187649,2,4,True
187650,2,4,True
187660,5,3,True
187674,5,3,True
187678,3,5,True
187679,3,5,True
187680,3,5,True
187690,5,3,True
187698,4,2,True
187702,14,10,True
187817,8,-1,True
187818,8,-1,True
187822,4,2,True
187835,5,3,True
187844,5,3,True
187850,13,10,True
187855,10,12,True
187856,10,12,True
187857,12,11,True
187858,13,11,True
187859,14,10,True
187860,12,11,True
187861,-1,10,True
187863,10,12,True
187864,-1,10,True
187865,10,12,True
187867,13,11,True
187868,14,10,True
187869,14,10,True
187872,14,10,True
187873,14,10,True
187874,14,10,True
187875,14,10,True
187876,14,10,True
187877,13,10,True
187878,14,10,True
187880,10,12,True
187881,14,10,True
187882,13,12,True
187883,12,11,True
187884,14,10,True
187885,10,12,True
187886,14,10,True
187887,10,12,True
187939,4,2,True
188007,8,-1,True
188011,4,2,True
188012,4,2,True
188027,5,3,True
188029,4,2,True
188033,13,10,True
188034,13,11,True
188035,10,12,True
188036,-1,10,True
188037,14,10,True
188038,14,10,True
188040,4,2,True
188041,13,12,True
188050,3,5,True
188051,3,5,True
188052,3,5,True
188053,3,5,True
188055,13,10,True
188056,14,10,True
188057,10,12,True
188058,10,-1,True
188059,14,-1,True
188061,12,11,True
188062,14,10,True
188063,13,12,True
188064,13,11,True
188065,13,10,True
188068,12,11,True
188072,4,2,True
188075,4,2,True
188076,4,2,True
188077,-1,10,True
188078,10,12,True
188079,-1,10,True
188080,5,3,True
188081,5,3,True
188088,5,3,True
188093,8,-1,True
188094,8,-1,True
188096,5,3,True
188124,5,3,True
188125,5,3,True
188145,8,-1,True
188160,5,3,True
188163,5,3,True
188164,5,3,True
188169,5,3,True
188172,4,2,True
188180,12,11,True
188181,10,12,True
188185,10,12,True
188186,13,12,True
188195,4,2,True
188199,-1,10,True
188200,12,11,True
188201,12,11,True
188202,12,11,True
188203,13,12,True
188204,13,11,True
188205,12,11,True
188206,10,12,True
188213,4,2,True
188219,4,2,True
188249,4,2,True
188355,4,2,True
188439,8,-1,True
188477,2,4,True
188478,2,4,True
188495,4,2,True
188516,4,2,True
188520,13,10,True
188521,12,11,True
188523,10,12,True
188524,13,11,True
188525,10,12,True
188526,-1,12,True
188527,-1,10,True
188528,12,11,True
188529,4,2,True
188531,13,12,True
188532,13,-1,True
188546,4,2,True
188547,14,10,True
188548,13,11,True
188562,4,2,True
188566,3,5,True
188574,4,2,True
188583,4,2,True
188687,5,3,True
188692,10,12,True
188693,-1,10,True
188694,-1,10,True
188695,3,5,True
188696,3,5,True
188697,3,5,True
188698,3,5,True
188703,9,-1,True
188713,-1,10,True
188714,14,10,True
188715,13,10,True
188716,13,10,True
188717,13,11,True
188719,14,10,True
188720,10,12,True
188721,-1,10,True
188722,10,12,True
188723,10,12,True
188724,10,12,True
188725,-1,10,True
188726,13,12,True
188728,13,11,True
188730,14,10,True
188731,-1,10,True
188732,13,11,True
188740,4,2,True
188772,4,2,True
188778,5,3,True
188792,5,3,True
188796,13,10,True
188797,13,10,True
188798,10,12,True
188799,-1,10,True
188800,14,10,True
188801,4,2,True
188810,5,3,True
188811,4,-1,True
188812,9,-1,True
188813,9,-1,True
188814,9,-1,True
188815,9,-1,True
188816,9,-1,True
188833,4,2,True
188834,8,-1,True
188835,8,-1,True
188836,8,-1,True
188837,8,-1,True
188838,8,-1,True
188839,8,-1,True
188840,9,-1,True
188841,5,3,True
188843,5,-1,True
188851,8,-1,True
188852,5,3,True
188867,10,12,True
188868,10,12,True
188874,-1,11,True
188876,13,11,True
188883,5,3,True
188887,5,3,True
188895,5,3,True
188910,5,3,True
188911,4,2,True
188912,13,12,True
188913,13,12,True
188914,13,12,True
188915,14,10,True
188916,13,10,True
188918,10,12,True
188919,13,10,True
188920,14,10,True
188921,13,10,True
188924,5,3,True
188925,4,2,True
188926,-1,10,True
188927,10,12,True
188928,13,10,True
188929,12,11,True
188930,13,10,True
188931,10,12,True
188932,12,11,True
188933,14,10,True
188934,13,12,True
188935,10,12,True
188936,5,3,True
189016,4,2,True
189025,4,2,True
189046,5,3,True
189050,5,3,True
189054,5,3,True
189059,5,3,True
189071,8,-1,True
189089,4,2,True
189107,5,3,True
189110,13,11,True
189111,4,2,True
189113,13,11,True
189115,4,2,True
189120,8,-1,True
189165,4,2,True
189174,4,2,True
189180,5,3,True
189202,4,2,True
189203,3,5,True
189204,3,5,True
189205,3,5,True
189206,-1,5,True
189213,5,3,True
189283,4,2,True
189289,4,2,True
189405,4,2,True
189408,5,3,True
189409,5,3,True
189417,5,3,True
189426,4,2,True
189448,13,10,True
189449,14,10,True
189451,13,10,True
189452,4,2,True
189453,4,2,True
189454,4,2,True
189457,13,11,True
189458,4,2,True
189463,4,2,True
189481,4,2,True
189533,8,-1,True
189572,4,2,True
189573,5,3,True
189719,4,-1,True
189720,9,-1,True
189721,9,-1,True
189722,9,-1,True
189723,9,-1,True
189741,4,2,True
189749,12,11,True
189750,4,2,True
189751,4,2,True
189760,10,12,True
189761,14,10,True
189762,13,11,True
189763,4,2,True
189764,12,11,True
189765,3,5,True
189766,3,5,True
189767,3,5,True
189769,3,5,True
189785,2,4,True
189786,2,4,True
189787,2,4,True
189788,2,4,True
189789,2,-1,True
189790,8,-1,True
189794,7,-1,True
189795,8,-1,True
189824,13,11,True
189825,13,12,True
189826,13,12,True
189827,10,12,True
189828,13,11,True
189829,12,11,True
189831,5,3,True
189841,5,3,True
189849,8,-1,True
189850,8,-1,True
189851,8,-1,True
189852,8,-1,True
189853,5,3,True
189859,4,2,True
189904,4,2,True
189920,13,11,True
189921,13,11,True
190000,3,5,True
190008,5,3,True
190012,4,2,True
190015,5,3,True
190023,5,3,True
190024,4,2,True
190026,5,3,True
190045,5,3,True
190061,4,2,True
190102,4,2,True
190104,12,11,True
190106,12,11,True
190108,13,10,True
190120,4,2,True
190121,5,3,True
190126,5,3,True
190141,5,3,True
190158,5,3,True
190221,5,3,True
190265,4,2,True
190272,5,3,True
190273,3,5,True
190274,3,5,True
190275,3,5,True
190276,3,5,True
190277,3,5,True
190278,3,5,True
190282,13,12,True
190283,10,12,True
190285,12,11,True
190286,10,12,True
190287,13,11,True
190288,13,10,True
190289,-1,10,True
190290,10,12,True
190291,13,10,True
190292,13,10,True
190293,-1,10,True
190294,13,12,True
190296,10,12,True
190297,13,12,True
190298,12,11,True
190299,13,12,True
190300,14,10,True
190301,12,11,True
190303,13,10,True
190304,10,12,True
190305,10,12,True
190306,13,11,True
190307,-1,10,True
190308,13,12,True
190314,8,-1,True
190315,8,-1,True
190316,8,-1,True
190433,4,2,True
190438,4,2,True
190439,12,11,True
190440,13,12,True
190441,-1,10,True
190442,12,11,True
190443,13,12,True
190444,10,12,True
190446,13,10,True
190447,13,11,True
190448,4,2,True
190450,5,-1,True
190451,10,12,True
190452,10,12,True
190453,13,11,True
190454,13,11,True
190456,10,12,True
190458,4,2,True
190459,5,3,True
190480,3,5,True
190481,3,5,True
190482,3,5,True
190511,3,5,True
190512,3,5,True
190513,3,5,True
190514,3,5,True
190526,8,-1,True
190536,4,2,True
190540,5,3,True
190544,4,2,True
190548,10,12,True
190549,12,11,True
190550,4,2,True
190551,12,11,True
190552,-1,10,True
190553,4,2,True
190554,13,11,True
190555,13,10,True
190596,5,3,True
190641,5,3,True
190663,4,2,True
190729,8,-1,True
190730,8,-1,True
190731,8,-1,True
190732,8,-1,True
190733,8,-1,True
190734,8,-1,True
190735,8,-1,True
190736,7,-1,True
190737,7,-1,True
190738,7,-1,True
190750,5,3,True
190756,5,3,True
190775,7,-1,True
190776,3,5,True
190777,3,5,True
190778,3,5,True
190779,3,5,True
190780,3,5,True
190781,3,5,True
190782,3,5,True
190788,4,2,True
190789,13,12,True
190790,13,11,True
190791,13,12,True
190792,10,12,True
190794,4,2,True
190795,13,12,True
190796,4,2,True
190803,10,12,True
190808,10,12,True
190814,12,11,True
190815,-1,10,True
190816,-1,12,True
190819,4,2,True
190833,3,5,True
190834,3,5,True
190835,3,5,True
190836,3,5,True
190841,3,-1,True
190842,3,-1,True
190854,3,5,True
190855,3,5,True
190857,5,-1,True
190872,4,2,True
190965,12,11,True
190966,13,11,True
190967,-1,12,True
190968,13,11,True
190969,10,12,True
190970,13,11,True
190971,12,11,True
190972,13,11,True
190973,10,12,True
190974,10,12,True
190975,10,12,True
190976,10,12,True
190977,13,10,True
191147,5,3,True
191151,7,-1,True
191152,7,-1,True
191154,8,-1,True
191155,8,-1,True
191156,13,10,True
191157,4,2,True
191179,4,2,True
191184,4,2,True
191197,4,2,True
191198,5,3,True
191202,13,10,True
191203,10,12,True
191204,12,11,True
191205,14,10,True
191206,10,12,True
191207,-1,10,True
191208,4,2,True
191209,4,2,True
191222,5,3,True
191225,8,-1,True
191226,8,-1,True
191232,8,-1,True
191234,8,-1,True
191235,5,-1,True
191237,5,-1,True
191250,8,-1,True
191251,8,-1,True
191252,8,-1,True
191253,8,-1,True
191254,8,-1,True
191273,13,11,True
191274,-1,10,True
191281,4,2,True
191292,13,10,True
191294,-1,10,True
191295,13,10,True
191298,5,-1,True
191299,8,-1,True
191301,4,2,True
191303,4,2,True
191331,10,12,True
191332,13,10,True
191335,3,5,True
191336,3,5,True
191338,10,12,True
191339,13,11,True
191340,13,12,True
191342,13,12,True
191343,10,12,True
191344,4,2,True
191345,13,11,True
191346,10,12,True
191347,14,10,True
191348,10,12,True
191349,13,12,True
191351,10,12,True
191352,13,12,True
191353,10,12,True
191354,13,12,True
191355,4,2,True
191360,4,2,True
191382,4,2,True
191383,-1,10,True
191384,13,11,True
191385,13,11,True
191386,13,10,True
191387,4,2,True
191393,5,3,True
191394,2,-1,True
191422,-1,3,True
191460,4,2,True
191462,5,3,True
191469,4,2,True
191484,5,3,True
191488,5,3,True
191490,5,3,True
191498,5,3,True
191535,4,2,True
191536,-1,12,True
191537,13,11,True
191538,13,12,True
191540,13,11,True
191541,10,12,True
191542,-1,10,True
191623,7,-1,True
191624,7,-1,True
191625,7,-1,True
191636,3,5,True
191639,5,3,True
191640,5,3,True
191645,13,11,True
191646,10,12,True
191647,14,10,True
191648,13,11,True
191649,4,2,True
191657,4,2,True
191658,10,12,True
191689,4,2,True
191691,2,4,True
191699,13,11,True
191700,14,10,True
191701,13,11,True
191703,13,11,True
191704,14,10,True
191705,4,2,True
191710,4,2,True
191712,13,10,True
191713,4,2,True
191728,10,12,True
191729,10,12,True
191740,5,3,True
191766,4,2,True
191768,4,2,True
191773,5,3,True
191778,5,3,True
191797,5,3,True
191819,10,12,True
191820,13,11,True
191822,10,12,True
191823,10,12,True
191824,4,2,True
191876,3,5,True
191879,5,3,True
191892,4,2,True
191901,5,3,True
191911,-1,10,True
191912,10,12,True
191913,10,12,True
191914,10,12,True
191916,13,10,True
191917,14,10,True
191940,5,3,True
191963,5,3,True
192032,12,11,True
192033,13,10,True
192034,14,10,True
192035,13,11,True
192036,-1,10,True
192037,12,11,True
192038,13,11,True
192039,10,12,True
192040,10,12,True
192041,-1,10,True
192042,14,10,True
192043,-1,10,True
192044,4,2,True
192058,5,3,True
192062,5,3,True
192106,3,-1,True
192107,3,-1,True
192108,3,-1,True
192114,3,-1,True
192115,3,-1,True
192121,4,2,True
192127,5,3,True
192128,8,-1,True
192129,5,-1,True
192139,5,3,True
192141,5,3,True
192154,5,3,True
192182,4,2,True
192205,4,2,True
192211,4,2,True
192212,4,2,True
192213,10,12,True
192214,4,2,True
192218,10,12,True
192220,-1,10,True
192221,12,11,True
192222,12,11,True
192231,10,12,True
192233,10,12,True
192234,12,11,True
192235,12,11,True
192236,13,11,True
192240,5,3,True
192275,5,3,True
192281,7,-1,True
192282,7,-1,True
192283,4,2,True
192284,10,12,True
192338,5,3,True
192340,2,4,True
192341,4,2,True
192343,5,3,True
192344,5,3,True
192382,5,3,True
192392,5,3,True
192422,4,2,True
192438,13,10,True
192439,10,12,True
192445,4,2,True
192488,5,3,True
192489,5,3,True
192490,5,3,True
192497,4,2,True
192511,10,12,True
192512,10,12,True
192517,4,2,True
192521,5,3,True
192523,8,-1,True
192524,8,-1,True
192543,4,2,True
192570,4,2,True
192639,3,5,True
192640,3,5,True
192643,5,3,True
192651,10,12,True
192652,10,12,True
192653,4,2,True
192671,4,2,True
192689,4,2,True
192691,13,11,True
192692,10,12,True
192693,14,10,True
192694,14,10,True
192695,4,2,True
192700,5,3,True
192708,4,2,True
192715,12,11,True
192716,10,12,True
192717,10,12,True
192718,14,10,True
192719,10,12,True
192720,13,12,True
192721,4,2,True
192723,4,2,True
192737,4,2,True
192755,5,3,True
192759,13,11,True
192760,13,11,True
192761,14,10,True
192762,14,10,True
192763,13,11,True
192764,13,12,True
192765,10,12,True
192766,12,11,True
192779,5,3,True
192786,5,3,True
192787,3,5,True
192788,13,11,True
192790,10,12,True
192791,4,2,True
192801,5,3,True
192802,8,-1,True
192812,5,3,True
192836,4,2,True
192844,8,-1,True
192845,4,2,True
192878,5,3,True
192879,5,3,True
193048,13,10,True
193050,14,10,True
193051,10,12,True
193052,12,11,True
193053,10,12,True
193054,-1,10,True
193055,12,11,True
193058,4,2,True
193065,3,5,True
193066,3,5,True
193070,4,2,True
193072,5,3,True
193074,4,-1,True
193075,13,12,True
193076,13,11,True
193077,13,10,True
193079,4,2,True
193083,4,2,True
193091,13,10,True
193092,4,2,True
193093,4,2,True
193097,5,3,True
193117,5,3,True
193126,4,2,True
193130,10,12,True
193132,13,12,True
193133,12,11,True
193135,12,11,True
193136,13,10,True
193137,12,11,True
193139,14,10,True
193140,13,12,True
193141,14,10,True
193142,-1,10,True
193144,13,11,True
193145,-1,10,True
193146,-1,10,True
193147,13,11,True
193148,13,10,True
193149,13,10,True
193156,4,2,True
193157,14,10,True
193158,13,11,True
193161,-1,10,True
193162,14,10,True
193164,10,12,True
193165,13,12,True
193166,13,10,True
193167,10,12,True
193168,14,10,True
193169,13,12,True
193170,14,10,True
193171,13,12,True
193173,10,12,True
193174,12,11,True
193175,12,11,True
193177,10,12,True
193178,13,12,True
193179,10,12,True
193181,-1,10,True
193182,12,11,True
193183,10,12,True
193184,4,2,True
193229,4,2,True
193243,5,3,True
193259,-1,10,True
193260,14,10,True
193262,2,4,True
193263,2,4,True
193264,2,4,True
193265,2,4,True
193266,14,10,True
193267,13,10,True
193273,4,2,True
193274,13,10,True
193275,4,2,True
193356,10,12,True
193386,2,4,True
193387,2,4,True
193388,2,4,True
193389,2,4,True
193390,2,4,True
193391,2,4,True
193392,2,4,True
193393,2,4,True
193394,2,4,True
193395,2,4,True
193396,13,11,True
193397,13,10,True
193398,13,11,True
193399,13,12,True
193400,12,11,True
193402,4,2,True
193403,4,2,True
193407,4,2,True
193412,4,2,True
193426,4,2,True
193441,4,2,True
193442,13,12,True
193444,5,3,True
193445,13,10,True
193447,13,11,True
193448,12,11,True
193449,12,11,True
193450,10,12,True
193452,4,2,True
193453,3,5,True
193457,3,5,True
193458,3,5,True
193459,3,5,True
193484,7,-1,True
193485,7,-1,True
193486,7,-1,True
193487,8,-1,True
193488,8,-1,True
193489,8,-1,True
193490,8,-1,True
193491,8,-1,True
193492,8,-1,True
193510,5,3,True
193512,5,3,True
193529,5,3,True
193566,5,3,True
193578,5,3,True
193585,2,4,True
193586,5,3,True
193608,4,2,True
193624,-1,10,True
193625,13,11,True
193630,13,12,True
193728,5,3,True
193729,2,4,True
193730,2,4,True
193731,2,4,True
193744,3,5,True
193745,3,5,True
193746,3,5,True
193749,3,5,True
193750,3,5,True
193751,3,5,True
193752,3,5,True
193753,3,5,True
193754,3,5,True
193763,12,11,True
193764,4,2,True
193767,8,-1,True
193768,5,3,True
193779,4,2,True
193787,9,-1,True
193788,9,-1,True
193795,4,2,True
193798,5,3,True
193804,4,2,True
193833,5,3,True
193834,5,3,True
193844,2,-1,True
193845,2,-1,True
193848,13,11,True
193853,8,-1,True
193854,5,3,True
193857,5,3,True
193889,5,3,True
193898,4,2,True
193902,13,12,True
193903,4,2,True
193904,10,12,True
193905,10,12,True
193906,12,11,True
193907,12,11,True
193908,13,12,True
193909,14,10,True
193910,13,12,True
193911,13,11,True
193912,13,12,True
193913,14,10,True
193914,-1,10,True
193915,10,12,True
193916,-1,10,True
193917,10,12,True
193918,-1,10,True
193919,12,11,True
193920,4,2,True
193921,13,11,True
193922,14,10,True
193923,-1,10,True
193924,4,2,True
193939,4,2,True
193941,14,10,True
193945,14,10,True
193947,10,12,True
193948,4,2,True
193989,14,10,True
193990,10,12,True
193991,14,10,True
193992,14,10,True
193994,13,11,True
193995,13,11,True
193996,13,11,True
193997,14,10,True
193998,-1,10,True
193999,10,12,True
194000,14,10,True
194003,10,12,True
194004,13,11,True
194055,5,3,True
194056,5,3,True
194060,13,10,True
194073,4,2,True
194078,13,11,True
194079,13,11,True
194080,13,12,True
194081,4,2,True
194093,2,4,True
194094,2,4,True
194095,2,4,True
194096,2,4,True
194097,2,4,True
194098,2,4,True
194099,2,4,True
194100,2,4,True
194101,2,4,True
194102,2,4,True
194103,2,4,True
194104,2,4,True
194105,2,4,True
194106,2,4,True
194114,13,10,True
194115,13,12,True
194118,13,11,True
194343,4,2,True
194354,5,3,True
194355,8,-1,True
194356,8,-1,True
194357,8,-1,True
194358,8,-1,True
194359,8,-1,True
194360,8,-1,True
194361,8,-1,True
194362,8,-1,True
194363,8,-1,True
194364,5,-1,True
194367,13,10,True
194368,10,12,True
194369,13,12,True
194370,-1,11,True
194371,12,11,True
194372,4,2,True
194402,4,2,True
194405,4,2,True
194406,14,10,True
194407,12,11,True
194408,13,11,True
194409,10,12,True
194410,13,11,True
194411,13,12,True
194412,10,12,True
194414,9,-1,True
194420,5,3,True
194447,3,5,True
194448,3,5,True
194449,3,5,True
194450,3,5,True
194451,3,5,True
194455,3,5,True
194456,3,5,True
194463,3,-1,True
194464,3,-1,True
194468,3,-1,True
194493,13,10,True
194494,4,2,True
194495,4,2,True
194496,5,3,True
194501,3,-1,True
194502,3,-1,True
194503,3,-1,True
194537,-1,4,True
194545,5,3,True
194546,14,10,True
194548,13,11,True
194549,14,10,True
194550,14,10,True
194551,10,12,True
194552,10,12,True
194563,4,2,True
194566,10,12,True
194567,-1,10,True
194568,10,12,True
194569,14,10,True
194570,13,12,True
194573,13,12,True
194574,10,12,True
194575,4,2,True
194579,4,2,True
194665,4,2,True
194675,4,2,True
194678,4,2,True
194679,4,2,True
194773,4,2,True
194789,10,12,True
194791,4,2,True
194946,4,2,True
194947,13,11,True
194948,13,11,True
194949,13,11,True
194950,10,12,True
194951,10,12,True
194952,12,11,True
194953,13,12,True
194956,4,2,True
194957,8,-1,True
194958,8,-1,True
194959,8,-1,True
194960,8,-1,True
194973,5,3,True
194978,13,11,True
195084,10,12,True
195085,14,10,True
195086,-1,10,True
195087,13,12,True
195093,4,2,True
195098,5,3,True
195107,4,2,True
195115,3,5,True
195171,4,2,True
195172,4,2,True
195174,3,5,True
195176,4,2,True
195177,10,12,True
195178,-1,10,True
195188,3,5,True
195199,4,2,True
195202,8,-1,True
195203,8,-1,True
195204,8,-1,True
195205,3,-1,True
195209,3,-1,True
195210,3,-1,True
195211,3,-1,True
195217,4,2,True
195218,5,3,True
195226,14,10,True
195228,12,11,True
195229,13,12,True
195230,10,12,True
195245,5,3,True
195250,8,-1,True
195252,5,3,True
195265,4,2,True
195313,14,10,True
195314,13,10,True
195315,13,10,True
195317,14,10,True
195318,-1,10,True
195320,13,11,True
195322,7,-1,True
195323,7,-1,True
195332,5,3,True
195333,4,2,True
195335,8,-1,True
195336,5,3,True
195356,8,-1,True
195357,8,-1,True
195358,8,-1,True
195359,8,-1,True
195363,12,11,True
195364,-1,10,True
195368,5,3,True
195407,14,10,True
195443,-1,10,True
195444,13,11,True
195445,10,12,True
195446,13,11,True
195447,10,12,True
195448,13,11,True
195450,13,12,True
195451,-1,10,True
195454,13,11,True
195455,14,10,True
195456,10,12,True
195457,10,12,True
195458,13,10,True
195459,10,12,True
195460,14,10,True
195461,13,12,True
195462,-1,10,True
195463,10,12,True
195465,13,11,True
195466,4,2,True
195467,4,2,True
195468,4,2,True
195470,13,11,True
195472,4,2,True
195473,4,2,True
195474,10,12,True
195475,13,11,True
195476,13,12,True
195496,2,4,True
195497,4,2,True
195512,5,3,True
195517,13,12,True
195519,4,2,True
195520,12,11,True
195521,10,12,True
195544,5,3,True
195558,5,3,True
195560,5,3,True
195577,14,10,True
195579,13,11,True
195580,-1,10,True
195581,13,10,True
195582,10,12,True
195583,13,10,True
195584,13,11,True
195585,13,10,True
195586,4,2,True
195597,5,3,True
195606,5,3,True
195621,4,2,True
195622,10,12,True
195624,13,10,True
195625,14,10,True
195626,13,12,True
195627,12,11,True
195628,14,10,True
195629,-1,10,True
195630,13,10,True
195631,4,2,True
195638,10,12,True
195639,14,10,True
195640,13,11,True
195643,-1,10,True
195644,12,11,True
195701,10,12,True
195702,4,2,True
195703,3,5,True
195704,3,5,True
195705,3,5,True
195706,3,5,True
195707,5,3,True
195708,5,3,True
195711,8,-1,True
195712,8,-1,True
195722,3,5,True
195723,3,5,True
195724,3,5,True
195725,3,5,True
195726,3,5,True
195727,3,5,True
195728,3,5,True
195729,3,5,True
195730,3,5,True
195760,14,10,True
195761,12,11,True
195762,14,10,True
195763,13,11,True
195765,12,11,True
195766,13,10,True
195767,-1,10,True
195768,13,11,True
195770,12,11,True
195771,13,12,True
195773,10,12,True
195775,13,12,True
195776,13,11,True
195778,10,12,True
195779,14,10,True
195780,13,11,True
195781,13,10,True
195782,12,11,True
195783,12,11,True
195784,13,12,True
195785,10,12,True
195787,13,11,True
195788,4,2,True
195790,4,2,True
195791,3,5,True
195792,3,5,True
195793,3,5,True
195794,3,5,True
195801,5,3,True
195826,8,-1,True
195827,8,-1,True
195828,8,-1,True
195829,8,-1,True
195830,8,-1,True
195834,8,-1,True
195835,8,-1,True
195836,8,-1,True
195837,5,3,True
195839,13,12,True
195861,5,3,True
195866,4,2,True
195874,5,3,True
195881,5,3,True
195888,5,3,True
195913,10,12,True
195914,13,10,True
195915,10,12,True
195928,5,3,True
195947,4,2,True
195962,4,2,True
195998,4,2,True
196027,4,2,True
196072,5,3,True
196077,5,3,True
196095,7,-1,True
196097,5,3,True
196115,4,2,True
196116,-1,11,True
196117,-1,10,True
196118,13,10,True
196119,14,10,True
196120,14,10,True
196121,10,12,True
196122,12,11,True
196123,13,11,True
196125,-1,10,True
196126,10,12,True
196128,4,2,True
196133,4,2,True
196134,4,2,True
196135,13,10,True
196136,-1,10,True
196137,13,10,True
196138,-1,12,True
196140,-1,11,True
196142,13,11,True
196144,4,2,True
196146,3,5,True
196147,3,5,True
196149,4,2,True
196150,10,12,True
196151,13,11,True
196152,8,-1,True
196166,4,2,True
196168,5,3,True
196170,5,3,True
196190,4,2,True
196193,5,-1,True
196194,4,2,True
196195,9,-1,True
196196,9,-1,True
196197,9,-1,True
196198,9,-1,True
196199,9,-1,True
196200,9,-1,True
196216,4,2,True
196218,4,2,True
196244,9,-1,True
196245,4,2,True
196279,4,2,True
196335,8,-1,True
196336,8,-1,True
196337,8,-1,True
196338,8,-1,True
196352,5,3,True
196356,13,10,True
196358,13,12,True
196359,-1,10,True
196360,12,11,True
196361,13,10,True
196363,13,11,True
196365,10,12,True
196366,10,12,True
196367,12,11,True
196383,5,3,True
196384,4,2,True
196394,4,2,True
196410,10,12,True
196411,4,2,True
196463,4,2,True
196464,4,2,True
196465,4,2,True
196466,6,-1,True
196467,6,-1,True
196468,6,-1,True
196469,4,2,True
196473,4,2,True
196477,7,-1,True
196478,7,-1,True
196479,7,-1,True
196480,7,-1,True
196500,7,-1,True
196554,8,-1,True
196562,5,3,True
196567,5,3,True
196570,8,-1,True
196571,8,-1,True
196572,8,-1,True
196573,8,-1,True
196574,5,3,True
196577,5,3,True
196578,4,2,True
196604,5,3,True
196605,5,3,True
196697,10,12,True
196698,13,10,True
196699,10,12,True
196700,12,11,True
196701,12,11,True
196702,4,2,True
196706,14,10,True
196707,4,2,True
196710,4,2,True
196711,4,2,True
196734,13,11,True
196735,13,11,True
196736,13,11,True
196738,14,10,True
196740,13,10,True
196755,4,2,True
196769,5,3,True
196776,8,-1,True
196777,5,3,True
196784,3,5,True
196785,3,5,True
196786,3,5,True
196787,3,5,True
196795,5,3,True
196796,5,3,True
196814,-1,10,True
196815,14,10,True
196908,5,3,True
196933,4,2,True
196944,5,3,True
196946,5,3,True
196960,-1,10,True
196961,13,10,True
196962,10,12,True
196963,4,2,True
196964,13,12,True
196965,13,11,True
196966,13,12,True
196967,13,11,True
196968,4,2,True
196979,4,2,True
196980,4,2,True
196985,4,2,True
196995,3,5,True
196996,3,5,True
196997,3,5,True
197026,3,5,True
197027,3,5,True
197038,4,2,True
197056,3,-1,True
197057,3,-1,True
197058,3,-1,True
197071,5,3,True
197072,5,3,True
197082,5,3,True
197104,13,10,True
197105,13,11,True
197106,13,11,True
197110,12,11,True
197121,5,3,True
197126,10,12,True
197128,13,11,True
197129,4,2,True
197131,4,2,True
197335,4,2,True
197357,5,3,True
197358,14,10,True
197359,4,2,True
197361,4,2,True
197407,13,10,True
197408,10,12,True
197409,12,11,True
197410,-1,10,True
197411,14,10,True
197413,13,11,True
197414,14,10,True
197415,12,11,True
197416,10,12,True
197417,-1,10,True
197418,10,12,True
197419,12,11,True
197420,12,11,True
197421,10,12,True
197423,10,12,True
197425,12,11,True
197426,14,10,True
197427,13,12,True
197428,13,11,True
197430,14,10,True
197431,14,10,True
197433,4,2,True
197435,13,11,True
197436,14,10,True
197437,14,10,True
197438,4,2,True
197439,14,10,True
197440,10,12,True
197442,13,11,True
197443,-1,10,True
197460,10,12,True
197461,4,2,True
197462,10,12,True
197463,7,-1,True
197464,8,-1,True
197465,3,5,True
197466,3,5,True
197487,5,3,True
197491,12,11,True
197492,4,2,True
197494,4,2,True
197495,8,-1,True
197496,8,-1,True
197497,8,-1,True
197498,8,-1,True
197499,5,-1,True
197504,3,5,True
197505,3,5,True
197506,3,5,True
197507,3,5,True
197508,3,5,True
197509,3,5,True
197510,3,5,True
197511,3,5,True
197512,3,5,True
197513,3,5,True
197514,3,5,True
197515,3,5,True
197516,3,5,True
197517,3,5,True
197518,3,5,True
197519,3,5,True
197520,3,5,True
197521,3,5,True
197522,3,5,True
197523,3,5,True
197524,3,5,True
197525,3,5,True
197533,13,10,True
197534,12,11,True
197535,14,10,True
197536,10,12,True
197537,13,12,True
197538,12,11,True
197541,14,10,True
197542,10,12,True
197543,14,10,True
197544,14,10,True
197545,10,12,True
197546,10,12,True
197551,4,2,True
197552,14,10,True
197554,4,2,True
197555,2,4,True
197556,2,4,True
197561,8,-1,True
197562,5,-1,True
197564,4,2,True
197565,13,12,True
197567,13,11,True
197568,14,10,True
197569,14,10,True
197571,10,12,True
197572,12,11,True
197573,4,2,True
197574,4,2,True
197579,4,2,True
197583,4,2,True
197586,5,3,True
197600,5,3,True
197642,3,-1,True
197645,5,-1,True
197646,5,3,True
197670,14,10,True
197671,13,11,True
197672,12,11,True
197673,13,11,True
197675,-1,10,True
197676,14,10,True
197677,4,2,True
197678,13,12,True
197679,13,12,True
197680,10,12,True
197693,4,2,True
197715,4,2,True
197716,4,2,True
197726,10,12,True
197727,14,10,True
197804,13,10,True
197805,12,11,True
197807,5,3,True
197808,14,10,True
197809,4,2,True
197833,5,3,True
197834,4,2,True
197835,10,12,True
197836,12,11,True
197837,4,2,True
197838,10,12,True
197839,-1,10,True
197840,-1,10,True
197843,14,10,True
197845,10,12,True
197846,10,12,True
197847,12,11,True
197848,4,2,True
197849,13,12,True
197850,4,2,True
197855,4,2,True
197873,4,2,True
197874,12,11,True
197875,10,12,True
197877,3,5,True
197880,13,12,True
197881,10,12,True
197882,12,11,True
197883,14,10,True
197885,5,3,True
197898,4,2,True
197999,5,3,True
198001,13,10,True
198002,13,11,True
198003,13,10,True
198004,13,12,True
198005,13,11,True
198007,-1,10,True
198008,13,11,True
198009,4,2,True
198010,5,3,True
198011,4,2,True
198024,5,3,True
198025,8,-1,True
198035,10,12,True
198036,4,2,True
198037,10,12,True
198038,13,10,True
198039,4,2,True
198040,4,2,True
198044,4,2,True
198067,4,2,True
198070,4,2,True
198071,10,12,True
198072,13,10,True
198073,10,12,True
198074,-1,10,True
198075,2,4,True
198086,5,3,True
198091,3,-1,True
198092,8,-1,True
198093,7,-1,True
198095,8,-1,True
198096,5,3,True
198099,4,2,True
198103,4,2,True
198104,13,12,True
198105,4,2,True
198119,5,3,True
198125,-1,12,True
198126,13,10,True
198127,4,2,True
198152,8,-1,True
198180,13,10,True
198181,-1,10,True
198182,12,11,True
198183,-1,10,True
198184,14,10,True
198185,13,10,True
198202,4,2,True
198212,5,3,True
198233,12,11,True
198234,4,2,True
198236,2,-1,True
198259,13,12,True
198261,13,10,True
198262,-1,10,True
198263,12,11,True
198264,14,10,True
198265,13,11,True
198266,14,10,True
198267,14,10,True
198268,10,12,True
198269,-1,12,True
198270,4,2,True
198271,14,10,True
198272,4,2,True
198273,10,12,True
198278,4,2,True
198279,10,12,True
198280,13,11,True
198281,4,2,True
198299,4,2,True
198300,9,-1,True
198302,5,3,True
198306,3,5,True
198307,9,-1,True
198308,4,2,True
198309,5,3,True
198331,5,3,True
198335,4,2,True
198364,5,3,True
198388,4,2,True
198389,4,2,True
198390,13,11,True
198391,13,11,True
198399,5,3,True
198418,5,3,True
198426,5,3,True
198436,5,3,True
198445,5,3,True
198447,4,2,True
198448,7,-1,True
198462,4,2,True
198512,4,2,True
198515,4,2,True
198588,13,10,True
198590,10,12,True
198591,14,10,True
198611,14,10,True
198621,5,3,True
198626,4,2,True
198627,5,3,True
198640,4,2,True
198647,5,3,True
198649,5,3,True
198650,5,3,True
198652,5,3,True
198653,13,12,True
198654,4,2,True
198655,4,2,True
198656,10,12,True
198657,4,2,True
198658,12,11,True
198672,4,2,True
198701,4,2,True
198704,12,11,True
198705,13,11,True
198706,13,12,True
198707,4,2,True
198708,13,11,True
198710,10,-1,True
198711,12,11,True
198712,12,11,True
198713,10,12,True
198714,13,11,True
198715,13,10,True
198716,4,2,True
198717,8,-1,True
198718,8,-1,True
198719,8,-1,True
198720,8,-1,True
198721,5,-1,True
198725,5,3,True
198732,4,2,True
198735,5,3,True
198765,3,5,True
198766,3,5,True
198767,3,5,True
198768,3,5,True
198769,3,5,True
198770,3,5,True
198771,3,5,True
198772,3,5,True
198773,3,5,True
198774,2,4,True
198775,2,4,True
198776,2,4,True
198777,2,4,True
198778,13,10,True
198779,13,11,True
198780,13,11,True
198781,12,11,True
198782,10,12,True
198785,13,11,True
198786,12,11,True
198787,10,12,True
198788,13,12,True
198789,10,12,True
198790,10,12,True
198791,10,12,True
198792,13,12,True
198793,13,10,True
198796,10,12,True
198797,12,11,True
198799,14,10,True
198800,10,12,True
198801,13,10,True
198802,10,12,True
198805,12,11,True
198806,13,10,True
198807,13,11,True
198808,10,12,True
198809,4,2,True
198810,10,12,True
198811,12,11,True
198812,10,12,True
198813,14,10,True
198814,13,11,True
198815,4,2,True
198819,4,2,True
198820,12,11,True
198821,10,12,True
198822,14,10,True
198824,10,12,True
198825,13,10,True
198826,14,10,True
198827,5,3,True
198830,-1,10,True
198831,13,10,True
198832,5,3,True
198834,5,3,True
198839,4,2,True
198843,8,-1,True
198844,8,-1,True
198845,10,12,True
198868,4,2,True
198878,8,-1,True
198882,8,-1,True
198883,8,-1,True
198888,4,2,True
198889,13,10,True
198890,5,3,True
198903,5,3,True
198917,5,3,True
198969,4,2,True
198983,3,5,True
198984,3,5,True
198985,3,5,True
199014,5,3,True
199016,5,3,True
199017,5,3,True
199019,4,2,True
199021,4,2,True
199037,5,-1,True
199040,8,-1,True
199066,13,12,True
199067,14,10,True
199068,12,11,True
199069,4,2,True
199072,-1,10,True
199073,13,12,True
199078,4,2,True
199080,4,2,True
199081,-1,10,True
199082,14,10,True
199083,12,11,True
199089,5,3,True
199105,5,3,True
199108,5,3,True
199121,5,3,True
199122,-1,3,True
199132,4,2,True
199205,4,2,True
199206,4,2,True
199209,5,3,True
199210,5,3,True
199211,5,3,True
199214,9,-1,True
199215,9,-1,True
199229,10,12,True
199230,12,11,True
199231,4,2,True
199232,13,12,True
199233,-1,10,True
199235,14,10,True
199236,12,11,True
199237,13,10,True
199238,14,10,True
199239,13,12,True
199240,10,12,True
199242,4,2,True
199266,5,3,True
199277,5,3,True
199290,5,3,True
199302,5,3,True
199315,13,12,True
199316,4,2,True
199330,3,5,True
199331,3,5,True
199341,5,3,True
199342,5,3,True
199360,10,12,True
199361,12,-1,True
199363,14,10,True
199364,10,12,True
199365,13,10,True
199367,14,10,True
199368,13,11,True
199369,10,12,True
199370,14,10,True
199378,-1,10,True
199379,14,10,True
199380,4,2,True
199381,4,2,True
199389,4,2,True
199409,4,2,True
199427,4,2,True
199484,7,-1,True
199485,7,-1,True
199489,5,3,True
199514,5,3,True
199515,5,3,True
199523,4,2,True
199524,4,2,True
199525,-1,10,True
199526,13,11,True
199527,13,11,True
199528,10,12,True
199529,13,11,True
199530,10,12,True
199531,12,11,True
199532,-1,10,True
199533,13,10,True
199535,-1,10,True
199536,13,11,True
199537,12,11,True
199539,14,10,True
199540,13,10,True
199542,13,10,True
199544,14,10,True
199545,10,12,True
199546,14,10,True
199547,10,12,True
199549,10,12,True
199550,13,10,True
199551,12,11,True
199552,-1,10,True
199553,13,11,True
199554,14,10,True
199555,13,10,True
199556,13,10,True
199558,13,10,True
199560,-1,10,True
199561,13,12,True
199563,10,12,True
199564,10,12,True
199565,-1,10,True
199566,10,12,True
199567,13,10,True
199568,10,12,True
199587,4,2,True
199588,4,2,True
199602,10,12,True
199603,-1,10,True
199605,10,12,True
199606,12,11,True
199614,4,2,True
199628,5,3,True
199632,10,12,True
199635,5,3,True
199636,-1,10,True
199637,10,12,True
199638,-1,10,True
199639,10,12,True
199641,13,12,True
199643,12,11,True
199644,14,10,True
199645,12,11,True
199646,13,11,True
199648,5,3,True
199661,8,-1,True
199788,2,4,True
199789,2,4,True
199790,2,4,True
199791,2,4,True
199792,2,4,True
199809,5,3,True
199810,8,-1,True
199811,8,-1,True
199815,8,-1,True
199816,8,-1,True
199825,4,2,True
199827,4,2,True
199833,10,12,True
199835,10,12,True
199836,10,12,True
199837,13,12,True
199838,10,12,True
199839,-1,10,True
199852,4,2,True
199853,9,-1,True
199858,9,-1,True
199867,8,-1,True
199870,5,3,True
199871,3,-1,True
199875,5,3,True
199880,10,12,True
199881,14,10,True
199882,10,12,True
199883,10,12,True
199886,13,10,True
199887,13,10,True
199888,10,12,True
199889,-1,12,True
199890,12,11,True
199900,10,12,True
199901,12,11,True
199902,13,12,True
199903,4,2,True
199910,14,10,True
199911,10,12,True
199912,14,10,True
199913,-1,12,True
199914,13,12,True
199915,13,10,True
199916,4,2,True
199988,13,12,True
199989,13,11,True
199990,12,11,True
199991,13,11,True
199992,4,2,True
200015,5,3,True
200016,4,2,True
200017,4,2,True
200018,13,10,True
200019,12,11,True
200020,-1,10,True
200021,10,12,True
200023,14,10,True
200024,12,11,True
200025,10,12,True
200026,14,10,True
200028,13,10,True
200043,4,2,True
200046,5,3,True
200096,10,12,True
200097,4,2,True
200098,13,11,True
200099,4,2,True
200100,4,2,True
200101,13,10,True
200102,13,12,True
200103,12,11,True
200105,12,11,True
200106,4,2,True
200107,13,11,True
200112,13,10,True
200113,13,12,True
200114,12,11,True
200129,4,2,True
200130,4,2,True
200132,13,11,True
200133,-1,10,True
200134,12,11,True
200135,10,12,True
200136,10,12,True
200142,4,2,True
200144,7,-1,True
200145,7,-1,True
200147,-1,10,True
200148,4,2,True
200149,12,11,True
200150,4,2,True
200156,5,3,True
200157,4,2,True
200160,5,3,True
200178,5,3,True
200191,5,3,True
200194,5,3,True
200197,3,5,True
200198,5,3,True
200206,3,5,True
200218,4,2,True
200244,4,2,True
200296,2,4,True
200297,2,4,True
200298,2,4,True
200299,2,4,True
200312,5,3,True
200314,5,-1,True
200316,-1,10,True
200320,13,11,True
200321,10,12,True
200327,5,3,True
200328,2,-1,True
200329,3,5,True
200345,5,3,True
200360,4,2,True
200363,7,-1,True
200364,7,-1,True
200365,7,-1,True
200366,7,-1,True
200367,7,-1,True
200368,7,-1,True
200369,7,-1,True
200370,7,-1,True
200371,7,-1,True
200372,7,-1,True
200373,7,-1,True
200374,7,-1,True
200375,7,-1,True
200376,7,-1,True
200393,5,3,True
200402,5,3,True
200417,10,12,True
200418,13,11,True
200421,13,12,True
200422,13,11,True
200552,4,2,True
200556,5,3,True
200571,5,3,True
200572,4,2,True
200574,4,2,True
200575,13,11,True
200576,14,10,True
200577,13,11,True
200578,4,2,True
200608,4,2,True
200611,10,12,True
200612,4,2,True
200613,-1,11,True
200614,13,10,True
200616,4,2,True
200618,10,12,True
200619,14,10,True
200621,10,12,True
200622,14,10,True
200624,13,10,True
200625,13,12,True
200626,10,12,True
200627,13,10,True
200628,13,10,True
200629,10,12,True
200630,12,11,True
200631,14,10,True
200632,12,11,True
200633,10,12,True
200634,13,12,True
200635,12,11,True
200636,13,12,True
200637,13,11,True
200639,10,12,True
200642,-1,10,True
200643,10,12,True
200644,10,12,True
200645,-1,10,True
200646,10,12,True
200647,10,12,True
200648,12,11,True
200649,14,10,True
200650,4,2,True
200653,7,-1,True
200654,5,3,True
200659,4,2,True
200660,3,5,True
200661,3,5,True
200662,3,5,True
200663,4,2,True
200672,4,2,True
200696,5,3,True
200697,3,5,True
200698,3,5,True
200712,3,5,True
200734,4,2,True
200740,3,5,True
200741,4,2,True
200751,8,-1,True
200754,5,-1,True
200755,7,-1,True
200756,7,-1,True
200757,7,-1,True
200758,5,3,True
200791,5,3,True
200792,13,12,True
200793,13,11,True
200795,14,10,True
200796,13,12,True
200797,12,11,True
200798,4,2,True
200806,4,2,True
200812,8,-1,True
200818,5,3,True
200825,4,2,True
200829,4,2,True
200928,4,2,True
200929,5,3,True
200936,2,4,True
200943,5,3,True
200954,5,3,True
200955,2,-1,True
200964,5,3,True
200975,13,11,True
200976,10,12,True
200977,12,11,True
200979,12,11,True
200980,12,11,True
200981,14,10,True
200982,10,12,True
200983,13,11,True
200984,14,10,True
200985,10,12,True
200986,-1,10,True
200987,-1,10,True
200988,14,10,True
200989,-1,10,True
201028,3,5,True
201029,3,5,True
201122,12,11,True
201124,13,11,True
201125,4,2,True
201126,14,10,True
201128,13,10,True
201129,14,10,True
201130,-1,10,True
201131,-1,12,True
201132,12,11,True
201133,14,10,True
201134,-1,10,True
201135,12,11,True
201136,14,10,True
201137,13,12,True
201138,13,12,True
201139,14,10,True
201140,10,12,True
201142,12,11,True
201143,14,10,True
201144,10,12,True
201146,14,10,True
201147,-1,10,True
201148,4,2,True
201181,4,2,True
201182,14,10,True
201183,10,12,True
201190,4,2,True
201191,-1,10,True
201193,-1,10,True
201195,14,10,True
201209,4,2,True
201211,3,5,True
201224,5,3,True
201226,10,12,True
201227,-1,10,True
201228,13,10,True
201230,-1,10,True
201231,-1,10,True
201232,4,2,True
201235,5,3,True
201239,13,11,True
201240,13,11,True
201242,13,10,True
201243,10,12,True
201244,-1,10,True
201245,4,2,True
201270,5,3,True
201276,13,11,True
201277,4,2,True
201278,10,12,True
201279,10,12,True
201280,13,11,True
201281,13,11,True
201282,4,2,True
201283,13,12,True
201284,10,12,True
201285,10,12,True
201286,-1,10,True
201343,4,2,True
201350,12,11,True
201351,-1,10,True
201352,-1,10,True
201353,10,12,True
201354,14,10,True
201355,10,12,True
201356,13,10,True
201357,14,10,True
201358,10,12,True
201359,10,12,True
201360,13,11,True
201361,14,10,True
201362,13,11,True
201363,13,12,True
201364,10,12,True
201365,4,2,True
201379,4,2,True
201383,4,2,True
201408,8,-1,True
201409,5,3,True
201413,7,-1,True
201414,7,-1,True
201415,7,-1,True
201445,4,2,True
201457,5,3,True
201461,4,2,True
201462,8,-1,True
201463,8,-1,True
201464,8,-1,True
201465,8,-1,True
201466,8,-1,True
201467,8,-1,True
201510,4,2,True
201513,12,11,True
201515,13,12,True
201516,-1,10,True
201517,10,12,True
201518,-1,10,True
201519,13,11,True
201522,12,11,True
201523,10,12,True
201524,13,11,True
201525,4,2,True
201526,13,11,True
201527,13,11,True
201528,10,12,True
201529,4,2,True
201561,13,12,True
201563,13,11,True
201564,14,10,True
201565,10,12,True
201566,10,12,True
201567,12,11,True
201569,10,12,True
201570,-1,10,True
201571,-1,10,True
201572,10,12,True
201573,10,12,True
201574,-1,10,True
201575,10,12,True
201576,13,10,True
201577,13,12,True
201578,10,12,True
201579,12,11,True
201580,13,10,True
201581,-1,10,True
201582,12,11,True
201584,13,11,True
201585,10,12,True
201586,10,12,True
201587,12,11,True
201588,-1,10,True
201589,10,12,True
201597,5,3,True
201598,3,5,True
201599,3,5,True
201600,3,5,True
201654,5,3,True
201661,8,-1,True
201662,8,-1,True
201663,5,-1,True
201668,4,2,True
201684,4,2,True
201691,8,-1,True
201692,8,-1,True
201693,8,-1,True
201694,8,-1,True
201695,8,-1,True
201696,9,-1,True
201697,9,-1,True
201698,9,-1,True
201699,9,-1,True
201738,4,2,True
201743,4,2,True
201786,5,3,True
201788,5,3,True
201820,14,10,True
201821,4,2,True
201823,2,4,True
201824,13,11,True
201825,10,12,True
201826,13,11,True
201827,14,10,True
201828,10,12,True
201829,5,3,True
201831,7,-1,True
201832,4,2,True
201844,5,3,True
201851,13,11,True
201852,13,11,True
201853,14,10,True
201855,10,-1,True
201863,5,3,True
201866,4,2,True
201874,4,2,True
201883,4,2,True
201906,5,3,True
201915,4,2,True
201916,13,10,True
201917,14,10,True
201927,12,11,True
201928,14,10,True
201942,5,3,True
201978,7,-1,True
201979,7,-1,True
201980,7,-1,True
201981,7,-1,True
201983,4,2,True
201984,4,2,True
201985,13,11,True
201986,-1,10,True
201987,14,10,True
201988,10,12,True
201989,-1,12,True
201990,4,2,True
201991,10,12,True
201992,13,12,True
201993,-1,10,True
201994,-1,10,True
201995,13,10,True
201996,-1,10,True
201998,14,10,True
201999,14,10,True
202000,10,12,True
202001,13,11,True
202002,-1,10,True
202003,14,10,True
202004,14,10,True
202005,13,11,True
202015,4,2,True
202018,4,2,True
202023,3,5,True
202049,4,2,True
202051,-1,10,True
202052,13,12,True
202055,4,2,True
202062,4,2,True
202063,13,11,True
202065,12,11,True
202069,10,12,True
202070,13,11,True
202071,-1,10,True
202072,14,10,True
202073,-1,10,True
202086,5,3,True
202104,3,5,True
202111,5,3,True
202115,5,3,True
202255,7,-1,True
202256,7,-1,True
202257,3,-1,True
202258,7,-1,True
202264,5,3,True
202269,4,2,True
202273,12,11,True
202274,13,10,True
202275,10,12,True
202276,-1,10,True
202277,4,2,True
202282,4,2,True
202287,10,-1,True
202290,5,3,True
202294,4,2,True
202314,3,5,True
202315,3,5,True
202319,5,3,True
202335,13,12,True
202336,10,12,True
202348,4,2,True
202351,3,5,True
202352,3,5,True
202353,8,-1,True
202374,13,10,True
202375,10,12,True
202376,10,12,True
202377,10,12,True
202378,13,10,True
202379,10,12,True
202380,-1,10,True
202381,10,12,True
202382,14,10,True
202383,10,12,True
202385,14,10,True
202386,10,12,True
202387,4,2,True
202391,-1,10,True
202392,10,12,True
202394,-1,12,True
202397,13,11,True
202398,10,12,True
202399,4,2,True
202400,10,12,True
202401,-1,10,True
202402,-1,10,True
202403,4,2,True
202404,13,11,True
202405,-1,10,True
202407,13,11,True
202408,-1,10,True
202414,5,3,True
202453,4,2,True
202454,13,10,True
202455,14,10,True
202456,10,12,True
202458,-1,11,True
202460,-1,10,True
202462,-1,11,True
202464,12,11,True
202465,4,2,True
202469,5,3,True
202470,4,2,True
202471,4,2,True
202497,5,3,True
202500,5,3,True
202506,5,3,True
202507,4,2,True
202509,6,-1,True
202510,6,-1,True
202511,6,-1,True
202514,13,10,True
202515,2,4,True
202516,2,4,True
202517,2,4,True
202518,-1,10,True
202519,12,11,True
202520,4,2,True
202521,13,11,True
202523,-1,10,True
202524,12,11,True
202525,13,10,True
202526,10,12,True
202527,10,12,True
202528,10,12,True
202529,-1,10,True
202531,13,10,True
202533,13,10,True
202535,13,10,True
202536,4,2,True
202585,4,2,True
202591,-1,10,True
202592,-1,10,True
202593,12,11,True
202594,12,11,True
202600,5,-1,True
202604,5,-1,True
202605,3,-1,True
202611,5,3,True
202623,5,3,True
202624,3,5,True
202640,5,3,True
202644,4,2,True
202645,12,11,True
202646,10,12,True
202648,10,-1,True
202649,13,-1,True
202650,10,-1,True
202651,5,-1,True
202655,8,-1,True
202668,5,3,True
202680,4,2,True
202696,4,2,True
202783,8,-1,True
202784,5,3,True
202791,13,11,True
202800,4,2,True
202807,12,11,True
202810,13,11,True
202813,4,2,True
202858,10,12,True
202861,9,-1,True
202866,9,-1,True
202870,9,-1,True
202902,14,10,True
202903,-1,10,True
202904,3,5,True
202918,3,5,True
202919,3,5,True
202920,3,5,True
202921,3,5,True
202929,8,-1,True
202940,7,-1,True
202963,5,3,True
202969,5,3,True
202970,4,2,True
203061,4,2,True
203062,10,12,True
203063,14,10,True
203064,12,11,True
203065,14,10,True
203066,14,10,True
203067,12,11,True
203073,5,3,True
203074,4,2,True
203076,5,3,True
203077,4,-1,True
203079,4,2,True
203108,5,3,True
203109,5,-1,True
203115,3,5,True
203116,3,5,True
203119,2,4,True
203120,2,4,True
203121,2,4,True
203122,2,4,True
203123,2,4,True
203124,2,4,True
203125,2,4,True
203126,2,4,True
203127,2,4,True
203128,2,4,True
203129,2,4,True
203130,2,4,True
203131,2,4,True
203132,2,4,True
203133,2,4,True
203134,2,4,True
203135,2,4,True
203136,4,2,True
203137,4,2,True
203138,4,2,True
203142,3,-1,True
203143,5,3,True
203153,5,3,True
203192,8,-1,True
203193,5,-1,True
203200,13,12,True
203201,13,10,True
203202,-1,10,True
203211,5,3,True
203216,4,2,True
203222,5,3,True
203223,8,-1,True
203224,8,-1,True
203267,-1,10,True
203268,12,11,True
203269,4,2,True
203272,5,3,True
203312,4,2,True
203318,-1,10,True
203319,10,12,True
203320,4,2,True
203321,13,11,True
203324,4,2,True
203330,4,2,True
203354,3,5,True
203355,5,3,True
203360,5,3,True
203361,7,-1,True
203365,13,11,True
203388,4,2,True
203393,-1,1,True
203411,5,3,True
203420,-1,10,True
203421,13,12,True
203422,13,11,True
203423,13,11,True
203424,2,4,True
203425,2,4,True
203444,4,2,True
203460,4,2,True
203461,-1,12,True
203462,10,12,True
203464,10,12,True
203465,12,11,True
203468,14,10,True
203469,12,11,True
203470,14,10,True
203472,12,11,True
203473,13,10,True
203474,13,10,True
203476,10,12,True
203477,14,10,True
203479,12,11,True
203480,10,12,True
203481,13,11,True
203482,14,10,True
203483,13,11,True
203484,13,11,True
203485,-1,10,True
203486,10,12,True
203487,13,11,True
203488,13,12,True
203489,10,12,True
203490,14,10,True
203491,14,10,True
203492,10,12,True
203494,14,10,True
203496,13,12,True
203497,12,11,True
203498,12,11,True
203499,12,11,True
203500,12,11,True
203502,12,11,True
203503,10,12,True
203514,4,2,True
203558,4,2,True
203577,4,2,True
203655,7,-1,True
203659,7,-1,True
203660,7,-1,True
203661,8,-1,True
203664,7,-1,True
203665,7,-1,True
203666,7,-1,True
203668,4,2,True
203673,5,3,True
203676,8,-1,True
203685,6,-1,True
203686,6,-1,True
203687,14,10,True
203688,13,10,True
203689,-1,10,True
203690,13,10,True
203691,13,11,True
203692,13,11,True
203694,14,10,True
203716,12,11,True
203717,10,12,True
203718,-1,10,True
203745,5,3,True
203756,5,3,True
203768,14,10,True
203802,4,2,True
203803,10,12,True
203804,8,-1,True
203805,8,-1,True
203806,8,-1,True
203808,8,-1,True
203809,8,-1,True
203810,8,-1,True
203819,7,-1,True
203820,7,-1,True
203821,7,-1,True
203822,7,-1,True
203831,4,2,True
203832,4,2,True
203877,4,2,True
203927,4,2,True
203934,12,11,True
203935,14,10,True
203937,13,11,True
203938,14,10,True
203939,-1,10,True
203940,13,12,True
203941,10,12,True
203942,13,11,True
203943,13,12,True
203945,13,11,True
203946,4,2,True
203948,13,11,True
203949,13,12,True
203950,10,12,True
203951,10,12,True
203952,13,12,True
203954,8,-1,True
203955,8,-1,True
203956,8,-1,True
203957,8,-1,True
203958,8,-1,True
203968,5,-1,True
203983,3,5,True
203984,3,5,True
203985,3,5,True
203986,3,5,True
204001,5,3,True
204002,13,10,True
204003,5,3,True
204012,3,5,True
204013,3,5,True
204050,3,-1,True
204052,3,-1,True
204055,7,-1,True
204056,7,-1,True
204066,8,-1,True
204067,8,-1,True
204068,7,-1,True
204071,4,2,True
204087,5,3,True
204097,8,-1,True
204098,5,3,True
204101,8,-1,True
204102,8,-1,True
204103,5,3,True
204104,8,-1,True
204105,8,-1,True
204106,8,-1,True
204107,8,-1,True
204108,8,-1,True
204109,8,-1,True
204110,8,-1,True
204111,8,-1,True
204112,8,-1,True
204113,8,-1,True
204114,8,-1,True
204115,8,-1,True
204122,4,2,True
204123,13,10,True
204124,13,12,True
204125,14,10,True
204126,12,11,True
204127,12,11,True
204128,13,12,True
204129,12,11,True
204130,14,10,True
204131,4,2,True
204140,5,3,True
204144,4,2,True
204186,4,2,True
204227,4,2,True
204240,4,2,True
204248,4,2,True
204351,13,10,True
204352,13,11,True
204353,4,2,True
204364,12,11,True
204365,4,2,True
204384,5,3,True
204385,13,10,True
204386,14,10,True
204387,-1,10,True
204388,10,12,True
204389,13,12,True
204391,12,11,True
204392,14,10,True
204393,13,10,True
204395,12,11,True
204396,13,11,True
204397,-1,11,True
204399,14,10,True
204400,13,10,True
204401,-1,10,True
204402,10,12,True
204410,3,5,True
204421,5,3,True
204426,-1,3,True
204427,4,2,True
204428,12,11,True
204429,13,12,True
204430,5,-1,True
204479,13,12,True
204480,10,12,True
204481,4,2,True
204483,13,12,True
204484,12,11,True
204485,13,11,True
204486,-1,10,True
204487,10,12,True
204488,12,11,True
204489,13,11,True
204490,13,10,True
204491,13,12,True
204492,12,11,True
204493,14,10,True
204494,13,12,True
204538,3,-1,True
204539,3,-1,True
204543,4,2,True
204550,5,3,True
204552,5,3,True
204590,13,11,True
204591,4,2,True
204592,7,-1,True
204607,4,2,True
204610,5,3,True
204628,13,12,True
204629,14,10,True
204631,-1,10,True
204632,13,10,True
204633,4,2,True
204637,4,2,True
204642,8,-1,True
204643,8,-1,True
204661,3,-1,True
204662,3,-1,True
204663,4,2,True
204668,4,2,True
204679,3,-1,True
204680,3,-1,True
204698,4,2,True
204723,10,12,True
204724,4,2,True
204733,8,-1,True
204734,8,-1,True
204735,8,-1,True
204736,8,-1,True
204737,8,-1,True
204739,4,2,True
204741,5,3,True
204744,5,3,True
204747,4,2,True
204788,5,3,True
204805,10,12,True
204807,13,12,True
204808,13,12,True
204809,4,2,True
204828,4,2,True
204832,4,2,True
204885,4,2,True
204940,8,-1,True
204941,7,-1,True
204954,14,10,True
204955,4,2,True
205024,5,3,True
205025,4,2,True
205047,5,3,True
205050,4,2,True
205067,8,-1,True
205068,8,-1,True
205071,3,5,True
205072,3,5,True
205073,3,5,True
205074,3,5,True
205075,3,5,True
205076,3,5,True
205077,3,5,True
205078,3,5,True
205079,5,3,True
205086,4,2,True
205113,13,10,True
205114,13,10,True
205115,13,11,True
205163,5,3,True
205167,5,3,True
205168,8,-1,True
205169,8,-1,True
205177,4,2,True
205181,4,2,True
205191,4,2,True
205202,4,2,True
205204,4,2,True
205206,5,3,True
205372,4,2,True
205373,4,2,True
205380,2,-1,True
205381,7,-1,True
205382,7,-1,True
205383,7,-1,True
205401,5,3,True
205406,5,3,True
205419,6,-1,True
205434,5,3,True
205441,4,2,True
205458,5,-1,True
205459,8,-1,True
205470,-1,10,True
205471,14,10,True
205472,10,12,True
205473,13,11,True
205474,12,11,True
205478,3,5,True
205479,3,5,True
205480,13,12,True
205481,10,12,True
205485,5,3,True
205546,4,2,True
205558,4,2,True
205563,5,3,True
205564,10,12,True
205596,10,12,True
205597,12,11,True
205598,10,12,True
205599,13,10,True
205600,10,12,True
205601,13,11,True
205602,-1,10,True
205603,14,10,True
205604,-1,11,True
205605,12,11,True
205606,-1,10,True
205607,14,10,True
205608,4,2,True
205610,5,3,True
205611,4,2,True
205612,8,-1,True
205613,8,-1,True
205620,4,2,True
205621,13,10,True
205622,10,12,True
205623,10,12,True
205624,13,11,True
205625,12,11,True
205626,13,10,True
205627,12,11,True
205628,10,12,True
205636,4,2,True
205652,3,5,True
205674,4,2,True
205675,5,3,True
205704,4,2,True
205706,-1,10,True
205707,13,10,True
205708,14,10,True
205709,14,10,True
205710,-1,11,True
205711,12,11,True
205712,13,11,True
205713,12,11,True
205714,14,10,True
205715,14,10,True
205716,4,2,True
205722,4,2,True
205723,12,-1,True
205736,4,2,True
205745,13,10,True
205746,-1,10,True
205748,10,12,True
205749,10,12,True
205773,13,12,True
205774,10,12,True
205776,13,12,True
205777,13,12,True
205778,10,12,True
205779,12,11,True
205780,12,11,True
205781,4,2,True
205827,3,5,True
205828,3,5,True
205829,3,5,True
205834,-1,10,True
205835,4,2,True
205836,12,11,True
205837,10,12,True
205838,12,11,True
205844,13,10,True
205845,12,11,True
205846,13,11,True
205848,4,2,True
205861,8,-1,True
205862,4,2,True
205863,14,10,True
205887,10,12,True
205934,4,2,True
206026,4,2,True
206158,4,2,True
206159,10,12,True
206160,13,11,True
206161,-1,10,True
206162,13,11,True
206163,4,2,True
206164,5,3,True
206188,3,5,True
206189,3,5,True
206193,3,5,True
206194,3,5,True
206195,3,5,True
206201,5,3,True
206204,6,-1,True
206205,6,-1,True
206206,6,-1,True
206210,4,2,True
206218,13,11,True
206219,10,12,True
206220,13,10,True
206221,4,2,True
206223,10,12,True
206224,12,11,True
206226,13,11,True
206227,13,10,True
206228,10,12,True
206230,14,10,True
206231,4,2,True
206232,4,2,True
206258,13,11,True
206293,13,10,True
206300,8,-1,True
206301,8,-1,True
206302,8,-1,True
206303,8,-1,True
206309,5,3,True
206310,8,-1,True
206339,10,12,True
206340,13,12,True
206341,13,10,True
206343,13,10,True
206344,-1,10,True
206345,4,2,True
206352,5,3,True
206368,12,11,True
206369,-1,10,True
206370,-1,10,True
206372,13,12,True
206373,-1,11,True
206375,13,11,True
206376,12,11,True
206377,10,12,True
206378,10,12,True
206380,12,11,True
206389,4,2,True
206391,12,11,True
206392,10,12,True
206407,4,2,True
206408,4,2,True
206420,5,3,True
206421,4,2,True
206422,10,12,True
206429,4,2,True
206434,5,3,True
206439,4,2,True
206440,-1,11,True
206441,3,5,True
206455,3,5,True
206461,3,5,True
206478,5,3,True
206479,4,2,True
206497,5,3,True
206545,4,2,True
206597,4,2,True
206598,4,2,True
206616,4,2,True
206652,5,3,True
206690,4,2,True
206702,10,12,True
206703,10,12,True
206704,13,10,True
206705,10,12,True
206706,4,2,True
206707,13,11,True
206708,13,12,True
206709,4,2,True
206711,2,4,True
206712,2,4,True
206725,4,2,True
206732,5,-1,True
206735,13,10,True
206736,4,2,True
206751,4,2,True
206796,4,2,True
206797,4,2,True
206798,4,2,True
206801,5,3,True
206820,5,3,True
206823,5,3,True
206846,12,11,True
206847,10,12,True
206848,14,10,True
206850,-1,10,True
206851,14,10,True
206852,13,12,True
206855,-1,10,True
206856,10,12,True
206857,14,10,True
206858,13,12,True
206859,13,11,True
206860,14,10,True
206861,13,12,True
206862,10,12,True
206864,12,11,True
206866,4,2,True
206868,-1,10,True
206869,12,11,True
206870,13,11,True
206871,14,10,True
206918,13,12,True
206920,10,12,True
206921,12,11,True
206922,13,11,True
206923,10,12,True
206924,13,11,True
206925,12,11,True
206926,13,11,True
206928,12,11,True
206929,-1,10,True
206930,10,12,True
206932,-1,10,True
206933,10,12,True
206935,13,11,True
206936,10,12,True
206937,13,10,True
206938,14,10,True
206939,13,10,True
206940,10,12,True
206941,13,11,True
206942,10,12,True
206943,14,10,True
206944,13,12,True
206945,13,10,True
206946,12,11,True
206947,14,10,True
206949,13,11,True
206950,13,10,True
206952,4,2,True
206953,10,12,True
206954,14,10,True
206955,14,10,True
206981,8,-1,True
206985,13,10,True
206996,2,4,True
206997,2,4,True
206999,3,5,True
207000,3,5,True
207001,3,5,True
207002,3,5,True
207007,2,4,True
207033,10,12,True
207034,13,10,True
207040,4,2,True
207042,14,10,True
207043,13,11,True
207044,13,12,True
207045,13,10,True
207046,13,12,True
207047,13,11,True
207048,13,12,True
207049,13,12,True
207050,-1,10,True
207051,13,12,True
207082,5,3,True
207085,10,12,True
207086,14,10,True
207087,13,10,True
207088,10,12,True
207089,14,10,True
207091,13,11,True
207106,5,3,True
207147,4,2,True
207186,4,2,True
207331,5,3,True
207342,5,3,True
207347,5,3,True
207393,4,2,True
207403,10,12,True
207404,13,10,True
207405,14,10,True
207406,14,10,True
207407,10,12,True
207408,14,10,True
207409,12,11,True
207412,5,3,True
207417,5,3,True
207448,4,2,True
207461,14,10,True
207492,5,3,True
207504,3,5,True
207505,3,5,True
207506,3,5,True
207507,8,-1,True
207508,8,-1,True
207529,2,4,True
207530,2,4,True
207531,2,4,True
207532,2,4,True
207533,2,4,True
207534,2,4,True
207535,2,4,True
207632,2,4,True
207652,-1,10,True
207653,14,10,True
207654,13,10,True
207655,13,11,True
207656,10,12,True
207657,10,12,True
207658,-1,10,True
207659,12,11,True
207660,12,11,True
207661,12,11,True
207662,-1,10,True
207665,10,12,True
207667,4,2,True
207700,-1,10,True
207703,-1,10,True
207704,-1,10,True
207705,-1,10,True
207706,13,10,True
207707,10,12,True
207708,10,12,True
207709,12,11,True
207710,13,12,True
207712,10,12,True
207713,4,2,True
207714,12,11,True
207715,-1,10,True
207716,10,12,True
207717,13,11,True
207719,13,10,True
207720,13,11,True
207721,12,11,True
207722,-1,10,True
207723,13,11,True
207724,12,11,True
207725,10,12,True
207726,12,11,True
207727,13,10,True
207728,10,12,True
207729,13,10,True
207730,10,12,True
207731,13,10,True
207733,10,12,True
207734,12,11,True
207735,10,12,True
207736,13,12,True
207737,14,10,True
207738,14,10,True
207739,-1,10,True
207740,4,2,True
207769,5,3,True
207779,5,3,True
207786,5,3,True
207791,3,-1,True
207792,3,-1,True
207793,3,-1,True
207794,3,5,True
207795,3,5,True
207796,3,5,True
207805,5,3,True
207806,5,-1,True
207807,7,-1,True
207814,8,-1,True
207815,8,-1,True
207816,8,-1,True
207818,3,-1,True
207824,3,-1,True
207825,14,10,True
207826,13,11,True
207827,12,11,True
207841,4,2,True
207848,14,10,True
207849,10,12,True
207850,10,12,True
207851,13,10,True
207853,14,10,True
207854,10,12,True
207855,12,11,True
207856,-1,12,True
207857,-1,10,True
207858,10,12,True
207873,5,3,True
207875,-1,12,True
207876,10,12,True
207877,5,3,True
207890,5,3,True
207897,5,3,True
207916,12,11,True
207918,-1,10,True
207919,13,10,True
207920,4,2,True
208098,13,10,True
208099,12,11,True
208100,4,2,True
208125,13,12,True
208126,13,12,True
208133,5,3,True
208134,3,5,True
208137,3,-1,True
208143,5,3,True
208170,4,2,True
208214,3,5,True
208215,3,5,True
208216,3,5,True
208223,3,5,True
208224,3,5,True
208244,9,-1,True
208248,5,3,True
208249,5,3,True
208251,4,2,True
208252,10,12,True
208253,13,11,True
208254,10,12,True
208255,14,10,True
208256,13,12,True
208257,10,12,True
208258,12,11,True
208260,10,12,True
208261,13,10,True
208262,14,10,True
208263,14,10,True
208266,4,2,True
208271,13,10,True
208295,5,3,True
208296,3,5,True
208297,3,5,True
208298,3,5,True
208300,4,2,True
208305,4,2,True
208321,10,12,True
208323,12,11,True
208324,-1,10,True
208326,10,12,True
208328,-1,11,True
208329,4,2,True
208330,14,10,True
208332,12,11,True
208333,10,12,True
208334,12,11,True
208335,12,11,True
208336,13,12,True
208337,13,11,True
208338,4,2,True
208359,5,3,True
208361,5,3,True
208364,3,5,True
208365,3,5,True
208366,3,5,True
208367,3,5,True
208376,5,3,True
208377,3,5,True
208378,5,3,True
208415,5,3,True
208441,4,2,True
208452,4,2,True
208491,4,2,True
208499,14,10,True
208500,13,10,True
208502,-1,10,True
208532,3,5,True
208535,5,3,True
208543,4,2,True
208546,5,3,True
208578,4,2,True
208579,5,3,True
208584,9,-1,True
208604,3,-1,True
208605,8,-1,True
208606,8,-1,True
208607,8,-1,True
208608,8,-1,True
208609,8,-1,True
208618,5,3,True
208621,3,5,True
208622,3,5,True
208628,7,-1,True
208634,5,3,True
208646,10,12,True
208653,5,3,True
208655,5,3,True
208688,10,12,True
208689,12,11,True
208691,4,2,True
208702,4,2,True
208703,4,2,True
208720,4,2,True
208726,4,2,True
208735,4,2,True
208740,4,2,True
208757,4,2,True
208758,4,2,True
208788,4,2,True
208796,4,2,True
208872,5,3,True
208873,4,2,True
208891,5,3,True
208923,5,3,True
208924,4,2,True
208932,4,2,True
208948,14,10,True
208949,4,2,True
208950,12,11,True
208951,13,11,True
208967,4,2,True
208968,4,2,True
208973,12,11,True
208979,5,3,True
208980,5,3,True
208994,3,5,True
208999,3,-1,True
209000,3,5,True
209001,3,5,True
209004,5,3,True
209006,7,-1,True
209007,3,5,True
209008,3,5,True
209009,7,-1,True
209010,5,3,True
209033,5,3,True
209039,13,12,True
209040,13,12,True
209041,12,11,True
209042,10,12,True
209043,12,11,True
209044,-1,10,True
209050,5,3,True
209051,8,-1,True
209081,4,2,True
209117,4,2,True
209120,14,10,True
209121,12,11,True
209122,12,11,True
209124,13,11,True
209125,4,2,True
209134,4,2,True
209146,4,2,True
209150,4,2,True
209154,4,2,True
209237,6,-1,True
209238,6,-1,True
209239,6,-1,True
209315,13,12,True
209331,2,4,True
209332,2,4,True
209333,2,4,True
209334,2,4,True
209335,2,4,True
209336,2,4,True
209343,5,3,True
209349,5,3,True
209351,5,3,True
209353,5,3,True
209354,5,3,True
209359,5,3,True
209366,13,11,True
209367,10,12,True
209368,13,10,True
209370,12,11,True
209371,13,12,True
209372,-1,10,True
209373,4,2,True
209374,13,11,True
209375,13,12,True
209376,-1,10,True
209379,10,12,True
209380,13,11,True
209381,10,12,True
209382,13,10,True
209383,14,-1,True
209384,4,2,True
209388,3,5,True
209391,4,2,True
209428,10,12,True
209429,2,4,True
209430,2,4,True
209431,2,4,True
209432,12,11,True
209433,13,12,True
209434,13,10,True
209435,14,10,True
209437,10,12,True
209439,12,11,True
209440,13,11,True
209442,13,-1,True
209444,10,-1,True
209445,12,11,True
209446,13,10,True
209447,13,12,True
209448,4,2,True
209463,4,2,True
209465,5,3,True
209474,5,3,True
209476,5,3,True
209477,10,12,True
209489,5,3,True
209506,3,5,True
209512,4,2,True
209513,13,12,True
209514,5,3,True
209522,4,2,True
209523,4,2,True
209524,5,3,True
209553,7,-1,True
209554,7,-1,True
209565,4,2,True
209568,13,10,True
209569,10,12,True
209570,10,12,True
209572,4,2,True
209577,4,2,True
209666,-1,3,True
209667,8,-1,True
209682,4,2,True
209740,-1,10,True
209741,14,10,True
209742,13,12,True
209743,13,12,True
209744,13,11,True
209745,10,12,True
209746,-1,10,True
209747,13,12,True
209748,4,2,True
209753,14,10,True
209754,12,11,True
209755,13,11,True
209758,13,12,True
209759,12,11,True
209760,13,12,True
209761,-1,10,True
209763,14,10,True
209764,14,10,True
209765,14,10,True
209766,10,12,True
209767,13,10,True
209769,-1,10,True
209771,13,11,True
209772,13,11,True
209775,13,11,True
209776,10,12,True
209777,13,12,True
209778,10,12,True
209779,14,10,True
209780,4,2,True
209781,5,3,True
209784,5,3,True
209785,5,3,True
209791,4,2,True
209792,4,2,True
209797,12,11,True
209798,13,11,True
209799,13,10,True
209800,14,10,True
209801,4,2,True
209802,4,2,True
209804,4,2,True
209805,13,12,True
209811,4,2,True
209813,-1,10,True
209814,14,10,True
209816,12,11,True
209817,14,10,True
209877,6,-1,True
209878,6,-1,True
209933,5,3,True
209944,10,12,True
209947,13,10,True
209950,13,10,True
209951,-1,10,True
209952,14,10,True
209955,5,3,True
210012,5,3,True
210015,4,2,True
210022,4,2,True
210023,13,12,True
210024,3,-1,True
210025,3,-1,True
210026,3,-1,True
210027,3,-1,True
210028,3,-1,True
210073,4,2,True
210149,5,3,True
210153,8,-1,True
210154,8,-1,True
210155,8,-1,True
210156,8,-1,True
210159,5,3,True
210162,13,11,True
210163,14,10,True
210166,13,10,True
210167,13,12,True
210168,14,10,True
210169,4,2,True
210190,5,3,True
210197,4,2,True
210198,-1,10,True
210199,10,12,True
210200,13,12,True
210202,12,11,True
210203,12,11,True
210204,10,12,True
210206,13,10,True
210207,-1,10,True
210208,10,12,True
210209,-1,10,True
210210,13,10,True
210211,14,10,True
210216,5,3,True
210217,4,2,True
210220,8,-1,True
210221,8,-1,True
210257,12,11,True
210258,13,11,True
210259,13,10,True
210260,4,2,True
210262,13,11,True
210263,14,10,True
210264,12,11,True
210265,-1,10,True
210266,14,10,True
210267,-1,10,True
210268,12,11,True
210271,-1,10,True
210272,8,-1,True
210273,5,-1,True
210276,13,12,True
210278,10,12,True
210280,13,10,True
210281,4,2,True
210282,10,12,True
210283,12,11,True
210284,10,12,True
210286,4,2,True
210287,10,12,True
210288,12,11,True
210289,-1,10,True
210290,-1,10,True
210291,13,12,True
210294,4,2,True
210295,13,12,True
210296,12,11,True
210317,3,5,True
210326,4,2,True
210327,5,3,True
210335,13,11,True
210422,13,10,True
210424,4,2,True
210495,13,12,True
210496,4,2,True
210498,5,3,True
210499,5,3,True
210502,5,3,True
210536,3,5,True
210537,3,5,True
210538,3,5,True
210543,9,-1,True
210544,9,-1,True
210545,9,-1,True
210546,9,-1,True
210547,9,-1,True
210554,13,11,True
210555,10,12,True
210556,12,11,True
210557,14,10,True
210558,13,10,True
210559,4,2,True
210560,4,2,True
210561,12,11,True
210562,12,11,True
210563,10,12,True
210564,10,12,True
210566,10,12,True
210567,-1,10,True
210568,10,12,True
210569,4,2,True
210570,6,-1,True
210571,6,-1,True
210572,6,-1,True
210589,5,3,True
210595,5,3,True
210609,4,2,True
210627,13,12,True
210636,10,12,True
210637,14,10,True
210638,-1,10,True
210639,4,2,True
210663,-1,10,True
210664,10,12,True
210665,14,10,True
210666,12,11,True
210668,13,11,True
210669,10,12,True
210670,10,12,True
210671,13,10,True
210690,13,10,True
210691,14,10,True
210692,4,2,True
210707,13,10,True
210708,13,12,True
210709,12,11,True
210710,10,12,True
210711,10,12,True
210712,13,12,True
210713,13,10,True
210718,5,3,True
210720,2,-1,True
210721,2,-1,True
210722,-1,7,True
210748,4,2,True
210757,14,10,True
210758,4,2,True
210759,4,2,True
210760,6,-1,True
210769,4,2,True
210770,4,2,True
210771,12,11,True
210772,13,11,True
210773,13,11,True
210774,10,12,True
210775,13,12,True
210794,5,3,True
210796,5,3,True
210840,4,2,True
210900,5,3,True
210910,5,3,True
210911,4,2,True
210924,10,12,True
211000,5,3,True
211008,4,2,True
211021,4,2,True
211029,10,12,True
211031,13,11,True
211090,4,2,True
211095,-1,10,True
211097,13,12,True
211098,13,12,True
211099,10,12,True
211100,10,12,True
211101,13,11,True
211102,10,12,True
211103,13,12,True
211118,5,3,True
211124,10,12,True
211127,-1,10,True
211128,10,12,True
211129,-1,10,True
211130,13,11,True
211131,14,10,True
211132,12,11,True
211133,4,2,True
211134,4,2,True
211173,5,3,True
211200,4,2,True
211201,12,11,True
211202,10,12,True
211205,5,3,True
211206,5,3,True
211262,3,5,True
211263,3,5,True
211264,3,5,True
211265,3,5,True
211266,3,5,True
211267,3,5,True
211268,3,5,True
211271,10,12,True
211272,10,12,True
211273,10,12,True
211274,14,10,True
211275,12,11,True
211276,13,10,True
211277,12,11,True
211278,13,10,True
211279,13,10,True
211280,-1,10,True
211281,14,10,True
211282,13,12,True
211283,10,12,True
211284,12,11,True
211285,13,10,True
211286,13,10,True
211289,13,11,True
211290,-1,10,True
211292,10,12,True
211294,14,10,True
211295,10,12,True
211296,14,10,True
211297,14,10,True
211298,12,11,True
211299,-1,10,True
211300,10,12,True
211301,10,12,True
211302,10,12,True
211303,13,11,True
211304,14,10,True
211305,12,11,True
211307,10,12,True
211308,10,12,True
211309,14,10,True
211310,13,10,True
211312,10,12,True
211313,13,12,True
211314,12,11,True
211315,13,11,True
211316,12,11,True
211317,13,11,True
211318,12,11,True
211319,13,10,True
211320,4,2,True
211321,4,2,True
211322,13,11,True
211323,12,11,True
211324,13,10,True
211325,13,12,True
211326,10,12,True
211327,10,12,True
211331,4,2,True
211332,10,12,True
211333,14,10,True
211334,12,11,True
211335,10,12,True
211337,10,12,True
211338,10,12,True
211340,12,11,True
211341,12,11,True
211343,14,10,True
211345,10,12,True
211346,13,12,True
211347,13,12,True
211348,13,11,True
211349,13,12,True
211350,12,11,True
211351,12,11,True
211352,13,10,True
211353,4,2,True
211367,9,-1,True
211368,9,-1,True
211369,9,-1,True
211370,5,3,True
211376,4,2,True
211377,12,11,True
211379,13,11,True
211391,5,3,True
211427,4,2,True
211534,5,3,True
211537,5,3,True
211544,5,3,True
211545,5,3,True
211559,5,3,True
211566,8,-1,True
211567,8,-1,True
211568,8,-1,True
211569,8,-1,True
211570,8,-1,True
211571,7,-1,True
211572,8,-1,True
211573,8,-1,True
211574,3,-1,True
211575,3,-1,True
211576,3,-1,True
211577,3,-1,True
211578,3,-1,True
211579,3,-1,True
211580,3,-1,True
211581,3,-1,True
211582,3,-1,True
211583,3,5,True
211584,3,5,True
211589,4,2,True
211590,-1,10,True
211591,14,10,True
211592,-1,11,True
211594,10,12,True
211595,13,11,True
211596,12,11,True
211597,10,12,True
211598,14,10,True
211599,13,11,True
211600,13,10,True
211601,13,12,True
211603,-1,10,True
211604,4,2,True
211622,5,3,True
211629,5,3,True
211630,5,3,True
211631,14,10,True
211632,4,2,True
211633,14,10,True
211634,4,2,True
211636,13,10,True
211637,13,11,True
211646,12,11,True
211647,12,11,True
211648,12,11,True
211649,4,2,True
211652,4,2,True
211653,10,12,True
211654,-1,10,True
211655,10,12,True
211656,14,10,True
211659,13,11,True
211675,5,3,True
211749,5,3,True
211758,5,3,True
211774,14,10,True
211775,14,10,True
211776,10,12,True
211777,10,12,True
211778,10,12,True
211781,12,11,True
211782,10,12,True
211789,13,10,True
211790,13,11,True
211791,4,2,True
211800,4,2,True
211801,12,11,True
211808,4,2,True
211813,4,2,True
211824,3,-1,True
211825,3,-1,True
211826,5,3,True
211854,3,5,True
211879,5,3,True
211886,4,2,True
211890,5,3,True
211898,4,2,True
211900,8,-1,True
211905,5,3,True
211923,5,3,True
211973,3,-1,True
211974,3,-1,True
211975,3,-1,True
211976,7,-1,True
211997,-1,4,True
211999,12,11,True
212000,13,12,True
212001,-1,10,True
212002,12,11,True
212007,5,3,True
212037,5,3,True
212092,4,2,True
212100,13,12,True
212101,13,12,True
212102,10,12,True
212103,-1,10,True
212218,8,-1,True
212225,8,-1,True
212226,8,-1,True
212227,8,-1,True
212268,5,3,True
212277,13,11,True
212278,13,11,True
212279,12,11,True
212281,14,10,True
212282,4,2,True
212289,5,3,True
212294,2,4,True
212295,2,4,True
212296,2,4,True
212297,2,4,True
212298,2,4,True
212299,2,4,True
212300,2,4,True
212301,2,4,True
212302,4,2,True
212303,10,12,True
212304,-1,10,True
212305,4,2,True
212306,4,2,True
212307,13,11,True
212308,13,11,True
212309,12,11,True
212310,13,12,True
212311,10,12,True
212312,12,11,True
212313,13,11,True
212335,13,12,True
212337,10,12,True
212338,13,11,True
212339,10,12,True
212340,14,10,True
212341,13,12,True
212342,10,12,True
212343,10,12,True
212345,13,11,True
212346,12,11,True
212347,10,12,True
212348,13,10,True
212349,13,12,True
212350,13,10,True
212351,10,12,True
212352,12,11,True
212353,4,2,True
212354,4,2,True
212355,3,5,True
212356,3,5,True
212357,3,5,True
212363,5,3,True
212368,8,-1,True
212384,5,3,True
212449,7,-1,True
212450,7,-1,True
212454,7,-1,True
212508,4,2,True
212524,5,3,True
212526,12,11,True
212528,13,12,True
212531,4,2,True
212541,7,-1,True
212542,7,-1,True
212543,7,-1,True
212544,7,-1,True
212579,4,2,True
212584,3,5,True
212585,3,5,True
212586,3,5,True
212589,4,2,True
212590,-1,10,True
212591,13,11,True
212592,13,11,True
212593,5,3,True
212597,8,-1,True
212598,8,-1,True
212599,8,-1,True
212626,-1,10,True
212661,2,4,True
212662,2,4,True
212663,2,4,True
212664,2,4,True
212665,2,4,True
212666,12,11,True
212667,13,11,True
212668,-1,10,True
212669,12,11,True
212672,4,2,True
212702,10,12,True
212703,10,12,True
212704,12,11,True
212705,4,2,True
212710,14,10,True
212711,14,10,True
212712,4,2,True
212721,5,3,True
212732,4,2,True
212767,9,-1,True
212768,4,2,True
212769,4,2,True
212773,10,12,True
212775,4,2,True
212776,13,10,True
212780,5,3,True
212781,4,2,True
212782,-1,10,True
212783,10,12,True
212788,4,2,True
212868,4,2,True
212870,14,10,True
212871,10,12,True
212872,14,10,True
212873,10,12,True
212874,14,10,True
212875,10,12,True
212876,10,12,True
212877,13,11,True
212878,10,12,True
212879,12,11,True
212880,13,10,True
212881,12,11,True
212882,13,11,True
212883,13,10,True
212884,13,10,True
212885,14,10,True
212886,10,12,True
212887,4,2,True
212892,5,3,True
212897,5,3,True
212905,5,3,True
212910,4,2,True
212915,4,-1,True
212928,4,2,True
212942,4,2,True
213055,5,3,True
213071,5,3,True
213076,5,3,True
213077,5,3,True
213120,7,-1,True
213121,7,-1,True
213122,7,-1,True
213123,7,-1,True
213124,7,-1,True
213125,7,-1,True
213126,7,-1,True
213127,7,-1,True
213128,5,3,True
213135,14,10,True
213136,-1,10,True
213137,13,11,True
213138,-1,10,True
213140,10,12,True
213141,13,11,True
213144,12,11,True
213145,13,10,True
213146,13,12,True
213148,10,12,True
213149,13,12,True
213151,12,11,True
213152,12,11,True
213153,10,12,True
213167,12,11,True
213168,13,10,True
213169,4,2,True
213170,4,2,True
213259,14,10,True
213280,3,5,True
213281,3,5,True
213282,3,5,True
213287,2,4,True
213288,2,4,True
213289,2,4,True
213308,8,-1,True
213321,5,3,True
213329,8,-1,True
213348,4,2,True
213349,5,3,True
213358,5,3,True
213375,4,2,True
213384,4,2,True
213385,3,5,True
213386,3,5,True
213387,3,5,True
213405,8,-1,True
213410,8,-1,True
213411,8,-1,True
213412,8,-1,True
213418,13,10,True
213419,13,10,True
213420,10,12,True
213438,5,3,True
213439,13,10,True
213440,13,11,True
213441,13,11,True
213442,12,11,True
213445,9,-1,True
213446,9,-1,True
213447,4,2,True
213451,10,12,True
213453,12,11,True
213454,13,10,True
213455,10,12,True
213456,13,11,True
213457,12,11,True
213458,10,12,True
213460,12,11,True
213461,14,10,True
213488,7,-1,True
213489,7,-1,True
213490,7,-1,True
213547,4,2,True
213631,4,2,True
213643,13,11,True
213644,12,11,True
213652,4,2,True
213655,8,-1,True
213666,4,2,True
213679,13,11,True
213680,10,12,True
213681,13,11,True
213682,13,11,True
213683,4,2,True
213688,5,3,True
213756,4,2,True
213758,10,12,True
213759,10,12,True
213760,14,10,True
213761,4,2,True
213762,14,10,True
213764,9,-1,True
213765,6,-1,True
213766,6,-1,True
213767,6,-1,True
213768,12,11,True
213769,13,12,True
213770,5,3,True
213773,4,2,True
213775,5,3,True
213776,5,3,True
213790,4,2,True
213797,5,3,True
213907,5,3,True
213987,-1,10,True
213988,12,11,True
213989,14,10,True
213990,4,2,True
214018,4,2,True
214020,8,-1,True
214021,8,-1,True
214022,8,-1,True
214023,8,-1,True
214024,8,-1,True
214025,8,-1,True
214026,8,-1,True
214027,8,-1,True
214028,8,-1,True
214029,8,-1,True
214030,4,2,True
214031,13,10,True
214032,3,5,True
214035,5,3,True
214047,4,2,True
214068,4,2,True
214069,7,-1,True
214070,7,-1,True
214071,7,-1,True
214074,5,3,True
214075,4,2,True
214085,3,5,True
214086,3,5,True
214096,4,2,True
214101,3,-1,True
214146,4,2,True
214147,4,2,True
214175,10,12,True
214176,4,2,True
214180,10,12,True
214181,12,11,True
214182,10,12,True
214183,4,2,True
214215,14,10,True
214216,10,12,True
214218,13,11,True
214219,4,2,True
214246,12,11,True
214247,13,11,True
214248,10,12,True
214262,4,2,True
214272,5,3,True
214302,4,2,True
214343,12,11,True
214344,10,12,True
214347,5,3,True
214393,8,-1,True
214403,2,-1,True
214404,2,4,True
214405,2,4,True
214406,2,4,True
214407,2,4,True
214408,2,4,True
214409,2,4,True
214410,2,4,True
214427,2,4,True
214428,2,4,True
214429,2,4,True
214431,2,4,True
214432,2,4,True
214433,2,4,True
214434,2,4,True
214435,2,4,True
214436,2,4,True
214437,2,4,True
214438,2,4,True
214439,2,4,True
214440,2,4,True
214441,2,4,True
214442,2,4,True
214443,2,4,True
214444,2,4,True
214445,2,4,True
214446,2,4,True
214447,2,4,True
214448,2,4,True
214449,2,4,True
214450,2,4,True
214451,2,4,True
214452,2,4,True
214453,2,4,True
214454,2,4,True
214455,2,4,True
214456,2,4,True
214457,2,4,True
214458,2,4,True
214475,2,4,True
214476,2,4,True
214493,14,10,True
214494,12,11,True
214496,4,2,True
214498,3,5,True
214500,10,12,True
214501,13,11,True
214502,10,12,True
214503,13,11,True
214510,4,2,True
214513,10,12,True
214514,-1,10,True
214515,13,10,True
214518,13,12,True
214519,12,11,True
214520,13,12,True
214522,14,10,True
214524,12,11,True
214525,10,12,True
214526,10,-1,True
214527,10,12,True
214528,10,12,True
214529,10,12,True
214530,12,11,True
214531,10,12,True
214532,4,2,True
214533,10,12,True
214536,14,10,True
214537,10,12,True
214538,13,11,True
214539,8,-1,True
214540,8,-1,True
214541,8,-1,True
214549,8,-1,True
214550,8,-1,True
214551,8,-1,True
214552,8,-1,True
214571,8,-1,True
214572,8,-1,True
214573,3,-1,True
214574,3,-1,True
214575,5,3,True
214599,4,2,True
214610,4,2,True
214617,4,2,True
214630,5,3,True
214654,12,11,True
214655,12,11,True
214656,12,11,True
214657,14,10,True
214660,8,-1,True
214661,8,-1,True
214662,8,-1,True
214665,9,-1,True
214666,9,-1,True
214667,8,-1,True
214668,5,3,True
214671,4,2,True
214672,9,-1,True
214673,9,-1,True
214674,4,2,True
214694,4,2,True
214696,4,2,True
214702,13,10,True
214703,12,11,True
214704,4,2,True
214706,5,3,True
214707,12,11,True
214708,13,10,True
214709,13,12,True
214710,-1,10,True
214711,10,12,True
214712,-1,10,True
214713,13,10,True
214714,13,12,True
214716,13,10,True
214717,13,12,True
214719,13,10,True
214720,13,11,True
214722,13,12,True
214723,-1,10,True
214724,4,2,True
214739,13,11,True
214740,10,12,True
214741,14,10,True
214742,12,11,True
214743,13,11,True
214744,12,11,True
214745,2,4,True
214746,2,4,True
214747,2,4,True
214751,13,11,True
214752,13,12,True
214753,12,11,True
214767,5,3,True
214769,5,3,True
214773,8,-1,True
214786,4,2,True
214794,4,2,True
214828,12,11,True
214831,12,11,True
214832,14,10,True
214833,12,11,True
214835,13,11,True
214837,13,11,True
214838,4,2,True
214839,13,12,True
214840,-1,10,True
214841,13,12,True
214842,13,11,True
214843,13,12,True
214844,10,12,True
214845,10,12,True
214846,10,12,True
214847,13,11,True
214848,12,11,True
214849,-1,10,True
214850,13,12,True
214851,14,10,True
214852,12,11,True
214853,10,12,True
214857,8,-1,True
214858,8,-1,True
214859,8,-1,True
214860,8,-1,True
214861,8,-1,True
214862,8,-1,True
214867,8,-1,True
214868,8,-1,True
214877,13,10,True
214878,10,12,True
214880,13,10,True
214881,13,11,True
214925,3,-1,True
214926,3,-1,True
214927,3,-1,True
214928,3,-1,True
214952,-1,10,True
214953,13,12,True
214955,14,10,True
214956,14,10,True
214957,13,12,True
214958,10,12,True
214959,12,11,True
214961,-1,10,True
214962,13,10,True
214963,10,12,True
214964,-1,10,True
214965,10,12,True
214966,13,10,True
214967,13,11,True
214968,13,11,True
214969,13,11,True
215027,5,3,True
215034,-1,11,True
215036,-1,11,True
215041,5,3,True
215044,8,-1,True
215045,5,3,True
215050,3,5,True
215051,3,5,True
215052,3,5,True
215069,5,3,True
215082,4,2,True
215083,13,12,True
215084,13,11,True
215085,10,12,True
215095,10,12,True
215096,10,12,True
215097,10,12,True
215140,4,2,True
215157,5,-1,True
215161,5,3,True
215163,4,2,True
215164,4,2,True
215165,14,-1,True
215166,14,-1,True
215167,14,-1,True
215171,10,12,True
215172,12,11,True
215173,12,11,True
215178,5,3,True
215179,14,10,True
215180,12,11,True
215181,13,10,True
215182,4,2,True
215198,5,3,True
215233,-1,10,True
215235,-1,10,True
215236,4,2,True
215250,4,2,True
215276,4,2,True
215282,3,-1,True
215283,3,-1,True
215284,3,-1,True
215285,3,-1,True
215286,3,-1,True
215287,3,-1,True
215288,3,-1,True
215303,5,3,True
215433,13,10,True
215439,13,11,True
215440,10,12,True
215441,13,10,True
215477,4,2,True
215481,5,3,True
215493,5,3,True
215512,5,3,True
215523,5,3,True
215583,12,11,True
215585,12,11,True
215586,12,11,True
215587,4,2,True
215603,4,2,True
215605,13,11,True
215606,13,11,True
215607,10,12,True
215608,-1,10,True
215609,13,10,True
215610,12,11,True
215611,13,12,True
215613,14,10,True
215614,10,12,True
215621,-1,10,True
215623,14,10,True
215624,13,11,True
215625,4,2,True
215646,5,3,True
215647,4,2,True
215648,14,10,True
215649,10,12,True
215650,-1,10,True
215651,13,12,True
215652,13,12,True
215653,13,11,True
215655,13,12,True
215671,8,-1,True
215672,8,-1,True
215673,8,-1,True
215675,5,3,True
215679,13,10,True
215680,14,10,True
215681,13,11,True
215683,5,3,True
215687,12,11,True
215688,13,10,True
215689,10,12,True
215693,10,12,True
215701,13,10,True
215702,10,12,True
215704,10,12,True
215706,14,10,True
215707,10,12,True
215708,10,12,True
215709,13,11,True
215710,12,11,True
215711,12,11,True
215712,-1,10,True
215713,13,11,True
215715,4,2,True
215772,5,3,True
215773,4,2,True
215774,7,-1,True
215775,7,-1,True
215797,8,-1,True
215799,8,-1,True
215800,8,-1,True
215801,3,-1,True
215802,3,-1,True
215803,3,-1,True
215804,3,-1,True
215805,3,-1,True
215806,3,-1,True
215807,3,-1,True
215808,3,-1,True
215809,3,-1,True
215810,3,-1,True
215811,3,-1,True
215812,3,-1,True
215813,3,-1,True
215814,3,-1,True
215815,3,-1,True
215816,3,-1,True
215817,3,-1,True
215818,3,-1,True
215819,3,5,True
215820,3,5,True
215821,3,5,True
215822,9,-1,True
215832,-1,12,True
215833,14,10,True
215834,10,12,True
215835,13,11,True
215837,4,2,True
215864,4,2,True
215866,10,12,True
215867,13,12,True
215880,13,10,True
215881,12,11,True
215882,10,12,True
215883,13,11,True
215884,13,12,True
215886,10,12,True
215888,13,11,True
215889,14,10,True
215890,-1,10,True
215891,10,12,True
215892,13,11,True
215893,14,10,True
215895,13,11,True
215896,10,12,True
215897,12,11,True
215898,13,11,True
215899,14,10,True
215900,4,2,True
215901,4,2,True
215908,4,2,True
215911,7,-1,True
215931,4,2,True
215932,13,11,True
215933,10,12,True
215934,13,10,True
215950,4,2,True
216077,4,2,True
216078,13,11,True
216079,-1,10,True
216084,5,3,True
216085,8,-1,True
216091,8,-1,True
216092,5,3,True
216107,-1,10,True
216108,10,12,True
216109,4,2,True
216110,4,2,True
216118,12,11,True
216119,13,11,True
216120,4,2,True
216121,4,2,True
216133,4,2,True
216134,4,2,True
216136,13,11,True
216137,12,11,True
216141,4,2,True
216143,4,2,True
216152,4,2,True
216153,4,2,True
216154,-1,10,True
216155,-1,10,True
216156,13,12,True
216166,4,2,True
216167,14,10,True
216168,14,10,True
216169,12,11,True
216170,12,11,True
216171,4,2,True
216172,4,2,True
216173,2,4,True
216174,2,4,True
216176,-1,10,True
216182,4,2,True
216183,8,-1,True
216225,5,3,True
216228,5,3,True
216235,4,2,True
216236,-1,10,True
216237,12,11,True
216238,12,11,True
216239,13,11,True
216240,13,10,True
216241,-1,10,True
216242,13,12,True
216243,-1,10,True
216244,-1,10,True
216246,10,12,True
216247,10,12,True
216248,10,12,True
216249,-1,10,True
216250,13,10,True
216253,10,12,True
216254,14,10,True
216258,10,12,True
216260,14,10,True
216261,10,12,True
216285,5,3,True
216293,10,12,True
216296,12,11,True
216297,10,12,True
216305,4,2,True
216312,5,3,True
216313,4,2,True
216343,4,2,True
216438,-1,1,True
216439,-1,1,True
216440,-1,1,True
216449,4,2,True
216455,5,3,True
216473,4,2,True
216481,8,-1,True
216489,13,11,True
216490,13,12,True
216491,12,11,True
216492,-1,10,True
216493,13,11,True
216494,-1,10,True
216495,12,11,True
216496,10,12,True
216502,5,3,True
216508,7,-1,True
216509,7,-1,True
216511,5,3,True
216512,4,2,True
216515,5,3,True
216517,10,12,True
216522,4,2,True
216523,4,2,True
216525,13,10,True
216526,4,2,True
216527,4,2,True
216536,13,10,True
216537,14,10,True
216539,14,10,True
216556,4,2,True
216571,3,5,True
216575,4,2,True
216579,4,2,True
216596,4,2,True
216610,12,11,True
216611,10,12,True
216612,4,2,True
216627,4,2,True
216628,13,12,True
216629,10,12,True
216630,13,10,True
216631,13,11,True
216632,13,12,True
216633,10,12,True
216634,12,11,True
216635,4,2,True
216650,3,5,True
216659,4,2,True
216680,9,-1,True
216681,9,-1,True
216682,9,-1,True
216683,9,-1,True
216684,9,-1,True
216685,9,-1,True
216686,9,-1,True
216687,9,-1,True
216688,9,-1,True
216689,9,-1,True
216690,9,-1,True
216691,9,-1,True
216692,9,-1,True
216714,4,2,True
216743,8,-1,True
216758,5,3,True
216804,10,12,True
216805,-1,10,True
216806,12,11,True
216807,12,11,True
216808,10,12,True
216809,12,11,True
216811,10,12,True
216812,10,12,True
216813,10,12,True
216815,13,11,True
216816,12,11,True
216837,4,2,True
216921,4,2,True
216954,14,10,True
216956,14,10,True
216957,12,11,True
216959,4,2,True
216960,12,11,True
216961,4,2,True
216970,5,3,True
216971,4,2,True
216972,14,10,True
216973,14,10,True
216974,13,11,True
216975,4,2,True
216983,13,11,True
216984,10,12,True
216985,12,11,True
216986,10,12,True
216987,10,12,True
216988,-1,10,True
216990,-1,10,True
216991,13,12,True
216994,13,11,True
216995,-1,10,True
216996,10,12,True
216998,13,11,True
216999,14,10,True
217019,5,3,True
217021,5,3,True
217037,4,2,True
217040,4,2,True
217043,8,-1,True
217044,8,-1,True
217054,6,-1,True
217057,13,11,True
217058,6,-1,True
217068,6,-1,True
217069,6,-1,True
217071,4,2,True
217072,13,10,True
217074,4,2,True
217075,4,2,True
217100,5,3,True
217102,4,2,True
217105,5,3,True
217114,7,-1,True
217153,5,3,True
217202,-1,10,True
217203,10,12,True
217204,13,10,True
217206,-1,10,True
217207,14,10,True
217208,13,12,True
217221,5,3,True
217222,7,-1,True
217223,7,-1,True
217224,7,-1,True
217228,13,10,True
217229,13,11,True
217230,4,2,True
217246,13,12,True
217247,4,2,True
217274,4,2,True
217293,5,3,True
217294,10,12,True
217317,9,-1,True
217321,5,3,True
217337,8,-1,True
217338,8,-1,True
217339,5,3,True
217366,2,4,True
217368,2,4,True
217483,2,4,True
217484,1,-1,True
217485,2,4,True
217487,2,-1,True
217492,1,-1,True
217508,3,5,True
217513,3,5,True
217514,2,-1,True
217515,2,-1,True
217526,7,-1,True
217556,1,-1,True
217557,8,-1,True
217563,2,4,True
217565,8,-1,True
217568,9,-1,True
217572,3,5,True
217585,0,-1,True
217586,0,-1,True
217587,0,-1,True
217588,0,-1,True
217589,0,-1,True
217594,0,-1,True
217595,0,-1,True
217598,0,-1,True
217656,3,5,True
217657,3,5,True
217658,3,5,True
217662,2,4,True
217663,14,10,True
217668,-1,12,True
217669,-1,10,True
217673,12,11,True
217674,13,12,True
217675,-1,10,True
217677,-1,10,True
217678,13,11,True
217679,10,12,True
217716,3,5,True
217718,3,5,True
217720,3,5,True
217721,3,5,True
217722,3,5,True
217725,3,5,True
217726,3,5,True
217729,3,5,True
217733,3,5,True
217734,3,5,True
217740,3,5,True
217747,3,5,True
217756,3,5,True
217757,3,5,True
217758,3,5,True
217763,2,4,True
217764,2,4,True
217767,13,11,True
217787,0,-1,True
217788,7,-1,True
217790,7,-1,True
217796,3,-1,True
217809,3,5,True
217810,8,-1,True
217811,3,5,True
217812,3,5,True
217821,7,-1,True
217822,3,-1,True
217824,3,5,True
217825,3,5,True
217828,3,5,True
217829,3,5,True
217831,3,5,True
217832,5,3,True
217846,1,-1,True
217854,3,5,True
217855,1,-1,True
217866,0,-1,True
217870,2,4,True
