fid,MS_ID,kmeans_cluster,distance_to_assigned_centroid
24398,24398,1,0.19050553271694914
24399,24399,1,0.19194428085388118
24400,24400,1,0.19219289837171427
24401,24401,1,0.19343051412134468
24402,24402,1,0.1964442908672888
24403,24403,1,0.2008198061024898
24404,24404,2,0.45707664686608596
24405,24405,2,0.4550541884298196
24406,24406,2,0.45897164144231406
24407,24407,2,0.4641298160786668
24408,24408,2,0.47842180919219274
24409,24409,2,0.47175893623197074
24410,24410,2,0.5034940179416767
24411,24411,2,0.5018825504258599
24412,24412,4,0.3098711769684416
24413,24413,4,0.3116925707555777
24414,24414,4,0.3136320398611643
24415,24415,4,0.3147633690485708
24416,24416,4,0.28191408757641406
24417,24417,4,0.2814412919869844
24418,24418,4,0.28381223782715814
24419,24419,3,0.16008641702894255
24420,24420,3,0.16031124643548253
24421,24421,3,0.160652208700154
24422,24422,3,0.16040956011285867
24423,24423,3,0.16030654729641478
24424,24424,3,0.16034014260165014
24425,24425,3,0.15999001346519037
24426,24426,3,0.15982095753905864
24458,24458,4,0.20825739823847664
24459,24459,4,0.20844634481745247
24460,24460,4,0.2102041714225785
24461,24461,4,0.21594380618699704
24462,24462,4,0.2480258012076656
24463,24463,4,0.254502222037873
24581,24581,4,0.13582199534216835
24582,24582,4,0.13528393307176678
24583,24583,4,0.1346286444783525
24584,24584,4,0.13399073347078047
24585,24585,4,0.1338015490058545
24586,24586,4,0.13352754973513242
24587,24587,4,0.13332155375601232
24588,24588,4,0.16644109128737322
24589,24589,4,0.1664029494351071
24590,24590,4,0.1522967037168824
24591,24591,4,0.19280435929259665
24592,24592,4,0.19285883768981998
24593,24593,2,0.2560710466394471
24594,24594,2,0.2560753905587031
24595,24595,2,0.25607792207116425
24597,24597,2,0.2692300770254474
24598,24598,2,0.26922982657280026
24599,24599,2,0.26922993041971344
24600,24600,2,0.2692300770254474
24603,24603,1,0.2609961665632472
24604,24604,1,0.2654985196570284
24605,24605,1,0.2654797035809671
24606,24606,1,0.2654628304701743
24607,24607,1,0.2654364071059303
24608,24608,1,0.2654273030875213
24609,24609,1,0.26542054767705753
24610,24610,1,0.26541286017840815
24611,24611,1,0.26539042829627246
24612,24612,1,0.26538403208395117
24613,24613,1,0.2653779248668828
24614,24614,1,0.2653710675252504
24615,24615,1,0.2653755532773309
24983,24983,1,0.5499552252321195
24984,24984,1,0.559056459387429
24985,24985,1,0.5674123404882965
24986,24986,1,0.2874109235650156
24987,24987,1,0.28726165730181297
24988,24988,1,0.18201502947511167
24989,24989,1,0.18125860341733455
24990,24990,1,0.18105632693127466
24996,24996,2,0.33998215220823835
24997,24997,2,0.2364050845505109
24998,24998,2,0.23640740996382473
24999,24999,2,0.23641120557677137
25000,25000,2,0.23641583311719763
25001,25001,2,0.23642130247574494
25002,25002,2,0.23642582512150367
25017,25017,2,0.805749222608235
25018,25018,2,0.8055160255605707
25019,25019,2,0.8053045389824279
25020,25020,2,0.8050333142699146
25021,25021,2,0.8048671063156791
25022,25022,2,0.8046423435489687
25023,25023,2,0.8043423095105118
25024,25024,2,0.8038308186242415
25025,25025,2,0.803285532983111
25026,25026,2,0.8031603190016563
25027,25027,2,0.8030678481037574
25028,25028,2,0.8030004020368157
25029,25029,2,0.7907545919860214
25030,25030,2,0.7908023322534551
25031,25031,2,0.7910007511105678
25032,25032,4,0.2135261717674372
25033,25033,4,0.20923809505899646
25034,25034,4,0.20531160402868398
25035,25035,4,0.12629077356131782
25036,25036,4,0.12228898157762554
25037,25037,4,0.1164010271439091
25038,25038,4,0.08881925002767882
25039,25039,4,0.11521818378622586
25040,25040,4,0.1130187855150204
25041,25041,4,0.11094434763849491
25042,25042,4,0.10883988640105467
25043,25043,4,0.10673384927878346
25044,25044,4,0.10493871556830374
25045,25045,4,0.10330322812989337
25046,25046,4,0.101306562891759
25062,25062,2,0.1848599335822246
25063,25063,2,0.1850393397314033
25065,25065,2,0.805749222608235
25077,25077,2,0.8044952424819056
25078,25078,2,0.8048971300286741
25079,25079,2,0.8052203996976122
25080,25080,2,0.8052992193095013
25081,25081,2,0.8054174793415556
25118,25118,4,0.2475871150049126
25195,25195,1,0.35085280561674126
25196,25196,1,0.350597183148823
25197,25197,1,0.34974614892890193
25212,25212,2,0.2692300770254474
25213,25213,2,0.26922965514245434
25215,25215,2,0.2692293513264241
25519,25519,4,0.14773429895856424
25520,25520,4,0.14808244125445194
25521,25521,4,0.21681729929091864
25522,25522,4,0.217188757928439
25523,25523,4,0.2175922422135164
25524,25524,4,0.2179690684418115
25525,25525,4,0.21837604027892485
25526,25526,4,0.21889955202224715
25527,25527,4,0.2195372923939103
25528,25528,4,0.22055624579853095
25529,25529,4,0.22095407763836525
25683,25683,4,0.24589524519655703
26078,26078,1,0.26834224939662904
26079,26079,1,0.26828747591591195
26080,26080,1,0.2682404539885119
26081,26081,1,0.26817529596248557
26082,26082,1,0.2652602400076749
26083,26083,1,0.26512996672444034
26084,26084,1,0.26495705344183196
26085,26085,1,0.2645968680296544
26266,26266,4,0.2205438767514555
26298,26298,1,0.25824186395596876
26299,26299,1,0.2655158821601693
26307,26307,2,0.2692300770254474
26308,26308,2,0.26805651992136653
26309,26309,2,0.2668100818384414
26310,26310,2,0.26591611110551305
26347,26347,4,0.4741674835259158
26348,26348,4,0.473983832276984
26349,26349,4,0.4740264891554906
26350,26350,4,0.47530523378922274
26351,26351,4,0.47376446506214986
26352,26352,4,0.47156830020040275
26353,26353,4,0.4688655663697586
26354,26354,4,0.46659325587523903
26355,26355,4,0.46460015992762116
26356,26356,4,0.4604442401823855
26357,26357,4,0.45997104344014433
26358,26358,4,0.4596427487686444
26359,26359,4,0.45859338769261193
26360,26360,4,0.4570169662180848
26361,26361,4,0.45524902507055726
26362,26362,4,0.4538300506378539
26363,26363,4,0.4522798270535893
26364,26364,4,0.45111539829029945
26365,26365,4,0.4499513473945522
26366,26366,4,0.44863414080743513
26367,26367,4,0.4469065474748869
26368,26368,4,0.44484199894654475
26369,26369,4,0.4427887464683097
26370,26370,4,0.44024203599311684
26371,26371,4,0.4372085024163065
26372,26372,4,0.4347198373243973
26373,26373,4,0.4340498598513241
26374,26374,4,0.4309106305631671
26432,26432,1,0.2618746681490349
26433,26433,1,0.3495961515522009
26434,26434,1,0.34834564870773876
26435,26435,1,0.347901315259857
26436,26436,1,0.33627462699051325
26437,26437,1,0.312990411970562
26438,26438,1,0.31187635205212544
26439,26439,1,0.31078952430233187
26440,26440,1,0.3095831754381692
26441,26441,1,0.31141118928754286
26442,26442,1,0.3124017058938543
26443,26443,1,0.322449001194613
26444,26444,1,0.32211540898187085
26445,26445,1,0.3220091761287493
26446,26446,1,0.34352252685919143
26452,26452,4,0.19105384539408668
26453,26453,4,0.19124906102189143
26454,26454,4,0.1913387469588707
26455,26455,4,0.19139522673216564
26456,26456,4,0.1916283537629538
26457,26457,4,0.19173130228016064
26458,26458,4,0.19183230964315268
26459,26459,4,0.19193210664799185
26460,26460,4,0.1920331384219108
26461,26461,4,0.1921367769905835
26462,26462,4,0.19224384744503967
26463,26463,4,0.1923523005378995
26464,26464,4,0.19246736493551792
26465,26465,4,0.19259100934658513
26466,26466,4,0.1927096712976797
26467,26467,4,0.19282564915718758
26468,26468,4,0.19294212517494286
26469,26469,4,0.1930579876023309
26470,26470,4,0.19318311009161387
26471,26471,4,0.1932992104873987
26472,26472,4,0.19341204505934192
26473,26473,4,0.19352001237127286
26474,26474,4,0.19362243903654425
26475,26475,4,0.19371961837496315
26476,26476,4,0.19381714260923175
26477,26477,4,0.1938974251166963
26478,26478,4,0.16789383532587396
26479,26479,4,0.16786123916487536
26480,26480,4,0.16785220807993817
26481,26481,4,0.16786717355505537
26482,26482,4,0.1678693942581836
26636,26636,3,0.04242876445587081
26637,26637,3,0.04233334561092381
26638,26638,3,0.04242470264991314
26639,26639,3,0.0425634257106376
26640,26640,3,0.042734225866810714
26641,26641,3,0.04293626752282694
26642,26642,3,0.04316949298306453
26643,26643,3,0.0434281338751238
26644,26644,3,0.043711113083841
26645,26645,3,0.044023306590018504
26646,26646,3,0.04436285916275336
26647,26647,3,0.04476833733209995
26648,26648,3,0.044848889514847376
26649,26649,3,0.045124189880652504
26650,26650,3,0.04554267990311025
26651,26651,3,0.045984252514294485
26652,26652,3,0.04644043169348593
26653,26653,3,0.04690999152050734
26654,26654,3,0.04739467971171031
26655,26655,3,0.04788794171606593
26656,26656,3,0.04836536409193991
26657,26657,3,0.04881737749416685
26658,26658,3,0.049261006609414175
26659,26659,3,0.049629609098919523
26660,26660,3,0.05000105590163628
26661,26661,3,0.05029467830707132
26662,26662,3,0.05051325235855636
26663,26663,3,0.050951498059242824
26664,26664,4,0.16787436844777653
26762,26762,2,0.3399906606302935
26763,26763,2,0.339991257347898
26765,26765,2,0.44976126752381923
26766,26766,2,0.44976260452919103
26767,26767,2,0.44976461001617835
26778,26778,1,0.26407164026566543
26779,26779,1,0.2640674457525135
26780,26780,1,0.26406598322963193
26781,26781,1,0.26405945800826436
26782,26782,1,0.2644327349452087
26783,26783,1,0.26549234883427797
26784,26784,1,0.2654858562698873
26785,26785,1,0.2654797550159824
26786,26786,1,0.26547427907097354
26787,26787,1,0.265469450484177
26788,26788,1,0.2654567840929702
26789,26789,1,0.2595520924106776
26790,26790,1,0.2606457107444984
26791,26791,1,0.26256232365925886
26847,26847,2,0.33423927909532525
26848,26848,2,0.3125856705819579
26849,26849,2,0.33718363124024114
26850,26850,2,0.3710471536233716
26851,26851,2,0.4275117582375536
26852,26852,2,0.48131094627830934
26853,26853,2,0.5151161492377518
27147,27147,4,0.2757986179912001
27148,27148,4,0.27574277002372316
27192,27192,1,0.26285991817327536
27193,27193,1,0.26359087080096016
27194,27194,1,0.26042175368954695
27195,27195,1,0.2610398458965162
27196,27196,1,0.2617061006750264
27205,27205,2,0.2692300770254474
27206,27206,2,0.2692300770254474
27209,27209,4,0.33959388757980635
27210,27210,4,0.3580268449565798
27211,27211,4,0.37878597093759503
27212,27212,4,0.38213325592103053
27213,27213,4,0.38074478569517667
27214,27214,4,0.42686278071682804
27215,27215,4,0.44852286678456604
27216,27216,4,0.45632282545953007
27376,27376,4,0.22432764122938298
27377,27377,4,0.22459344468696288
27378,27378,4,0.22502740315115832
27379,27379,4,0.22606677349370866
27380,27380,4,0.22693207474535493
27381,27381,4,0.22789954322493336
27382,27382,4,0.22864394858111686
27383,27383,4,0.22937985321095264
27385,27385,4,0.23069840396459382
27386,27386,4,0.21353240223575137
27387,27387,4,0.21413814687935304
27388,27388,4,0.3901226586122695
27389,27389,4,0.39042757322118965
27629,27629,2,0.2692300770254474
27630,27630,2,0.2692295676422292
27631,27631,2,0.2692295336034924
27632,27632,2,0.26922961175645144
27633,27633,2,0.2692298217991095
27634,27634,2,0.2692300770254474
27644,27644,2,0.805749222608235
27645,27645,2,0.8054627549924067
27646,27646,2,0.8051944531896443
27647,27647,2,0.8049503079510276
27648,27648,2,0.8047095470486055
27649,27649,2,0.8044880473976023
27650,27650,2,0.8042803504799508
27671,27671,2,0.2692300770254474
27672,27672,2,0.269230014543627
27673,27673,2,0.2692300770254474
27677,27677,2,0.2692300770254474
27678,27678,2,0.2692300770254474
27679,27679,1,0.40123012717594286
27680,27680,1,0.4002415867905207
27681,27681,1,0.39870324900097176
27682,27682,1,0.40690904784072257
27716,27716,1,0.2655158821601693
27717,27717,1,0.2582322515954755
27718,27718,1,0.24429381153815624
27719,27719,1,0.2382065837183381
27720,27720,1,0.23069708368859845
27721,27721,1,0.2564329288315221
27722,27722,1,0.21058244049134095
27723,27723,1,0.19638017977831046
27724,27724,1,0.1814355789317591
27725,27725,1,0.1691728488656062
27726,27726,1,0.15399025745363815
27727,27727,1,0.14417433688224707
27728,27728,3,0.2570340701843383
27849,27849,2,0.2692300770254474
27850,27850,2,0.26922993229941555
27851,27851,2,0.26922995114171505
27852,27852,2,0.2692300770254474
28249,28249,3,0.29193187877328913
28250,28250,3,0.2939043148359445
28251,28251,3,0.29651606178971374
28252,28252,3,0.2981617693205416
28253,28253,3,0.29845725543948753
28254,28254,3,0.30131184007762357
28255,28255,3,0.3029553158763596
28256,28256,3,0.3047807901430041
28257,28257,4,0.19616323707915964
28258,28258,4,0.19877701713998816
28259,28259,4,0.19820404476519032
28260,28260,4,0.2161383204367886
28261,28261,4,0.21701957767879854
28262,28262,4,0.21845974721917694
28263,28263,4,0.22014081586569492
28264,28264,4,0.22052640531994377
28265,28265,4,0.22176931604342662
28266,28266,4,0.22512235083453222
28447,28447,2,0.2692300770254474
28448,28448,2,0.26923006776438857
28449,28449,2,0.26923006666490146
28450,28450,2,0.2692300770254474
28465,28465,2,0.22309128944698636
28476,28476,2,0.22309128944698636
28477,28477,2,0.2218078721076624
28478,28478,2,0.21864144298441873
28479,28479,2,0.2173921321343714
28706,28706,3,0.16647583513024455
28707,28707,3,0.1640544049599772
28708,28708,3,0.1635655487976991
28709,28709,2,0.40598013215827294
28710,28710,2,0.38166862964069315
28711,28711,2,0.381661385768789
28712,28712,3,0.5006710886991147
28713,28713,3,0.5005272644521036
28714,28714,3,0.5003579553398723
28715,28715,3,0.5001142602832209
28716,28716,3,0.4998919449540418
28717,28717,2,0.44534894553439386
28718,28718,2,0.44427391424325635
28719,28719,2,0.44434979878157155
28720,28720,2,0.44370696737004683
28721,28721,2,0.44289075765711206
28722,28722,2,0.44156338551476
28723,28723,2,0.44103857139765157
28724,28724,2,0.43938851683200664
28725,28725,2,0.4040256374005622
28726,28726,2,0.38443528379813185
28727,28727,2,0.36115532274962037
28728,28728,2,0.4182112545408035
28729,28729,2,0.3140256258288187
28730,28730,2,0.2559686081931824
28731,28731,2,0.2521604255618827
28732,28732,2,0.42521302025400065
28733,28733,2,0.4264860260489453
28734,28734,3,0.12879242359077545
28735,28735,3,0.12932666833488568
28736,28736,3,0.12976589704879665
28737,28737,3,0.0993259173697093
28738,28738,3,0.09950974464505341
28739,28739,3,0.10004168135951609
28740,28740,3,0.10089493851888888
28741,28741,3,0.10150156591985848
28742,28742,3,0.10487897907752286
28992,28992,1,0.44091104166305073
28993,28993,1,0.4444323449173768
28994,28994,1,0.44614523337542095
28995,28995,1,0.44787662077297863
28996,28996,1,0.45057753145652035
28997,28997,1,0.4533654333984987
28998,28998,1,0.4551316470808482
28999,28999,1,0.4559329606539078
29000,29000,1,0.45853266321724484
29001,29001,1,0.46242841526303485
29025,29025,4,0.35660734223579094
29026,29026,4,0.35905251036156977
29027,29027,2,0.7929325761381942
29028,29028,2,0.7932158989920666
29029,29029,2,0.7934842570146502
29030,29030,2,0.7904528497957558
29031,29031,2,0.7907235660774324
29032,29032,2,0.791096388718186
29033,29033,2,0.7917026345430973
29034,29034,2,0.8010693340483254
29043,29043,2,0.2692300770254474
29044,29044,2,0.2692300770254474
29046,29046,4,0.29889451315464244
29122,29122,2,0.24745451854259512
29123,29123,2,0.2528663579852162
29133,29133,1,0.407719048039568
29134,29134,2,0.4163310670307643
29135,29135,1,0.35396382315577024
29136,29136,4,0.1900401813757206
29137,29137,4,0.1902573249699375
29138,29138,4,0.19096012293399767
29555,29555,1,0.2653389514793148
29556,29556,1,0.2655158821601693
29560,29560,4,0.41771144725215975
29561,29561,4,0.4045837871592437
29663,29663,4,0.09901510861040833
29664,29664,4,0.09914361507568646
29665,29665,4,0.09921432387265058
29666,29666,4,0.09921478814966196
29667,29667,4,0.0991572508007689
29972,29972,4,0.10370923371144235
29973,29973,4,0.20384022912371857
29974,29974,4,0.20444624731733885
29975,29975,4,0.20649203801007388
29976,29976,4,0.20775153591565032
29977,29977,4,0.2088639349398099
29978,29978,4,0.2114963639365146
29979,29979,4,0.21293706712722693
29980,29980,4,0.21556235263158618
29981,29981,4,0.2217782087053299
30025,30025,4,0.2257824786713368
30026,30026,4,0.2244983691410873
30027,30027,4,0.22296284560409102
30028,30028,4,0.22122442432363826
30029,30029,4,0.21975212115126225
30030,30030,4,0.21816969270505907
30031,30031,4,0.21608630022570938
30032,30032,4,0.2131743570121362
30033,30033,4,0.21043245773817457
30034,30034,4,0.20978351512506418
30035,30035,4,0.2090569912798885
30036,30036,4,0.27853949946556494
30037,30037,4,0.27962608515723525
30332,30332,4,0.4849975591046695
30345,30345,3,0.6087556915751385
30346,30346,3,0.5391579888391783
30347,30347,4,0.4691719138935945
30549,30549,2,0.2692300770254474
30550,30550,2,0.26922961978937654
30551,30551,2,0.26922955233443363
30552,30552,2,0.26922963503490205
30553,30553,2,0.2692298854927813
30554,30554,2,0.2692300770254474
30563,30563,2,0.8045064636022401
30564,30564,2,0.8049441368149941
30565,30565,2,0.8050956380598766
30566,30566,2,0.8051916019849573
30567,30567,2,0.8052907653467969
30568,30568,2,0.8054590268972673
30569,30569,2,0.8056014609970349
30570,30570,2,0.805749222608235
30577,30577,2,0.2692300770254474
30578,30578,2,0.26922956601971915
30579,30579,2,0.26922956642298107
30580,30580,2,0.26922977951412524
30581,30581,2,0.2692300770254474
30879,30879,4,0.41815669711045556
30880,30880,4,0.4186393513869138
30881,30881,4,0.7483023704559775
30882,30882,4,0.7893212742178237
30884,30884,1,0.2648760841166735
30890,30890,1,0.2653689462594259
30891,30891,1,0.2655158821601693
30895,30895,2,0.7968340808359441
30896,30896,4,0.6832810433983248
30897,30897,4,0.6832792348898058
30898,30898,2,0.7968289641846394
30899,30899,4,0.24751600505885732
30900,30900,4,0.24750777256216622
30901,30901,4,0.24751110053533135
30975,30975,4,0.06768982130502367
30976,30976,4,0.06514843875417281
30977,30977,4,0.05991215302460263
30978,30978,4,0.0581995336093672
30979,30979,4,0.057205336058113045
30980,30980,4,0.1679745435973703
30981,30981,4,0.1683952828028843
30982,30982,4,0.16925662985003442
30983,30983,4,0.1708825758435593
30984,30984,4,0.6894286684320414
30985,30985,4,0.7413936199554384
30986,30986,4,0.7424415511799431
30987,30987,2,0.7950522947401123
30988,30988,2,0.7936509741763798
30989,30989,2,0.794009847733179
30990,30990,2,0.7931137573796571
30991,30991,2,0.8031703917323243
30992,30992,2,0.8030950792931265
30993,30993,2,0.8035829954048224
30994,30994,2,0.8048179949965112
30995,30995,2,0.805749222608235
31040,31040,1,0.24907214989572596
31041,31041,1,0.26409044271090576
31042,31042,1,0.24970016688254154
31043,31043,1,0.24625941637958976
31044,31044,1,0.2383179794424187
31045,31045,1,0.12817587747116418
31076,31076,1,0.20050594297605073
31077,31077,1,0.20163920662932744
31078,31078,1,0.20383132632468962
31079,31079,1,0.2057978566943199
31080,31080,1,0.2073730168815323
31081,31081,1,0.20863031194571244
31082,31082,1,0.2100065009052882
31083,31083,1,0.21149466900026317
31084,31084,1,0.2140749468304952
31085,31085,1,0.2171902603161017
31086,31086,1,0.21987370238016815
31087,31087,1,0.22122835993641296
31088,31088,1,0.22309748344460428
31089,31089,1,0.2256710409173565
31090,31090,1,0.23013441594679077
31091,31091,1,0.23344314162557087
31092,31092,1,0.236565270380032
31093,31093,1,0.24789063626268215
31094,31094,1,0.2495173875089334
31119,31119,1,0.34560361185036415
31120,31120,1,0.3469291414392379
31121,31121,1,0.3480267012913522
31122,31122,1,0.3491751083721965
31123,31123,1,0.35297491065992914
31128,31128,4,0.2529945011360128
31129,31129,4,0.2481737247983981
31130,31130,4,0.24574606039559327
31131,31131,4,0.14824505598101795
31132,31132,4,0.14626198467405496
31133,31133,4,0.14435236909097177
31134,31134,4,0.14309238236443822
31135,31135,4,0.1415867903144077
31136,31136,4,0.13988629312867873
31137,31137,4,0.13714720768764305
31138,31138,4,0.13440796337403438
31139,31139,4,0.1299340459535363
31140,31140,4,0.07848434409139259
31141,31141,4,0.07646453475986073
31142,31142,4,0.07577290094228567
31143,31143,4,0.07545113373090935
31144,31144,4,0.07701180057152121
31145,31145,4,0.07687123325532674
31146,31146,4,0.0767920622637114
31147,31147,4,0.07679443604029744
31148,31148,4,0.07681094149314711
31149,31149,4,0.07682994902886466
31150,31150,4,0.07685128346596022
31151,31151,4,0.07689106484985904
31152,31152,4,0.07694567618206849
31153,31153,4,0.08637288793705947
31154,31154,4,0.08665221891387344
31155,31155,4,0.08684479250732131
31156,31156,4,0.08702122396106167
31157,31157,4,0.0874544048015054
31158,31158,4,0.1842514666247514
31159,31159,4,0.1842563166514631
31160,31160,4,0.18428874479755425
31161,31161,4,0.18428214686876623
31162,31162,4,0.18423422959072291
31163,31163,4,0.18420146199793871
31164,31164,4,0.18410948208962657
31165,31165,4,0.18395939147586393
31166,31166,4,0.18453607486018703
31167,31167,4,0.1844081544767357
31168,31168,4,0.1919676037272655
31169,31169,4,0.16527356310198893
31170,31170,4,0.12960812885809625
31171,31171,4,0.10103180216224646
31172,31172,4,0.0927498644189625
31173,31173,4,0.09626598699883865
31174,31174,4,0.10466763824530097
31175,31175,4,0.1153190249563698
31176,31176,4,0.12388374383937478
31177,31177,4,0.12890920112987064
31178,31178,4,0.13330412200660974
31179,31179,4,0.13702565070915226
31245,31245,4,0.1907915950009006
31246,31246,4,0.18356587550951026
31247,31247,4,0.16718099892686197
31250,31250,4,0.1642797028762613
31251,31251,3,0.27324468468413793
31252,31252,3,0.27275673294772207
31253,31253,3,0.2745458318938085
31348,31348,1,0.2089296673214106
31349,31349,1,0.21076845965437324
31350,31350,1,0.21159551839581608
31351,31351,1,0.30559743199308337
31352,31352,1,0.30603192563588416
31353,31353,1,0.3073235341187601
31354,31354,1,0.32091616900199676
31355,31355,1,0.322441286478131
31356,31356,1,0.32766377403428726
31357,31357,1,0.32852534647473564
31358,31358,3,0.11361334080455203
31359,31359,3,0.11332843654057337
31360,31360,3,0.11470463344002424
31361,31361,3,0.09079767646800736
31362,31362,3,0.08988144164122251
31363,31363,3,0.08681712681625103
31364,31364,3,0.059893868269807825
31365,31365,3,0.05834242041406216
31366,31366,3,0.05600028124130287
31367,31367,3,0.05440663096509979
31368,31368,3,0.05323091692547534
31369,31369,3,0.052206029859172616
31370,31370,3,0.051422533795336074
31371,31371,3,0.05124524580005775
31372,31372,3,0.05128027799120654
31373,31373,3,0.0519580253001135
31374,31374,3,0.053367632169277916
31375,31375,3,0.06056441022324148
31376,31376,3,0.06845516214460427
31377,31377,3,0.07339193341038404
31378,31378,3,0.0754652044462168
31379,31379,3,0.07805150315595696
31380,31380,3,0.08061392431731225
31381,31381,3,0.08237342873938742
31382,31382,3,0.08371293453192229
31436,31436,1,0.28945542767434373
31630,31630,4,0.14135560024064134
31631,31631,4,0.14527687525062918
31632,31632,4,0.14831985759372934
31633,31633,4,0.1512578670797275
31634,31634,4,0.1545147351822805
31635,31635,4,0.15775672610791314
31636,31636,4,0.16176344937987475
31637,31637,4,0.16462581133389803
31638,31638,4,0.16771556228983414
31639,31639,4,0.17118493067968238
31640,31640,4,0.17436383637055167
31641,31641,4,0.17679986012734367
31642,31642,4,0.1803090657129849
31643,31643,4,0.18458620226230216
31644,31644,4,0.1688839456166686
31645,31645,4,0.21482699436984673
31646,31646,4,0.21810343820851208
31647,31647,4,0.22030154672697325
31648,31648,4,0.22254088123476237
31649,31649,4,0.2252097670752729
31650,31650,4,0.22877978996881984
31651,31651,4,0.28252332142274267
31654,31654,2,0.22384162791025622
31655,31655,2,0.22383459793156296
31656,31656,2,0.223423321721154
31657,31657,2,0.22781720009377332
31658,31658,2,0.22224529517380542
31659,31659,2,0.22224455322017367
31660,31660,2,0.2222431664661743
31661,31661,2,0.22223260649988263
31662,31662,2,0.2560588898683607
31663,31663,2,0.22223840047711954
31664,31664,2,0.22224068588479362
31665,31665,2,0.22224251469131198
31666,31666,2,0.22224506508067296
31667,31667,2,0.22686912725064387
31668,31668,2,0.22687087963135097
31669,31669,2,0.22687335798847452
31670,31670,2,0.22687568645311956
31671,31671,2,0.3406609014814561
31672,31672,2,0.34066263990886625
31688,31688,1,0.4545385714686985
31689,31689,1,0.4545385714686985
31706,31706,1,0.3216940353512183
31769,31769,2,0.251647148489247
31893,31893,2,0.2692300770254474
31894,31894,2,0.269228211086226
31895,31895,2,0.26922866023477315
31896,31896,2,0.2692300770254474
32041,32041,4,0.21102325537225922
32042,32042,4,0.2049059774668983
32043,32043,4,0.19968444130769392
32044,32044,4,0.19272262027990122
32045,32045,2,0.7940480410007066
32046,32046,4,0.6626866341104751
32047,32047,4,0.662300458994539
32048,32048,4,0.17919071416499074
32049,32049,4,0.15784636566317514
32056,32056,1,0.12628475587445573
32057,32057,1,0.12201036947894041
32150,32150,4,0.2475871150049126
32247,32247,1,0.21496065780910803
32316,32316,2,0.26921600836510323
32317,32317,2,0.26921274658931177
32318,32318,2,0.26921016692738686
32319,32319,2,0.2692082556710146
32320,32320,2,0.26920699828653877
32321,32321,2,0.26920638777533673
32322,32322,2,0.26920638283268333
32323,32323,2,0.2692069763780883
32324,32324,2,0.26920815666838155
32325,32325,2,0.2692098875322939
32326,32326,2,0.2692121378477889
32327,32327,2,0.26921487476012174
32328,32328,2,0.2692180744271957
32329,32329,2,0.2692217029345336
32330,32330,2,0.26922571524627154
32331,32331,2,0.2692300770254474
32334,32334,2,0.2692300770254474
32335,32335,2,0.2692034069810345
32336,32336,2,0.26917759913383243
32337,32337,2,0.26812946372567253
32338,32338,2,0.26810572178939784
32339,32339,2,0.268083168858946
32340,32340,2,0.2680618062890249
32341,32341,2,0.2679634843498772
32342,32342,2,0.26794445369776004
32343,32343,2,0.2679502465261286
32355,32355,1,0.2552385830804434
32699,32699,2,0.2678214481819718
32700,32700,2,0.2677883557583909
32701,32701,2,0.2679543066512412
32702,32702,2,0.26798648372746287
32703,32703,2,0.24667445289903298
32704,32704,2,0.24670438628250255
32705,32705,2,0.24673430323175935
32713,32713,2,0.2692300770254474
32749,32749,1,0.24510750615481874
32750,32750,1,0.24542836923691558
32751,32751,1,0.24597947886136884
32752,32752,1,0.2472838505053452
32753,32753,1,0.24611471759041148
32780,32780,4,0.23543214920985697
32781,32781,4,0.2316322268258211
32782,32782,4,0.22919374628499514
32783,32783,4,0.22401647911986047
32784,32784,4,0.21845659196044803
32785,32785,4,0.49060304725185133
32786,32786,4,0.2107845780919243
32787,32787,4,0.2087119372883435
32788,32788,4,0.20729369718176344
32789,32789,4,0.20612451343073745
32790,32790,4,0.20502216939849513
32791,32791,4,0.20409749672714872
32792,32792,4,0.20332651676768343
32793,32793,4,0.2025546607637072
32794,32794,4,0.20154883537465723
32978,32978,2,0.2508403107716313
32979,32979,2,0.25084592109737003
32980,32980,2,0.2519676626483343
32981,32981,2,0.3211747831252009
32982,32982,2,0.31856541740524225
32983,32983,2,0.31627840952036584
32984,32984,2,0.3146385041509298
32985,32985,2,0.31309919352153215
32986,32986,4,0.21019862065263387
32987,32987,4,0.2107904520773805
32988,32988,4,0.2112724224487835
32989,32989,4,0.2118121852912659
32990,32990,4,0.21229930657648305
32991,32991,4,0.21287199694840772
32992,32992,4,0.2134559081469047
32993,32993,4,0.21399640393977562
32994,32994,4,0.2147024480507539
32995,32995,4,0.2152811975749749
32996,32996,4,0.2158396193426108
32997,32997,4,0.21638749954499123
32998,32998,4,0.21695198818828235
32999,32999,4,0.21766757800004582
33000,33000,4,0.21825167387090727
33001,33001,4,0.21944970973839695
33002,33002,4,0.22052673074525533
33003,33003,4,0.6107042215585832
33004,33004,4,0.6111843353876061
33005,33005,2,0.25733798037901423
33006,33006,2,0.25706257911064334
33007,33007,2,0.24943938677521876
33008,33008,2,0.24935568566327457
33009,33009,2,0.24927832757216226
33010,33010,2,0.24925847178441657
33011,33011,2,0.25099790755055434
33012,33012,2,0.2509850440206102
33013,33013,2,0.25104756907152886
33014,33014,2,0.25107121171253
33015,33015,2,0.25109157828788087
33016,33016,2,0.2506641022355056
33563,33563,4,0.4110958852670641
33564,33564,1,0.2435454220191037
33568,33568,1,0.2303870239633188
33569,33569,1,0.18671756849548982
33570,33570,1,0.23968022660649246
33571,33571,1,0.24245063570575326
33572,33572,1,0.2500533128464809
33573,33573,1,0.2530396458593887
33574,33574,1,0.25939667490093693
33575,33575,1,0.2573958797987323
33576,33576,1,0.2475555657955978
34285,34285,1,0.0707158778699994
34286,34286,1,0.07068088135190351
34287,34287,1,0.07074944981668849
34289,34289,1,0.1311832349791584
34290,34290,1,0.12889603731362578
34291,34291,1,0.32475502373448734
34292,34292,1,0.3250289125700165
34293,34293,1,0.3203396918064125
34299,34299,4,0.21022693933522316
34300,34300,4,0.2139341404837635
34301,34301,2,0.2692300770254474
34303,34303,2,0.2518971039801453
34304,34304,2,0.2516581124829128
34305,34305,2,0.25138437269348884
34306,34306,2,0.2511876862624217
34307,34307,2,0.24910363930641294
34308,34308,2,0.24073570305648778
34309,34309,2,0.24058524424020647
34310,34310,2,0.24040475536986455
34311,34311,2,0.2402492980783479
34312,34312,2,0.24012598217501066
34313,34313,2,0.23998833832357166
34314,34314,2,0.23983429072684245
34315,34315,2,0.2416689053853496
34316,34316,2,0.24146777613641382
34317,34317,2,0.23788237186918285
34318,34318,2,0.23774756596683866
34319,34319,2,0.23760487369390032
34320,34320,2,0.2519689831298743
34321,34321,2,0.252077869185715
34322,34322,2,0.25558189060582276
34323,34323,2,0.2556918859509983
34324,34324,2,0.2558144480287635
34325,34325,2,0.2414667589629973
34326,34326,2,0.241588022347427
34327,34327,2,0.24170459338678327
34328,34328,2,0.24175622828028293
34329,34329,2,0.24186796955868223
34330,34330,2,0.24198630444422972
34331,34331,2,0.24324347683788117
34332,34332,2,0.24029840988349543
34333,34333,2,0.2404460709330755
34334,34334,2,0.24060458650339703
34335,34335,2,0.24076485318995888
34336,34336,2,0.24092436805665968
34337,34337,2,0.24108204534938413
34338,34338,2,0.25019696122989715
34340,34340,2,0.2692300770254474
34341,34341,4,0.17840325637330395
34342,34342,1,0.06046554994952411
34343,34343,1,0.060990331244894086
34344,34344,1,0.06153732281465902
34345,34345,1,0.06224612263962853
34346,34346,1,0.06307020713277242
34347,34347,1,0.06405584403861192
34348,34348,1,0.2515697623338992
34394,34394,1,0.3059921674297011
34395,34395,1,0.30597310642518233
34396,34396,1,0.3059435639416666
34397,34397,1,0.3059327248911522
34398,34398,1,0.30591640734187436
34399,34399,1,0.30590022364909014
34400,34400,1,0.30588644213398297
34401,34401,1,0.3058693373098803
34402,34402,1,0.30581661191047516
34403,34403,1,0.3058115476304031
34404,34404,1,0.265245832465827
34405,34405,1,0.265152886228807
34406,34406,1,0.2650796330557215
34407,34407,1,0.26496253215587234
34697,34697,4,0.081466141947034
34698,34698,4,0.07637397368496494
34699,34699,4,0.07080990412397173
34700,34700,4,0.17051043949308978
34701,34701,4,0.10100643102271266
34702,34702,4,0.09901527182727703
34703,34703,4,0.0969443772183449
34704,34704,4,0.09527810260131833
34948,34948,1,0.2523245102446065
34949,34949,1,0.2521193630295048
35079,35079,2,0.2692300770254474
35080,35080,2,0.2692300770254474
35092,35092,2,0.2692300770254474
35093,35093,2,0.26922996725517606
35094,35094,2,0.2692300770254474
35207,35207,1,0.27946681260326167
35568,35568,4,0.1564409435543658
35569,35569,4,0.15907519671979556
35570,35570,4,0.16221806917553025
35571,35571,4,0.16461399267326848
35572,35572,4,0.16665996650772757
35573,35573,4,0.16810169303043115
35574,35574,4,0.1697701653881868
35575,35575,4,0.17101781637908067
35576,35576,4,0.17261871570363296
35577,35577,4,0.17471086694388155
35578,35578,4,0.18176593621189813
35579,35579,4,0.18391310615252757
35580,35580,4,0.18416142697176807
35581,35581,4,0.20994771205342433
35582,35582,4,0.2114641760511932
35583,35583,4,0.21334871598401745
35919,35919,4,0.30078742327558877
35920,35920,4,0.30086045169387593
35921,35921,4,0.30064506316169537
35922,35922,4,0.3009769185285632
35925,35925,4,0.3011200423875923
35926,35926,4,0.30108183245292874
35927,35927,4,0.3010646129358095
35928,35928,4,0.30124603419808094
35929,35929,4,0.3012005534256522
35930,35930,4,0.3011648067574688
35931,35931,4,0.30148514323409703
35932,35932,4,0.30142958810194886
35933,35933,4,0.30183977934742257
36058,36058,3,0.48202366440928135
36059,36059,3,0.06421782599887926
36060,36060,3,0.06534461227976333
36061,36061,3,0.08693008286017423
36062,36062,3,0.08775271218452665
36063,36063,3,0.12190121618662574
36064,36064,3,0.3918030521334862
36065,36065,2,0.348988605884122
36066,36066,2,0.3485017800333418
36067,36067,2,0.3562691681046734
36068,36068,2,0.34699442522490714
36069,36069,2,0.34665023168119413
36070,36070,3,0.39059802030781204
36071,36071,3,0.39287868936977827
36072,36072,3,0.1269349513472344
36073,36073,3,0.18602964207424943
36074,36074,3,0.18499487263190598
36075,36075,3,0.17636296253461053
36076,36076,3,0.17601700701893755
36077,36077,3,0.175852580969223
36078,36078,3,0.18911543707208273
36079,36079,3,0.17559690992871718
36080,36080,3,0.17537491169585306
36081,36081,3,0.17533022955636013
36082,36082,3,0.17527035735375948
36083,36083,3,0.17511508095469672
36084,36084,3,0.17411131002464936
36085,36085,3,0.17418665010934198
36086,36086,3,0.1741931379230749
36087,36087,3,0.17423414121073985
36088,36088,3,0.17421941934160587
36089,36089,3,0.1744423759666969
36090,36090,3,0.1745770662917294
36091,36091,3,0.17456049991160688
36138,36138,3,0.35751567186856986
36139,36139,3,0.3525202081166445
36140,36140,3,0.17894648882992129
36178,36178,4,0.20671401065230896
36179,36179,4,0.15017927750331708
36180,36180,4,0.15031413393662788
36181,36181,4,0.15051477604416405
36182,36182,4,0.15073442902419554
36183,36183,4,0.1509868433226972
36184,36184,4,0.15124547699496607
36185,36185,4,0.15156050662711346
36186,36186,4,0.15184888791316006
36187,36187,4,0.1521825362009851
36188,36188,4,0.1525192370577508
36189,36189,4,0.15290280969631045
36190,36190,4,0.15325950493524687
36221,36221,4,0.10997825968802552
36222,36222,4,0.11029008903521163
36223,36223,4,0.13649391384835113
36224,36224,4,0.13662823014313893
36225,36225,4,0.13602559227884178
36226,36226,4,0.1281692469977239
36227,36227,4,0.093768355653797
36228,36228,4,0.09421688281496567
36229,36229,4,0.09463205081402859
36230,36230,4,0.0951798648246224
36231,36231,4,0.09567366042497968
36232,36232,4,0.09620650325681569
36431,36431,1,0.3104256450445631
36432,36432,1,0.3102168646688175
36440,36440,2,0.1999278650738308
36441,36441,2,0.22116194423319194
36442,36442,2,0.22031925012138923
36443,36443,2,0.219774047620333
36444,36444,2,0.21949382599989117
36445,36445,2,0.2190754409482879
36446,36446,2,0.2185089472153621
36702,36702,2,0.8047105161101699
36703,36703,2,0.8046313004497259
36704,36704,2,0.805355967362456
36705,36705,2,0.805749222608235
36719,36719,1,0.25414683397190496
36791,36791,1,0.058267510222692845
36792,36792,1,0.05875941135019068
36793,36793,1,0.05958596327858471
36794,36794,1,0.06045243416161998
36795,36795,1,0.06097960527929957
36796,36796,1,0.06271586949730736
36797,36797,1,0.06403590102680103
36798,36798,1,0.06445578613853245
36799,36799,1,0.06534698078115679
36800,36800,1,0.0657868345402133
36801,36801,1,0.06621903248769125
36802,36802,1,0.06668949413284055
36803,36803,1,0.06714758516513639
36804,36804,1,0.06762071373478445
36805,36805,1,0.06842759313694587
36806,36806,1,0.06970719416906257
36807,36807,1,0.11333205713578769
36988,36988,1,0.26035410067323045
36991,36991,1,0.2637741769787889
36992,36992,1,0.26455478998107773
37086,37086,2,0.26922994863260397
37087,37087,2,0.26922998791210373
37088,37088,2,0.2692300194450673
37089,37089,2,0.2692300770254474
37256,37256,2,0.2648593618622873
37257,37257,2,0.26516502317944496
37258,37258,2,0.2671743943328984
37259,37259,2,0.2675711712024552
37260,37260,2,0.2677689872330068
37261,37261,2,0.26810750861229155
37262,37262,2,0.2689627252165896
37263,37263,2,0.2692300770254474
37403,37403,2,0.2692300770254474
37404,37404,2,0.2692299865864125
37405,37405,2,0.26923001125020657
37406,37406,2,0.2692300770254474
37414,37414,2,0.2692300770254474
37415,37415,2,0.26922999641303175
37416,37416,2,0.2692300770254474
37897,37897,1,0.06918052355486523
37898,37898,1,0.06907965064203161
37914,37914,1,0.7170376005705217
37915,37915,1,0.6654449441500369
37916,37916,1,0.6404316742174234
37988,37988,3,0.3115362673300286
37989,37989,1,0.18539252060032327
37990,37990,1,0.1966492218371255
37991,37991,1,0.20104210764375696
37992,37992,1,0.2040211788526791
37993,37993,1,0.20835610140190958
37994,37994,1,0.2187713963159107
37995,37995,1,0.2226511525776027
37996,37996,1,0.22522538694545177
37997,37997,1,0.22922558429333867
37998,37998,1,0.23185508639275207
37999,37999,1,0.246056100593853
38000,38000,1,0.24256718863744886
38001,38001,1,0.24763116592335044
38002,38002,1,0.25998454574992397
38003,38003,1,0.2655158821601693
38152,38152,2,0.27408790671719463
38153,38153,3,0.4577543063116496
38154,38154,3,0.46458038419213077
38155,38155,3,0.46859482027378163
38156,38156,3,0.47121438066670523
38157,38157,3,0.4727556122248884
38158,38158,3,0.473962968344082
38159,38159,3,0.45403006957175596
38160,38160,3,0.4526868535984275
38161,38161,3,0.4506801269437359
38595,38595,3,0.14244966702339126
38596,38596,3,0.13968498785622593
38597,38597,3,0.13856678651109372
38598,38598,3,0.136656319520674
38599,38599,3,0.13540632939183683
38600,38600,3,0.13458263803074247
38601,38601,3,0.13394248630690997
38602,38602,3,0.1330469461615514
38603,38603,3,0.11753317052169032
38604,38604,3,0.11641040969263589
38605,38605,3,0.11544586528078865
38606,38606,3,0.11571116626651992
38607,38607,3,0.11405840664305876
38608,38608,3,0.06824606253409249
38609,38609,3,0.06845370295118573
38610,38610,3,0.06921133167322123
38611,38611,3,0.0888084916948755
38612,38612,3,0.08950323688873874
38613,38613,3,0.12233138159912832
38614,38614,2,0.44219259513716647
38615,38615,2,0.4421880300704517
38616,38616,3,0.39178594084189183
38617,38617,2,0.34949481597136417
38618,38618,2,0.3495569945782546
38619,38619,2,0.3495314895453995
38620,38620,2,0.3490727728359399
38621,38621,2,0.347850687835185
38622,38622,3,0.39209715714358206
38623,38623,3,0.12349663062338859
38624,38624,3,0.09138718731744427
38625,38625,3,0.09173269794048153
38626,38626,3,0.07286628369279426
38627,38627,3,0.07264039536055085
38628,38628,3,0.048391497613341744
38629,38629,3,0.4803024893348566
38630,38630,3,0.48033261061092847
38686,38686,2,0.23411825894823465
38687,38687,2,0.23413830373962027
38688,38688,2,0.25202022376832234
38689,38689,2,0.25204685853049835
38798,38798,1,0.24995724173864522
38799,38799,1,0.24982740924366167
38851,38851,1,0.22393897297623896
38852,38852,1,0.10322812627761112
38853,38853,1,0.10347176574781566
38854,38854,1,0.10376109609405719
38855,38855,1,0.10445512878338993
38856,38856,1,0.10432781123541804
38905,38905,2,0.8042802146909033
38906,38906,2,0.8041255422097074
38907,38907,2,0.8040320150405138
38908,38908,2,0.8038909515339772
38909,38909,2,0.8037487049848762
38910,38910,2,0.80351877916337
38911,38911,2,0.8033283267995454
38912,38912,2,0.8031801688789812
38913,38913,2,0.8030788410218186
38914,38914,2,0.8030237493384055
38915,38915,2,0.7907884776292118
38916,38916,2,0.7908304423677585
38917,38917,2,0.7909191101848179
38918,38918,2,0.7910583548806729
38919,38919,2,0.7912455120541582
38920,38920,2,0.7914851402339667
38921,38921,4,0.38596613618512365
38922,38922,4,0.38399575989227014
38923,38923,4,0.19918075250407513
38924,38924,4,0.1957055006349532
38925,38925,4,0.19242382284919748
38926,38926,4,0.18924181393472278
38927,38927,4,0.09872960758170393
38928,38928,4,0.09333069104101825
38929,38929,4,0.0901910733379031
38930,38930,4,0.08499826238031963
38931,38931,4,0.07902674618259067
38937,38937,2,0.2692300770254474
39042,39042,1,0.3517026300980065
39043,39043,1,0.4659682214549601
39044,39044,1,0.46934578242088526
39045,39045,1,0.1919424204446665
39394,39394,4,0.25450230669136065
39395,39395,4,0.25111287717642183
39396,39396,4,0.22391017648757586
39397,39397,4,0.21676237212704647
39398,39398,4,0.2150199050149094
39672,39672,4,0.16947056829727422
39673,39673,4,0.16343683210626048
39674,39674,4,0.15749628567164395
39675,39675,4,0.151349004404849
39676,39676,4,0.14478228297963439
39677,39677,4,0.13727812511615545
39678,39678,4,0.12939912528771624
39679,39679,4,0.12349629830155602
39705,39705,4,0.13670976248319414
39706,39706,4,0.12106399207484639
39707,39707,4,0.11117541980814395
39708,39708,4,0.10851274938332744
39709,39709,4,0.10541263075332163
39710,39710,4,0.10289466647253004
39711,39711,4,0.09993186309960413
39712,39712,4,0.09903876771898183
39713,39713,4,0.09860784378958337
39714,39714,4,0.09811152263512836
39715,39715,4,0.09820232802976712
39716,39716,4,0.09850562407088691
39717,39717,4,0.09907982908834523
39718,39718,4,0.1035750819492084
39719,39719,4,0.10733757137033804
39720,39720,4,0.10970022772281927
40423,40423,4,0.19292840860179153
40424,40424,4,0.19295287461686164
40425,40425,4,0.20277574002597884
40426,40426,4,0.20274155286835213
40427,40427,4,0.21324200353007156
40428,40428,4,0.21333243115426004
40429,40429,4,0.21277030709022335
40430,40430,4,0.21328566373888183
40431,40431,4,0.21337335742199118
40432,40432,4,0.21347734175069458
40433,40433,4,0.21354152775544433
40434,40434,4,0.21498057429885678
40435,40435,4,0.21461027972104085
40436,40436,4,0.21484943705187803
40437,40437,4,0.21508408299780923
40438,40438,4,0.21560644295442985
40439,40439,4,0.2161179183803553
40440,40440,4,0.2163945164031574
40441,40441,4,0.21669804269257298
40442,40442,4,0.21756873659105677
40443,40443,4,0.21781025483159314
40444,40444,4,0.2189657079558844
40445,40445,4,0.23314771135450743
40446,40446,4,0.23374224824116613
40447,40447,4,0.23436352191909232
40448,40448,4,0.23530148272568097
40449,40449,4,0.23579578034723636
40450,40450,4,0.23632085871439895
40451,40451,4,0.23669443742541127
40452,40452,4,0.23721910749346956
40453,40453,4,0.2379463120716762
40454,40454,4,0.25173990893487835
40455,40455,4,0.2523051530604157
40456,40456,4,0.2529945011360128
40469,40469,1,0.32801612308149014
40470,40470,1,0.3326160087762948
40471,40471,1,0.3367155702248131
40472,40472,1,0.3399129375100541
40473,40473,1,0.35085280561674126
40624,40624,4,0.24236640484892066
40625,40625,4,0.24191852222189833
40626,40626,4,0.24092728629527577
40627,40627,4,0.24032072989732908
41050,41050,2,0.2595125629826899
41051,41051,2,0.24173971243692174
41052,41052,2,0.24151278207029386
41053,41053,2,0.24129130160144563
41054,41054,2,0.24093565773643727
41055,41055,2,0.24057342644441654
41056,41056,2,0.22315061974821726
41057,41057,2,0.22280620481082922
41058,41058,2,0.22478476628603808
41059,41059,2,0.22447129752341838
41060,41060,2,0.22134247108499605
41061,41061,2,0.22102134591847092
41062,41062,2,0.22070363260164028
41063,41063,2,0.2203805921280066
41064,41064,2,0.22005460641800978
41065,41065,2,0.21972713080243997
41066,41066,2,0.21940254933617442
41067,41067,2,0.21908694965467795
41068,41068,2,0.21878059177678955
41069,41069,1,0.16227767530685305
41070,41070,1,0.16321999593994613
41071,41071,1,0.164169684801986
41072,41072,1,0.16513113977304741
41073,41073,1,0.16609874681928735
41074,41074,1,0.16707002848318636
41075,41075,1,0.16804381436655133
41086,41086,2,0.4641886079831348
41087,41087,2,0.4634538189092263
41088,41088,2,0.4626302418831575
41089,41089,2,0.46127130978159125
41090,41090,2,0.4594263368952798
41091,41091,2,0.4587304708330668
41092,41092,2,0.45832198904383903
41093,41093,2,0.45780367148944534
41094,41094,2,0.45749089404730114
41095,41095,2,0.46685779544663886
41160,41160,1,0.1591521492971706
41161,41161,1,0.13568129859960418
41162,41162,1,0.13558795783091213
41163,41163,1,0.16948204286963894
41164,41164,1,0.15114114781835983
41165,41165,1,0.1508110192728267
41166,41166,1,0.15047113322696035
41167,41167,1,0.12705255147337435
41610,41610,1,0.334505405961468
41611,41611,1,0.15852748510513104
41612,41612,1,0.16972934187383007
41613,41613,1,0.1672193910258669
41614,41614,1,0.13843978339242463
41615,41615,1,0.1334011201007366
41656,41656,1,0.23807717163756056
41657,41657,1,0.2374226092586748
41658,41658,1,0.2612731923681888
41659,41659,1,0.2316691106084907
41660,41660,1,0.23027840569513286
41661,41661,1,0.22158821672677925
41662,41662,1,0.20563859482069713
41663,41663,1,0.21676486329928288
41664,41664,1,0.2370878804408987
41665,41665,1,0.24396078259232717
41666,41666,1,0.24490459549214996
41667,41667,1,0.24505965023182483
41668,41668,1,0.24543056187399287
41669,41669,1,0.24538632668592986
41670,41670,1,0.24543537171076443
41671,41671,1,0.245438794284173
41672,41672,1,0.24547688966144474
41673,41673,1,0.24540424787879864
41674,41674,1,0.24536919469982868
41675,41675,1,0.24530400020142443
41676,41676,1,0.24534282354601986
41677,41677,1,0.24516673320551896
41736,41736,2,0.8154419466792489
41737,41737,4,0.6882747339132798
41738,41738,4,0.6964160361318279
41739,41739,4,0.6962718526485625
41740,41740,4,0.28141973270604437
41741,41741,4,0.28138323348231914
41742,41742,4,0.2810590638773788
41876,41876,2,0.2692273126789153
41877,41877,2,0.269228037715074
41878,41878,2,0.26922826227106245
41879,41879,2,0.2692300770254474
41890,41890,2,0.2692300770254474
41891,41891,2,0.2692298617046309
41892,41892,2,0.26922978727588154
41893,41893,2,0.2692298122577697
41894,41894,2,0.2692300770254474
41896,41896,2,0.26922755304024376
41937,41937,1,0.08816287246484188
41938,41938,1,0.09714716955414536
41939,41939,1,0.19049039845011592
41940,41940,1,0.22758318086628837
41969,41969,2,0.2692300770254474
41970,41970,2,0.2692300770254474
41979,41979,1,0.35085280561674126
41980,41980,1,0.35031514493608246
41981,41981,1,0.3497654175602284
42151,42151,1,0.17301311084188992
42152,42152,1,0.17141943329617657
42153,42153,1,0.16958385334822398
42154,42154,1,0.16815262300986328
42155,42155,1,0.16650798071158182
42156,42156,1,0.16503833746651764
42157,42157,1,0.16344663578981306
42158,42158,1,0.16187302676669307
42169,42169,1,0.26113187803570426
42170,42170,1,0.2327329287813471
42171,42171,1,0.10948173805832133
42650,42650,3,0.07725923559770857
42651,42651,3,0.08288688302422499
42788,42788,1,0.059099794076410264
42883,42883,2,0.23308056329421714
42884,42884,2,0.2509955459381892
42885,42885,2,0.2510176459836089
42886,42886,2,0.25102803721698935
42887,42887,2,0.2510526146460389
43093,43093,2,0.2706740775348957
43094,43094,2,0.27140887763600596
43095,43095,2,0.2715623865218612
43096,43096,2,0.27194407534301723
43097,43097,2,0.2722412271988877
43098,43098,2,0.27260733699719303
43099,43099,2,0.2729745194063024
43100,43100,2,0.21972488122110698
43101,43101,2,0.2200137581733388
43102,43102,2,0.2203431122972377
43103,43103,2,0.22076562489291482
43104,43104,2,0.2214191082835676
43105,43105,2,0.22200266567681776
43106,43106,2,0.2225270834992422
43107,43107,2,0.22274847191776742
43118,43118,3,0.35219002818515077
43119,43119,3,0.3531125484471093
43120,43120,1,0.23934614237935195
43121,43121,3,0.3546035168250731
43122,43122,3,0.35475642905028687
43123,43123,4,0.22339898848699616
43244,43244,1,0.17749534752171156
43245,43245,1,0.17640474626915276
43594,43594,1,0.2613937667510099
43595,43595,1,0.2594241694650774
43596,43596,1,0.25915732054231755
43597,43597,1,0.3382162940997268
44078,44078,2,0.2692286945933503
44079,44079,2,0.26922919362678965
44080,44080,2,0.2692290993600604
44081,44081,2,0.2692300770254474
44711,44711,1,0.07929775655193155
44712,44712,1,0.07126703698891076
44713,44713,1,0.16160283862083905
44714,44714,1,0.18394196200927979
44892,44892,2,0.31780013849909544
44893,44893,2,0.30682350794934
44894,44894,2,0.3066187473265218
44895,44895,2,0.30617955724878343
44896,44896,2,0.23041317050513302
44897,44897,2,0.23237955280486294
44898,44898,2,0.28519705977372845
44899,44899,2,0.2868038216587377
44900,44900,2,0.28965245694776903
44908,44908,2,0.24413536911976885
44911,44911,2,0.2692300770254474
45991,45991,1,0.35328539594042724
45992,45992,1,0.27465879954937716
45993,45993,1,0.2745748857756824
45994,45994,1,0.2721375656375161
45995,45995,1,0.2721690606633669
45996,45996,1,0.2720897469493186
45997,45997,1,0.26396692759357687
45998,45998,1,0.26390967396917336
45999,45999,1,0.26393744905187133
46000,46000,1,0.263984600469651
46001,46001,1,0.2639756827197848
46539,46539,1,0.4876848188309957
46540,46540,1,0.49716815651116353
46557,46557,1,0.5367035642600911
46558,46558,1,0.506581467709449
46560,46560,1,0.4107052879039183
47045,47045,1,0.09128793729054138
47046,47046,1,0.09807777440891882
47047,47047,1,0.10704222918851088
47048,47048,1,0.12154744959264659
47049,47049,1,0.13240207201455617
47050,47050,1,0.13929210215875756
47051,47051,1,0.15478688434083776
47052,47052,1,0.16577998024750237
47053,47053,1,0.17908939418595
47054,47054,1,0.1865403543396485
47055,47055,1,0.19137528491436306
47056,47056,1,0.20718148329035577
47057,47057,1,0.22033463950083843
47060,47060,1,0.24085808960003757
47061,47061,1,0.24669276091495587
47062,47062,1,0.2563132347446168
47063,47063,1,0.25777860264799524
47094,47094,3,0.08569087295653653
47095,47095,3,0.08379056967727505
47096,47096,3,0.08332058719069983
47097,47097,3,0.08269734942825359
47098,47098,3,0.08140085525299919
47099,47099,3,0.08133049609857615
47100,47100,3,0.08123020369271633
47101,47101,3,0.08137244281351405
47102,47102,3,0.0807679916193696
47103,47103,3,0.07980482901652854
47104,47104,3,0.07841732428134196
47105,47105,3,0.07711050071414048
47106,47106,3,0.07598866340992638
47107,47107,3,0.0734957913955183
47108,47108,4,0.18602865832752538
47109,47109,4,0.22818371570334414
47110,47110,1,0.11813460830894315
47111,47111,2,0.39256305563398514
47112,47112,2,0.3488065782704942
47113,47113,2,0.35625161186829696
47114,47114,2,0.3334268497287046
47115,47115,2,0.3243862305660372
47116,47116,1,0.05760502921720589
47117,47117,1,0.05733803937342429
47118,47118,1,0.057519877347427584
47119,47119,1,0.05893173450640331
47120,47120,1,0.061183316772018506
47339,47339,1,0.2655158821601693
47350,47350,4,0.2554318870223155
47351,47351,4,0.2571289089939579
47352,47352,4,0.2594277715249571
47353,47353,4,0.2619922617602896
47354,47354,4,0.2645303287206613
47355,47355,4,0.26737277224374834
47356,47356,4,0.27638002474110757
47357,47357,4,0.28159933033486423
47358,47358,4,0.28587976582170965
47359,47359,4,0.2903961575240538
47360,47360,4,0.2950031085275452
47361,47361,4,0.29923286063560334
47362,47362,4,0.30387588410321326
47363,47363,4,0.3088326515819599
47364,47364,4,0.31509808191056254
47365,47365,4,0.3222929661257544
47366,47366,4,0.32945529789566713
47367,47367,4,0.3313229471308575
47368,47368,4,0.3358977551604869
47369,47369,4,0.3436453800552736
47417,47417,1,0.2649869430119981
47418,47418,1,0.4219482087468646
47484,47484,1,0.23202882530755461
47485,47485,1,0.2127877153835157
47520,47520,4,0.12594609976928461
47521,47521,4,0.12557060232950387
47522,47522,4,0.12520049910204653
47523,47523,4,0.1248815770549585
47524,47524,4,0.12462053120416257
47525,47525,4,0.12405098425146525
47526,47526,4,0.1235187226587875
47527,47527,4,0.12335610955959896
47528,47528,4,0.09344319096841179
47529,47529,4,0.09309373196034586
47530,47530,4,0.09276943682396838
47531,47531,4,0.09238155551563805
47532,47532,4,0.09381176688586916
47533,47533,4,0.09328199358581066
47534,47534,4,0.09375871641787759
47535,47535,4,0.09335883108828776
47536,47536,4,0.09303277259576236
47537,47537,4,0.12040204169485819
47538,47538,4,0.12034769480139082
47539,47539,4,0.12024938083575774
47540,47540,4,0.12026459360944247
47541,47541,4,0.120268179881401
47542,47542,4,0.12028365753467088
47543,47543,4,0.1202996979782502
47551,47551,1,0.45467119956640045
47552,47552,1,0.4058622140874246
47553,47553,1,0.4085577208084202
47567,47567,2,0.2671813586303605
47568,47568,2,0.26771600896496855
47569,47569,2,0.26801466810228397
47570,47570,2,0.2683827151731961
47571,47571,2,0.26880578297180757
47572,47572,2,0.2692300770254474
47574,47574,2,0.2692300770254474
47581,47581,2,0.2692300770254474
47758,47758,1,0.22155085839096714
47759,47759,1,0.22174517893206636
47760,47760,1,0.22156817406273827
47761,47761,1,0.22064465372114136
47762,47762,1,0.21957200290516393
47763,47763,1,0.07618592617157181
47764,47764,1,0.07595908227487265
47765,47765,1,0.07575590375036531
47766,47766,1,0.07536943597760705
47767,47767,1,0.13722319006298359
47768,47768,1,0.1365519946043987
47769,47769,1,0.13681450346950236
47770,47770,1,0.13702722843559687
47771,47771,1,0.13689158354698686
47772,47772,1,0.13676974929920083
47773,47773,1,0.1366712744728319
47774,47774,1,0.1369406200379467
47775,47775,1,0.13680859937805737
47776,47776,1,0.13647251345146902
47777,47777,1,0.13523796081027464
47778,47778,1,0.1379458368392145
47779,47779,1,0.13959842410648687
47780,47780,1,0.13958132540662965
47781,47781,1,0.13991788536774818
47782,47782,1,0.13985954378710722
47783,47783,1,0.15874178890098906
47784,47784,1,0.1591165752871769
47785,47785,1,0.1594133119562236
47786,47786,1,0.1600436319757405
47787,47787,1,0.16055347243575896
47788,47788,1,0.17516067792212278
47789,47789,1,0.17637851872122692
47790,47790,1,0.17750614585272476
47791,47791,1,0.18541546622261482
47792,47792,1,0.18641264570305793
48110,48110,3,0.42678623892512735
48111,48111,3,0.4267989498929315
48112,48112,3,0.4267711292700057
48113,48113,2,0.4346599488534386
48114,48114,3,0.23919657366220784
48115,48115,3,0.23921943757363837
48116,48116,3,0.2241112639147624
48117,48117,3,0.22414073334302037
48118,48118,3,0.224267432551672
48119,48119,3,0.22455060945860833
48127,48127,4,0.28015102118960833
48128,48128,4,0.21550392713226885
48129,48129,4,0.21466852838722725
48130,48130,4,0.22633613797098875
48131,48131,4,0.21597626189014354
48132,48132,4,0.22719895294052983
48133,48133,4,0.2254528234283419
48134,48134,4,0.22521236159645824
48135,48135,4,0.21948234172941009
48136,48136,4,0.22067249848717013
48137,48137,4,0.46606122408243844
48138,48138,3,0.39965061194431495
48277,48277,4,0.4343354851191915
48278,48278,4,0.4334341049435501
48279,48279,4,0.8900066814819179
48280,48280,4,0.8899340949657356
48281,48281,4,0.8897854325677547
48283,48283,2,0.7969467768394345
48284,48284,4,0.6825728863720744
48285,48285,4,0.6825036567025289
48286,48286,4,0.6823252419743497
48287,48287,4,0.6812805082814382
48288,48288,4,0.24096711268922746
48289,48289,4,0.3082183370580606
48290,48290,4,0.3080212059698221
48291,48291,4,0.3075537944416656
48323,48323,1,0.262639560051325
48324,48324,1,0.2638792996454077
48325,48325,1,0.263896854023111
48326,48326,1,0.26391579974712476
48327,48327,1,0.26423905770858414
48331,48331,2,0.2692300770254474
48332,48332,2,0.26922330391843496
48333,48333,2,0.2692163683541376
48334,48334,2,0.2692094575401962
48335,48335,2,0.2692025848415578
48336,48336,2,0.26919585807489915
48337,48337,2,0.26918934726151883
48338,48338,2,0.26918308284745573
48339,48339,2,0.26917681919842346
48340,48340,2,0.2691721598021522
48341,48341,2,0.26917134431520384
48342,48342,2,0.26916593620835627
48343,48343,2,0.269160876382607
48344,48344,2,0.2691561773093238
48345,48345,2,0.2691518842533468
48346,48346,2,0.26914795259274815
48347,48347,2,0.2691444459873372
48348,48348,2,0.2691413783695812
48349,48349,2,0.26913874302245944
48350,48350,2,0.2691365447188309
48351,48351,2,0.2691347962351494
48352,48352,2,0.26913350561130117
48353,48353,2,0.26913270590040284
48354,48354,2,0.2691323809353129
48700,48700,2,0.269230041892764
48701,48701,2,0.2692300770254474
48859,48859,4,0.7242103632078943
48871,48871,4,0.12488466462603012
48872,48872,4,0.12343181787061308
48873,48873,4,0.12299308527553246
48961,48961,1,0.09395602053011255
48962,48962,1,0.09436224697074455
48963,48963,1,0.09482049795463483
49073,49073,4,0.23568254524770257
49074,49074,4,0.2297302812867096
49686,49686,1,0.2035623797369064
49687,49687,1,0.19082716970495886
49688,49688,1,0.13141662009340319
49689,49689,1,0.13401458239058645
49703,49703,1,0.3495709786220785
49704,49704,1,0.35014360688033114
49705,49705,1,0.35085280561674126
49712,49712,2,0.2692300770254474
49714,49714,2,0.2269312496114392
49717,49717,2,0.2692300770254474
49921,49921,1,0.12420780914349898
49922,49922,1,0.10216067212825294
49923,49923,1,0.08037674928353954
49924,49924,1,0.25851959773495126
49925,49925,1,0.2601557800311808
49926,49926,1,0.30538852752287005
49927,49927,1,0.3059921674297011
50224,50224,1,0.2562100224796986
50225,50225,1,0.2447952612957895
50226,50226,1,0.2458273706292273
50227,50227,1,0.24764939043588213
50228,50228,1,0.2539567751017734
50229,50229,1,0.2530022806560026
50230,50230,1,0.251216839752669
50231,50231,1,0.2533648626424636
50232,50232,1,0.24701597880100704
50658,50658,4,0.6202852236538985
50977,50977,4,0.2685417758233551
50978,50978,4,0.277914027639103
50979,50979,4,0.2735539053890291
50980,50980,4,0.27595811685774607
50981,50981,4,0.27996201639542
50982,50982,4,0.2841422026003195
50983,50983,4,0.26823127049474427
51004,51004,3,0.24993384705365335
51169,51169,3,0.29104761588776124
51170,51170,3,0.28976514239966267
51171,51171,3,0.2882577971903995
51185,51185,1,0.3831332071271386
51461,51461,1,0.1667610405713412
51473,51473,3,0.2820258525266245
51474,51474,3,0.2821469319088739
51475,51475,3,0.3447978284917694
51525,51525,1,0.6399326131172253
51526,51526,1,0.2291467232358324
51527,51527,1,0.1746853083072186
51528,51528,1,0.17190287991803824
51529,51529,1,0.16862816784636717
51643,51643,2,0.25090636766643526
51644,51644,2,0.2519667361848271
51804,51804,1,0.17711653445654832
51805,51805,1,0.1774331992312521
51930,51930,1,0.06786669152953817
52010,52010,1,0.06850143194713877
52011,52011,1,0.06871101452568817
52012,52012,1,0.06915055408710354
52013,52013,1,0.24789831939381876
52014,52014,1,0.18611220717145482
52015,52015,1,0.18201780609774607
52016,52016,1,0.16480137152719262
52069,52069,4,0.18816949373376604
52252,52252,4,0.15027878371946282
52253,52253,4,0.1498701855133868
52264,52264,4,0.2306577770246866
52265,52265,4,0.1577298293726151
52266,52266,3,0.10039457359994233
52274,52274,1,0.06985660602805006
52275,52275,1,0.0740604270154942
52276,52276,1,0.2725911345928019
52277,52277,1,0.2659637894391541
52281,52281,1,0.2550033785955786
52282,52282,1,0.25580029532746723
52283,52283,1,0.25648928342964944
52284,52284,1,0.25663771157646115
52285,52285,1,0.2567870297757816
52286,52286,1,0.2569395591750046
52287,52287,1,0.2571274919158949
52288,52288,1,0.2574372424443431
52491,52491,1,0.37926186967335757
52558,52558,1,0.23522549451713184
52559,52559,1,0.2351252496760846
52560,52560,1,0.2357349506938699
52561,52561,1,0.23569043906391732
52562,52562,1,0.1908952867141104
52568,52568,2,0.2182573055783221
52569,52569,2,0.21833806970026326
52570,52570,2,0.30414482633017065
52790,52790,4,0.1556613175053024
53025,53025,4,0.33234871879016625
53026,53026,4,0.2902300681259097
53027,53027,4,0.290078762400863
53091,53091,4,0.16398085325371703
53124,53124,3,0.2380433228700919
53125,53125,3,0.24276931997168286
53302,53302,4,0.0928542024580179
53303,53303,4,0.09026466019743792
53304,53304,4,0.08661786794006418
53554,53554,3,0.20381519037413878
53555,53555,3,0.1517538887400082
53556,53556,3,0.24126117948471484
53563,53563,4,0.10129128687515704
53564,53564,4,0.10290657915540789
53641,53641,3,0.15861930492513257
53655,53655,4,0.2681417615316972
53656,53656,4,0.49963798899079187
53899,53899,1,0.07766305831354929
53949,53949,4,0.09345319970568232
54157,54157,4,0.48552796276271376
54338,54338,1,0.2638251299106455
54511,54511,4,0.11961026584737451
54512,54512,4,0.11985698742065934
54513,54513,4,0.12025408001665863
54681,54681,1,0.09020537721679255
54682,54682,1,0.08906956557881737
54683,54683,1,0.0854679027169441
54684,54684,1,0.08361112398478966
54685,54685,1,0.08124874759418194
54686,54686,1,0.0786385731724918
54687,54687,1,0.07932402895372903
54688,54688,1,0.10421390797627482
54734,54734,1,0.26148216335291385
54735,54735,1,0.2623094366650556
54752,54752,1,0.1808207208725655
54753,54753,1,0.18046916053797438
54773,54773,1,0.13986924291334993
54774,54774,1,0.13971996325641511
54775,54775,1,0.1396864614086843
54776,54776,1,0.1395971130588176
54779,54779,1,0.1403409046814631
54780,54780,1,0.14008056939215102
55126,55126,3,0.07614573119093068
55127,55127,3,0.08193834199715788
55128,55128,3,0.1140748622565998
55129,55129,3,0.1878077018206758
55130,55130,3,0.3921401275956307
55131,55131,3,0.29570894254857555
55230,55230,4,0.10233027537485018
55241,55241,3,0.2163785787344754
55242,55242,3,0.280688672882418
55490,55490,1,0.12681016233472867
55593,55593,4,0.12729800157370133
55594,55594,4,0.128301112473754
55595,55595,3,0.07213732307014777
55596,55596,3,0.07358493323745148
55597,55597,3,0.07701776210680226
55598,55598,3,0.07779908874511532
55599,55599,3,0.07816352830420085
55823,55823,1,0.06789636849117368
56323,56323,4,0.23992042469948843
56358,56358,4,0.09083010455367327
56371,56371,2,0.8101799194628242
56375,56375,1,0.08614644729952665
56376,56376,3,0.08124880390048705
56377,56377,3,0.08522235015345234
56379,56379,3,0.07325109595929298
56386,56386,3,0.2278376801009531
56387,56387,3,0.22336464367489411
56388,56388,3,0.2231844896659059
56389,56389,3,0.2637952938861891
56390,56390,3,0.26932798128596674
56391,56391,3,0.31283985109900236
56417,56417,2,0.3585962364809127
56630,56630,3,0.3565950362350657
56631,56631,3,0.35635654145705464
56651,56651,3,0.1594990011301722
56727,56727,4,0.1978335005792418
56728,56728,4,0.19482824363290707
56936,56936,1,0.15960448468638588
56937,56937,1,0.16199706625359084
56938,56938,1,0.16234305670504207
57246,57246,3,0.07530620661372145
57247,57247,3,0.17064241372952946
57248,57248,3,0.07783102636017503
57249,57249,3,0.07785875343089807
57250,57250,3,0.07793289617014135
57251,57251,3,0.07796946585756473
57252,57252,3,0.07800077766196234
57253,57253,3,0.07805242357946493
57254,57254,3,0.0787549858709663
57255,57255,3,0.0792408531223396
57262,57262,3,0.15173758170742302
57626,57626,4,0.20080628285863827
57693,57693,1,0.1204312479896759
57694,57694,1,0.12136599325447187
57695,57695,1,0.12119577736712749
57696,57696,1,0.1125549799936349
57697,57697,1,0.10071824356887955
57717,57717,4,0.18457341731125057
57718,57718,4,0.18993969848800005
57737,57737,4,0.16270228093547529
57738,57738,4,0.14867123242499733
57739,57739,4,0.13835216509633227
57740,57740,3,0.25598988316857446
57779,57779,1,0.1860040040784265
57780,57780,1,0.1912837109901027
57885,57885,3,0.09571087868268911
57886,57886,3,0.08434303953437557
57887,57887,3,0.15547096410503358
57888,57888,3,0.19871922867565686
57889,57889,3,0.10236381857552475
57904,57904,2,0.2542581245794775
57905,57905,2,0.25376804294574595
57906,57906,2,0.26873837598009875
57907,57907,2,0.26782654974819864
57908,57908,2,0.26290463322247476
58037,58037,1,0.2951569915729822
58038,58038,1,0.1449127357841442
58115,58115,3,0.30510350374645845
58116,58116,3,0.24280198766865838
58117,58117,3,0.20934839564477406
58121,58121,1,0.28889622059572984
58163,58163,1,0.6307636302872399
58164,58164,1,0.6759079397455116
58165,58165,1,0.6749848715103305
58166,58166,1,0.6282768289463827
58502,58502,1,0.0741799428793268
58505,58505,1,0.1273679629957035
58506,58506,1,0.12759080574457973
58632,58632,4,0.5877155194851374
58693,58693,1,0.2773685429577557
58694,58694,1,0.27411895432234074
58703,58703,4,0.48552796276271376
58854,58854,4,0.10111695218916691
58855,58855,4,0.10340923738351382
58914,58914,2,0.4516629114225148
58915,58915,2,0.45145744632576984
59030,59030,3,0.23674365683729004
59031,59031,4,0.14093383618062932
59059,59059,1,0.14490800890530903
59060,59060,1,0.14597850579730537
59061,59061,1,0.14632157189123018
59062,59062,1,0.14673752329975948
59063,59063,1,0.1480053139792021
59245,59245,4,0.1512089796856902
59246,59246,4,0.15234121416387544
59555,59555,4,0.15395839693559718
59556,59556,4,0.1210277058328306
59828,59828,1,0.19961461345832482
59829,59829,1,0.7442807728286062
59979,59979,4,0.1597156086186156
60191,60191,3,0.30053000969111393
60192,60192,3,0.46023316252909735
60560,60560,1,0.26533967816062
60649,60649,3,0.3005269461180041
60650,60650,4,0.41588675375610407
60651,60651,4,0.40318568557589207
60652,60652,3,0.5008796992895161
60653,60653,3,0.4637951440275603
60654,60654,3,0.4538662459266144
60710,60710,4,0.342523370950558
60712,60712,1,0.2806323783181
60713,60713,1,0.27851663126877396
60714,60714,1,0.29210960769392835
60715,60715,1,0.2958771132729087
60761,60761,4,0.25989518776576653
60762,60762,4,0.25881547910839847
60763,60763,4,0.21438859300665825
60764,60764,4,0.21119269551067382
60765,60765,4,0.1369457323362868
60825,60825,1,0.21306841510412253
60826,60826,1,0.11522637533448757
60827,60827,1,0.1404901135997469
60834,60834,2,0.42253181764981834
60835,60835,1,0.4137051293790569
60862,60862,1,0.1493770944016063
60863,60863,1,0.14908013202010065
60864,60864,1,0.14906749349730797
60865,60865,1,0.14899459325078102
60866,60866,1,0.14862559042994114
60867,60867,1,0.14833684726891172
60889,60889,1,0.11672846235289562
60890,60890,1,0.11669664904661947
60891,60891,1,0.11683696576672309
61142,61142,1,0.7442846852292702
61199,61199,1,0.18388981905946938
61200,61200,1,0.2183597201361443
61208,61208,1,0.23910031305503474
61209,61209,1,0.21682112216187507
61210,61210,1,0.21020761051861528
61211,61211,1,0.20907301135069306
61328,61328,1,0.1279833395912687
61329,61329,1,0.13647852140668223
61421,61421,4,0.319496362745435
61422,61422,4,0.23257267933900444
61933,61933,3,0.15740984716333334
61934,61934,3,0.09911613198602832
61935,61935,3,0.14783269550971326
61936,61936,3,0.25184989284862264
61937,61937,3,0.5536327865974188
61950,61950,1,0.569620224668883
61951,61951,1,0.41715352744438144
62196,62196,1,0.1830753748792839
62197,62197,1,0.1841507602119702
62198,62198,1,0.18526164942646453
62199,62199,1,0.18629569276288468
62200,62200,1,0.18756838135430393
62201,62201,1,0.1816125657969232
62202,62202,1,0.21684499089169718
62203,62203,1,0.5150256132423969
62204,62204,1,0.5075323327722738
62205,62205,1,0.500317855816206
62206,62206,1,0.49367636056128356
62207,62207,1,0.3357426185459163
62208,62208,1,0.3343105622178594
62209,62209,1,0.33284964238475795
62210,62210,1,0.3313171914330351
62211,62211,1,0.3301160162199037
62212,62212,1,0.20128076325844677
62213,62213,1,0.19293101377663974
62214,62214,1,0.18198382490505846
62215,62215,1,0.18283029338091789
62216,62216,1,0.19896063529270733
62217,62217,1,0.07946575129146301
62218,62218,1,0.07872134887748082
62352,62352,1,0.14325609718531682
62353,62353,1,0.16236678715076416
62651,62651,4,0.29164484294672943
62675,62675,4,0.2965157451169586
62676,62676,1,0.3281048728897569
62815,62815,3,0.42744550047729063
62816,62816,2,0.28774426270022446
62934,62934,4,0.2813162998240775
62935,62935,4,0.34516257546165274
62941,62941,4,0.2816912827152649
62942,62942,1,0.23535929690561458
62943,62943,1,0.3378464244011406
62944,62944,1,0.2802020380713786
63187,63187,4,0.10980201162320642
63211,63211,4,0.10803786775210003
63212,63212,4,0.10810966969776707
63213,63213,4,0.16368355591428752
63300,63300,1,0.11566813822364848
63301,63301,1,0.115567719735115
63302,63302,1,0.11578358163246096
63303,63303,1,0.13728512948628588
63304,63304,1,0.1936904323896178
63305,63305,1,0.24983741922614508
63306,63306,1,0.48334070047784533
63317,63317,1,0.0645173141676431
63318,63318,1,0.0615792478175203
63319,63319,1,0.06093479339979671
63320,63320,1,0.06012283368801089
63321,63321,1,0.05903728700360675
63322,63322,1,0.05806178061487251
64021,64021,4,0.37771620251945226
64022,64022,4,0.37686477287882414
64336,64336,4,0.11915186590262052
64348,64348,4,0.10555752736279107
64381,64381,1,0.2513670446802309
64382,64382,1,0.251551133656482
64383,64383,1,0.2522993300244143
64398,64398,1,0.10550127014866868
64529,64529,4,0.19734248796041334
64530,64530,4,0.44458830972335095
64531,64531,4,0.4684154748340421
64532,64532,4,0.46856132681502954
64609,64609,1,0.22123506155230818
64610,64610,1,0.3178358020665127
64611,64611,1,0.43065796440125986
64612,64612,1,0.4281502798708348
64613,64613,1,0.4277870943588687
64614,64614,1,0.42632903513320763
64615,64615,1,0.40415169151031133
64616,64616,1,0.2679571633969603
64617,64617,1,0.26313761642146277
64618,64618,1,0.39671264163063275
64619,64619,1,0.4260594482453968
64620,64620,1,0.42799588660133003
64621,64621,1,0.4291615802787114
64622,64622,2,0.4231803929378563
64775,64775,1,0.25907651265201476
64776,64776,1,0.05760431226411259
64777,64777,1,0.06488759452998057
64783,64783,4,0.24000490944627068
64784,64784,4,0.19513485002554468
64793,64793,4,0.09476146752809556
64794,64794,4,0.09616027756380777
64795,64795,1,0.3337449985497837
64796,64796,1,0.33368084154155525
64797,64797,1,0.3338245576092099
64988,64988,3,0.45608405108059463
64995,64995,3,0.3722755349983878
64996,64996,3,0.3056651977983864
64997,64997,4,0.16942438299932705
64998,64998,3,0.3219480669254519
64999,64999,3,0.3583706340708068
65000,65000,3,0.09105710325011811
65231,65231,1,0.08218878463792435
65232,65232,1,0.6827938917840951
65233,65233,1,0.7032112302128752
65234,65234,1,0.5546080541618934
65247,65247,3,0.1483986968200119
65316,65316,1,0.2713365959048397
65317,65317,1,0.4638383735113249
65318,65318,1,0.11658724827120458
65319,65319,1,0.11703469755700567
65320,65320,1,0.11771701112855668
65321,65321,1,0.11836389502270989
65322,65322,1,0.11852546041853217
65323,65323,1,0.11961260781483059
65521,65521,3,0.19976833573699973
65522,65522,3,0.17555145022972374
65523,65523,3,0.17317695664589655
65524,65524,2,0.2642608047852212
65525,65525,4,0.29726180324728835
65526,65526,4,0.29684092741553414
65527,65527,4,0.297078068355134
65528,65528,4,0.2969929033845262
65529,65529,4,0.29694111953241076
65530,65530,4,0.29728876482483596
65678,65678,4,0.24558911809131184
65679,65679,4,0.34398884011419234
65795,65795,3,0.11558192328169402
65796,65796,3,0.09118367048259624
65797,65797,3,0.0859848428073338
65821,65821,1,0.48386809173041806
65823,65823,1,0.11609752974235298
65824,65824,1,0.08355045591062457
65843,65843,1,0.22445874719266448
65844,65844,1,0.22519009981194246
66113,66113,1,0.06101153315309792
66114,66114,1,0.0629182400126997
66147,66147,1,0.2507764872647178
66148,66148,1,0.25051932428322116
66149,66149,1,0.2503033003661489
66195,66195,1,0.22998940150107833
66196,66196,1,0.4416369689176518
66235,66235,3,0.09169369427889279
66236,66236,3,0.09286095619566412
66237,66237,3,0.09306955605330527
66238,66238,3,0.09327239175919376
66239,66239,3,0.17836833699134472
66240,66240,3,0.13968963801160336
66241,66241,3,0.0949027111368254
66242,66242,3,0.09399691327571791
66428,66428,1,0.18766360729461853
66460,66460,3,0.1271999997319237
66473,66473,4,0.5279662902891684
66474,66474,4,0.5322917549221035
66720,66720,4,0.20362536244857296
66721,66721,4,0.20343094740641646
66722,66722,4,0.1916088854624085
66723,66723,4,0.1911442971779842
66929,66929,4,0.09432761319653334
66932,66932,1,0.18632949409084038
66933,66933,1,0.1895760886367438
66934,66934,1,0.19369763893789735
66935,66935,1,0.20000744524173608
66937,66937,1,0.21256561690583253
67306,67306,3,0.050248818961960796
67897,67897,4,0.10308265819089876
67898,67898,4,0.02955463208463443
67899,67899,4,0.029108326542057836
67900,67900,1,0.5280004754956567
67901,67901,1,0.5732621259485357
67902,67902,1,0.5854639934783448
67903,67903,1,0.6119726060893724
68042,68042,1,0.14474199980040084
68384,68384,1,0.27125424131512493
68866,68866,4,0.12802296482968598
68867,68867,4,0.18867191149427606
68868,68868,4,0.32480330610952834
68869,68869,4,0.3274113204280839
69175,69175,4,0.09218134551289837
69190,69190,4,0.1756796538385707
69194,69194,1,0.32221565884002323
69205,69205,1,0.5407980543338495
69374,69374,4,0.12001246320167389
69452,69452,4,0.29435345009454356
69759,69759,4,0.1290379395154109
69760,69760,4,0.18822360033816243
69761,69761,4,0.22400520598333157
70083,70083,3,0.1725539408035027
70084,70084,3,0.1747637105190921
70085,70085,3,0.17478426565588165
70426,70426,1,0.07456154083974384
70427,70427,1,0.5241914520655592
70428,70428,1,0.5302477558615184
70429,70429,1,0.5297655649564836
70538,70538,1,0.2524451717851616
70539,70539,2,0.4170371540598
70540,70540,2,0.41706168155680584
70543,70543,1,0.07585199602321138
70544,70544,1,0.07423193044326916
70545,70545,1,0.09295653359772817
70716,70716,1,0.2315638940839605
70717,70717,1,0.24345001238415473
70779,70779,4,0.10639259422432681
70780,70780,4,0.10726021538585971
70781,70781,4,0.10837700740308848
70782,70782,4,0.11144742074880963
70783,70783,4,0.11203345212759633
70784,70784,4,0.11265049052017434
70785,70785,4,0.11321819564850462
70786,70786,4,0.1140026711436628
70787,70787,4,0.11584372050677708
70788,70788,4,0.11872876378921197
70811,70811,4,0.11622870453833246
70963,70963,2,0.33999060285688815
70997,70997,4,0.20663767312821432
70998,70998,4,0.6580873095293214
70999,70999,4,0.17433887310847535
71227,71227,1,0.06470726294719188
71228,71228,1,0.057737878909008125
71229,71229,1,0.05781016969066539
71230,71230,1,0.18443684291613835
71231,71231,1,0.1897663452236734
71232,71232,1,0.19193350929336947
71292,71292,1,0.2655158821601693
71374,71374,4,0.2105043049506301
71685,71685,1,0.3890810837202321
71686,71686,1,0.3477951661958772
71687,71687,1,0.3345149473644986
71688,71688,1,0.28638477129120565
71689,71689,1,0.2863893670390086
71797,71797,1,0.171832718913807
71798,71798,1,0.172964403070868
71799,71799,1,0.2469253820582689
71800,71800,1,0.17318825738555663
71801,71801,1,0.17325964341945307
71802,71802,4,0.16924931616756717
71803,71803,4,0.16959668596494268
71804,71804,4,0.17171018100431273
71805,71805,4,0.1720337386572955
71820,71820,1,0.23424913841653844
72033,72033,1,0.25841684434534123
72034,72034,1,0.25513132319366144
72035,72035,1,0.2544191073482008
72153,72153,2,0.43040434342590483
72154,72154,1,0.22865780554420442
72155,72155,1,0.22843641937798914
72399,72399,4,0.10713691391179213
72400,72400,4,0.10050807083761325
72419,72419,3,0.30532777274687195
72420,72420,3,0.3462545407301834
72421,72421,4,0.09753545072709933
72422,72422,4,0.12345574076843197
72423,72423,4,0.17843675471598122
72425,72425,4,0.37691980577995726
72426,72426,4,0.3083886514947288
72430,72430,2,0.2763064928575135
72431,72431,2,0.26819968869990907
72432,72432,2,0.22309128944698636
72742,72742,1,0.3464207543168061
72743,72743,1,0.3464097759691438
72744,72744,1,0.32117357167071314
72745,72745,1,0.3211570084211556
72746,72746,1,0.32112755598232146
72747,72747,1,0.32110938941168327
72748,72748,1,0.3210665029446698
72749,72749,1,0.2645180338317204
72750,72750,1,0.26449157638866383
72751,72751,1,0.2644366175141246
72752,72752,1,0.2644065808048574
72753,72753,1,0.2643738739567055
72754,72754,1,0.2642939839038885
72755,72755,1,0.26423993744884716
72756,72756,1,0.26420035334285047
73008,73008,1,0.3056339046317498
73314,73314,3,0.07996206558482431
73315,73315,3,0.08326343737053751
73316,73316,3,0.09108738239095396
73317,73317,3,0.18122538138141603
73318,73318,3,0.21620270828258537
73326,73326,1,0.2578351629189546
73327,73327,2,0.22222846561857648
73328,73328,2,0.2339773863101453
73561,73561,2,0.2692300770254474
73585,73585,3,0.13513578090484338
73590,73590,3,0.23525048817897432
73628,73628,1,0.25651363632655344
73898,73898,1,0.7442846945307109
74077,74077,4,0.09103330204196088
74266,74266,4,0.24286890357555285
74267,74267,4,0.2428809963609562
74268,74268,4,0.242876316018326
74269,74269,4,0.24289638545273515
74284,74284,1,0.07372496327392963
74292,74292,4,0.13479208032889495
74293,74293,4,0.22302480066900687
74327,74327,1,0.06028040982676473
74328,74328,1,0.06022209435876213
74331,74331,1,0.08294131876876347
74360,74360,1,0.4160337047261985
75448,75448,4,0.27397966095038934
75449,75449,4,0.226242437010512
75458,75458,3,0.15615711490686823
75459,75459,3,0.15874671034241183
75460,75460,3,0.16118754571138286
75461,75461,3,0.5228408322412981
75462,75462,3,0.27560423486164065
75463,75463,3,0.09913797602019571
75464,75464,3,0.06242727848081588
75465,75465,3,0.05511749968513845
75472,75472,1,0.2598929996496138
75473,75473,1,0.23203240838462844
75503,75503,4,0.1269550787004116
75504,75504,4,0.10788762790534057
75694,75694,4,0.24282928494029582
75695,75695,4,0.25430251900486217
75773,75773,4,0.1321337122957707
75781,75781,3,0.1904249943709267
75920,75920,4,0.0938103557004862
75923,75923,2,0.22113501305597094
75924,75924,2,0.27362988156499857
75927,75927,3,0.2776316790791137
75928,75928,3,0.250311738495321
75929,75929,3,0.2507912271617231
75930,75930,3,0.25139020516463295
76373,76373,2,0.284770933411506
76899,76899,4,0.10112599950991816
76900,76900,4,0.10180114687189218
76901,76901,4,0.10233376081361913
77007,77007,1,0.22551482676630774
77008,77008,1,0.2247665236947062
77009,77009,1,0.2239341465675994
77010,77010,1,0.2229452447694728
77011,77011,1,0.2595525108619287
77012,77012,1,0.22651295141423644
77013,77013,1,0.23045196461148693
77014,77014,1,0.23037306439581748
77015,77015,1,0.2297745684628143
77016,77016,1,0.2298796404549331
77017,77017,1,0.23939150143212756
77018,77018,1,0.19865554003161778
77020,77020,1,0.2655158821601693
77145,77145,4,0.1472363361458107
77410,77410,4,0.2507364363058292
77411,77411,4,0.253477061952342
77412,77412,4,0.25251590364207066
77413,77413,4,0.25172378849837396
77414,77414,4,0.2524413440398317
77492,77492,4,0.13211507841659784
77493,77493,4,0.1436243350067503
77506,77506,2,0.26721041455108074
77507,77507,1,0.2650348648937409
77608,77608,2,0.2999092525313346
77609,77609,2,0.3044634319915789
77610,77610,2,0.3203331276882675
77611,77611,2,0.2930454588203629
77612,77612,2,0.3334856936778189
77613,77613,2,0.30598796571060216
77614,77614,2,0.30831816284244545
77615,77615,2,0.3087349464698826
77620,77620,2,0.2236883757267027
77621,77621,2,0.2236938562118032
77624,77624,2,0.21692464307087783
77625,77625,2,0.21736332646319023
77635,77635,4,0.37895711035957047
77654,77654,1,0.07961998048306433
77871,77871,1,0.10863743452166706
78175,78175,1,0.6666692812879049
78176,78176,1,0.45557020887129307
78177,78177,1,0.3130069350452065
78178,78178,1,0.2780557788464448
78664,78664,4,0.5195659298828049
78691,78691,3,0.22518624142866503
78692,78692,3,0.20685458471321974
78693,78693,2,0.26637082177001553
78694,78694,2,0.3069008513120951
78695,78695,3,0.4941861019768448
78696,78696,3,0.4818495411796331
78744,78744,2,0.4120065703470503
78745,78745,1,0.24075225447745685
78746,78746,1,0.20263050016893036
78747,78747,1,0.1356613183343063
78748,78748,2,0.3296178085377993
78947,78947,4,0.13396581027340812
78985,78985,4,0.14373711706151931
78986,78986,4,0.17905908756031844
78994,78994,3,0.2510231373296139
78995,78995,3,0.25094278245779494
78996,78996,3,0.25148579568395396
78997,78997,3,0.25151442764313464
79019,79019,4,0.27768930584639057
79369,79369,1,0.08360366272362049
79604,79604,3,0.2863687078163483
79605,79605,3,0.23240954449374052
79606,79606,3,0.16930080312758186
79607,79607,3,0.16970400780179132
79608,79608,3,0.2861914739517268
79618,79618,4,0.22161607046033244
79627,79627,4,0.7578339105280469
79628,79628,4,0.4957647678330044
79629,79629,4,0.5931900549584824
79652,79652,1,0.10165919417049081
79656,79656,1,0.10405296484978897
80456,80456,4,0.28640789664085964
80726,80726,4,0.1415035660062143
80732,80732,4,0.21572059392968243
80733,80733,3,0.1452765299874558
80734,80734,3,0.14783763860410165
80735,80735,3,0.14891199310013675
80736,80736,3,0.350596481311191
81425,81425,1,0.10998932965932876
81428,81428,3,0.64790472390639
81519,81519,2,0.2692300770254474
81520,81520,2,0.26922943249590886
81534,81534,3,0.5849931903812116
81559,81559,4,0.08187668686668925
81560,81560,4,0.08934068285512052
81561,81561,4,0.06224816200709349
81562,81562,3,0.46462257804297186
81563,81563,3,0.3144482518637358
81658,81658,2,0.2788401684039847
81659,81659,2,0.27865084188035305
81664,81664,4,0.19204523880682955
81665,81665,4,0.19603959251802638
81666,81666,4,0.20451459173636666
81852,81852,1,0.26084669152362316
81853,81853,1,0.2627002022299481
81854,81854,1,0.2627094809508564
82129,82129,4,0.21461848655316773
82832,82832,3,0.21938374422898674
82837,82837,4,0.16759124660019872
82838,82838,4,0.1804608828261608
82839,82839,4,0.10061008805294297
82840,82840,4,0.09502646427586162
82841,82841,4,0.09505952434577511
82886,82886,1,0.13163656600043416
82887,82887,1,0.1318380934315614
83212,83212,3,0.11773135542736467
83213,83213,3,0.06567884452003027
83440,83440,1,0.12363600001691162
83441,83441,1,0.12322407682793574
83443,83443,3,0.14462456964293754
83444,83444,3,0.14456208477318605
83445,83445,3,0.2648021774338205
83446,83446,3,0.28853997216638994
83547,83547,3,0.3254978929156724
83548,83548,3,0.32604677989619013
83569,83569,1,0.10064466535929721
83570,83570,1,0.10263023240922794
83683,83683,3,0.20373518586559924
83684,83684,3,0.21360142564667509
83685,83685,3,0.20465482122771841
83686,83686,3,0.20427248902357448
83687,83687,3,0.20213371062751545
83688,83688,3,0.20889730643757212
83689,83689,3,0.2082337488896545
83690,83690,3,0.21834039898853627
83691,83691,3,0.20537997755735354
83740,83740,4,0.1718653413583321
83917,83917,4,0.1709101717355303
84005,84005,1,0.22125807155451327
84006,84006,1,0.20877569611045124
84007,84007,1,0.2024230091612821
84008,84008,1,0.19345836648829942
84020,84020,3,0.1212004554410631
84381,84381,4,0.19480341565533874
84382,84382,4,0.19591716753773153
84383,84383,4,0.19638204486925376
84384,84384,4,0.1974167744723959
84385,84385,4,0.19780776771873707
84386,84386,4,0.19823531283757603
84387,84387,4,0.198092563879679
84388,84388,4,0.19742176069986994
84445,84445,2,0.26687737509477477
84446,84446,2,0.26687737509477477
84587,84587,4,0.6907208421430545
84588,84588,4,0.6185550384519819
84589,84589,3,0.14281864753018378
84590,84590,3,0.13652090425080202
84594,84594,4,0.15530373752282667
84595,84595,4,0.16335952857317618
84596,84596,4,0.15578975170950451
84597,84597,1,0.45279810148084
84782,84782,1,0.08527223409657754
84793,84793,4,0.4453974344507632
85019,85019,3,0.49536415074886414
85020,85020,1,0.5267185669819234
85090,85090,4,0.1465276105779365
85091,85091,4,0.14599662776531652
85092,85092,4,0.145681392211661
85110,85110,1,0.2447198815992009
85111,85111,1,0.23018837957907065
85112,85112,1,0.06773479935201464
85468,85468,1,0.2427146901857002
85469,85469,1,0.24056393663629866
85470,85470,1,0.2396242558665379
85471,85471,1,0.23935783439214062
85472,85472,1,0.23921273776638097
85473,85473,1,0.13781083745886447
85474,85474,1,0.0627684548977399
85475,85475,1,0.24328341848745677
85476,85476,1,0.2465181070494786
85477,85477,1,0.24620711668890338
85478,85478,1,0.24551838485888985
85479,85479,1,0.24345387338600666
85480,85480,1,0.2430354396944547
85678,85678,4,0.2165794278453928
85683,85683,4,0.4734033506412387
85781,85781,2,0.2692300770254474
85782,85782,3,0.07732602581661333
85783,85783,3,0.11120552900789855
85784,85784,1,0.06742397514958937
86161,86161,3,0.22121962900560654
86162,86162,3,0.22105128011552908
86163,86163,3,0.3432421723866719
86164,86164,3,0.3429596417743356
86165,86165,3,0.3445657457906661
86181,86181,2,0.19128759442946508
86182,86182,2,0.24168092335204816
86262,86262,1,0.12344781528729383
86489,86489,1,0.13436724318530074
86524,86524,4,0.1194799095922111
86525,86525,4,0.3027274183912984
86687,86687,1,0.7442854538364014
86806,86806,4,0.25432208177063953
86839,86839,2,0.22237116440987698
86840,86840,2,0.2221368690378548
86841,86841,2,0.22689658108377478
87133,87133,4,0.1227376675684913
87134,87134,4,0.12072304993222806
87135,87135,4,0.09428207888764327
87408,87408,1,0.11844009253721531
87409,87409,1,0.3571599300648765
87410,87410,1,0.05950495724110886
87411,87411,1,0.06973960721467566
87412,87412,1,0.08901917077474751
87413,87413,1,0.09740711091145342
87414,87414,1,0.08894907063812743
87415,87415,1,0.20668767856154774
87416,87416,1,0.10066852672384886
87417,87417,1,0.09250147429790703
87418,87418,1,0.07718204075516043
87419,87419,3,0.13117867225329607
87420,87420,3,0.13162043271220053
87977,87977,4,0.1199192959613797
87978,87978,4,0.1199568588689464
87979,87979,4,0.12365164912266001
87980,87980,4,0.2029294677671255
87981,87981,4,0.15801474204157312
87982,87982,4,0.15779525182833348
87983,87983,4,0.13459301541689944
87984,87984,2,0.2949473805746807
88311,88311,4,0.16547780467287226
88321,88321,4,0.14572131012723727
88489,88489,1,0.12482281842983337
88490,88490,1,0.1265274653536977
88817,88817,1,0.7131986527063857
88818,88818,1,0.7411501991908439
88819,88819,1,0.6805524098222484
88836,88836,4,0.195279737553336
88950,88950,4,0.09309620313551947
88951,88951,4,0.09250856690723461
88952,88952,4,0.09259197812732636
88957,88957,3,0.10147572084718451
88958,88958,3,0.08635002390186444
88959,88959,3,0.06136591533764175
88961,88961,4,0.11226744224722633
88962,88962,1,0.24360763786242529
88985,88985,1,0.26426178509856163
88986,88986,1,0.2643267184186037
88987,88987,1,0.26427188959275766
88988,88988,1,0.26441845179210405
88989,88989,1,0.2645727927577608
89003,89003,1,0.1393060012491932
89017,89017,1,0.23620940844600952
89018,89018,1,0.21149212872112438
89019,89019,1,0.19761215057011322
89272,89272,3,0.08413267621740556
89273,89273,3,0.082028326102786
89274,89274,3,0.08070470959194186
89275,89275,3,0.07309164269514482
89287,89287,1,0.15205323201124224
89288,89288,1,0.15220351862602932
89289,89289,1,0.15215862177727035
89338,89338,1,0.1741403261473003
89339,89339,1,0.17202497619808302
89340,89340,1,0.13018576573239024
89341,89341,1,0.22246888675161874
89342,89342,1,0.22677789289149508
89343,89343,1,0.22050569267097445
89344,89344,1,0.19141688785717678
89553,89553,4,0.19734640090743447
89597,89597,1,0.29773144686926717
89598,89598,1,0.24311536477817342
89778,89778,1,0.5710433779828881
89868,89868,2,0.4552708022447231
90069,90069,1,0.3530705513774958
90070,90070,1,0.35325424752677054
90071,90071,2,0.41621930125883383
90072,90072,2,0.3792147928196856
90073,90073,2,0.232492138676165
90074,90074,2,0.23251310206210649
90075,90075,2,0.23253436028061827
90076,90076,2,0.23256645022223027
90136,90136,4,0.16084789048197498
90146,90146,3,0.21871404841639364
90147,90147,3,0.32628536949790377
90148,90148,3,0.19747358684052987
90149,90149,3,0.11935407725513056
90189,90189,1,0.2640845865424294
90358,90358,4,0.22270428452743943
90359,90359,4,0.13540686011954886
90360,90360,4,0.1331214650432866
90433,90433,4,0.11105173618856477
90456,90456,3,0.34547485247176263
90457,90457,3,0.357502467469075
90458,90458,3,0.5230128449953756
90459,90459,3,0.5492449077524507
90461,90461,2,0.22245049297642905
90525,90525,1,0.1221245356205972
90526,90526,1,0.1217718416832748
90671,90671,4,0.10676079624599094
90787,90787,3,0.10073890236855795
90822,90822,4,0.33781691163429506
90823,90823,4,0.4110405707016029
90840,90840,4,0.28279012863347797
90841,90841,4,0.2755829351431618
90842,90842,3,0.28216009726334196
90843,90843,3,0.27640539742843073
90844,90844,3,0.25463250715063135
90845,90845,3,0.24786702392859541
90910,90910,4,0.19913358489039376
90911,90911,4,0.18742171300498342
90912,90912,4,0.1261347496019945
91533,91533,3,0.2956222823727762
91534,91534,3,0.29819544596214836
91535,91535,3,0.3104415231982306
91536,91536,4,0.20232316812190929
91537,91537,4,0.20390065644507252
92056,92056,3,0.08209507430852983
92057,92057,3,0.07442147716461942
92058,92058,3,0.0725354645245266
92059,92059,3,0.07113989187257809
92060,92060,3,0.06975163285376741
92070,92070,1,0.2999428839969186
92385,92385,1,0.11996117851353624
92386,92386,1,0.12097148559356308
92457,92457,1,0.21299488375966413
92458,92458,1,0.5839673880298614
92459,92459,1,0.7101219287654735
92460,92460,1,0.35678430616566237
92493,92493,3,0.13069717690586732
92545,92545,4,0.15865362134811933
92546,92546,4,0.21375950956878448
92547,92547,4,0.21825873070308313
92684,92684,1,0.34988013520206906
92685,92685,1,0.34934801882108213
92809,92809,2,0.22309128944698636
92810,92810,2,0.21584978779102432
93010,93010,4,0.1496373174118991
93011,93011,4,0.2147329197452819
93279,93279,4,0.1840681148381284
93280,93280,4,0.18607703951867288
93293,93293,3,0.06399985461697626
93294,93294,3,0.06650645165948968
93295,93295,3,0.06734263085855469
93296,93296,3,0.0685235021309321
93297,93297,3,0.06981778195930013
93298,93298,3,0.07076049748995743
93299,93299,3,0.1416520928008827
93330,93330,1,0.07419620231641907
93475,93475,4,0.36001827038471435
93476,93476,4,0.09570068950727918
93522,93522,4,0.2058938597772724
93523,93523,4,0.2075253906100865
93526,93526,2,0.22285286730972517
93528,93528,3,0.41625493495152865
93529,93529,3,0.3520911355286827
93530,93530,3,0.3493233946797216
93531,93531,3,0.33366839078116217
93532,93532,3,0.33286912466114776
93533,93533,3,0.3313834339242318
93734,93734,1,0.12381778270486148
94071,94071,4,0.2146295655926959
94072,94072,4,0.21436398463938836
94073,94073,4,0.21642803495991608
94514,94514,4,0.13405823382871876
94515,94515,3,0.06682778771676397
94516,94516,3,0.06486685489436629
94517,94517,3,0.06434873608580265
94518,94518,3,0.06366156578174666
94519,94519,3,0.06362924622629093
94520,94520,3,0.06189415555272409
94521,94521,4,0.32243502311869743
94522,94522,4,0.14991098907163056
94523,94523,4,0.10154667494612883
94536,94536,2,0.3805318480894523
94541,94541,2,0.3768001500466488
94542,94542,2,0.37953738371782214
94547,94547,1,0.21022648485144477
94548,94548,1,0.10847776059869327
94549,94549,1,0.11009921376449258
94550,94550,1,0.06747911470474549
94691,94691,1,0.2655158821601693
94749,94749,4,0.07640417993609652
94897,94897,1,0.2651023254486102
94932,94932,2,0.2551424180355124
94933,94933,1,0.26548120003365144
94934,94934,1,0.2655158821601693
95633,95633,3,0.1235162225607247
95634,95634,3,0.1406536974371263
95635,95635,3,0.18248177427839715
95636,95636,3,0.1842722113611973
95637,95637,3,0.11924402427460287
95638,95638,4,0.10190917893655667
95956,95956,4,0.104591065403698
95957,95957,4,0.09092755232641243
95958,95958,4,0.216389713154629
95959,95959,4,0.22987626268292566
95960,95960,4,0.2500412266296277
96029,96029,4,0.14764349146278602
96030,96030,4,0.15195919747889217
96031,96031,4,0.19342241954109005
96033,96033,4,0.2414571968371896
96129,96129,3,0.07893740162591434
96130,96130,3,0.07497102953377215
96131,96131,3,0.071452327983169
96381,96381,4,0.10749905159895329
96382,96382,4,0.1064115398228124
96383,96383,4,0.1277881440830147
96432,96432,4,0.2493114271182718
96433,96433,4,0.2490515337836061
96434,96434,4,0.24834975860831057
96458,96458,4,0.2769289813081919
96459,96459,4,0.2520357217797656
96460,96460,1,0.18876546598217533
96461,96461,1,0.17407121667105918
96462,96462,1,0.1617722803855887
96470,96470,4,0.5637404781072747
96472,96472,4,0.18607335777067074
96473,96473,4,0.17978759532196778
96474,96474,4,0.17698508345622585
96475,96475,1,0.369145637186341
96819,96819,4,0.1603110285920814
96835,96835,4,0.09640205551788267
96836,96836,4,0.14264039859375113
96882,96882,4,0.6504326853710004
96928,96928,2,0.26455829441395917
96929,96929,2,0.2645421029921742
96930,96930,2,0.26300511548001565
96931,96931,2,0.2622282258241253
96932,96932,2,0.2622206892243821
96933,96933,2,0.26221365591394136
96934,96934,1,0.265038023889003
97123,97123,1,0.09528187492324436
97124,97124,1,0.1141463273702646
97125,97125,2,0.3279124690904188
97126,97126,1,0.30045420677416124
97155,97155,4,0.4539576846064973
97156,97156,4,0.4537709702151355
97157,97157,4,0.429794949547156
97158,97158,4,0.1585518729701944
97159,97159,4,0.1659932422982279
97535,97535,2,0.2996682182696109
97536,97536,1,0.2577338633048307
97537,97537,1,0.33855257922208765
97935,97935,2,0.3617708704190317
97936,97936,2,0.3903953275479817
97971,97971,1,0.48115256812719187
97972,97972,1,0.42401431919951243
97973,97973,1,0.37793406057112805
97974,97974,1,0.08170002763738173
97975,97975,1,0.08082821859736113
97976,97976,1,0.08605633515279511
98034,98034,1,0.10293807489562168
98035,98035,1,0.06015187661928595
98224,98224,4,0.11770147302246742
98245,98245,1,0.25514528729359087
98246,98246,1,0.1338652930930071
98440,98440,3,0.3213482067081596
98441,98441,3,0.32144538448968457
98442,98442,3,0.30848064104657513
98449,98449,3,0.1641091185497392
98452,98452,3,0.20847022168082696
98454,98454,3,0.3251133491114434
98455,98455,3,0.32544824967832275
98456,98456,3,0.06285466552851887
98469,98469,1,0.26223251642686995
98470,98470,1,0.2595245579866658
98792,98792,4,0.11022808455548355
98793,98793,4,0.11367173941650358
98794,98794,4,0.19831941523049174
98795,98795,4,0.19018554897565312
99348,99348,2,0.37537329942080494
99471,99471,3,0.4591322378667928
99472,99472,3,0.09382360291214953
99507,99507,1,0.12773647786188463
99634,99634,1,0.4002648511755724
99635,99635,1,0.40293566260618496
99925,99925,1,0.2452135392292911
99926,99926,1,0.24669204760979724
99927,99927,1,0.24805610131188338
99928,99928,1,0.24862153917368576
99929,99929,1,0.17884764508942844
99930,99930,1,0.1790308104692884
99931,99931,1,0.17924916806636973
100301,100301,3,0.7468049935799047
100304,100304,1,0.06317836256608604
100305,100305,1,0.06260680231109561
100713,100713,4,0.3956801120511358
100721,100721,1,0.20257376165744884
100722,100722,1,0.19615102682800634
100743,100743,1,0.4896673095069674
100744,100744,1,0.1347599976470281
100747,100747,1,0.1214461458577269
100748,100748,1,0.12152393928223777
100749,100749,1,0.12145287602796954
100750,100750,1,0.12119586541748749
100751,100751,1,0.12037313734725724
101539,101539,2,0.2692264983678891
101540,101540,2,0.2692300770254474
101611,101611,4,0.11531230490682783
101612,101612,4,0.5157054265321253
101613,101613,4,0.2585113294366436
101627,101627,4,0.14887045794880674
101628,101628,4,0.31447146264592624
101629,101629,4,0.30733976116129386
101630,101630,1,0.31979593026308145
101631,101631,1,0.22348881762287331
101649,101649,2,0.26444268686741734
101650,101650,2,0.2692300770254474
101653,101653,2,0.267665792702591
101654,101654,2,0.2676594650713077
101655,101655,2,0.26764975095215643
101656,101656,2,0.267642214431036
102153,102153,1,0.1824942753810797
102154,102154,1,0.18223388155085016
102267,102267,4,0.1570868951890564
102268,102268,2,0.5603169093070157
102276,102276,3,0.5311960426675957
102277,102277,3,0.10498182077229609
102408,102408,1,0.7310369148358039
102409,102409,4,0.13579481409903818
102410,102410,4,0.1355051719559324
102411,102411,4,0.1331594665859354
102412,102412,4,0.13181278181918923
102413,102413,4,0.13305945412364031
102414,102414,4,0.13320787477261342
102415,102415,4,0.1212793974035196
102416,102416,4,0.09529413812842143
102440,102440,4,0.12210745241148711
102441,102441,4,0.20040108976515053
102724,102724,1,0.26428861848063206
102979,102979,4,0.12416038941607696
102980,102980,4,0.38191496298043387
103061,103061,1,0.14497495192718726
103122,103122,4,1.0478810469658755
103130,103130,4,0.18707532553598774
103131,103131,4,0.18762557613769493
103406,103406,1,0.12222513091222847
103407,103407,1,0.25251416258360987
103408,103408,1,0.34313124889064317
103409,103409,1,0.3453309898685272
103410,103410,1,0.3460062888676315
103411,103411,1,0.24345019238099277
103412,103412,1,0.23510069506540365
103493,103493,4,0.07794537352970733
103785,103785,4,0.2476500119635412
103786,103786,4,0.2461938988820005
103787,103787,4,0.2771621849410935
103788,103788,4,0.27705906323880286
103789,103789,4,0.2769830884304158
103923,103923,2,0.443606768545101
103943,103943,1,0.37923393408563444
103944,103944,2,0.30979021899528414
103945,103945,2,0.30979085294209296
103946,103946,2,0.30979189566234583
103947,103947,2,0.3097988696078875
103948,103948,1,0.3792281719419818
104136,104136,1,0.2655158821601693
104137,104137,1,0.26481738936135074
104138,104138,1,0.26432057085968064
104165,104165,3,0.3463973480823454
104166,104166,3,0.3455420290106971
104167,104167,3,0.34495642534816173
104168,104168,3,0.34382907255811446
104842,104842,3,0.14244590933529913
104843,104843,3,0.14233271896040836
105024,105024,3,0.38922263017003295
105025,105025,3,0.3949840936984683
105026,105026,3,0.4086429334755011
105027,105027,3,0.41035069861071355
105061,105061,4,0.11644745076585912
105062,105062,4,0.11668225560630929
105063,105063,4,0.1168695440135756
105064,105064,4,0.11481320076078837
105100,105100,1,0.22130552959206715
105101,105101,1,0.22647824792667406
105240,105240,4,0.12325539757889999
105241,105241,4,0.09706534310210857
105278,105278,3,0.060284135941188005
105347,105347,1,0.07959708375014009
105348,105348,1,0.6020689997608084
105349,105349,1,0.14098138498269927
105476,105476,1,0.68221638183366
105555,105555,1,0.1352399225729712
105556,105556,1,0.10059250540303037
105567,105567,4,0.6184640877115258
105641,105641,4,0.4948375189842684
105720,105720,1,0.3038710190734757
105721,105721,1,0.07835992210447823
105722,105722,1,0.21949293371563053
106012,106012,4,0.19481266951070786
106013,106013,4,0.20993983475964054
106014,106014,4,0.22657174414818834
106015,106015,4,0.2427011463963542
106016,106016,4,0.2664322459944685
106151,106151,3,0.12251457911930105
106152,106152,3,0.14181344669074944
106548,106548,3,0.36736736640780526
106571,106571,1,0.14092685304487013
106572,106572,1,0.14282039559553647
106573,106573,1,0.14550876633911164
106574,106574,1,0.14821021897031775
106575,106575,1,0.6868901544166126
106576,106576,1,0.1615667847397867
106577,106577,1,0.0762196915321918
106578,106578,1,0.07780714487466543
107096,107096,4,0.5177144019270862
107097,107097,4,0.5299465452011503
107098,107098,4,0.7160227290240735
107099,107099,4,0.718462716723874
107100,107100,4,0.7404853612065958
107101,107101,4,0.7585587877017098
107102,107102,4,0.15632918787544978
107103,107103,4,0.1544863252055883
107104,107104,4,0.15294277458914035
107105,107105,4,0.15212901765599493
107106,107106,4,0.6388935489241518
107326,107326,4,0.3848753459472834
107327,107327,4,0.34486690645201784
107328,107328,4,0.1353440618312456
107329,107329,4,0.10284657447395858
107330,107330,4,0.10449515935248835
107333,107333,3,0.32378493796599006
107334,107334,3,0.3239666008297447
107339,107339,1,0.1274286883202679
107340,107340,1,0.12768027727808726
107507,107507,2,0.805749222608235
107854,107854,1,0.26387077981600926
107855,107855,1,0.29152321924002667
107856,107856,1,0.3360389688683868
107857,107857,1,0.7490569607272135
107858,107858,1,0.7484347456062267
107859,107859,1,0.7484794394587082
107885,107885,4,0.2694462802693834
107888,107888,1,0.12308643932597284
107889,107889,1,0.12334687691574449
107890,107890,1,0.1233652314550759
107891,107891,1,0.12337837367332201
107892,107892,1,0.12338733155985313
107893,107893,1,0.1231134659639136
107894,107894,1,0.1237366091518681
108528,108528,1,0.13218795322049212
108529,108529,1,0.1316082790468089
108530,108530,1,0.13287574416356776
108531,108531,1,0.13378114271215405
108532,108532,1,0.13428806529617696
108533,108533,1,0.13466050362950693
108534,108534,1,0.13517710136073205
108535,108535,1,0.17807805144229172
109076,109076,4,0.10025512450111602
109077,109077,4,0.1080559164142972
109078,109078,4,0.10633646488386889
109115,109115,1,0.5766669878861466
109116,109116,1,0.5870416712646932
109117,109117,1,0.596302389555919
109118,109118,1,0.5946436380449472
109353,109353,4,0.3611341047467288
109601,109601,1,0.38661255683038587
109605,109605,2,0.2692300770254474
109655,109655,4,0.1000154942140816
109754,109754,4,0.2567033465819142
109755,109755,4,0.2584934185326374
109756,109756,4,0.2606950567736863
109757,109757,4,0.26154701153959453
109758,109758,4,0.261860934968103
109759,109759,4,0.26198522186239065
109815,109815,3,0.30832812240844837
109816,109816,3,0.310279834208094
109817,109817,3,0.3133750190394583
109818,109818,3,0.3149769246139639
109819,109819,3,0.3168778748324867
109820,109820,3,0.31648318789553265
109821,109821,3,0.31658406076404827
109822,109822,3,0.2757867965050283
109823,109823,3,0.2760497547727132
109937,109937,1,0.19306952056423524
109938,109938,1,0.1930457553552128
109939,109939,1,0.19275400986372485
110222,110222,1,0.26427568299607995
110326,110326,1,0.2605505886801801
110565,110565,2,0.2692300770254474
110759,110759,4,0.15407749909540158
110760,110760,4,0.15078735080850525
110761,110761,4,0.20609076036878174
110763,110763,4,0.2367731721309788
111031,111031,1,0.2984209119625526
111032,111032,1,0.28979319610063936
111079,111079,1,0.2624680164486868
111080,111080,1,0.2557405314875113
111081,111081,1,0.15348452918849945
111082,111082,1,0.1465418788624396
111083,111083,1,0.10396111876290924
111084,111084,1,0.10610561089769836
111399,111399,4,0.19133361522268616
111468,111468,4,0.3904432411470255
111525,111525,3,0.18202673136346645
111526,111526,3,0.35943043305324274
111527,111527,3,0.10837293701521664
111528,111528,3,0.10505560655955992
111751,111751,4,0.24688842603452602
111752,111752,4,0.19949052987332258
111753,111753,4,0.21411343927267187
111911,111911,4,0.23849940477726472
111912,111912,4,0.19348498121178756
111913,111913,4,0.1969651912359944
111928,111928,4,0.4829344214528072
111929,111929,4,0.47472638661828565
111932,111932,1,0.28992116523317346
111933,111933,1,0.43765243239902474
111934,111934,1,0.45408144601482003
112103,112103,1,0.1923528958871255
112104,112104,1,0.2138113663400643
112539,112539,4,0.1738083909507373
112655,112655,4,0.3550421716554163
112656,112656,4,0.3550458472104713
112657,112657,4,0.35498804558333613
112658,112658,4,0.35503652687066495
112659,112659,4,0.35522871884677343
112661,112661,4,0.7085547911776551
113321,113321,4,0.3847214848283945
113533,113533,4,0.12335831770482136
113534,113534,4,0.11373171667790195
113535,113535,4,0.10865845824182825
113536,113536,4,0.13387178831616514
114037,114037,1,0.3046479871979678
114038,114038,1,0.26016284137510026
114039,114039,1,0.2679463273665602
114041,114041,1,0.5063121185879145
114087,114087,1,0.06148776906772179
114088,114088,1,0.061625702943914624
114089,114089,1,0.06174339118055265
114090,114090,1,0.06184099792518372
114091,114091,1,0.0618597148302748
114092,114092,1,0.06211496965343265
114093,114093,1,0.06214014763918336
114181,114181,3,0.05612206080389495
114182,114182,3,0.053113798893108806
114183,114183,3,0.050386687052988835
114331,114331,1,0.06185177881981308
114332,114332,1,0.3351961648773495
114333,114333,1,0.3243326225594003
114641,114641,4,0.1761178067356328
115427,115427,4,0.1067913681189065
115428,115428,4,0.12678072267155122
115437,115437,1,0.1412612999995628
116207,116207,4,0.2306426185015709
116246,116246,3,0.09669179571648925
116247,116247,3,0.09072781322628268
116275,116275,4,0.09148196383341428
116276,116276,4,0.09189045170994511
116287,116287,2,0.3805318480894523
116606,116606,4,0.30026484221245026
116607,116607,4,0.29717045083229865
116608,116608,4,0.43192177808284893
116609,116609,4,0.3275536991269911
116686,116686,3,0.07043621822500039
116851,116851,4,0.24323877539037794
116861,116861,1,0.06069079593050316
116862,116862,1,0.5733582492236428
116863,116863,1,0.06054050021247359
116864,116864,1,0.0792266576630344
116865,116865,1,0.0764506264147084
116866,116866,1,0.06466749409863054
116867,116867,1,0.06040748712193382
117081,117081,4,0.2188604867787312
117097,117097,3,0.321612443037808
117098,117098,3,0.12352984246159347
117099,117099,3,0.0940715700623421
117100,117100,3,0.09411446080595878
117101,117101,3,0.09302501510272514
117102,117102,3,0.10583974359558895
117114,117114,3,0.06185473593445555
117437,117437,4,0.107579356280903
117438,117438,4,0.1089284863862507
117439,117439,4,0.13015530900397554
117652,117652,4,0.11514032639125021
117653,117653,4,0.10083368544859408
117654,117654,4,0.09558176680010284
117661,117661,4,0.11007235854767465
117662,117662,4,0.16768271897194176
117663,117663,1,0.2491242348724267
117664,117664,1,0.30610750647487134
117867,117867,4,0.2266468634672758
117868,117868,4,0.22511493795470322
117941,117941,4,0.5004573984104157
117942,117942,4,0.5584954843787374
117943,117943,4,0.516100029488714
118013,118013,3,0.18665193003017003
118014,118014,3,0.1924904809697241
118015,118015,3,0.3468705306749832
118016,118016,3,0.3468694148216072
118166,118166,4,0.15617449890605165
118170,118170,4,0.11840582537975082
118171,118171,4,0.10695085551184422
118193,118193,3,0.05754756587258088
118194,118194,3,0.06125924993413406
118195,118195,3,0.0607302846593064
118214,118214,1,0.36470755992650206
118215,118215,1,0.27270099199415065
118216,118216,1,0.2599756627763258
118226,118226,1,0.1380335782873161
118227,118227,1,0.15030437454634296
118228,118228,1,0.15080016462024887
118229,118229,1,0.15263866151469607
118712,118712,4,0.12404445337394734
118713,118713,4,0.10004463186773639
118714,118714,4,0.10023962192695435
118715,118715,4,0.09176247166089155
118716,118716,4,0.21577400255516535
118736,118736,3,0.25885604297955617
118743,118743,1,0.23968964303088675
118745,118745,4,0.1593240882427193
118746,118746,4,0.1683175047296838
118775,118775,1,0.12943208253212862
118776,118776,1,0.18733539863614587
119025,119025,3,0.34359746946007724
119026,119026,3,0.3508330198175523
119027,119027,3,0.35215898474401014
119030,119030,3,0.3384416716574918
119031,119031,3,0.09021618933641105
119032,119032,3,0.15781245193585045
119033,119033,3,0.17095532702050648
119176,119176,3,0.5871116348528177
119177,119177,3,0.5657037476834225
119178,119178,3,0.5402515963299239
119179,119179,3,0.5266964152115607
119270,119270,4,0.1729829667010067
119271,119271,4,0.1733557422248065
119272,119272,4,0.1748244419470672
119339,119339,1,0.3754380189705406
119340,119340,1,0.4059310341199711
119341,119341,1,0.4106655312305723
119342,119342,1,0.3967813357617668
119588,119588,2,0.3399904155501794
119630,119630,4,0.2515769964794871
119631,119631,4,0.25185694938997427
119632,119632,4,0.2521231573934928
119633,119633,4,0.2520794625342419
119636,119636,4,0.2001421238263924
119637,119637,4,0.20194347806144142
119647,119647,3,0.18313651563819264
119648,119648,3,0.18841233047849001
119664,119664,1,0.07285116734639553
119684,119684,1,0.3475341675888496
119685,119685,1,0.3883349463940407
119686,119686,1,0.35004468749603074
119687,119687,1,0.381167507158304
119688,119688,1,0.19186843530604245
119689,119689,1,0.34399018882024535
120138,120138,4,0.3438113008666193
120139,120139,4,0.2526341958559914
120296,120296,1,0.47217329033330235
120297,120297,1,0.29669509659943094
120298,120298,1,0.17171056600231932
120299,120299,1,0.21816887491042541
120300,120300,1,0.18332520948900413
120789,120789,1,0.20027617993339727
120790,120790,1,0.17537281655534595
120938,120938,1,0.24829162108533948
121092,121092,1,0.6046836929663931
121093,121093,1,0.3148335024599793
121094,121094,1,0.17030777048233828
121095,121095,1,0.6199953117899496
121096,121096,1,0.31850157645747873
121140,121140,1,0.22822285089483782
121217,121217,4,0.6627676510543123
121240,121240,1,0.5395758384849844
121242,121242,1,0.5322270351594942
121431,121431,1,0.25093847271763253
121467,121467,1,0.09290675656436294
121490,121490,3,0.5489964518109952
121491,121491,3,0.35013069700822286
121492,121492,3,0.5483413490430799
121875,121875,4,0.2176809148509363
121876,121876,4,0.22289219229540996
121877,121877,4,0.2330608595909364
121878,121878,4,0.23663970351343128
121879,121879,4,0.2395356278575488
121880,121880,4,0.24199606100316504
121881,121881,4,0.2361255316389841
121882,121882,4,0.23125025520519446
121883,121883,4,0.27482483860944307
121884,121884,4,0.27755887747797336
121885,121885,4,0.27957705686424056
121886,121886,4,0.28091182147941773
121887,121887,4,0.2829949546139786
121888,121888,4,0.29452465711796594
121913,121913,4,0.14139230290303836
121927,121927,2,0.40789458103093523
121928,121928,2,0.4079302717129383
121929,121929,2,0.40724992333744336
121930,121930,2,0.40729150104244327
121931,121931,2,0.25606568877127345
121932,121932,2,0.2561618682807092
121933,121933,2,0.2562816720037622
121934,121934,2,0.2797380274831776
121935,121935,2,0.27974444021440315
121937,121937,4,0.5877155194851374
121938,121938,4,0.5629869293439369
122052,122052,3,0.10007626913330998
122104,122104,1,0.17476254237513417
122105,122105,1,0.2104840864962336
122106,122106,1,0.25680871390621723
122107,122107,1,0.3076188331111416
122218,122218,4,0.09552957444063107
122219,122219,4,0.09594899626781714
122220,122220,4,0.09611403937526121
122224,122224,3,0.11093978636113586
122225,122225,1,0.07688228428414888
122410,122410,1,0.5171755877275578
122411,122411,1,0.517800206950589
122412,122412,1,0.5181760568526625
122413,122413,1,0.704341193635956
122481,122481,2,0.2222432250333264
122482,122482,2,0.2227104968626901
122914,122914,1,0.15713649357393814
122915,122915,1,0.156879451977103
122916,122916,1,0.1566336430074575
122917,122917,1,0.1564067536603984
122918,122918,1,0.18228894815930632
122919,122919,1,0.183188382258394
122920,122920,1,0.15550226412171897
122921,122921,1,0.15743027239778734
122922,122922,1,0.15919290944528125
122923,122923,1,0.16223376522268654
122942,122942,4,0.20898598787154182
122943,122943,4,0.13115381768675585
122944,122944,4,0.13165529646757657
123223,123223,2,0.45105639596090524
123408,123408,1,0.058499803929733016
123409,123409,1,0.06409734309677824
123864,123864,4,0.31829729338815294
123865,123865,4,0.3100709465709067
123891,123891,1,0.747922064124746
123892,123892,1,0.7503884950191321
123904,123904,4,0.49485882922938285
123905,123905,4,0.5549261150971279
123988,123988,3,0.4990080005865596
123989,123989,3,0.5202823419808534
124129,124129,4,0.4811604368053272
124130,124130,4,0.27559195449331786
124131,124131,4,0.25579283182070744
124132,124132,4,0.20427118412987985
124133,124133,4,0.13018317342147148
124134,124134,4,0.12589814382147146
124135,124135,4,0.13244403481667463
124136,124136,4,0.1410498031366808
124559,124559,1,0.26528441602619485
124660,124660,1,0.14119646137254616
124661,124661,1,0.14117178996144758
124662,124662,1,0.14109495188108565
124663,124663,1,0.14084342750900966
124664,124664,1,0.13704884298862266
124665,124665,1,0.13967402459483325
124666,124666,1,0.14005862589884055
124740,124740,3,0.26759439909840854
124743,124743,2,0.5056673794730998
124744,124744,2,0.5074996418146244
124745,124745,2,0.5079599888167439
125209,125209,1,0.24246680980383625
125210,125210,1,0.24328648781612935
125483,125483,3,0.31428886167252656
125531,125531,4,0.40294909200559625
125532,125532,4,0.4001781882547031
125786,125786,4,0.13766207764142596
125787,125787,4,0.41945437241188627
126095,126095,1,0.11815845197310101
126096,126096,1,0.11833905944269056
126097,126097,1,0.11838223893207828
126499,126499,3,0.5910285233864382
126500,126500,3,0.6129647246249091
126545,126545,1,0.2079177630716374
126546,126546,1,0.20976297440490685
126556,126556,1,0.24491720378343107
126823,126823,3,0.09186375366582863
126824,126824,3,0.09324340764011088
126825,126825,3,0.09484665412058899
126826,126826,3,0.10003562107472906
126827,126827,3,0.101247966434157
126828,126828,3,0.10195106123988446
126883,126883,1,0.26724208119622317
126884,126884,1,0.26721180347577733
126885,126885,1,0.26722435486040585
126938,126938,1,0.06143465586315973
126991,126991,1,0.13998703012374855
127000,127000,4,0.0778245993018737
127001,127001,4,0.21306314987792685
127027,127027,3,0.21801274137490384
127099,127099,1,0.2940211897257735
127100,127100,1,0.10108664050023233
127101,127101,1,0.10014499636232321
127102,127102,1,0.09968026513245666
127103,127103,1,0.0990899030655378
127232,127232,1,0.2692167523402106
127233,127233,1,0.2695149827920442
127234,127234,1,0.27014406054133894
127235,127235,1,0.6216691740878248
127236,127236,1,0.6209857459975855
127322,127322,4,0.2807072945433932
127323,127323,4,0.2811160443237824
127324,127324,4,0.2825132128955327
127325,127325,4,0.2833050014376543
127326,127326,4,0.28390810407309075
127327,127327,4,0.2847205199433191
127346,127346,4,0.25230435630985104
127347,127347,4,0.2584747496930538
127348,127348,4,0.12457977992886152
127609,127609,1,0.22616250759089582
127610,127610,1,0.3291776668119594
127748,127748,2,0.2646046327127717
127749,127749,2,0.26440998556982426
128053,128053,1,0.25685137858145496
128054,128054,1,0.2567808310810187
128055,128055,1,0.25687187578305887
128056,128056,1,0.2568683896014623
128057,128057,1,0.2581868650697556
128058,128058,1,0.2584126342865365
128059,128059,1,0.2539893653743345
128060,128060,1,0.31616069905687205
128061,128061,1,0.2549104832255141
128062,128062,1,0.25508023426334486
128063,128063,1,0.2552235987521239
128064,128064,1,0.2553855152828858
128065,128065,1,0.2554749467233051
128648,128648,4,0.27965284639340304
128649,128649,4,0.23190095667716876
128650,128650,4,0.23159365132313048
128675,128675,1,0.24949974011793874
128676,128676,1,0.2569013450362964
128677,128677,1,0.3453630106911136
128678,128678,1,0.3408348393900735
128679,128679,1,0.3274116836897401
128712,128712,1,0.2734212707187765
128713,128713,1,0.27283358937296676
128921,128921,4,0.325037639911471
128922,128922,4,0.3256470276872017
128987,128987,1,0.1379537386665752
128988,128988,1,0.13791498315632064
128989,128989,1,0.13762668876245604
128990,128990,1,0.1376760261041037
128991,128991,1,0.13733297551839826
128992,128992,1,0.13735351322699696
129388,129388,1,0.3764617602287433
129389,129389,1,0.24434550268904354
129390,129390,1,0.25063085856367806
129391,129391,1,0.2506258135217918
129459,129459,4,0.19480810008482508
129460,129460,4,0.2129962715148475
129742,129742,4,0.15947296658099702
129743,129743,4,0.15920544157967464
129744,129744,4,0.15830546912938878
129745,129745,4,0.1581698735515802
129752,129752,2,0.2952635069970926
130002,130002,1,0.07785066153332132
130003,130003,1,0.11989461858566254
130004,130004,1,0.11989011864505407
130005,130005,1,0.14475488333351946
130006,130006,1,0.14448900954088323
130007,130007,1,0.7254479681561407
130008,130008,1,0.7279994294997445
130009,130009,1,0.07482113449754287
130010,130010,1,0.0747626138990236
130061,130061,4,0.13721517275691586
130148,130148,4,0.1902058209436387
130149,130149,4,0.1876155764091205
130150,130150,4,0.18671699655325102
130151,130151,4,0.2069337375285866
130651,130651,4,0.09516584264750212
130652,130652,4,0.09506794417775957
130706,130706,3,0.33623055190717943
131111,131111,4,0.539746383512254
131112,131112,4,0.5399781874846269
131113,131113,4,0.17957143501115108
131114,131114,3,0.13114264086743285
131201,131201,3,0.045901804694708094
131263,131263,1,0.14889000440643727
131264,131264,1,0.2195525201824736
131265,131265,1,0.2240259093363222
131496,131496,1,0.39931374647530943
131497,131497,1,0.7081231121789527
131498,131498,1,0.14688154623432836
131499,131499,1,0.2175997939219733
131811,131811,1,0.23314869654919584
131812,131812,1,0.23084707999733692
131849,131849,1,0.12240874368093252
131850,131850,1,0.12281953683190819
131851,131851,1,0.12327040860786272
131990,131990,4,0.1249998754257483
132245,132245,1,0.06416106379146785
132331,132331,1,0.1446899910430326
132332,132332,1,0.15093564712018698
132543,132543,3,0.0850721150748182
132726,132726,4,0.18424020879350092
132743,132743,4,0.2061927171255333
132744,132744,4,0.28994603058577506
132745,132745,4,0.19911087914516676
132746,132746,4,0.15131344386073073
132782,132782,1,0.26014050594324756
132783,132783,1,0.2485385427876544
132784,132784,1,0.25261406297092953
132979,132979,1,0.23686877454165386
132980,132980,1,0.2655158821601693
133019,133019,4,0.2241228706023774
133020,133020,4,0.19644272839363486
133021,133021,4,0.16614084978397226
133022,133022,4,0.12983687948649394
133026,133026,4,0.15198123558390136
133417,133417,4,0.275197382106389
133418,133418,4,0.2814149555797854
133419,133419,4,0.28087934632608275
133421,133421,4,0.21569896024836238
133422,133422,4,0.2165774336761614
133423,133423,4,0.21679203881248202
133424,133424,4,0.21895774052296196
133429,133429,4,0.10078577170861241
133442,133442,3,0.13053091462545566
133443,133443,3,0.14487215504870088
133703,133703,4,0.08355203550906391
133704,133704,4,0.08209628776688334
133705,133705,4,0.08220197287447918
133706,133706,4,0.1183337857722476
133707,133707,4,0.11657021406617275
133708,133708,4,0.11049020067525447
133728,133728,1,0.5168987821529852
133729,133729,1,0.6075918255197089
133730,133730,1,0.7059197914754051
133731,133731,1,0.7040376304194402
133814,133814,3,0.3669286408942895
133815,133815,3,0.3667305739874468
133816,133816,3,0.3670294498845536
133817,133817,1,0.3778444025240474
133818,133818,1,0.37778107964023744
133819,133819,4,0.2258120348058516
133820,133820,4,0.2513956860118193
133821,133821,4,0.25173037734462705
133822,133822,4,0.23615903221118195
133823,133823,4,0.23584525939290912
133824,133824,4,0.23567560225373188
133968,133968,1,0.06155787172502873
133970,133970,1,0.5722457117505213
133971,133971,1,0.5650129294636802
133976,133976,1,0.22377571651617753
133977,133977,1,0.09233137258445825
133978,133978,1,0.3427971897742033
133979,133979,1,0.25162800174726996
133980,133980,1,0.2662942975460045
133981,133981,1,0.26655847405905936
133982,133982,1,0.35223861983800614
134379,134379,4,0.23829808112579492
134650,134650,1,0.23791159897401237
134651,134651,1,0.23786159771574297
134652,134652,1,0.23751974399909342
134653,134653,1,0.2372937529799984
134909,134909,4,0.12587592768366151
135013,135013,3,0.34031743590635244
135014,135014,3,0.07532478973478678
135015,135015,3,0.08390889959328363
135016,135016,3,0.1308955270988816
135017,135017,3,0.12024682984849568
135169,135169,4,0.6810996281456388
135170,135170,4,0.5322406404030199
135195,135195,3,0.09918145201818311
135206,135206,2,0.27530838746496455
135298,135298,4,0.11735155161347989
135614,135614,1,0.13901566611378047
135619,135619,1,0.7224957635691054
135620,135620,1,0.4472575063550778
135621,135621,1,0.20164566510789508
135622,135622,1,0.6640021517843069
135636,135636,4,0.2240337453357293
135637,135637,4,0.22401508581602816
135638,135638,4,0.22399815366410603
135639,135639,4,0.22394114717363092
135673,135673,1,0.18068904899945556
135674,135674,1,0.17608037863988313
135889,135889,4,0.3649572035638789
135890,135890,4,0.377856800098849
135891,135891,4,0.3865455517996649
135915,135915,4,0.056173945319649615
136059,136059,4,0.11747434424562557
136322,136322,2,0.2193452779812665
136399,136399,1,0.6974070288653277
136400,136400,1,0.580301119099487
136516,136516,4,0.1037495505923218
136663,136663,4,0.15224300603007523
136664,136664,4,0.14114550096428127
136665,136665,4,0.1396996138979482
136725,136725,1,0.12501264480475843
136726,136726,1,0.15664672928574394
136834,136834,1,0.7037415305533243
136835,136835,1,0.7231720661693337
136836,136836,1,0.7360088145241981
136844,136844,3,0.08667863549408905
136845,136845,3,0.23760916435034823
136846,136846,3,0.07379199760959293
136847,136847,3,0.38161845750619505
136971,136971,2,0.31715133258047695
136972,136972,2,0.31384383568850877
136973,136973,3,0.3224771699876125
136974,136974,3,0.3080441305374453
137380,137380,1,0.1447365444177681
137476,137476,4,0.12447589070750473
137656,137656,2,0.2692300770254474
137739,137739,2,0.3696772963765347
137835,137835,4,0.20523202599883428
137836,137836,4,0.20564783622019336
137837,137837,4,0.20725073674966998
137979,137979,4,0.1766511657109229
137980,137980,4,0.17656275189076662
137981,137981,4,0.17667812209528883
137982,137982,4,0.17685314578177921
137983,137983,4,0.19454898140443241
137984,137984,4,0.19354665858324385
137985,137985,4,0.21647376565138562
137986,137986,4,0.20685892254750668
137987,137987,4,0.20416328829208366
138352,138352,3,0.5686540619799451
138353,138353,3,0.5712389456474317
138355,138355,2,0.2989794907754372
138356,138356,2,0.2995228233354997
138357,138357,2,0.29862707191005466
138358,138358,2,0.2993268727714639
138359,138359,2,0.6605435512100689
138521,138521,1,0.24534704238481714
138928,138928,2,0.31386691343053114
139091,139091,1,0.1662886244420856
139092,139092,1,0.1204622835243732
139172,139172,1,0.08028314325387409
139175,139175,1,0.553282311234335
139176,139176,1,0.5182429246055342
139406,139406,4,0.2388551006968519
139717,139717,1,0.05868946697743276
139718,139718,1,0.05860172069094213
139760,139760,3,0.34242362150227457
140014,140014,3,0.0780872678161643
140554,140554,4,0.11177482578009625
140662,140662,4,0.3587410361994334
140663,140663,4,0.35688434507965067
140664,140664,4,0.2830172119310145
140665,140665,4,0.23119141870543522
140667,140667,4,0.194143420961754
140668,140668,3,0.31370900700497045
140960,140960,3,0.3094876102322387
140961,140961,3,0.30908153157704
140962,140962,3,0.27885730507794937
140963,140963,3,0.2525424728108542
140964,140964,3,0.25928398647082473
140965,140965,4,0.14776145886186232
140966,140966,4,0.1424824824462904
141107,141107,1,0.23971745061466504
141108,141108,1,0.2655158821601693
141111,141111,1,0.3059504833955884
141112,141112,1,0.3564146061202645
141113,141113,1,0.2783002764603508
141128,141128,1,0.26035410067323045
141144,141144,1,0.07727084729888611
141145,141145,1,0.07615607319573912
141146,141146,1,0.076826138258666
141147,141147,1,0.07632301890710916
141161,141161,1,0.11540559511509542
141162,141162,1,0.11560510648577772
141164,141164,1,0.12499254522097229
141322,141322,4,0.756860446679462
141758,141758,4,0.23283535738864716
141798,141798,1,0.2341135254386976
141802,141802,1,0.26166247980720836
141960,141960,4,0.19473962401321837
141983,141983,2,0.2692300770254474
141984,141984,2,0.2692300770254474
142180,142180,4,1.0937247813010014
142190,142190,4,0.24623887197173644
142191,142191,4,0.24686957422059527
142192,142192,4,0.24756517994074181
142193,142193,4,0.24862512519287172
142213,142213,3,0.8075825635695649
142214,142214,2,0.8273222124646655
142489,142489,4,0.1930873995660584
142490,142490,4,0.21101269390149788
142491,142491,4,0.21589128343148276
142492,142492,4,0.21836963427110415
142493,142493,4,0.22125414939748336
142494,142494,4,0.22290009612618436
142681,142681,4,0.09386692884126072
142682,142682,4,0.09475565288003905
142745,142745,4,0.20254464657768612
142746,142746,4,0.20477716292198672
142748,142748,2,0.4061092043520013
143034,143034,4,0.16083638012915843
143062,143062,1,0.7440432521110992
143063,143063,1,0.27685563016792436
143156,143156,3,0.2221883042447978
143211,143211,1,0.590646747962327
143212,143212,1,0.5956698564891203
143213,143213,1,0.6007073336446309
143214,143214,1,0.181254760226619
143215,143215,1,0.19215045037943385
143216,143216,1,0.1835632823646854
143218,143218,1,0.3806591058776354
143219,143219,1,0.30160306632716055
143464,143464,1,0.41042696916082383
143465,143465,1,0.41671809993037395
143466,143466,1,0.4000630989771868
143470,143470,4,0.10884017043022384
143471,143471,4,0.0977197435860844
143480,143480,2,0.2761404707937045
143481,143481,2,0.2815893053308218
143977,143977,4,0.8834154994300808
143987,143987,2,0.26923006937154725
143990,143990,3,0.3235989056851373
143991,143991,4,0.2156153923739451
143992,143992,4,0.21881244641011827
143993,143993,4,0.21864197264647736
143994,143994,4,0.23065208585568558
144011,144011,2,0.4034610768300355
144012,144012,2,0.4035461451234038
144013,144013,2,0.3000477702100309
144014,144014,2,0.27986796606525155
144018,144018,4,0.12155705241074233
144173,144173,1,0.2655158821601693
144455,144455,3,0.15614381947665187
144929,144929,3,0.26352245542785924
144930,144930,1,0.1715717841112788
144931,144931,1,0.2156559360065852
145693,145693,1,0.25772928463552425
145694,145694,1,0.25584964278836536
145695,145695,1,0.2594857345245895
145696,145696,1,0.26310162252026975
145697,145697,1,0.2301650139360176
145698,145698,1,0.23219134838347605
145734,145734,4,0.2744230330545662
145735,145735,4,0.27379653197204956
145736,145736,4,0.27343558266292645
145855,145855,4,0.3441577242732777
145856,145856,4,0.29257978576156307
145857,145857,4,0.3097726724873237
145858,145858,4,0.19217995555869685
146190,146190,1,0.14107662033981969
146206,146206,2,0.21863535247483853
146207,146207,2,0.27116977856919994
146210,146210,1,0.7429480546227629
146414,146414,4,0.18188481331605205
146415,146415,4,0.19238944720921478
146416,146416,3,0.19530095860515784
146417,146417,3,0.07049488395846572
146418,146418,3,0.0701640444787556
146430,146430,1,0.2896060868755862
146469,146469,4,0.16154982969229634
146470,146470,4,0.16139197467714722
146471,146471,4,0.16129607583146324
146472,146472,4,0.173351588485346
146473,146473,4,0.17570927724402005
146567,146567,3,0.08973574073402224
146568,146568,3,0.08761637269994946
146569,146569,3,0.08469759290318406
146570,146570,3,0.0853004027997925
146571,146571,3,0.08623348602267944
146572,146572,3,0.08702866472666959
146573,146573,3,0.0875743425961267
146574,146574,3,0.09045648990092138
147072,147072,1,0.09221246575556524
147073,147073,1,0.09133732885700573
147074,147074,1,0.09040190842011382
147139,147139,1,0.4580010358537497
147140,147140,1,0.40378169004876246
147141,147141,1,0.34115368614932096
147142,147142,1,0.3195945442368769
147143,147143,1,0.3083489732393852
147144,147144,1,0.2850020092246169
147145,147145,1,0.25412562963302276
147146,147146,1,0.2514720853242043
147243,147243,3,0.09333312240079122
147248,147248,3,0.17195679829230845
147249,147249,3,0.15138315464022462
147250,147250,3,0.1354306914223789
147251,147251,3,0.13912965986850503
147252,147252,2,0.4194395269868268
147253,147253,2,0.4323812876238956
147254,147254,2,0.43223475808322265
147255,147255,3,0.32187124351493024
147256,147256,3,0.27938465574692944
147257,147257,3,0.1404568086623031
147258,147258,3,0.2776732068878929
147259,147259,3,0.25773267524618915
147433,147433,3,0.11529002263639648
147437,147437,3,0.056920573998784474
147446,147446,1,0.22070480214280006
147590,147590,1,0.20629512668762828
147591,147591,1,0.2682320281459909
147592,147592,1,0.43241766123474257
147742,147742,4,0.1152823882210348
147743,147743,4,0.12084782432171985
147763,147763,3,0.06933724972712847
147764,147764,3,0.071416871100941
148051,148051,4,0.13941025155846537
148052,148052,4,0.24272821344519488
148053,148053,4,0.26764894546508705
148272,148272,1,0.09138756028773942
148538,148538,4,0.17359100666572413
148539,148539,4,0.16831954603139732
148540,148540,4,0.22591392763978788
148541,148541,4,0.2346528875216565
148551,148551,4,0.4461326996357911
148552,148552,4,0.14224053883687843
148553,148553,4,0.10970190722742984
148574,148574,4,0.3494639855916384
148712,148712,2,0.38753517828798284
148713,148713,1,0.11562100059390461
148714,148714,1,0.24175264127532428
148715,148715,1,0.07231250258158313
148716,148716,1,0.178550542182228
148717,148717,1,0.19398769961994775
148718,148718,1,0.21286871886836534
148719,148719,1,0.24048784988164118
148720,148720,1,0.2384487196215087
148721,148721,1,0.17760106665965622
148781,148781,2,0.22756683450908827
148782,148782,2,0.22834773487283835
148927,148927,1,0.07507112112622032
148928,148928,1,0.2320732225169604
149457,149457,1,0.2652145660374048
149624,149624,1,0.16420925670423756
149650,149650,1,0.11516136356783115
149651,149651,1,0.11517130008699596
149944,149944,4,0.1908178911490411
149945,149945,4,0.1942276843399024
149946,149946,4,0.19455618807386887
150101,150101,1,0.1470390663695133
150103,150103,1,0.2669780143480376
150197,150197,4,0.2373480106033029
150198,150198,4,0.24035139606915829
150279,150279,1,0.4336779722902536
150280,150280,1,0.4365910000826172
150502,150502,1,0.07308030963777509
150503,150503,1,0.07372462214562409
150504,150504,1,0.0741482016490136
150505,150505,1,0.07421391452085248
150506,150506,1,0.07808019914987818
150507,150507,1,0.48843716270957405
150508,150508,1,0.5203746944220857
150509,150509,1,0.522411181764774
150661,150661,2,0.6306955259077814
150662,150662,3,0.11620436437324849
150663,150663,3,0.11180266575498696
150803,150803,4,0.18553545513462508
150804,150804,4,0.1857221538481249
150805,150805,4,0.1943008094732028
151155,151155,1,0.3024723054253756
151156,151156,4,0.2669958985564779
151648,151648,4,0.22112942426872353
151649,151649,4,0.221615267817723
151650,151650,3,0.09294557348314303
151651,151651,3,0.09430156275391113
151652,151652,3,0.09787652828085802
151653,151653,4,0.21743025300193877
152071,152071,1,0.6837259421338414
152072,152072,1,0.06290265816314626
152309,152309,3,0.41922091761781866
152310,152310,3,0.36554026612528645
152314,152314,4,0.21711081138394978
152315,152315,4,0.21762160259265725
152316,152316,4,0.2189715918430724
152351,152351,1,0.4379983021255663
152754,152754,4,0.13512354096081022
152755,152755,4,0.09760403629094593
152821,152821,1,0.7322430392181318
152822,152822,1,0.7357814384580798
152823,152823,1,0.08868049291196128
152824,152824,1,0.0886643253163162
152825,152825,1,0.08965042381264024
152826,152826,1,0.0890551053185119
152849,152849,1,0.2638395491202426
152934,152934,4,0.14669053599006562
152961,152961,1,0.2289471336743794
153100,153100,1,0.25786481130473266
153101,153101,1,0.25612989040995526
153102,153102,1,0.237043314114929
153103,153103,1,0.23385548135702794
153104,153104,1,0.23948090637209016
153105,153105,1,0.313491276803498
153310,153310,4,0.3210193742603586
153311,153311,4,0.3227768860632428
153312,153312,4,0.3243767240276838
153572,153572,4,0.1598664963983006
153573,153573,4,0.15957277674255768
153593,153593,4,0.26634550653973765
153594,153594,4,0.26644346625332715
153595,153595,4,0.2665136940627462
153596,153596,4,0.2685323305481808
153597,153597,4,0.26871257299943196
153598,153598,4,0.26942897343609906
153669,153669,3,0.11836299215507513
153670,153670,4,0.19715383919530835
153703,153703,1,0.2552438972918513
153704,153704,1,0.2153137703502085
153736,153736,1,0.17008043808742385
153737,153737,1,0.15303685104611117
153738,153738,1,0.11221509328732529
154037,154037,4,0.15432505182706707
154209,154209,2,0.26676783746151844
154210,154210,2,0.26661132038107155
154211,154211,1,0.2841838536034989
154212,154212,1,0.2840598075860317
154213,154213,1,0.2839861534531278
154214,154214,1,0.28389544351369433
154231,154231,3,0.09440967242342764
154232,154232,3,0.07752540339323165
154233,154233,3,0.07849836894807817
154234,154234,3,0.07612227767904273
154235,154235,3,0.0879013460577639
154236,154236,3,0.093628053817992
154387,154387,4,0.20083800577171013
154388,154388,4,0.2022468596739125
154389,154389,4,0.20355651114300066
154390,154390,4,0.20479771783791142
154391,154391,4,0.2065838309664212
154392,154392,4,0.23921630495336849
154393,154393,4,0.2402905152428129
154394,154394,4,0.24368955334907028
154477,154477,4,0.12855962415757657
154478,154478,4,0.1273657182915758
154479,154479,4,0.1257068962918208
154480,154480,4,0.12230570692192785
154481,154481,4,0.12062118439226516
154773,154773,4,0.12521787485705593
154774,154774,4,0.14147911291033113
154785,154785,4,0.16814077666957508
154786,154786,4,0.2513741791274241
155164,155164,3,0.2303976764278912
155165,155165,3,0.33656465261390434
155166,155166,3,0.22331020741106375
155167,155167,3,0.16037893444305298
155182,155182,1,0.06858436572950827
155183,155183,1,0.16182381476458155
155184,155184,1,0.06934307223616654
155339,155339,1,0.7442850850235702
155533,155533,4,0.1375911492483838
155580,155580,3,0.052472420633859214
155581,155581,3,0.06844424859691806
155582,155582,3,0.07956066244455808
155583,155583,3,0.08854708700627924
155584,155584,3,0.09788194474841778
155585,155585,3,0.10447204911575858
155586,155586,3,0.5307259370141563
155587,155587,3,0.2273028187053834
155597,155597,1,0.23690814785166125
155598,155598,3,0.3589114211717593
155599,155599,3,0.35822994722880674
155621,155621,1,0.13705762395776377
155622,155622,1,0.28473496932012604
155623,155623,1,0.472942092776975
155629,155629,1,0.10780433958871716
155630,155630,1,0.10850867133402345
155780,155780,1,0.3747838717752902
155781,155781,1,0.3745450896073221
155798,155798,4,0.09729127642239176
155799,155799,4,0.283430198217885
155822,155822,1,0.14816024331464242
156395,156395,1,0.10943499297340663
157343,157343,4,0.16557461032193987
157344,157344,4,0.16286508922604487
157345,157345,4,0.16181645441048098
157346,157346,4,0.15997066607166766
157347,157347,4,0.19300726780956287
157352,157352,1,0.22427492106848482
157353,157353,1,0.22006523828029478
157364,157364,4,0.5190316715015573
157365,157365,4,0.5242367250085693
157805,157805,4,0.3577090119942031
157806,157806,4,0.48681674203499514
157917,157917,1,0.08592551658173316
157918,157918,1,0.08502585974036504
157919,157919,1,0.05998346246048218
157932,157932,1,0.06703899123394773
157933,157933,1,0.06807030379011005
157937,157937,2,0.2519989663408964
158176,158176,4,0.2367349643782754
158177,158177,4,0.24000922569927197
158185,158185,4,0.28438834994816414
158186,158186,4,0.27216752862234134
158187,158187,4,0.21226115511248306
158188,158188,4,0.20637742269264597
158243,158243,4,0.37485528088443903
158254,158254,3,0.5779212121527412
158255,158255,3,0.5792925925810851
158256,158256,3,0.45482312896633365
158257,158257,3,0.4537797559973896
158258,158258,3,0.4619397488403482
158259,158259,3,0.6742392643299508
158260,158260,3,0.5103166792147383
158261,158261,3,0.6721767106768218
158348,158348,3,0.1856732628434905
158349,158349,3,0.16050132868188902
158350,158350,3,0.19130325803481715
158351,158351,3,0.19130472874392876
158372,158372,1,0.09754348701597043
158373,158373,1,0.09782291495830456
158374,158374,1,0.09886962407642909
158874,158874,3,0.08606055007985147
158875,158875,3,0.08660586913648345
158876,158876,3,0.0921127079753073
158879,158879,3,0.1913225767151084
158880,158880,3,0.20071070159008944
158881,158881,3,0.2082700707809233
158882,158882,3,0.21428384786725393
158883,158883,3,0.23318983960580128
158884,158884,3,0.16002656396551793
159505,159505,2,0.22922297880313827
159506,159506,2,0.23179285897080618
159507,159507,4,0.6085910136966157
159508,159508,4,0.2738644165181119
159509,159509,4,0.27341494023272356
159652,159652,3,0.10125884211367207
159653,159653,3,0.11639116212943268
159664,159664,2,0.23394008931896149
159665,159665,2,0.23392709024134883
159666,159666,2,0.2339560560825438
159763,159763,2,0.5434472392673161
159764,159764,2,0.3129761290365753
159765,159765,1,0.11987783549672461
159766,159766,1,0.06943696682035833
159767,159767,1,0.06958631803975603
159819,159819,1,0.10316507937109384
159820,159820,1,0.11421061198802715
160046,160046,2,0.8240427419312054
160075,160075,3,0.04012087315529867
160076,160076,3,0.04036837327486985
160077,160077,3,0.039596966110077195
160109,160109,1,0.13737426102778016
160110,160110,1,0.2490333226915605
160111,160111,1,0.11332813392755237
160112,160112,1,0.11287272978400661
160113,160113,1,0.10962288952444837
160114,160114,1,0.12817956605958722
160115,160115,1,0.2585180118375739
160252,160252,4,0.24986555453864248
160270,160270,1,0.41448539030151677
160279,160279,1,0.08518878185531739
160280,160280,1,0.08137411455606738
160281,160281,1,0.06300714848563015
160282,160282,1,0.06269428902238953
160289,160289,1,0.1579148786176406
160290,160290,1,0.1534080831994899
160304,160304,1,0.10850748546881202
160843,160843,4,0.08870378868240206
160844,160844,4,0.17431522265220148
160845,160845,4,0.39081967563298714
161091,161091,3,0.173207042821558
161092,161092,3,0.46463207105296106
161093,161093,3,0.33824701324209877
161140,161140,2,0.3766937844153845
161141,161141,2,0.36309746859029973
161142,161142,2,0.3506958170813821
161143,161143,1,0.43007633817824636
161144,161144,1,0.4615813929513582
161145,161145,2,0.4067454210598272
161146,161146,2,0.4072747620901888
161147,161147,2,0.45419331815545977
161148,161148,2,0.24866027958771222
161179,161179,1,0.3150204054229996
161180,161180,1,0.3153337603141213
161181,161181,1,0.3157424729763563
161182,161182,1,0.31650726506488097
161268,161268,4,0.24711077409485233
161300,161300,3,0.13190987549326333
161301,161301,3,0.15580370997290965
161302,161302,3,0.193183280164154
161307,161307,4,0.21546548510587063
161308,161308,2,0.23212192146926985
161309,161309,2,0.2355230899344794
161310,161310,2,0.2326300280812489
161312,161312,4,0.32273209009528225
161313,161313,4,0.5075346097401535
161577,161577,4,0.21324548952645467
161578,161578,4,0.22662589095995664
161579,161579,4,0.22204145275251333
161580,161580,4,0.21850300185754074
161581,161581,4,0.20057695994843303
161582,161582,4,0.19944668956152972
161708,161708,4,0.17015729385207432
161709,161709,4,0.17023471571104257
161710,161710,4,0.17034415407774156
161711,161711,4,0.170474693449552
161712,161712,4,0.17060659709574486
161852,161852,4,0.2429359089434716
161853,161853,4,0.24292346282558758
161854,161854,4,0.2429102430973772
161855,161855,4,0.24290269535930833
161856,161856,4,0.2428993604658379
161857,161857,4,0.24287518805610897
161862,161862,2,0.8095744635953678
162213,162213,4,0.11238699522160286
162313,162313,4,0.19894654026731348
162413,162413,4,0.24292516348162072
162414,162414,4,0.24291189507789887
162415,162415,4,0.2429095282702226
162416,162416,4,0.2429010921837833
162417,162417,4,0.1262927088707407
162426,162426,4,0.2509683496368438
162427,162427,4,0.2507796935465482
162428,162428,4,0.2504192773519955
162429,162429,4,0.2500845632698927
162430,162430,4,0.24959076114512943
162431,162431,4,0.24984809922110582
162432,162432,4,0.24988872340141086
162433,162433,4,0.23322942052063078
162434,162434,4,0.22864653223971526
162445,162445,4,0.10740052488967508
162446,162446,4,0.09327720129267054
162638,162638,1,0.12200892909071506
162639,162639,1,0.12186126378978204
162641,162641,4,0.2713022326496761
162645,162645,2,0.8404806300058312
162663,162663,3,0.20167666373093637
162725,162725,1,0.20979679393080913
162952,162952,1,0.8680314508034864
162953,162953,1,0.657918675587359
162954,162954,1,0.4594355340868805
162955,162955,1,0.370461409969134
162990,162990,1,0.1350811824322533
163171,163171,3,0.3474558533489843
163173,163173,2,0.2692300770254474
163174,163174,2,0.2692300770254474
163411,163411,1,0.0676864823457612
163412,163412,1,0.06686815661538287
163413,163413,1,0.0665274021451994
163414,163414,1,0.0661493404349232
163415,163415,1,0.06515964439904855
163416,163416,1,0.0641434302419208
163417,163417,1,0.06385595671596539
163418,163418,1,0.06338274871146714
163419,163419,1,0.06263360631413666
163420,163420,1,0.06210418594758134
163421,163421,1,0.06178812118888633
163422,163422,1,0.06095399783852461
163423,163423,1,0.06119578651994164
163656,163656,4,0.28985581909303587
163978,163978,3,0.6427073040333203
163979,163979,3,0.6326865506736178
163980,163980,3,0.21625086748953468
163981,163981,3,0.21356984348307445
164059,164059,1,0.05921397672512501
164442,164442,1,0.26302172760315584
164459,164459,2,0.2692300770254474
164460,164460,2,0.2691901022862747
164461,164461,2,0.26911257271308936
164462,164462,4,0.15592053008980478
164463,164463,4,0.1615187826041837
164480,164480,1,0.19456526072913558
164493,164493,1,0.13219467412043714
164494,164494,1,0.25752224620940595
164696,164696,3,0.09881153222649763
164701,164701,3,0.13786655113971255
164703,164703,2,0.29580106117311794
164773,164773,1,0.25009075024487865
164774,164774,1,0.2502466744795954
164775,164775,1,0.2503208203173995
164776,164776,1,0.25038644067442284
164777,164777,1,0.2509306410799645
164778,164778,1,0.25125324649522035
164779,164779,1,0.251409760919995
164780,164780,1,0.2519471161838241
165126,165126,1,0.2225801960883524
165223,165223,4,0.11566758399464498
165224,165224,4,0.11417975996768798
165225,165225,4,0.1072483921819602
165226,165226,4,0.10443301584516763
165227,165227,4,0.10612690991958636
165228,165228,4,0.10484468457270037
165229,165229,4,0.11006010572626145
165274,165274,1,0.5528341558653376
165275,165275,1,0.5072771069794344
165310,165310,2,0.5646872990378197
165311,165311,2,0.5660915747133066
165372,165372,3,0.2673605187246333
165374,165374,3,0.47273133229262454
165375,165375,3,0.29499715312923275
165389,165389,4,0.2755310218019506
165772,165772,1,0.30264824480555136
166000,166000,4,0.2447819773813955
166077,166077,1,0.07018076709056582
166078,166078,1,0.07083614843797621
166079,166079,1,0.07081295119892966
166110,166110,4,0.15191318906832357
166119,166119,4,0.23019319331087668
166120,166120,4,0.22140446785007925
166121,166121,4,0.21750138079762357
166149,166149,1,0.3920008822714879
166151,166151,1,0.38427980403231415
166164,166164,1,0.22588976419056234
166165,166165,1,0.22591333100567126
166166,166166,1,0.22573362762344232
166167,166167,1,0.22519499400698603
166168,166168,1,0.225142852934888
166169,166169,1,0.22469947319503797
166170,166170,1,0.22484636258299207
166171,166171,1,0.2248181724209347
166172,166172,1,0.22470391891355665
166173,166173,1,0.22471772246071467
166174,166174,1,0.22466152550145865
166392,166392,2,0.2746934754086989
166393,166393,4,0.5279191482320411
166394,166394,4,0.4484864536800097
166395,166395,4,0.4483452228969846
166396,166396,4,0.14141833363493725
166397,166397,4,0.14137979097286738
166398,166398,4,0.14312556278289174
166399,166399,4,0.1449945142704462
166415,166415,1,0.7435652086590756
166749,166749,3,0.13318334486492212
166988,166988,3,0.23709191791945355
167466,167466,1,0.14012662171147788
167467,167467,1,0.14008914268032827
167864,167864,2,0.5678360364139308
167865,167865,3,0.06889133418741918
167866,167866,3,0.06696175512365658
167867,167867,3,0.07810858762353863
167868,167868,3,0.07417753735612936
167997,167997,4,0.2030618139473965
167998,167998,4,0.20499059750714238
167999,167999,4,0.23463623349938106
168000,168000,4,0.24090919858578874
168001,168001,4,0.2447174509333229
168095,168095,3,0.2700461047533517
168096,168096,3,0.2690248302975573
168097,168097,3,0.27014473612476725
168271,168271,4,0.17013968973446672
168272,168272,4,0.1677332122065565
168275,168275,3,0.07299931658472311
168276,168276,3,0.07351917896803882
168277,168277,3,0.07175765600015976
168278,168278,3,0.06846872045353893
168430,168430,1,0.23643157801970865
168431,168431,1,0.4141040567243825
168432,168432,1,0.40247838953337867
168433,168433,1,0.3683184344105794
168445,168445,1,0.07205243855107965
168446,168446,1,0.06797209176668824
168447,168447,1,0.06782803946683572
168452,168452,1,0.1107780275579327
168453,168453,1,0.10913868874986755
168845,168845,3,0.2549768406119533
168846,168846,3,0.2745019663980843
168876,168876,1,0.18461950131288118
168877,168877,1,0.18222603030300574
168878,168878,1,0.27340719830560983
168879,168879,1,0.27336504735134776
169052,169052,1,0.17056840330624165
169148,169148,1,0.20674345338319478
169149,169149,1,0.22137182456770965
169150,169150,1,0.22415624689362576
169151,169151,1,0.21348390323664526
169152,169152,1,0.22067946254796897
169153,169153,1,0.28323947230591473
169154,169154,1,0.2877541243160597
169155,169155,1,0.291656520068841
169170,169170,1,0.1252693337429223
169171,169171,1,0.09541102649936822
169172,169172,1,0.2455175805593543
169420,169420,1,0.13682435267642787
169421,169421,1,0.1389484081731388
169422,169422,1,0.1563198275732373
169423,169423,1,0.16728303801320654
169424,169424,1,0.16603421729510395
169425,169425,1,0.14039035685661086
169444,169444,4,0.29256908613925214
169445,169445,3,0.2710771974254437
169446,169446,3,0.27955287838250986
169713,169713,4,0.1591720935748563
169750,169750,3,0.1994583096672816
169751,169751,4,0.12600704559338832
169752,169752,3,0.19235392071634244
169753,169753,3,0.1661520152526942
169754,169754,3,0.14306892152463108
169811,169811,1,0.7071369986611294
169812,169812,1,0.7356065126742496
169813,169813,1,0.7272095811507397
169814,169814,1,0.7229845612728378
169815,169815,1,0.722347209808007
169816,169816,1,0.7386479108834435
169817,169817,1,0.7254313755611638
169978,169978,1,0.06599529494417265
169994,169994,4,0.11899860563244369
169995,169995,4,0.0994821670103485
169996,169996,4,0.09954221534280545
170077,170077,1,0.224999432728748
170179,170179,1,0.2895091571487429
170265,170265,1,0.19451331240945885
170266,170266,1,0.21705194034518824
170267,170267,1,0.2280707416510516
170422,170422,4,0.23372534197087003
170844,170844,4,0.42237396390799015
170910,170910,1,0.29453213799629685
170911,170911,1,0.43990909319505267
170912,170912,1,0.4268137097740482
170916,170916,1,0.09192523340020708
171225,171225,4,0.44003480638958586
171227,171227,3,0.28880824478514044
171228,171228,3,0.2885825918535705
171229,171229,3,0.28835096826689316
171230,171230,3,0.2881628431730799
171231,171231,3,0.2879886071937334
171353,171353,4,0.3177996465507597
171354,171354,4,0.25664273614948185
171355,171355,4,0.16098334809901327
171356,171356,4,0.1599769137254031
171359,171359,1,0.19758633508292942
171858,171858,1,0.07533759071449447
171859,171859,1,0.2937180938248449
171860,171860,1,0.1945404306060334
171904,171904,1,0.27387738554700214
171909,171909,1,0.4592729985795081
171961,171961,3,0.10410303162533732
171962,171962,3,0.23750055793824204
171963,171963,3,0.07137531747646478
172247,172247,4,0.23166454265737058
172248,172248,4,0.23293153349331933
172364,172364,4,0.23602634818946308
172365,172365,4,0.13464929787577845
172366,172366,4,0.10200989248175556
172367,172367,4,0.10209462803115965
172376,172376,3,0.0809056811629146
172377,172377,3,0.08258228663423091
172509,172509,1,0.24491952129069053
172534,172534,4,0.11842763214731498
172535,172535,4,0.14087839851007777
172536,172536,4,0.13993371239475952
172937,172937,4,0.09863926711797374
172938,172938,4,0.10192828773223454
172939,172939,4,0.107149330835829
172940,172940,4,0.11804604634465547
172941,172941,4,0.13144343100297143
172942,172942,4,0.1441870925958906
172943,172943,4,0.14328541306512604
172944,172944,4,0.13944079206215354
173512,173512,4,0.22628627747127894
173539,173539,3,0.06041802576848355
173540,173540,3,0.06290465185248634
173541,173541,3,0.06512095627520827
173542,173542,3,0.06789329240795197
173548,173548,1,0.2537860089899791
173549,173549,1,0.2537617447418151
173958,173958,1,0.5078137458924692
173961,173961,1,0.513462052968936
173962,173962,1,0.6801363644882181
173963,173963,1,0.6815996015659
173964,173964,1,0.5834591243589856
173965,173965,1,0.42678614509645985
173966,173966,4,0.09500135080219314
173967,173967,4,0.17954828106619317
173968,173968,4,0.19382932579941747
173969,173969,1,0.08550339818865013
174060,174060,4,0.1645972499859378
174067,174067,4,0.18312979503164445
174068,174068,4,0.18577204650855328
174098,174098,1,0.08651938932425446
174352,174352,4,0.4493795506894937
174364,174364,1,0.12765440444279036
174365,174365,1,0.1278126541268183
174520,174520,4,0.26227153608258535
174536,174536,4,0.3317247797713123
174537,174537,4,0.3382925030998947
174538,174538,4,0.3386241572745509
174666,174666,1,0.24288374685423386
174686,174686,1,0.19674541066928422
174687,174687,1,0.2341953489253958
174688,174688,1,0.23502151060087262
174689,174689,1,0.21748488502239924
174690,174690,1,0.20843363775267085
174691,174691,1,0.20136170429398895
174692,174692,1,0.19846625530725023
174693,174693,1,0.1952451120289622
175050,175050,2,0.2692293991321694
175051,175051,2,0.2692296699532728
175052,175052,2,0.2692300770254474
175388,175388,4,0.6473123957870672
175389,175389,4,0.6453748108571539
175390,175390,4,0.6432149386384054
175391,175391,4,0.641581808297344
175392,175392,4,0.22113254544514876
175393,175393,4,0.20412325116283722
175394,175394,4,0.19361547717485053
175593,175593,4,0.2428652745683004
175594,175594,4,0.24289687503231816
175595,175595,4,0.24290220362412332
175596,175596,4,0.24294698196771985
175643,175643,4,0.17023148308813169
175649,175649,1,0.2370307056088258
176354,176354,4,0.4567049541878191
176355,176355,4,0.45764247449416134
176372,176372,1,0.18269927445664202
176373,176373,1,0.22546017597101928
176374,176374,1,0.225021866647294
176375,176375,1,0.2249254344435258
176376,176376,1,0.2248211096444407
176377,176377,1,0.22350037374831544
176474,176474,4,0.14206400646072054
176475,176475,4,0.18137130569679802
176478,176478,4,0.10012132112823646
176479,176479,4,0.10010371119834864
176480,176480,4,0.10009384573354628
176481,176481,4,0.10008910552796307
176482,176482,1,0.215253199812834
176483,176483,1,0.2123847391671369
176486,176486,1,0.36210276485020204
176498,176498,1,0.24792516311018303
176499,176499,1,0.24797272267323134
176564,176564,3,0.07099965776025145
176565,176565,3,0.07724766118644717
176566,176566,3,0.08573226283189121
176567,176567,3,0.1779194201632646
176568,176568,3,0.21787254429983266
176569,176569,3,0.2132713911534377
176570,176570,3,0.12655676901704324
176571,176571,3,0.10345506833566312
176572,176572,3,0.06497380231351005
176573,176573,3,0.06943705885438924
176643,176643,1,0.18959787080278884
176644,176644,1,0.20687406152664478
176645,176645,1,0.21504374235043267
176646,176646,1,0.19661797543797932
176650,176650,1,0.23822634038367319
176651,176651,1,0.23230253779832225
176652,176652,1,0.22382936683270507
176653,176653,1,0.2181956132122566
176791,176791,2,0.26134534414890226
176792,176792,2,0.26205598510867517
176793,176793,2,0.2692300770254474
176796,176796,1,0.2655158821601693
176797,176797,1,0.2608286520826281
176861,176861,1,0.20580941808777273
176862,176862,2,0.3694270539917437
176863,176863,2,0.4034365797784689
176864,176864,1,0.4362749985899148
176865,176865,2,0.37381019020113027
176866,176866,2,0.37408666438321997
176867,176867,2,0.3742660254767804
176868,176868,2,0.45380681273419665
176869,176869,2,0.453795084405761
177008,177008,4,0.14562175489662424
177009,177009,4,0.24543972095565042
177205,177205,3,0.07883501334755386
177206,177206,4,0.17565430061998263
177590,177590,4,0.22677872745368047
177591,177591,4,0.2256659038136357
177592,177592,4,0.22476608997210454
177593,177593,4,0.22538407407127678
177594,177594,4,0.2256370038389375
177595,177595,4,0.22681762163940306
177657,177657,4,0.22417354156536812
177658,177658,4,0.22415748212580605
177659,177659,4,0.22540732254715254
177660,177660,4,0.23312203807226098
177661,177661,4,0.23530368951780645
177662,177662,4,0.23673364509574168
177663,177663,4,0.2413724539736034
177664,177664,4,0.22914247219867923
177665,177665,4,0.28192973237882274
177667,177667,1,0.6219115662102335
177668,177668,1,0.6224652796833302
177789,177789,2,0.23218121253181842
177790,177790,2,0.23237820817221413
177791,177791,2,0.2324225732937079
177792,177792,2,0.232398847878112
177793,177793,2,0.3188761138224787
177794,177794,2,0.3189779130911774
177795,177795,2,0.3188562511766984
177796,177796,2,0.31781202708532486
177983,177983,3,0.19279756518518482
178425,178425,1,0.25222441511351945
178426,178426,1,0.2520341405222623
178888,178888,4,0.1804712440917675
178889,178889,4,0.18148818567887348
179079,179079,4,0.7697434773678432
179080,179080,4,0.8170703777219966
179087,179087,4,0.2855496690864346
179088,179088,4,0.28067488213442454
179096,179096,1,0.1915310447124105
179097,179097,1,0.11345081390269449
179564,179564,4,0.26871792073712186
179627,179627,4,0.15269427590103712
179642,179642,3,0.1448540209873168
179643,179643,3,0.1700301470705842
179659,179659,1,0.08476624627184476
179660,179660,1,0.061674068837939605
179874,179874,3,0.3032132882925247
179875,179875,3,0.339905842223709
179894,179894,1,0.25930482432166707
179896,179896,1,0.2655158821601693
180204,180204,4,0.12984665900851813
180205,180205,4,0.144936803610473
180206,180206,4,0.1553262617156051
180207,180207,4,0.18570546884654923
180208,180208,4,0.21279556920239034
180209,180209,4,0.23039766586841012
180242,180242,4,0.25351702137718246
180243,180243,4,0.25377809937811213
180504,180504,4,0.1648522873886312
180816,180816,4,0.18616442192164154
180817,180817,4,0.18829572025714145
180829,180829,4,0.21022053236173083
180830,180830,4,0.180881387731112
180831,180831,4,0.30324433592586786
180871,180871,1,0.6246061488257767
180872,180872,1,0.6670567743251711
180873,180873,1,0.681029400513012
180874,180874,1,0.12993187984732124
180899,180899,1,0.2512181955894053
180900,180900,1,0.2537221672593161
180901,180901,1,0.25990244161876525
180902,180902,1,0.2715573715423655
180913,180913,1,0.11059557655032205
180914,180914,1,0.11317312377464214
180915,180915,1,0.11417463302175097
180916,180916,1,0.11927602544013899
180917,180917,1,0.12346180224780978
180918,180918,1,0.1231119845315869
181212,181212,1,0.14334514321269573
181213,181213,1,0.14341368932720786
181214,181214,1,0.14341325112633252
181215,181215,1,0.14346040655140804
181216,181216,1,0.14064345999099054
181277,181277,1,0.07318098540198856
181278,181278,2,0.2141578949012523
181279,181279,2,0.21361165510387572
181280,181280,2,0.252286183258138
181281,181281,2,0.2529478063715975
181282,181282,2,0.2698863161673409
181458,181458,4,0.11213429499439569
181459,181459,2,0.35357637070002745
181460,181460,2,0.4372212402243319
181461,181461,2,0.3538330529511436
181462,181462,2,0.34971866676645447
181463,181463,2,0.34915230892719157
181464,181464,2,0.42395014092173583
181465,181465,2,0.42296666765140994
181488,181488,1,0.1336518594749862
181489,181489,1,0.13213583276110039
181810,181810,4,0.2214853013455232
181852,181852,4,0.10560459147202644
181853,181853,4,0.539061574937579
181854,181854,4,0.5393605094826815
182296,182296,4,0.2628521323321032
182297,182297,4,0.2631196748318329
182298,182298,4,0.2633669112640844
182299,182299,4,0.26440463734466324
182300,182300,4,0.26478201996137357
182301,182301,4,0.26936478307115697
182302,182302,4,0.27033995238344843
182303,182303,4,0.2963079389085856
182304,182304,4,0.29702259515946366
182331,182331,4,0.2774004993140325
182332,182332,4,0.2762178951276363
182370,182370,1,0.060725850606622965
182371,182371,1,0.06093472268236315
182372,182372,1,0.061022485593983655
182373,182373,1,0.06146987420827803
182374,182374,1,0.061619634816590364
182375,182375,1,0.06167022206357307
182376,182376,1,0.06175096553664759
182377,182377,1,0.061856092320689095
182592,182592,4,0.621758168736455
182596,182596,1,0.1346502408444988
182597,182597,1,0.1346971053678129
182868,182868,2,0.2692300770254474
182918,182918,3,0.3766809957808408
182924,182924,3,0.10385895061714011
182925,182925,3,0.11382782769900501
183386,183386,4,0.2475871150049126
183403,183403,4,0.1288521620547617
183519,183519,4,0.2414571968371896
183542,183542,4,0.17493651265461352
183543,183543,4,0.1704432020283406
183544,183544,4,0.18744865880524866
183545,183545,4,0.2038161835975521
183546,183546,4,0.224779382519934
183547,183547,4,0.27520078497168243
183589,183589,4,0.11427373494396921
183590,183590,4,0.11756479769919874
183597,183597,1,0.1856685992489035
183598,183598,1,0.18570343716480062
183599,183599,1,0.1855682354618685
183600,183600,1,0.18550806114150303
183601,183601,1,0.18544915884222868
183879,183879,1,0.5175802069920934
183880,183880,1,0.18792594181287686
183966,183966,4,0.13000892192874444
183967,183967,4,0.1443037608524004
183968,183968,4,0.13036854642840945
184110,184110,3,0.2907290869804092
184334,184334,3,0.3405031856989053
184335,184335,3,0.19514065526103844
184336,184336,3,0.12365491577374792
184337,184337,3,0.13499167104129087
184338,184338,3,0.1954840714477016
184339,184339,3,0.20575476796511685
184699,184699,1,0.6047490355394533
184700,184700,1,0.49890797625946587
184701,184701,1,0.5676598214019926
184735,184735,4,0.19631960136945845
184736,184736,4,0.10319479533399323
184859,184859,3,0.14824238977587048
185078,185078,4,0.1177732813261433
185079,185079,4,0.10781443826565534
185080,185080,4,0.10762967941654959
185081,185081,4,0.25846314353855854
185082,185082,4,0.28165432123407724
185083,185083,4,0.28209991974622645
185084,185084,4,0.2822661746069434
185085,185085,4,0.26039152549790706
185086,185086,4,0.10455915125164973
185090,185090,3,0.2629430777673815
185101,185101,4,0.6728712746333979
185102,185102,1,0.2278860673424556
185103,185103,1,0.22745402142253446
185104,185104,1,0.22843752103533754
185105,185105,1,0.2562853796645419
185106,185106,1,0.25492091118031945
185107,185107,1,0.24963403018509275
185108,185108,1,0.24669657592576943
185703,185703,4,0.1464305537313984
185704,185704,4,0.0957674386949494
185738,185738,4,0.2828671215647652
185739,185739,4,0.18690704919657178
185981,185981,3,0.6613780726105561
185982,185982,3,0.6036747811444191
185983,185983,3,0.5628644957060416
185985,185985,1,0.37655336893772484
185986,185986,4,0.18569222253483694
186297,186297,1,0.12429043629628193
186298,186298,1,0.12426891278751862
186299,186299,1,0.12421121373671717
186300,186300,1,0.12365366753651265
186303,186303,1,0.1797362182453155
186304,186304,1,0.17958983964675812
186305,186305,1,0.1793547172210679
186306,186306,1,0.17802488653384727
186443,186443,1,0.35529960442740516
186444,186444,1,0.25638146255228517
186453,186453,4,0.22572155459509524
186454,186454,4,0.25034256837075886
186455,186455,4,0.249402260507524
187033,187033,1,0.09204671057002918
187036,187036,1,0.08891058522570856
187037,187037,1,0.08871324818399783
187210,187210,3,0.41288051315524166
187211,187211,3,0.12506734425174998
187212,187212,3,0.7906931969365758
187528,187528,1,0.16365085593809153
187529,187529,1,0.16863535361249807
187530,187530,1,0.17341186222695973
187565,187565,1,0.22557094870334676
187566,187566,1,0.2256798053900101
187567,187567,1,0.22678962512675965
187568,187568,1,0.22694610226574
187569,187569,1,0.22717373367567262
187570,187570,1,0.22738445806750765
187836,187836,4,0.261070216839994
187837,187837,4,0.27241309878224895
187838,187838,2,0.6664166462365567
187851,187851,4,0.46877289535241856
187852,187852,4,0.16951115965504107
187853,187853,4,0.17240045220882158
188007,188007,4,0.19137021399122664
188048,188048,1,0.18355300153268667
188049,188049,1,0.18273262011921432
188089,188089,4,0.14469203275425802
188090,188090,4,0.22518989122620464
188097,188097,3,0.10414171650387782
188098,188098,3,0.10054608517359721
188099,188099,3,0.09858981881541987
188100,188100,3,0.09594704055386123
188101,188101,3,0.09114677002819381
188102,188102,3,0.0896385638958728
188103,188103,3,0.08859736952268102
188104,188104,3,0.08739327531772696
188105,188105,3,0.08625056209814418
188106,188106,3,0.08327370646393258
189533,189533,3,0.12984961845674098
189568,189568,4,0.1264795789279199
189569,189569,4,0.127356757272372
189765,189765,1,0.16898808578471697
189766,189766,1,0.16973481360377202
189767,189767,1,0.1727317284763568
189768,189768,1,0.18227630783978652
189769,189769,1,0.1680626259595014
189794,189794,3,0.3647855437341928
189795,189795,3,0.12651989206105652
189997,189997,1,0.28690881904231513
189998,189998,1,0.26849545723099555
189999,189999,1,0.14479349000242434
190132,190132,3,0.04502396738158379
190133,190133,3,0.04603633499223049
190134,190134,1,0.24197127575468486
190135,190135,1,0.14938641254875953
190136,190136,1,0.2171079599006911
190137,190137,1,0.20869449608201532
190138,190138,1,0.20515973333053078
190142,190142,1,0.24208553235153565
190143,190143,1,0.24136046473435738
190257,190257,4,0.14658918822854253
190313,190313,3,0.28746224314273017
190314,190314,3,0.26072558947804
190470,190470,4,0.19718960519605508
190490,190490,3,0.05824384126188616
190491,190491,4,0.24036920255048388
190492,190492,4,0.2684486189343881
190493,190493,4,0.1856069413507414
190494,190494,3,0.07433300724246263
190495,190495,3,0.0716207485696954
190496,190496,3,0.07150965541990882
190511,190511,3,0.2582606628525042
190512,190512,3,0.2553315212291338
190513,190513,3,0.24713600289062518
190514,190514,3,0.25239260321322154
190841,190841,4,0.19573148371116103
191158,191158,3,0.07646532413612016
191227,191227,2,0.2307653047001859
191228,191228,2,0.3138702050204415
191229,191229,2,0.31831844347507643
191246,191246,1,0.14974116527683323
191247,191247,1,0.1497836512593239
191248,191248,1,0.14969665625629802
191249,191249,1,0.1495611548126567
191255,191255,1,0.11022561323614759
191256,191256,1,0.11590100898750903
191257,191257,1,0.11585592504668961
191258,191258,1,0.11582303103941359
191259,191259,1,0.11552278176841703
191260,191260,1,0.11571975719011471
191261,191261,1,0.11553107967045924
191262,191262,1,0.1157149590138943
191423,191423,3,0.7446926915737532
191463,191463,1,0.23866790440041946
191464,191464,1,0.23855399897454033
191465,191465,1,0.2381976868068005
191466,191466,1,0.23799351713803688
191467,191467,1,0.2379605922671309
191641,191641,1,0.3206005305471351
191642,191642,1,0.3243986232935673
191859,191859,4,0.3314735721527026
191860,191860,4,0.22232715886345167
191861,191861,1,0.3788121463541375
191862,191862,1,0.42250481640580934
191863,191863,4,0.5049219989691455
191864,191864,4,0.4596184193428059
191865,191865,4,0.3153606841812554
191866,191866,4,0.3158330921917341
191867,191867,4,0.315965950021033
191868,191868,4,0.3209696735289638
191869,191869,4,0.23298828246491332
191870,191870,4,0.2896827456016858
191871,191871,4,0.3302040907882278
192025,192025,4,0.43661808353071263
192026,192026,4,0.19994983813876652
192027,192027,4,0.20017492054110697
192028,192028,4,0.20026916639182418
192029,192029,4,0.20038893791272255
192030,192030,4,0.20052766244055956
192031,192031,4,0.20037412567197904
192091,192091,1,0.2878059533090732
192092,192092,1,0.28824575603582914
192093,192093,1,0.2882572489627887
192094,192094,1,0.2882659029297041
192095,192095,1,0.28828610815322026
192096,192096,1,0.3884142977291516
192097,192097,1,0.28818894599447115
192147,192147,1,0.06384818585240062
192148,192148,1,0.21201936410705305
192149,192149,1,0.19828914299114095
192742,192742,2,0.6801826957516826
193269,193269,1,0.3351169847962329
193270,193270,1,0.33480524451756294
193271,193271,1,0.3316089413384899
193480,193480,4,0.1289236293452616
193481,193481,4,0.10510139519974028
193482,193482,4,0.1427271423267621
193493,193493,4,0.05473963936804481
193494,193494,4,0.05156888500116731
193495,193495,4,0.15267728574411024
193496,193496,4,0.17208565999429137
193497,193497,4,0.526866836782779
193502,193502,2,0.23507112817214135
193503,193503,2,0.23348438054077744
193504,193504,2,0.22832523448894324
193547,193547,4,0.14176336691052294
193548,193548,4,0.1385936027995857
193549,193549,4,0.1254826283890576
193550,193550,4,0.1175084153519132
193551,193551,4,0.107986344869387
193552,193552,4,0.1129726451422174
193735,193735,2,0.23485719185640408
193736,193736,2,0.23467017892423334
193737,193737,2,0.4258707034188964
193738,193738,2,0.4258089786310794
193739,193739,2,0.4256820993215509
193740,193740,2,0.42537791547458437
193741,193741,2,0.30134323296255394
193742,193742,2,0.37406547361946035
193743,193743,2,0.37404446730838686
194418,194418,4,0.22133192259138798
194419,194419,4,0.22110143513518893
194421,194421,4,0.09229539229583435
194422,194422,4,0.09201157767805151
194431,194431,4,0.23805466874128497
194432,194432,4,0.23800067700238575
194433,194433,4,0.22327922828714455
194455,194455,3,0.20987786798078445
194456,194456,4,0.12234381134267305
194463,194463,3,0.20158017599860686
194464,194464,3,0.1999994744639666
194468,194468,4,0.1734904630082047
194470,194470,2,0.45376369458201377
194768,194768,1,0.10136812264539133
195080,195080,1,0.08745272469520486
195081,195081,1,0.12925622422394706
195082,195082,1,0.13041862056567988
195088,195088,4,0.1133978462145174
195089,195089,4,0.14923631415101735
195090,195090,4,0.12093781325787471
195091,195091,4,0.11666788436805225
195205,195205,4,0.20486936507393072
195304,195304,1,0.12058729569344387
195321,195321,4,0.10077002304618739
195322,195322,4,0.09827383340351949
195323,195323,4,0.10082162713411125
195324,195324,4,0.10229488247080072
196093,196093,2,0.19365182498106312
196094,196094,2,0.20023489834493444
196095,196095,2,0.22301992801615944
196481,196481,1,0.41495992978848334
196482,196482,2,0.45039789072319064
196493,196493,1,0.2554827650499728
196614,196614,2,0.4176198183917242
196615,196615,1,0.2517450268598985
196616,196616,1,0.33976902518275337
196617,196617,1,0.28442172289501777
196788,196788,1,0.08445575186606995
197028,197028,4,0.21185711474907254
197029,197029,4,0.2423819662992291
197030,197030,4,0.5928763476601135
197059,197059,1,0.1473792136097228
197060,197060,1,0.14758756645338494
197061,197061,1,0.14752159984396282
197062,197062,1,0.1475735656090313
197063,197063,1,0.1475126650755101
197064,197064,1,0.14728756124386455
197065,197065,1,0.14740832686887018
197066,197066,1,0.14742003796721637
197067,197067,1,0.14737084571370698
197068,197068,1,0.1475239888701729
197069,197069,1,0.1481788450989572
197070,197070,1,0.14806459258194296
197073,197073,1,0.15465893848704726
197074,197074,1,0.1549816282011704
197075,197075,1,0.15498483909153393
197076,197076,1,0.15509115456667216
197077,197077,1,0.22431595940001894
197078,197078,1,0.2243456651271002
197079,197079,1,0.22435893420963746
197080,197080,1,0.2245119842007144
197081,197081,1,0.22463368240326548
197363,197363,1,0.3113541804195788
197364,197364,1,0.19749258720607418
197365,197365,1,0.4198844506525105
197372,197372,4,0.18210642041277067
197373,197373,4,0.17903131150014231
197374,197374,4,0.17742614113240712
197375,197375,4,0.1762035389730202
197376,197376,4,0.1748441774182745
197377,197377,4,0.1736959133443075
197378,197378,4,0.17287042755932683
197620,197620,4,0.33023063744128206
197621,197621,4,0.24604693175607434
197622,197622,4,0.14410495972433868
197623,197623,4,0.10921012254737857
197624,197624,4,0.10125350033522494
197625,197625,4,0.1050820907634211
197626,197626,4,0.11106211262771382
197878,197878,1,0.1682614285816511
197879,197879,1,0.1401976007972725
198218,198218,3,0.09157707335884761
198235,198235,1,0.25596209507128814
198236,198236,1,0.2622403267554026
198241,198241,1,0.22721064357849444
198242,198242,1,0.23314616945156194
198243,198243,1,0.24206162072939685
198244,198244,1,0.24445457023979122
198245,198245,1,0.24660789181982337
198246,198246,1,0.24924382268012446
198247,198247,1,0.2518630923737197
198346,198346,3,0.4919875732810982
198347,198347,3,0.11876277340973432
198348,198348,3,0.08159983581284416
198349,198349,3,0.0832390525290844
198350,198350,3,0.0974350107155365
198351,198351,3,0.12970026949401373
198352,198352,3,0.17074818213625959
198358,198358,4,0.250127523531094
198359,198359,4,0.2765416819554627
198360,198360,4,0.28687025916417386
198361,198361,4,0.20847637846732173
198362,198362,4,0.15841195203482314
198365,198365,4,0.14789797681328345
198585,198585,1,0.6492260370279485
198586,198586,1,0.5894419006914109
198587,198587,1,0.06428081401160367
198733,198733,4,0.10644211391429612
198760,198760,4,0.18478973155919193
198761,198761,4,0.19716036362756884
198762,198762,4,0.2108920143297306
198867,198867,1,0.3918512213670578
199015,199015,3,0.35738749213457827
199264,199264,4,0.23172609986575035
199265,199265,4,0.23146442990095498
199269,199269,4,0.09500569850502524
199270,199270,4,0.09461852065845504
199271,199271,4,0.09639921797060867
199272,199272,4,0.0965097370712619
199273,199273,4,0.09651468318445984
199274,199274,4,0.09737458519670893
199275,199275,4,0.09760299717808864
199285,199285,4,0.14200065457181943
199321,199321,2,0.21576924932849592
199322,199322,2,0.21488866742680296
199323,199323,1,0.060839419238184714
199324,199324,1,0.06187845067731737
199325,199325,1,0.06473354010624277
199326,199326,1,0.08363346894513156
199513,199513,4,0.1471192272641774
199651,199651,1,0.07007213796984112
199652,199652,1,0.0835344626631845
199653,199653,1,0.6668618638620554
199654,199654,1,0.6992617615313534
199655,199655,1,0.12470987158773102
199656,199656,1,0.09140337716918033
199657,199657,1,0.07772698717138271
199658,199658,1,0.07489623154798256
199661,199661,4,0.2454507907812939
199662,199662,4,0.1881276119735638
199762,199762,4,0.1204104531333954
199763,199763,2,0.4542438893224495
199765,199765,4,0.7769018069831425
199766,199766,4,0.6059997607301527
199767,199767,4,0.5146327627312263
199768,199768,4,0.5011726721494155
199769,199769,4,0.17765390966394173
199770,199770,4,0.1651042769048672
200052,200052,4,0.34286443730369137
200347,200347,1,0.2379254020948354
200348,200348,1,0.2376822119555364
200349,200349,1,0.23739596225246723
200350,200350,1,0.23721177733712315
200351,200351,1,0.23708701823771677
200352,200352,1,0.23696499323218462
200353,200353,1,0.2368520475035936
200363,200363,4,0.11286233401681671
200364,200364,4,0.1122556933087479
200365,200365,4,0.10873557089255349
200366,200366,4,0.10884833555146624
200367,200367,4,0.10864897000863691
200368,200368,4,0.10832020929861791
200369,200369,4,0.10542561331730273
200370,200370,4,0.10595194108039854
200371,200371,4,0.10593350458456731
200372,200372,4,0.1059634547329392
200373,200373,4,0.10580532126470353
200374,200374,4,0.10629125740693006
200375,200375,4,0.10635379185973766
200376,200376,4,0.10637324284027944
200559,200559,3,0.18365075842753828
200560,200560,3,0.2281833259239262
200561,200561,3,0.47727959528934377
200562,200562,3,0.5123607607654432
200569,200569,4,0.47298790290124787
200570,200570,4,0.16253463027341586
200724,200724,4,0.22696250313341498
200728,200728,4,0.10345536655246311
200729,200729,4,0.1062336449841778
200738,200738,1,0.3914874334006064
200749,200749,4,0.23074749816209794
200750,200750,4,0.27171838465133236
200751,200751,4,0.46653781174398207
200752,200752,4,0.265946679830125
200753,200753,4,0.2665596116219171
200755,200755,4,0.20012331815219692
200756,200756,4,0.17310013400616792
200757,200757,4,0.22868319402510465
200785,200785,1,0.061441254239110926
200786,200786,1,0.06062689387827224
200787,200787,1,0.09255005043106157
200788,200788,1,0.1068297650502305
200789,200789,1,0.10559783359190636
200790,200790,1,0.09251438925365899
201233,201233,2,0.7771365292393039
201234,201234,2,0.7771663979382613
201248,201248,4,0.09771278004217193
201249,201249,4,0.19140400237917551
201271,201271,1,0.1910244172228436
201272,201272,1,0.18054377124383156
201273,201273,1,0.17909146813012483
201274,201274,1,0.059333448011664285
201275,201275,1,0.060252258795430676
201796,201796,1,0.21166278215478082
201797,201797,1,0.20357925005065516
201798,201798,1,0.06866670461817434
201799,201799,1,0.06688785620660638
201822,201822,4,0.17948621387969657
201839,201839,4,0.16336368849424115
201868,201868,4,0.12407583343133727
201884,201884,1,0.34011466036439825
201885,201885,1,0.3430453762566546
201886,201886,1,0.25248142395173895
201897,201897,1,0.11517882290815795
201907,201907,1,0.1278322836439193
201908,201908,1,0.1278005482863843
201978,201978,3,0.20821635997212823
201979,201979,3,0.25111782447480663
201980,201980,3,0.22645201525884057
201981,201981,3,0.31030056151785407
202016,202016,4,0.3937946447253845
202023,202023,3,0.2631337025648694
202300,202300,1,0.03527841741075085
202301,202301,1,0.031843405274258996
202302,202302,1,0.38535284713848234
202303,202303,2,0.43107439261814523
202304,202304,1,0.3860521133757963
202305,202305,2,0.424318185121368
202306,202306,2,0.42424975155268646
202307,202307,2,0.3495804916243123
202308,202308,2,0.4247181636389098
202309,202309,1,0.36126349848649203
202779,202779,1,0.07756259282444983
202780,202780,1,0.07832496899273778
203068,203068,1,0.39941912263440793
203069,203069,1,0.3519467490812431
203070,203070,1,0.32780692912728077
203071,203071,1,0.2092010724032108
203115,203115,1,0.1412926524010387
203116,203116,1,0.14087259166027613
203223,203223,4,0.17069620570843114
203224,203224,4,0.16904870384783385
203354,203354,4,0.14172587599935982
203674,203674,2,0.2236327635293297
203675,203675,2,0.2237057927693301
203676,203676,2,0.8280676200161322
203811,203811,4,0.11140547739264778
203812,203812,4,0.13704120882729245
203813,203813,4,0.1015062143890542
203814,203814,3,0.1620985522686053
203815,203815,3,0.5497960335980789
203816,203816,3,0.5866176329209822
203817,203817,3,0.6178565082923068
203818,203818,3,0.6220701202158092
203819,203819,3,0.21145912190539898
203820,203820,3,0.20895751237661855
203821,203821,3,0.13632216569553654
203822,203822,3,0.12879373266409005
204050,204050,3,0.2457269630333103
204052,204052,3,0.2472124368429489
204055,204055,3,0.3539995451348288
204056,204056,3,0.3506594856762133
204342,204342,4,0.6281827407418892
204343,204343,4,0.35036105896134767
204344,204344,4,0.3552012121034997
204382,204382,1,0.39111641098678407
205080,205080,1,0.14257714127936577
205081,205081,1,0.14175438574591437
205178,205178,1,0.18283054978316984
205179,205179,1,0.16916140735362697
205612,205612,4,0.40200326209208637
205614,205614,4,0.10311410696905703
205615,205615,4,0.16411400074426474
205616,205616,4,0.16837472674119666
205676,205676,1,0.1205954466336463
205782,205782,1,0.16898965891740844
205823,205823,1,0.23860273952003366
205824,205824,1,0.2332841186434138
205825,205825,1,0.22097176754406503
205826,205826,1,0.23283510067538157
206140,206140,1,0.38950584994792287
206141,206141,2,0.2466801627378092
206142,206142,2,0.24668947818449088
206143,206143,2,0.24673430323175935
206329,206329,1,0.14540033155093748
206346,206346,1,0.2669576728684393
206347,206347,1,0.2697476125431669
206348,206348,1,0.27032966549430637
206349,206349,1,0.2712834758071265
206350,206350,1,0.2734525930665261
206351,206351,1,0.27373988235639507
206686,206686,1,0.091279623564849
206730,206730,1,0.21556011228279193
206731,206731,1,0.23167986548268668
206818,206818,4,0.1987064885514543
206819,206819,4,0.2003498177627768
207285,207285,4,0.22758590057817316
207286,207286,4,0.23185909394231813
207287,207287,4,0.3886265592304581
207288,207288,4,0.6347539919571886
207289,207289,4,0.6082015122534138
207290,207290,4,0.1272039658529947
207291,207291,4,0.10860027581567157
207780,207780,4,0.23451334071394458
207781,207781,4,0.2347948188587507
207782,207782,4,0.2353484180827788
207783,207783,4,0.23646181667672142
207784,207784,4,0.23681391122544804
207785,207785,4,0.23729153489942087
207808,207808,1,0.1550686943926877
207809,207809,1,0.27018269191743916
207810,207810,1,0.2215587828766596
207811,207811,1,0.23276650266416282
207812,207812,1,0.32014345628568613
207813,207813,1,0.13884106164628662
207835,207835,1,0.25441375254539306
207836,207836,1,0.2541886408225761
207837,207837,1,0.2540391511792866
207838,207838,1,0.2539006254798055
207839,207839,1,0.25377591507129776
207840,207840,1,0.2536559301638851
208137,208137,3,0.2797579190527458
208138,208138,4,0.28350592311225825
208381,208381,1,0.06999109145380406
208530,208530,2,0.2692295777012608
208531,208531,2,0.26922953498738367
208532,208532,2,0.2692296668601562
208925,208925,2,0.8808829922541449
208926,208926,2,0.22485123883831504
208927,208927,2,0.22479985939827038
208984,208984,4,0.15234618816361742
209000,209000,3,0.285047355638611
209001,209001,3,0.2822748247086376
209038,209038,1,0.13512041737823705
209340,209340,4,0.7500180638309775
209341,209341,4,0.37533898861984505
209347,209347,4,0.2465959271797842
209348,209348,4,0.24713317799506218
209459,209459,4,0.10387518186272675
209491,209491,4,0.09778737889529777
209552,209552,1,0.3472395659614662
209782,209782,4,0.18548562325440826
209783,209783,4,0.18908821924887106
209807,209807,2,0.3431384456341032
210024,210024,3,0.2928345812554805
210025,210025,3,0.29283976452431104
210026,210026,3,0.29339424792775487
210027,210027,3,0.2932076861264277
210028,210028,3,0.235820036228181
210147,210147,1,0.38575120212693004
210213,210213,1,0.09510468666400723
210214,210214,1,0.09580007302735825
210215,210215,1,0.09595569679843634
210519,210519,4,0.19339060504119313
210549,210549,4,0.2107514674579081
210550,210550,4,0.09176951147345587
210551,210551,4,0.0934601320370586
210552,210552,1,0.23322147665666676
210640,210640,1,0.08173444845930301
210714,210714,1,0.7045717479263871
210715,210715,1,0.7048812879340829
210716,210716,1,0.0818267321832231
210717,210717,1,0.08198522706330322
210724,210724,4,0.349827760175168
210726,210726,4,0.246913551125151
210727,210727,4,0.24694189079186746
210728,210728,4,0.2470157422854304
210729,210729,4,0.2475871150049126
210734,210734,4,0.2475871150049126
210735,210735,4,0.23352608175312958
210736,210736,4,0.21941570692285745
210737,210737,4,0.2008296637522529
210738,210738,4,0.10517536013652322
210795,210795,1,0.39109439994696554
211022,211022,2,0.2692300770254474
211025,211025,4,0.2475871150049126
211026,211026,4,0.1901876506517692
211027,211027,4,0.16449134481149325
211028,211028,4,0.14447055824538854
211119,211119,4,0.17773169640233946
211120,211120,4,0.14217616142233866
211121,211121,4,0.15639378446918129
211122,211122,4,0.23703445510680074
211123,211123,4,0.2474267504952274
211366,211366,4,0.7058714402529185
211822,211822,4,0.3359915081882167
211823,211823,4,0.36020618862048265
211824,211824,4,0.1524169371813343
211825,211825,4,0.1531043470848262
212212,212212,1,0.5061970959714394
212213,212213,1,0.49974781064719154
212214,212214,1,0.4912395549638566
212215,212215,1,0.2309498935105327
212216,212216,1,0.2514266900289893
212217,212217,1,0.25317973571329966
212446,212446,1,0.3032064656283408
212447,212447,1,0.32815241538876605
212448,212448,1,0.34814662619181896
212584,212584,1,0.24133158762194207
212585,212585,4,0.18308348047502027
212586,212586,4,0.19654188311471507
213317,213317,1,0.3720185919007697
213318,213318,1,0.3713759585272166
213319,213319,1,0.3359249464349226
213320,213320,1,0.33569093246773807
213322,213322,1,0.07232546815784373
213323,213323,1,0.07300697287925559
213324,213324,1,0.07747419686251346
213325,213325,2,0.34141953694995425
213326,213326,2,0.3457179649039609
213327,213327,2,0.34555488904200454
213362,213362,4,0.49936679060546696
213422,213422,1,0.11355836331302603
213423,213423,1,0.09546964635358737
213424,213424,1,0.07777657052145377
213425,213425,1,0.061700891467856595
213426,213426,1,0.06937354241489699
213655,213655,4,0.1501180909542059
213656,213656,4,0.11141081680665264
213746,213746,3,0.04787260250610076
213747,213747,3,0.047155789542493984
213748,213748,3,0.04633330919420526
213749,213749,3,0.047560942526529086
213906,213906,1,0.25723010738235674
214101,214101,4,0.15583882996757667
214498,214498,4,0.18388284761963702
214555,214555,1,0.15364056080666885
214556,214556,1,0.17257053274483541
214661,214661,4,0.3968849992090506
214662,214662,4,0.44646132447756975
214667,214667,3,0.12685004723269025
214756,214756,1,0.13311256849642092
214757,214757,1,0.06848767023799207
214758,214758,1,0.06097809318296209
214759,214759,1,0.0607965287333672
214760,214760,1,0.0607385023913737
214883,214883,4,0.18203488354359076
214884,214884,4,0.1824086001220287
214885,214885,4,0.18174364437769985
214888,214888,4,0.5589496049964667
215134,215134,1,0.2655158821601693
215199,215199,4,0.10486222773777008
215231,215231,1,0.25652622019380616
215232,215232,1,0.2567390541941679
215723,215723,2,0.3779724669163349
215829,215829,2,0.2692300770254474
215830,215830,2,0.26922902075820776
215928,215928,2,0.41819623897102703
216450,216450,3,0.4843326791656044
216451,216451,3,0.521457785747978
216452,216452,3,0.5106831145835036
216482,216482,1,0.26035410067323045
216483,216483,2,0.3999350618290128
216484,216484,1,0.20403748632928206
216485,216485,1,0.20114640275743334
216486,216486,1,0.19739002018874482
216487,216487,1,0.18376795865392137
216488,216488,1,0.15283875830975904
216549,216549,4,0.1344732518945985
216644,216644,4,0.24483668711968656
216703,216703,1,0.09751375984132121
216704,216704,1,0.09860372967452948
216705,216705,1,0.09896192343113241
216706,216706,1,0.09938017056025228
216707,216707,1,0.10092995503249076
216708,216708,1,0.1012865302372977
216709,216709,1,0.10211453515413597
216710,216710,1,0.10355951176865962
216711,216711,1,0.10444553619544991
216752,216752,1,0.09482247656153504
216753,216753,1,0.09423763903826275
217154,217154,1,0.12725876196785227
217181,217181,1,0.07525406003672908
217249,217249,1,0.1875732122040327
217250,217250,1,0.214780280269881
217251,217251,1,0.22341645301754923
217252,217252,1,0.23480714853170287
217253,217253,1,0.24102503049093413
217254,217254,2,0.4014198418814202
217295,217295,1,0.25251513212447324
217296,217296,2,0.44079565431868956
217297,217297,2,0.440770618691996
217298,217298,2,0.44089601758861463
217577,217577,4,0.15196051030019408
217582,217582,2,0.26922970763024373
217585,217585,1,0.45509731475256227
217586,217586,2,0.267781102569219
217587,217587,2,0.26675656465177955
217588,217588,2,0.2692300770254474
217589,217589,2,0.26922887057552886
217590,217590,2,0.2692300770254474
217591,217591,2,0.2692300770254474
217592,217592,1,0.403054814781785
217593,217593,1,0.3119968650679247
217594,217594,1,0.4540920390282929
217595,217595,2,0.26764263464768195
217630,217630,3,0.050732694601585034
217631,217631,3,0.0741637636206027
217632,217632,4,0.16784776944065027
217633,217633,4,0.2818051248751114
217634,217634,4,0.4603653932320612
217635,217635,4,0.46162434927236
217636,217636,4,0.2681033323393868
217637,217637,4,0.09551679063033836
217638,217638,4,0.3059193349914974
217639,217639,4,0.3082195935687107
217640,217640,4,0.3023699696047438
217641,217641,3,0.5926431781771748
217642,217642,4,0.17705540738680337
217643,217643,4,0.3048754486221473
217644,217644,2,0.4758634875942283
217645,217645,2,0.3535392929018441
217646,217646,2,0.25085303414515775
217647,217647,2,0.2507757272834237
217648,217648,2,0.2508476920712984
217649,217649,2,0.2520712734880228
217650,217650,2,0.2508860373827082
217651,217651,2,0.35509491306385793
217656,217656,1,0.26144616345931493
217657,217657,1,0.26292705340327616
217658,217658,1,0.30465588264950483
217659,217659,1,0.3058576869044217
217660,217660,1,0.06476279202732693
217661,217661,1,0.30459954479668877
217761,217761,1,0.24581951432106322
217787,217787,2,0.26922914804055126
217809,217809,2,0.3018787349381652
217810,217810,2,0.2947105290396183
217811,217811,2,0.31703540788254453
217812,217812,2,0.29006255255811686
217813,217813,2,0.3493206248716013
217814,217814,1,0.25331192204243697
217815,217815,1,0.18514315867901837
217816,217816,1,0.2510673143009778
217817,217817,1,0.07679450289936934
217847,217847,4,0.12391038571089057
217848,217848,4,0.1345852898667571
217859,217859,1,0.10423413837329215
217861,217861,2,0.269229958121342
217862,217862,2,0.8036390193520276
217865,217865,2,0.8040439308299491
