fid,MS_ID,TF_Index_Risk_equal
24364,24364,0.316726754946849
24365,24365,0.313021672916541
24366,24366,0.293441745291017
24367,24367,0.288707322607036
24368,24368,0.270118183826144
24398,24398,0.541070611388722
24399,24399,0.527506334480146
24400,24400,0.526295113161306
24401,24401,0.526094105430093
24402,24402,0.521733371800992
24403,24403,0.522948153243719
24404,24404,0.598167448800109
24405,24405,0.62284044972954
24406,24406,0.595304384223138
24407,24407,0.619408874351377
24408,24408,0.541991678492843
24409,24409,0.594705906435689
24410,24410,0.589339225063267
24411,24411,0.555925488262495
24412,24412,0.340828555475408
24413,24413,0.335334716445688
24414,24414,0.331570695539299
24415,24415,0.333833486625669
24416,24416,0.308504285944028
24417,24417,0.306102050092542
24418,24418,0.303652183488904
24419,24419,0.39081704105227
24420,24420,0.39239981524135
24421,24421,0.39340311237596
24422,24422,0.395351636130575
24423,24423,0.394450339092115
24424,24424,0.392781656993082
24425,24425,0.395119082152465
24426,24426,0.396564126675142
24427,24427,0.393207175443335
24428,24428,0.391513155985508
24458,24458,0.517981655856695
24459,24459,0.520117294203983
24460,24460,0.520820742731729
24461,24461,0.518343586489868
24462,24462,0.53701280843403
24463,24463,0.544174829721175
24464,24464,0.88199493642731
24465,24465,0.712998597149607
24466,24466,0.713371183549581
24467,24467,0.713371183549581
24468,24468,0.713801494290029
24469,24469,0.713801494290029
24591,24591,0.268104544342067
24592,24592,0.269410813726856
24593,24593,0.685960586837656
24594,24594,0.685980311856824
24595,24595,0.685991557212345
24596,24596,0.640922830122342
24597,24597,0.640922830122342
24598,24598,0.640921712420696
24599,24599,0.640922178825731
24600,24600,0.640922830122342
24601,24601,0.640880301741759
24602,24602,0.678054208235545
24603,24603,0.625734078801748
24604,24604,0.624979359996249
24605,24605,0.624957538559694
24606,24606,0.624938527592234
24607,24607,0.62490976022254
24608,24608,0.624900179090526
24609,24609,0.624893224882261
24610,24610,0.624885605017083
24611,24611,0.624863369257867
24612,24612,0.624857253113538
24613,24613,0.624851545147514
24614,24614,0.655225091123008
24615,24615,0.655230784295353
24616,24616,0.942253652785132
24617,24617,0.941810391376638
24618,24618,0.942726034651937
24619,24619,0.941814637027645
24620,24620,0.948298093856733
24621,24621,0.949422263394726
24622,24622,0.948298093856733
24623,24623,0.946811176002162
24624,24624,0.941814637027645
24625,24625,0.768684686667053
24626,24626,0.768684686667053
24627,24627,0.764535069799756
24628,24628,0.617392300690735
24629,24629,0.606218376280286
24630,24630,0.601172497331216
24631,24631,0.59195880012783
24632,24632,0.584193629120491
24633,24633,0.554521759022131
24634,24634,0.553991716664719
24635,24635,0.539767429363291
24636,24636,0.536667618878552
24637,24637,0.514295881188287
24638,24638,0.505075771940036
24639,24639,0.689689594062897
24640,24640,0.679112025541895
24641,24641,0.679112025541895
24642,24642,0.674528293618072
24643,24643,0.676054963948749
24644,24644,0.676054963948749
24645,24645,0.676095460813323
24646,24646,0.661648105114822
24647,24647,0.658009792403861
24648,24648,0.658009792403861
24649,24649,0.629010776458635
24650,24650,0.600888441125964
24651,24651,0.628005802968478
24652,24652,0.497431632703252
24653,24653,0.495003683872692
24777,24777,0.40789061741792
24778,24778,0.407713037647501
24779,24779,0.407713037647501
24780,24780,0.407713037647501
24781,24781,0.429220596158761
24782,24782,0.475385829585852
24783,24783,0.493345476371424
24784,24784,0.496399282188123
24785,24785,0.493345476371424
24855,24855,0.561472795828225
24856,24856,0.564191387602617
24857,24857,0.564358450888297
24858,24858,0.564523952638267
24859,24859,0.564661537970796
24860,24860,0.550250927422089
24861,24861,0.553526998058958
24862,24862,0.553853598655746
24863,24863,0.554338612935364
24864,24864,0.555080906293927
24865,24865,0.556092552873394
24866,24866,0.558942967476014
24867,24867,0.560051074653532
24868,24868,0.562488807095376
24869,24869,0.553691276326836
24870,24870,0.556695431908805
24871,24871,0.556760834530252
24872,24872,0.556874879639174
24873,24873,0.557090671708301
24874,24874,0.55731654922592
24875,24875,0.55904173217273
24876,24876,0.561015291791481
24983,24983,0.440740449988327
24984,24984,0.437377198640974
24985,24985,0.435148487297101
24986,24986,0.570228277469311
24987,24987,0.568517444731307
24988,24988,0.548240879017491
24989,24989,0.542131520657534
24990,24990,0.540516524506512
24996,24996,0.631630347938754
24997,24997,0.634801541278561
24998,24998,0.634807909553902
24999,24999,0.634819781040119
25000,25000,0.634835534761136
25001,25001,0.634855545316421
25002,25002,0.634872977264033
25003,25003,0.575383031307945
25004,25004,0.575383031307945
25005,25005,0.575383031307945
25006,25006,0.575383031307945
25007,25007,0.575383031307945
25008,25008,0.575383031307945
25009,25009,0.575383031307945
25010,25010,0.575383031307945
25011,25011,0.575383031307945
25012,25012,0.57550755624286
25013,25013,0.57550755624286
25014,25014,0.57550755624286
25015,25015,0.57550755624286
25016,25016,0.57550755624286
25024,25024,0.35746414796158
25025,25025,0.342716446932577
25026,25026,0.335045393508227
25027,25027,0.322871311456349
25028,25028,0.328150680485743
25029,25029,0.333957614646764
25030,25030,0.330552952211926
25031,25031,0.319693334746148
25032,25032,0.293983048291726
25033,25033,0.287913106396153
25034,25034,0.279794859396971
25035,25035,0.26489563467528
25036,25036,0.26167882820008
25037,25037,0.256164429056195
25062,25062,0.532665051103137
25063,25063,0.53273861732861
25064,25064,0.697477289895531
25065,25065,0.371668575115195
25066,25066,0.292316781056934
25067,25067,0.278183267542287
25068,25068,0.278718741592872
25069,25069,0.284224269134538
25070,25070,0.625
25071,25071,0.625
25072,25072,0.282084734250817
25073,25073,0.282631398709493
25074,25074,0.28187810211977
25075,25075,0.276021079982105
25076,25076,0.286151637221309
25077,25077,0.366940542957537
25078,25078,0.367815233281575
25079,25079,0.380821360310633
25080,25080,0.380969883024516
25081,25081,0.387298038411206
25084,25084,0.382703152326907
25085,25085,0.38620921615887
25086,25086,0.383058838563785
25087,25087,0.383521324036021
25088,25088,0.384291209133562
25089,25089,0.384416534963783
25090,25090,0.381355900244561
25091,25091,0.384837760741535
25092,25092,0.384998310501404
25093,25093,0.38515035210016
25094,25094,0.385553435491725
25095,25095,0.383505466827827
25096,25096,0.387599581893303
25097,25097,0.387446790638269
25098,25098,0.387530099676389
25099,25099,0.387897184951189
25100,25100,0.38561636407372
25101,25101,0.385931999422316
25102,25102,0.386334299425704
25103,25103,0.384862533814521
25104,25104,0.383632364827113
25105,25105,0.384038664358149
25106,25106,0.384347940984365
25107,25107,0.385038995339053
25117,25117,0.815350317395151
25192,25192,0.877442957648641
25193,25193,0.869235734654172
25194,25194,0.87619381442705
25195,25195,0.656995186101806
25196,25196,0.652183402534666
25197,25197,0.646844050167073
25198,25198,0.716498648536905
25199,25199,0.716340206161237
25200,25200,0.716340206161237
25201,25201,0.716340206161237
25202,25202,0.54967353949457
25203,25203,0.54967353949457
25204,25204,0.54967353949457
25205,25205,0.54967353949457
25206,25206,0.54618134363185
25207,25207,0.54618134363185
25208,25208,0.54967353949457
25209,25209,0.54967353949457
25210,25210,0.54967353949457
25211,25211,0.54967353949457
25212,25212,0.716340206161237
25213,25213,0.716496777760425
25214,25214,0.716498648536905
25215,25215,0.705058068298881
25216,25216,0.538253817108695
25217,25217,0.538256013724415
25218,25218,0.54967353949457
25219,25219,0.54618134363185
25220,25220,0.54618134363185
25221,25221,0.54618134363185
25222,25222,0.545958567445233
25223,25223,0.40511475072119
25224,25224,0.520575166681314
25225,25225,0.520575166681314
25226,25226,0.520575166681314
25227,25227,0.520575166681314
25293,25293,0.571110045387859
25294,25294,0.571110045387859
25619,25619,0.756735587077885
25620,25620,0.747397944885415
25621,25621,0.746937983296021
25622,25622,0.743828161997212
25623,25623,0.752964490265365
25624,25624,0.752492463469815
25625,25625,0.753600868484188
25626,25626,0.754400196327277
25627,25627,0.751412155401991
25628,25628,0.5625
25629,25629,0.5625
25630,25630,0.5625
25631,25631,0.5625
25632,25632,0.5625
25633,25633,0.5625
25634,25634,0.5625
25635,25635,0.5625
25636,25636,0.5625
25637,25637,0.5625
25638,25638,0.5625
25639,25639,0.5625
25640,25640,0.5625
25641,25641,0.5625
25642,25642,0.5625
25643,25643,0.5625
25644,25644,0.5625
25645,25645,0.5625
25646,25646,0.5625
25647,25647,0.5625
25648,25648,0.5625
25649,25649,0.5625
25650,25650,0.5625
25651,25651,0.5625
25652,25652,0.5625
25653,25653,0.5625
25654,25654,0.5625
25655,25655,0.5625
25656,25656,0.5625
25657,25657,0.5625
25658,25658,0.5625
25659,25659,0.5625
25660,25660,0.56249929850022
25661,25661,0.5625
25662,25662,0.5625
25663,25663,0.5625
25664,25664,0.562246786665386
25665,25665,0.562003303695707
25666,25666,0.561762837937136
25667,25667,0.561532745049121
25668,25668,0.561301834338087
25669,25669,0.56109284738504
25670,25670,0.560981872432957
25671,25671,0.560910240787508
25672,25672,0.560841712152083
25731,25731,0.659756112022233
25732,25732,0.706826583981085
25733,25733,0.706817015654594
25734,25734,0.714714870628039
25735,25735,0.714714870628039
25736,25736,0.742453782368112
25737,25737,0.804702511764333
25738,25738,0.810146907360696
25739,25739,0.814815433705245
25740,25740,0.815620634026938
25741,25741,0.816608543013757
25742,25742,0.816921801822234
25743,25743,0.818307907531977
25744,25744,0.819153309613193
25770,25770,0.432629164248725
25771,25771,0.565505802968478
25772,25772,0.603919823818717
25773,25773,0.603692879096111
25774,25774,0.595509792403861
25775,25775,0.599148105114822
25776,25776,0.610763978903055
25777,25777,0.613554963948749
25778,25778,0.613554963948749
25779,25779,0.613554963948749
25780,25780,0.613554963948749
25781,25781,0.616612025541895
25782,25782,0.61768675258326
25783,25783,0.628907238310506
25784,25784,0.628907238310506
26074,26074,0.782754563111601
26075,26075,0.782754563111601
26076,26076,0.782754563111601
26077,26077,0.780028023211578
26078,26078,0.73482950948044
26079,26079,0.734509441837504
26080,26080,0.734491549930438
26081,26081,0.671998378145029
26082,26082,0.652744353590776
26083,26083,0.632463188324072
26084,26084,0.629589051339677
26085,26085,0.624668053155681
26086,26086,0.575566621573021
26087,26087,0.562248260288454
26088,26088,0.562229657382292
26089,26089,0.5622082017807
26090,26090,0.562124560946487
26091,26091,0.562070195369719
26092,26092,0.5
26155,26155,0.73380196224559
26156,26156,0.734918974399323
26157,26157,0.735766543348698
26158,26158,0.736587420122796
26159,26159,0.737398300263033
26160,26160,0.738198413169432
26161,26161,0.738976755472901
26162,26162,0.739744899271866
26163,26163,0.740501263587844
26164,26164,0.741236824588711
26165,26165,0.741959511276728
26166,26166,0.742654397215246
26167,26167,0.743308916505608
26168,26168,0.74367946600045
26169,26169,0.744006995661762
26170,26170,0.744332337300916
26171,26171,0.74465471673461
26172,26172,0.744968719041999
26173,26173,0.745279788503219
26174,26174,0.745586079281534
26175,26175,0.745892482769599
26176,26176,0.746194752476304
26177,26177,0.746492746013717
26178,26178,0.746787128155886
26179,26179,0.747078260499782
26180,26180,0.747366195974364
26181,26181,0.74765018033878
26182,26182,0.747926595482659
26183,26183,0.74819883245867
26184,26184,0.748467364771959
26185,26185,0.748731668683199
26186,26186,0.748992247475762
26187,26187,0.749248889000126
26188,26188,0.749502402558486
26189,26189,0.74975259225201
26190,26190,0.75
26191,26191,0.75
26192,26192,0.75
26193,26193,0.75
26194,26194,0.749999590698176
26195,26195,0.75
26196,26196,0.75
26197,26197,0.75
26198,26198,0.75
26199,26199,0.75
26200,26200,0.75
26201,26201,0.75
26202,26202,0.75
26203,26203,0.75
26204,26204,0.5625
26205,26205,0.5625
26206,26206,0.562143327076103
26207,26207,0.562068024089674
26208,26208,0.561675940430296
26209,26209,0.561428720859521
26210,26210,0.561262935632219
26211,26211,0.560864603888386
26212,26212,0.560793884558308
26213,26213,0.560652995216982
26214,26214,0.560181002333238
26215,26215,0.559745568132307
26216,26216,0.559366216328892
26217,26217,0.559333111185925
26218,26218,0.55917247252552
26219,26219,0.75
26220,26220,0.75
26221,26221,0.75
26222,26222,0.75
26223,26223,0.75
26224,26224,0.75
26225,26225,0.749943923722734
26226,26226,0.749887056150262
26227,26227,0.749829363942569
26228,26228,0.749779218804392
26229,26229,0.749726999941243
26230,26230,0.749677818131842
26231,26231,0.749635245828631
26232,26232,0.749590235726554
26233,26233,0.749548163766541
26234,26234,0.74952010505469
26235,26235,0.749487792063917
26236,26236,0.749462007035988
26237,26237,0.749441854393208
26238,26238,0.749425252215705
26239,26239,0.749416343681163
26240,26240,0.749409811505165
26241,26241,0.749414368313188
26242,26242,0.749422888844015
26243,26243,0.74943590552136
26244,26244,0.749461277441605
26245,26245,0.749487886021786
26246,26246,0.749524753698129
26247,26247,0.74957637063871
26248,26248,0.74962984491897
26249,26249,0.749693008965202
26250,26250,0.749772305086754
26251,26251,0.749855590348669
26252,26252,0.749904566076364
26253,26253,0.75
26254,26254,0.75
26255,26255,0.75
26256,26256,0.431803689474465
26257,26257,0.42937418300656
26258,26258,0.423597793729992
26259,26259,0.400514351324434
26260,26260,0.397930530889676
26261,26261,0.387701038165801
26262,26262,0.384071406151389
26263,26263,0.378927206928493
26264,26264,0.377523420222722
26265,26265,0.379298716719302
26266,26266,0.375807766575411
26267,26267,0.524832593048619
26268,26268,0.522289514817835
26269,26269,0.522305775949528
26270,26270,0.524133228625819
26271,26271,0.530776788860273
26272,26272,0.5310248563746
26273,26273,0.531591667719631
26274,26274,0.534575804751658
26275,26275,0.5625
26276,26276,0.5625
26277,26277,0.5625
26278,26278,0.5625
26279,26279,0.5625
26280,26280,0.5625
26281,26281,0.5625
26282,26282,0.625
26283,26283,0.625
26284,26284,0.625
26285,26285,0.549620947576904
26286,26286,0.549307792048784
26287,26287,0.552294591438451
26288,26288,0.551687762711145
26289,26289,0.55102374923111
26290,26290,0.551373952758402
26291,26291,0.55122506039576
26292,26292,0.551075496942084
26293,26293,0.554487925776772
26294,26294,0.554338430972401
26295,26295,0.554193253852468
26296,26296,0.554222796804283
26297,26297,0.554115843604941
26298,26298,0.649430404924848
26299,26299,0.660177911341681
26300,26300,0.761689868258689
26301,26301,0.766600226458562
26302,26302,0.766600226458562
26303,26303,0.766600226458562
26304,26304,0.860623765996008
26305,26305,0.860623765996008
26306,26306,0.766600226458562
26307,26307,0.711356072127359
26308,26308,0.702130524598118
26309,26309,0.686882825087921
26310,26310,0.678514192146591
26311,26311,0.654353427285143
26312,26312,0.643517080814455
26313,26313,0.636121403660611
26314,26314,0.633031820406724
26315,26315,0.630122004502682
26316,26316,0.621882999443414
26317,26317,0.622113343407122
26318,26318,0.622554694957741
26319,26319,0.621712883549052
26320,26320,0.619860263226233
26321,26321,0.618400596759488
26322,26322,0.614576690668917
26323,26323,0.609017006276021
26324,26324,0.60829513350125
26325,26325,0.601607692305422
26337,26337,0.520833333333333
26338,26338,0.520832561239372
26339,26339,0.520832256722447
26340,26340,0.520832240539804
26341,26341,0.520832494622737
26342,26342,0.520833333333333
26343,26343,0.520833333333333
26344,26344,0.520833333333333
26345,26345,0.520833333333333
26347,26347,0.260479363617741
26348,26348,0.266182301614145
26349,26349,0.264771366804138
26350,26350,0.26727625763985
26351,26351,0.267309511928501
26352,26352,0.267021917446861
26353,26353,0.268678697515957
26354,26354,0.272385800818598
26355,26355,0.272873185476851
26356,26356,0.272725362300996
26357,26357,0.270613353914482
26358,26358,0.270768864528224
26359,26359,0.271169985447174
26360,26360,0.271801177276031
26361,26361,0.267899773850802
26362,26362,0.268385489977794
26363,26363,0.272474086816595
26364,26364,0.27292064117075
26365,26365,0.279262173294056
26366,26366,0.278997097800441
26367,26367,0.281294869142764
26368,26368,0.283423849654392
26369,26369,0.284204553343364
26370,26370,0.285491569197472
26371,26371,0.285849483890437
26372,26372,0.289728381613987
26373,26373,0.290155328252539
26374,26374,0.28842348050799
26375,26375,0.376029499052515
26376,26376,0.377217687281807
26377,26377,0.376546900204378
26378,26378,0.571110045387859
26379,26379,0.571110045387859
26432,26432,0.528153311256927
26433,26433,0.539712718943576
26434,26434,0.538992349646285
26435,26435,0.538619411069939
26436,26436,0.53711740986818
26437,26437,0.508943252165061
26438,26438,0.509137675313224
26439,26439,0.51410098646144
26440,26440,0.514612725176747
26441,26441,0.517606968158421
26442,26442,0.52281291637993
26443,26443,0.52614317522062
26444,26444,0.527005920882504
26445,26445,0.527744284268042
26446,26446,0.535281351417224
26480,26480,0.254452107861066
26481,26481,0.254415966587011
26482,26482,0.25438985620542
26636,26636,0.365370805644042
26637,26637,0.367151715800836
26638,26638,0.366983959159729
26639,26639,0.366426692759823
26640,26640,0.36579165651781
26641,26641,0.372386673376179
26642,26642,0.371888703570016
26643,26643,0.371658336416117
26644,26644,0.371314215958221
26645,26645,0.370761739638874
26646,26646,0.36662720899653
26647,26647,0.369563172940327
26648,26648,0.369143256298731
26649,26649,0.368674521162194
26650,26650,0.372734968053076
26651,26651,0.372159687603915
26652,26652,0.371633209372345
26653,26653,0.36883186474364
26654,26654,0.371586219792127
26655,26655,0.37064245116022
26656,26656,0.370077707445461
26657,26657,0.369921266860867
26658,26658,0.366754648248945
26659,26659,0.366319519923348
26660,26660,0.366453221156439
26661,26661,0.36625201495423
26662,26662,0.367596640267757
26663,26663,0.367839862638278
26664,26664,0.281392675992729
26762,26762,0.694152109908201
26763,26763,0.694156397060801
26764,26764,0.687458072565393
26765,26765,0.692300958164302
26766,26766,0.692314928895469
26767,26767,0.692336301004196
26768,26768,0.700383031307945
26769,26769,0.702426920568644
26770,26770,0.702486869158819
26771,26771,0.70050755624286
26772,26772,0.702486869158819
26773,26773,0.702486869158819
26774,26774,0.702486869158819
26775,26775,0.702486869158819
26776,26776,0.702486869158819
26777,26777,0.740114067112694
26778,26778,0.687689638207455
26779,26779,0.687681062491951
26780,26780,0.687678039364541
26781,26781,0.687664687565915
26782,26782,0.68759808476037
26783,26783,0.687451691860246
26784,26784,0.687438507039448
26785,26785,0.687426205701146
26786,26786,0.687415217051096
26787,26787,0.717785320344909
26788,26788,0.71776114872791
26789,26789,0.783576780787299
26790,26790,0.782317974372556
26791,26791,0.784986441416288
26847,26847,0.479709458140972
26848,26848,0.477304025266991
26849,26849,0.542978607720153
26850,26850,0.521961930565785
26851,26851,0.488170620213307
26852,26852,0.484754307002798
26853,26853,0.484987994788102
27147,27147,0.260433515571234
27148,27148,0.261453457367783
27192,27192,0.644695305520601
27193,27193,0.645178837029795
27194,27194,0.674083762715542
27195,27195,0.723771541593782
27196,27196,0.724298270285817
27197,27197,0.800762936670879
27198,27198,0.799818525633677
27199,27199,0.799818525633677
27200,27200,0.803471634538066
27201,27201,0.803471634538066
27202,27202,0.803471634538066
27203,27203,0.814739029028592
27204,27204,0.839853813299687
27205,27205,0.81770308157881
27206,27206,0.81770308157881
27209,27209,0.273297828078095
27210,27210,0.275409750221208
27213,27213,0.25547229763481
27214,27214,0.295420755248195
27215,27215,0.301126993317659
27216,27216,0.301291080658193
27253,27253,0.443445350152301
27254,27254,0.44186674307125
27255,27255,0.437878661036421
27256,27256,0.437696002578278
27257,27257,0.43755637084159
27258,27258,0.437465915778941
27259,27259,0.430800274115902
27260,27260,0.430650039417551
27261,27261,0.430560101742633
27262,27262,0.430397487238046
27263,27263,0.426610668437646
27273,27273,0.683026030502879
27274,27274,0.683026030502879
27376,27376,0.363097119137262
27377,27377,0.362073628023565
27378,27378,0.362260385996883
27379,27379,0.364265861146493
27380,27380,0.364225321055324
27381,27381,0.355107211353462
27382,27382,0.35866523383653
27383,27383,0.357136435813577
27385,27385,0.344519999185246
27386,27386,0.381315138884055
27387,27387,0.406393599482129
27388,27388,0.455793098408213
27389,27389,0.456596071786356
27390,27390,0.459494253768096
27626,27626,0.640922830122342
27627,27627,0.639986869158819
27628,27628,0.639986869158819
27629,27629,0.639986869158819
27630,27630,0.638005304517342
27631,27631,0.638005133919877
27632,27632,0.638005465541941
27633,27633,0.638006400242743
27634,27634,0.63800755624286
27635,27635,0.63800755624286
27636,27636,0.63800755624286
27637,27637,0.63800755624286
27638,27638,0.63800755624286
27639,27639,0.63800755624286
27640,27640,0.63800755624286
27641,27641,0.63800755624286
27642,27642,0.63800755624286
27643,27643,0.63800755624286
27644,27644,0.300866797941547
27645,27645,0.300179240778945
27646,27646,0.2977801268689
27647,27647,0.298745236659403
27648,27648,0.298951867083296
27649,27649,0.300149491824006
27650,27650,0.303394043152411
27651,27651,0.818127242320501
27652,27652,0.818301554882216
27653,27653,0.823298093856733
27654,27654,0.824472887976037
27655,27655,0.825466451257372
27656,27656,0.825480562257664
27657,27657,0.825398407835694
27658,27658,0.820484023283147
27659,27659,0.820484023283147
27660,27660,0.820484023283147
27661,27661,0.820003253766652
27662,27662,0.820003253766652
27663,27663,0.819451072412309
27664,27664,0.652784405745642
27665,27665,0.443880322464473
27666,27666,0.439663086042511
27667,27667,0.443806953017516
27668,27668,0.700383031307945
27669,27669,0.700383031307945
27670,27670,0.700383031307945
27671,27671,0.700383031307945
27672,27672,0.698855484533179
27673,27673,0.698855940044271
27674,27674,0.698855940044271
27675,27675,0.720930404110321
27676,27676,0.720930404110321
27677,27677,0.751988987240307
27678,27678,0.751988987240307
27679,27679,0.738646310641721
27680,27680,0.735563572086809
27681,27681,0.726821273018714
27682,27682,0.724328027420643
27716,27716,0.527967526090507
27717,27717,0.517573703755315
27718,27718,0.512913077713413
27719,27719,0.515263615369752
27720,27720,0.509096030523416
27721,27721,0.528982840101982
27722,27722,0.482250469768413
27723,27723,0.471827125998294
27724,27724,0.454935154561006
27725,27725,0.430487848185638
27726,27726,0.406110692686738
27727,27727,0.380415689981454
27728,27728,0.266037356224641
27734,27734,0.53615212498478
27735,27735,0.637743358287434
27736,27736,0.637743358287434
27737,27737,0.683436728029156
27738,27738,0.683436728029156
27739,27739,0.690713353451076
27740,27740,0.693528621437965
27741,27741,0.696110045387859
27742,27742,0.713369012283337
27743,27743,0.773832797661984
27744,27744,0.944111958826324
27755,27755,0.395833333333333
27756,27756,0.395833333333333
27757,27757,0.395833333333333
27758,27758,0.395833333333333
27759,27759,0.395833333333333
27760,27760,0.395833333333333
27761,27761,0.395833333333333
27762,27762,0.395833333333333
27763,27763,0.395833333333333
27764,27764,0.395833333333333
27765,27765,0.395833333333333
27766,27766,0.395833333333333
27767,27767,0.395833333333333
27768,27768,0.395833333333333
27769,27769,0.395833333333333
27815,27815,0.400476211768642
27816,27816,0.405744476928503
27817,27817,0.420791538358727
27818,27818,0.424302893311763
27819,27819,0.428574587104664
27820,27820,0.434061393337594
27821,27821,0.434484296556405
27822,27822,0.441564797938678
27823,27823,0.4449833648342
27824,27824,0.448697000834748
27825,27825,0.451841884111674
27826,27826,0.466717967272371
27827,27827,0.474325005349891
27828,27828,0.64585387776735
27829,27829,0.813426814575409
27830,27830,0.814769888333657
27831,27831,0.82338181273289
27832,27832,0.82338181273289
27833,27833,0.82338181273289
27834,27834,0.82338181273289
27835,27835,0.823123781295018
27836,27836,0.824761619351747
27837,27837,0.824761619351747
27838,27838,0.824013288059537
27839,27839,0.824013288059537
27840,27840,0.823123781295018
27841,27841,0.823514839368778
27842,27842,0.813835280984487
27843,27843,0.812749951048307
27844,27844,0.813138391133035
27845,27845,0.813138391133035
27846,27846,0.80056785841364
27847,27847,0.80056785841364
27848,27848,0.800179418328912
27849,27849,0.795333514640699
27850,27850,0.795821258286659
27851,27851,0.799306035163426
27852,27852,0.800002468781412
27853,27853,0.806048208433628
27854,27854,0.805062597275609
27855,27855,0.804828052212426
27856,27856,0.822839098102183
27857,27857,0.822839098102183
27858,27858,0.81296561728708
27859,27859,0.81296561728708
27860,27860,0.812636163230936
27861,27861,0.812636163230936
27862,27862,0.812636163230936
27863,27863,0.812636163230936
27864,27864,0.812636163230936
27865,27865,0.812636163230936
27866,27866,0.812636163230936
27867,27867,0.81229415057727
27868,27868,0.81229415057727
27869,27869,0.811976286305021
27870,27870,0.811976286305021
27871,27871,0.811976286305021
27872,27872,0.811976286305021
27873,27873,0.811976286305021
27874,27874,0.811128572126076
27875,27875,0.811128572126076
27876,27876,0.873628572126076
27877,27877,0.873628572126076
27878,27878,0.874017012210804
27879,27879,0.874017012210804
27880,27880,0.874017012210804
27881,27881,0.86306785841364
27882,27882,0.863494915418681
27883,27883,0.762791769575396
27884,27884,0.894618404353081
27885,27885,0.906070819485879
27886,27886,0.906070819485879
27887,27887,0.910819960392678
27888,27888,0.910819960392678
27889,27889,0.913703540271877
27890,27890,0.913703540271877
27891,27891,0.914471920533244
27892,27892,0.914471920533244
27893,27893,0.914898977538286
27894,27894,0.918841192033606
27895,27895,0.921374147898265
27896,27896,0.921374147898265
27897,27897,0.921699534645284
27898,27898,0.921699534645284
27899,27899,0.922370451742033
27900,27900,0.922370451742033
27901,27901,0.922370451742033
27902,27902,0.923614499178363
28144,28144,0.265289393664271
28245,28245,0.5625
28246,28246,0.5625
28247,28247,0.5625
28248,28248,0.5
28249,28249,0.464594630101203
28250,28250,0.471003174825317
28251,28251,0.460956872785666
28252,28252,0.46894581182472
28253,28253,0.471167724349127
28254,28254,0.47293510699204
28255,28255,0.473399567427651
28256,28256,0.477403964910608
28257,28257,0.404360332065919
28258,28258,0.413470565641869
28259,28259,0.414094260416327
28260,28260,0.406850114084366
28261,28261,0.407659588990556
28262,28262,0.408529546426745
28263,28263,0.408886598393581
28264,28264,0.409116555280661
28265,28265,0.409041221530154
28266,28266,0.411693321849508
28338,28338,0.553873931373561
28339,28339,0.552124782807367
28340,28340,0.552359432452144
28341,28341,0.552592699175018
28342,28342,0.552806800002039
28343,28343,0.553008686397975
28344,28344,0.553088167147707
28345,28345,0.553291373459005
28346,28346,0.553494180363615
28347,28347,0.553697664224414
28348,28348,0.550047007642026
28349,28349,0.550250817020434
28350,28350,0.554308422299474
28351,28351,0.554513081195972
28352,28352,0.554717166281531
28353,28353,0.555044287278516
28354,28354,0.555249859780275
28355,28355,0.555453679590974
28356,28356,0.555657727505703
28357,28357,0.555861759685451
28358,28358,0.625
28359,28359,0.625
28360,28360,0.625
28361,28361,0.625
28362,28362,0.625
28363,28363,0.625
28364,28364,0.625
28365,28365,0.625
28366,28366,0.625
28367,28367,0.625
28368,28368,0.625
28369,28369,0.625
28370,28370,0.625
28371,28371,0.625
28372,28372,0.625
28373,28373,0.625
28374,28374,0.625
28375,28375,0.625
28427,28427,0.476609145039305
28428,28428,0.486340779855248
28429,28429,0.489484306453999
28430,28430,0.491232908464525
28431,28431,0.493413201189583
28432,28432,0.49534425477422
28433,28433,0.500787655274359
28435,28435,0.510267493301574
28436,28436,0.451799669157165
28437,28437,0.640875962217071
28438,28438,0.644847855971906
28439,28439,0.644847855971906
28440,28440,0.646942062748578
28441,28441,0.646942062748578
28442,28442,0.646942062748578
28443,28443,0.813608729415245
28444,28444,0.814071170180908
28445,28445,0.821657354966148
28446,28446,0.821657354966148
28447,28447,0.820893495386088
28448,28448,0.81970787448073
28449,28449,0.819707870710854
28450,28450,0.822819790868205
28451,28451,0.811739935614776
28452,28452,0.811739935614776
28453,28453,0.811739935614776
28454,28454,0.811739935614776
28455,28455,0.819993549376716
28456,28456,0.820597015932715
28457,28457,0.821283056113534
28458,28458,0.821283056113534
28459,28459,0.821283056113534
28465,28465,0.509684363663421
28466,28466,0.792783628441936
28467,28467,0.792783628441936
28468,28468,0.792783628441936
28469,28469,0.791594263010637
28470,28470,0.791594263010637
28471,28471,0.791594263010637
28472,28472,0.791594263010637
28473,28473,0.792783628441936
28474,28474,0.792783628441936
28475,28475,0.804802497829679
28476,28476,0.520844797987303
28477,28477,0.52185616453991
28478,28478,0.521036911459218
28479,28479,0.519952293462264
28706,28706,0.412480247110079
28707,28707,0.425659496775911
28708,28708,0.423603292969133
28709,28709,0.462537372679996
28710,28710,0.531810605643773
28711,28711,0.475596052576178
28712,28712,0.416306496762961
28713,28713,0.415361123448197
28714,28714,0.415966316802707
28715,28715,0.417271672185917
28716,28716,0.418484515298325
28717,28717,0.434249372363004
28718,28718,0.433723791398169
28719,28719,0.434720614964879
28720,28720,0.435905386883861
28721,28721,0.437015779864829
28722,28722,0.436636542293944
28723,28723,0.437064415683434
28724,28724,0.439713914133243
28725,28725,0.45933735455989
28726,28726,0.463183666501072
28727,28727,0.465239435736894
28728,28728,0.462888686910816
28729,28729,0.467862775746985
28730,28730,0.481527452618191
28731,28731,0.482424174203051
28732,28732,0.448915174505204
28733,28733,0.440736165809432
28734,28734,0.400855560168994
28735,28735,0.400475173034297
28736,28736,0.400353081492636
28737,28737,0.392949288253567
28738,28738,0.392833326229976
28739,28739,0.392672978533941
28740,28740,0.389477662090945
28741,28741,0.390620009174582
28742,28742,0.393584397152109
28992,28992,0.416128936848254
28993,28993,0.415571060051334
28994,28994,0.4153951372377
28995,28995,0.416913375977531
28996,28996,0.418683689309798
28997,28997,0.418283876345234
28998,28998,0.41586184805695
28999,28999,0.415746742357962
29000,29000,0.415392526513769
29001,29001,0.414870199968337
29008,29008,0.749543388929348
29009,29009,0.749585513374118
29010,29010,0.74961069366651
29025,29025,0.318606124512281
29026,29026,0.319725631167656
29027,29027,0.379997424489432
29028,29028,0.379349630127735
29029,29029,0.373211872024445
29030,29030,0.35410059583466
29031,29031,0.354838602285649
29032,29032,0.361235406678072
29033,29033,0.362569612589999
29034,29034,0.377375865591171
29035,29035,0.797701999063211
29036,29036,0.656030314028927
29037,29037,0.718530314028927
29038,29038,0.718530314028927
29039,29039,0.721955476973526
29040,29040,0.731188275649568
29041,29041,0.731188275649568
29042,29042,0.793688275649568
29043,29043,0.784455476973526
29044,29044,0.786144269709777
29045,29045,0.795083000583355
29112,29112,0.624672261219385
29113,29113,0.625984302382769
29114,29114,0.627480923646987
29115,29115,0.631425352960792
29116,29116,0.636946895881397
29117,29117,0.638343104360291
29118,29118,0.639015194904097
29119,29119,0.642509238544387
29120,29120,0.662907322964061
29121,29121,0.668463883743207
29122,29122,0.695971612040385
29123,29123,0.715480807754619
29124,29124,0.766600226458562
29125,29125,0.860623765996008
29126,29126,0.862318525633677
29127,29127,0.767181021584202
29128,29128,0.767181021584202
29129,29129,0.766785219429998
29130,29130,0.767655840658931
29131,29131,0.765352802079024
29132,29132,0.765352802079024
29133,29133,0.666254999908157
29134,29134,0.690005346847933
29135,29135,0.646432521702601
29136,29136,0.280909637097713
29137,29137,0.280702831652898
29138,29138,0.279625462513146
29150,29150,0.395833333333333
29151,29151,0.395833333333333
29152,29152,0.395833333333333
29154,29154,0.898821004464058
29155,29155,0.894464502494025
29156,29156,0.845013873231352
29157,29157,0.845013873231352
29158,29158,0.845013873231352
29159,29159,0.845013873231352
29160,29160,0.845013873231352
29161,29161,0.841498648536905
29162,29162,0.679257271418393
29163,29163,0.679257271418393
29164,29164,0.689771233573476
29165,29165,0.689771233573476
29166,29166,0.68018675258326
29167,29167,0.679257271418393
29168,29168,0.841498648536905
29169,29169,0.841498648536905
29170,29170,0.845013873231352
29171,29171,0.845013873231352
29172,29172,0.842043598041026
29200,29200,0.286864322908308
29201,29201,0.275616455583683
29202,29202,0.255644447990181
29203,29203,0.255514387677588
29204,29204,0.255428785767601
29205,29205,0.255336103695357
29206,29206,0.255274229431418
29207,29207,0.255230365086494
29223,29223,0.375342371978078
29224,29224,0.375599449069331
29225,29225,0.325825849733241
29226,29226,0.326257118083188
29227,29227,0.320606090620644
29228,29228,0.321612770017184
29229,29229,0.334585896940703
29230,29230,0.336337303452151
29231,29231,0.337833349018104
29232,29232,0.395833333333333
29233,29233,0.395833333333333
29234,29234,0.395833333333333
29235,29235,0.395833333333333
29236,29236,0.395833333333333
29237,29237,0.395833333333333
29238,29238,0.395833333333333
29239,29239,0.395833333333333
29240,29240,0.395833333333333
29241,29241,0.395833333333333
29242,29242,0.395833333333333
29243,29243,0.395833333333333
29244,29244,0.395833333333333
29245,29245,0.395833333333333
29246,29246,0.395833333333333
29247,29247,0.395833333333333
29248,29248,0.314041678863105
29249,29249,0.312620649866597
29250,29250,0.311305388359384
29251,29251,0.310072740473345
29252,29252,0.308190659009447
29253,29253,0.304420848139054
29254,29254,0.301809998050192
29255,29255,0.286033913875925
29256,29256,0.284272117278777
29257,29257,0.283274000368762
29555,29555,0.653375479818363
29556,29556,0.66135519729547
29557,29557,0.739106826268385
29558,29558,0.762248922358022
29559,29559,0.764070740456369
29608,29608,0.54254303092089
29609,29609,0.542783706696539
29610,29610,0.542783706696539
29611,29611,0.542783706696539
29612,29612,0.505071328192253
29613,29613,0.505071328192253
29614,29614,0.489212667505947
29615,29615,0.489212667505947
29616,29616,0.489212667505947
29617,29617,0.489212667505947
29618,29618,0.663816863092605
29619,29619,0.663816863092605
29620,29620,0.663816863092605
29621,29621,0.666242404899912
29622,29622,0.666242404899912
29623,29623,0.701206988424694
29624,29624,0.714462174091132
29625,29625,0.714462174091132
29626,29626,0.714462174091132
29627,29627,0.714462174091132
29628,29628,0.714462174091132
29629,29629,0.717043598041026
29630,29630,0.717043598041026
29631,29631,0.779543598041026
29632,29632,0.776962174091132
29791,29791,0.395833333333333
29857,29857,0.251335794554437
29973,29973,0.253929670833281
29974,29974,0.254389203505154
29975,29975,0.255620283899043
29976,29976,0.256271784271685
29977,29977,0.25725127809901
29978,29978,0.258411442835738
29979,29979,0.257524293525331
29980,29980,0.260443791226211
29981,29981,0.273972228825324
30022,30022,0.499969021641203
30023,30023,0.499209047411867
30024,30024,0.416815391353683
30025,30025,0.417186892263114
30026,30026,0.404839686384913
30027,30027,0.399004570589903
30028,30028,0.405097768336031
30029,30029,0.406599995623999
30030,30030,0.409722092657875
30031,30031,0.417586653743169
30032,30032,0.415054579320803
30033,30033,0.412534641936492
30034,30034,0.412143035782627
30035,30035,0.412248740316577
30036,30036,0.291261721180894
30037,30037,0.294170990933354
30038,30038,0.785630816491655
30039,30039,0.78769140665003
30040,30040,0.78769140665003
30332,30332,0.263760149425778
30347,30347,0.268795299982463
30387,30387,0.861114499178363
30388,30388,0.861114499178363
30389,30389,0.859870451742033
30390,30390,0.859870451742033
30391,30391,0.859199534645284
30392,30392,0.858874147898265
30393,30393,0.858874147898265
30394,30394,0.856791145065081
30395,30395,0.852848930569761
30396,30396,0.852848930569761
30397,30397,0.854460721169991
30398,30398,0.836321004464058
30510,30510,0.744307218741334
30511,30511,0.744198299213467
30512,30512,0.743797509406915
30513,30513,0.743483572927606
30514,30514,0.743483572927606
30515,30515,0.744040982803293
30516,30516,0.747316523289878
30517,30517,0.750205972897382
30518,30518,0.75041588149223
30519,30519,0.75041588149223
30523,30523,0.729872699135424
30524,30524,0.729872699135424
30525,30525,0.667372699135424
30526,30526,0.667372699135424
30527,30527,0.667372699135424
30528,30528,0.667372699135424
30529,30529,0.667272365814276
30530,30530,0.667272365814276
30531,30531,0.667272365814276
30532,30532,0.624055261661713
30533,30533,0.624055261661713
30534,30534,0.686555261661713
30535,30535,0.686555261661713
30536,30536,0.686555261661713
30537,30537,0.686555261661713
30538,30538,0.686555261661713
30539,30539,0.686555261661713
30540,30540,0.686555261661713
30541,30541,0.686555261661713
30542,30542,0.686738764225672
30543,30543,0.686738764225672
30544,30544,0.686738764225672
30545,30545,0.686753537557747
30546,30546,0.686753537557747
30547,30547,0.686753537557747
30548,30548,0.686753537557747
30549,30549,0.686753537557747
30550,30550,0.686753162519976
30551,30551,0.686753100721437
30552,30552,0.686753163947822
30553,30553,0.686753362598127
30554,30554,0.686753537557747
30555,30555,0.686753537557747
30556,30556,0.640922830122342
30557,30557,0.640922830122342
30558,30558,0.640922830122342
30559,30559,0.640922830122342
30560,30560,0.640922830122342
30561,30561,0.640922830122342
30562,30562,0.640922830122342
30563,30563,0.296499929360853
30564,30564,0.298663202479081
30565,30565,0.299401245243844
30566,30566,0.299513434478587
30567,30567,0.299566683925837
30568,30568,0.29975271753732
30569,30569,0.295039277648619
30570,30570,0.295326680363766
30571,30571,0.639926920568644
30572,30572,0.639926920568644
30573,30573,0.64021439801533
30574,30574,0.639451795502744
30575,30575,0.639451795502744
30576,30576,0.639451795502744
30577,30577,0.636767381312538
30578,30578,0.63676653327203
30579,30579,0.63676654016792
30580,30580,0.636766893652519
30581,30581,0.636767381312538
30879,30879,0.324165967559901
30880,30880,0.324759019054552
30881,30881,0.372188289762576
30882,30882,0.416045176014881
30883,30883,0.892437376437807
30884,30884,0.634571214345527
30885,30885,0.636153832078306
30886,30886,0.64248069686555
30887,30887,0.653010757521914
30888,30888,0.662981293023373
30889,30889,0.671004260906345
30890,30890,0.689658065605868
30891,30891,0.695751861010202
30892,30892,0.846260063857436
30893,30893,0.863594091059108
30894,30894,0.865262009937319
30895,30895,0.539813574205557
30896,30896,0.526210174685086
30897,30897,0.529821856285887
30898,30898,0.539970460866245
30899,30899,0.417747065555749
30900,30900,0.387677176906863
30901,30901,0.38761234357229
30902,30902,0.387786587799423
30903,30903,0.42675318442396
30932,30932,0.625
30933,30933,0.625
30934,30934,0.625
30935,30935,0.625
30984,30984,0.25672719841158
30985,30985,0.262799687963543
30986,30986,0.266307981007223
30987,30987,0.273560243167496
30988,30988,0.278668628471071
30989,30989,0.282338582231737
30990,30990,0.285422142486982
30991,30991,0.273201234461155
30992,30992,0.272955247788982
30993,30993,0.320867052555231
30994,30994,0.324161303279578
30995,30995,0.327389387754836
30996,30996,0.686555261661713
30997,30997,0.686555261661713
30998,30998,0.686555261661713
30999,30999,0.686555261661713
31000,31000,0.686555261661713
31001,31001,0.686555261661713
31002,31002,0.686555261661713
31003,31003,0.686738764225672
31004,31004,0.686738764225672
31026,31026,0.426410004213552
31027,31027,0.426410004213552
31028,31028,0.426369198345096
31029,31029,0.426336077110348
31030,31030,0.426302230522922
31031,31031,0.426280632148443
31032,31032,0.426261787849896
31033,31033,0.363910004213552
31040,31040,0.517469091199279
31041,31041,0.513877280825073
31042,31042,0.510069552942048
31043,31043,0.505633198093888
31044,31044,0.49391041578197
31045,31045,0.481992323328575
31061,31061,0.717432449281458
31062,31062,0.717432449281458
31063,31063,0.720013873231352
31064,31064,0.720013873231352
31065,31065,0.720013873231352
31066,31066,0.720013873231352
31067,31067,0.720013873231352
31068,31068,0.720013873231352
31069,31069,0.720013873231352
31070,31070,0.717043598041026
31071,31071,0.717043598041026
31072,31072,0.717043598041026
31073,31073,0.717043598041026
31074,31074,0.717043598041026
31075,31075,0.779543598041026
31076,31076,0.582557097733312
31077,31077,0.433132044108838
31078,31078,0.436338425155415
31079,31079,0.435263880225848
31080,31080,0.4368569929956
31081,31081,0.438084478177663
31082,31082,0.436981214674356
31083,31083,0.435383534566733
31084,31084,0.437417556675417
31085,31085,0.434355848512824
31086,31086,0.435386978961049
31087,31087,0.437882023475015
31088,31088,0.438084802903693
31089,31089,0.4389205364756
31090,31090,0.434818639345918
31091,31091,0.442240719703254
31092,31092,0.449859224951937
31093,31093,0.456814695707063
31094,31094,0.461451550333449
31119,31119,0.537832542313627
31120,31120,0.538773248358183
31121,31121,0.540678031252235
31122,31122,0.541663127421044
31123,31123,0.547288857209501
31124,31124,0.817904617735226
31125,31125,0.817904617735226
31126,31126,0.8071175142982
31127,31127,0.80681509588367
31128,31128,0.378099709475967
31129,31129,0.375999170670194
31130,31130,0.375725021027493
31131,31131,0.31543041223837
31132,31132,0.315852203166855
31133,31133,0.315295254148321
31134,31134,0.303958772476443
31135,31135,0.300486142670408
31136,31136,0.294123511040105
31137,31137,0.286674694639539
31138,31138,0.281703085866446
31139,31139,0.273415227559649
31140,31140,0.261063322091393
31141,31141,0.259176960635307
31245,31245,0.391672258945921
31246,31246,0.393026996997446
31247,31247,0.399995182030078
31248,31248,0.430279984044204
31249,31249,0.429859323042194
31250,31250,0.400376891121155
31251,31251,0.475158097246571
31252,31252,0.474621876705105
31253,31253,0.473988288043428
31348,31348,0.545340771116855
31349,31349,0.552391661811006
31350,31350,0.556152050808336
31351,31351,0.575268449303758
31352,31352,0.579206031439352
31353,31353,0.582211334542013
31354,31354,0.581416048951268
31355,31355,0.579304812833197
31356,31356,0.578204726240242
31357,31357,0.575231642270066
31358,31358,0.421227110149177
31359,31359,0.421398614526109
31360,31360,0.420881848298311
31361,31361,0.412821851065729
31362,31362,0.409147096322806
31363,31363,0.397371624852294
31364,31364,0.394504246151763
31365,31365,0.375445220197118
31366,31366,0.375865676984392
31367,31367,0.373480704746493
31368,31368,0.370906529153014
31369,31369,0.370894347202928
31370,31370,0.371247129199285
31371,31371,0.368595974299525
31372,31372,0.368786891403779
31373,31373,0.374672463500263
31374,31374,0.375720459820187
31375,31375,0.367569386701992
31376,31376,0.365634494952072
31377,31377,0.373625199690649
31378,31378,0.373822035517869
31379,31379,0.373300724128908
31380,31380,0.371459796641419
31381,31381,0.371282805443217
31382,31382,0.371510926399375
31436,31436,0.326210212274544
31437,31437,0.396505242767623
31438,31438,0.385276436903513
31439,31439,0.382007337488842
31440,31440,0.322389468166898
31441,31441,0.309561519828196
31442,31442,0.299855827328822
31443,31443,0.294435173780909
31444,31444,0.2859029582069
31445,31445,0.273948865675448
31446,31446,0.270415850487782
31447,31447,0.264639985594997
31448,31448,0.258011485137927
31638,31638,0.252594586490977
31639,31639,0.25728645843035
31640,31640,0.258618643432791
31641,31641,0.261358059803326
31642,31642,0.264757109350513
31643,31643,0.267966959087191
31644,31644,0.271391044990561
31645,31645,0.290896914645103
31646,31646,0.292641841214141
31647,31647,0.295780747324993
31648,31648,0.297379423270841
31649,31649,0.299983975365688
31650,31650,0.303979502967892
31651,31651,0.32309724821567
31652,31652,0.841933252567213
31653,31653,0.810028338476809
31654,31654,0.804686221323068
31655,31655,0.802993971832096
31656,31656,0.699986478948817
31657,31657,0.699268367726407
31658,31658,0.701041426572454
31659,31659,0.701037349951429
31660,31660,0.701029080531882
31661,31661,0.57610753791584
31662,31662,0.623440706134158
31663,31663,0.576118512777198
31664,31664,0.576123443590126
31665,31665,0.576127596552126
31666,31666,0.576133329675044
31667,31667,0.574473904018527
31668,31668,0.574478184610132
31669,31669,0.574484049383339
31670,31670,0.57448962907814
31671,31671,0.570158904053901
31672,31672,0.570165167071685
31673,31673,0.57550755624286
31674,31674,0.57550755624286
31675,31675,0.57550755624286
31676,31676,0.57550755624286
31677,31677,0.70050755624286
31678,31678,0.70050755624286
31679,31679,0.700383031307945
31680,31680,0.700383031307945
31681,31681,0.700383031307945
31682,31682,0.700383031307945
31683,31683,0.700383031307945
31684,31684,0.700383031307945
31685,31685,0.700383031307945
31686,31686,0.700383031307945
31687,31687,0.700383031307945
31688,31688,0.693038499440799
31689,31689,0.693038499440799
31690,31690,0.700383031307945
31691,31691,0.700383031307945
31698,31698,0.68472413364163
31699,31699,0.578129173555105
31700,31700,0.602051329324681
31701,31701,0.602051329324681
31702,31702,0.604019765626292
31703,31703,0.602181255900187
31704,31704,0.602181255900187
31705,31705,0.602621735954636
31706,31706,0.56745330073514
31768,31768,0.806874523503595
31769,31769,0.808100800344405
31770,31770,0.816958363594098
31771,31771,0.816958363594098
31772,31772,0.816958363594098
31773,31773,0.816958363594098
31774,31774,0.78342393808506
31775,31775,0.78342393808506
31776,31776,0.78342393808506
31777,31777,0.78342393808506
31778,31778,0.784353419249926
31779,31779,0.793937900240142
31780,31780,0.627271233573476
31781,31781,0.627271233573476
31891,31891,0.818900913000403
31892,31892,0.818900913000403
31893,31893,0.818900913000403
31894,31894,0.819233275852822
31895,31895,0.819233829381865
31896,31896,0.805792104184291
31897,31897,0.805590743088891
31898,31898,0.814992463469815
31899,31899,0.814992463469815
31900,31900,0.815626764936939
32041,32041,0.356053857477403
32042,32042,0.351073421834764
32043,32043,0.376338502463927
32044,32044,0.36288088323456
32045,32045,0.486101700784155
32046,32046,0.469128853532556
32047,32047,0.464243818174856
32048,32048,0.337976037437279
32049,32049,0.290749615999174
32050,32050,0.308081938844752
32051,32051,0.339155409648716
32052,32052,0.361960163637325
32053,32053,0.355875318520688
32054,32054,0.364836680439253
32055,32055,0.501209830326275
32056,32056,0.506886364825327
32057,32057,0.508539289780985
32149,32149,0.815350317395151
32247,32247,0.39000717833743
32248,32248,0.438893614456406
32249,32249,0.438301334917058
32250,32250,0.441574848954245
32251,32251,0.44140848253573
32252,32252,0.441249080520144
32253,32253,0.441090743205929
32254,32254,0.440829549251338
32255,32255,0.437306955559512
32256,32256,0.431192537338752
32257,32257,0.418054648203374
32258,32258,0.417594740296929
32259,32259,0.423013999092531
32260,32260,0.422393753932666
32261,32261,0.390187219047397
32262,32262,0.389476363007473
32263,32263,0.583333333333333
32264,32264,0.583333333333333
32265,32265,0.583333333333333
32266,32266,0.583333333333333
32267,32267,0.583333333333333
32268,32268,0.583333333333333
32269,32269,0.583333333333333
32270,32270,0.583333333333333
32271,32271,0.583333333333333
32272,32272,0.583333333333333
32273,32273,0.583333333333333
32274,32274,0.583333333333333
32275,32275,0.583333333333333
32276,32276,0.583333333333333
32277,32277,0.583333333333333
32278,32278,0.583333333333333
32279,32279,0.583333333333333
32280,32280,0.583333333333333
32281,32281,0.583333333333333
32282,32282,0.583333333333333
32283,32283,0.583333333333333
32284,32284,0.583333333333333
32285,32285,0.583333333333333
32286,32286,0.583333333333333
32287,32287,0.583333333333333
32288,32288,0.583333333333333
32289,32289,0.583333333333333
32290,32290,0.583333333333333
32291,32291,0.583333333333333
32292,32292,0.583333333333333
32293,32293,0.583333333333333
32294,32294,0.583333333333333
32295,32295,0.583333333333333
32296,32296,0.583333333333333
32297,32297,0.583333333333333
32298,32298,0.583333333333333
32299,32299,0.583333333333333
32300,32300,0.583333333333333
32301,32301,0.75
32302,32302,0.75
32303,32303,0.75
32304,32304,0.75
32305,32305,0.75
32306,32306,0.75
32307,32307,0.75
32308,32308,0.75
32309,32309,0.75
32310,32310,0.75
32311,32311,0.75
32312,32312,0.75
32313,32313,0.75
32314,32314,0.749836730404354
32315,32315,0.749704805208938
32316,32316,0.801963037433403
32317,32317,0.840505803567201
32318,32318,0.840451800408561
32319,32319,0.840418831573688
32320,32320,0.840405146683146
32321,32321,0.840970742309737
32322,32322,0.840989456974662
32323,32323,0.846042272637803
32324,32324,0.846084552699141
32325,32325,0.846746805510034
32326,32326,0.846806511011337
32327,32327,0.846872402709151
32328,32328,0.846943333399871
32329,32329,0.847084031276913
32330,32330,0.847161663363266
32331,32331,0.847256112022233
32332,32332,0.87304837343197
32333,32333,0.87304837343197
32334,32334,0.829085584623848
32335,32335,0.828645961480326
32336,32336,0.828190344058665
32337,32337,0.827790921206873
32338,32338,0.828364272774786
32339,32339,0.828078247009715
32340,32340,0.827823375475169
32341,32341,0.827740206120307
32342,32342,0.828009062177242
32343,32343,0.823934480046119
32355,32355,0.325216921157177
32516,32516,0.891242220723973
32699,32699,0.823881477027116
32700,32700,0.823587828680924
32701,32701,0.786391601093458
32702,32702,0.78650408378695
32703,32703,0.747259074981195
32704,32704,0.748039315100588
32705,32705,0.748800768228772
32706,32706,0.76300755624286
32707,32707,0.76300755624286
32708,32708,0.764986869158819
32709,32709,0.764986869158819
32710,32710,0.765922830122342
32711,32711,0.764986869158819
32712,32712,0.764986869158819
32713,32713,0.76300755624286
32714,32714,0.76300755624286
32715,32715,0.76300755624286
32716,32716,0.762883031307945
32717,32717,0.762883031307945
32718,32718,0.762883031307945
32719,32719,0.762883031307945
32720,32720,0.762883031307945
32721,32721,0.762883031307945
32722,32722,0.762883031307945
32723,32723,0.762883031307945
32749,32749,0.354005319656622
32750,32750,0.363474993270296
32751,32751,0.363602868637855
32752,32752,0.363177118810165
32753,32753,0.363586838733665
32754,32754,0.328526307767601
32755,32755,0.34925044486451
32756,32756,0.349333702986599
32757,32757,0.350742088561221
32758,32758,0.350858551035382
32759,32759,0.350901859222568
32760,32760,0.292847784777972
32761,32761,0.293320604871293
32762,32762,0.310383361978077
32763,32763,0.311014738472431
32764,32764,0.316771354645842
32765,32765,0.426278308132816
32766,32766,0.432831700960705
32767,32767,0.437073670059978
32768,32768,0.444107975725942
32769,32769,0.445488667214032
32770,32770,0.447658685589822
32771,32771,0.623882873443889
32772,32772,0.63464927145461
32773,32773,0.655803030794892
32774,32774,0.663899093324006
32775,32775,0.671112198241723
32776,32776,0.6875
32777,32777,0.352035415962483
32778,32778,0.349242580910945
32779,32779,0.318534165631083
32780,32780,0.308391267132265
32781,32781,0.301736857602751
32782,32782,0.299849671183956
32783,32783,0.304960784748995
32784,32784,0.33509712040659
32785,32785,0.420172190839468
32786,32786,0.306673778301067
32787,32787,0.303776686105029
32788,32788,0.312544469431045
32789,32789,0.309871590178412
32790,32790,0.291818556979714
32791,32791,0.296408891897308
32792,32792,0.284089634259992
32793,32793,0.288865969429544
32794,32794,0.290508422577424
32966,32966,0.625
32967,32967,0.625
32968,32968,0.625
32969,32969,0.625
32970,32970,0.625
32978,32978,0.552144915687739
32979,32979,0.551549557797509
32980,32980,0.610637535186769
32981,32981,0.498726870541262
32982,32982,0.499516852973562
32983,32983,0.51127209131871
32984,32984,0.511981330028412
32985,32985,0.512727594373674
32986,32986,0.346828287737749
32987,32987,0.346993134650764
32988,32988,0.347051806542963
32989,32989,0.347278092623532
32990,32990,0.347875303663326
32991,32991,0.348652978691708
32992,32992,0.34881344951551
32993,32993,0.349654997066658
32994,32994,0.349846600198512
32995,32995,0.349791303326784
32996,32996,0.349941084043164
32997,32997,0.35001602911245
32998,32998,0.352489203888612
32999,32999,0.352678737513612
33000,33000,0.35578805510427
33001,33001,0.355801202604904
33002,33002,0.358356408797474
33003,33003,0.40340355108506
33004,33004,0.402973271801067
33005,33005,0.484965404615613
33006,33006,0.53248854118093
33007,33007,0.535639165543035
33008,33008,0.51439985855288
33009,33009,0.51762178231682
33010,33010,0.528597376936594
33011,33011,0.546369606664288
33012,33012,0.544257730340125
33013,33013,0.533724660666265
33014,33014,0.536956495178616
33015,33015,0.537121745778931
33016,33016,0.544343459262749
33390,33390,0.791697152651354
33391,33391,0.791697152651354
33392,33392,0.791697152651354
33393,33393,0.797293019212366
33394,33394,0.806326443578062
33560,33560,0.833016140095198
33561,33561,0.833016140095198
33562,33562,0.83185651292791
33564,33564,0.310870381705011
33565,33565,0.253522489408106
33568,33568,0.38678735038472
33569,33569,0.386702882786328
33570,33570,0.396983810258758
33571,33571,0.396498064302154
33572,33572,0.398204458285741
33573,33573,0.399006763931959
33574,33574,0.400208553632903
33575,33575,0.408171521653198
33576,33576,0.404817371338386
34285,34285,0.317621973169457
34286,34286,0.317453985438122
34287,34287,0.317847550787584
34288,34288,0.27538420040091
34289,34289,0.372561290590718
34290,34290,0.376820762834754
34291,34291,0.345062740313594
34292,34292,0.34347315780579
34293,34293,0.344997682402146
34301,34301,0.884228646088161
34302,34302,0.882890039924782
34303,34303,0.791974322029846
34304,34304,0.790936382180495
34305,34305,0.789030482632738
34306,34306,0.784723454993641
34307,34307,0.779069335944439
34308,34308,0.749452104860522
34309,34309,0.74854391797416
34310,34310,0.744980420275632
34311,34311,0.741055445524359
34312,34312,0.678177824614781
34313,34313,0.676435131263753
34314,34314,0.673241872384924
34315,34315,0.66609264981581
34316,34316,0.664465182009887
34317,34317,0.656809814194957
34318,34318,0.653479928870466
34319,34319,0.64812133954861
34320,34320,0.496850290778413
34321,34321,0.497043520103917
34322,34322,0.622073729966184
34323,34323,0.635613390701813
34324,34324,0.636295959384768
34325,34325,0.719190342427529
34326,34326,0.722671818313451
34327,34327,0.726763810911013
34328,34328,0.726852292103693
34329,34329,0.727038352987138
34330,34330,0.729477676601903
34331,34331,0.740726501493819
34332,34332,0.740236796454898
34333,34333,0.740611123653506
34334,34334,0.742794912785208
34335,34335,0.745681071727505
34336,34336,0.749161262231502
34337,34337,0.750067261432506
34338,34338,0.794182550218929
34339,34339,0.881436917504161
34340,34340,0.884228646088161
34341,34341,0.328951088004034
34342,34342,0.376111578874027
34343,34343,0.378843368493876
34344,34344,0.370717830728528
34345,34345,0.369627208598626
34346,34346,0.368109252224472
34347,34347,0.366857722868318
34348,34348,0.335292641120643
34349,34349,0.727072871150624
34350,34350,0.726360914878467
34351,34351,0.724747102227006
34352,34352,0.720636300399044
34353,34353,0.715155210070711
34354,34354,0.705951170706087
34355,34355,0.688654294065272
34356,34356,0.67093121458779
34357,34357,0.652412095349168
34358,34358,0.632996431145344
34359,34359,0.613302335182178
34360,34360,0.564586663637456
34369,34369,0.75
34370,34370,0.75
34371,34371,0.75
34372,34372,0.749951205547768
34373,34373,0.749907488370465
34374,34374,0.749867679418747
34375,34375,0.749831721774005
34376,34376,0.749799626979424
34377,34377,0.749771467826138
34378,34378,0.749747082968192
34379,34379,0.74972644571122
34380,34380,0.749709560997395
34381,34381,0.74969625660745
34382,34382,0.749686610194384
34383,34383,0.749676727674253
34384,34384,0.749669707635081
34385,34385,0.749668994003877
34386,34386,0.749669145953085
34387,34387,0.749670179760723
34388,34388,0.749672064198094
34389,34389,0.749674794193464
34390,34390,0.749678362502436
34391,34391,0.749682730553003
34392,34392,0.749687825912911
34393,34393,0.749702991105513
34394,34394,0.60541911995998
34395,34395,0.601685611184085
34396,34396,0.527164472793682
34397,34397,0.526148534694478
34398,34398,0.525129643384189
34399,34399,0.522706485325477
34400,34400,0.521682600635025
34401,34401,0.521673218664508
34402,34402,0.519458892193216
34403,34403,0.505240302909017
34404,34404,0.464926666761112
34405,34405,0.482020291266613
34406,34406,0.454686963729064
34407,34407,0.45142454970482
34563,34563,0.6875
34564,34564,0.6875
34565,34565,0.6875
34566,34566,0.6875
34567,34567,0.6875
34568,34568,0.6875
34569,34569,0.6875
34570,34570,0.6875
34571,34571,0.6875
34572,34572,0.6875
34573,34573,0.6875
34574,34574,0.682585362957075
34575,34575,0.682374930163476
34576,34576,0.682371971418114
34577,34577,0.682369798800104
34578,34578,0.682372733016661
34579,34579,0.682375037891869
34580,34580,0.682378807454395
34581,34581,0.6875
34582,34582,0.520833333333333
34583,34583,0.520833333333333
34584,34584,0.520833333333333
34585,34585,0.493377178171374
34586,34586,0.492615219996478
34587,34587,0.49249220747593
34588,34588,0.492413951603498
34589,34589,0.491486709102071
34590,34590,0.491312595420943
34591,34591,0.484669776230839
34592,34592,0.481617225256178
34593,34593,0.47729602803798
34753,34753,0.254594736154425
34754,34754,0.259871262148402
34755,34755,0.262090742886962
34756,34756,0.269543810235145
34757,34757,0.28570757557502
34758,34758,0.294387327366457
34759,34759,0.30290028077955
34760,34760,0.32477671466804
34761,34761,0.370985963842873
34762,34762,0.373338447772853
34763,34763,0.405975927957063
34948,34948,0.380623415933364
34949,34949,0.390660955361245
35029,35029,0.282744300010517
35030,35030,0.282457437948053
35031,35031,0.275020289415136
35032,35032,0.270971035720083
35033,35033,0.270170957693972
35066,35066,0.818542841250603
35067,35067,0.823298093856733
35068,35068,0.823298093856733
35069,35069,0.823298093856733
35070,35070,0.824422263394726
35071,35071,0.824422263394726
35072,35072,0.824422263394726
35073,35073,0.824422263394726
35074,35074,0.823514839368778
35075,35075,0.823514839368778
35076,35076,0.823514839368778
35077,35077,0.823514839368778
35078,35078,0.818518300394261
35079,35079,0.818134573352964
35080,35080,0.818134573352964
35081,35081,0.813835280984487
35082,35082,0.813835280984487
35083,35083,0.814180307704828
35084,35084,0.814180307704828
35085,35085,0.813138391133035
35086,35086,0.813138391133035
35087,35087,0.813138391133035
35088,35088,0.813138391133035
35089,35089,0.80056785841364
35090,35090,0.80056785841364
35091,35091,0.800179418328912
35092,35092,0.800179418328912
35093,35093,0.800179218067398
35094,35094,0.800879188278892
35095,35095,0.805389922925529
35096,35096,0.806048208433628
35097,35097,0.805062597275609
35098,35098,0.804828052212426
35099,35099,0.577800390371563
35100,35100,0.621740141176468
35101,35101,0.683026030502879
35207,35207,0.279665061419123
35208,35208,0.328011275242477
35503,35503,0.881611958826324
35504,35504,0.712429041831102
35505,35505,0.712469736329923
35506,35506,0.709118643434427
35507,35507,0.70876111470075
35568,35568,0.251788335064707
35569,35569,0.254521852314734
35570,35570,0.258999629665001
35571,35571,0.266372752344019
35572,35572,0.272037736714959
35573,35573,0.273663081084395
35574,35574,0.277987985676545
35575,35575,0.278889939334905
35576,35576,0.280975833264016
35577,35577,0.2840734068041
35578,35578,0.288681076508423
35579,35579,0.309060717536929
35580,35580,0.313319290319647
35581,35581,0.341829277948569
35582,35582,0.344259709825561
35583,35583,0.352097743528636
35665,35665,0.255608930223995
35666,35666,0.255273128029502
35667,35667,0.260720841090737
35669,35669,0.776962174091132
35670,35670,0.776962174091132
35671,35671,0.776962174091132
35672,35672,0.763706988424694
35673,35673,0.744897815061995
35674,35674,0.826194627893383
35675,35675,0.83801694939664
35676,35676,0.841015805970979
35677,35677,0.841015805970979
35678,35678,0.847486908738907
35679,35679,0.851108681015255
35680,35680,0.789622005450068
35681,35681,0.791697152651354
35682,35682,0.800644548732577
35683,35683,0.805737561250725
35684,35684,0.814481726231211
35685,35685,0.814942957648641
35686,35686,0.814354075321304
35687,35687,0.817749013366764
35688,35688,0.817749013366764
35804,35804,0.269028387250919
35805,35805,0.2621721846573
35806,35806,0.258618619116219
35807,35807,0.257493838282849
35808,35808,0.256848083024015
35809,35809,0.268027602479635
35810,35810,0.267617683221627
35811,35811,0.267546015952016
35812,35812,0.266708637341724
35813,35813,0.265770985563279
35814,35814,0.25536622419322
35815,35815,0.254729449661715
35821,35821,0.524347236758253
35822,35822,0.526744142247773
35823,35823,0.526734047995875
35824,35824,0.527864949585531
35825,35825,0.543526883836517
35826,35826,0.549440725693947
35827,35827,0.550792942298047
35828,35828,0.55109038755921
35829,35829,0.553980577591775
35830,35830,0.561280382908818
35831,35831,0.56504452276125
35832,35832,0.57088265392148
35833,35833,0.571663183637911
35834,35834,0.588826054356708
35835,35835,0.590812503207168
35836,35836,0.593671943646397
35837,35837,0.597182163956169
35838,35838,0.762063462949821
35839,35839,0.762063462949821
35840,35840,0.762063462949821
35841,35841,0.937027415559451
35842,35842,0.937027415559451
35843,35843,0.943765886165746
35844,35844,0.943765886165746
35845,35845,0.946486432022356
35846,35846,0.946486432022356
35847,35847,0.946486432022356
35848,35848,0.949293210357182
35849,35849,0.950085476099507
35850,35850,0.949239556084402
35851,35851,0.949239556084402
35852,35852,0.949810370212503
35853,35853,0.949239556084402
35854,35854,0.948886196496679
35855,35855,0.944993124277539
35856,35856,0.944993124277539
35857,35857,0.943907794341359
35858,35858,0.936517012210804
35859,35859,0.92556785841364
35860,35860,0.92556785841364
35861,35861,0.92556785841364
35862,35862,0.92556785841364
35863,35863,0.92556785841364
35864,35864,0.936517012210804
35865,35865,0.936517012210804
35866,35866,0.925994915418681
35938,35938,0.565923825705351
35939,35939,0.567811496926444
35940,35940,0.568079829921653
35941,35941,0.625
35942,35942,0.434012210924502
35943,35943,0.433858123846082
35944,35944,0.435580776476382
35945,35945,0.285868057550221
35946,35946,0.286610015513409
35947,35947,0.277708309924297
35948,35948,0.881653309613193
35949,35949,0.881653309613193
35950,35950,0.879108543013757
35951,35951,0.879124207579684
35952,35952,0.878120634026938
35953,35953,0.878120634026938
35954,35954,0.877315433705245
35955,35955,0.875192165897482
35956,35956,0.867238184224083
35957,35957,0.867453782368112
35958,35958,0.831817015654594
35959,35959,0.769326583981085
35960,35960,0.722256112022233
35995,35995,0.747618161452574
36050,36050,0.443552722592426
36051,36051,0.618545575122551
36052,36052,0.629604284057747
36053,36053,0.643383593663196
36054,36054,0.656901591798322
36055,36055,0.668388077068052
36056,36056,0.678918400043007
36057,36057,0.692542407882103
36058,36058,0.473880053896575
36059,36059,0.41628834973749
36060,36060,0.410169892478412
36061,36061,0.417472036644529
36062,36062,0.420813205367773
36063,36063,0.427526907806971
36064,36064,0.456994686748321
36065,36065,0.482569255220755
36066,36066,0.48311579054048
36067,36067,0.485778735196194
36068,36068,0.49064539800458
36069,36069,0.491312556756211
36070,36070,0.473931848748508
36071,36071,0.47532516804073
36072,36072,0.446442854340889
36073,36073,0.444340495532125
36074,36074,0.442840846012059
36075,36075,0.433910907376342
36076,36076,0.43456031642078
36077,36077,0.428723455275172
36078,36078,0.459645113960795
36079,36079,0.428786193216012
36080,36080,0.423561664628017
36081,36081,0.425093589642836
36082,36082,0.424280033986115
36083,36083,0.425449578709445
36084,36084,0.436685746369081
36085,36085,0.437507851852352
36086,36086,0.437830517111417
36087,36087,0.440030940141583
36088,36088,0.441319372828336
36089,36089,0.445353751420045
36090,36090,0.44313893620689
36091,36091,0.440167005529867
36116,36116,0.458481949290082
36117,36117,0.460151775630436
36118,36118,0.51881354422575
36119,36119,0.519806928869777
36120,36120,0.525218401422968
36121,36121,0.528344106735859
36122,36122,0.534435283276739
36123,36123,0.532900984811328
36124,36124,0.534843043975081
36125,36125,0.538544399317491
36126,36126,0.540548228146424
36127,36127,0.540952313122198
36128,36128,0.551157654206078
36129,36129,0.55160845310343
36130,36130,0.551931327028689
36131,36131,0.55227334029273
36132,36132,0.552594635684804
36133,36133,0.490692009254613
36134,36134,0.625
36135,36135,0.28681258969366
36136,36136,0.286725702533278
36137,36137,0.287737604476485
36178,36178,0.29726106118646
36179,36179,0.270611424609148
36180,36180,0.269936128100654
36181,36181,0.269432632342834
36182,36182,0.269737445277835
36183,36183,0.264679046085887
36184,36184,0.263539120130981
36185,36185,0.262348609171258
36186,36186,0.261584725594505
36187,36187,0.263323403551213
36188,36188,0.263178732635471
36189,36189,0.261989671429811
36190,36190,0.260582465363789
36191,36191,0.26037141618985
36192,36192,0.255182049921404
36194,36194,0.251595632982051
36233,36233,0.290942175215183
36234,36234,0.712469736329923
36235,36235,0.70876111470075
36236,36236,0.36305600760542
36431,36431,0.694604598293739
36432,36432,0.682124064336488
36433,36433,0.511697617272418
36434,36434,0.502126632393037
36435,36435,0.465460453014732
36436,36436,0.415668455858296
36437,36437,0.395845884345241
36438,36438,0.393612322009183
36439,36439,0.404062746898263
36440,36440,0.511880662543041
36441,36441,0.507793134021981
36442,36442,0.506778909159703
36443,36443,0.505802453120448
36444,36444,0.506175376336847
36445,36445,0.504264377711094
36446,36446,0.504009639516586
36543,36543,0.517976963674035
36544,36544,0.534030113239203
36545,36545,0.539166174682606
36546,36546,0.540117479788857
36636,36636,0.474742723614369
36637,36637,0.47462019713551
36638,36638,0.474402878721154
36639,36639,0.471676562034174
36640,36640,0.471273391489917
36641,36641,0.468016649652484
36642,36642,0.465688842635079
36643,36643,0.465329630646415
36644,36644,0.464868505919892
36645,36645,0.464522785594686
36646,36646,0.450624774941667
36647,36647,0.449933240479225
36648,36648,0.446005584551175
36649,36649,0.445175893674011
36650,36650,0.443063459116474
36651,36651,0.442527798863125
36652,36652,0.431746973749238
36653,36653,0.428392361394842
36654,36654,0.426793402637703
36655,36655,0.425148391951389
36656,36656,0.423838552039749
36657,36657,0.417266436581077
36658,36658,0.40895938610806
36659,36659,0.408152418579957
36660,36660,0.407707615730374
36661,36661,0.400585502978934
36662,36662,0.399764014791147
36663,36663,0.395570624811829
36664,36664,0.394765403455219
36665,36665,0.385324167555975
36666,36666,0.384883400033708
36667,36667,0.363238892157358
36668,36668,0.362393582714474
36669,36669,0.312356878047256
36670,36670,0.312130085555502
36671,36671,0.311910324684463
36672,36672,0.308342318175881
36673,36673,0.308121444508827
36674,36674,0.307919679435728
36675,36675,0.307705359946527
36676,36676,0.302174986891224
36677,36677,0.30205658375372
36678,36678,0.289340053136448
36679,36679,0.281103914579863
36680,36680,0.263604263655334
36681,36681,0.26313716118047
36682,36682,0.262723947713505
36683,36683,0.254920006656693
36684,36684,0.254493546694761
36685,36685,0.254420229654394
36686,36686,0.254154680192641
36687,36687,0.254082836398184
36702,36702,0.296575077853685
36703,36703,0.296451171574579
36704,36704,0.297544791951384
36705,36705,0.297976649126637
36706,36706,0.640922830122342
36707,36707,0.640922830122342
36708,36708,0.686753537557747
36719,36719,0.339139942725182
36730,36730,0.705558926115814
36731,36731,0.705954798857872
36732,36732,0.706608329679566
36733,36733,0.70691344496759
36734,36734,0.708078295878161
36735,36735,0.709961998961848
36736,36736,0.711215014119856
36737,36737,0.712118223258805
36738,36738,0.712726516548026
36739,36739,0.714974861957808
36740,36740,0.719247538927095
36741,36741,0.726856653023615
36742,36742,0.7281427523142
36743,36743,0.728970946331277
36744,36744,0.733130337761713
36745,36745,0.741811497979663
36746,36746,0.75
36747,36747,0.75
36748,36748,0.404199564596322
36749,36749,0.377728512123473
36750,36750,0.624889623198063
36751,36751,0.624898351223334
36752,36752,0.624903981222122
36753,36753,0.624909580231123
36754,36754,0.624915345404761
36755,36755,0.62492126192192
36756,36756,0.624927300230457
36757,36757,0.624933481963062
36758,36758,0.624939744404874
36759,36759,0.624946091137432
36760,36760,0.624952520909006
36761,36761,0.624959008305061
36762,36762,0.624965587690095
36763,36763,0.624972238325114
36764,36764,0.624978653481555
36765,36765,0.625
36766,36766,0.625
36767,36767,0.625
36768,36768,0.625
36769,36769,0.625
36770,36770,0.625
36771,36771,0.625
36772,36772,0.625
36773,36773,0.625
36774,36774,0.625
36775,36775,0.625
36776,36776,0.625
36777,36777,0.625
36778,36778,0.625
36779,36779,0.625
36780,36780,0.625
36781,36781,0.625
36782,36782,0.625
36783,36783,0.625
36784,36784,0.625
36785,36785,0.625
36786,36786,0.625
36787,36787,0.625
36788,36788,0.625
36789,36789,0.625
36790,36790,0.625
36791,36791,0.386697509259706
36792,36792,0.38922968410816
36793,36793,0.389545392510678
36794,36794,0.389047515132848
36795,36795,0.385840963879463
36796,36796,0.421836142499356
36797,36797,0.419757428849239
36798,36798,0.419754743992862
36799,36799,0.421459688573422
36800,36800,0.426952592888649
36801,36801,0.424391546136917
36802,36802,0.461799083898295
36803,36803,0.457727313020305
36804,36804,0.45202999193284
36805,36805,0.435802671824959
36806,36806,0.451983496603941
36807,36807,0.554540818037374
36988,36988,0.404747240464844
36989,36989,0.822015966213164
36990,36990,0.807106352411183
36991,36991,0.316842252659949
36992,36992,0.31555548716225
37086,37086,0.923186140668864
37087,37087,0.923186528435021
37088,37088,0.924772804750185
37089,37089,0.924773399215682
37090,37090,0.92556785841364
37091,37091,0.92556785841364
37092,37092,0.92556785841364
37093,37093,0.936240412229845
37094,37094,0.943134573352964
37095,37095,0.943127242320501
37096,37096,0.949422263394726
37097,37097,0.949422263394726
37098,37098,0.948298093856733
37099,37099,0.946811176002162
37100,37100,0.946811176002162
37101,37101,0.946811176002162
37102,37102,0.941814637027645
37103,37103,0.937049270185099
37104,37104,0.769607929159705
37105,37105,0.767034625003358
37106,37106,0.767034625003358
37107,37107,0.751964537080361
37108,37108,0.607926773647902
37109,37109,0.601694283570571
37110,37110,0.594630175949456
37111,37111,0.590785520696187
37112,37112,0.554358560662571
37113,37113,0.536767387515801
37114,37114,0.527829183795147
37115,37115,0.523509379482055
37116,37116,0.502780127158216
37256,37256,0.658771499136613
37257,37257,0.668180065674482
37258,37258,0.682264280088693
37259,37259,0.680291511170506
37260,37260,0.680263405662205
37261,37261,0.680670416694981
37262,37262,0.683904974325337
37263,37263,0.683599943677033
37264,37264,0.716498648536905
37265,37265,0.716340206161237
37266,37266,0.716340206161237
37267,37267,0.712848010298517
37268,37268,0.712848010298517
37269,37269,0.712848010298517
37270,37270,0.709209697587557
37271,37271,0.712848010298517
37272,37272,0.712848010298517
37273,37273,0.716340206161237
37274,37274,0.716340206161237
37275,37275,0.716340206161237
37276,37276,0.716814247225471
37277,37277,0.716814247225471
37278,37278,0.716814247225471
37279,37279,0.716814247225471
37280,37280,0.716814247225471
37281,37281,0.716814247225471
37282,37282,0.716194960284738
37283,37283,0.716194960284738
37284,37284,0.716194960284738
37285,37285,0.716194960284738
37286,37286,0.716194960284738
37288,37288,0.716194960284738
37289,37289,0.716194960284738
37290,37290,0.716194960284738
37291,37291,0.716194960284738
37292,37292,0.627271233573476
37293,37293,0.61768675258326
37294,37294,0.61768675258326
37399,37399,0.700383031307945
37400,37400,0.700383031307945
37401,37401,0.700383031307945
37402,37402,0.700383031307945
37403,37403,0.700383031307945
37404,37404,0.698855371065412
37405,37405,0.720929988918442
37406,37406,0.720930404110321
37407,37407,0.720930404110321
37408,37408,0.720930404110321
37409,37409,0.751988987240307
37410,37410,0.751988987240307
37411,37411,0.751988987240307
37412,37412,0.751988987240307
37413,37413,0.751988987240307
37414,37414,0.755627299951267
37415,37415,0.771379423585225
37416,37416,0.779177175166127
37417,37417,0.716677175166127
37418,37418,0.716677175166127
37419,37419,0.716194960284738
37420,37420,0.716194960284738
37631,37631,0.267668704476927
37632,37632,0.27706661334352
37633,37633,0.283092587629149
37776,37776,0.642696805225991
37777,37777,0.642696805225991
37778,37778,0.642696805225991
37779,37779,0.642696805225991
37780,37780,0.642696805225991
37781,37781,0.643780043602473
37782,37782,0.644775201149747
37783,37783,0.647268894046578
37784,37784,0.648683650728484
37785,37785,0.648683650728484
37786,37786,0.815350317395151
37897,37897,0.318930440536105
37898,37898,0.361174869007041
37914,37914,0.434392922609369
37915,37915,0.438885620862189
37916,37916,0.440669310871294
37941,37941,0.395833333333333
37942,37942,0.395833333333333
37943,37943,0.395833333333333
37944,37944,0.395833333333333
37945,37945,0.395833333333333
37946,37946,0.395833333333333
37947,37947,0.395833333333333
37948,37948,0.395833333333333
37949,37949,0.395833333333333
37950,37950,0.395833333333333
37951,37951,0.395833333333333
37952,37952,0.395833333333333
37953,37953,0.395833333333333
37954,37954,0.395805555066071
37955,37955,0.395787192412756
37956,37956,0.395785003636727
37957,37957,0.395777760708246
37958,37958,0.395779285745328
37959,37959,0.395791962517292
37960,37960,0.395821805699899
37961,37961,0.395827780292296
37962,37962,0.395830264528345
37963,37963,0.395833333333333
37964,37964,0.395833333333333
37965,37965,0.395833333333333
37989,37989,0.362178440831522
37990,37990,0.389991682451883
37991,37991,0.398656058596383
37992,37992,0.408791118490608
37993,37993,0.416944520868229
37994,37994,0.424325396574899
37995,37995,0.427027693515682
37996,37996,0.430068800175844
37997,37997,0.440066459245295
37998,37998,0.445086161021722
37999,37999,0.478345626612303
38000,38000,0.452927594929216
38001,38001,0.459914651252753
38002,38002,0.456829657526651
38003,38003,0.46492725282296
38004,38004,0.775127545846663
38005,38005,0.77126111470075
38006,38006,0.696110045387859
38007,38007,0.693528621437965
38008,38008,0.683670572066152
38009,38009,0.683670572066152
38010,38010,0.38888400813292
38034,38034,0.26053633919443
38035,38035,0.260091638024524
38036,38036,0.26075582863388
38037,38037,0.267336724223642
38038,38038,0.2677161612903
38039,38039,0.271996972798564
38040,38040,0.284750504512709
38041,38041,0.280778161836574
38042,38042,0.281635653049226
38043,38043,0.284693803479143
38044,38044,0.278280288154924
38045,38045,0.27890066638481
38152,38152,0.425862797490121
38153,38153,0.409666460951989
38154,38154,0.409668417693316
38155,38155,0.410445458914309
38156,38156,0.409917334899559
38157,38157,0.46413920761232
38158,38158,0.463184495848867
38159,38159,0.460100155393353
38160,38160,0.461604242103967
38161,38161,0.46041750677421
38595,38595,0.454969208997943
38596,38596,0.46416666419801
38597,38597,0.457234815040925
38598,38598,0.457568537042276
38599,38599,0.453519279530592
38600,38600,0.45204160020105
38601,38601,0.450454147619897
38602,38602,0.451015104292662
38603,38603,0.448208771617098
38604,38604,0.44301828315513
38605,38605,0.439570230865346
38606,38606,0.429934958280446
38607,38607,0.440030276680047
38608,38608,0.435220454869666
38609,38609,0.434727339770322
38610,38610,0.440633143534515
38611,38611,0.443478457797765
38612,38612,0.43697699489578
38613,38613,0.447548776191059
38614,38614,0.485026481343977
38615,38615,0.483938914326791
38616,38616,0.480886066169016
38617,38617,0.498059279017422
38618,38618,0.497928812528369
38619,38619,0.497708746542071
38620,38620,0.496105688337689
38621,38621,0.49586449733991
38622,38622,0.480744665309028
38623,38623,0.44685102982556
38624,38624,0.440808386622452
38625,38625,0.44043155626649
38626,38626,0.442455485854164
38627,38627,0.447609567606429
38628,38628,0.461186837742989
38629,38629,0.511552629378372
38630,38630,0.511136093331476
38686,38686,0.539930654859553
38687,38687,0.541421410176569
38688,38688,0.554540545009325
38689,38689,0.554768610523705
38784,38784,0.603756471261278
38785,38785,0.603756471261278
38786,38786,0.600685657596703
38787,38787,0.522768237922607
38788,38788,0.520050228532255
38789,38789,0.519830849736011
38790,38790,0.519551819921405
38791,38791,0.515176134688715
38792,38792,0.446112250536469
38793,38793,0.44594857288458
38794,38794,0.44592047802063
38798,38798,0.367556377538936
38799,38799,0.366329471547306
38851,38851,0.399907981646144
38852,38852,0.363435218819802
38853,38853,0.363625007461087
38854,38854,0.324691609612465
38855,38855,0.323806153161846
38856,38856,0.323789692645138
38857,38857,0.284347723288447
38905,38905,0.295470364650846
38906,38906,0.294240789641464
38907,38907,0.294030870678926
38908,38908,0.293077214508937
38909,38909,0.291272669761945
38910,38910,0.279032110269164
38911,38911,0.273544499117744
38912,38912,0.27131130806755
38913,38913,0.271260347355823
38914,38914,0.291876647101641
38915,38915,0.283701651434423
38916,38916,0.282477393406721
38917,38917,0.285718545864625
38918,38918,0.281016803669855
38919,38919,0.2771380027196
38920,38920,0.272304839485395
38921,38921,0.260605833187777
38922,38922,0.258764643192732
38932,38932,0.638693639392993
38933,38933,0.640414406102528
38934,38934,0.601621794419528
38935,38935,0.598439712687334
38936,38936,0.598439712687334
38937,38937,0.601621794419528
38938,38938,0.6668386881659
38939,38939,0.6668386881659
38940,38940,0.665121735954636
38941,38941,0.66541838001729
39042,39042,0.300085643999725
39043,39043,0.297553827530184
39044,39044,0.297472135041188
39045,39045,0.333277195042846
39046,39046,0.453831298724699
39047,39047,0.47091777609809
39048,39048,0.475784439428291
39049,39049,0.490224629294533
39050,39050,0.499974562993215
39051,39051,0.504095866705799
39052,39052,0.508384024200769
39053,39053,0.527445549435754
39054,39054,0.532123708244935
39055,39055,0.538833654974835
39056,39056,0.544115054831804
39057,39057,0.550045760610935
39058,39058,0.583333333333333
39059,39059,0.583333333333333
39060,39060,0.583333333333333
39061,39061,0.583333333333333
39062,39062,0.583333333333333
39063,39063,0.583333333333333
39064,39064,0.583333333333333
39065,39065,0.583333333333333
39066,39066,0.583333333333333
39067,39067,0.583333333333333
39084,39084,0.749659179017499
39085,39085,0.74969574312621
39086,39086,0.749734001737206
39087,39087,0.749773480457077
39088,39088,0.749815293152141
39089,39089,0.749905250593503
39090,39090,0.75
39091,39091,0.75
39092,39092,0.75
39093,39093,0.75
39094,39094,0.75
39095,39095,0.75
39096,39096,0.75
39097,39097,0.75
39098,39098,0.75
39099,39099,0.75
39100,39100,0.75
39101,39101,0.75
39102,39102,0.75
39103,39103,0.75
39104,39104,0.75
39105,39105,0.75
39106,39106,0.75
39143,39143,0.360924706329957
39144,39144,0.360764496249357
39145,39145,0.360575159952604
39146,39146,0.360244462543919
39147,39147,0.353458570255771
39148,39148,0.350367239031493
39149,39149,0.349983929727578
39150,39150,0.349604476527855
39151,39151,0.349250870617876
39152,39152,0.348924303635404
39153,39153,0.348435442072129
39154,39154,0.344733819669864
39155,39155,0.3293643192526
39156,39156,0.328286785358441
39157,39157,0.323012968354751
39158,39158,0.298010046281703
39159,39159,0.296357313237006
39160,39160,0.294628805578978
39161,39161,0.287757464318619
39162,39162,0.285924383534452
39163,39163,0.282279615812685
39164,39164,0.278184301133762
39165,39165,0.282554719574332
39166,39166,0.280866107167775
39167,39167,0.276181539518715
39168,39168,0.269184633407014
39169,39169,0.26065832644287
39170,39170,0.252203169329455
39171,39171,0.250548408441153
39247,39247,0.896334022474552
39290,39290,0.625
39291,39291,0.625
39292,39292,0.625
39293,39293,0.625
39294,39294,0.625
39295,39295,0.625
39296,39296,0.625
39297,39297,0.625
39298,39298,0.625
39299,39299,0.625
39300,39300,0.625
39301,39301,0.625
39302,39302,0.624995902221892
39303,39303,0.624993239430959
39304,39304,0.624991210886006
39305,39305,0.6249898434463
39306,39306,0.624989147853773
39307,39307,0.624989138795721
39308,39308,0.624989837055688
39309,39309,0.624991257693038
39310,39310,0.624993414938796
39311,39311,0.62499632225628
39312,39312,0.625
39313,39313,0.625
39314,39314,0.5625
39315,39315,0.5625
39316,39316,0.562227123657467
39317,39317,0.561954577148712
39318,39318,0.561690638911103
39319,39319,0.561580571354875
39320,39320,0.56134913912907
39321,39321,0.561081924721747
39322,39322,0.560698372740164
39323,39323,0.75
39324,39324,0.75
39325,39325,0.75
39326,39326,0.75
39327,39327,0.75
39328,39328,0.75
39329,39329,0.75
39330,39330,0.75
39331,39331,0.75
39332,39332,0.75
39390,39390,0.478327712894886
39391,39391,0.491509828122245
39392,39392,0.713259416477108
39393,39393,0.721437193930352
39394,39394,0.551810121967434
39395,39395,0.544694358156424
39396,39396,0.535956886312891
39397,39397,0.533095942858403
39398,39398,0.524863380694681
39800,39800,0.434678391760817
39801,39801,0.479797372327676
39802,39802,0.521931624503538
39803,39803,0.529938926348199
39804,39804,0.549561728851081
39805,39805,0.569012225343949
39806,39806,0.580090768588314
39807,39807,0.606981344610111
39808,39808,0.627629348527369
39809,39809,0.646997753167624
39810,39810,0.667774865211942
39811,39811,0.687568089557635
39812,39812,0.701340244901082
39851,39851,0.257527024411413
39852,39852,0.424661926839034
39853,39853,0.424925373250213
39854,39854,0.426623219784611
39855,39855,0.427134629563835
39856,39856,0.427648324433385
39857,39857,0.59463813400584
39858,39858,0.594735571354667
39859,39859,0.595998984720692
39860,39860,0.596515897083741
39861,39861,0.604403952729766
39862,39862,0.604771194622268
39863,39863,0.60499111411976
39864,39864,0.605235766808508
39865,39865,0.605476897018656
39866,39866,0.60572846284921
39867,39867,0.637138737002531
39868,39868,0.637620808246936
39869,39869,0.6875
39870,39870,0.583591843871059
39871,39871,0.581635049886579
39872,39872,0.581430223439157
39873,39873,0.580610987269791
39874,39874,0.580481280280518
39875,39875,0.580186888181616
39876,39876,0.579701745808887
39877,39877,0.58535488290859
39878,39878,0.592668393993682
39879,39879,0.588155840514844
39880,39880,0.587732219568965
39881,39881,0.587255085005592
39882,39882,0.586562155913561
39883,39883,0.593098786500307
39884,39884,0.589296309706854
39885,39885,0.585828383074366
39886,39886,0.585035502334785
39887,39887,0.584415749852089
39888,39888,0.557468668068922
39889,39889,0.557218103068832
39890,39890,0.536479341431921
39891,39891,0.512937936602725
39892,39892,0.49008809463808
39893,39893,0.488335082803807
39894,39894,0.482646617292295
39895,39895,0.482151414485812
39896,39896,0.478864399357991
39897,39897,0.478343181363039
39898,39898,0.477791330787449
39899,39899,0.47581337784864
39900,39900,0.475104679650572
39901,39901,0.477958904135943
39943,39943,0.286061851212281
39944,39944,0.284929990758068
39945,39945,0.276916652729383
39946,39946,0.274805920779524
39947,39947,0.261870387456646
39950,39950,0.252853974425706
40058,40058,0.858444960586934
40087,40087,0.647268894046578
40088,40088,0.647268894046578
40089,40089,0.644321616622601
40090,40090,0.643780043602473
40091,40091,0.642696805225991
40092,40092,0.642696805225991
40423,40423,0.267322494819111
40424,40424,0.268915064093462
40425,40425,0.283816645914752
40426,40426,0.284058179780584
40427,40427,0.288354660018602
40428,40428,0.288581664163222
40429,40429,0.291508213851278
40430,40430,0.291165316444143
40431,40431,0.291552765310846
40432,40432,0.291784480479671
40433,40433,0.291488716893818
40434,40434,0.292364576820806
40435,40435,0.295955290184004
40436,40436,0.296096191717195
40437,40437,0.294596664614777
40438,40438,0.294557840362904
40439,40439,0.294678972423993
40440,40440,0.29774062174039
40441,40441,0.297911102196386
40442,40442,0.308495693033181
40443,40443,0.341702375283987
40444,40444,0.341527861939905
40445,40445,0.35058213162461
40446,40446,0.35010072713238
40447,40447,0.358796440862631
40448,40448,0.363675645561251
40449,40449,0.368995618169016
40450,40450,0.374556498137225
40451,40451,0.377576283079087
40452,40452,0.380790665217617
40453,40453,0.391391658444744
40454,40454,0.439054737938159
40455,40455,0.438886004909752
40456,40456,0.440599709475967
40457,40457,0.876541846027423
40458,40458,0.880404617735226
40459,40459,0.881686645914251
40466,40466,0.432342334642622
40467,40467,0.431388971903233
40468,40468,0.43262922270736
40469,40469,0.601673936283906
40470,40470,0.598457625838231
40471,40471,0.603481726195362
40472,40472,0.610127919315389
40473,40473,0.612088206172608
40624,40624,0.286254537342156
40625,40625,0.284261591101288
40626,40626,0.284136071424883
40627,40627,0.283376229537016
40923,40923,0.280671737597282
40924,40924,0.312566145331571
40925,40925,0.331708583210126
40926,40926,0.351354727545107
40927,40927,0.346062659897159
40928,40928,0.361569491523965
40929,40929,0.341886688000338
40930,40930,0.366482059393297
40931,40931,0.367206555918077
40932,40932,0.382831513520704
40933,40933,0.391853388913093
40934,40934,0.401323325534126
40935,40935,0.400015015823128
40936,40936,0.401745421621774
40937,40937,0.405529937332329
40938,40938,0.382653395125024
40939,40939,0.381778374324013
40940,40940,0.362969494618245
40941,40941,0.350884884745102
40942,40942,0.337286323386157
40943,40943,0.327851618489069
40944,40944,0.319701775559393
40945,40945,0.318147726392991
40946,40946,0.318524509746835
40947,40947,0.318888383982792
40948,40948,0.314110070854176
40949,40949,0.310085492560882
40950,40950,0.283592458094217
40951,40951,0.280118397880688
40952,40952,0.276673261530105
40953,40953,0.255908986621728
40954,40954,0.251008954877793
41050,41050,0.538481208776392
41051,41051,0.616951516817889
41052,41052,0.619726215970998
41053,41053,0.619625777726392
41054,41054,0.613726759782727
41055,41055,0.609740979187751
41056,41056,0.592180371563596
41057,41057,0.592182180486413
41058,41058,0.577768807007998
41059,41059,0.580318494985709
41060,41060,0.5596255839226
41061,41061,0.560493827014251
41062,41062,0.55961381844692
41063,41063,0.578906569897148
41064,41064,0.578450329260697
41065,41065,0.575282771803424
41066,41066,0.52959090665472
41067,41067,0.521183805834954
41068,41068,0.476309268867259
41069,41069,0.453707119089774
41070,41070,0.451462865922912
41071,41071,0.461189275776611
41072,41072,0.466489937838271
41073,41073,0.467123397282336
41074,41074,0.466876681630929
41075,41075,0.466836356393875
41076,41076,0.464605014585502
41077,41077,0.464566889047684
41078,41078,0.468741769992866
41079,41079,0.468333794103725
41080,41080,0.46815855322561
41081,41081,0.468107426381282
41082,41082,0.468189225652984
41083,41083,0.472867402091543
41084,41084,0.47295226135042
41085,41085,0.473008148692402
41086,41086,0.449174189498612
41087,41087,0.449392537822852
41088,41088,0.449546563237538
41089,41089,0.434342030816658
41090,41090,0.435626255941125
41091,41091,0.450481726703522
41092,41092,0.450597375826394
41093,41093,0.45083093703381
41094,41094,0.450948906312939
41095,41095,0.462787836168062
41159,41159,0.258301788611906
41160,41160,0.427196982165263
41161,41161,0.462215179710303
41162,41162,0.462446787639907
41163,41163,0.485885561719649
41164,41164,0.49613618419405
41165,41165,0.497021564842982
41166,41166,0.497665944323759
41167,41167,0.514724469192006
41169,41169,0.582915714849547
41170,41170,0.587860831849973
41171,41171,0.756611958826324
41318,41318,0.842043598041026
41319,41319,0.842043598041026
41320,41320,0.839462174091132
41321,41321,0.839462174091132
41322,41322,0.839462174091132
41323,41323,0.826206988424694
41324,41324,0.804312157696861
41325,41325,0.807397815061995
41326,41326,0.90051694939664
41327,41327,0.903515805970979
41328,41328,0.903515805970979
41329,41329,0.909986908738907
41330,41330,0.915556165962287
41331,41331,0.916697152651354
41332,41332,0.922293019212366
41333,41333,0.941176170265498
41334,41334,0.941176170265498
41335,41335,0.942253652785132
41453,41453,0.56562231991086
41454,41454,0.555845476371424
41455,41455,0.555845476371424
41456,41456,0.493345476371424
41457,41457,0.493345476371424
41458,41458,0.493345476371424
41459,41459,0.475385829585852
41460,41460,0.475385829585852
41461,41461,0.475385829585852
41462,41462,0.475385829585852
41463,41463,0.475385829585852
41464,41464,0.475385829585852
41465,41465,0.428995950155501
41466,41466,0.428995950155501
41467,41467,0.428995950155501
41468,41468,0.428995950155501
41469,41469,0.428995950155501
41470,41470,0.407600714645871
41471,41471,0.407600714645871
41472,41472,0.407600714645871
41473,41473,0.407600714645871
41474,41474,0.407600714645871
41475,41475,0.407600714645871
41476,41476,0.407600714645871
41477,41477,0.407600714645871
41490,41490,0.445038330553503
41491,41491,0.444988227380918
41492,41492,0.444896091804131
41493,41493,0.402180856785069
41494,41494,0.402130777214589
41495,41495,0.401558966135693
41496,41496,0.402587127266554
41497,41497,0.399191699056662
41498,41498,0.391318286558871
41499,41499,0.387539565031056
41500,41500,0.387456195199953
41501,41501,0.388430622342535
41502,41502,0.388369000370289
41503,41503,0.388275233661658
41504,41504,0.387908334311493
41505,41505,0.387809082932046
41506,41506,0.387733131115928
41507,41507,0.387666919517953
41508,41508,0.388509438686365
41509,41509,0.386384343913711
41510,41510,0.386350437343911
41511,41511,0.386328799273152
41512,41512,0.386274951175021
41513,41513,0.382243231679612
41514,41514,0.382175767697891
41515,41515,0.38183266606513
41516,41516,0.381704599661058
41517,41517,0.37771512908868
41518,41518,0.37764623569068
41519,41519,0.373280469170628
41520,41520,0.364170704345123
41521,41521,0.362956066907975
41522,41522,0.362888715408256
41523,41523,0.36285036125738
41524,41524,0.363357269940586
41525,41525,0.363293143560543
41526,41526,0.363250435421983
41527,41527,0.36321656040357
41528,41528,0.363155732121945
41529,41529,0.363074826782574
41530,41530,0.368607288526322
41531,41531,0.367941284197456
41532,41532,0.383757961517916
41533,41533,0.390862285437111
41534,41534,0.39499953201868
41535,41535,0.404433107329886
41536,41536,0.405856920489613
41537,41537,0.395694243096917
41538,41538,0.395487700030678
41539,41539,0.395317175104385
41540,41540,0.391402777164464
41541,41541,0.371715130152611
41542,41542,0.371587674998747
41543,41543,0.371502349368934
41544,41544,0.369674401695472
41545,41545,0.36883781272049
41546,41546,0.363751311755076
41547,41547,0.363637069779594
41548,41548,0.351077662920136
41549,41549,0.35144440538088
41550,41550,0.351283164157707
41551,41551,0.334459862730097
41552,41552,0.328328512926138
41553,41553,0.326975448760585
41554,41554,0.326898349442923
41555,41555,0.32684149906895
41556,41556,0.257337276872922
41557,41557,0.257262127999911
41558,41558,0.256390586695332
41559,41559,0.256262633019546
41607,41607,0.832976263894263
41608,41608,0.83631404708638
41609,41609,0.835496531626051
41610,41610,0.463820981193755
41611,41611,0.341729257324394
41612,41612,0.340345325976697
41613,41613,0.341105938274829
41614,41614,0.343020722300498
41615,41615,0.343898076164384
41656,41656,0.276078000241125
41657,41657,0.280238873937518
41658,41658,0.30191677146306
41659,41659,0.28068977537448
41660,41660,0.282151570587021
41661,41661,0.286772052419082
41662,41662,0.287136446824792
41663,41663,0.288170043986245
41664,41664,0.299986193421197
41665,41665,0.300720645763868
41666,41666,0.300446043207606
41667,41667,0.300326990285972
41668,41668,0.301131771046154
41669,41669,0.297346835725269
41670,41670,0.297762472309254
41671,41671,0.355802807299338
41672,41672,0.356391122623087
41673,41673,0.357183240773784
41674,41674,0.358334282111221
41675,41675,0.363735253367752
41676,41676,0.364474065238637
41677,41677,0.362015357731797
41736,41736,0.337232769922212
41737,41737,0.324789933926824
41738,41738,0.339647610421446
41739,41739,0.340351926690877
41876,41876,0.665522559672771
41877,41877,0.696495532618022
41878,41878,0.696496232056638
41879,41879,0.710620535969066
41880,41880,0.709209697587557
41881,41881,0.709209697587557
41882,41882,0.709209697587557
41883,41883,0.709209697587557
41884,41884,0.709209697587557
41885,41885,0.712848010298517
41886,41886,0.712848010298517
41887,41887,0.712848010298517
41888,41888,0.716340206161237
41889,41889,0.716498648536905
41890,41890,0.716498648536905
41891,41891,0.717431680127102
41892,41892,0.71743141261412
41893,41893,0.717431498741339
41894,41894,0.717432449281458
41895,41895,0.720013873231352
41896,41896,0.71648903935465
41897,41897,0.549822963784982
41898,41898,0.549824046474687
41899,41899,0.54982457039487
41900,41900,0.549825825531229
41901,41901,0.549826911015864
41902,41902,0.549827528341616
41903,41903,0.546418776393507
41904,41904,0.546419610408033
41905,41905,0.546420274756726
41906,41906,0.546422019407499
41907,41907,0.546422019407499
41908,41908,0.54618134363185
41909,41909,0.54618134363185
41910,41910,0.54618134363185
41911,41911,0.54618134363185
41912,41912,0.54618134363185
41913,41913,0.54618134363185
41914,41914,0.54618134363185
41915,41915,0.54618134363185
41916,41916,0.546422019407499
41917,41917,0.546422019407499
41918,41918,0.546422019407499
41919,41919,0.546422019407499
41920,41920,0.546422019407499
41921,41921,0.546422019407499
41922,41922,0.549831981870239
41923,41923,0.549831981870239
41924,41924,0.549831981870239
41925,41925,0.549831981870239
41926,41926,0.549831981870239
41927,41927,0.549831981870239
41928,41928,0.549831981870239
41929,41929,0.716498648536905
41930,41930,0.716498648536905
41931,41931,0.716498648536905
41932,41932,0.717432449281458
41933,41933,0.717432449281458
41934,41934,0.717432449281458
41935,41935,0.717432449281458
41936,41936,0.612331981870239
41937,41937,0.363331693743764
41938,41938,0.364401781963693
41939,41939,0.322988885661777
41940,41940,0.324612127972908
41957,41957,0.753750885600369
41958,41958,0.753600868484188
41959,41959,0.753126764936939
41960,41960,0.753126764936939
41961,41961,0.752426975716401
41962,41962,0.752426975716401
41963,41963,0.752426975716401
41964,41964,0.752426975716401
41965,41965,0.752426975716401
41966,41966,0.752426975716401
41967,41967,0.752426975716401
41968,41968,0.752426975716401
41969,41969,0.752426975716401
41970,41970,0.752426975716401
41971,41971,0.752426975716401
41972,41972,0.752426975716401
41973,41973,0.814926975716401
41974,41974,0.814926975716401
41975,41975,0.821341207963779
41976,41976,0.824239556084402
41977,41977,0.824761619351747
41978,41978,0.825398407835694
41979,41979,0.615534064605955
41980,41980,0.615008160414966
41981,41981,0.608607980526189
42003,42003,0.251070781216002
42004,42004,0.268565130278135
42005,42005,0.583333333333333
42006,42006,0.583333333333333
42007,42007,0.583333333333333
42008,42008,0.583333333333333
42009,42009,0.583333333333333
42010,42010,0.583333333333333
42011,42011,0.583333333333333
42012,42012,0.551479295530968
42013,42013,0.533129370483787
42014,42014,0.520693076239116
42015,42015,0.498831941107765
42016,42016,0.488524951105091
42017,42017,0.465383099561048
42018,42018,0.443581053755313
42019,42019,0.430420996571782
42020,42020,0.40913514747409
42157,42157,0.273066163333692
42158,42158,0.27745918020633
42159,42159,0.277627437692062
42160,42160,0.27778548329653
42161,42161,0.277961742491294
42162,42162,0.278126556905421
42163,42163,0.278274046551137
42164,42164,0.278427164069434
42165,42165,0.288330968225191
42169,42169,0.328789265054246
42170,42170,0.32807248121783
42171,42171,0.320807346664472
42478,42478,0.791211730901855
42479,42479,0.790881605613884
42480,42480,0.790881605613884
42481,42481,0.790881605613884
42482,42482,0.790881605613884
42483,42483,0.790881605613884
42484,42484,0.790881605613884
42485,42485,0.746634531717772
42486,42486,0.746634531717772
42487,42487,0.750181518349401
42488,42488,0.752429696387406
42489,42489,0.746634531717772
42490,42490,0.677762009937319
42650,42650,0.31477823294478
42651,42651,0.317244139132129
42652,42652,0.28289228304742
42788,42788,0.368424722477693
42807,42807,0.520113461122212
42808,42808,0.525333349018104
42809,42809,0.583333333333333
42810,42810,0.583333333333333
42811,42811,0.520833333333333
42812,42812,0.583333333333333
42813,42813,0.583333333333333
42814,42814,0.583333333333333
42815,42815,0.583333333333333
42816,42816,0.583333333333333
42817,42817,0.356670468114201
42818,42818,0.356130819310203
42819,42819,0.34989098268402
42820,42820,0.349564561315753
42821,42821,0.257145344612201
42822,42822,0.257185986130041
42823,42823,0.25729351720844
42824,42824,0.276500102628821
42825,42825,0.282284570392321
42826,42826,0.276605484820184
42827,42827,0.27687926958256
42836,42836,0.267705373652339
42837,42837,0.282671448442466
42838,42838,0.285778456122615
42839,42839,0.28608792161235
42840,42840,0.271236969272715
42841,42841,0.273454841576518
42842,42842,0.276296129911029
42843,42843,0.278763881576787
42883,42883,0.534545819941403
42884,42884,0.542036392750032
42885,42885,0.538754166053285
42886,42886,0.53864901473008
42887,42887,0.535740421565262
43093,43093,0.495347676637106
43094,43094,0.496570832073995
43095,43095,0.496737990930613
43096,43096,0.497908011597416
43097,43097,0.496290861782879
43098,43098,0.497032611500968
43099,43099,0.497550916774048
43100,43100,0.503305728203913
43101,43101,0.503597294503882
43102,43102,0.504143500823575
43103,43103,0.505110042295724
43104,43104,0.505749479078945
43105,43105,0.507961179834861
43106,43106,0.508877287755316
43107,43107,0.509347617461208
43120,43120,0.33178134100242
43244,43244,0.380073882373715
43245,43245,0.390632690364632
43272,43272,0.477035346431405
43273,43273,0.477163132146982
43274,43274,0.481317488149212
43275,43275,0.481405090367405
43276,43276,0.481487186719207
43277,43277,0.487097944385673
43278,43278,0.487156976420785
43279,43279,0.487246936490492
43280,43280,0.487371591972199
43281,43281,0.489854326814239
43282,43282,0.490016714025293
43283,43283,0.491438766311805
43284,43284,0.49257933608414
43285,43285,0.493377178171374
43286,43286,0.520833333333333
43287,43287,0.459609757291602
43288,43288,0.457920495171982
43289,43289,0.42895757846675
43290,43290,0.426124091681348
43291,43291,0.425940006016564
43292,43292,0.422443877498799
43293,43293,0.422266603470565
43294,43294,0.419132326753295
43295,43295,0.418858409479936
43296,43296,0.41691352782507
43297,43297,0.416892399008599
43298,43298,0.361607126309958
43299,43299,0.361550036285855
43300,43300,0.361506195440814
43301,43301,0.361317654922505
43302,43302,0.36120737442345
43303,43303,0.361166788066769
43304,43304,0.361014499247627
43305,43305,0.35838473981097
43306,43306,0.358300948157841
43307,43307,0.355523524222606
43308,43308,0.35543113099875
43309,43309,0.355295915670858
43310,43310,0.350589090086887
43311,43311,0.343896002570257
43312,43312,0.340636935495352
43313,43313,0.33227219570388
43314,43314,0.331397999982195
43315,43315,0.330881970459594
43316,43316,0.330121295770304
43317,43317,0.329678207071029
43318,43318,0.32947574470642
43319,43319,0.329129076368021
43320,43320,0.333961448303155
43321,43321,0.339816503363207
43322,43322,0.333168712025909
43323,43323,0.333063224384185
43324,43324,0.326912007246675
43325,43325,0.32434959740508
43326,43326,0.324093727888737
43327,43327,0.317680143271645
43328,43328,0.312764752678799
43329,43329,0.31094375256813
43330,43330,0.309762247034656
43331,43331,0.326778623936271
43332,43332,0.315212483214941
43333,43333,0.284102495074581
43334,43334,0.284041410779683
43335,43335,0.275527519669945
43336,43336,0.275415308642369
43337,43337,0.268247030236174
43338,43338,0.265355503937634
43339,43339,0.276107517687879
43340,43340,0.273743962631672
43341,43341,0.273728714766241
43342,43342,0.272699548725888
43343,43343,0.272682235174105
43344,43344,0.27265707667374
43345,43345,0.26846897655505
43346,43346,0.275596321881918
43347,43347,0.273960990501804
43348,43348,0.266866945360423
43349,43349,0.2668628954808
43350,43350,0.266848843974284
43351,43351,0.266836031330943
43352,43352,0.258682464964695
43353,43353,0.258669533918364
43354,43354,0.258665150727898
43355,43355,0.258657254761826
43356,43356,0.258667666013448
43357,43357,0.258664156994319
43358,43358,0.258665871594751
43359,43359,0.258667344630275
43360,43360,0.268847046643317
43361,43361,0.259434143631574
43362,43362,0.259467587791048
43363,43363,0.259523730743969
43364,43364,0.259587752277705
43594,43594,0.588372626490903
43595,43595,0.586309709932831
43596,43596,0.585446435673006
43597,43597,0.597370800300269
43939,43939,0.720013873231352
43940,43940,0.717432449281458
44019,44019,0.251197193134152
44020,44020,0.252321041305814
44021,44021,0.252544622277907
44022,44022,0.252736946267472
44023,44023,0.25286235723408
44078,44078,0.728024921370229
44079,44079,0.725601645222344
44080,44080,0.695597126779071
44081,44081,0.698855940044271
44082,44082,0.698855940044271
44083,44083,0.698855940044271
44084,44084,0.698855940044271
44669,44669,0.627271233573476
44670,44670,0.61768675258326
44671,44671,0.617557096603433
44672,44672,0.617557096603433
44673,44673,0.616612025541895
44674,44674,0.616612025541895
44675,44675,0.616612025541895
44676,44676,0.616612025541895
44677,44677,0.616612025541895
44678,44678,0.616612025541895
44679,44679,0.612028293618072
44680,44680,0.612028293618072
44681,44681,0.612028293618072
44682,44682,0.612028293618072
44683,44683,0.612028293618072
44684,44684,0.612028293618072
44685,44685,0.612028293618072
44686,44686,0.612028293618072
44687,44687,0.612028293618072
44688,44688,0.612028293618072
44689,44689,0.612028293618072
44690,44690,0.612028293618072
44691,44691,0.612028293618072
44692,44692,0.612028293618072
44693,44693,0.466411925832488
44711,44711,0.367088893341986
44712,44712,0.357879408465132
44713,44713,0.353396615049017
44714,44714,0.343695786734904
44892,44892,0.526636302798017
44893,44893,0.533505435015132
44894,44894,0.534148251621032
44895,44895,0.535008585912083
44896,44896,0.484598032898535
44897,44897,0.481601736490657
44898,44898,0.477879931237753
44899,44899,0.479053703476045
44900,44900,0.48132386107982
44901,44901,0.81291588149223
44902,44902,0.811849511819313
44903,44903,0.817471817638667
44904,44904,0.750007937942071
44905,44905,0.750007937942071
44906,44906,0.748986521245508
44907,44907,0.748986521245508
44908,44908,0.605450310159244
44909,44909,0.751799878210045
44910,44910,0.750778461513482
44911,44911,0.750778461513482
44912,44912,0.71560847953477
44913,44913,0.741908183002617
44914,44914,0.755977906344572
44957,44957,0.442402878744189
44958,44958,0.442220455254821
44959,44959,0.441745151118139
44960,44960,0.44145199234769
44961,44961,0.441097920923775
44962,44962,0.438343875114186
44963,44963,0.437945395976546
44964,44964,0.437602567790816
44965,44965,0.57035815171006
44966,44966,0.576237627873463
45991,45991,0.640632359982405
45992,45992,0.63675903468269
45993,45993,0.631173244936854
45994,45994,0.636535728562523
45995,45995,0.63938503290213
45996,45996,0.655421971692678
45997,45997,0.627131753605266
45998,45998,0.627312824724111
45999,45999,0.628225829962794
46000,46000,0.63389723034769
46001,46001,0.631944133610079
46056,46056,0.371635454009937
46057,46057,0.371728755892474
46058,46058,0.366989083584292
46059,46059,0.374217271141951
46060,46060,0.374409820467131
46061,46061,0.37459500992838
46062,46062,0.376367018177389
46063,46063,0.376519873419042
46064,46064,0.376627912832299
46065,46065,0.377706754946137
46066,46066,0.377831867419586
46067,46067,0.377947967279213
46068,46068,0.378018719617374
46069,46069,0.378088328192077
46070,46070,0.377022246743697
46071,46071,0.387076274351833
46072,46072,0.387180638881941
46073,46073,0.387293500728533
46074,46074,0.387401892778294
46075,46075,0.406934198314581
46076,46076,0.40704342336755
46077,46077,0.407258539064598
46078,46078,0.407401042387614
46079,46079,0.40753020006755
46080,46080,0.407644777602259
46081,46081,0.407734055564793
46082,46082,0.407819968165106
46083,46083,0.407905114096629
46084,46084,0.407982789103756
46085,46085,0.408062557142184
46086,46086,0.408144638483796
46087,46087,0.408253130425951
46088,46088,0.408982244629025
46089,46089,0.409126765529113
46090,46090,0.407690381647737
46091,46091,0.407956697772057
46092,46092,0.40819531983862
46093,46093,0.409426540090654
46094,46094,0.411001314103764
46095,46095,0.415730517165447
46096,46096,0.415843404903004
46097,46097,0.415891564566709
46257,46257,0.49919836068454
46258,46258,0.49919836068454
46259,46259,0.49919836068454
46260,46260,0.49919836068454
46261,46261,0.49919836068454
46262,46262,0.49919836068454
46263,46263,0.49919836068454
46264,46264,0.49919836068454
46265,46265,0.49919836068454
46266,46266,0.49919836068454
46267,46267,0.43669836068454
46268,46268,0.43669836068454
46269,46269,0.436593821746494
46270,46270,0.436593821746494
46271,46271,0.436593821746494
46272,46272,0.436593821746494
46273,46273,0.436593821746494
46274,46274,0.436593821746494
46275,46275,0.427346531826658
46276,46276,0.427346531826658
46277,46277,0.427346531826658
46278,46278,0.427346531826658
46279,46279,0.411589932579996
46280,46280,0.411542181307475
46281,46281,0.411531273610094
46282,46282,0.411522117278936
46283,46283,0.395747627295395
46284,46284,0.395732151621007
46285,46285,0.395716400867818
46286,46286,0.395706098877004
46287,46287,0.395697379732101
46288,46288,0.395680306891917
46289,46289,0.333333333333333
46415,46415,0.436343198631147
46416,46416,0.500716727266572
46417,46417,0.517479749295832
46418,46418,0.522651610554587
46419,46419,0.542388209893702
46425,46425,0.267521504492605
46426,46426,0.271902247550638
46427,46427,0.298069379015839
46428,46428,0.297229808787766
46429,46429,0.298325301328714
46430,46430,0.295683470574244
46431,46431,0.295092084166526
46432,46432,0.294794653769891
46433,46433,0.307342276947999
46434,46434,0.31470701915224
46435,46435,0.327767427705533
46436,46436,0.335247135812572
46437,46437,0.335167106737201
46438,46438,0.341865545116805
46439,46439,0.37945050011021
46440,46440,0.341983941891716
46441,46441,0.35129182018913
46442,46442,0.360653462765025
46539,46539,0.328038417749563
46540,46540,0.326602436201107
46557,46557,0.326894668840174
46558,46558,0.3264347442117
46560,46560,0.340418627745683
46621,46621,0.263137819310114
46622,46622,0.342929378792862
47014,47014,0.75
47015,47015,0.75
47016,47016,0.75
47017,47017,0.75
47018,47018,0.75
47019,47019,0.75
47020,47020,0.75
47021,47021,0.75
47022,47022,0.75
47023,47023,0.75
47024,47024,0.75
47025,47025,0.75
47026,47026,0.75
47027,47027,0.75
47028,47028,0.75
47029,47029,0.75
47030,47030,0.75
47031,47031,0.75
47032,47032,0.75
47033,47033,0.75
47034,47034,0.75
47035,47035,0.75
47036,47036,0.75
47037,47037,0.75
47038,47038,0.75
47039,47039,0.75
47040,47040,0.75
47041,47041,0.75
47042,47042,0.75
47043,47043,0.75
47044,47044,0.75
47045,47045,0.508898504194442
47046,47046,0.512316539871197
47047,47047,0.515793972747937
47048,47048,0.53721408507503
47049,47049,0.551406989688076
47050,47050,0.552753748986032
47051,47051,0.555380686883805
47052,47052,0.578157604805104
47053,47053,0.561458040740901
47054,47054,0.56625628082355
47055,47055,0.56433898053306
47056,47056,0.566033922167601
47057,47057,0.569243036545248
47058,47058,0.579314917422432
47059,47059,0.58355476557366
47060,47060,0.585553754726615
47061,47061,0.585657238786236
47062,47062,0.596686436549938
47063,47063,0.609902299417125
47094,47094,0.425963533530113
47095,47095,0.431981530471475
47096,47096,0.431394723405982
47097,47097,0.430553731386244
47098,47098,0.429929199092729
47099,47099,0.429912245659476
47100,47100,0.429635437678372
47101,47101,0.431937913722283
47102,47102,0.433207282680718
47103,47103,0.430046946300482
47104,47104,0.431911655914377
47105,47105,0.431446110409215
47106,47106,0.427910074172036
47107,47107,0.42923384234723
47108,47108,0.345502759290275
47109,47109,0.370629438190415
47110,47110,0.514581390597646
47111,47111,0.64921079587402
47112,47112,0.641615522241594
47113,47113,0.564410156830156
47114,47114,0.645522745930289
47115,47115,0.685871509342344
47116,47116,0.550561380145933
47117,47117,0.554976429740635
47118,47118,0.55510979371805
47119,47119,0.571735527097003
47120,47120,0.572941320332911
47121,47121,0.571986577348524
47122,47122,0.581049881847758
47123,47123,0.588214109568266
47124,47124,0.523156590631208
47125,47125,0.520575166681314
47337,47337,0.6875
47338,47338,0.696765220365785
47339,47339,0.463537481554513
47350,47350,0.318173348471985
47351,47351,0.312953476447403
47352,47352,0.31730768234951
47353,47353,0.31548444072172
47354,47354,0.314440311644601
47355,47355,0.313466204243675
47356,47356,0.312187549999627
47357,47357,0.310811341062093
47358,47358,0.304774744701689
47359,47359,0.302461175359776
47360,47360,0.30128198766341
47361,47361,0.298761430157917
47362,47362,0.295726534330912
47363,47363,0.293357320367143
47364,47364,0.292829779815512
47365,47365,0.285858588191002
47366,47366,0.272593312906782
47367,47367,0.261507225225613
47368,47368,0.260597610612379
47369,47369,0.252048664329371
47417,47417,0.585336919720719
47418,47418,0.600620411683901
47419,47419,0.50160900896353
47420,47420,0.50160900896353
47421,47421,0.50160900896353
47422,47422,0.502189594062897
47423,47423,0.502271233573476
47424,47424,0.503907238310506
47425,47425,0.503907238310506
47426,47426,0.45176339749425
47427,47427,0.490554788629503
47428,47428,0.490554788629503
47437,47437,0.266332941383589
47438,47438,0.265794961507093
47439,47439,0.265318854038616
47440,47440,0.262170818413045
47441,47441,0.261101842687058
47484,47484,0.32417797459526
47485,47485,0.324748397256383
47528,47528,0.255633800519091
47529,47529,0.253929525345422
47530,47530,0.253982086293505
47531,47531,0.253564995881438
47532,47532,0.252158621701381
47533,47533,0.251542945047857
47534,47534,0.250666057528675
47545,47545,0.863106475333954
47546,47546,0.836321004464058
47547,47547,0.836432860281841
47548,47548,0.796814113406007
47549,47549,0.796566803286556
47550,47550,0.776962174091132
47551,47551,0.665949798877442
47552,47552,0.675418848733241
47553,47553,0.676219369212297
47554,47554,0.510895320284812
47555,47555,0.54967353949457
47556,47556,0.54967353949457
47557,47557,0.54967353949457
47558,47558,0.54618134363185
47559,47559,0.54618134363185
47560,47560,0.54618134363185
47561,47561,0.54618134363185
47562,47562,0.54618134363185
47563,47563,0.54254303092089
47564,47564,0.54254303092089
47565,47565,0.54254303092089
47566,47566,0.54254303092089
47567,47567,0.720593525806396
47568,47568,0.735693177933433
47569,47569,0.741474957290781
47570,47570,0.743629752894027
47571,47571,0.747908703203576
47572,47572,0.752997879020788
47573,47573,0.707780778071662
47574,47574,0.751988987240307
47575,47575,0.720930404110321
47576,47576,0.698855940044271
47577,47577,0.79017296404932
47578,47578,0.79017296404932
47579,47579,0.79017296404932
47580,47580,0.792098093964749
47581,47581,0.792098093964749
47758,47758,0.557906179172076
47759,47759,0.55667446924574
47760,47760,0.556615550105399
47761,47761,0.555400563024061
47762,47762,0.554935855343102
47763,47763,0.573686679855897
47764,47764,0.573648379291411
47765,47765,0.57357660498284
47766,47766,0.573194668375738
47767,47767,0.529131327695016
47768,47768,0.525976201288944
47769,47769,0.516660020550796
47770,47770,0.513344172327086
47771,47771,0.5132026288611
47772,47772,0.512247978968823
47773,47773,0.511986971733594
47774,47774,0.511840684768948
47775,47775,0.511734215394038
47776,47776,0.510680729217817
47777,47777,0.509029842728531
47778,47778,0.481759912776729
47779,47779,0.48264894290658
47780,47780,0.482320466356578
47781,47781,0.482055457964559
47782,47782,0.481719218399758
47783,47783,0.4136293278919
47784,47784,0.412584806597477
47785,47785,0.404738380814898
47786,47786,0.389333454868247
47787,47787,0.38160841994683
47788,47788,0.378366956229181
47789,47789,0.355253479174468
47790,47790,0.336751822019314
47850,47850,0.287821465487232
47851,47851,0.288099113847513
47852,47852,0.290815395159842
47853,47853,0.29094593426492
47854,47854,0.291080855632664
47855,47855,0.291225682658298
47856,47856,0.334014265304424
47857,47857,0.334301745649975
47858,47858,0.338655892080454
47859,47859,0.371644477647483
47860,47860,0.371959483337221
47861,47861,0.372320296119212
47862,47862,0.372720195821748
47863,47863,0.383696586427837
47864,47864,0.388774621232393
47865,47865,0.389244061884484
47866,47866,0.389479806235401
47867,47867,0.389669813220967
48110,48110,0.462725739207784
48111,48111,0.46283014405747
48112,48112,0.462339107912061
48113,48113,0.462243969284826
48114,48114,0.429001140850104
48115,48115,0.428433937700012
48116,48116,0.423424833110495
48117,48117,0.420722112177962
48118,48118,0.421748175276973
48119,48119,0.423558894404519
48137,48137,0.313030639228352
48138,48138,0.34903564995675
48219,48219,0.265741613183037
48220,48220,0.293834677804159
48221,48221,0.294595510528432
48222,48222,0.308871085860055
48223,48223,0.310074602838266
48224,48224,0.337506837778949
48225,48225,0.34971478504442
48226,48226,0.351238549165329
48227,48227,0.35198724687989
48228,48228,0.361819568607477
48229,48229,0.356884021802826
48230,48230,0.358177592391523
48231,48231,0.406482601839106
48251,48251,0.251622639848965
48252,48252,0.253795695104938
48253,48253,0.255832804980019
48254,48254,0.256283794772007
48277,48277,0.302907209902947
48278,48278,0.311257101938734
48279,48279,0.370953115398304
48280,48280,0.375860942695922
48281,48281,0.37426013799278
48282,48282,0.876412155401991
48283,48283,0.485467695967066
48284,48284,0.466628222814054
48285,48285,0.462907576452011
48286,48286,0.467176037913897
48287,48287,0.455741371887883
48288,48288,0.340199598505969
48289,48289,0.270233861846743
48291,48291,0.254083246378622
48292,48292,0.809437983296021
48293,48293,0.746937983296021
48294,48294,0.74353917531421
48295,48295,0.743090743088891
48296,48296,0.755234218825921
48297,48297,0.818600308462619
48298,48298,0.816100868484188
48299,48299,0.816100868484188
48300,48300,0.817312992845581
48301,48301,0.816900196327277
48302,48302,0.814926975716401
48303,48303,0.814926975716401
48304,48304,0.813776836219466
48305,48305,0.813613448397767
48306,48306,0.813613448397767
48323,48323,0.785280735943859
48324,48324,0.785598409392791
48325,48325,0.785668552949971
48326,48326,0.785744582182774
48327,48327,0.785887131633564
48328,48328,0.87304837343197
48329,48329,0.894326583981085
48330,48330,0.87304837343197
48331,48331,0.87304837343197
48332,48332,0.847139237693344
48333,48333,0.847035811183258
48334,48334,0.846934243817384
48335,48335,0.846769625010979
48336,48336,0.846675504451049
48337,48337,0.84658740699877
48338,48338,0.846506229338459
48339,48339,0.846430398613748
48340,48340,0.846377750919734
48341,48341,0.845755185443942
48342,48342,0.845696977727977
48343,48343,0.845647309610254
48344,48344,0.84058429115266
48345,48345,0.841190973258847
48346,48346,0.841164277442749
48347,48347,0.840626324620646
48348,48348,0.840613918077559
48349,48349,0.84060802123369
48350,48350,0.840608367508062
48351,48351,0.801767051236499
48352,48352,0.80177940961063
48353,48353,0.801797421723215
48354,48354,0.763676511471582
48700,48700,0.860687219505137
48701,48701,0.860687442173322
48702,48702,0.86306785841364
48703,48703,0.86306785841364
48704,48704,0.878548519355591
48705,48705,0.878676170265498
48706,48706,0.878676170265498
48707,48707,0.877442957648641
48708,48708,0.877442957648641
48860,48860,0.655245966456954
48861,48861,0.592745966456954
48871,48871,0.277252274716389
48872,48872,0.275529061057897
48873,48873,0.274717218908078
48960,48960,0.285661167571833
48961,48961,0.32430670073273
48962,48962,0.323298596742004
48963,48963,0.324359453205862
49069,49069,0.831738728520708
49070,49070,0.831738728520708
49071,49071,0.831738728520708
49072,49072,0.833192983708894
49355,49355,0.256975781587385
49356,49356,0.272792872572403
49357,49357,0.277648707018817
49358,49358,0.279541424976759
49359,49359,0.279585700017543
49360,49360,0.277790815748446
49361,49361,0.277141350353613
49362,49362,0.277169710796116
49363,49363,0.309092420190041
49364,49364,0.307675077377521
49365,49365,0.30510354414602
49366,49366,0.300667704699444
49367,49367,0.299655967255344
49368,49368,0.298558817656923
49369,49369,0.298600670194531
49370,49370,0.291460264564557
49371,49371,0.289691680388646
49372,49372,0.28972879686736
49373,49373,0.280404462538405
49374,49374,0.280453560961323
49375,49375,0.280505162770306
49376,49376,0.289931898759446
49377,49377,0.298990786242965
49378,49378,0.299063725372561
49379,49379,0.300272717223214
49686,49686,0.393402248840768
49687,49687,0.388934881914578
49688,49688,0.380977175195799
49689,49689,0.380630147591937
49703,49703,0.612677310746846
49704,49704,0.615646145128207
49705,49705,0.615964295910006
49706,49706,0.825480562257664
49707,49707,0.825466451257372
49708,49708,0.825272305452988
49709,49709,0.824239556084402
49710,49710,0.714709484210583
49711,49711,0.714709484210583
49712,49712,0.717043598041026
49713,49713,0.714462174091132
49714,49714,0.664834622264333
49715,49715,0.46622727003171
49716,49716,0.466228592696939
49717,49717,0.717043598041026
49718,49718,0.407319291176207
49719,49719,0.604547656834574
49720,49720,0.651962174091132
49721,49721,0.651962174091132
49722,49722,0.654543598041026
49723,49723,0.654543598041026
49724,49724,0.603742404899912
49725,49725,0.42428712569864
49726,49726,0.431079436006508
49727,49727,0.431079436006508
49782,49782,0.311853265975708
49783,49783,0.310068748340812
49784,49784,0.31437361659987
49785,49785,0.315240886374271
49786,49786,0.314093544670207
49787,49787,0.313565311771668
49788,49788,0.313510642902603
49789,49789,0.312413734205236
49790,49790,0.311818454306649
49791,49791,0.311778497351363
49792,49792,0.309901204135642
49793,49793,0.309159880614424
49794,49794,0.307597896146132
49795,49795,0.29731588910012
49796,49796,0.288168715841007
49797,49797,0.278657952413665
49798,49798,0.27854088573292
49799,49799,0.27843602994712
49800,49800,0.278340890756902
49801,49801,0.278249733132801
49802,49802,0.278155754263174
49803,49803,0.270941938151343
49804,49804,0.270859088368381
49805,49805,0.268156704085548
49806,49806,0.268078246262862
49807,49807,0.267978747143657
49808,49808,0.26788781878693
49809,49809,0.267799595349369
49810,49810,0.2616173956847
49811,49811,0.261521313455864
49812,49812,0.261374997637906
49860,49860,0.259488098487515
49861,49861,0.270849707356586
49862,49862,0.301575554713563
49863,49863,0.312939672315738
49864,49864,0.315464280327019
49865,49865,0.462066074978444
49866,49866,0.462066074978444
49867,49867,0.544307280828238
49868,49868,0.546600153123086
49873,49873,0.686753537557747
49874,49874,0.686753537557747
49875,49875,0.640922830122342
49876,49876,0.640922830122342
49877,49877,0.640922830122342
49878,49878,0.640922830122342
49879,49879,0.640880301741759
49880,49880,0.640880301741759
49881,49881,0.640880301741759
49882,49882,0.640880301741759
49883,49883,0.640880301741759
49884,49884,0.677603041136469
49885,49885,0.677614067112694
49886,49886,0.677614067112694
49887,49887,0.625
49888,49888,0.625
49889,49889,0.625
49890,49890,0.625
49891,49891,0.75
49892,49892,0.75
49893,49893,0.75
49894,49894,0.75
49895,49895,0.75
49896,49896,0.75
49897,49897,0.75
49898,49898,0.75
49899,49899,0.75
49900,49900,0.75
49901,49901,0.75
49902,49902,0.75
49903,49903,0.75
49904,49904,0.75
49905,49905,0.75
49906,49906,0.75
49907,49907,0.75
49908,49908,0.75
49909,49909,0.718845391325387
49910,49910,0.718144503766645
49911,49911,0.718012097135225
49912,49912,0.716098456899103
49913,49913,0.713373239633305
49914,49914,0.69900790030658
49915,49915,0.674893846425179
49916,49916,0.639812754000399
49917,49917,0.596608640262643
49918,49918,0.57745237803477
49919,49919,0.548595788481249
49920,49920,0.524666521251697
49921,49921,0.508558537471813
49922,49922,0.464519502678004
49923,49923,0.378584350516589
49924,49924,0.544604819484237
49925,49925,0.561742897792804
49926,49926,0.646102727692799
49927,49927,0.649787857217357
49928,49928,0.848975806403688
49929,49929,0.848542409499412
50224,50224,0.397372013760889
50225,50225,0.395658873816936
50226,50226,0.39574847442674
50227,50227,0.395328510942084
50228,50228,0.395949471589109
50229,50229,0.39564529401559
50230,50230,0.395911897953306
50231,50231,0.402336006771322
50232,50232,0.392669974143995
50296,50296,0.313104268473371
50297,50297,0.363380158900237
50298,50298,0.406233067230253
50607,50607,0.356312890819369
50608,50608,0.371339858027255
50609,50609,0.368958247071683
50610,50610,0.356065507649973
50611,50611,0.349895196819046
50612,50612,0.349964625624749
50613,50613,0.333333333333333
50630,50630,0.748970460551752
50658,50658,0.303476817155846
50939,50939,0.347341999176755
50940,50940,0.348793767703762
50941,50941,0.333766778112314
50944,50944,0.333333333333333
50947,50947,0.498030561357602
50948,50948,0.362895769361638
50949,50949,0.336534389385185
50950,50950,0.336873435449077
50951,50951,0.337177287497684
50952,50952,0.337306402411079
50953,50953,0.337469892114791
50954,50954,0.33899147478297
50955,50955,0.3077915056085
50956,50956,0.306008107545362
50957,50957,0.298462249314972
50958,50958,0.292628598623245
50959,50959,0.289725835881106
50960,50960,0.291003163246123
50961,50961,0.285611024485889
50962,50962,0.280241825991603
50963,50963,0.258939545542358
50977,50977,0.260693211072243
50978,50978,0.258735330025021
50979,50979,0.255858779391895
50981,50981,0.268449200879248
50982,50982,0.265028505113445
50983,50983,0.260611364404648
50984,50984,0.805305634383682
50985,50985,0.805305634383682
50986,50986,0.805168170164913
50987,50987,0.805121876769527
50988,50988,0.805121876769527
50989,50989,0.797447351360136
51004,51004,0.376115113022519
51169,51169,0.389916778032121
51170,51170,0.389728929430409
51171,51171,0.388424315319754
51185,51185,0.412374318683066
51450,51450,0.818717102731701
51451,51451,0.815737270676421
51452,51452,0.815788436507063
51461,51461,0.422861587658364
51473,51473,0.374515772432838
51474,51474,0.376737986133158
51475,51475,0.418935087942094
51525,51525,0.394361396805568
51526,51526,0.412215694036151
51527,51527,0.418520886527433
51528,51528,0.418125900772582
51529,51529,0.419658009215289
51530,51530,0.498301666072048
51531,51531,0.498301666072048
51532,51532,0.498301666072048
51533,51533,0.487037563289545
51534,51534,0.487037563289545
51535,51535,0.487037563289545
51536,51536,0.486372578876142
51537,51537,0.486372578876142
51538,51538,0.486372578876142
51539,51539,0.487037563289545
51540,51540,0.487037563289545
51541,51541,0.487037563289545
51542,51542,0.498301666072048
51643,51643,0.54551196700909
51644,51644,0.558456311185493
51804,51804,0.357908371174333
51805,51805,0.361935768396548
51848,51848,0.465586035585521
51849,51849,0.464890718424264
51850,51850,0.464746143384873
51851,51851,0.460602155087809
51852,51852,0.463333252051321
51853,51853,0.424654834420299
51857,51857,0.813912155401991
51858,51858,0.809134531717772
51859,51859,0.808481850011707
51860,51860,0.804923502543709
51906,51906,0.270035412114808
51907,51907,0.265309097791201
51908,51908,0.258479083129745
51909,51909,0.25842306594554
51910,51910,0.258267526481956
51911,51911,0.258209687135875
51930,51930,0.282912356990322
52010,52010,0.397447489868604
52011,52011,0.399811523616495
52012,52012,0.41203660715048
52013,52013,0.429318832313622
52014,52014,0.438246461357344
52015,52015,0.441537283135164
52016,52016,0.444227893824361
52209,52209,0.303833286526785
52210,52210,0.305534220265811
52211,52211,0.306657567102868
52212,52212,0.284680046562873
52213,52213,0.270687527281719
52214,52214,0.271621797772589
52264,52264,0.25092981933319
52265,52265,0.256968821731337
52266,52266,0.328055216826179
52274,52274,0.387667969910598
52275,52275,0.380160979156879
52276,52276,0.338177148401434
52277,52277,0.335922523010837
52281,52281,0.559412465448019
52282,52282,0.5596564338829
52283,52283,0.55991836326875
52284,52284,0.559978987878094
52285,52285,0.560028421867538
52286,52286,0.560081369107263
52287,52287,0.587539079391304
52288,52288,0.589773388256307
52447,52447,0.317679839420373
52448,52448,0.314889304619091
52491,52491,0.64513399362243
52525,52525,0.748647336579983
52558,52558,0.362138665785331
52559,52559,0.362579473838843
52560,52560,0.365534811250387
52561,52561,0.371829126308194
52562,52562,0.452622067117012
52563,52563,0.800818589478894
52564,52564,0.80026763282598
52568,52568,0.65151736866471
52569,52569,0.64672587754242
52570,52570,0.623495341055713
52590,52590,0.503012679324793
52591,52591,0.390678863752695
52858,52858,0.437171391647955
53065,53065,0.344884922338232
53066,53066,0.344848203195011
53067,53067,0.344770967390103
53068,53068,0.343384595499248
53069,53069,0.334631324285319
53070,53070,0.322662472440964
53085,53085,0.447832137006726
53086,53086,0.454742781926193
53087,53087,0.45186763237299
53088,53088,0.457610814065304
53089,53089,0.457729831733941
53090,53090,0.459819576591061
53124,53124,0.424842372100626
53125,53125,0.416861605266484
53266,53266,0.269696374121953
53267,53267,0.270036526529505
53268,53268,0.270085699721196
53269,53269,0.269855257227093
53307,53307,0.287396477414276
53362,53362,0.302216040908267
53363,53363,0.318385258009688
53364,53364,0.313925360047386
53365,53365,0.315590856283136
53366,53366,0.330660882479943
53367,53367,0.329403292281413
53370,53370,0.309986027704152
53455,53455,0.395833333333333
53456,53456,0.395833333333333
53457,53457,0.333333333333333
53554,53554,0.279467744109961
53555,53555,0.293203827069973
53556,53556,0.301098291193243
53641,53641,0.356968141481046
53655,53655,0.528276492330354
53656,53656,0.504169786989925
53899,53899,0.328227434151634
54091,54091,0.354805232788617
54092,54092,0.354617528045407
54093,54093,0.349477120659449
54094,54094,0.349462816070633
54095,54095,0.349409483308311
54096,54096,0.38737620963896
54121,54121,0.470228187367361
54122,54122,0.467698059591841
54123,54123,0.437137556362098
54124,54124,0.431174880365129
54125,54125,0.399342567029578
54157,54157,0.339459252305541
54158,54158,0.811112015257363
54159,54159,0.825489578292457
54160,54160,0.826445610378511
54338,54338,0.388359475744793
54511,54511,0.283926408114829
54512,54512,0.284177397778862
54513,54513,0.284895052017562
54655,54655,0.306860780483893
54674,54674,0.307299202400696
54675,54675,0.441504257157104
54676,54676,0.386099710536138
54681,54681,0.377921157968156
54682,54682,0.376483407834558
54683,54683,0.37669005510469
54684,54684,0.373658769871856
54685,54685,0.374358651502922
54686,54686,0.377186136378325
54687,54687,0.37902814207963
54688,54688,0.378343291127702
54689,54689,0.340573339761318
54692,54692,0.478816289058568
54734,54734,0.442423268354865
54735,54735,0.44299869779219
54752,54752,0.427631756144958
54753,54753,0.427531271496122
54754,54754,0.398424818163805
54773,54773,0.461312975993056
54774,54774,0.455820308517703
54775,54775,0.455812628602339
54776,54776,0.453711577402382
54777,54777,0.410487554279182
54778,54778,0.416510063091029
54779,54779,0.453722138032303
54780,54780,0.458710664867745
55044,55044,0.55225644353435
55045,55045,0.536331615923004
55046,55046,0.537583498693349
55047,55047,0.537788218426204
55126,55126,0.328196266958752
55127,55127,0.329485086322132
55128,55128,0.331828212586927
55129,55129,0.334500200022502
55130,55130,0.308933016217347
55131,55131,0.312682108826788
55241,55241,0.308392899604239
55242,55242,0.311248658880464
55490,55490,0.477555606790454
55593,55593,0.272255300221253
55594,55594,0.265730589677194
55595,55595,0.349413374829148
55596,55596,0.352212374623863
55597,55597,0.353684958617663
55598,55598,0.357042571750771
55599,55599,0.357269552385513
55666,55666,0.745827100141305
55667,55667,0.744374523503595
55668,55668,0.754458363594098
55823,55823,0.327208645146179
56330,56330,0.269591497073686
56331,56331,0.273580478578062
56332,56332,0.272129788690003
56333,56333,0.276495146860085
56340,56340,0.298770819552548
56341,56341,0.298730323752069
56342,56342,0.298610768905225
56343,56343,0.266001979733035
56352,56352,0.395816131323918
56353,56353,0.395804994471971
56354,56354,0.333333333333333
56355,56355,0.297673534029682
56356,56356,0.292949957857132
56357,56357,0.260677004772561
56359,56359,0.756896264885344
56375,56375,0.432112025626581
56376,56376,0.320346198955949
56377,56377,0.309916094911128
56378,56378,0.282593099915793
56379,56379,0.31694707730016
56386,56386,0.301453900888723
56387,56387,0.294183702516441
56388,56388,0.289862796050656
56389,56389,0.297157965331542
56390,56390,0.347869034326455
56391,56391,0.404577566442934
56413,56413,0.743886783788166
56414,56414,0.743886783788166
56415,56415,0.743886783788166
56416,56416,0.738337060081648
56417,56417,0.434900780312194
56651,56651,0.457351493251542
56727,56727,0.461156727419107
56728,56728,0.51254966696619
56936,56936,0.510144280015215
56937,56937,0.501735809468982
56938,56938,0.495566067595122
57028,57028,0.390225740606736
57200,57200,0.743950633507373
57201,57201,0.746789956171412
57202,57202,0.871309992400281
57203,57203,0.874503596923229
57214,57214,0.275005859698555
57246,57246,0.342450313165473
57247,57247,0.353554628874099
57248,57248,0.329841827004867
57249,57249,0.331807393618866
57250,57250,0.33002431329558
57251,57251,0.32971704306668
57252,57252,0.330585214282872
57253,57253,0.327257639049497
57254,57254,0.329024560131859
57255,57255,0.331586448043985
57262,57262,0.339706837567313
57678,57678,0.3196324159222
57693,57693,0.398727389007362
57694,57694,0.388895743180009
57695,57695,0.380831001284349
57696,57696,0.380645855595517
57697,57697,0.372953800049584
57737,57737,0.330961119304558
57738,57738,0.32617275339049
57739,57739,0.323039080652697
57740,57740,0.386988791362222
57779,57779,0.418722799434359
57780,57780,0.410455594153847
57795,57795,0.314858045593234
57796,57796,0.31463441195172
57797,57797,0.314447953805416
57798,57798,0.314238994444188
57799,57799,0.313009802830703
57800,57800,0.311859747862201
57801,57801,0.311699007909181
57885,57885,0.327885283100554
57886,57886,0.325046965354767
57887,57887,0.310529182063413
57888,57888,0.31901614918146
57889,57889,0.328599660246332
57904,57904,0.521561289414092
57905,57905,0.518708929187522
57906,57906,0.466990187106398
57907,57907,0.467116629792634
57908,57908,0.461399468402455
58029,58029,0.66652190799526
58036,58036,0.746904740666401
58037,58037,0.465957813456102
58038,58038,0.455078525027534
58041,58041,0.369351429017946
58101,58101,0.497066270633802
58102,58102,0.494891216229059
58103,58103,0.494466883135324
58104,58104,0.493754725235945
58105,58105,0.431082554015908
58106,58106,0.433555398663406
58115,58115,0.444416831387598
58116,58116,0.416443378018707
58117,58117,0.406979827730152
58121,58121,0.461466716447216
58131,58131,0.761795168391602
58132,58132,0.753908900749222
58163,58163,0.355043687020353
58164,58164,0.346342526328025
58165,58165,0.34639791986116
58166,58166,0.379345340889929
58501,58501,0.387932903524503
58502,58502,0.424460391414265
58504,58504,0.36736110597278
58505,58505,0.408381371697676
58506,58506,0.406354259928963
58531,58531,0.333333333333333
58552,58552,0.729772365814276
58553,58553,0.729872699135424
58554,58554,0.729872699135424
58580,58580,0.412238455228762
58632,58632,0.526890467229601
58672,58672,0.476045165760883
58693,58693,0.501558650533099
58694,58694,0.497397713170588
58695,58695,0.389236206398758
58703,58703,0.341094385070369
58837,58837,0.28760114386517
58838,58838,0.287514625058911
58914,58914,0.52812965224985
58915,58915,0.45077239905224
58998,58998,0.378259872533858
58999,58999,0.846864407632423
59000,59000,0.665202249074632
59001,59001,0.39543386925809
59002,59002,0.333333333333333
59003,59003,0.380775041333779
59025,59025,0.272724091478105
59030,59030,0.274549529257042
59032,59032,0.27720010878624
59059,59059,0.494192176277509
59060,59060,0.452985755279987
59061,59061,0.439852470239473
59062,59062,0.435725572852774
59063,59063,0.435348763249376
59064,59064,0.399284292560493
59245,59245,0.266478813123244
59246,59246,0.266175757065818
59265,59265,0.411324627009663
59266,59266,0.407376781278364
59267,59267,0.398726767702559
59268,59268,0.398720524272972
59317,59317,0.376723499383505
59397,59397,0.815620634026938
59745,59745,0.5625
59746,59746,0.5625
59747,59747,0.5625
59748,59748,0.5625
59749,59749,0.5625
59823,59823,0.309659119222735
59824,59824,0.309545494364203
59825,59825,0.3094872466218
59826,59826,0.275666823747532
59828,59828,0.39915908710283
59829,59829,0.363893389364734
59953,59953,0.278881361104768
59954,59954,0.278474606785104
60000,60000,0.300751097108758
60001,60001,0.292657134198918
60002,60002,0.281491789719836
60190,60190,0.256531820674667
60191,60191,0.27134947532623
60192,60192,0.255179218309917
60201,60201,0.640488789318052
60560,60560,0.581989102110485
60649,60649,0.339956738244038
60650,60650,0.255567504881896
60651,60651,0.26656447506006
60652,60652,0.326882291165137
60653,60653,0.322395657238532
60654,60654,0.324808565959413
60710,60710,0.467077030929898
60711,60711,0.848188575689125
60712,60712,0.590784005697689
60713,60713,0.595967582803769
60714,60714,0.614316488308587
60715,60715,0.624597356355536
60716,60716,0.867803405167812
60717,60717,0.864844817250583
60745,60745,0.740730813177891
60746,60746,0.735274845637681
60747,60747,0.734933780991093
60748,60748,0.734691545384077
60749,60749,0.734691545384077
60750,60750,0.729241410130444
60751,60751,0.65556721520487
60823,60823,0.284823146526999
60825,60825,0.365519091269532
60826,60826,0.329855758424158
60827,60827,0.34765434852103
60834,60834,0.531572478376851
60835,60835,0.520877652761714
60862,60862,0.414452857281074
60863,60863,0.418998271843972
60864,60864,0.418972778191463
60865,60865,0.41895433031441
60866,60866,0.417956444182683
60867,60867,0.413965138698464
60889,60889,0.384793438386202
60890,60890,0.384762961752902
60891,60891,0.369034785301649
61142,61142,0.417298091242369
61199,61199,0.489414442742613
61200,61200,0.547073729681216
61208,61208,0.423452073140441
61209,61209,0.434597851840924
61210,61210,0.435067205951784
61211,61211,0.436001549811306
61328,61328,0.375427260844547
61329,61329,0.328822740646547
61421,61421,0.258488658215799
61422,61422,0.293776908808438
61765,61765,0.412479365178183
61766,61766,0.412479365178183
61767,61767,0.412479365178183
61768,61768,0.412479365178183
61769,61769,0.395833333333333
61770,61770,0.395833333333333
61933,61933,0.332060795030849
61934,61934,0.320913700684825
61935,61935,0.333633172298241
61936,61936,0.310253377048925
61937,61937,0.297584090280057
61950,61950,0.297833020854069
61951,61951,0.305010106065268
61959,61959,0.260981982950501
61960,61960,0.28029215952328
61961,61961,0.27690355145121
61962,61962,0.272770800936557
61963,61963,0.261080861771645
62196,62196,0.55119043628038
62197,62197,0.551691729022343
62198,62198,0.552919115254422
62199,62199,0.563037587420646
62200,62200,0.572080893250585
62201,62201,0.59236614387725
62202,62202,0.605889563777527
62203,62203,0.40899839627321
62204,62204,0.421381332066984
62205,62205,0.429378812826808
62206,62206,0.441345915781574
62207,62207,0.36349136152992
62208,62208,0.374261829471788
62209,62209,0.383117045416806
62210,62210,0.397836717830286
62211,62211,0.398529341157065
62212,62212,0.528305932417467
62213,62213,0.500606717358174
62214,62214,0.465988773809015
62215,62215,0.457585629368042
62216,62216,0.424494693490246
62217,62217,0.352311415165605
62218,62218,0.349175832832124
62352,62352,0.519916226027484
62353,62353,0.54334039717944
62391,62391,0.294787889244589
62392,62392,0.295161569852327
62393,62393,0.286200914552323
62676,62676,0.352381330600111
62815,62815,0.442695468969142
62816,62816,0.461148945303385
62887,62887,0.583142642274925
62934,62934,0.253494527943613
62935,62935,0.270292141429433
62936,62936,0.298998662912929
62937,62937,0.302148057625229
62938,62938,0.276509133580221
62941,62941,0.253305385322927
62942,62942,0.415209011885544
62943,62943,0.440195256631121
62944,62944,0.428332674088236
62978,62978,0.395833333333333
63115,63115,0.743860676047727
63116,63116,0.729512828874284
63117,63117,0.713137023287476
63211,63211,0.255918231664423
63212,63212,0.258669947382491
63214,63214,0.424824544931074
63300,63300,0.39221706222494
63301,63301,0.401489175851914
63302,63302,0.415304979325497
63303,63303,0.413457095277888
63304,63304,0.383700657396583
63305,63305,0.372466034426112
63306,63306,0.362736934181936
63317,63317,0.428026808106343
63318,63318,0.434687269410091
63319,63319,0.434660383009012
63320,63320,0.43470050612244
63321,63321,0.434804667052583
63322,63322,0.434112896194271
63606,63606,0.5625
63607,63607,0.5625
63608,63608,0.5
63619,63619,0.30661047128635
64003,64003,0.304611922881496
64018,64018,0.671560357639373
64019,64019,0.734060357639373
64020,64020,0.734167182510972
64021,64021,0.295195094705826
64022,64022,0.298099577562312
64132,64132,0.764160543361786
64133,64133,0.762378553415719
64134,64134,0.753548646174343
64135,64135,0.749668699950335
64136,64136,0.627254684639296
64181,64181,0.416666666666667
64182,64182,0.416666666666667
64183,64183,0.416666666666667
64184,64184,0.416666666666667
64185,64185,0.416666666666667
64186,64186,0.416666666666667
64187,64187,0.416666666666667
64188,64188,0.583333333333333
64336,64336,0.283096437419617
64380,64380,0.391489638626872
64381,64381,0.558226618709979
64382,64382,0.558291086591344
64383,64383,0.558512362989652
64398,64398,0.361392964954412
64522,64522,0.368057681654355
64523,64523,0.370212753170884
64524,64524,0.382014119859161
64525,64525,0.382290208520441
64526,64526,0.384741272696778
64529,64529,0.265856059516676
64530,64530,0.298363864818393
64531,64531,0.299252126737258
64532,64532,0.299099889804732
64609,64609,0.473203657435837
64610,64610,0.407716742415824
64611,64611,0.439492953958716
64612,64612,0.430260249811282
64613,64613,0.430151081971398
64614,64614,0.430271248059618
64615,64615,0.445505726554366
64616,64616,0.436116564753561
64617,64617,0.43737931134411
64618,64618,0.455610658948747
64619,64619,0.462440087636579
64620,64620,0.467476314748682
64621,64621,0.468515956531009
64622,64622,0.478763419798893
64630,64630,0.313194320367224
64631,64631,0.31315416656289
64632,64632,0.313057983478451
64633,64633,0.31304118756533
64634,64634,0.270786894988511
64635,64635,0.575393268962459
64740,64740,0.395833333333333
64741,64741,0.395833333333333
64742,64742,0.395833333333333
64743,64743,0.395833333333333
64744,64744,0.395833333333333
64745,64745,0.286529040795548
64746,64746,0.285402522489136
64747,64747,0.284916121607114
64775,64775,0.433021994281076
64776,64776,0.399246838572093
64777,64777,0.401899261874893
64778,64778,0.323672653793819
64793,64793,0.26136175271323
64794,64794,0.265151197608085
64795,64795,0.453543499192504
64796,64796,0.449168060187938
64797,64797,0.441780384162355
64940,64940,0.276149201326642
64943,64943,0.406705304089347
64944,64944,0.406254593469824
64945,64945,0.403732282569424
64946,64946,0.403660260010689
64952,64952,0.395833333333333
64953,64953,0.395833333333333
64954,64954,0.333333333333333
64988,64988,0.288305181676181
64995,64995,0.284911218364654
64996,64996,0.301668705098805
64998,64998,0.488607472860002
64999,64999,0.499458004807581
65000,65000,0.392978577521095
65001,65001,0.73622198081553
65065,65065,0.264111294228931
65086,65086,0.303934931182341
65087,65087,0.303903231243617
65088,65088,0.303878321040348
65089,65089,0.303854876473476
65090,65090,0.303818266439223
65091,65091,0.303679065327751
65092,65092,0.30356729939143
65149,65149,0.371135052831124
65150,65150,0.433635052831124
65151,65151,0.425759694602417
65152,65152,0.425759694602417
65153,65153,0.433635052831124
65231,65231,0.461736662526166
65232,65232,0.365101296984428
65233,65233,0.367867086038935
65234,65234,0.373418707524381
65247,65247,0.290617937137016
65250,65250,0.816375348195066
65251,65251,0.817760480695144
65252,65252,0.817760480695144
65253,65253,0.818542841250603
65316,65316,0.341797068341229
65317,65317,0.330040123604798
65318,65318,0.38386283534988
65319,65319,0.36293012877481
65320,65320,0.362673671413773
65321,65321,0.30127754872521
65322,65322,0.306204853758562
65323,65323,0.266632273904186
65468,65468,0.350475000402976
65469,65469,0.280833726006916
65470,65470,0.281994073082602
65486,65486,0.272587908339637
65487,65487,0.253550798819396
65507,65507,0.274179013377438
65508,65508,0.274190943863806
65521,65521,0.312003975352383
65522,65522,0.309230246626605
65523,65523,0.305765420781461
65524,65524,0.521045627483409
65678,65678,0.285552734660206
65679,65679,0.302803225749061
65705,65705,0.396091843871059
65763,65763,0.5625
65764,65764,0.5625
65765,65765,0.5625
65766,65766,0.5625
65767,65767,0.292785654761738
65768,65768,0.290277904817722
65769,65769,0.287951262293691
65770,65770,0.278605686082171
65795,65795,0.327958414755387
65796,65796,0.320163007781713
65797,65797,0.319722609824688
65821,65821,0.345199219193883
65823,65823,0.388051150355692
65824,65824,0.288458133039509
65843,65843,0.516276625150638
65844,65844,0.519341890012306
66075,66075,0.286373317359904
66076,66076,0.281038149269596
66113,66113,0.446172565854086
66114,66114,0.44192475733062
66115,66115,0.265935569702932
66116,66116,0.265108258649613
66117,66117,0.259031915474372
66120,66120,0.252555060928506
66147,66147,0.558688795390972
66148,66148,0.558615161710685
66149,66149,0.558494364802047
66195,66195,0.315152556420143
66196,66196,0.279109769279451
66235,66235,0.299252653773993
66236,66236,0.299349978349758
66237,66237,0.293857053377005
66238,66238,0.29324440470663
66239,66239,0.298837879073598
66240,66240,0.292019079055071
66241,66241,0.292049176854492
66242,66242,0.296495486601069
66243,66243,0.337938027474638
66244,66244,0.337927629539425
66245,66245,0.325120027457039
66406,66406,0.384809410022035
66407,66407,0.38412473201974
66428,66428,0.437251944950188
66460,66460,0.252480561828587
66473,66473,0.30175759176643
66474,66474,0.308162978682922
66481,66481,0.259165383895655
66502,66502,0.416179513648574
66503,66503,0.416179513648574
66504,66504,0.416179513648574
66505,66505,0.416179513648574
66506,66506,0.416135188143787
66507,66507,0.416135188143787
66508,66508,0.416135188143787
66509,66509,0.416135188143787
66510,66510,0.353517560914421
66720,66720,0.298630333609346
66721,66721,0.298528032971937
66722,66722,0.292901566072699
66723,66723,0.294090956767704
66766,66766,0.257596104443621
66767,66767,0.257186874688114
66768,66768,0.261699569326995
66871,66871,0.5
66916,66916,0.445323195238484
66917,66917,0.464685655220688
66918,66918,0.508214181630278
66919,66919,0.508214181630278
66920,66920,0.504559571399541
66921,66921,0.512746843853217
66922,66922,0.513118200981118
66923,66923,0.513118200981118
66924,66924,0.51465913958731
66925,66925,0.512555819103112
66932,66932,0.456797949686469
66933,66933,0.44987008869278
66934,66934,0.44929904082746
66935,66935,0.443625239702854
66936,66936,0.435652340402664
66937,66937,0.330916215843446
66955,66955,0.445323195238484
66956,66956,0.445323195238484
67024,67024,0.327002363926141
67070,67070,0.276718631438791
67071,67071,0.276678862155524
67072,67072,0.276487213851127
67167,67167,0.358949105741266
67168,67168,0.357093165155294
67249,67249,0.333821057373552
67250,67250,0.361674440794543
67251,67251,0.426756770259845
67252,67252,0.314924649582829
67254,67254,0.256169308028805
67255,67255,0.256116480113582
67256,67256,0.256094621010459
67257,67257,0.256048857037752
67263,67263,0.354609757087661
67264,67264,0.353062364010536
67265,67265,0.269273622323737
67306,67306,0.34882912542226
67826,67826,0.470115572822769
67827,67827,0.471695310642644
67828,67828,0.467930527780125
67898,67898,0.312428174954467
67899,67899,0.298394462699054
67900,67900,0.333724438746942
67901,67901,0.324003968656474
67902,67902,0.326977797379689
67903,67903,0.325056185042212
68037,68037,0.756040219294741
68042,68042,0.440030487647301
68102,68102,0.57423500955995
68103,68103,0.573517035800194
68104,68104,0.573198449004626
68105,68105,0.572734791545074
68106,68106,0.571956952776457
68107,68107,0.571217014605227
68108,68108,0.568935413908072
68109,68109,0.56844864732246
68110,68110,0.567652988323829
68111,68111,0.56322476584231
68112,68112,0.562809135718735
68113,68113,0.562464063279161
68114,68114,0.344239092987846
68115,68115,0.344289982634933
68116,68116,0.342775794476856
68117,68117,0.341814797046359
68118,68118,0.34228902792303
68383,68383,0.748986521245508
68384,68384,0.686220595294389
68385,68385,0.606348010434218
68411,68411,0.625
68412,68412,0.625
68413,68413,0.625
68414,68414,0.625
68415,68415,0.625
68416,68416,0.625
68417,68417,0.625
68418,68418,0.625
68419,68419,0.625
68420,68420,0.625
68421,68421,0.625
68450,68450,0.297436310450289
68451,68451,0.297327972009205
68452,68452,0.297039932321057
68453,68453,0.296906946696244
68454,68454,0.296794565242129
68455,68455,0.292640234753084
68456,68456,0.292465985979557
68457,68457,0.256614684612372
68458,68458,0.297891880215215
68461,68461,0.295081007894764
68462,68462,0.353659219126347
68463,68463,0.352847967993192
68464,68464,0.352351714983331
68465,68465,0.312002751745475
68466,68466,0.3101770473605
68467,68467,0.306418980176283
68468,68468,0.305855222112283
68469,68469,0.300595279076615
68470,68470,0.391990810458189
68471,68471,0.391843979923941
68481,68481,0.340784950764866
68482,68482,0.363300017329712
68483,68483,0.36335807507554
68484,68484,0.363361914981575
68485,68485,0.362311221356348
68486,68486,0.362315543242838
68487,68487,0.348768661295067
68488,68488,0.347435517805218
68489,68489,0.347241989608287
68490,68490,0.350265496061623
68526,68526,0.351256785261932
68527,68527,0.351649949611101
68528,68528,0.351697149003637
68529,68529,0.350620171297236
68532,68532,0.5625
68840,68840,0.349507358789758
68841,68841,0.333766778112314
68882,68882,0.723860971402125
68883,68883,0.716066034922242
68884,68884,0.714202848855028
68885,68885,0.71281419666127
68886,68886,0.710222068331496
68887,68887,0.594489319802793
69120,69120,0.285695803633605
69121,69121,0.27013022001607
69122,69122,0.275660980858983
69123,69123,0.298223292118294
69184,69184,0.692384331531217
69190,69190,0.469421948841033
69194,69194,0.391388099918549
69205,69205,0.266879106092437
69207,69207,0.804610666712377
69208,69208,0.776830775590052
69209,69209,0.714330775590052
69399,69399,0.289124952329336
69400,69400,0.257331404237265
69471,69471,0.283738384955701
69522,69522,0.313969849649816
69523,69523,0.314632610922237
69524,69524,0.323101487568741
69525,69525,0.395833333333333
69546,69546,0.282313228072451
69547,69547,0.275587653934021
69878,69878,0.25976505992796
70047,70047,0.332400223834688
70083,70083,0.357899481016544
70084,70084,0.358046090304584
70085,70085,0.357752834419047
70134,70134,0.351789505649238
70135,70135,0.31124294168617
70136,70136,0.311210743322762
70137,70137,0.311185450137058
70426,70426,0.328088829351801
70427,70427,0.317529190400744
70428,70428,0.307692156935864
70429,70429,0.303951486147758
70521,70521,0.353711005662811
70522,70522,0.352993843341907
70538,70538,0.495648733432271
70539,70539,0.5304115171164
70540,70540,0.534051669360494
70543,70543,0.380692041535573
70544,70544,0.388770214791276
70545,70545,0.370870498247758
70716,70716,0.51756537429775
70717,70717,0.51118149375259
70773,70773,0.352510734608764
70774,70774,0.349954392649222
70779,70779,0.25991176512294
70780,70780,0.261256259686453
70781,70781,0.258101335829362
70782,70782,0.250106088713888
70811,70811,0.276211622746022
70813,70813,0.826660543361786
70814,70814,0.829331005466971
70815,70815,0.837421770976616
70817,70817,0.442333756755602
70818,70818,0.443956275712064
70963,70963,0.694152005908636
70996,70996,0.508492420422447
70997,70997,0.264807418309742
70999,70999,0.27634353328532
71003,71003,0.755055397637916
71121,71121,0.68788308677984
71182,71182,0.288324271752044
71183,71183,0.332990710407467
71184,71184,0.332994435014084
71185,71185,0.333021211371171
71186,71186,0.333055698339212
71189,71189,0.332504151849687
71190,71190,0.347458983322117
71191,71191,0.362457468089044
71192,71192,0.360146894848161
71193,71193,0.360173533841705
71196,71196,0.309525926401976
71197,71197,0.301984624980379
71198,71198,0.300143194556129
71199,71199,0.299430780882441
71227,71227,0.398441554636255
71228,71228,0.406160828951356
71229,71229,0.411981086891872
71230,71230,0.469559981017733
71231,71231,0.460800305855235
71232,71232,0.457717305849872
71292,71292,0.311258124507139
71371,71371,0.734060357639373
71372,71372,0.734060357639373
71373,71373,0.734060357639373
71472,71472,0.286760806833312
71473,71473,0.286372201377215
71474,71474,0.278840690485796
71475,71475,0.28395360524762
71685,71685,0.618784917189064
71686,71686,0.542238346361699
71687,71687,0.542130599641551
71688,71688,0.551793900198812
71689,71689,0.551795600566862
71718,71718,0.402100177041213
71797,71797,0.440295239669401
71798,71798,0.432140076484509
71799,71799,0.449548020846371
71800,71800,0.421744988527836
71801,71801,0.420699401015144
71802,71802,0.280087361136203
71803,71803,0.285329096099414
71804,71804,0.285220387123624
71805,71805,0.28882041489719
71820,71820,0.421871600632703
72033,72033,0.41631594746779
72034,72034,0.418164175103576
72035,72035,0.418031917288932
72153,72153,0.566615390029574
72154,72154,0.526432796085815
72155,72155,0.53225745688668
72295,72295,0.784741236194925
72296,72296,0.831826583981085
72357,72357,0.346507681607302
72358,72358,0.346706518615848
72359,72359,0.346669582000019
72360,72360,0.346750638553054
72361,72361,0.343499798513063
72362,72362,0.345510212505087
72367,72367,0.35432378343953
72368,72368,0.333460084246138
72419,72419,0.448260343785042
72420,72420,0.454132013987527
72430,72430,0.431243551222254
72431,72431,0.436250247214648
72432,72432,0.446194096789973
72433,72433,0.743623621724041
72648,72648,0.349468183510997
72649,72649,0.352564271038933
72725,72725,0.29560690604658
72726,72726,0.317693800634779
72727,72727,0.330673340339489
72728,72728,0.327980947002916
72736,72736,0.748537319455506
72742,72742,0.630627682826766
72743,72743,0.630617884712034
72744,72744,0.567255638834118
72745,72745,0.567247228826868
72746,72746,0.56723459417158
72747,72747,0.567224962688705
72748,72748,0.567192230858768
72749,72749,0.562156333950679
72750,72750,0.562142718402404
72751,72751,0.562121166488715
72752,72752,0.562108480718114
72753,72753,0.562089609486852
72754,72754,0.562056397172005
72755,72755,0.562032580483552
72756,72756,0.562010873557294
72757,72757,0.5
73008,73008,0.366010584900721
73288,73288,0.283419282015376
73289,73289,0.270792663710383
73295,73295,0.343379010057039
73296,73296,0.340993608344342
73314,73314,0.309067014857533
73315,73315,0.308874803582377
73316,73316,0.308925038988001
73317,73317,0.308233493304715
73318,73318,0.307692263782817
73326,73326,0.549529818635339
73327,73327,0.682625140238062
73328,73328,0.668093863384963
73332,73332,0.379103770255853
73333,73333,0.332685863466194
73334,73334,0.26341812993266
73335,73335,0.263073034664431
73336,73336,0.259720078874076
73337,73337,0.25253056189981
73542,73542,0.332372627916987
73543,73543,0.353938991896477
73544,73544,0.356398201077693
73545,73545,0.396695165224471
73546,73546,0.769674469803088
73547,73547,0.769674469803088
73548,73548,0.697477289895531
73549,73549,0.697477289895531
73550,73550,0.697477289895531
73551,73551,0.634977289895531
73552,73552,0.634977289895531
73553,73553,0.34329381413536
73554,73554,0.363050490303501
73555,73555,0.363105432121036
73556,73556,0.363121978159323
73557,73557,0.362079444964457
73558,73558,0.697477289895531
73559,73559,0.77095057004946
73560,73560,0.780532499689573
73561,73561,0.791211730901855
73562,73562,0.791211730901855
73567,73567,0.349984437869079
73568,73568,0.339704542449026
73590,73590,0.31803290965061
73607,73607,0.760339098102183
73608,73608,0.697167631392373
73615,73615,0.572221337777273
73616,73616,0.572221337777273
73617,73617,0.56600160111642
73618,73618,0.572420438723086
73628,73628,0.473703576810896
73898,73898,0.410066683212835
74073,74073,0.274116869688204
74074,74074,0.29231113680745
74075,74075,0.585161688734154
74076,74076,0.521135063597058
74077,74077,0.301998301520061
74078,74078,0.289726168117305
74224,74224,0.474344794913711
74225,74225,0.50817665233908
74281,74281,0.336352834770193
74282,74282,0.338190140211906
74283,74283,0.338632201453752
74284,74284,0.511368539967734
74327,74327,0.339303126340238
74328,74328,0.339931282045274
74331,74331,0.300419726083363
74360,74360,0.418736932380681
74868,74868,0.31253587218164
74869,74869,0.272500185543262
74883,74883,0.287850534465052
74884,74884,0.282937243473459
74885,74885,0.283531436754034
74886,74886,0.284778863375724
74887,74887,0.294521854392285
74888,74888,0.305063341850894
74889,74889,0.305657041853131
74890,74890,0.312581375469473
74891,74891,0.262609731473668
74892,74892,0.288681708469619
74893,74893,0.288817716871216
74894,74894,0.288836983474789
74895,74895,0.294009315412157
75195,75195,0.655646770558377
75458,75458,0.353886552790237
75459,75459,0.35648632304564
75460,75460,0.35732662264987
75461,75461,0.280832424785528
75462,75462,0.306963028730338
75463,75463,0.328741183829636
75464,75464,0.345661125394797
75465,75465,0.343666352065767
75472,75472,0.374502587362505
75473,75473,0.323553101040324
75694,75694,0.268928463859782
75695,75695,0.28228475208526
75781,75781,0.370340849341703
75865,75865,0.376596832931628
75866,75866,0.377448437126615
75867,75867,0.378755029084011
75868,75868,0.383094100855851
75869,75869,0.383376188818193
75870,75870,0.387156819115851
75882,75882,0.759465862535819
75887,75887,0.382310212011447
75888,75888,0.377191528784881
75889,75889,0.376500308235391
75901,75901,0.625
75923,75923,0.579673504454865
75924,75924,0.566118634999804
75927,75927,0.423256127748088
75928,75928,0.418197630571416
75929,75929,0.37322571563048
75930,75930,0.375121059168566
75950,75950,0.334549585690534
76256,76256,0.40650377284113
76257,76257,0.412203278549716
76258,76258,0.424327126339562
76259,76259,0.52893504977673
76260,76260,0.530913738408751
76261,76261,0.530913738408751
76262,76262,0.726316863092605
76373,76373,0.484102967994308
76397,76397,0.295249122970318
76647,76647,0.714714870628039
76886,76886,0.261459321994545
77007,77007,0.489126726475296
77008,77008,0.489953465793396
77009,77009,0.488390521643691
77010,77010,0.443048269710894
77011,77011,0.423610106241275
77012,77012,0.393154747076825
77013,77013,0.372388365601567
77014,77014,0.403247252339218
77015,77015,0.409479161246957
77016,77016,0.398916285773989
77017,77017,0.409668598837282
77018,77018,0.370291700823968
77019,77019,0.768273388231329
77020,77020,0.334008946095756
77030,77030,0.290098334901804
77032,77032,0.325412490525615
77109,77109,0.320331477372718
77110,77110,0.320200493113411
77111,77111,0.322862264828168
77112,77112,0.284165258686245
77124,77124,0.395833333333333
77161,77161,0.258098810087286
77360,77360,0.425299984966622
77361,77361,0.421503703611423
77362,77362,0.418010547760901
77363,77363,0.417985351750096
77364,77364,0.386490332674292
77410,77410,0.344578524193603
77411,77411,0.345406469126106
77412,77412,0.346915901595254
77413,77413,0.345867448599654
77414,77414,0.347360604239117
77492,77492,0.331026936541532
77493,77493,0.336412996438798
77506,77506,0.674138653922474
77507,77507,0.56229028910998
77608,77608,0.573375123923142
77609,77609,0.58670695931219
77610,77610,0.559608963318297
77611,77611,0.61047665800731
77612,77612,0.554190997220931
77613,77613,0.584433994640016
77614,77614,0.565477706578584
77615,77615,0.565298645227263
77618,77618,0.817781479484681
77619,77619,0.632577142077891
77620,77620,0.700983014853773
77621,77621,0.700987282595681
77622,77622,0.713137023287476
77623,77623,0.72538190163127
77624,77624,0.654934450571024
77625,77625,0.653408460401011
77651,77651,0.373920185768546
77652,77652,0.364423232663258
77654,77654,0.272845367110073
77870,77870,0.756874428202636
77871,77871,0.273480686428838
78036,78036,0.562150884760626
78037,78037,0.562114566930828
78038,78038,0.562091150583971
78039,78039,0.562068341970565
78040,78040,0.5
78054,78054,0.537959312823489
78055,78055,0.548320988754949
78056,78056,0.548269526042169
78057,78057,0.548216496785127
78058,78058,0.546941350260442
78059,78059,0.508072956101472
78062,78062,0.399238905504684
78063,78063,0.398938156728886
78064,78064,0.388530847387489
78065,78065,0.388471027551818
78066,78066,0.388261606334061
78067,78067,0.381834603256334
78068,78068,0.381675117747845
78069,78069,0.381626590530225
78070,78070,0.380086227003571
78071,78071,0.380703768009507
78175,78175,0.423883408247653
78176,78176,0.417038164586403
78177,78177,0.431899847738893
78178,78178,0.437670718497362
78314,78314,0.395833333333333
78315,78315,0.395833333333333
78316,78316,0.395833333333333
78317,78317,0.395824163361565
78318,78318,0.395818482496032
78319,78319,0.395813579216328
78320,78320,0.333333333333333
78445,78445,0.889411800315606
78446,78446,0.8899437222231
78447,78447,0.889454558927933
78517,78517,0.316042045769892
78518,78518,0.302538454087499
78519,78519,0.369359086757567
78520,78520,0.404054908019433
78521,78521,0.419792784232907
78522,78522,0.422842389861043
78523,78523,0.42333152434568
78524,78524,0.428279848771893
78525,78525,0.436750099205743
78526,78526,0.472660281682314
78527,78527,0.47268740201382
78528,78528,0.474037544378173
78529,78529,0.324329702770132
78530,78530,0.324163225548086
78531,78531,0.323995821873891
78532,78532,0.382485367349812
78533,78533,0.328860226932827
78664,78664,0.508158617341515
78668,78668,0.439951271635744
78691,78691,0.371949101688169
78692,78692,0.421668972328634
78693,78693,0.466793064236945
78694,78694,0.522525368239354
78695,78695,0.487331809589169
78696,78696,0.504903595904015
78744,78744,0.473306316628174
78745,78745,0.311865888770375
78746,78746,0.334541909774564
78747,78747,0.31777938017323
78748,78748,0.550303473182501
78798,78798,0.576565795153649
78935,78935,0.303299700134706
78936,78936,0.30274626935288
78937,78937,0.302676362198883
78938,78938,0.264997537618625
78939,78939,0.258116463100069
78940,78940,0.257844746644566
78941,78941,0.257783822368103
78942,78942,0.257742396813179
78943,78943,0.257603080853259
78944,78944,0.257486223023341
78945,78945,0.251668358640308
78946,78946,0.251565682785883
78952,78952,0.741294654490416
78956,78956,0.301313781728509
78957,78957,0.301074054911104
78958,78958,0.300853248423558
78959,78959,0.299469123851713
78960,78960,0.264556327049794
78961,78961,0.266257007321903
78962,78962,0.301049267854151
78994,78994,0.362089790020138
78995,78995,0.362497944015166
78996,78996,0.366732152174049
78997,78997,0.366448373559596
79018,79018,0.830181844151549
79019,79019,0.359469251915763
79256,79256,0.370143349380801
79257,79257,0.344469081113529
79308,79308,0.363876883712977
79309,79309,0.363793376270514
79310,79310,0.363827831756265
79369,79369,0.464904757247687
79567,79567,0.522467057550504
79568,79568,0.522503084032036
79569,79569,0.350232648188822
79570,79570,0.346615803477717
79571,79571,0.3449147463764
79604,79604,0.343122480233483
79605,79605,0.31636780556363
79606,79606,0.329035318500761
79607,79607,0.32704303889085
79608,79608,0.379232106070502
79626,79626,0.896264960335703
79627,79627,0.359796398540978
79628,79628,0.266223513651287
79629,79629,0.259957560849902
79638,79638,0.641640561808752
79639,79639,0.642696805225991
79640,79640,0.642696805225991
79652,79652,0.306725536968177
79656,79656,0.272985433925549
79983,79983,0.308835005812521
79984,79984,0.308729068542675
79985,79985,0.31181991874811
79986,79986,0.30263523086138
79987,79987,0.301789227777263
79988,79988,0.301757155167775
79989,79989,0.301722643627643
80004,80004,0.66362180602123
80350,80350,0.257871212600188
80351,80351,0.257904633369974
80352,80352,0.25794127259575
80732,80732,0.254184180784607
80733,80733,0.262585225428442
80734,80734,0.266908680545211
80735,80735,0.266287011837276
81114,81114,0.274050857084546
81115,81115,0.270884196760768
81116,81116,0.268838004594503
81117,81117,0.271476814507209
81194,81194,0.462469858499337
81195,81195,0.460123248642817
81196,81196,0.460657570682177
81197,81197,0.461048229733617
81198,81198,0.409808292856421
81201,81201,0.395556199954341
81202,81202,0.395548118766657
81203,81203,0.395526627112559
81204,81204,0.395514006335923
81205,81205,0.395417912621759
81206,81206,0.395399612775315
81207,81207,0.395391131726641
81208,81208,0.333333333333333
81209,81209,0.395833333333333
81210,81210,0.395833333333333
81211,81211,0.395833333333333
81212,81212,0.395833333333333
81213,81213,0.395789524436755
81214,81214,0.395764294385642
81215,81215,0.39570786496966
81216,81216,0.395600220343439
81394,81394,0.683712794561928
81425,81425,0.401874568037874
81428,81428,0.298059968393627
81455,81455,0.420195581274376
81456,81456,0.419436406019592
81457,81457,0.41153094432482
81458,81458,0.35441522103948
81459,81459,0.353006260046437
81460,81460,0.345978098756743
81461,81461,0.345838961396241
81462,81462,0.345542144406401
81463,81463,0.345336706576542
81464,81464,0.345102146905854
81517,81517,0.785377261226231
81518,81518,0.785761936102243
81519,81519,0.785761936102243
81520,81520,0.78576119630678
81562,81562,0.261568792038884
81563,81563,0.269279845905505
81582,81582,0.776962174091132
81583,81583,0.776962174091132
81584,81584,0.763706988424694
81585,81585,0.728742404899912
81586,81586,0.728742404899912
81625,81625,0.259730355931462
81658,81658,0.540516243020062
81659,81659,0.601664896412958
81664,81664,0.520312683747453
81665,81665,0.508009989418899
81666,81666,0.521052611277695
81852,81852,0.720575023396502
81853,81853,0.723056641684062
81854,81854,0.723073265471333
81855,81855,0.441624421669688
81856,81856,0.440531318683497
81857,81857,0.353112324213483
81858,81858,0.353039273411237
81859,81859,0.353304762739681
81860,81860,0.453617255335935
81861,81861,0.453757617236155
81862,81862,0.45383427177505
81863,81863,0.453985937346397
81864,81864,0.413236664982091
81865,81865,0.413781831308681
81866,81866,0.375425013884956
81867,81867,0.412552625975744
81868,81868,0.411411516130246
81885,81885,0.472248811368566
81941,81941,0.414815615994968
81942,81942,0.401880826567224
81943,81943,0.401604401604579
81944,81944,0.401425815962684
81945,81945,0.401244456589917
81946,81946,0.384383718470531
81947,81947,0.378624819580107
81948,81948,0.347824802795189
81949,81949,0.278248521067832
81950,81950,0.259280445671764
81951,81951,0.260434033452441
82129,82129,0.363836158271383
82322,82322,0.585535699263512
82323,82323,0.36151782102384
82324,82324,0.356378993822377
82325,82325,0.348722719207376
82326,82326,0.410581508470814
82584,82584,0.476379479384548
82585,82585,0.482837851239112
82586,82586,0.483798519911678
82587,82587,0.477080981147529
82588,82588,0.478528601468602
82589,82589,0.485749670010077
82590,82590,0.486068984411963
82591,82591,0.260855059564644
82592,82592,0.260884347072753
82593,82593,0.260925486497345
82594,82594,0.262146748941228
82595,82595,0.263455177245991
82596,82596,0.264567380067511
82597,82597,0.273261295369581
82598,82598,0.256998499774265
82599,82599,0.281890742363438
82600,82600,0.282366364378201
82601,82601,0.294802964400476
82602,82602,0.298359237242088
82603,82603,0.299885089111438
82604,82604,0.296284399112098
82605,82605,0.296511030209475
82606,82606,0.300031016251642
82832,82832,0.303715553926338
82886,82886,0.430785500993572
82887,82887,0.424692189027805
83212,83212,0.31251440875771
83213,83213,0.314150143574669
83245,83245,0.498929503842981
83246,83246,0.498831212259123
83247,83247,0.49868085733668
83248,83248,0.498465164680022
83249,83249,0.498287551515963
83250,83250,0.495792757690924
83251,83251,0.328693801200238
83252,83252,0.328584981894963
83253,83253,0.328495086673533
83254,83254,0.32833909567833
83255,83255,0.328029133213566
83443,83443,0.358463903894432
83444,83444,0.356607602386145
83445,83445,0.428002118922048
83446,83446,0.431647052496124
83547,83547,0.278750455124112
83548,83548,0.279230324432347
83569,83569,0.362548468689664
83570,83570,0.385351565634458
83650,83650,0.340942032331813
83651,83651,0.340683890736982
83683,83683,0.355182127903409
83684,83684,0.357312327165062
83685,83685,0.351426252415009
83686,83686,0.368569764836475
83687,83687,0.367978597975325
83688,83688,0.376159444871394
83689,83689,0.383056590684235
83690,83690,0.395326644664622
83691,83691,0.426100831823167
83741,83741,0.680664816269155
83743,83743,0.742805634383682
83744,83744,0.743756167460997
83745,83745,0.743886783788166
83932,83932,0.308096046125451
83933,83933,0.358246916826703
83934,83934,0.358385032723567
83935,83935,0.358453756659704
84000,84000,0.332209043169136
84005,84005,0.375833126778074
84006,84006,0.37331567455889
84007,84007,0.375606296655907
84008,84008,0.37494709763537
84020,84020,0.335220496228288
84100,84100,0.289633735617709
84359,84359,0.456678934230512
84360,84360,0.460305260661689
84375,84375,0.384078703611656
84381,84381,0.336402666566989
84382,84382,0.336776563611421
84383,84383,0.336856719292419
84384,84384,0.337447318285048
84385,84385,0.334634096276577
84386,84386,0.332047767788377
84387,84387,0.331812051010254
84388,84388,0.328229511373184
84444,84444,0.740572681338414
84445,84445,0.70549388695624
84446,84446,0.702795193931179
84447,84447,0.709077867375362
84448,84448,0.72902190799526
84449,84449,0.709077867375362
84450,84450,0.711810104677582
84451,84451,0.740572681338414
84454,84454,0.383515975283631
84455,84455,0.397777444445754
84464,84464,0.791211730901855
84465,84465,0.804923502543709
84589,84589,0.293150099076057
84590,84590,0.285222395378983
84597,84597,0.451053673655801
84650,84650,0.335069020321274
84651,84651,0.33489456118131
84652,84652,0.334786400100321
84653,84653,0.334629553831082
84654,84654,0.33424735382687
84655,84655,0.319111889695979
84656,84656,0.319030862254391
84657,84657,0.318984070146984
84658,84658,0.318811960201645
84707,84707,0.395833333333333
84708,84708,0.395833333333333
84782,84782,0.306094430481734
84881,84881,0.350039032001812
84986,84986,0.41793372628474
84987,84987,0.269773366512379
84989,84989,0.361913888959847
84990,84990,0.250472866913528
84991,84991,0.253888836166613
84992,84992,0.261012180227377
84993,84993,0.260950734903384
84994,84994,0.264351259557526
84995,84995,0.264364382113741
84996,84996,0.264324397983583
84997,84997,0.263348449024243
84998,84998,0.263292476412499
84999,84999,0.274179411810055
85019,85019,0.26377308103255
85020,85020,0.333610677820089
85110,85110,0.455712490885797
85111,85111,0.452199290724508
85112,85112,0.373113922262256
85468,85468,0.302673714186442
85469,85469,0.298101647551174
85470,85470,0.306669601227328
85471,85471,0.306314513352418
85472,85472,0.306376635015366
85473,85473,0.273071142369814
85474,85474,0.283885486552984
85475,85475,0.303967425602633
85476,85476,0.301787877838246
85477,85477,0.300325014632962
85478,85478,0.300134863990168
85479,85479,0.30331240551664
85480,85480,0.30712781406432
85558,85558,0.256780750406956
85559,85559,0.261922703794724
85560,85560,0.323145939521899
85562,85562,0.267516454230702
85563,85563,0.267121204056343
85564,85564,0.282897987201505
85765,85765,0.74837325430626
85766,85766,0.747730525147692
85780,85780,0.576951795502744
85781,85781,0.577914406102528
85782,85782,0.314266807499404
85783,85783,0.317727042816755
85784,85784,0.450422711336791
85785,85785,0.399103999278529
85789,85789,0.250472747587251
86161,86161,0.299539127449464
86162,86162,0.294258139113173
86163,86163,0.279624705366113
86164,86164,0.257487162341401
86165,86165,0.252485084813323
86181,86181,0.464733652065439
86182,86182,0.461396687316989
86190,86190,0.285588696216869
86247,86247,0.277154585066784
86359,86359,0.407899630307682
86360,86360,0.408541096320154
86361,86361,0.409025471048143
86362,86362,0.422885282095708
86363,86363,0.422952217949727
86364,86364,0.423064628939068
86477,86477,0.428097799271325
86478,86478,0.437538692304274
86489,86489,0.433823550931843
86687,86687,0.400073433974634
86759,86759,0.5
86760,86760,0.5625
86761,86761,0.5625
86766,86766,0.25798817578544
86767,86767,0.26519371909951
86775,86775,0.364090849689037
86776,86776,0.363298910845459
86839,86839,0.619700864925567
86840,86840,0.616010552700276
86841,86841,0.585358097839825
87087,87087,0.385224893054776
87133,87133,0.258127226869956
87408,87408,0.343304256417753
87409,87409,0.306648173351477
87410,87410,0.319939126211743
87411,87411,0.312721555759932
87412,87412,0.307159894798812
87413,87413,0.305078381074358
87414,87414,0.409813451354018
87415,87415,0.34314887798892
87416,87416,0.331833125426892
87417,87417,0.331200569080784
87418,87418,0.327233628822671
87541,87541,0.302372533969625
87542,87542,0.302184425367664
87593,87593,0.26251410017883
87594,87594,0.262917148883416
87742,87742,0.431975694576281
87774,87774,0.356121697466549
87775,87775,0.39102208304049
87971,87971,0.348030762060511
87972,87972,0.263598991346742
87983,87983,0.270307031214531
87984,87984,0.466514690746113
88169,88169,0.497444120136281
88170,88170,0.487684995350965
88171,88171,0.491832860831246
88172,88172,0.486641090287168
88173,88173,0.486828520683352
88281,88281,0.89450825425628
88312,88312,0.749375744480753
88313,88313,0.747960582010395
88321,88321,0.259968194719903
88366,88366,0.333494298607415
88367,88367,0.363493320781964
88785,88785,0.385617485807942
88817,88817,0.372768590927211
88818,88818,0.374335609586385
88819,88819,0.373097547670785
88871,88871,0.305502694537595
88872,88872,0.311457800158114
88873,88873,0.30577661176713
88874,88874,0.305544602441621
88875,88875,0.308618079769965
88876,88876,0.308602324184207
88877,88877,0.308610387042293
88878,88878,0.280380629851606
88957,88957,0.317314406152774
88958,88958,0.315989593668879
88959,88959,0.313491515490352
88960,88960,0.296216714251951
88961,88961,0.274744879723585
88962,88962,0.385279662755976
88978,88978,0.579547837727454
88985,88985,0.547823069776075
88986,88986,0.580103271524344
88987,88987,0.581038564330594
88988,88988,0.580633397540217
88989,88989,0.580719018954018
89003,89003,0.378072052135343
89008,89008,0.714330775590052
89009,89009,0.714330775590052
89010,89010,0.706432920616607
89011,89011,0.706432920616607
89012,89012,0.706088844051636
89013,89013,0.706088844051636
89014,89014,0.684371477278249
89015,89015,0.684371477278249
89016,89016,0.59105768086147
89017,89017,0.440141253307602
89018,89018,0.457499045041177
89019,89019,0.444127506268243
89115,89115,0.435111326421267
89116,89116,0.435111326421267
89117,89117,0.435111326421267
89118,89118,0.435111326421267
89119,89119,0.444096148450865
89120,89120,0.444096148450865
89247,89247,0.326464113478545
89251,89251,0.354874723525823
89252,89252,0.354849822388041
89253,89253,0.354833636226143
89254,89254,0.35470841901839
89255,89255,0.354666640479895
89256,89256,0.348629133487798
89257,89257,0.348632861720968
89258,89258,0.353529373312124
89259,89259,0.353505727552038
89260,89260,0.353461189095161
89261,89261,0.353371349841465
89262,89262,0.349199007085648
89263,89263,0.347886034456453
89264,89264,0.323784838290344
89265,89265,0.284861055904029
89272,89272,0.30911817104571
89273,89273,0.310067288367551
89274,89274,0.320087761011406
89275,89275,0.316642461823437
89287,89287,0.436002528133019
89288,89288,0.435207590120166
89289,89289,0.435205661284069
89290,89290,0.400073433974634
89338,89338,0.388757131091773
89339,89339,0.388192772927747
89340,89340,0.369806587562528
89341,89341,0.332279703401584
89342,89342,0.338040031133778
89343,89343,0.338006510492686
89344,89344,0.340644915768539
89444,89444,0.301558610309308
89445,89445,0.299661372306098
89772,89772,0.403673271951712
89778,89778,0.296115193709833
89868,89868,0.451560131965348
89874,89874,0.318415852292648
90069,90069,0.459428653734174
90070,90070,0.465254237989775
90071,90071,0.556259704146627
90072,90072,0.574705371819677
90073,90073,0.625592501269184
90074,90074,0.62575751245359
90075,90075,0.626617617882505
90076,90076,0.632155867161121
90077,90077,0.721495790457754
90078,90078,0.722007867444481
90079,90079,0.723261936102243
90103,90103,0.320811002344429
90108,90108,0.458416442052881
90109,90109,0.362186444540437
90110,90110,0.362277231478376
90111,90111,0.362342879090443
90112,90112,0.356299119785868
90113,90113,0.364250727063883
90114,90114,0.363045321322428
90115,90115,0.363112770335002
90116,90116,0.36202131058234
90117,90117,0.361011332929698
90118,90118,0.3613488291916
90119,90119,0.361384195837563
90120,90120,0.359624981610748
90149,90149,0.251408717792366
90189,90189,0.546722323861141
90358,90358,0.324965244632199
90359,90359,0.288797165543961
90427,90427,0.280729316294717
90456,90456,0.419054782191671
90457,90457,0.433035046702344
90458,90458,0.463315408414111
90459,90459,0.486085966982908
90460,90460,0.860514314963986
90461,90461,0.585552009361377
90526,90526,0.306010774732321
90668,90668,0.689009481198761
90787,90787,0.32820493768403
90840,90840,0.274699373575223
90841,90841,0.273892681069615
90842,90842,0.341296265947114
90843,90843,0.339106739870951
90844,90844,0.344514928500143
90845,90845,0.341504689845037
90949,90949,0.29321775760245
90966,90966,0.358359436197237
91284,91284,0.27191105865396
91285,91285,0.281582943275004
91286,91286,0.283622216254332
91287,91287,0.288907332846774
91288,91288,0.291354261080928
91289,91289,0.293479949031982
91290,91290,0.298827164724746
91291,91291,0.302778661541165
91292,91292,0.272144032270615
91293,91293,0.276026275788495
91498,91498,0.316185450460177
91533,91533,0.374929914692997
91534,91534,0.372712239247451
91535,91535,0.359089726339486
91536,91536,0.267697056864061
91537,91537,0.263336299438142
91767,91767,0.456363499334187
91768,91768,0.455169807967513
91769,91769,0.455169807967513
91933,91933,0.360746825807957
91934,91934,0.354520087093781
91935,91935,0.354240704790115
91936,91936,0.359566892307054
91937,91937,0.329333881366989
91938,91938,0.329445662123048
91939,91939,0.32923649557931
91940,91940,0.327660217069802
91941,91941,0.326804802435819
91942,91942,0.326279718480786
91943,91943,0.321769632710943
91944,91944,0.322269469668649
91945,91945,0.310440630065908
91999,91999,0.347700812616657
92000,92000,0.347698675170293
92001,92001,0.347656007377302
92002,92002,0.347664340193543
92003,92003,0.326366098145214
92027,92027,0.252147126221218
92028,92028,0.255293237432662
92029,92029,0.255459397435186
92030,92030,0.255670048805442
92031,92031,0.267292936723297
92056,92056,0.319620089765858
92057,92057,0.325071399952724
92058,92058,0.32740495619614
92059,92059,0.32686490745191
92060,92060,0.326828520163149
92070,92070,0.34964934999861
92112,92112,0.667564865879647
92300,92300,0.474344794913711
92385,92385,0.361854235559271
92386,92386,0.296781848434393
92457,92457,0.438701360793545
92458,92458,0.409053817434594
92459,92459,0.407401679917039
92460,92460,0.46376295831052
92492,92492,0.340547312700182
92493,92493,0.379442332750075
92684,92684,0.656384085259796
92685,92685,0.663735849702775
92686,92686,0.420051519012701
92764,92764,0.26080742300604
92765,92765,0.260702766521947
92766,92766,0.259764343767152
92789,92789,0.390117546635043
92803,92803,0.281553614488508
92804,92804,0.281499079477518
92805,92805,0.281435812081763
92806,92806,0.275425839719567
92807,92807,0.742850991767046
92808,92808,0.742531612827198
92809,92809,0.469911537983692
92810,92810,0.467366173458314
92827,92827,0.43181185606682
92828,92828,0.432670774948631
92829,92829,0.436798992474406
93010,93010,0.359704297087451
93031,93031,0.267127776264848
93035,93035,0.271186493912097
93271,93271,0.312901219074058
93272,93272,0.314332084903658
93279,93279,0.337311292061058
93280,93280,0.338724727001285
93293,93293,0.316446933391417
93294,93294,0.318483074891683
93295,93295,0.319134002848905
93296,93296,0.318689141978229
93297,93297,0.319185975501531
93298,93298,0.322431873639669
93299,93299,0.324196850769156
93329,93329,0.332041792689935
93330,93330,0.385202219958438
93449,93449,0.367868488961584
93450,93450,0.36792135380007
93451,93451,0.317385569569788
93452,93452,0.322721945113837
93453,93453,0.281366440727474
93454,93454,0.365442258058445
93455,93455,0.364867922096997
93456,93456,0.366888619929498
93457,93457,0.366271887550742
93458,93458,0.365442703562753
93459,93459,0.365941925618263
93460,93460,0.367837613678932
93461,93461,0.367594119452761
93462,93462,0.36729805928034
93463,93463,0.357463585807317
93464,93464,0.358551466770018
93465,93465,0.36359284558538
93466,93466,0.363247266698218
93467,93467,0.362842138666038
93468,93468,0.3622014639764
93469,93469,0.361475668397726
93470,93470,0.362746582484253
93471,93471,0.361359631268863
93472,93472,0.358639860650563
93473,93473,0.340506754438247
93522,93522,0.260346342313453
93523,93523,0.263623339431162
93526,93526,0.586351377401156
93527,93527,0.868255649212978
93528,93528,0.452127153333027
93529,93529,0.430096467683598
93530,93530,0.42754209249412
93531,93531,0.416869558851342
93532,93532,0.418359243895033
93533,93533,0.418149529620712
93539,93539,0.447272213250085
93540,93540,0.290341585780063
93772,93772,0.766449379210968
93800,93800,0.471448234003509
93835,93835,0.327859113503867
93836,93836,0.314606998261215
93837,93837,0.325069535008778
93838,93838,0.328094197816784
93839,93839,0.328032450548218
93999,93999,0.442677849257689
94000,94000,0.455867001803402
94001,94001,0.441449005398354
94002,94002,0.279706336554683
94003,94003,0.279012296583142
94004,94004,0.314057325743953
94388,94388,0.351753308405623
94389,94389,0.325412490525615
94456,94456,0.361080300649634
94457,94457,0.362240350983367
94458,94458,0.362207917733074
94459,94459,0.362175216011062
94460,94460,0.348934738499826
94461,94461,0.347530524235235
94462,94462,0.347535584657569
94463,94463,0.346031586412292
94464,94464,0.346212098315269
94465,94465,0.344582612475527
94470,94470,0.323277299028087
94471,94471,0.34946558344741
94484,94484,0.395833333333333
94485,94485,0.395833333333333
94486,94486,0.395777029092686
94487,94487,0.395756283099541
94488,94488,0.395737572408565
94489,94489,0.395719948167902
94490,94490,0.395701320852883
94491,94491,0.395683888645979
94492,94492,0.333333333333333
94515,94515,0.305647812468802
94516,94516,0.299092762973628
94517,94517,0.298080835695938
94518,94518,0.303174883080845
94519,94519,0.304666815836811
94520,94520,0.314402462076189
94536,94536,0.538124199082375
94541,94541,0.523896991977584
94542,94542,0.598699343858649
94547,94547,0.335870649906879
94548,94548,0.336189678653417
94549,94549,0.33620444821707
94550,94550,0.332641144414577
94563,94563,0.251822856264569
94691,94691,0.266394324020037
94749,94749,0.33973075445647
94797,94797,0.39321341906032
94798,94798,0.392973539922351
94799,94799,0.392699245305234
94800,94800,0.392589884512556
94801,94801,0.392558131102802
94802,94802,0.392512277192067
94803,94803,0.392437525757875
94804,94804,0.392404675872788
94805,94805,0.392378656970209
94806,94806,0.331050228310502
94872,94872,0.376190046078724
94873,94873,0.375939298682632
94874,94874,0.372094489312222
94875,94875,0.368500928845939
94876,94876,0.447433527916033
94877,94877,0.447471309595337
94878,94878,0.450881113238407
94879,94879,0.435257813323127
94880,94880,0.435435000829699
94881,94881,0.332405016493627
94882,94882,0.354631848374383
94897,94897,0.57222772258545
94898,94898,0.5
94927,94927,0.753120634026938
94928,94928,0.753120634026938
94929,94929,0.752296267055231
94930,94930,0.751687682470726
94931,94931,0.735329020129453
94932,94932,0.695616050657797
94933,94933,0.562487412194819
94934,94934,0.5625
94935,94935,0.570877099226888
94936,94936,0.5625
94937,94937,0.5625
94938,94938,0.5625
94939,94939,0.5625
94940,94940,0.5625
94941,94941,0.395833333333333
94942,94942,0.395833333333333
94943,94943,0.395833333333333
94944,94944,0.395833333333333
94945,94945,0.333333333333333
95083,95083,0.330652894456486
95084,95084,0.327535314785098
95170,95170,0.435408900944247
95171,95171,0.497908900944247
95172,95172,0.503012679324793
95457,95457,0.337255660330651
95458,95458,0.336964181917781
95527,95527,0.323726051950942
95528,95528,0.323336285811686
95529,95529,0.32308772127296
95530,95530,0.322796942821529
95531,95531,0.32466567995627
95532,95532,0.312283674136938
95533,95533,0.309326799722921
95534,95534,0.307834836024802
95535,95535,0.305723057842163
95536,95536,0.300322380228986
95537,95537,0.272232023227332
95538,95538,0.256652177611919
95539,95539,0.263995816944803
95540,95540,0.263962533844262
95576,95576,0.392347784917937
95577,95577,0.409879900556075
95583,95583,0.313766489869248
95592,95592,0.399793225948913
95593,95593,0.399873357442554
95633,95633,0.305296091784617
95634,95634,0.306312188406701
95635,95635,0.305557624373196
95636,95636,0.302161247995818
95637,95637,0.29336878598511
95642,95642,0.259377228893719
95643,95643,0.274145480866952
95644,95644,0.291407544730149
95811,95811,0.684565467692517
95956,95956,0.369894371250673
95957,95957,0.363153463207069
95958,95958,0.394767780890032
95959,95959,0.393238087664086
95960,95960,0.38992366517771
96032,96032,0.814967014319262
96033,96033,0.258570338442899
96036,96036,0.820198023982831
96037,96037,0.819235587077885
96038,96038,0.809897944885415
96052,96052,0.399459595068113
96053,96053,0.399203111549204
96054,96054,0.372244206292959
96055,96055,0.399532397124885
96110,96110,0.574078998671743
96111,96111,0.569387172652163
96112,96112,0.569387172652163
96113,96113,0.562448672190271
96114,96114,0.569387172652163
96115,96115,0.569387172652163
96116,96116,0.569387172652163
96117,96117,0.574078998671743
96128,96128,0.290055724101844
96129,96129,0.319628682735766
96130,96130,0.317817763624007
96131,96131,0.317938081280417
96133,96133,0.407319291176207
96134,96134,0.407319291176207
96460,96460,0.31390035666039
96461,96461,0.314544674053488
96462,96462,0.34314599261649
96470,96470,0.273212598641731
96472,96472,0.339654257815121
96473,96473,0.340295239927091
96474,96474,0.337439182309473
96475,96475,0.432377695649249
96476,96476,0.294671894688339
96492,96492,0.303316490004115
96493,96493,0.303245839789445
96494,96494,0.303210131533205
96495,96495,0.303060757067733
96496,96496,0.263588661420656
96669,96669,0.7667451002245
96670,96670,0.759325425476719
96671,96671,0.759325425476719
96823,96823,0.59013314197363
96824,96824,0.592196737517032
96825,96825,0.5926816525428
96826,96826,0.594344840377983
96837,96837,0.27768185958497
96841,96841,0.444106057909419
96842,96842,0.44398844934932
96880,96880,0.729149945643923
96881,96881,0.731225136187534
96908,96908,0.297001473709273
96909,96909,0.291777065082243
96910,96910,0.287605529792695
96928,96928,0.760787473477395
96929,96929,0.758486705280102
96930,96930,0.693810651369553
96931,96931,0.657862895876757
96932,96932,0.656079768953476
96933,96933,0.656074624476624
96934,96934,0.596490872107783
97123,97123,0.445327271068902
97124,97124,0.446406560301293
97125,97125,0.471488036642504
97126,97126,0.454401992224867
97287,97287,0.35536207730557
97410,97410,0.266862334198416
97507,97507,0.26018798520454
97535,97535,0.470204879093215
97536,97536,0.437690798706442
97537,97537,0.495577160009467
97541,97541,0.388828960872174
97780,97780,0.338305857572459
97781,97781,0.338260299877169
97782,97782,0.289633735617709
97935,97935,0.493772792317082
97936,97936,0.493565762212068
97986,97986,0.296735838574883
97987,97987,0.344876452271711
97988,97988,0.346652931342052
97989,97989,0.330334063667419
98034,98034,0.409375669826927
98035,98035,0.392477803257463
98245,98245,0.560768915802672
98246,98246,0.544986540122983
98247,98247,0.601621794419528
98248,98248,0.601621794419528
98249,98249,0.601621794419528
98250,98250,0.601621794419528
98295,98295,0.441724786398861
98400,98400,0.751897345931244
98405,98405,0.625
98406,98406,0.625
98407,98407,0.625
98408,98408,0.625
98409,98409,0.625
98410,98410,0.625
98411,98411,0.531836625114714
98412,98412,0.532728187367361
98413,98413,0.401973939419329
98414,98414,0.401702316076045
98415,98415,0.401347028271133
98416,98416,0.375230393213133
98417,98417,0.378324604168223
98418,98418,0.376801530536794
98419,98419,0.379023734606036
98420,98420,0.396058265946476
98421,98421,0.404234205911449
98440,98440,0.401162646176707
98441,98441,0.395664092798442
98442,98442,0.388324428103918
98469,98469,0.319256713309402
98470,98470,0.31912621073569
98704,98704,0.477606004295962
98794,98794,0.307249970175371
98795,98795,0.319191599245928
99005,99005,0.28379206795205
99006,99006,0.255684520589148
99008,99008,0.267057133336872
99009,99009,0.266828796050105
99018,99018,0.448546782635068
99019,99019,0.473463230931347
99020,99020,0.485738917734044
99021,99021,0.496776504939592
99022,99022,0.496683222204214
99023,99023,0.496663854038009
99024,99024,0.46359234280981
99075,99075,0.339468472852495
99076,99076,0.336081901892879
99104,99104,0.451335623646518
99348,99348,0.519976962790871
99470,99470,0.305212781596542
99471,99471,0.391634499501693
99472,99472,0.397500055132345
99473,99473,0.561450610537274
99474,99474,0.352570082813388
99507,99507,0.480628970658776
99508,99508,0.443098170124581
99633,99633,0.351090188189564
99634,99634,0.51946607497775
99635,99635,0.523819342257123
99900,99900,0.5625
99901,99901,0.5625
99902,99902,0.5625
99903,99903,0.5625
99925,99925,0.449171369698954
99926,99926,0.44533899175389
99927,99927,0.445462843037763
99928,99928,0.451318888405469
99929,99929,0.5423321768339
99930,99930,0.542395771571947
99931,99931,0.543363048607558
99989,99989,0.433635052831124
99990,99990,0.433635052831124
99991,99991,0.40370869156204
99992,99992,0.433635052831124
99993,99993,0.435642962178837
99994,99994,0.435642962178837
99995,99995,0.435642962178837
99996,99996,0.435642962178837
99997,99997,0.26897629551217
99998,99998,0.26897629551217
99999,99999,0.266744995521356
100000,100000,0.266744995521356
100139,100139,0.601621794419528
100240,100240,0.283281358180482
100241,100241,0.478164338680931
100242,100242,0.478243012939896
100243,100243,0.538716630196271
100244,100244,0.568093477185651
100245,100245,0.508979731698919
100246,100246,0.508094926806389
100247,100247,0.473580658148312
100248,100248,0.472188596370511
100249,100249,0.495367582149821
100250,100250,0.488177001636325
100251,100251,0.490906452705743
100252,100252,0.461334759282624
100253,100253,0.458916426617594
100254,100254,0.459682103561954
100301,100301,0.393905166359114
100304,100304,0.419880829552981
100305,100305,0.420128879629944
100526,100526,0.410564902737666
100527,100527,0.397061622399439
100528,100528,0.394118746698612
100529,100529,0.390699195657865
100530,100530,0.396747431491186
100531,100531,0.409958179111985
100532,100532,0.425789826230984
100594,100594,0.385665571196818
100595,100595,0.399277135700782
100713,100713,0.258402872390965
100721,100721,0.384393092838986
100722,100722,0.389793466969803
100743,100743,0.39698497269596
100744,100744,0.423587358195625
100747,100747,0.405890390710256
100748,100748,0.405840139573331
100749,100749,0.397836951331493
100750,100750,0.397802121742277
100751,100751,0.397822905859814
101097,101097,0.255345129306337
101190,101190,0.381542391401136
101191,101191,0.410326490389437
101256,101256,0.267919479339429
101535,101535,0.804923502543709
101536,101536,0.808261139232501
101537,101537,0.812338052239756
101538,101538,0.812681518349401
101539,101539,0.756398374303602
101540,101540,0.756400913000403
101541,101541,0.678481680156356
101587,101587,0.401402123024558
101588,101588,0.401300532133442
101610,101610,0.800481630965246
101630,101630,0.347404879550038
101631,101631,0.364567343689607
101649,101649,0.524894703056468
101650,101650,0.527048465627524
101651,101651,0.706234907639148
101652,101652,0.674592228494692
101653,101653,0.674303899548149
101654,101654,0.67429506929563
101655,101655,0.674282260530747
101656,101656,0.674270948740302
101657,101657,0.566352421682796
101944,101944,0.431079436006508
101945,101945,0.420329748434599
101946,101946,0.420329748434599
101947,101947,0.357829748434599
102153,102153,0.418937257149469
102154,102154,0.421663365017137
102260,102260,0.364045317486376
102261,102261,0.35738296834974
102262,102262,0.340798393565135
102263,102263,0.321496875651721
102264,102264,0.319016041606149
102265,102265,0.299411542782723
102268,102268,0.379662466037959
102276,102276,0.276794528288662
102277,102277,0.301334744045098
102278,102278,0.2980232368332
102279,102279,0.299066630493765
102408,102408,0.400661424688419
102441,102441,0.309088397006953
102478,102478,0.277023037713363
102479,102479,0.276890610145723
102480,102480,0.276815146505118
102481,102481,0.276765561279969
102543,102543,0.785761936102243
102544,102544,0.78708372317624
102545,102545,0.78708372317624
102546,102546,0.785377261226231
102547,102547,0.785377261226231
102548,102548,0.785761936102243
102549,102549,0.723261936102243
102550,102550,0.723261936102243
102551,102551,0.723261936102243
102552,102552,0.723261936102243
102553,102553,0.723261936102243
102554,102554,0.723261936102243
102555,102555,0.759328316787599
102556,102556,0.696519525301926
102646,102646,0.280416012366952
102647,102647,0.280389344823579
102648,102648,0.28318069861544
102649,102649,0.300100720709621
102672,102672,0.755977906344572
102673,102673,0.677603201571284
102684,102684,0.352436597206109
102724,102724,0.562267600099867
102725,102725,0.5
102794,102794,0.395833333333333
102795,102795,0.395833333333333
102796,102796,0.395833333333333
102797,102797,0.395833333333333
102798,102798,0.333333333333333
102899,102899,0.334549585690534
102960,102960,0.26100633586908
102981,102981,0.336252221188518
103061,103061,0.453054691548462
103123,103123,0.736888331306854
103124,103124,0.731982226296638
103125,103125,0.718311069095749
103311,103311,0.259573873238519
103406,103406,0.347453136270583
103407,103407,0.337856543450383
103408,103408,0.330611950823869
103409,103409,0.329545070458263
103410,103410,0.327718868536625
103411,103411,0.387508458623179
103412,103412,0.393755901208436
103787,103787,0.258559422725174
103788,103788,0.258852456313026
103789,103789,0.258858634070307
103923,103923,0.580356806988075
103943,103943,0.631167629440327
103944,103944,0.637707275194515
103945,103945,0.637709248688001
103946,103946,0.637712210173893
103947,103947,0.637730694061605
103948,103948,0.631161975456267
103967,103967,0.451968888685104
104136,104136,0.384769506764874
104137,104137,0.38570529717238
104138,104138,0.385736311230694
104165,104165,0.420262521356702
104166,104166,0.419694882633955
104167,104167,0.420116746484415
104168,104168,0.419904837132902
104181,104181,0.273317342438107
104182,104182,0.272205200643449
104183,104183,0.271697725933484
104223,104223,0.339627508989791
104224,104224,0.364362181220091
104225,104225,0.349982386139379
104226,104226,0.323959277046405
104461,104461,0.813613448397767
104464,104464,0.571325509528166
104465,104465,0.570836158879895
104466,104466,0.565652159871176
104467,104467,0.415397953578844
104468,104468,0.415391845895875
104469,104469,0.415397953578844
104470,104470,0.351818140612098
104577,104577,0.578746801086333
104578,104578,0.575018521878439
104579,104579,0.496454344919427
104698,104698,0.33060923690199
104699,104699,0.365923950326116
104700,104700,0.276578413849029
104708,104708,0.791211730901855
104709,104709,0.791211730901855
104710,104710,0.791211730901855
104711,104711,0.791211730901855
104842,104842,0.261983014818113
104843,104843,0.26329893702019
105024,105024,0.258549760580269
105025,105025,0.256407241585472
105026,105026,0.251638935395774
105027,105027,0.25115534467926
105061,105061,0.351123054293713
105062,105062,0.353676947653506
105063,105063,0.353706217004168
105064,105064,0.35763919092272
105065,105065,0.326720625176316
105100,105100,0.278014919182787
105101,105101,0.277495900637523
105219,105219,0.360609009086373
105220,105220,0.387879297115582
105221,105221,0.391705978077982
105222,105222,0.398373962198768
105236,105236,0.333551361177606
105237,105237,0.323271112224361
105238,105238,0.316272022348311
105239,105239,0.296799230790557
105278,105278,0.343584225385353
105347,105347,0.31924630868912
105348,105348,0.286182375437111
105349,105349,0.314986097290295
105476,105476,0.291438923846035
105555,105555,0.443423980246598
105556,105556,0.370775572306549
105557,105557,0.335126201712284
105637,105637,0.26682025103841
105641,105641,0.498799849953614
105679,105679,0.278759825842922
105686,105686,0.360604806398777
105687,105687,0.359743315517834
105688,105688,0.352285261792617
105689,105689,0.350591295053581
105690,105690,0.342394882540254
105691,105691,0.340916953723573
105720,105720,0.373267067930642
105721,105721,0.329892658761446
105722,105722,0.330771575038633
105927,105927,0.325412490525615
105959,105959,0.334045267734464
105960,105960,0.335506094745896
105961,105961,0.33552077054398
105962,105962,0.336492171525299
105963,105963,0.336531827953714
105964,105964,0.33646807152914
105965,105965,0.336660378565066
105966,105966,0.335323486166942
105967,105967,0.336612973452735
105968,105968,0.336712641327675
105969,105969,0.337997559612059
105970,105970,0.338158779612706
105971,105971,0.336815105774469
105972,105972,0.336990066553225
105993,105993,0.34083777049123
105994,105994,0.327094819186585
105995,105995,0.276301617552629
105996,105996,0.276251453335082
105997,105997,0.276198752180888
105998,105998,0.276128521898316
105999,105999,0.367909180939747
106000,106000,0.367873102191152
106001,106001,0.282150313766417
106002,106002,0.286689440252044
106003,106003,0.280846794315918
106012,106012,0.252814374607846
106013,106013,0.250982927201797
106546,106546,0.806447248746271
106547,106547,0.810581509181617
106548,106548,0.426277546848299
106549,106549,0.750473064507321
106571,106571,0.395042166851117
106572,106572,0.370787163297982
106573,106573,0.364603173080238
106574,106574,0.364252883856754
106575,106575,0.269747010026325
106576,106576,0.306094190648385
106577,106577,0.313934550560772
106578,106578,0.370742068866099
106770,106770,0.331529307400375
107096,107096,0.320234803405005
107097,107097,0.331282683462598
107098,107098,0.348567347114293
107099,107099,0.348954810245476
107100,107100,0.351520192052242
107101,107101,0.348815820432302
107102,107102,0.349927980030463
107103,107103,0.341751781786997
107104,107104,0.340286475011748
107105,107105,0.332678687187239
107106,107106,0.356628129361578
107209,107209,0.372611326421267
107329,107329,0.264165421412507
107330,107330,0.27180388415636
107331,107331,0.257664258072357
107333,107333,0.413513658562844
107334,107334,0.412964231809107
107339,107339,0.480650816668442
107340,107340,0.480628227991161
107341,107341,0.442794861112162
107499,107499,0.340889543952448
107507,107507,0.347212350147715
107508,107508,0.697477289895531
107854,107854,0.420132251842582
107855,107855,0.413871588891751
107856,107856,0.411985140487357
107857,107857,0.395116824256556
107858,107858,0.393204074713567
107859,107859,0.393202530368333
107888,107888,0.423588345224008
107889,107889,0.424541658033551
107890,107890,0.424564194628647
107891,107891,0.424585989368466
107892,107892,0.424611300177278
107893,107893,0.428557383987544
107894,107894,0.422331103668847
108073,108073,0.5625
108082,108082,0.5625
108083,108083,0.5625
108093,108093,0.362703370470438
108094,108094,0.364122323830513
108095,108095,0.369433626307024
108096,108096,0.374545922286419
108097,108097,0.311384546331049
108098,108098,0.293401230141681
108259,108259,0.333333333333333
108528,108528,0.37735356316463
108529,108529,0.385363172071324
108530,108530,0.393507780469794
108531,108531,0.39845480773732
108532,108532,0.400057397221447
108533,108533,0.400535380499387
108534,108534,0.407592929062792
108535,108535,0.36235599561898
108547,108547,0.35675788550665
108548,108548,0.371638560591858
108549,108549,0.37178099988331
108550,108550,0.372916528638067
108551,108551,0.375042462346371
108552,108552,0.373896979624962
108553,108553,0.374826977533904
108554,108554,0.369579957705351
108568,108568,0.545995483761672
108611,108611,0.475385829585852
108612,108612,0.475385829585852
108613,108613,0.428995950155501
108614,108614,0.428995950155501
108830,108830,0.442786333011684
108831,108831,0.441151711588987
108832,108832,0.437153282992879
108844,108844,0.353563806228993
109046,109046,0.519633965063633
109047,109047,0.52104092331296
109048,109048,0.45540181503388
109049,109049,0.455600631201427
109050,109050,0.455677435576284
109051,109051,0.396605380938399
109052,109052,0.396479347104818
109053,109053,0.3964285186792
109115,109115,0.460999052009744
109116,109116,0.459867231367949
109117,109117,0.458802275295104
109118,109118,0.458915002805404
109319,109319,0.288254947115467
109320,109320,0.287210969518406
109321,109321,0.291050744612008
109322,109322,0.432883967199027
109323,109323,0.385224893054776
109465,109465,0.335740455464807
109601,109601,0.394760404781574
109602,109602,0.797397350179446
109603,109603,0.79152190799526
109604,109604,0.771577867375362
109605,109605,0.778529079543008
109606,109606,0.803072681338414
109607,109607,0.803222989429712
109608,109608,0.803222989429712
109655,109655,0.336186144448818
109667,109667,0.330982353690952
109668,109668,0.331024890495915
109669,109669,0.329704412649114
109670,109670,0.328422955799811
109754,109754,0.282029166491893
109755,109755,0.277893477869953
109756,109756,0.286440242274687
109757,109757,0.289409023259876
109758,109758,0.285602769498594
109759,109759,0.288172215746677
109760,109760,0.369109320283736
109777,109777,0.355828808919985
109778,109778,0.355728448209971
109779,109779,0.252938042763161
109780,109780,0.252704378152704
109815,109815,0.404887566887917
109816,109816,0.409815579724857
109817,109817,0.412886355361113
109818,109818,0.407078932887094
109819,109819,0.405398979068282
109820,109820,0.403688957068214
109821,109821,0.403626099829981
109822,109822,0.372116372715198
109823,109823,0.374182213993247
109937,109937,0.414243705155851
109938,109938,0.400500895435419
109939,109939,0.400343137731954
109940,109940,0.356121697466549
110222,110222,0.378337938058973
110326,110326,0.581271823311484
110562,110562,0.662203727250244
110563,110563,0.65641362759539
110564,110564,0.651577113230619
110565,110565,0.651577113230619
110566,110566,0.651577113230619
110567,110567,0.651577113230619
110759,110759,0.266361807829731
110760,110760,0.262640989102298
111028,111028,0.721793075375296
111029,111029,0.717981082728101
111030,111030,0.708521803985711
111031,111031,0.494931561640082
111032,111032,0.475773363960091
111079,111079,0.549360508331374
111080,111080,0.496978994550891
111081,111081,0.48056441142928
111082,111082,0.487152691846649
111083,111083,0.474343738316292
111084,111084,0.472435035212672
111096,111096,0.456372309875443
111097,111097,0.453238521698649
111098,111098,0.454877381931925
111156,111156,0.4105064767882
111157,111157,0.443670613793072
111158,111158,0.445323195238484
111481,111481,0.25314357415716
111482,111482,0.273573078007422
111483,111483,0.273446798077333
111484,111484,0.273383487164674
111485,111485,0.273299955490307
111486,111486,0.279374980161717
111525,111525,0.311537125776297
111526,111526,0.304465593921782
111527,111527,0.312713948034298
111528,111528,0.313134383493104
111600,111600,0.274771526806074
111601,111601,0.3182954692606
111602,111602,0.31827933563846
111669,111669,0.281280667091786
111670,111670,0.281082924087329
111749,111749,0.800300180207046
111750,111750,0.801214143042338
111911,111911,0.257739950181197
111928,111928,0.302488456888568
111929,111929,0.307765521545737
111932,111932,0.288815655861095
112103,112103,0.497739949888265
112104,112104,0.410137966622899
112510,112510,0.370812652744556
112511,112511,0.414303872880946
112512,112512,0.472149986743457
112513,112513,0.314095566368295
112514,112514,0.322789388668312
112539,112539,0.342400490469406
112630,112630,0.270831834225886
112707,112707,0.381305249789028
112708,112708,0.320811002344429
112713,112713,0.889411800315606
112714,112714,0.890462223634064
112715,112715,0.882027172646005
112716,112716,0.873713575721343
112717,112717,0.744198299213467
112818,112818,0.435111326421267
112819,112819,0.435111326421267
112942,112942,0.250089208815743
112969,112969,0.50350160111642
112970,112970,0.50350160111642
112971,112971,0.456363499334187
113201,113201,0.822839098102183
113459,113459,0.300028167127686
113460,113460,0.290687889917149
113461,113461,0.28961540164543
113462,113462,0.289392831115245
113463,113463,0.29682779383489
113464,113464,0.313104268473371
113466,113466,0.333501616003788
113467,113467,0.328494983254359
113468,113468,0.325354908591286
113469,113469,0.319391397745546
113470,113470,0.317412925728617
113471,113471,0.31010250405349
113472,113472,0.306487367134327
113479,113479,0.5625
113480,113480,0.5625
113481,113481,0.5625
113482,113482,0.5625
113483,113483,0.5
113484,113484,0.347296893081741
113485,113485,0.347399654273375
113486,113486,0.348755309058372
113487,113487,0.348816689920711
113488,113488,0.348866085376603
113489,113489,0.347422558578267
113490,113490,0.347453638758066
113491,113491,0.348686839693325
113492,113492,0.291150733470886
113605,113605,0.31822661063222
113606,113606,0.318275526710686
113607,113607,0.274771526806074
114037,114037,0.411685846515701
114038,114038,0.406617214773522
114039,114039,0.400441366941997
114041,114041,0.403723501481449
114087,114087,0.373537166178995
114088,114088,0.372587073738591
114089,114089,0.372077033033953
114090,114090,0.367776409867368
114091,114091,0.367746242410023
114092,114092,0.366269513438269
114093,114093,0.36042472857567
114094,114094,0.316238956584702
114181,114181,0.330242623227799
114182,114182,0.357625442621244
114183,114183,0.352758119500253
114230,114230,0.43838277973996
114231,114231,0.439872898820178
114331,114331,0.311178993132222
114332,114332,0.303075372893984
114333,114333,0.310705449625754
114381,114381,0.280857401079126
114773,114773,0.766169489689795
114774,114774,0.766169489689795
114775,114775,0.766358405788275
114891,114891,0.317190088371421
114892,114892,0.305242262486961
114893,114893,0.273091346066991
114894,114894,0.364730450232668
114905,114905,0.571537851335889
114906,114906,0.400791773978892
114909,114909,0.344469081113529
114910,114910,0.370143804171373
114911,114911,0.370178002250539
114912,114912,0.370187410519655
114913,114913,0.370204185681376
114914,114914,0.368790242290634
114915,114915,0.349735586873603
115115,115115,0.557303009643797
115116,115116,0.557295914456553
115117,115117,0.557284939324385
115118,115118,0.494878807454396
115139,115139,0.277276195182922
115140,115140,0.275920091719293
115141,115141,0.479048917931054
115142,115142,0.478994658335567
115143,115143,0.87290579906283
115144,115144,0.859208013552823
115145,115145,0.311935161999071
115146,115146,0.312457341747189
115613,115613,0.270403416817966
115614,115614,0.276679764692482
115753,115753,0.395833333333333
115878,115878,0.323461636424372
115879,115879,0.323768726102449
115880,115880,0.324220719370838
115881,115881,0.323461641076564
116161,116161,0.382752027223411
116162,116162,0.380161178543421
116163,116163,0.380204077397774
116164,116164,0.380101620506193
116165,116165,0.380017877471124
116166,116166,0.378372000905559
116167,116167,0.378239283639181
116168,116168,0.375194794350445
116169,116169,0.375183105200382
116178,116178,0.305007137168762
116179,116179,0.327543533421686
116183,116183,0.288405697002166
116184,116184,0.276033261006553
116185,116185,0.270768237998074
116186,116186,0.26825956391266
116187,116187,0.262174775352837
116188,116188,0.25209125760095
116189,116189,0.300846980850511
116198,116198,0.528176367380388
116246,116246,0.352595022182084
116247,116247,0.361853899640228
116287,116287,0.600624199082375
116604,116604,0.737755795038711
116605,116605,0.738658098881762
116686,116686,0.327075038673067
116689,116689,0.349819181647292
116690,116690,0.348105547163016
116691,116691,0.348135216727694
116692,116692,0.355735379989812
116693,116693,0.355832089998702
116757,116757,0.453737307947077
116758,116758,0.456235076545862
116759,116759,0.456620219408051
116760,116760,0.46008739206797
116825,116825,0.25156907824833
116826,116826,0.251462352026189
116827,116827,0.26439023622115
116828,116828,0.264341529413419
116829,116829,0.26430116403584
116830,116830,0.264252539810868
116831,116831,0.261412390851413
116851,116851,0.305344409498637
116858,116858,0.607200865619539
116859,116859,0.822609403163413
116861,116861,0.339703861640584
116862,116862,0.303832144991385
116863,116863,0.330516970296229
116864,116864,0.320137285586161
116865,116865,0.32079088075386
116866,116866,0.326696625449901
116867,116867,0.335613763211532
117082,117082,0.261063354991719
117083,117083,0.261771054908287
117084,117084,0.275991086431969
117085,117085,0.275818801289387
117086,117086,0.275979493945914
117087,117087,0.279893473829657
117088,117088,0.281218571029277
117089,117089,0.282004761705073
117090,117090,0.28238308243319
117091,117091,0.290013123610899
117092,117092,0.291630804196208
117093,117093,0.291657453702719
117094,117094,0.296203850368712
117097,117097,0.328469795299673
117103,117103,0.722514255563854
117114,117114,0.343807113557162
117544,117544,0.518020766741898
117545,117545,0.518025639517897
117546,117546,0.517679124701633
117547,117547,0.516538562356164
117663,117663,0.382716443725495
117664,117664,0.487638480635374
117941,117941,0.325272541400204
117942,117942,0.30058977036534
117943,117943,0.290827322744604
118015,118015,0.250638101955061
118016,118016,0.253314167342805
118017,118017,0.290916470337316
118018,118018,0.292446994600819
118019,118019,0.277354878134698
118020,118020,0.283227250374851
118021,118021,0.324900329062674
118022,118022,0.329870839074053
118023,118023,0.344758135459318
118024,118024,0.32187938618722
118144,118144,0.44404473565675
118145,118145,0.443845811393496
118146,118146,0.443533831581369
118147,118147,0.443345906051392
118148,118148,0.448619712296499
118149,118149,0.473516485185795
118150,118150,0.486495790308791
118151,118151,0.485757364481203
118152,118152,0.452481231698699
118156,118156,0.395833333333333
118157,118157,0.395833333333333
118158,118158,0.395833333333333
118159,118159,0.380096108752736
118160,118160,0.378466549395871
118161,118161,0.378155046400936
118162,118162,0.374576321109347
118163,118163,0.379689612581777
118164,118164,0.399594593186369
118193,118193,0.325389245221488
118194,118194,0.317916623062651
118195,118195,0.319908083043367
118214,118214,0.373709061270343
118215,118215,0.382008561696109
118216,118216,0.41392366254947
118226,118226,0.477856662217004
118227,118227,0.453307806606115
118228,118228,0.445926759186591
118229,118229,0.43658268134303
118230,118230,0.400073433974634
118716,118716,0.280403604185652
118736,118736,0.391403584244289
118743,118743,0.390773828741869
118775,118775,0.306843681455001
119025,119025,0.314669076431728
119026,119026,0.313859196792225
119027,119027,0.314370905231277
119032,119032,0.260155213616999
119033,119033,0.266412961768871
119125,119125,0.352030908671006
119126,119126,0.412774393715733
119127,119127,0.410503057996486
119128,119128,0.403961762673835
119129,119129,0.401486025142089
119130,119130,0.400219779766573
119131,119131,0.39644590351163
119176,119176,0.300215473861046
119177,119177,0.301101194885147
119178,119178,0.297033976506451
119179,119179,0.301721367342112
119339,119339,0.374304624900214
119340,119340,0.372417040059043
119341,119341,0.372606009077018
119342,119342,0.370894614032131
119414,119414,0.759795825019691
119588,119588,0.694151092218505
119628,119628,0.753409868343076
119636,119636,0.318134848226809
119637,119637,0.314462167286492
119647,119647,0.363927627640819
119648,119648,0.362359921167176
119664,119664,0.271117828611455
119684,119684,0.322764391915223
119685,119685,0.321991691739699
119686,119686,0.322656156571011
119687,119687,0.325085355149102
119688,119688,0.339515870927158
119689,119689,0.319807713148954
120160,120160,0.290833482425477
120234,120234,0.45747815436098
120235,120235,0.479106433290754
120236,120236,0.365078991973703
120237,120237,0.361815112460409
120238,120238,0.359782705463936
120239,120239,0.357031825354871
120296,120296,0.281809193865724
120297,120297,0.304795524126754
120298,120298,0.327928857373904
120299,120299,0.326210357050247
120300,120300,0.329188025441819
120575,120575,0.32973573233615
120723,120723,0.297810145556319
120789,120789,0.438977336414424
120790,120790,0.435298459804859
120938,120938,0.47147897398292
120939,120939,0.565638415767387
120940,120940,0.565638415767387
121092,121092,0.40315999009643
121093,121093,0.467515542159382
121094,121094,0.446246040889211
121095,121095,0.399405934995499
121096,121096,0.445664467186046
121140,121140,0.385629286644626
121141,121141,0.351727685360378
121143,121143,0.377964331804454
121144,121144,0.342354207409408
121145,121145,0.345944578607179
121146,121146,0.346734524587768
121147,121147,0.347168415020131
121148,121148,0.359918591678197
121149,121149,0.368229134229309
121150,121150,0.36950158989796
121151,121151,0.371543088572358
121168,121168,0.444065814528623
121169,121169,0.444037117160748
121170,121170,0.409808292856421
121174,121174,0.44337204356641
121175,121175,0.443522261300519
121176,121176,0.443573383462432
121177,121177,0.443596565413109
121178,121178,0.443619886583767
121179,121179,0.443654312991141
121180,121180,0.553325393371089
121181,121181,0.556364640769614
121182,121182,0.565697134887525
121183,121183,0.57865903670392
121184,121184,0.580420249942298
121185,121185,0.582153537246176
121201,121201,0.625
121202,121202,0.511217012789157
121203,121203,0.511330214649502
121204,121204,0.511367649987057
121205,121205,0.512911674608337
121240,121240,0.431712577219376
121242,121242,0.43384843562083
121431,121431,0.558973843663269
121432,121432,0.5
121467,121467,0.391234114412314
121490,121490,0.400941934306157
121491,121491,0.424057380622836
121492,121492,0.401284714530933
121754,121754,0.313807295259025
121755,121755,0.314043181452238
121756,121756,0.309057638523157
121757,121757,0.310660818730816
121758,121758,0.310727883034125
121868,121868,0.278502599000242
121869,121869,0.268680861077336
121870,121870,0.290945266185963
121871,121871,0.291846919778438
121872,121872,0.29605212163952
121873,121873,0.278538915467188
121874,121874,0.270757668107108
121875,121875,0.322638643527315
121876,121876,0.331360949201759
121877,121877,0.340149691673055
121878,121878,0.352263524522297
121879,121879,0.35626787105309
121880,121880,0.365573438010799
121881,121881,0.379750847139572
121882,121882,0.39370550445774
121883,121883,0.410690808995852
121884,121884,0.422881876669472
121885,121885,0.425690411989362
121886,121886,0.433444569972522
121887,121887,0.43790940877929
121888,121888,0.448707443805441
121896,121896,0.470828599769194
121897,121897,0.513479083366319
121914,121914,0.869837752724506
121927,121927,0.530883031687082
121928,121928,0.531648287987146
121929,121929,0.591266732035868
121930,121930,0.578993256775861
121931,121931,0.643809901532979
121932,121932,0.647165601544991
121933,121933,0.664704317988504
121934,121934,0.665842050708255
121935,121935,0.675187190136362
121936,121936,0.878867646528173
121937,121937,0.527230261485982
121938,121938,0.508445958068389
121984,121984,0.306320306065091
121985,121985,0.305791019995717
121986,121986,0.286249109327416
121987,121987,0.285256050069998
121988,121988,0.284366012099794
121989,121989,0.283196355444864
121990,121990,0.282470210491404
121999,121999,0.257497722307223
122000,122000,0.257037029324872
122001,122001,0.257822205167192
122002,122002,0.260134331418321
122003,122003,0.272816071098167
122004,122004,0.276185811656954
122005,122005,0.281947269166569
122006,122006,0.28386399786413
122007,122007,0.287111642747012
122008,122008,0.290437745304489
122009,122009,0.29175197466751
122010,122010,0.292917043850034
122011,122011,0.293869899002266
122012,122012,0.294714122518924
122013,122013,0.295147153914017
122014,122014,0.295653129534755
122015,122015,0.295838626830417
122016,122016,0.296077121808541
122017,122017,0.296788910548773
122018,122018,0.297163908077789
122019,122019,0.299870548632374
122020,122020,0.318906569020553
122052,122052,0.32839257211197
122104,122104,0.414840279094926
122105,122105,0.399041823890181
122106,122106,0.396388350077169
122107,122107,0.38430806471537
122115,122115,0.575243358287434
122116,122116,0.620936728029156
122117,122117,0.633610045387859
122118,122118,0.39477190283678
122119,122119,0.38461210343383
122120,122120,0.387955332059747
122121,122121,0.407948428251215
122122,122122,0.411321076475553
122123,122123,0.438899986797963
122175,122175,0.291970096436477
122180,122180,0.356409121732315
122181,122181,0.356373300437096
122182,122182,0.350650657785315
122183,122183,0.507258186257358
122184,122184,0.508668729132866
122185,122185,0.510075725237613
122186,122186,0.510142987217801
122187,122187,0.499832809418588
122188,122188,0.401983731449352
122189,122189,0.400559564472497
122190,122190,0.400505336396583
122191,122191,0.400445011589047
122192,122192,0.400390695797683
122193,122193,0.400243408771931
122194,122194,0.39997106684701
122195,122195,0.39984599761121
122196,122196,0.399753895739321
122197,122197,0.397821202815406
122198,122198,0.395834592934784
122199,122199,0.394624890927397
122200,122200,0.394155995681335
122201,122201,0.301124214544063
122202,122202,0.255699570969787
122211,122211,0.882951581552095
122212,122212,0.872624181885062
122213,122213,0.876287822052755
122214,122214,0.88862476445853
122215,122215,0.889411800315606
122216,122216,0.889411800315606
122225,122225,0.364052229545428
122410,122410,0.380359204220802
122411,122411,0.376984020474295
122412,122412,0.376937842381911
122413,122413,0.364536617886673
122433,122433,0.366232794204407
122434,122434,0.367506743621702
122435,122435,0.367436193092032
122436,122436,0.369253191129362
122437,122437,0.37020403752518
122438,122438,0.382020784964131
122439,122439,0.38303836207841
122440,122440,0.361900417810836
122441,122441,0.361887132265017
122442,122442,0.361874802439107
122443,122443,0.361867405617828
122444,122444,0.361856920536456
122445,122445,0.364313160821461
122481,122481,0.580546381327299
122482,122482,0.585573360807599
122661,122661,0.295265550429788
122662,122662,0.306276839537192
122673,122673,0.333556454246446
122674,122674,0.333577489930396
122675,122675,0.333585028447699
122676,122676,0.333592933533829
122805,122805,0.395833333333333
122806,122806,0.395833333333333
122807,122807,0.395833333333333
122808,122808,0.395833333333333
122809,122809,0.395833333333333
122810,122810,0.395833333333333
122811,122811,0.395833333333333
122812,122812,0.395833333333333
122813,122813,0.395833333333333
122905,122905,0.270600475927827
122906,122906,0.270586958387346
122907,122907,0.280263292323998
122908,122908,0.281015431320743
122914,122914,0.483275704402813
122915,122915,0.48329274721632
122916,122916,0.487157416588853
122917,122917,0.489722079053133
122918,122918,0.447740210765097
122919,122919,0.445134300262657
122920,122920,0.368651748685566
122921,122921,0.36844526491116
122922,122922,0.368261353669074
122923,122923,0.367047671921055
123172,123172,0.290537646971731
123173,123173,0.301926591412809
123174,123174,0.321835416860734
123175,123175,0.359938561273506
123176,123176,0.367123917795886
123177,123177,0.367625323674317
123178,123178,0.367847513378858
123179,123179,0.36805555611814
123180,123180,0.395833333333333
123181,123181,0.395833333333333
123182,123182,0.395833333333333
123183,123183,0.395833333333333
123184,123184,0.395833333333333
123185,123185,0.395833333333333
123223,123223,0.466373693844855
123408,123408,0.324622731403628
123409,123409,0.36613203601898
123716,123716,0.639451795502744
123717,123717,0.638693639392993
123832,123832,0.344584948784722
123833,123833,0.344013150076495
123834,123834,0.343543182915002
123835,123835,0.346081691273114
123836,123836,0.349342912295977
123837,123837,0.349344116779805
123838,123838,0.348466163969248
123860,123860,0.348406172335302
123861,123861,0.320039365310342
123862,123862,0.31849587214872
123863,123863,0.319747634346678
123864,123864,0.335570040137437
123865,123865,0.326361684015075
123880,123880,0.710426556852856
123881,123881,0.766169489689795
123882,123882,0.763798324739005
123891,123891,0.396218839390387
123892,123892,0.39983513008102
123904,123904,0.495803317492805
123905,123905,0.509567389064391
123988,123988,0.258493628596198
124179,124179,0.63969116251568
124180,124180,0.516093104462558
124181,124181,0.524341290858894
124182,124182,0.525977097112801
124183,124183,0.530631603424429
124184,124184,0.5625
124214,124214,0.310867692515942
124559,124559,0.562381387648073
124565,124565,0.355895642879132
124566,124566,0.356065979455306
124660,124660,0.475001013770841
124661,124661,0.474615336623285
124662,124662,0.480265483269742
124663,124663,0.480298641611231
124664,124664,0.478023701397843
124665,124665,0.491339165532393
124666,124666,0.472260529092754
124740,124740,0.439303881426549
124743,124743,0.482767193668288
124744,124744,0.481731480856327
124745,124745,0.480075805604625
124771,124771,0.401678590990692
124772,124772,0.401629825447355
124773,124773,0.401573956494417
124774,124774,0.401514375415664
124775,124775,0.397310473540253
124776,124776,0.401344583081643
125209,125209,0.408697003490941
125210,125210,0.409872431259418
125483,125483,0.443580503847591
125485,125485,0.798644678190737
125501,125501,0.655207765048311
125502,125502,0.591422962183125
125503,125503,0.591422962183125
125725,125725,0.327590000971349
125726,125726,0.311035983219975
125727,125727,0.361277652190918
125728,125728,0.368903717717373
125729,125729,0.369475107638914
125774,125774,0.450107645400899
125775,125775,0.445328719619089
125786,125786,0.264823860834617
125787,125787,0.266693493512579
125801,125801,0.305555557805891
126095,126095,0.344945970234346
126096,126096,0.34513094165363
126097,126097,0.351834909905316
126157,126157,0.330713452393063
126158,126158,0.32965855965236
126159,126159,0.324109574318241
126160,126160,0.314964039475542
126161,126161,0.295381168603082
126162,126162,0.286569825934623
126163,126163,0.278114191737281
126427,126427,0.276002143645257
126428,126428,0.273975685191924
126429,126429,0.288378038184044
126430,126430,0.310591906702611
126440,126440,0.344607772708019
126441,126441,0.327368942624915
126462,126462,0.269608404097065
126499,126499,0.309732161963763
126500,126500,0.296385259509096
126545,126545,0.491245693548819
126546,126546,0.487346271187991
126556,126556,0.367501072063657
126812,126812,0.579140561808752
126813,126813,0.730797933802175
126814,126814,0.574645033051326
126815,126815,0.5625
126816,126816,0.5625
126817,126817,0.5625
126819,126819,0.728711730901855
126820,126820,0.728711730901855
126821,126821,0.728711730901855
126883,126883,0.384173829116663
126884,126884,0.389204602397293
126885,126885,0.406226119323924
126886,126886,0.5
126896,126896,0.409218237079784
126897,126897,0.409952785019441
126898,126898,0.411841642987473
126938,126938,0.374426672270129
126987,126987,0.517615213252202
126988,126988,0.478012109016999
126989,126989,0.517503966109144
126990,126990,0.509530215074657
126991,126991,0.463337891303363
127001,127001,0.33299801085476
127027,127027,0.308405532052476
127099,127099,0.432559388591161
127100,127100,0.478256454332079
127101,127101,0.477351083168511
127102,127102,0.47730176824142
127103,127103,0.472737752579207
127232,127232,0.331711669986251
127233,127233,0.331681740296565
127234,127234,0.3315679768259
127235,127235,0.293416156128833
127236,127236,0.293428846057693
127295,127295,0.301650978638116
127296,127296,0.301311295354467
127301,127301,0.258170907884123
127302,127302,0.291190282100014
127348,127348,0.252809824885298
127375,127375,0.357103000971388
127380,127380,0.276100656321115
127381,127381,0.268925879669384
127382,127382,0.5
127383,127383,0.5625
127385,127385,0.258498340852197
127386,127386,0.253056547759786
127387,127387,0.253626489927407
127609,127609,0.413212427476362
127610,127610,0.417790589134198
127732,127732,0.337627689461522
127747,127747,0.639359261523185
127748,127748,0.696073607325782
127749,127749,0.698219387754432
127792,127792,0.34341841013892
127793,127793,0.303897553921834
127794,127794,0.296130394407223
127795,127795,0.265152379562156
127796,127796,0.268867832840118
127879,127879,0.307606488065519
128053,128053,0.456685327296606
128054,128054,0.457044430417793
128055,128055,0.452128392928114
128056,128056,0.442227613694703
128057,128057,0.448821543882584
128058,128058,0.469665691747154
128059,128059,0.467583988938234
128060,128060,0.515582177472894
128061,128061,0.516771543230044
128062,128062,0.530307011482322
128063,128063,0.545484743642439
128064,128064,0.548104770753995
128065,128065,0.555217161790072
128301,128301,0.267735456184087
128302,128302,0.291628493712786
128303,128303,0.385566997251407
128304,128304,0.377378999188074
128305,128305,0.377225171965106
128306,128306,0.361851832971308
128307,128307,0.349689040157637
128308,128308,0.348747877305111
128309,128309,0.319189701333728
128310,128310,0.386440220201003
128311,128311,0.384792387655861
128312,128312,0.274172167368149
128313,128313,0.282117030658965
128314,128314,0.283396148162918
128315,128315,0.28469933570893
128321,128321,0.284373844865789
128322,128322,0.291864492847433
128323,128323,0.434581702369642
128324,128324,0.292080463872636
128325,128325,0.284226669646436
128326,128326,0.282394220290785
128415,128415,0.290197584659185
128648,128648,0.25073107147586
128649,128649,0.26438076792869
128650,128650,0.2644352767037
128675,128675,0.502176175979942
128676,128676,0.498233022243676
128677,128677,0.518836368612427
128678,128678,0.52318301605485
128679,128679,0.52436113880212
128890,128890,0.371399314208709
128891,128891,0.291579815216965
128892,128892,0.285720790788134
128893,128893,0.438607739397824
128894,128894,0.439187063880457
128921,128921,0.250859792127335
128922,128922,0.250343594681293
128942,128942,0.441957424471239
128943,128943,0.417151185041914
128944,128944,0.411506223885939
128945,128945,0.397517800135463
128987,128987,0.429242963503197
128988,128988,0.429209849736658
128989,128989,0.423164168743532
128990,128990,0.423143071202669
128991,128991,0.423052569245712
128992,128992,0.422077797441992
128993,128993,0.384088571674361
129183,129183,0.759325425476719
129184,129184,0.759325425476719
129185,129185,0.265945945330365
129186,129186,0.324743041573965
129386,129386,0.848319960392678
129387,129387,0.859443394736992
129388,129388,0.386606150383616
129389,129389,0.385689437194672
129390,129390,0.37684901170345
129391,129391,0.358054335596123
129752,129752,0.519488163540246
130002,130002,0.332689529281867
130003,130003,0.336724746568848
130004,130004,0.336790264968973
130005,130005,0.325758928144848
130006,130006,0.325864699500178
130007,130007,0.251338987969539
130008,130008,0.251259024910739
130009,130009,0.33464673401566
130010,130010,0.334494122822812
130061,130061,0.281207043250791
130149,130149,0.394064945788217
130150,130150,0.374321778780666
130151,130151,0.351413112955643
130370,130370,0.409000105843931
130371,130371,0.428826872070163
130372,130372,0.425593128062403
130373,130373,0.422242720919555
130374,130374,0.38400757827243
130375,130375,0.383923915012272
130376,130376,0.383725357898104
130377,130377,0.383638569862855
130378,130378,0.467849438111024
130706,130706,0.296849602488482
130707,130707,0.282917985608483
130734,130734,0.332504151849687
131106,131106,0.340839910207106
131107,131107,0.339894699452106
131108,131108,0.345452527711465
131109,131109,0.333269147924599
131110,131110,0.33002571557482
131111,131111,0.327865444757663
131112,131112,0.324871752720559
131113,131113,0.293641862667464
131114,131114,0.373852009547059
131116,131116,0.442121961747991
131117,131117,0.315038302353632
131118,131118,0.33543248701594
131150,131150,0.342012702079979
131151,131151,0.402923062612244
131152,131152,0.405455006850504
131153,131153,0.405525831369241
131154,131154,0.405967819625844
131201,131201,0.343958292886966
131263,131263,0.35218659963689
131264,131264,0.36256524339403
131265,131265,0.365688023702892
131293,131293,0.313065770457896
131294,131294,0.313042565063505
131295,131295,0.313003449881621
131296,131296,0.312949256947154
131297,131297,0.312903112174891
131298,131298,0.312889999598107
131299,131299,0.263588661420656
131496,131496,0.414836138415939
131497,131497,0.380881765891469
131498,131498,0.424168514899504
131499,131499,0.431460271089771
131622,131622,0.286505293141606
131623,131623,0.279712110998686
131624,131624,0.266559995943525
131625,131625,0.266326914556418
131626,131626,0.27187762338344
131627,131627,0.251034300762499
131754,131754,0.267735456184087
131755,131755,0.331372718015075
131811,131811,0.491072516424474
131812,131812,0.489766455498706
131849,131849,0.250503832115727
132014,132014,0.45991677071029
132015,132015,0.456060984129636
132016,132016,0.41786383690704
132244,132244,0.310414014638296
132245,132245,0.351014056158125
132260,132260,0.352524174031502
132331,132331,0.450427302603666
132332,132332,0.445603720792994
132543,132543,0.30703887255388
132544,132544,0.276588760385643
132545,132545,0.285273200242829
132546,132546,0.359559636468915
132547,132547,0.359654763828092
132555,132555,0.313225001598877
132674,132674,0.298380671189921
132675,132675,0.267213678493278
132676,132676,0.298176999856455
132743,132743,0.251226254121697
132744,132744,0.252351451716
132745,132745,0.258129140642936
132746,132746,0.28236162163013
132782,132782,0.43287525088578
132783,132783,0.500864703188186
132784,132784,0.500068432429539
132979,132979,0.578613865895308
132980,132980,0.582060897209764
132981,132981,0.601621794419528
133039,133039,0.390602913405875
133040,133040,0.390500600685044
133041,133041,0.390118000550994
133042,133042,0.377494635293539
133043,133043,0.388391122436548
133044,133044,0.392294238947839
133045,133045,0.391274202596749
133147,133147,0.502875310552898
133148,133148,0.503054139870443
133149,133149,0.322682912982582
133150,133150,0.327328933819143
133151,133151,0.327344614149649
133152,133152,0.320832384020892
133153,133153,0.374765593412818
133154,133154,0.376998451033393
133155,133155,0.371403539579655
133156,133156,0.372290171138804
133334,133334,0.307677941273531
133335,133335,0.315973930147488
133336,133336,0.324862553382938
133370,133370,0.313104268473371
133375,133375,0.38444751181493
133376,133376,0.386822749125894
133377,133377,0.382875384068225
133378,133378,0.39558081558492
133379,133379,0.375106221295593
133380,133380,0.377824620116963
133381,133381,0.378322109181055
133382,133382,0.379977483473422
133383,133383,0.380112099342135
133396,133396,0.301655394965416
133442,133442,0.345063003383437
133443,133443,0.359459883363387
133703,133703,0.261137822185589
133704,133704,0.250107031564068
133705,133705,0.252115826247617
133728,133728,0.377008505910402
133729,133729,0.372793068920793
133730,133730,0.376441002423786
133731,133731,0.376826372978589
133817,133817,0.379925903758174
133818,133818,0.383076312124574
133889,133889,0.267735456184087
133890,133890,0.36819328732936
133948,133948,0.393217132534336
133949,133949,0.393452380952381
133950,133950,0.333333333333333
133968,133968,0.282053860548502
133971,133971,0.25297215645319
133973,133973,0.264475189197165
133976,133976,0.343216286531423
133977,133977,0.387923210964277
133978,133978,0.417866932878672
133979,133979,0.42033524119279
133980,133980,0.427153324621016
133981,133981,0.434536741634801
133982,133982,0.452122953923202
134379,134379,0.265334955598547
134514,134514,0.58797018564586
134515,134515,0.565638415767387
134516,134516,0.565638415767387
134517,134517,0.565095398055199
134545,134545,0.367986306215532
134546,134546,0.372903922494446
134547,134547,0.372893028877659
134548,134548,0.369326318943121
134549,134549,0.369274910042745
134550,134550,0.370076170550466
134552,134552,0.303865154402759
134650,134650,0.281704505182589
134651,134651,0.281780757447594
134652,134652,0.281751954760687
134653,134653,0.280221388953474
134683,134683,0.373791227832989
134904,134904,0.32912670077998
134905,134905,0.354576639652274
134906,134906,0.354687960249372
134907,134907,0.355104045219771
134908,134908,0.358648147141077
135002,135002,0.341946571156763
135003,135003,0.349974784821856
135004,135004,0.350059740600615
135005,135005,0.350089552712717
135006,135006,0.466195524477824
135007,135007,0.467750888131368
135008,135008,0.471920225487084
135013,135013,0.310448150199466
135014,135014,0.317220426739126
135015,135015,0.314781094499604
135016,135016,0.309322225875646
135017,135017,0.308761380390275
135169,135169,0.275197786813529
135170,135170,0.251285474623628
135195,135195,0.322655203306821
135206,135206,0.60425996420566
135295,135295,0.791211730901855
135318,135318,0.778694960284738
135319,135319,0.78342393808506
135320,135320,0.78342393808506
135385,135385,0.258252059271899
135386,135386,0.253433979456338
135614,135614,0.423136052470275
135615,135615,0.388828960872174
135618,135618,0.259440036808326
135619,135619,0.266674111713252
135620,135620,0.254096754649148
135622,135622,0.282447560773635
135672,135672,0.906605189857498
135673,135673,0.385834113448351
135674,135674,0.386416893313288
135915,135915,0.276672771244633
135951,135951,0.395355410684775
136042,136042,0.332504151849687
136320,136320,0.805350991767046
136321,136321,0.806295552381151
136322,136322,0.521572806895401
136357,136357,0.396030912952744
136358,136358,0.395231649511513
136399,136399,0.419559173950144
136400,136400,0.400739264037006
136481,136481,0.403958437859638
136630,136630,0.432346225892058
136652,136652,0.366758381622477
136653,136653,0.340679893550733
136725,136725,0.376667929793077
136726,136726,0.364240126594147
136762,136762,0.411951620619231
136763,136763,0.349451620619231
136832,136832,0.345138586862866
136833,136833,0.308309464502982
136834,136834,0.278095002973682
136835,136835,0.275800836335403
136836,136836,0.274390981604395
136844,136844,0.336592046800609
136845,136845,0.358831475824127
136846,136846,0.32997778975288
136847,136847,0.31331387294972
136922,136922,0.281385471481739
136923,136923,0.757971208104662
136936,136936,0.310839582130213
136937,136937,0.276088746043176
136938,136938,0.290287177864908
136939,136939,0.289962848789973
136968,136968,0.722514255563854
136969,136969,0.719757910222318
136970,136970,0.718136025367409
136971,136971,0.439096328366231
136972,136972,0.45373875521048
136973,136973,0.393892303047523
136974,136974,0.385785465256986
137380,137380,0.435946350175959
137509,137509,0.734761735014452
137655,137655,0.791211730901855
137656,137656,0.797701999063211
137657,137657,0.797701999063211
137705,137705,0.332504151849687
137706,137706,0.346574211410762
137707,137707,0.346392668332148
137739,137739,0.594432786758715
137835,137835,0.377476267314545
137836,137836,0.382265943780735
137837,137837,0.396521411515827
137847,137847,0.596789282743867
137848,137848,0.596789282743867
137849,137849,0.4301226160772
137850,137850,0.4301226160772
137851,137851,0.4301226160772
137852,137852,0.263455949410534
137853,137853,0.263455949410534
137854,137854,0.263455949410534
137893,137893,0.327342401928243
137894,137894,0.315921832908086
137896,137896,0.344902568875205
137897,137897,0.343555328825104
137898,137898,0.345190555569707
137899,137899,0.323784838290344
137903,137903,0.562348934184945
137904,137904,0.562326131071865
137905,137905,0.562242296475547
137906,137906,0.562209534002883
137907,137907,0.562184821137093
137908,137908,0.562160874136098
137909,137909,0.562120877483947
137910,137910,0.562104184382271
137911,137911,0.5
137979,137979,0.257862015967538
137980,137980,0.258368893967402
137981,137981,0.256615888255804
137982,137982,0.25768940731833
137983,137983,0.263777093468665
137984,137984,0.264123534158702
137990,137990,0.504617223843807
138174,138174,0.416135188143787
138175,138175,0.352283226097783
138324,138324,0.467698059591841
138325,138325,0.461842567029578
138326,138326,0.45518605938094
138327,138327,0.45518605938094
138328,138328,0.45518605938094
138329,138329,0.45518605938094
138330,138330,0.45518605938094
138331,138331,0.45518605938094
138332,138332,0.454391965660942
138352,138352,0.257005549156115
138353,138353,0.256277250700738
138355,138355,0.512425672891428
138356,138356,0.525653622130778
138357,138357,0.507477070878511
138358,138358,0.496772812058682
138359,138359,0.396757227771022
138497,138497,0.650444671672247
138498,138498,0.422439328402723
138521,138521,0.320987556573444
138744,138744,0.409149078276132
138745,138745,0.39549201946131
138805,138805,0.332405016493627
138806,138806,0.473256674333388
138807,138807,0.477715014438542
138808,138808,0.472061738849206
138809,138809,0.438967180118641
138810,138810,0.438662565038458
138811,138811,0.428338265990666
138812,138812,0.428598666803676
138813,138813,0.434799389270565
138828,138828,0.338338285965666
138928,138928,0.495482900198583
139091,139091,0.348473528516265
139092,139092,0.327007025645448
139117,139117,0.643932920616607
139172,139172,0.368293725560506
139175,139175,0.259512081529892
139176,139176,0.260498226891592
139268,139268,0.253241219000176
139356,139356,0.300615102442984
139357,139357,0.375519726849825
139358,139358,0.317720249127697
139359,139359,0.308648872740225
139717,139717,0.416731842604914
139718,139718,0.413844827544407
139760,139760,0.295221667429771
139859,139859,0.389859091561666
139860,139860,0.393894765456955
139861,139861,0.394175635416409
139862,139862,0.39444485564645
139863,139863,0.395040093665325
139864,139864,0.395319666014663
139865,139865,0.40138662563699
139866,139866,0.401638297001883
139953,139953,0.33921190730821
139954,139954,0.336997062839006
139955,139955,0.335987736497078
139956,139956,0.334921990202535
139957,139957,0.345453719364262
139958,139958,0.345844276039075
139959,139959,0.344107540729716
139969,139969,0.269095677109073
140014,140014,0.357589523553487
140069,140069,0.787601584245989
140070,140070,0.781997339577866
140290,140290,0.343786661251649
140291,140291,0.343695734315068
140292,140292,0.343679248639369
140293,140293,0.327368942624915
140496,140496,0.395833333333333
140497,140497,0.333333333333333
140600,140600,0.453294092858639
140601,140601,0.461993955650743
140602,140602,0.462111934149608
140603,140603,0.464682884002506
140604,140604,0.475080095730568
140637,140637,0.516326101924424
140661,140661,0.882622729935616
140662,140662,0.473769208690873
140663,140663,0.463518503714887
140664,140664,0.399665400134733
140665,140665,0.287838040899404
140666,140666,0.757408647815624
140667,140667,0.349170025580691
140668,140668,0.410162025045199
140960,140960,0.400479124011665
140961,140961,0.39873777167737
140962,140962,0.397199023308862
140963,140963,0.388763433471544
140964,140964,0.392791175047925
140965,140965,0.31975423858513
140966,140966,0.319711507621309
141033,141033,0.301293546044991
141034,141034,0.297466489350538
141035,141035,0.296873445558015
141036,141036,0.260179943454486
141040,141040,0.399567670581787
141041,141041,0.395673227195139
141042,141042,0.398093900316424
141043,141043,0.398696091641899
141044,141044,0.398925148197171
141045,141045,0.422888811015879
141107,141107,0.391207099583537
141108,141108,0.407266968567377
141109,141109,0.823772790926984
141111,141111,0.539156309698631
141112,141112,0.53569784429785
141113,141113,0.517945813092003
141127,141127,0.821517327756341
141128,141128,0.404212033178053
141144,141144,0.332075060591007
141145,141145,0.320600170271332
141146,141146,0.318000056884441
141147,141147,0.316971777108846
141161,141161,0.384444306384519
141162,141162,0.384388580769747
141163,141163,0.354345564340907
141164,141164,0.384789113012218
141318,141318,0.29370540923023
141319,141319,0.296328657438062
141320,141320,0.298387202483328
141322,141322,0.284364397955387
141332,141332,0.266358699282899
141333,141333,0.26674935449892
141334,141334,0.267144198423983
141335,141335,0.278901444299254
141452,141452,0.416135188143787
141453,141453,0.41660342248548
141454,141454,0.265664031554775
141753,141753,0.405563752501001
141798,141798,0.38405996628275
141802,141802,0.55880572797866
141923,141923,0.345917059116594
141924,141924,0.345932894167507
141925,141925,0.345969893935184
141926,141926,0.347185992769892
141927,141927,0.348310184144992
141928,141928,0.331529307400375
141945,141945,0.742214900626353
141946,141946,0.742214900626353
141947,141947,0.735689511257606
141948,141948,0.736640581089822
141949,141949,0.740520239641242
141950,141950,0.740520239641242
141979,141979,0.634977289895531
141980,141980,0.634977289895531
141981,141981,0.634977289895531
141982,141982,0.634977289895531
141983,141983,0.634977289895531
141984,141984,0.634977289895531
141985,141985,0.572477289895531
141994,141994,0.332504151849687
142213,142213,0.40503924543128
142214,142214,0.408393791694832
142488,142488,0.380903237216652
142489,142489,0.376162778548561
142490,142490,0.36938537895688
142491,142491,0.366369831245927
142492,142492,0.363496165254988
142493,142493,0.358677698951143
142494,142494,0.360550949527205
142526,142526,0.395833333333333
142527,142527,0.395833333333333
142528,142528,0.395833333333333
142529,142529,0.395833333333333
142530,142530,0.395833333333333
142531,142531,0.395833333333333
142532,142532,0.395833333333333
142533,142533,0.395831021686912
142534,142534,0.395833333333333
142535,142535,0.395833333333333
142536,142536,0.395833333333333
142681,142681,0.292055176502343
142682,142682,0.293318540880276
142748,142748,0.572582572364223
142749,142749,0.333942158988163
142750,142750,0.34181850494026
142973,142973,0.411589932579996
142974,142974,0.427346531826658
142975,142975,0.40744344147276
142976,142976,0.40744344147276
142977,142977,0.34494344147276
143062,143062,0.287442128355781
143156,143156,0.323704944679719
143211,143211,0.422429405237573
143212,143212,0.421542703914156
143213,143213,0.421527899907556
143214,143214,0.427886934478805
143215,143215,0.425011664811113
143216,143216,0.430409021433706
143218,143218,0.422249712755519
143219,143219,0.466403169185621
143464,143464,0.424472223506777
143465,143465,0.419452051174772
143466,143466,0.43578325196943
143480,143480,0.596996578551305
143481,143481,0.49463230465523
143520,143520,0.399979824440569
143521,143521,0.337479824440569
143645,143645,0.335716068203453
143647,143647,0.27689827508193
143667,143667,0.347570816756289
143976,143976,0.420676508866704
143980,143980,0.755199020676054
143987,143987,0.884228603943449
143990,143990,0.331899955705816
143991,143991,0.266829957664444
143992,143992,0.272649818957851
143993,143993,0.275587689136679
143994,143994,0.287224938026553
144011,144011,0.502588421975387
144012,144012,0.51678706126224
144013,144013,0.465255137013599
144014,144014,0.524074470969062
144171,144171,0.422410446563952
144172,144172,0.651577113230619
144173,144173,0.581116013165792
144447,144447,0.821825425476719
144448,144448,0.821301468944693
144449,144449,0.823340377190144
144450,144450,0.823510819139953
144451,144451,0.822839098102183
144455,144455,0.308053247268556
144610,144610,0.393182389605424
144611,144611,0.392983435027849
144612,144612,0.39291020783266
144613,144613,0.331439393939394
144930,144930,0.286675599931066
144931,144931,0.301033295031754
144949,144949,0.577988789318052
144950,144950,0.591177818587163
145579,145579,0.625
145580,145580,0.625
145581,145581,0.434934246405361
145582,145582,0.437356601245907
145583,145583,0.386201943451645
145693,145693,0.31611131070475
145694,145694,0.316332115703631
145695,145695,0.317057634277455
145696,145696,0.316699040766317
145697,145697,0.321329337485513
145698,145698,0.319090553537565
145734,145734,0.289830750108953
145735,145735,0.284474660038435
145736,145736,0.284377080321323
145850,145850,0.756719326031088
145851,145851,0.756696231824291
145852,145852,0.748696923261286
145853,145853,0.747117076313858
145855,145855,0.281221413313216
145856,145856,0.287890040392796
146006,146006,0.333333333333333
146007,146007,0.395833333333333
146190,146190,0.327001249554139
146201,146201,0.326366098145214
146206,146206,0.514164009797305
146207,146207,0.509539031538886
146209,146209,0.463062400841897
146210,146210,0.40021978970625
146284,146284,0.503725843965656
146285,146285,0.503679140283536
146286,146286,0.463820397581375
146293,146293,0.325581446323727
146294,146294,0.320615840664644
146295,146295,0.322508267801818
146296,146296,0.325835414102352
146297,146297,0.327487092369313
146298,146298,0.330148803630133
146416,146416,0.324334222940507
146417,146417,0.322476291569995
146418,146418,0.322621386243258
146430,146430,0.320659931723343
146462,146462,0.363362854172991
146463,146463,0.358774840919901
146464,146464,0.357992687427774
146465,146465,0.357914611748681
146469,146469,0.258693387837422
146470,146470,0.25604875489322
146471,146471,0.255772935468278
146472,146472,0.277770727415619
146473,146473,0.295528401110676
146485,146485,0.295521869916053
146486,146486,0.296699259359846
146487,146487,0.297540241636803
146566,146566,0.303088672013982
146567,146567,0.303631637849739
146568,146568,0.302975193628948
146569,146569,0.304433157949714
146570,146570,0.301706593396991
146571,146571,0.302956032381522
146572,146572,0.302058444522068
146573,146573,0.303589900592464
146574,146574,0.301260827527264
146976,146976,0.305007137168762
147072,147072,0.439798607317098
147073,147073,0.42400776002875
147074,147074,0.426743472326869
147085,147085,0.869307218741334
147086,147086,0.875337533867721
147087,147087,0.874028933697818
147088,147088,0.861878876688905
147089,147089,0.863359570649458
147090,147090,0.868840223716203
147091,147091,0.868840223716203
147092,147092,0.892944081538136
147139,147139,0.399081228935867
147140,147140,0.415735175240548
147141,147141,0.4201677660966
147142,147142,0.421448307436141
147143,147143,0.413742241384247
147144,147144,0.409789508055993
147145,147145,0.416429205530442
147146,147146,0.41660534616091
147243,147243,0.394096568850779
147248,147248,0.288913021969794
147249,147249,0.288848141634642
147250,147250,0.285669685143248
147251,147251,0.285319522075919
147252,147252,0.39586917876625
147253,147253,0.387906974406931
147254,147254,0.381144934241085
147255,147255,0.321722462042984
147256,147256,0.314669527783341
147257,147257,0.300533879622795
147258,147258,0.268000992757802
147259,147259,0.262316136178364
147433,147433,0.260959700215658
147446,147446,0.423232400688577
147589,147589,0.275285811826698
147590,147590,0.428730734119449
147591,147591,0.450380022313311
147592,147592,0.512745006028372
147716,147716,0.448662439872617
147717,147717,0.473635583594902
147718,147718,0.473599747396243
147719,147719,0.452481231698699
147743,147743,0.251190006345051
147763,147763,0.313347401863176
147764,147764,0.314121334347649
147786,147786,0.3253638390553
147787,147787,0.320718350860168
147788,147788,0.271000920441657
147789,147789,0.276762873045209
147790,147790,0.437353251369305
147791,147791,0.438334781962434
147792,147792,0.427103303760484
148011,148011,0.407114099322454
148012,148012,0.415893417419291
148013,148013,0.433942471362373
148014,148014,0.759745165745685
148015,148015,0.75
148051,148051,0.256243147102165
148052,148052,0.293498870331037
148053,148053,0.31176752186645
148054,148054,0.820603244597451
148272,148272,0.415283121747229
148281,148281,0.274825093658553
148282,148282,0.279004509401907
148283,148283,0.266895553231282
148284,148284,0.266362048920008
148577,148577,0.514783853934968
148578,148578,0.579312255326311
148579,148579,0.578959110278192
148673,148673,0.395833333333333
148674,148674,0.395833333333333
148675,148675,0.395833333333333
148676,148676,0.395833333333333
148677,148677,0.395833333333333
148678,148678,0.395833333333333
148679,148679,0.395833333333333
148680,148680,0.395833333333333
148681,148681,0.395833333333333
148682,148682,0.395833333333333
148683,148683,0.395833333333333
148684,148684,0.395833333333333
148712,148712,0.462100710320026
148713,148713,0.427211481790148
148714,148714,0.429263277192732
148715,148715,0.410322790581379
148716,148716,0.425440483270626
148717,148717,0.42634297558233
148718,148718,0.427479710852562
148719,148719,0.430554500222912
148720,148720,0.434124810986759
148721,148721,0.412569823952769
148781,148781,0.535109829134803
148782,148782,0.5267921028111
148927,148927,0.324757606372824
148928,148928,0.342354170250193
149457,149457,0.56238244637399
149564,149564,0.403224331744746
149565,149565,0.396635400951657
149566,149566,0.396538183406789
149567,149567,0.396513396377085
149568,149568,0.396490911052875
149569,149569,0.394232972772831
149570,149570,0.394173737046195
149571,149571,0.394079092116734
149572,149572,0.333333333333333
149624,149624,0.339824891616202
149627,149627,0.363391564038623
149650,149650,0.416877714361772
149651,149651,0.415895391487115
150011,150011,0.277807106396664
150012,150012,0.278777043753637
150013,150013,0.372976482645992
150014,150014,0.362201250853106
150015,150015,0.28062254380665
150016,150016,0.281743328291708
150017,150017,0.291312742267005
150018,150018,0.29120209994619
150101,150101,0.364060740340872
150102,150102,0.334176843653663
150103,150103,0.430335932098102
150104,150104,0.262915522160885
150105,150105,0.277397291026517
150106,150106,0.285280118865552
150107,150107,0.277309490345626
150108,150108,0.2784117973766
150109,150109,0.279919671821206
150110,150110,0.281106865820802
150279,150279,0.300206598843957
150280,150280,0.290162838874304
150502,150502,0.396202099550611
150503,150503,0.391908667990601
150504,150504,0.390749994431593
150505,150505,0.380621716624291
150506,150506,0.368899461945584
150507,150507,0.309596521914916
150508,150508,0.314755346302173
150509,150509,0.311240695995002
150628,150628,0.346933469689317
150629,150629,0.35874959380553
150631,150631,0.37813081405866
150632,150632,0.358359436197237
150661,150661,0.437638508453694
150662,150662,0.259424230255114
150663,150663,0.256927231555189
150667,150667,0.396548623744805
150668,150668,0.408162930936243
150669,150669,0.416149012875915
150853,150853,0.364253705145584
150854,150854,0.364185453907763
150855,150855,0.364156549655748
150856,150856,0.364130770143836
150857,150857,0.363886086719362
150858,150858,0.363690651562912
150859,150859,0.345552936415039
150860,150860,0.345552935667483
150861,150861,0.365258586888871
150862,150862,0.363541057856402
150863,150863,0.363968212745362
150864,150864,0.36406897255962
150865,150865,0.364149309833072
150866,150866,0.34329381413536
151155,151155,0.341255341706083
151650,151650,0.297885804209906
151651,151651,0.298871565936302
151652,151652,0.29363778989813
152071,152071,0.31353100672469
152072,152072,0.3540354372207
152106,152106,0.333333333333333
152195,152195,0.475362631209477
152196,152196,0.625
152254,152254,0.341778630864421
152255,152255,0.342480259997841
152256,152256,0.320189739762271
152257,152257,0.318936299637739
152258,152258,0.318717974391323
152259,152259,0.318657227570636
152260,152260,0.314434499547971
152261,152261,0.318857795796216
152262,152262,0.318749669664714
152263,152263,0.317183384012208
152264,152264,0.317097586208202
152265,152265,0.316813676629659
152266,152266,0.276459303361952
152267,152267,0.791211730901855
152268,152268,0.790124938622205
152269,152269,0.780532499689573
152270,152270,0.77939816437823
152271,152271,0.363592766224421
152272,152272,0.363546500511439
152273,152273,0.346009507880983
152274,152274,0.280778893259896
152275,152275,0.327526949248809
152276,152276,0.327582933181429
152277,152277,0.330260798620219
152278,152278,0.330289105922522
152279,152279,0.346963971608194
152280,152280,0.346946996723732
152281,152281,0.349271414267465
152282,152282,0.349220780506456
152283,152283,0.333766778112314
152284,152284,0.375846621378136
152285,152285,0.375894694101679
152309,152309,0.283838553942657
152310,152310,0.290919773705395
152351,152351,0.348731767613218
152821,152821,0.251132005476465
152822,152822,0.251021053648825
152823,152823,0.34406329944113
152824,152824,0.350780079423806
152825,152825,0.359462625490858
152826,152826,0.352527678671652
152849,152849,0.561674147320941
152857,152857,0.257650065475164
152913,152913,0.300121204269818
152920,152920,0.268551626953714
152972,152972,0.390962623214239
153023,153023,0.392699121651062
153024,153024,0.392609619734576
153025,153025,0.392528136604792
153026,153026,0.392500801222585
153027,153027,0.392478253618615
153028,153028,0.392412170468498
153029,153029,0.392386387653965
153030,153030,0.331081081081081
153100,153100,0.478351639721357
153101,153101,0.478102158502207
153102,153102,0.489189129387545
153103,153103,0.490526465496483
153104,153104,0.496075735103551
153105,153105,0.514513367831775
153310,153310,0.257965722195254
153311,153311,0.256751129577548
153312,153312,0.254473191239636
153519,153519,0.410318980378794
153520,153520,0.411462844363885
153521,153521,0.412841042887369
153522,153522,0.414048975083928
153572,153572,0.251583071547155
153573,153573,0.257783415176078
153574,153574,0.275219636908967
153575,153575,0.264318670705344
153576,153576,0.251556761301914
153578,153578,0.287444664866039
153579,153579,0.28627735744898
153580,153580,0.28767426302088
153581,153581,0.290159578764368
153582,153582,0.257944741446766
153669,153669,0.298734576359116
153691,153691,0.804365157127562
153692,153692,0.745827100141305
153702,153702,0.800255795038711
153703,153703,0.45980545933202
153704,153704,0.336379199517286
153736,153736,0.401139393631165
153737,153737,0.394321011751039
153738,153738,0.392178215686556
153788,153788,0.284556740096983
154026,154026,0.304635187416503
154027,154027,0.310226496326847
154029,154029,0.355405221050863
154038,154038,0.295263425875904
154039,154039,0.293956520998899
154040,154040,0.285972498915012
154209,154209,0.599098252198217
154210,154210,0.60772197732281
154211,154211,0.550575524560078
154212,154212,0.5505652944421
154213,154213,0.550559170593867
154214,154214,0.551100992182466
154231,154231,0.373547367155938
154232,154232,0.3670461277095
154233,154233,0.334011926325515
154234,154234,0.32531027348411
154235,154235,0.322510533276754
154236,154236,0.332264748177989
154237,154237,0.279884401044905
154238,154238,0.294931344127844
154239,154239,0.254274260701796
154332,154332,0.34109149291045
154387,154387,0.300017554549031
154388,154388,0.302760763096791
154389,154389,0.302539783178387
154390,154390,0.302261295903601
154391,154391,0.315427692301227
154392,154392,0.323770216031774
154393,154393,0.334383646634154
154394,154394,0.34462947638428
154395,154395,0.369415630568499
154396,154396,0.373591822180765
154397,154397,0.377024743330138
154398,154398,0.376621299688748
154399,154399,0.6875
154477,154477,0.267212895836835
154478,154478,0.266939541643656
154479,154479,0.270552453947469
154480,154480,0.272679451842567
154481,154481,0.278533924230374
154785,154785,0.277106037708374
154786,154786,0.326846473378846
154918,154918,0.425223655063845
154919,154919,0.443849528381993
155136,155136,0.360285093061757
155137,155137,0.359183091817422
155138,155138,0.359219227803068
155139,155139,0.359251504900073
155164,155164,0.315213949058558
155165,155165,0.309785443297933
155166,155166,0.314493805663025
155167,155167,0.315825261951963
155182,155182,0.365683355213775
155183,155183,0.39640617347609
155184,155184,0.39316632563533
155339,155339,0.400816155305591
155341,155341,0.390928130456821
155342,155342,0.394129451041425
155343,155343,0.399098127354325
155344,155344,0.400625788487337
155533,155533,0.275695694532538
155542,155542,0.333272283943794
155543,155543,0.333241948177019
155545,155545,0.329243432832693
155546,155546,0.329048134262697
155547,155547,0.32745554834306
155548,155548,0.334357204390983
155549,155549,0.344877448372919
155550,155550,0.330901500239679
155551,155551,0.330675277518805
155580,155580,0.329288290318663
155581,155581,0.334743973626647
155582,155582,0.336228304732749
155583,155583,0.341291515551786
155584,155584,0.343649357112099
155585,155585,0.348922072360001
155586,155586,0.277873923173165
155587,155587,0.285075146367324
155597,155597,0.2792328758937
155621,155621,0.361443160078795
155622,155622,0.353384080452588
155623,155623,0.341760937051469
155629,155629,0.272666695653743
155630,155630,0.270949063291257
155780,155780,0.389050595373462
155781,155781,0.38773441007435
155794,155794,0.269365170559863
155798,155798,0.264616621792095
155799,155799,0.250709754497384
155852,155852,0.2705250589906
155853,155853,0.28608438353616
155854,155854,0.291868035987244
155855,155855,0.364730450232668
155856,155856,0.384907119695459
155857,155857,0.369351429017946
155858,155858,0.373071611446353
155859,155859,0.373027499605649
155860,155860,0.3453020096205
156080,156080,0.278004569779339
156155,156155,0.411743734673274
156188,156188,0.258778883745462
156189,156189,0.258302372886658
156195,156195,0.265165393947258
156196,156196,0.278592389559244
156197,156197,0.27812479560937
156198,156198,0.2827135086408
156199,156199,0.278464307208352
156200,156200,0.284428717384443
156201,156201,0.289253015727807
156395,156395,0.40784503577546
156398,156398,0.278977259928647
156399,156399,0.258085728568413
156574,156574,0.288737332544638
156593,156593,0.872670647735117
156597,156597,0.255236638274517
156598,156598,0.265980521202221
156599,156599,0.266905659541172
156600,156600,0.251686295221523
156851,156851,0.337068714290824
156852,156852,0.339180916244596
157241,157241,0.327872519429675
157352,157352,0.361480703737364
157353,157353,0.364887448350197
157364,157364,0.50726047455287
157365,157365,0.513465825861384
157398,157398,0.336528881742279
157399,157399,0.335911325959222
157400,157400,0.335265686092163
157401,157401,0.334062209489618
157402,157402,0.317940360297474
157403,157403,0.317319241748461
157404,157404,0.317041383057434
157405,157405,0.31685965441047
157806,157806,0.250039425148261
157901,157901,0.334128691783528
157917,157917,0.503147285061083
157918,157918,0.502303976428736
157919,157919,0.440868743449737
157932,157932,0.444010998962793
157933,157933,0.46809113877802
157937,157937,0.730942437091172
157938,157938,0.813687668854925
157939,157939,0.81291588149223
157957,157957,0.456372309875443
157958,157958,0.456372309875443
157959,157959,0.456372309875443
157960,157960,0.454877381931925
158113,158113,0.455313317210005
158114,158114,0.393374682567674
158115,158115,0.393374444868617
158116,158116,0.39330832763826
158117,158117,0.393345106143413
158118,158118,0.393723628691983
158119,158119,0.395833333333333
158120,158120,0.333333333333333
158176,158176,0.375874807542378
158177,158177,0.381064925096816
158178,158178,0.373751782798984
158179,158179,0.374021993292969
158254,158254,0.400604892435311
158255,158255,0.401770935143718
158256,158256,0.360676704211526
158257,158257,0.364653950114532
158258,158258,0.371740517632954
158259,158259,0.394364282777302
158260,158260,0.360552620810509
158261,158261,0.380780392436499
158318,158318,0.625
158319,158319,0.625
158320,158320,0.591276601129061
158321,158321,0.584162282167542
158322,158322,0.580566344375888
158323,158323,0.580346819040825
158348,158348,0.312153335325809
158349,158349,0.360064948092862
158350,158350,0.37215773431112
158351,158351,0.372155896185641
158372,158372,0.279872671164494
158373,158373,0.279851646192626
158374,158374,0.278200568020222
158558,158558,0.397027826141934
158559,158559,0.400853769888182
158560,158560,0.401901463752364
158652,158652,0.331523084353763
158653,158653,0.354604636952271
158834,158834,0.328898101145903
158835,158835,0.328862681293156
158836,158836,0.328777764261315
158837,158837,0.328728192891052
158838,158838,0.325443530947654
158839,158839,0.3194156093277
158840,158840,0.298553252271137
158841,158841,0.297708866530292
158842,158842,0.297001275813495
158843,158843,0.296952523984442
158844,158844,0.292929142022552
158845,158845,0.294631827350587
158846,158846,0.263038771930105
158874,158874,0.313137213202747
158875,158875,0.304352630330321
158876,158876,0.301350114048984
158877,158877,0.275590050862333
158879,158879,0.30418420947774
158880,158880,0.30404734291452
158881,158881,0.303796830327316
158882,158882,0.303482669241671
158883,158883,0.30300413791702
158884,158884,0.309849177784179
159438,159438,0.623200205438565
159502,159502,0.79872198081553
159503,159503,0.792093942375083
159504,159504,0.645867289902635
159505,159505,0.504187893722247
159506,159506,0.493858856662488
159507,159507,0.490003307266969
159508,159508,0.399792797355269
159509,159509,0.395693001292997
159652,159652,0.345386545985855
159653,159653,0.35168602954381
159658,159658,0.5
159664,159664,0.528871143034849
159665,159665,0.53474492870645
159666,159666,0.534508948183451
159743,159743,0.347517469474697
159744,159744,0.347490680942106
159745,159745,0.348947446398025
159746,159746,0.348932964954462
159763,159763,0.475186893248161
159764,159764,0.570178133147333
159765,159765,0.512907124968319
159766,159766,0.467842450202623
159767,159767,0.46828457060002
159819,159819,0.273412678242939
159820,159820,0.417355173384743
160017,160017,0.288537440739835
160018,160018,0.2982577657746
160019,160019,0.297606636346263
160020,160020,0.297107054115603
160021,160021,0.260897346743299
160075,160075,0.350749172480511
160076,160076,0.352269511083859
160077,160077,0.353393373755092
160109,160109,0.503026288596946
160110,160110,0.510548265665613
160111,160111,0.496078001289725
160112,160112,0.495278853881797
160113,160113,0.493645996380297
160114,160114,0.482036051526923
160115,160115,0.445378062765376
160129,160129,0.698820822958724
160228,160228,0.518182069280703
160229,160229,0.521489083896352
160230,160230,0.526598147037208
160231,160231,0.5625
160232,160232,0.5625
160233,160233,0.5625
160234,160234,0.747397944885415
160235,160235,0.746937983296021
160236,160236,0.74621081313635
160270,160270,0.466820398286022
160277,160277,0.494745197369585
160279,160279,0.275106039787987
160280,160280,0.274518249509634
160281,160281,0.272573719850411
160282,160282,0.268374503304457
160289,160289,0.306655589618891
160290,160290,0.31004587585328
160304,160304,0.27080740102349
160495,160495,0.263954527888747
160496,160496,0.263882552679618
160497,160497,0.263810989183626
160527,160527,0.266078115870316
160528,160528,0.266078115870316
160586,160586,0.272446599231401
160587,160587,0.277896636776613
160588,160588,0.277931975255388
160589,160589,0.278835966121795
160590,160590,0.482702999779959
160591,160591,0.490389165566639
160592,160592,0.494731246027898
160593,160593,0.504681999503823
160594,160594,0.625
160600,160600,0.253277586597977
160601,160601,0.26049221669863
160602,160602,0.260641984820255
160603,160603,0.26080464766379
160604,160604,0.260989202476791
160605,160605,0.261212263563374
160606,160606,0.267534534492955
160607,160607,0.262308443356881
160608,160608,0.262539443912475
160624,160624,0.317005117106501
160645,160645,0.363281951538896
160693,160693,0.35815152733463
160766,160766,0.50765710337685
160767,160767,0.506860938622846
160768,160768,0.503462335604044
160769,160769,0.502463408919685
160844,160844,0.261492828305415
160845,160845,0.262189411247652
160846,160846,0.765490165960911
160847,160847,0.763954555237104
161091,161091,0.282459771192272
161092,161092,0.269036153665614
161093,161093,0.273973077064788
161094,161094,0.680305099274312
161140,161140,0.599332374800507
161141,161141,0.583392446471903
161142,161142,0.592242814038286
161143,161143,0.56803062843378
161144,161144,0.592300630064948
161145,161145,0.598686624568868
161146,161146,0.605033301127448
161147,161147,0.607551841519804
161148,161148,0.515956908591206
161179,161179,0.463549550872176
161180,161180,0.462451958322358
161181,161181,0.459927167194019
161182,161182,0.458416731025374
161300,161300,0.314913503277616
161301,161301,0.316706003071167
161302,161302,0.321610942973449
161308,161308,0.512563678707158
161309,161309,0.528457707275031
161310,161310,0.523370077992606
161312,161312,0.403477587321152
161313,161313,0.490107786698042
161334,161334,0.322885942185864
161335,161335,0.319980979604151
161576,161576,0.888555430782108
161577,161577,0.365165935974763
161578,161578,0.319110622003233
161579,161579,0.300903808913153
161580,161580,0.296517389122226
161581,161581,0.287110151775933
161582,161582,0.28078982364017
161583,161583,0.342139323216584
161584,161584,0.353927090664761
161606,161606,0.345213037647501
161694,161694,0.504559571399541
161695,161695,0.503012679324793
161708,161708,0.285233185375697
161709,161709,0.28521508969341
161710,161710,0.28462632598195
161711,161711,0.287040087719658
161712,161712,0.285935936628697
161713,161713,0.25960166024984
161826,161826,0.260796243473786
161827,161827,0.274916279313653
161828,161828,0.300697634630638
161829,161829,0.301092867902248
161830,161830,0.301485191040265
161831,161831,0.301933162028908
161832,161832,0.302302211048505
161833,161833,0.315525368180021
161834,161834,0.315910401566922
161835,161835,0.314175985391856
161836,161836,0.315160872062448
161837,161837,0.315575208708356
161838,161838,0.315942425835889
161839,161839,0.307432676353236
161840,161840,0.307839364063802
161862,161862,0.297355632998648
162100,162100,0.78769140665003
162101,162101,0.782754563111601
162102,162102,0.786520532746792
162103,162103,0.786896882687742
162313,162313,0.271105767006728
162638,162638,0.362857919678371
162639,162639,0.349276212878099
162645,162645,0.464265006245547
162663,162663,0.380009253498727
162687,162687,0.321343010252314
162688,162688,0.325483347749643
162689,162689,0.325377475770189
162690,162690,0.329546171725277
162691,162691,0.329205722072796
162692,162692,0.318399210918045
162725,162725,0.462854166747925
162739,162739,0.648035699263512
162740,162740,0.649352053778924
162951,162951,0.784159987109491
162952,162952,0.417022170915203
162953,162953,0.387861695258236
162954,162954,0.415601213033375
162955,162955,0.426731773160063
162966,162966,0.275088340575971
162967,162967,0.250815000812173
162969,162969,0.25755325744952
162970,162970,0.255484460404747
162972,162972,0.253369799921593
162973,162973,0.250855922922695
162974,162974,0.252150814216808
162975,162975,0.267605187800757
162979,162979,0.686404287285281
162990,162990,0.477255828696448
163050,163050,0.874013285438429
163051,163051,0.884289344124709
163052,163052,0.870535675522664
163053,163053,0.882908993986457
163171,163171,0.253822201488114
163172,163172,0.723100947043211
163173,163173,0.724467928279229
163174,163174,0.724467928279229
163175,163175,0.724467928279229
163176,163176,0.731397451435837
163177,163177,0.747960582010395
163198,163198,0.676094091059108
163199,163199,0.677762009937319
163410,163410,0.271663178627999
163411,163411,0.311959980194909
163412,163412,0.321203144631326
163413,163413,0.321393024535614
163414,163414,0.326855512586307
163415,163415,0.321546842676975
163416,163416,0.32530192276201
163417,163417,0.326601052895326
163418,163418,0.326492486569785
163419,163419,0.327895650601048
163420,163420,0.329220563034427
163421,163421,0.332377203848934
163422,163422,0.335169387872048
163423,163423,0.334944795382386
163424,163424,0.298086057270868
163651,163651,0.290204684918485
163745,163745,0.849020532746792
163746,163746,0.782419901201156
163747,163747,0.78769140665003
163759,163759,0.405872568151537
163832,163832,0.338220389270236
163833,163833,0.338053880721768
163834,163834,0.340502509232534
163971,163971,0.296497481484733
163978,163978,0.298834444888081
163979,163979,0.299189926215122
163980,163980,0.393877427178111
163981,163981,0.393212075374764
164059,164059,0.325830717525195
164442,164442,0.580650109920021
164443,164443,0.684541928811478
164457,164457,0.831826583981085
164458,164458,0.685533497604662
164459,164459,0.659675462186843
164460,164460,0.654117896272374
164461,164461,0.615176873690315
164462,164462,0.341494109518333
164463,164463,0.349744340196757
164464,164464,0.371147056680011
164465,164465,0.396498230758059
164466,164466,0.396288029665221
164467,164467,0.39916583170275
164468,164468,0.399603369922436
164469,164469,0.400044806401415
164470,164470,0.410000004892014
164480,164480,0.329629633747432
164493,164493,0.447650759077331
164494,164494,0.451330357446604
164495,164495,0.406659265120724
164701,164701,0.422567616822537
164702,164702,0.348903949804493
164703,164703,0.517750496540027
164772,164772,0.5
164773,164773,0.558448332534157
164774,164774,0.558516688947829
164775,164775,0.558547234693958
164776,164776,0.558571491270802
164777,164777,0.558712230599807
164778,164778,0.55887750622248
164779,164779,0.558925669190922
164780,164780,0.559079041059186
164781,164781,0.34971993959565
164782,164782,0.338512499194352
164783,164783,0.349740443621987
165126,165126,0.468631919346936
165274,165274,0.401917509724371
165275,165275,0.403905686489805
165310,165310,0.408925646323543
165311,165311,0.379875921686026
165312,165312,0.745431046088319
165313,165313,0.744357109613439
165314,165314,0.744357109613439
165315,165315,0.744357109613439
165316,165316,0.743752116713835
165372,165372,0.383991923925409
165375,165375,0.254415653404887
165388,165388,0.263478571295796
165389,165389,0.356538372319756
165408,165408,0.763764814808401
165578,165578,0.682894785974248
165772,165772,0.359501346243505
166018,166018,0.318515272542266
166019,166019,0.378259792321464
166020,166020,0.390837997735045
166021,166021,0.39505515914754
166022,166022,0.398328480592086
166077,166077,0.445737644010188
166078,166078,0.448668103077916
166079,166079,0.455052374838042
166110,166110,0.285885700273935
166149,166149,0.564647251776096
166150,166150,0.260741831114388
166151,166151,0.470918561081164
166164,166164,0.412971343189763
166165,166165,0.412868534901426
166166,166166,0.389453627865059
166167,166167,0.394456471784684
166168,166168,0.393321782350945
166169,166169,0.38319585966014
166170,166170,0.374197856550167
166171,166171,0.366634772620784
166172,166172,0.366552982382936
166173,166173,0.366499584150215
166174,166174,0.366424361115334
166280,166280,0.358308494515913
166281,166281,0.358340079943611
166282,166282,0.358362497319097
166392,166392,0.565860092629199
166393,166393,0.312499125840104
166394,166394,0.318414627957935
166395,166395,0.322185088560343
166396,166396,0.293357433349073
166397,166397,0.300871061207723
166398,166398,0.314562433491003
166399,166399,0.327077052907345
166415,166415,0.398465843557564
166509,166509,0.821111691309248
166510,166510,0.821111691309248
166511,166511,0.820198023982831
166512,166512,0.820198023982831
166513,166513,0.819374428202636
166514,166514,0.756874428202636
166515,166515,0.756735587077885
166656,166656,0.441474985076789
166657,166657,0.446759557628522
166658,166658,0.447508928598596
166659,166659,0.447493439942267
166692,166692,0.5
166749,166749,0.439109528195644
166751,166751,0.374291618839221
166752,166752,0.361318428418865
166753,166753,0.364568675456548
166754,166754,0.367593604324154
166905,166905,0.328722535779641
166988,166988,0.292917319150176
166989,166989,0.748081509181617
167016,167016,0.272036293214675
167017,167017,0.32491634440991
167188,167188,0.655227536917173
167189,167189,0.339394944010896
167466,167466,0.372697868351455
167467,167467,0.372857474476581
167475,167475,0.333333333333333
167739,167739,0.333333333333333
167863,167863,0.754213918830792
167864,167864,0.419777355620395
167865,167865,0.321964823736029
167866,167866,0.318433462963189
167867,167867,0.322971942589871
167868,167868,0.321423893990564
167989,167989,0.325412490525615
167997,167997,0.265465950595573
167998,167998,0.258041393113655
167999,167999,0.252145828187025
168036,168036,0.375607556791745
168037,168037,0.37511874360614
168038,168038,0.36132490930951
168039,168039,0.360980974768899
168040,168040,0.332510378866385
168041,168041,0.332532225967088
168049,168049,0.716340206161237
168050,168050,0.716340206161237
168051,168051,0.72092393808506
168052,168052,0.72092393808506
168093,168093,0.742890694676005
168095,168095,0.347138899011769
168096,168096,0.35024821686337
168097,168097,0.359812383032927
168273,168273,0.785761936102243
168274,168274,0.785761936102243
168275,168275,0.310632918487431
168276,168276,0.311700502333232
168277,168277,0.320196847029757
168278,168278,0.318613902181534
168430,168430,0.566316985875811
168431,168431,0.454411056210957
168432,168432,0.451728923086789
168433,168433,0.432130793897234
168445,168445,0.363539900717134
168446,168446,0.375869277715866
168447,168447,0.375878878039608
168452,168452,0.270348969346194
168453,168453,0.272225762895476
168769,168769,0.363796774519242
168845,168845,0.388230623826105
168846,168846,0.396476977580505
169035,169035,0.315038302353632
169036,169036,0.335382430654049
169050,169050,0.276097490176871
169051,169051,0.332188608866535
169052,169052,0.371205240238148
169079,169079,0.396534722909968
169080,169080,0.396426246075393
169081,169081,0.396337835856254
169082,169082,0.333333333333333
169083,169083,0.403120150063989
169084,169084,0.40308725478523
169148,169148,0.431921924147269
169149,169149,0.44118451687749
169150,169150,0.441576420465436
169151,169151,0.409940951885309
169152,169152,0.424253153160538
169153,169153,0.439402307174818
169154,169154,0.450669508538465
169155,169155,0.519199325986013
169170,169170,0.355299015383553
169171,169171,0.332605537531959
169172,169172,0.336086721907543
169420,169420,0.429788799207948
169421,169421,0.438029131605502
169422,169422,0.450479278795652
169423,169423,0.497779004408854
169424,169424,0.496479426017306
169425,169425,0.505976313117951
169444,169444,0.288249914196113
169445,169445,0.371575156548584
169446,169446,0.366963848929143
169588,169588,0.348918219383177
169589,169589,0.356805740160649
169590,169590,0.30611290673321
169591,169591,0.299976249202482
169592,169592,0.405947598552368
169593,169593,0.406023758051124
169594,169594,0.406135070850042
169595,169595,0.406240459141142
169596,169596,0.4079958304783
169599,169599,0.786371053511694
169692,169692,0.263612136014181
169693,169693,0.263373611436071
169715,169715,0.277798360556065
169716,169716,0.277899141762397
169724,169724,0.509780281901612
169750,169750,0.313032040970094
169811,169811,0.408853717266559
169812,169812,0.399348696353804
169813,169813,0.394620924668251
169814,169814,0.394585185645631
169815,169815,0.394554093710849
169816,169816,0.389328849798143
169817,169817,0.390646982420163
169978,169978,0.355353849910572
169994,169994,0.272613485089245
169995,169995,0.264784997447328
169996,169996,0.26508578452373
170179,170179,0.273034031816832
170265,170265,0.488236625292844
170266,170266,0.4878842480896
170267,170267,0.4905269635324
170423,170423,0.754334116852319
170424,170424,0.744852439171524
170910,170910,0.358553515709804
170911,170911,0.369751113819259
170912,170912,0.370328699610199
170916,170916,0.349998291867682
171026,171026,0.395688521994389
171027,171027,0.39570081411383
171028,171028,0.395591733439715
171029,171029,0.395743902432331
171030,171030,0.395722861529866
171031,171031,0.395745725017583
171032,171032,0.395774472409665
171033,171033,0.395833333333333
171034,171034,0.395833333333333
171136,171136,0.704907674428379
171137,171137,0.691248077466296
171138,171138,0.691248077466296
171139,171139,0.628748077466296
171178,171178,0.506025532387645
171179,171179,0.506135773770961
171180,171180,0.506173759884764
171181,171181,0.507787028756655
171182,171182,0.507808038567738
171183,171183,0.502929107628219
171184,171184,0.502957641552388
171306,171306,0.5
171307,171307,0.5625
171308,171308,0.5625
171334,171334,0.389827028533954
171353,171353,0.259093045932661
171354,171354,0.286391105706167
171355,171355,0.290741792842372
171356,171356,0.29211023977107
171357,171357,0.297978878771537
171358,171358,0.302245656137379
171359,171359,0.410497475112044
171726,171726,0.712369737269923
171727,171727,0.716228409228432
171728,171728,0.75
171729,171729,0.75
171730,171730,0.75
171816,171816,0.747960582010395
171817,171817,0.749375744480753
171858,171858,0.321519636369298
171859,171859,0.327014512783194
171860,171860,0.308094041105291
171909,171909,0.28159038751231
171915,171915,0.25923050268039
171916,171916,0.258860898783261
171917,171917,0.261195627523477
171918,171918,0.260956226349272
171919,171919,0.260776176694266
171920,171920,0.253533664549941
171961,171961,0.352343651647589
171962,171962,0.315353493551933
171963,171963,0.317241825810525
172375,172375,0.684451156804375
172376,172376,0.31613366720708
172377,172377,0.319532175201634
172378,172378,0.294262235902839
172384,172384,0.472417977859047
172428,172428,0.290287009137014
172429,172429,0.276226778629909
172430,172430,0.27849514957674
172431,172431,0.278486211679367
172509,172509,0.353602853798412
172520,172520,0.409037237376325
172829,172829,0.456170136096712
172830,172830,0.469846845131997
172831,172831,0.469942020972522
172832,172832,0.441056124544679
172833,172833,0.411944391564092
172834,172834,0.408407347634568
172835,172835,0.412343790799155
172836,172836,0.415960339101453
172837,172837,0.467353023786978
172838,172838,0.466839667090246
172839,172839,0.46644602379933
172840,172840,0.465961075359859
172841,172841,0.463647225822346
172842,172842,0.470590370826438
172843,172843,0.465142241500792
173118,173118,0.300765453857367
173465,173465,0.549729914889783
173466,173466,0.549252438987813
173467,173467,0.549887171676433
173468,173468,0.548065274514695
173469,173469,0.551839619015131
173470,173470,0.551928130412797
173486,173486,0.348594918250395
173487,173487,0.352945236286565
173488,173488,0.368758486062226
173489,173489,0.348724500386327
173539,173539,0.320425055197659
173540,173540,0.31754625009646
173541,173541,0.3186725097062
173542,173542,0.315518235275788
173548,173548,0.374148642196141
173549,173549,0.376087884754576
173905,173905,0.35374091950185
173906,173906,0.360959914073936
173907,173907,0.361405624910407
173908,173908,0.586852053778924
173909,173909,0.585787854888544
173958,173958,0.408222187287848
173961,173961,0.409195545856851
173962,173962,0.37587821462389
173963,173963,0.37979570919178
173964,173964,0.39244719883012
173965,173965,0.404391223350327
173966,173966,0.287096308813279
173967,173967,0.289037998783846
173968,173968,0.294682327599511
173969,173969,0.306144681808871
174043,174043,0.377241256629879
174044,174044,0.402300805194264
174045,174045,0.376919303643385
174046,174046,0.372035857861571
174047,174047,0.375651958567901
174048,174048,0.375668947657816
174049,174049,0.375706151962722
174050,174050,0.380047709218028
174051,174051,0.38700921966654
174052,174052,0.38915809728877
174053,174053,0.382461769653976
174054,174054,0.370848511083594
174060,174060,0.333822377586319
174098,174098,0.431243455354126
174108,174108,0.341897689047214
174271,174271,0.689179709514575
174343,174343,0.768609574541405
174344,174344,0.822334140414247
174345,174345,0.821828316787599
174346,174346,0.821828316787599
174347,174347,0.829092769658113
174352,174352,0.396692746227333
174364,174364,0.43075337322883
174365,174365,0.430661930275909
174366,174366,0.396967507252517
174521,174521,0.749866250982102
174522,174522,0.686512930370644
174526,174526,0.356201936053867
174527,174527,0.334645375251693
174587,174587,0.250907704377095
174638,174638,0.868797509406915
174639,174639,0.868797509406915
174640,174640,0.866807518382206
174666,174666,0.340982986869786
174675,174675,0.37907808917768
174676,174676,0.654258807685646
174677,174677,0.656261125088881
174686,174686,0.3600206708774
174687,174687,0.355142122588652
174688,174688,0.359640285491521
174689,174689,0.365191191970297
174690,174690,0.364811796296256
174691,174691,0.369321673781264
174692,174692,0.369202682726718
174693,174693,0.3643158461251
175050,175050,0.722748584062837
175051,175051,0.722749098400478
175052,175052,0.723261936102243
175053,175053,0.723261936102243
175068,175068,0.410235695468815
175069,175069,0.410319002367919
175070,175070,0.410419248548246
175128,175128,0.327332998395063
175129,175129,0.295760240474041
175132,175132,0.290455808852325
175135,175135,0.288636196909216
175136,175136,0.288188510440805
175137,175137,0.264053978479549
175138,175138,0.341347280947313
175150,175150,0.330597441392717
175151,175151,0.330893319525489
175152,175152,0.331172073794368
175153,175153,0.33642561629084
175154,175154,0.362219768691175
175155,175155,0.531411074622899
175384,175384,0.810738283070708
175385,175385,0.808169448673978
175386,175386,0.746403263774426
175387,175387,0.869748563128445
175388,175388,0.518974135602649
175389,175389,0.510093327688265
175390,175390,0.49400755529749
175391,175391,0.486252188842323
175392,175392,0.32099142130563
175393,175393,0.295292392418779
175394,175394,0.286537512747615
175452,175452,0.40789061741792
175453,175453,0.40789061741792
175573,175573,0.441297592918653
175574,175574,0.44097632276633
175575,175575,0.440601053101327
175576,175576,0.417995583506045
175577,175577,0.369575064895887
175578,175578,0.368717572321581
175579,175579,0.364531617952322
175580,175580,0.364500803791832
175581,175581,0.356119808959146
175582,175582,0.356083995503011
175583,175583,0.332119111064078
175593,175593,0.278630153007365
175594,175594,0.25567009995993
175595,175595,0.258635067647376
175596,175596,0.255878657390965
175643,175643,0.403631015970941
175649,175649,0.365589502474235
175661,175661,0.318227974657574
175662,175662,0.274771526806074
176001,176001,0.584807427068088
176002,176002,0.577578218981794
176003,176003,0.577578218981794
176004,176004,0.577578218981794
176005,176005,0.577578218981794
176006,176006,0.577578218981794
176297,176297,0.258801183991595
176371,176371,0.359556388699845
176372,176372,0.379073973998894
176377,176377,0.343097037306184
176498,176498,0.372405835282184
176499,176499,0.374571507674974
176500,176500,0.807354298859971
176501,176501,0.822015966213164
176536,176536,0.315038302353632
176537,176537,0.276650580740126
176564,176564,0.321211699894026
176565,176565,0.32314195535178
176566,176566,0.323415689393924
176567,176567,0.329976251282249
176568,176568,0.331554529656074
176569,176569,0.33331431127533
176570,176570,0.319648426095227
176571,176571,0.319746985859605
176572,176572,0.317018749672725
176573,176573,0.319310054804109
176643,176643,0.342630944778169
176644,176644,0.340943552801856
176645,176645,0.337059271815474
176646,176646,0.337791155139357
176650,176650,0.372192064607762
176651,176651,0.376633246016055
176652,176652,0.378870970799817
176653,176653,0.378650242781063
176791,176791,0.525941159238495
176792,176792,0.542970770850603
176793,176793,0.558018656250716
176794,176794,0.743496263527327
176795,176795,0.750720784047425
176796,176796,0.407680799257919
176797,176797,0.408352467081737
176861,176861,0.446589486427665
176862,176862,0.45472867181089
176863,176863,0.456061761993068
176864,176864,0.43665036827829
176865,176865,0.489430165532635
176866,176866,0.500323717377309
176867,176867,0.502266180008684
176868,176868,0.543504743935859
176869,176869,0.543849321247627
177168,177168,0.27287424629784
177169,177169,0.272113760319145
177205,177205,0.311695495190874
177590,177590,0.272552029296247
177591,177591,0.267252948449909
177592,177592,0.266274922866256
177593,177593,0.265467284774609
177594,177594,0.262023969371738
177595,177595,0.264294187086603
177655,177655,0.886476865513529
177656,177656,0.827848165809375
177657,177657,0.29500297013286
177658,177658,0.296050416333691
177659,177659,0.300862259145204
177660,177660,0.306933022279862
177661,177661,0.308392656252704
177662,177662,0.309410926230184
177663,177663,0.318520044626102
177664,177664,0.374570388461152
177665,177665,0.42248361051836
177666,177666,0.888555430782108
177667,177667,0.293213334493924
177668,177668,0.292072003809728
177764,177764,0.761496636722659
177765,177765,0.761399256823428
177766,177766,0.761399256823428
177767,177767,0.7572268236142
177768,177768,0.757615675440034
177789,177789,0.602263076382408
177790,177790,0.539987396882301
177791,177791,0.543156456120806
177792,177792,0.540263058972459
177793,177793,0.525614264828277
177794,177794,0.508871220374207
177795,177795,0.4992452700736
177796,177796,0.495611445473775
177983,177983,0.37747161676124
178228,178228,0.823510819139953
178229,178229,0.823976865513529
178230,178230,0.823029137322667
178231,178231,0.821825425476719
178425,178425,0.499474287323268
178426,178426,0.498578641841428
178535,178535,0.310844481393078
178536,178536,0.310033074539587
178537,178537,0.309604338358836
178538,178538,0.303019444394316
178539,178539,0.302484086802128
178540,178540,0.301817708830332
178541,178541,0.308400213969327
178542,178542,0.307870039382159
178956,178956,0.261930067038895
178957,178957,0.262040566641209
179025,179025,0.333556008082432
179026,179026,0.333501578602394
179027,179027,0.333468325687394
179028,179028,0.333386530393524
179029,179029,0.310037280965719
179030,179030,0.333433491452779
179031,179031,0.333391662064535
179032,179032,0.316372563616792
179079,179079,0.253047938592065
179096,179096,0.354562327973334
179097,179097,0.358569928810281
179104,179104,0.816813454389169
179105,179105,0.820597015932715
179106,179106,0.819882922133255
179107,179107,0.820597015932715
179622,179622,0.5625
179623,179623,0.5625
179624,179624,0.5625
179625,179625,0.5
179642,179642,0.347561437677677
179643,179643,0.369041484982024
179656,179656,0.325870321673369
179659,179659,0.322578604594758
179660,179660,0.323957892656798
179770,179770,0.315482076011019
179771,179771,0.305007137168762
179794,179794,0.268836918979493
179828,179828,0.260179943454486
179874,179874,0.320783540538991
179875,179875,0.316587161696322
179894,179894,0.533425009754736
179895,179895,0.473135646193299
179896,179896,0.535635646193299
179897,179897,0.578397392054134
179898,179898,0.409710476140468
179899,179899,0.407713037647501
179900,179900,0.407713037647501
179901,179901,0.407713037647501
179902,179902,0.407713037647501
179903,179903,0.410832037054252
179904,179904,0.410256165079726
179907,179907,0.315076419530939
179908,179908,0.314962505858753
179909,179909,0.274771526806074
180079,180079,0.264053978479549
180186,180186,0.416199616718958
180187,180187,0.304684412632007
180190,180190,0.253083613872668
180191,180191,0.252766043040902
180192,180192,0.25257576259203
180194,180194,0.267052816891596
180195,180195,0.265888184322995
180196,180196,0.267083921573553
180206,180206,0.259598802695164
180207,180207,0.265341965218456
180208,180208,0.276638734005998
180209,180209,0.310167950377224
180210,180210,0.797701999063211
180424,180424,0.381499714074211
180425,180425,0.381559124904859
180426,180426,0.388001284484618
180427,180427,0.38804107204692
180428,180428,0.369202802326055
180429,180429,0.369214324657758
180505,180505,0.324730516542118
180506,180506,0.332882038624096
180507,180507,0.338230886368715
180508,180508,0.350927832339353
180509,180509,0.355996842375586
180510,180510,0.359829033818475
180511,180511,0.361315771915492
180512,180512,0.365694712051139
180797,180797,0.347914979081004
180798,180798,0.333766778112314
180851,180851,0.301978259529717
180852,180852,0.302796062891416
180853,180853,0.335823841568047
180854,180854,0.294701494960678
180855,180855,0.303410939968117
180856,180856,0.287772440431851
180857,180857,0.366421733198311
180858,180858,0.303043086808184
180871,180871,0.349066410984881
180872,180872,0.348483977684364
180873,180873,0.353939076650468
180874,180874,0.426565144041803
180899,180899,0.515983663710108
180900,180900,0.512810830703859
180901,180901,0.51150224441404
180902,180902,0.489451705119534
180913,180913,0.510848192913583
180914,180914,0.502007787936625
180915,180915,0.498863274914152
180916,180916,0.498529824596814
180917,180917,0.498768393873921
180918,180918,0.497794108635524
181212,181212,0.476053588347938
181213,181213,0.476796174448222
181214,181214,0.474481361651811
181215,181215,0.47653416629384
181216,181216,0.480017926450847
181217,181217,0.435413491699662
181277,181277,0.557285754069047
181278,181278,0.646631670370861
181279,181279,0.656235288433677
181280,181280,0.554023151781642
181281,181281,0.559850797740614
181282,181282,0.500846414843552
181388,181388,0.354219525243564
181458,181458,0.250918513652612
181459,181459,0.597164343013962
181460,181460,0.477157481093719
181461,181461,0.600571472674109
181462,181462,0.567136883966536
181463,181463,0.566530714491922
181464,181464,0.546054260696651
181465,181465,0.534247309245247
181488,181488,0.422523534662538
181489,181489,0.424823777979551
181490,181490,0.391404643465978
181756,181756,0.263588661420656
181779,181779,0.35994604941892
181780,181780,0.358141351896737
181781,181781,0.357363922067497
181782,181782,0.35627267842415
181783,181783,0.356352840102168
181784,181784,0.356557633989807
181852,181852,0.307908979888076
181853,181853,0.358654034647771
181854,181854,0.367967881874121
181885,181885,0.337663176027209
181886,181886,0.324784483088237
181887,181887,0.317104759161572
181888,181888,0.314985611843216
182186,182186,0.367938188919245
182370,182370,0.349699290009466
182371,182371,0.349494199335773
182372,182372,0.346485171594294
182373,182373,0.341566147516649
182374,182374,0.334393675899498
182375,182375,0.334595804364729
182376,182376,0.334470143706502
182377,182377,0.331956247582931
182378,182378,0.294128568327983
182557,182557,0.312790689689465
182558,182558,0.317890485024146
182559,182559,0.314033633597807
182560,182560,0.260193938425133
182564,182564,0.742453782368112
182596,182596,0.43501801553993
182597,182597,0.429803799236616
182855,182855,0.349382603763418
182856,182856,0.332504151849687
182868,182868,0.847749859115515
182869,182869,0.734359088714339
182870,182870,0.845300114017853
182871,182871,0.847749859115515
182872,182872,0.826838985032864
182873,182873,0.639338985032864
182918,182918,0.414404416124514
182924,182924,0.328819484519351
182925,182925,0.333772380712192
182968,182968,0.301728235562517
182969,182969,0.302120557633348
182970,182970,0.300903381808711
182971,182971,0.305967467868372
182972,182972,0.314642434818458
182973,182973,0.270169900395604
183246,183246,0.395833333333333
183247,183247,0.395833333333333
183248,183248,0.395833333333333
183249,183249,0.395804896561453
183250,183250,0.333333333333333
183318,183318,0.407667800554547
183319,183319,0.412188635197745
183547,183547,0.269626262177731
183548,183548,0.743452692056169
183589,183589,0.264614598179739
183590,183590,0.272351604278885
183597,183597,0.422365569630629
183598,183598,0.416333666920062
183599,183599,0.416277689930708
183600,183600,0.416248542760587
183601,183601,0.415294069270684
183602,183602,0.382500245807267
183824,183824,0.453013952106038
183825,183825,0.388999998687097
183867,183867,0.901754579337229
183879,183879,0.330996617057375
183880,183880,0.359762695666918
184067,184067,0.295760240474041
184110,184110,0.435796759367005
184111,184111,0.354751043620423
184117,184117,0.296311894913905
184118,184118,0.289958313085005
184119,184119,0.28426643710997
184120,184120,0.279587192634155
184121,184121,0.276908187283478
184122,184122,0.274811168675696
184123,184123,0.270572399077368
184124,184124,0.407319291176207
184125,184125,0.407319291176207
184126,184126,0.407319291176207
184127,184127,0.407319291176207
184334,184334,0.28373332444802
184335,184335,0.272690879941685
184336,184336,0.267480387866789
184337,184337,0.273798138091678
184338,184338,0.279079743095521
184339,184339,0.282276980633113
184396,184396,0.265071189128243
184397,184397,0.258249597711072
184398,184398,0.257909193133048
184399,184399,0.25786542285714
184400,184400,0.257848552615279
184401,184401,0.25776079873247
184402,184402,0.257693856847954
184403,184403,0.257612452197317
184434,184434,0.879173458884579
184435,184435,0.880114133690323
184436,184436,0.876826112745743
184452,184452,0.458333333333333
184453,184453,0.589098147037208
184454,184454,0.587450236191587
184455,184455,0.587213481625174
184456,184456,0.586730738585104
184457,184457,0.586166355900335
184458,184458,0.585747635186079
184459,184459,0.585437496284743
184699,184699,0.458717948314022
184700,184700,0.429143221696974
184701,184701,0.438437820060997
184704,184704,0.265061521743874
184705,184705,0.28840829983146
184859,184859,0.266191273845845
184933,184933,0.257590712532295
184934,184934,0.257451804999282
184935,184935,0.257347370247505
184965,184965,0.395709400243108
184966,184966,0.395709425911991
184967,184967,0.39570604834638
184968,184968,0.39570159153787
184969,184969,0.395697906481473
184970,184970,0.395682857131691
184971,184971,0.395683911172498
184972,184972,0.395685566128619
184973,184973,0.395686094346149
184974,184974,0.395725143295535
184975,184975,0.395717346017939
184976,184976,0.395727174989838
184977,184977,0.395738790361458
184978,184978,0.395758474729964
184979,184979,0.395783366206143
184980,184980,0.395790076508575
184981,184981,0.395798288454032
184982,184982,0.395821150752987
184983,184983,0.395826765383869
184984,184984,0.395833333333333
184985,184985,0.395833333333333
185003,185003,0.395833333333333
185004,185004,0.395833333333333
185005,185005,0.395833333333333
185006,185006,0.395825250206637
185090,185090,0.424392815881587
185102,185102,0.40285614433893
185103,185103,0.40176148697262
185104,185104,0.381630069741582
185105,185105,0.50894816195933
185106,185106,0.473756601132625
185107,185107,0.450668074684073
185108,185108,0.459474599633398
185420,185420,0.562056414693195
185582,185582,0.274855584011682
185768,185768,0.5
185856,185856,0.385228117544698
185857,185857,0.387182496344491
185858,185858,0.387437366843133
185981,185981,0.273468462329615
185982,185982,0.271158903407002
185983,185983,0.263422509531557
185985,185985,0.532538217792795
185986,185986,0.52292156160173
185987,185987,0.901997737674076
186222,186222,0.296155896216678
186270,186270,0.454877381931925
186297,186297,0.429514221259271
186298,186298,0.42906421332228
186299,186299,0.429045015170452
186300,186300,0.42893521229165
186303,186303,0.422004050091872
186304,186304,0.421953963853649
186305,186305,0.415908614900132
186306,186306,0.414656630074175
186443,186443,0.396333980620275
186444,186444,0.360968011383053
186453,186453,0.276689501165032
186454,186454,0.281798233906763
186455,186455,0.286910350850471
186784,186784,0.865903446113729
186785,186785,0.862245024175177
186786,186786,0.864540863213828
186787,186787,0.858879430723569
186788,186788,0.875464862067525
186789,186789,0.868601463842215
186868,186868,0.278654093099943
186869,186869,0.463199613431003
187033,187033,0.277427781668474
187036,187036,0.2817684351817
187037,187037,0.28180230249472
187140,187140,0.395833333333333
187141,187141,0.395833333333333
187142,187142,0.395833333333333
187143,187143,0.395833333333333
187144,187144,0.395833333333333
187145,187145,0.395833333333333
187146,187146,0.395833333333333
187147,187147,0.395833333333333
187210,187210,0.265223218256336
187211,187211,0.282524605297579
187212,187212,0.408742969984007
187255,187255,0.722770464902243
187256,187256,0.41544207347761
187463,187463,0.250472747587251
187528,187528,0.404534836826683
187529,187529,0.405259030805407
187530,187530,0.409300552927823
187565,187565,0.39708834183052
187566,187566,0.397062857830012
187567,187567,0.400086053335003
187568,187568,0.39249159767803
187569,187569,0.38578952641556
187570,187570,0.38573771163439
187596,187596,0.295701041189555
187597,187597,0.295158643200031
187598,187598,0.29485192198038
187599,187599,0.295210436800246
187600,187600,0.297050029465356
187836,187836,0.32482102655378
187837,187837,0.326690635944457
187838,187838,0.411206626412054
187839,187839,0.742573920140855
187840,187840,0.73180689373784
187841,187841,0.73180689373784
187842,187842,0.730798516500565
187843,187843,0.668298516500565
187851,187851,0.487130755685914
187852,187852,0.497769009069873
187853,187853,0.497660166072783
188040,188040,0.250472747587251
188041,188041,0.274347849907806
188042,188042,0.279976168731342
188043,188043,0.280017455871047
188044,188044,0.280051254707987
188048,188048,0.369685179949883
188049,188049,0.371483294704013
188055,188055,0.50730577696925
188056,188056,0.507173568180394
188057,188057,0.507082538662542
188058,188058,0.506074445717931
188059,188059,0.506018440108622
188060,188060,0.505991984182274
188061,188061,0.50588908268634
188062,188062,0.503988328571536
188063,188063,0.50359729214667
188064,188064,0.503557897045146
188065,188065,0.50343300305881
188066,188066,0.503388508329914
188067,188067,0.500887696893606
188068,188068,0.500844719846017
188069,188069,0.506029736973943
188070,188070,0.502994857020069
188071,188071,0.502926362535697
188072,188072,0.466430760591835
188097,188097,0.269495166798859
188098,188098,0.274970207433274
188099,188099,0.276450155525116
188100,188100,0.276168299304168
188101,188101,0.279827166049577
188102,188102,0.27997333130487
188103,188103,0.280727758568505
188104,188104,0.280993810862704
188105,188105,0.278242577060132
188106,188106,0.278325319815913
188529,188529,0.304530698529249
188530,188530,0.32151826007671
188531,188531,0.338208161088519
188532,188532,0.390042875478911
188546,188546,0.332504151849687
188547,188547,0.344614748084574
188548,188548,0.344658450163782
188567,188567,0.32831093435716
188568,188568,0.327770504323985
188569,188569,0.295581401338542
188570,188570,0.295356008383265
188571,188571,0.295092509104527
188688,188688,0.374728633194217
188689,188689,0.374806981070303
188690,188690,0.377065969954114
188691,188691,0.355428583046576
188692,188692,0.348696450496419
188693,188693,0.348677907672596
188694,188694,0.34867559152327
188699,188699,0.810230525147692
188700,188700,0.81087325430626
188706,188706,0.465132254661645
189114,189114,0.284275806619362
189115,189115,0.253859934985075
189568,189568,0.27043923747108
189569,189569,0.270558235626
189574,189574,0.321813132023327
189741,189741,0.424781746026365
189742,189742,0.463356983730539
189743,189743,0.46070747363123
189744,189744,0.464867039628605
189745,189745,0.465588602686801
189746,189746,0.489706941488332
189747,189747,0.55463419229976
189748,189748,0.554622004410494
189749,189749,0.287260156139366
189751,189751,0.361611499992347
189765,189765,0.518205777421555
189766,189766,0.522175876161398
189767,189767,0.525187769740173
189768,189768,0.526407498741195
189769,189769,0.513534501781979
189791,189791,0.508336158879895
189792,189792,0.57116139709574
189793,189793,0.641640561808752
189794,189794,0.39581421817068
189795,189795,0.384296835562259
189815,189815,0.43550371177965
189816,189816,0.472263706027528
189841,189841,0.388828960872174
189997,189997,0.480399323968955
189998,189998,0.482092156744066
189999,189999,0.480790632401992
190005,190005,0.259811273264303
190024,190024,0.382500245807267
190025,190025,0.411244750049914
190132,190132,0.342602121480823
190133,190133,0.345506044741061
190134,190134,0.45075843377904
190135,190135,0.411577692499671
190136,190136,0.507348779327681
190137,190137,0.504283443228171
190138,190138,0.504497956013341
190142,190142,0.367461294636148
190143,190143,0.404844035243686
190233,190233,0.624055261661713
190234,190234,0.623678647657471
190235,190235,0.62352586723962
190236,190236,0.575030135470605
190258,190258,0.338949448496079
190259,190259,0.341011862003296
190260,190260,0.339573751747716
190261,190261,0.338726054454292
190262,190262,0.338350909665857
190263,190263,0.336858718160934
190264,190264,0.260293622666867
190313,190313,0.29584041714925
190314,190314,0.294041152259578
190451,190451,0.332171184901668
190452,190452,0.31370863360514
190453,190453,0.315375035200904
190454,190454,0.315356916639237
190466,190466,0.266045635988042
190490,190490,0.344949918946715
190494,190494,0.319145108210291
190495,190495,0.318279591015594
190496,190496,0.316838495525653
190511,190511,0.31851448495305
190512,190512,0.329424384797836
190513,190513,0.352745151666199
190514,190514,0.361023172104869
190757,190757,0.4106774593098
190758,190758,0.410608418381238
190759,190759,0.410558927918261
190820,190820,0.250174477115775
190821,190821,0.250114220122692
190822,190822,0.259605336650504
190823,190823,0.262742157828063
191158,191158,0.344135867108017
191210,191210,0.743025844288315
191211,191211,0.755372693978711
191212,191212,0.691706596771441
191227,191227,0.488107109116275
191228,191228,0.49163943915073
191229,191229,0.494652350125091
191246,191246,0.425899027228331
191247,191247,0.420625631667925
191248,191248,0.420589578947967
191249,191249,0.420509365448576
191255,191255,0.382125777779547
191256,191256,0.40162884204567
191257,191257,0.401695589379484
191258,191258,0.401764492206803
191259,191259,0.401890473264134
191260,191260,0.415735334367954
191261,191261,0.415832281531652
191262,191262,0.416954007083537
191337,191337,0.823340377190144
191423,191423,0.286173849100751
191463,191463,0.337682049554946
191464,191464,0.280113094938751
191465,191465,0.289656507988192
191466,191466,0.281324110166967
191467,191467,0.282003920594651
191637,191637,0.576565795153649
191641,191641,0.397198198060717
191642,191642,0.392421053289223
191676,191676,0.251869079598618
191677,191677,0.272683115682873
191678,191678,0.512226513564952
191679,191679,0.513118200981118
191680,191680,0.512746843853217
191681,191681,0.512746843853217
191682,191682,0.512746843853217
191683,191683,0.512746843853217
191861,191861,0.386972844582398
191862,191862,0.385510314582604
191863,191863,0.269051001676204
191910,191910,0.788616087685201
192025,192025,0.266517247344872
192026,192026,0.330970546379282
192027,192027,0.331003198930594
192028,192028,0.330245618710461
192029,192029,0.329426694192495
192030,192030,0.329347813643961
192031,192031,0.322924003483702
192091,192091,0.613471150694371
192092,192092,0.551704933748401
192093,192093,0.551707725389311
192094,192094,0.552769267025142
192095,192095,0.552773755234682
192096,192096,0.618521335056874
192097,192097,0.552336715655759
192147,192147,0.314889833830762
192148,192148,0.326743287958156
192149,192149,0.323730127627145
192179,192179,0.428962645697913
192213,192213,0.304481157831615
192214,192214,0.290204684918485
192218,192218,0.326705350507411
192219,192219,0.293323584035287
192220,192220,0.32585732308343
192221,192221,0.516162582136104
192222,192222,0.524370223895799
192223,192223,0.395833333333333
192224,192224,0.395833333333333
192225,192225,0.395833333333333
192226,192226,0.395833333333333
192227,192227,0.395833333333333
192228,192228,0.395833333333333
192229,192229,0.395833333333333
192230,192230,0.333333333333333
192231,192231,0.350086307828099
192232,192232,0.350093974542706
192233,192233,0.35011303582078
192234,192234,0.347011224261481
192235,192235,0.346430825719526
192236,192236,0.346440518358006
192257,192257,0.731397451435837
192258,192258,0.722178935364856
192259,192259,0.722514255563854
192697,192697,0.289882927644796
192698,192698,0.293604817830279
192699,192699,0.293290601574398
192717,192717,0.269843407583215
192718,192718,0.279768879810224
192719,192719,0.273618248860039
192720,192720,0.273549924641461
192721,192721,0.25054747514992
192723,192723,0.27204369160066
192728,192728,0.307603189821242
192729,192729,0.313725317651527
192737,192737,0.253859934985075
192742,192742,0.264968592646207
192743,192743,0.747880017551539
193118,193118,0.465506893429819
193119,193119,0.46629383643831
193120,193120,0.470421782236274
193121,193121,0.471085146329254
193269,193269,0.335572828968022
193270,193270,0.358968749648546
193271,193271,0.360481603739147
193493,193493,0.279084274516743
193494,193494,0.277017426147169
193495,193495,0.347664056593933
193496,193496,0.363156255562801
193497,193497,0.395087888441543
193499,193499,0.815319607295734
193500,193500,0.752819607295734
193501,193501,0.752819607295734
193502,193502,0.74766289125571
193503,193503,0.73239648432428
193504,193504,0.721099625814098
193505,193505,0.658214167241856
193506,193506,0.73758685891819
193507,193507,0.73328042234897
193508,193508,0.811037319455506
193579,193579,0.297708263732985
193735,193735,0.602470859912945
193736,193736,0.596161187121967
193737,193737,0.566808562547753
193738,193738,0.565056343790378
193739,193739,0.563811044030218
193740,193740,0.535957804912178
193741,193741,0.554049208028969
193742,193742,0.532003776051795
193743,193743,0.541963210808521
193846,193846,0.413949768039202
193847,193847,0.414061030704419
193848,193848,0.430361177690704
193849,193849,0.430462247377269
193850,193850,0.429752167735409
194455,194455,0.288028487262058
194463,194463,0.34077961302128
194464,194464,0.337980126132943
194468,194468,0.48915031451658
194470,194470,0.458873445569499
194768,194768,0.306830344586402
195080,195080,0.520294750157878
195081,195081,0.541432426894212
195082,195082,0.542340034638585
195205,195205,0.347237363413938
195325,195325,0.650444671672247
195477,195477,0.742624004986842
195478,195478,0.721263362045927
195479,195479,0.700675296974843
195480,195480,0.731306325127479
195481,195481,0.735274845637681
195482,195482,0.740903446113729
195487,195487,0.868840223716203
195488,195488,0.865903446113729
195489,195489,0.86988630889723
195490,195490,0.864436173643597
195491,195491,0.860460775391669
195492,195492,0.863549537831292
195493,195493,0.856734542029418
195494,195494,0.870057437083328
195495,195495,0.871337943028465
195517,195517,0.335072676541054
195518,195518,0.335027298827678
195841,195841,0.655396284235003
196093,196093,0.532712788555165
196094,196094,0.526921982062893
196095,196095,0.522605805417446
196148,196148,0.298084619496781
196149,196149,0.266001979733035
196150,196150,0.336775291023859
196151,196151,0.334951705975781
196264,196264,0.392517411960075
196265,196265,0.392504987105928
196266,196266,0.331111111111111
196449,196449,0.662167685684371
196450,196450,0.662167685684371
196451,196451,0.662167685684371
196452,196452,0.662167685684371
196453,196453,0.662167685684371
196454,196454,0.662167685684371
196455,196455,0.662167685684371
196481,196481,0.427521661442561
196482,196482,0.454205988703791
196493,196493,0.455505158960095
196500,196500,0.432259286478332
196501,196501,0.649352053778924
196614,196614,0.46078616350406
196615,196615,0.434668665097453
196616,196616,0.453436800055825
196617,196617,0.454545291708972
196683,196683,0.421095085693875
196684,196684,0.764673143454867
196685,196685,0.764673143454867
196686,196686,0.5980064767882
196687,196687,0.5980064767882
196688,196688,0.5980064767882
196689,196689,0.5980064767882
196690,196690,0.5980064767882
196691,196691,0.596705259987894
196692,196692,0.31642264484908
196693,196693,0.303669261593885
196694,196694,0.354969904320548
196695,196695,0.35298847684877
196696,196696,0.348450032071529
196788,196788,0.46586238062943
197028,197028,0.262176516096966
197030,197030,0.293908963541784
197059,197059,0.413334774750358
197060,197060,0.420230900994141
197061,197061,0.419109370350005
197062,197062,0.419013465720286
197063,197063,0.405221580433858
197064,197064,0.39560166055786
197065,197065,0.387790294456489
197066,197066,0.387740609378555
197067,197067,0.387636568793021
197068,197068,0.387599357145846
197069,197069,0.387641636407688
197070,197070,0.387595378941533
197071,197071,0.3399638806907
197072,197072,0.382500245807267
197073,197073,0.414520696028463
197074,197074,0.414494968235329
197075,197075,0.414502531041947
197076,197076,0.414546013525385
197077,197077,0.345303882189221
197078,197078,0.345273875906228
197079,197079,0.345242434364024
197080,197080,0.345171679506559
197081,197081,0.342230839914762
197082,197082,0.320713052327501
197148,197148,0.395833333333333
197149,197149,0.395833002342404
197150,197150,0.395833333333333
197151,197151,0.395833333333333
197152,197152,0.395833333333333
197153,197153,0.395833333333333
197154,197154,0.395833333333333
197155,197155,0.395833333333333
197156,197156,0.395833333333333
197157,197157,0.395833333333333
197158,197158,0.395833333333333
197159,197159,0.395833333333333
197160,197160,0.395833333333333
197161,197161,0.395833333333333
197162,197162,0.395833333333333
197163,197163,0.395833333333333
197164,197164,0.395833333333333
197165,197165,0.395833333333333
197166,197166,0.395833333333333
197167,197167,0.395833333333333
197168,197168,0.395833333333333
197169,197169,0.395833333333333
197170,197170,0.395833333333333
197171,197171,0.395833333333333
197172,197172,0.395833333333333
197173,197173,0.395833333333333
197174,197174,0.395833333333333
197175,197175,0.395833333333333
197176,197176,0.395833333333333
197177,197177,0.395833333333333
197178,197178,0.395833333333333
197179,197179,0.395833333333333
197180,197180,0.395833333333333
197181,197181,0.395833333333333
197182,197182,0.395833333333333
197183,197183,0.395833333333333
197184,197184,0.395833333333333
197185,197185,0.395833333333333
197363,197363,0.410992752409242
197364,197364,0.426308035636981
197365,197365,0.460363042453328
197373,197373,0.251677279931231
197374,197374,0.257729115667453
197375,197375,0.257168208630717
197376,197376,0.259572637731498
197377,197377,0.261442415335134
197378,197378,0.267267023370579
197557,197557,0.627874462289276
197567,197567,0.350450914452289
197568,197568,0.352961024658785
197569,197569,0.352965931193477
197570,197570,0.352975853793349
197571,197571,0.356995345755435
197572,197572,0.370328575070984
197573,197573,0.348724500386327
197624,197624,0.290756708484051
197647,197647,0.362054239941032
197648,197648,0.36209735708956
197649,197649,0.368120649233915
197650,197650,0.368150715083974
197651,197651,0.371631796463415
197652,197652,0.371653174164006
197653,197653,0.372594587206745
197873,197873,0.330594950577773
197878,197878,0.357935891389176
197879,197879,0.358829188237217
198000,198000,0.338362475125627
198001,198001,0.338617515341979
198002,198002,0.339006267236139
198003,198003,0.339170738381094
198004,198004,0.322550180317404
198005,198005,0.322550177383112
198006,198006,0.32518198730367
198007,198007,0.336049106337216
198008,198008,0.335417657534006
198012,198012,0.709816780750384
198035,198035,0.374325911635903
198036,198036,0.331341992100005
198037,198037,0.354630204541138
198038,198038,0.354653381212665
198039,198039,0.328647326612785
198075,198075,0.391065378789831
198100,198100,0.575030135470605
198101,198101,0.575030135470605
198102,198102,0.512530135470605
198218,198218,0.314057100825883
198235,198235,0.617372338579082
198236,198236,0.63834547005302
198237,198237,0.859933780991093
198238,198238,0.862602142405527
198239,198239,0.865903446113729
198240,198240,0.853086252329806
198241,198241,0.558485270413028
198242,198242,0.561932743788506
198243,198243,0.575242832533857
198244,198244,0.591677623887418
198245,198245,0.602965700034749
198246,198246,0.603242422087374
198247,198247,0.611941837539252
198248,198248,0.403991300365126
198249,198249,0.405917840164321
198250,198250,0.408073901947074
198251,198251,0.650871183549581
198252,198252,0.650871183549581
198253,198253,0.651301494290029
198346,198346,0.292234888334879
198347,198347,0.33965965655091
198348,198348,0.318132677637743
198349,198349,0.31417205345085
198350,198350,0.308855356660813
198351,198351,0.307608348769711
198352,198352,0.305774655608935
198355,198355,0.815319607295734
198356,198356,0.816300344115424
198357,198357,0.80122572698639
198358,198358,0.261831997946493
198365,198365,0.29172999096974
198585,198585,0.269428939901262
198586,198586,0.272058534335359
198587,198587,0.341511342454011
198702,198702,0.723860971402125
198703,198703,0.726116087685201
198708,198708,0.418896224916871
198709,198709,0.422540601758341
198710,198710,0.420525066661365
198711,198711,0.429392793574686
198732,198732,0.312426907140707
198819,198819,0.270742036755282
198820,198820,0.30461133208591
198821,198821,0.304669593454002
198822,198822,0.310487545515055
198823,198823,0.310633546975533
198824,198824,0.347946471910996
198825,198825,0.347660382196014
198826,198826,0.346162801670454
198867,198867,0.377477840302772
199318,199318,0.58797018564586
199319,199319,0.58797018564586
199320,199320,0.388022410432103
199321,199321,0.543686537673942
199322,199322,0.595443041882287
199323,199323,0.316267148113374
199324,199324,0.310986023748268
199325,199325,0.317343161197526
199326,199326,0.304313674820609
199581,199581,0.252945552760237
199582,199582,0.253018724134279
199583,199583,0.259655124972588
199584,199584,0.259690469427155
199585,199585,0.264682361366615
199615,199615,0.303288344984376
199616,199616,0.309004156033374
199632,199632,0.512757737147911
199633,199633,0.501933168938165
199636,199636,0.288864668031879
199637,199637,0.29005115695521
199638,199638,0.303953909773477
199639,199639,0.317128883909551
199640,199640,0.318887902223011
199641,199641,0.328759591329973
199642,199642,0.329595093414273
199643,199643,0.330623137380342
199644,199644,0.34748211410374
199645,199645,0.371901286973203
199646,199646,0.372023809173054
199647,199647,0.395833333333333
199651,199651,0.430976316374312
199652,199652,0.433227449000386
199653,199653,0.411023107160132
199654,199654,0.410299243559244
199655,199655,0.437101222120679
199656,199656,0.44057926556996
199657,199657,0.441622484564899
199658,199658,0.442605754623914
199763,199763,0.609637718743904
199764,199764,0.877647763542019
199765,199765,0.411031176830463
199766,199766,0.381501373292538
199767,199767,0.360605702722458
199768,199768,0.350540477517396
199769,199769,0.309751121010397
199770,199770,0.253979232221227
199825,199825,0.253859934985075
199833,199833,0.477668094241185
199834,199834,0.512913700885482
199835,199835,0.518633977432777
199836,199836,0.519019710638633
199837,199837,0.520618242105635
199838,199838,0.516411435349966
199839,199839,0.516631317632932
199860,199860,0.815620634026938
199861,199861,0.814187682470726
199862,199862,0.80998182297289
199863,199863,0.798116909807322
199864,199864,0.75990887304103
199865,199865,0.75990887304103
200043,200043,0.300248748595125
200207,200207,0.251220691530908
200346,200346,0.256525169697472
200347,200347,0.281582181246924
200348,200348,0.28171507922918
200349,200349,0.281685697465382
200350,200350,0.282841738239835
200351,200351,0.2800861432782
200352,200352,0.285874386374492
200353,200353,0.279600582555381
200376,200376,0.259831959427414
200377,200377,0.451335623646518
200378,200378,0.453571298511408
200393,200393,0.263588661420656
200394,200394,0.30290871549828
200395,200395,0.303008118117479
200396,200396,0.303149363814039
200397,200397,0.303193391050795
200398,200398,0.303278660308725
200399,200399,0.303334739042588
200409,200409,0.449726513564952
200410,200410,0.512226513564952
200411,200411,0.512226513564952
200412,200412,0.513118200981118
200557,200557,0.723860971402125
200558,200558,0.653566034922242
200559,200559,0.311131127380845
200560,200560,0.310564961189592
200561,200561,0.29438329810782
200562,200562,0.292289572444089
200659,200659,0.312426907140707
200665,200665,0.316954340904987
200686,200686,0.462419313506557
200687,200687,0.462205208628484
200688,200688,0.464592814573048
200738,200738,0.375168400866921
200751,200751,0.273643596471769
200756,200756,0.255762271866259
200757,200757,0.27346355966256
200785,200785,0.435710964635955
200786,200786,0.423621004382776
200787,200787,0.423593657248416
200788,200788,0.424061853091891
200789,200789,0.423843127118987
200790,200790,0.421954694066223
201030,201030,0.322629469483543
201186,201186,0.548546291058094
201187,201187,0.454056449451652
201188,201188,0.459709354143916
201189,201189,0.465222016756523
201233,201233,0.295585508049325
201234,201234,0.29636343686106
201235,201235,0.265405927334452
201271,201271,0.33317026847692
201272,201272,0.338366636650513
201273,201273,0.342956178551104
201274,201274,0.353004243077984
201275,201275,0.348761602038982
201458,201458,0.804923502543709
201459,201459,0.791211730901855
201667,201667,0.526290700680416
201796,201796,0.357724636953091
201797,201797,0.358603323525234
201798,201798,0.363920133623329
201799,201799,0.375361059182048
201830,201830,0.641909704235883
201834,201834,0.721793075375296
201835,201835,0.716103729280458
201836,201836,0.744054590086518
201837,201837,0.744097429306006
201838,201838,0.744342471464619
201884,201884,0.37688153393689
201885,201885,0.376501151315339
201886,201886,0.383616207447484
201897,201897,0.489575692936579
201907,201907,0.480421254693354
201908,201908,0.480459775356523
201978,201978,0.381581628887869
201979,201979,0.400604531528531
201980,201980,0.394442179384928
201981,201981,0.407675744970243
202023,202023,0.331564619319265
202083,202083,0.869789093489861
202084,202084,0.869049761816893
202262,202262,0.501096908154811
202278,202278,0.581835408284189
202279,202279,0.580133566381315
202300,202300,0.324691274961177
202301,202301,0.313012291178361
202302,202302,0.534041376184096
202303,202303,0.571050632571133
202304,202304,0.546992831139909
202305,202305,0.536125415893404
202306,202306,0.545770794146792
202307,202307,0.564284793849215
202308,202308,0.541876628117058
202309,202309,0.414955718388187
202472,202472,0.797701999063211
202779,202779,0.351719402579046
202780,202780,0.352327205027391
202815,202815,0.520833333333333
202816,202816,0.518849206349206
202817,202817,0.518767485374965
202818,202818,0.518501071385354
202819,202819,0.51832302677194
202820,202820,0.518308424377979
202821,202821,0.5182851346159
202822,202822,0.518389383505679
202823,202823,0.518407169948054
202824,202824,0.518557655901311
202825,202825,0.518775387502161
202826,202826,0.519166666666667
202827,202827,0.520833333333333
203068,203068,0.483037843018087
203069,203069,0.496662953438619
203070,203070,0.453581009173326
203071,203071,0.409676154162346
203114,203114,0.786371053511694
203115,203115,0.5079683411739
203116,203116,0.490278286604407
203318,203318,0.344848788473538
203319,203319,0.346746210922163
203320,203320,0.330334063667419
203321,203321,0.343153949285726
203332,203332,0.350281733729662
203333,203333,0.343634168265391
203334,203334,0.34122987078
203335,203335,0.580370327303803
203336,203336,0.578461993370384
203337,203337,0.578121878513132
203338,203338,0.577861837717947
203339,203339,0.56765757126807
203340,203340,0.538093873640382
203341,203341,0.525672483292305
203342,203342,0.545581589921703
203343,203343,0.555594890705857
203674,203674,0.67258730928781
203675,203675,0.672665333937172
203676,203676,0.490283715205653
203716,203716,0.277312010728753
203717,203717,0.27007538187771
203718,203718,0.269318781429833
203814,203814,0.423754106001414
203815,203815,0.357950811543468
203816,203816,0.37432960325741
203817,203817,0.374172282842764
203818,203818,0.373796878505025
203819,203819,0.422768297273068
203820,203820,0.423402364888917
203821,203821,0.418843433581341
203822,203822,0.418907386595835
204012,204012,0.279144519743881
204013,204013,0.279177705527229
204050,204050,0.404068542395734
204052,204052,0.40435262051922
204053,204053,0.819116591795883
204054,204054,0.829763613393844
204055,204055,0.376585169408728
204056,204056,0.375451799035056
204382,204382,0.451301133868988
204634,204634,0.344563440135862
204940,204940,0.295871731159273
204941,204941,0.369121938361146
205019,205019,0.551479713027093
205071,205071,0.297273996586571
205072,205072,0.291699271386819
205073,205073,0.291635914099998
205074,205074,0.287086292070707
205075,205075,0.28507117794277
205076,205076,0.287519562683732
205077,205077,0.273658061276146
205078,205078,0.280858488514956
205080,205080,0.321443394279173
205081,205081,0.326690818248399
205178,205178,0.468383274236456
205179,205179,0.46982195542915
205452,205452,0.403729929350309
205453,205453,0.407319291176207
205454,205454,0.407319291176207
205455,205455,0.407319291176207
205477,205477,0.512226513564952
205770,205770,0.749215812764505
205782,205782,0.370986175607728
205800,205800,0.272624521209381
205801,205801,0.272022211066396
205802,205802,0.266573751835454
205805,205805,0.260022122116022
205806,205806,0.265721466342086
205807,205807,0.275758580720521
205808,205808,0.271832022252664
205823,205823,0.379971915560026
205824,205824,0.38085141660461
205825,205825,0.427230518848873
205826,205826,0.426864383689083
205914,205914,0.399979824440569
205915,205915,0.395833333333333
205916,205916,0.395833333333333
205917,205917,0.333333333333333
206140,206140,0.619370405618322
206141,206141,0.628214196849863
206142,206142,0.628243156263374
206143,206143,0.624423816299258
206144,206144,0.63800755624286
206159,206159,0.257801477808601
206160,206160,0.25715355133057
206161,206161,0.251359036249681
206162,206162,0.254342405444414
206190,206190,0.264517073069533
206191,206191,0.270641226957682
206192,206192,0.346722708009238
206330,206330,0.827347999625749
206331,206331,0.826911800315606
206332,206332,0.890765980010028
206335,206335,0.507897582496118
206336,206336,0.509537887887642
206337,206337,0.509765731901108
206346,206346,0.331374358236703
206347,206347,0.300813280325252
206348,206348,0.30296707691438
206462,206462,0.472263706027528
206463,206463,0.469682282077634
206464,206464,0.407182282077634
206686,206686,0.415301434626683
206711,206711,0.391834352314972
206712,206712,0.391510211204793
206730,206730,0.308392684544956
206731,206731,0.451121598712334
206796,206796,0.335716068203453
206817,206817,0.500186404095869
206996,206996,0.29750082182342
206997,206997,0.311850878973018
207000,207000,0.3278245539093
207001,207001,0.326012835927629
207002,207002,0.316201008419049
207180,207180,0.395833333333333
207181,207181,0.395833333333333
207182,207182,0.395833333333333
207183,207183,0.395833333333333
207528,207528,0.417011679592616
207759,207759,0.5
207808,207808,0.481643801168443
207809,207809,0.494090535396223
207810,207810,0.52172351003592
207811,207811,0.516547628405517
207812,207812,0.443182615893646
207813,207813,0.505374539583463
207835,207835,0.559583642194865
207836,207836,0.559511752185773
207837,207837,0.559460310862362
207838,207838,0.55941292377185
207839,207839,0.55937085234566
207840,207840,0.559324848208482
208127,208127,0.625
208128,208128,0.285897532071532
208137,208137,0.366899366627896
208138,208138,0.287441167703457
208225,208225,0.817312992845581
208226,208226,0.754400196327277
208227,208227,0.752426975716401
208228,208228,0.752426975716401
208239,208239,0.819235587077885
208240,208240,0.819235587077885
208241,208241,0.809437983296021
208242,208242,0.315356696041032
208381,208381,0.317957747330797
208382,208382,0.274485268080394
208499,208499,0.382188299537284
208500,208500,0.381529871981469
208501,208501,0.381105402212441
208502,208502,0.380856135934771
208530,208530,0.785248815689874
208531,208531,0.785248725538585
208532,208532,0.847748567600077
208542,208542,0.282818029148335
208571,208571,0.344957085918506
208572,208572,0.34674112245644
208573,208573,0.34667753937786
208574,208574,0.346594059306393
208575,208575,0.347589645997175
208576,208576,0.345907722185917
208872,208872,0.291779446659902
208886,208886,0.312416243836904
208887,208887,0.317877086524797
208888,208888,0.323000171978727
208889,208889,0.322750624536289
208905,208905,0.667229071119562
208906,208906,0.734060357639373
208907,208907,0.747399101186817
208908,208908,0.754458363594098
208925,208925,0.488508298796054
208926,208926,0.610085719211783
208927,208927,0.610034894357637
208932,208932,0.471448234003509
209000,209000,0.380606141643706
209001,209001,0.365257434821516
209038,209038,0.511442514019457
209224,209224,0.395833333333333
209225,209225,0.639926920568644
209226,209226,0.639926920568644
209227,209227,0.640922830122342
209228,209228,0.640922830122342
209229,209229,0.640922830122342
209230,209230,0.640922830122342
209231,209231,0.640922830122342
209331,209331,0.455966540074503
209332,209332,0.453224246079276
209333,209333,0.420965249320671
209334,209334,0.420833701519656
209335,209335,0.424840389513329
209336,209336,0.424697527715982
209339,209339,0.767437376437807
209340,209340,0.251522507494191
209344,209344,0.719954836270622
209345,209345,0.708118510608249
209346,209346,0.637148057494698
209350,209350,0.728518405858266
209351,209351,0.65101348735464
209552,209552,0.432161923558505
209807,209807,0.460444079693189
210024,210024,0.373028247184904
210025,210025,0.368987611280311
210026,210026,0.369947550646336
210027,210027,0.36913946301938
210028,210028,0.333379866460349
210147,210147,0.389866541788238
210196,210196,0.333333333333333
210213,210213,0.400503387475038
210214,210214,0.398295028151436
210215,210215,0.398228249269921
210216,210216,0.361726960447648
210295,210295,0.425092872031064
210296,210296,0.43913210709434
210495,210495,0.347258525403239
210496,210496,0.335716068203453
210519,210519,0.250824999304394
210549,210549,0.251095834186826
210550,210550,0.267442283247491
210551,210551,0.264476419555129
210552,210552,0.345449705215014
210640,210640,0.431232716426612
210714,210714,0.364491387781948
210715,210715,0.364445307982889
210716,210716,0.461300912642683
210717,210717,0.461518299114865
210730,210730,0.583411369230873
210731,210731,0.583411369230873
210732,210732,0.583411369230873
210733,210733,0.623540104416504
210795,210795,0.410090187696693
210914,210914,0.289468724086652
211021,211021,0.51969137908988
211022,211022,0.711693037183911
211023,211023,0.712522284934805
211024,211024,0.73309866399242
211096,211096,0.388986436764089
211097,211097,0.389018266434907
211098,211098,0.399425566864296
211099,211099,0.386775328313931
211100,211100,0.400509580666845
211101,211101,0.389796689160831
211102,211102,0.400172061651983
211546,211546,0.408886782742976
211547,211547,0.398035190874182
211548,211548,0.387437051396237
211549,211549,0.378619146912142
211550,211550,0.371769208863461
211559,211559,0.292094500800903
211824,211824,0.336006205959753
211825,211825,0.339170989842981
211973,211973,0.473358613279141
211974,211974,0.46116486073873
211975,211975,0.460786099125822
211976,211976,0.4019947501815
212212,212212,0.25478220739536
212213,212213,0.255050007649616
212214,212214,0.26616747930451
212215,212215,0.313619676422641
212216,212216,0.27338177113424
212217,212217,0.274382701948246
212446,212446,0.441759429485317
212447,212447,0.446325688691579
212448,212448,0.430481073060256
212450,212450,0.259232715027835
212451,212451,0.28803789906872
212452,212452,0.29205301610996
212453,212453,0.297694742554869
212454,212454,0.318375690084388
212455,212455,0.332739986765681
212456,212456,0.302181608552095
212457,212457,0.304835093518905
212458,212458,0.312526701244953
212459,212459,0.32387754280183
212460,212460,0.336148582337139
212461,212461,0.338732523105137
212462,212462,0.344816982441853
212541,212541,0.36858714110126
212542,212542,0.39555022401483
212543,212543,0.400514623801127
212544,212544,0.394655309811328
212584,212584,0.438898458987836
212585,212585,0.300446792491279
212586,212586,0.30272138980459
212775,212775,0.25576695457275
212776,212776,0.280475469391324
212781,212781,0.25576695457275
212782,212782,0.279617506613293
212783,212783,0.274396020933124
212784,212784,0.267672387631917
212785,212785,0.265450489928364
212786,212786,0.265412183166105
212787,212787,0.265307744463634
212790,212790,0.273044169898678
212791,212791,0.273010147645806
212792,212792,0.27297209230429
212793,212793,0.272908305541588
213078,213078,0.394324311395445
213154,213154,0.697477289895531
213155,213155,0.697477289895531
213156,213156,0.697477289895531
213157,213157,0.697477289895531
213161,213161,0.697477289895531
213167,213167,0.419965278087074
213168,213168,0.426867290417506
213169,213169,0.410769354376258
213287,213287,0.485018132659688
213288,213288,0.485605186725137
213289,213289,0.486019308222122
213290,213290,0.262178955723272
213291,213291,0.25848303041053
213296,213296,0.818900913000403
213297,213297,0.818900913000403
213298,213298,0.819143867200241
213299,213299,0.819284123684318
213300,213300,0.756784123684318
213301,213301,0.757615675440034
213302,213302,0.757615675440034
213303,213303,0.820841122572613
213304,213304,0.821111691309248
213312,213312,0.266614454289181
213313,213313,0.26667295808767
213314,213314,0.256523645125237
213315,213315,0.256385584985188
213316,213316,0.256236002555644
213317,213317,0.250735276364692
213318,213318,0.313352841564428
213319,213319,0.3351116039941
213320,213320,0.335300054622198
213322,213322,0.323589699333482
213323,213323,0.325086610512607
213324,213324,0.327270828711176
213325,213325,0.392494431866357
213326,213326,0.394848032654776
213327,213327,0.39750412774319
213362,213362,0.328202379611893
213422,213422,0.424121852494903
213423,213423,0.41349451817461
213424,213424,0.404197171007909
213425,213425,0.402405212498125
213426,213426,0.399703189082662
213448,213448,0.301395455467768
213449,213449,0.313155699720079
213450,213450,0.30599122155002
213657,213657,0.325503714000535
213658,213658,0.325618984024984
213659,213659,0.323463387040298
213746,213746,0.450558997162618
213747,213747,0.450064824589195
213748,213748,0.450638566145547
213749,213749,0.442164696179772
213770,213770,0.385208557222194
213906,213906,0.580749127267494
214101,214101,0.388972172616046
214102,214102,0.79872198081553
214147,214147,0.289633735617709
214148,214148,0.334850388955005
214149,214149,0.334919933179452
214150,214150,0.334927577569736
214151,214151,0.334995433798706
214152,214152,0.33503431218651
214153,214153,0.335127279231527
214154,214154,0.335379129132646
214326,214326,0.847914500661373
214327,214327,0.847914500661373
214328,214328,0.785414500661373
214329,214329,0.784435284108229
214330,214330,0.784435284108229
214331,214331,0.784293075375296
214332,214332,0.784293075375296
214333,214333,0.784293075375296
214334,214334,0.79017296404932
214335,214335,0.79017296404932
214336,214336,0.72767296404932
214337,214337,0.72767296404932
214338,214338,0.721793075375296
214339,214339,0.722787098853886
214340,214340,0.722787098853886
214341,214341,0.722914500661373
214493,214493,0.294554918657044
214497,214497,0.314548419864909
214498,214498,0.29454480037685
214555,214555,0.46031256787894
214556,214556,0.461233045450496
214667,214667,0.387047935055521
214756,214756,0.385710615164891
214757,214757,0.329207685011904
214758,214758,0.353809952269512
214759,214759,0.353691277068264
214760,214760,0.353287920838913
214789,214789,0.333109784579766
214790,214790,0.333057804920247
214791,214791,0.333043656685619
214792,214792,0.333024569856494
214793,214793,0.333023576446815
214794,214794,0.288324271752044
214795,214795,0.360040506579422
214796,214796,0.360024506156142
214797,214797,0.361808694233255
214798,214798,0.361776688967263
214799,214799,0.361750929634185
215022,215022,0.865903446113729
215023,215023,0.865903446113729
215106,215106,0.397740549597678
215107,215107,0.397740549597678
215108,215108,0.397740549597678
215109,215109,0.395833333333333
215110,215110,0.395833333333333
215111,215111,0.395833333333333
215112,215112,0.395833333333333
215113,215113,0.395833333333333
215114,215114,0.333333333333333
215115,215115,0.40789061741792
215116,215116,0.402168968624886
215117,215117,0.339668968624886
215134,215134,0.45910669780641
215135,215135,0.893202378761025
215136,215136,0.894581567647169
215200,215200,0.454877381931925
215201,215201,0.451335623646518
215202,215202,0.451335623646518
215203,215203,0.451335623646518
215204,215204,0.451335623646518
215205,215205,0.451335623646518
215206,215206,0.451335623646518
215231,215231,0.588662189925445
215232,215232,0.588726901647619
215263,215263,0.333333333333333
215264,215264,0.389112986564904
215265,215265,0.389690972433714
215608,215608,0.32437461870133
215723,215723,0.536713929916113
215828,215828,0.661391321285298
215829,215829,0.665531344615071
215830,215830,0.665528259901256
215911,215911,0.372993205009326
215928,215928,0.535482754246231
215943,215943,0.301438780745128
215946,215946,0.433635052831124
215947,215947,0.433635052831124
215948,215948,0.371135052831124
216076,216076,0.332958277525477
216096,216096,0.354906281999008
216097,216097,0.355662316833349
216098,216098,0.363898406406107
216099,216099,0.364366574514075
216100,216100,0.376881869029439
216101,216101,0.436766882443696
216102,216102,0.43692023185036
216103,216103,0.451365754319799
216104,216104,0.520833333333333
216108,216108,0.337858543991398
216116,216116,0.747719284386477
216173,216173,0.410134810799407
216174,216174,0.409946455795784
216175,216175,0.312727637017472
216176,216176,0.313147571959802
216177,216177,0.313749984371461
216317,216317,0.350783879854294
216450,216450,0.292879778899085
216451,216451,0.292150117063731
216452,216452,0.295898374702087
216482,216482,0.40359795482342
216483,216483,0.465768058085667
216484,216484,0.392062684155933
216485,216485,0.393151089610819
216486,216486,0.390293582559355
216487,216487,0.389478599817198
216488,216488,0.393929993277509
216500,216500,0.301413648515588
216505,216505,0.259382044391968
216506,216506,0.279294043438241
216507,216507,0.309385996660225
216549,216549,0.250998728905114
216562,216562,0.251580392920164
216572,216572,0.443218010454124
216644,216644,0.289555946290831
216703,216703,0.280706287690871
216704,216704,0.278864474152796
216705,216705,0.275078931917242
216706,216706,0.275012755746361
216707,216707,0.274711385968728
216708,216708,0.274633329217966
216709,216709,0.274449523987333
216710,216710,0.272548883551763
216711,216711,0.272386778018523
216752,216752,0.281460001461614
216753,216753,0.281499260291712
216763,216763,0.498301666072048
216764,216764,0.498301666072048
216765,216765,0.503012679324793
216766,216766,0.503012679324793
216767,216767,0.503012679324793
216768,216768,0.503012679324793
216769,216769,0.503012679324793
216770,216770,0.508214181630278
217153,217153,0.397925361658647
217154,217154,0.430920499775666
217181,217181,0.366582968130667
217249,217249,0.395786987268671
217250,217250,0.391372428591963
217251,217251,0.387649968413442
217252,217252,0.397166804037322
217253,217253,0.394659101408273
217254,217254,0.46471249467197
217295,217295,0.558937148506181
217296,217296,0.611719340167428
217297,217297,0.611603687008158
217298,217298,0.604746106295808
217299,217299,0.439481329067826
217300,217300,0.454232766917687
217301,217301,0.454232766917687
217302,217302,0.391732766917687
217381,217381,0.583333333333333
217382,217382,0.583333333333333
217383,217383,0.268565130278135
217384,217384,0.254750619728131
217385,217385,0.276671521754999
217387,217387,0.351450269513585
217389,217389,0.583333333333333
217390,217390,0.395833333333333
217393,217393,0.273234426357493
217394,217394,0.27100257881677
217399,217399,0.395833333333333
217484,217484,0.282551105242546
217486,217486,0.294409266732653
217491,217491,0.32118437504415
217492,217492,0.29834762212638
217494,217494,0.276928439088454
217578,217578,0.716814247225471
217579,217579,0.716814247225471
217580,217580,0.779314247225471
217581,217581,0.779314247225471
217582,217582,0.717430813390711
217583,217583,0.717432449281458
217584,217584,0.717432449281458
217585,217585,0.720587928824795
217586,217586,0.735499851181684
217587,217587,0.67637044751234
217588,217588,0.720013873231352
217589,217589,0.720009413445535
217590,217590,0.717432449281458
217591,217591,0.705061317469792
217592,217592,0.670481102555917
217593,217593,0.701359173131787
217594,217594,0.714171072586728
217595,217595,0.731492369991024
217596,217596,0.720013873231352
217597,217597,0.720013873231352
217598,217598,0.842432449281458
217599,217599,0.842432449281458
217600,217600,0.778998648536905
217601,217601,0.778998648536905
217602,217602,0.778998648536905
217603,217603,0.778998648536905
217604,217604,0.47192107210387
217605,217605,0.512250896283944
217606,217606,0.54254303092089
217607,217607,0.859066803286556
217608,217608,0.796566803286556
217609,217609,0.863494915418681
217610,217610,0.92556785841364
217611,217611,0.811517012210804
217612,217612,0.812103302676442
217613,217613,0.863494915418681
217614,217614,0.92556785841364
217615,217615,0.936517012210804
217616,217616,0.874603302676442
217617,217617,0.874017012210804
217618,217618,0.824255732730636
217619,217619,0.824422263394726
217620,217620,0.949422263394726
217621,217621,0.824422263394726
217622,217622,0.949422263394726
217623,217623,0.824013288059537
217625,217625,0.394270939915753
217626,217626,0.414259948933872
217627,217627,0.41306787352273
217628,217628,0.406134784933108
217629,217629,0.430114306002289
217630,217630,0.367871374579742
217631,217631,0.429324393865801
217632,217632,0.280783254139122
217633,217633,0.306028731900244
217634,217634,0.272617240917814
217635,217635,0.272894614003542
217636,217636,0.27500849248661
217637,217637,0.293607319181454
217638,217638,0.339916994549281
217639,217639,0.340028494543798
217640,217640,0.302452557473548
217642,217642,0.324336966487926
217643,217643,0.3400209877624
217644,217644,0.537886618178997
217645,217645,0.565441264080403
217646,217646,0.548675805472872
217647,217647,0.548300565467636
217648,217648,0.551205867647401
217649,217649,0.554909272787662
217650,217650,0.551644736623732
217651,217651,0.564946458512768
217652,217652,0.802027416396927
217653,217653,0.802027416396927
217654,217654,0.864527416396927
217655,217655,0.864527416396927
217656,217656,0.568012041226939
217657,217657,0.573957677331619
217658,217658,0.643104043222924
217659,217659,0.521876759773897
217660,217660,0.419740141465981
217661,217661,0.682020930103584
217761,217761,0.362350821003448
217782,217782,0.724775909750213
217783,217783,0.75
217784,217784,0.824422263394726
217785,217785,0.949422263394726
217786,217786,0.779932449281458
217787,217787,0.717428830421866
217805,217805,0.358934498502042
217809,217809,0.528863756440175
217810,217810,0.423036178624998
217811,217811,0.530535219186505
217812,217812,0.534467551677644
217813,217813,0.496619334689493
217814,217814,0.45984149317945
217815,217815,0.328861761289587
217816,217816,0.51626309132497
217817,217817,0.361679039462513
217859,217859,0.325158929210881
217860,217860,0.640922830122342
217861,217861,0.640922292983831
217862,217862,0.397331256551366
217863,217863,0.686753537557747
217864,217864,0.686753537557747
217865,217865,0.362083359625729
217866,217866,0.703422830122342
217867,217867,0.765922830122342
