fid,MS_ID,kmeans_cluster,distance_to_assigned_centroid
24398,24398,1,0.43930885904815653
24399,24399,1,0.43783103582716265
24400,24400,1,0.43393157700718527
24403,24403,1,0.4409725329120494
24404,24404,1,0.8482829724275606
24405,24405,1,1.1081144046740492
24406,24406,1,0.8293687514398359
24407,24407,1,0.881541768942017
24408,24408,1,0.9345905064833033
24409,24409,1,0.8811890387972837
24410,24410,1,0.9556257760661969
24411,24411,1,0.6161471692259897
24412,24412,2,0.5387842849159716
24415,24415,2,0.5263974143667717
24416,24416,2,0.5197013932742883
24417,24417,2,0.5219273948607889
24418,24418,2,0.5213690824288351
24419,24419,1,0.5720480131027332
24458,24458,2,0.860179371760106
24459,24459,2,0.8812178650969139
24460,24460,2,0.8802230690629141
24461,24461,2,0.8984498427299661
24462,24462,2,0.8991264126484403
24463,24463,2,0.9594964629012263
24581,24581,2,0.21606608196377214
24582,24582,2,0.21669756371426233
24583,24583,2,0.2153010081756434
24584,24584,2,0.21436929643504318
24585,24585,2,0.21522157589903326
24586,24586,2,0.21346138544004645
24587,24587,2,0.21079616601451465
24588,24588,2,0.22834089327583174
24589,24589,2,0.22887477549782267
24590,24590,2,0.22139839407887693
24591,24591,2,0.24977974218767904
24592,24592,2,0.24982148983311353
24614,24614,1,0.9774249415969848
24615,24615,1,0.9774261587992767
24983,24983,1,0.5554273304865167
24984,24984,1,0.5649699357322941
24985,24985,1,0.5736229518494118
24986,24986,1,0.2751524306391092
24987,24987,1,0.2755237416471255
24988,24988,1,0.29471966627475765
24989,24989,1,0.29856270111256394
24990,24990,1,0.3007620493122837
25029,25029,2,1.2917636498410767
25030,25030,2,1.2920643898171817
25031,25031,2,1.290753817947023
25032,25032,2,1.0165992463603215
25033,25033,2,0.2429837989067239
25034,25034,2,0.2400927558179776
25035,25035,2,0.19001670310344032
25036,25036,2,0.18593801596917986
25037,25037,2,0.1860699146980758
25038,25038,2,0.1702431485322758
25039,25039,2,0.18922866674110295
25040,25040,2,0.18873524910108824
25041,25041,2,0.1911070255672181
25042,25042,2,0.19240119954374846
25043,25043,2,0.20412330535894865
25044,25044,2,0.2104894938579703
25045,25045,2,0.21755576064723867
25046,25046,2,0.2216265332544242
25118,25118,2,0.5391992276808422
25195,25195,1,0.36462601562876684
25196,25196,1,0.33254180893532254
25197,25197,1,0.29874753169839124
25212,25212,1,1.241088685908941
25213,25213,1,1.5867400316732898
25215,25215,1,1.0260635031335534
25519,25519,2,0.20822310929411572
25520,25520,2,0.2104038837093363
25521,25521,2,0.2507880915664885
25522,25522,2,0.2517691628633117
25523,25523,2,0.2524855882076461
25524,25524,2,0.2522329920574143
25525,25525,2,0.25258891987683013
25526,25526,2,0.2527666229418497
25527,25527,2,0.2536734632901561
25528,25528,2,0.2549148506511469
25529,25529,2,0.2545684708437273
25683,25683,2,0.5383459522281479
26078,26078,1,0.9587030820019635
26079,26079,1,0.9586882451415099
26080,26080,1,0.9586755153255708
26081,26081,1,0.9586578862342674
26082,26082,1,0.9773968430213328
26083,26083,1,0.9773627056617181
26084,26084,1,0.9773175177528657
26085,26085,1,0.9772232930017748
26347,26347,2,0.6120349755648788
26348,26348,2,0.6139860565133498
26349,26349,2,0.6153744431705916
26350,26350,2,0.6226787755658667
26351,26351,2,0.6255249918870396
26352,26352,2,0.6260302743096152
26353,26353,2,0.6321334762412041
26354,26354,2,0.6291152566309491
26355,26355,2,0.6307214632822965
26356,26356,2,0.628779007999206
26357,26357,2,0.6208234407306058
26358,26358,2,0.6216975314243703
26359,26359,2,0.6223726655623051
26360,26360,2,0.6226206061891344
26361,26361,2,0.622011378577206
26362,26362,2,0.6223261512649517
26363,26363,2,0.619486945476225
26364,26364,2,0.6196659884593299
26365,26365,2,0.6198266796324048
26366,26366,2,0.6165972736991567
26367,26367,2,0.6120401162565099
26368,26368,2,0.6149341844741251
26369,26369,2,0.6127909924158046
26370,26370,2,0.6116013113878355
26371,26371,2,0.6110177125267348
26372,26372,2,0.6113959819193461
26373,26373,2,0.6115182510264431
26374,26374,2,0.6107566175474235
26432,26432,1,0.3399023628001395
26433,26433,1,0.3305858546475472
26434,26434,1,0.32922969501625055
26435,26435,1,0.3287482011825273
26436,26436,1,0.3242419244196896
26437,26437,1,0.317018680965582
26438,26438,1,0.3152543871377513
26439,26439,1,0.3099046324478668
26440,26440,1,0.30769925079014104
26441,26441,1,0.3037172900653596
26442,26442,1,0.3033819076997071
26443,26443,1,0.304917583732139
26444,26444,1,0.3039381771136004
26445,26445,1,0.30340390128840355
26446,26446,1,0.3244458000429747
26452,26452,2,0.75103658453292
26453,26453,2,0.7510864889290294
26454,26454,2,0.7511094744629494
26455,26455,2,0.7175462881488607
26456,26456,2,0.7176087883528802
26457,26457,2,0.7176364427371306
26458,26458,2,0.717663588984973
26459,26459,2,0.7176904231824404
26460,26460,2,0.7177176033961767
26461,26461,2,0.7177454989734793
26462,26462,2,0.7177743310114533
26463,26463,2,0.7178035529686868
26464,26464,2,0.7188470080437743
26465,26465,2,0.7188802992996406
26466,26466,2,0.7189122657794053
26467,26467,2,0.7189435247064013
26468,26468,2,0.44950120470538535
26469,26469,2,0.44955120736895954
26470,26470,2,0.4496052094395987
26471,26471,2,0.44965534386209605
26472,26472,2,0.4497040880608019
26473,26473,2,0.4497507457805246
26474,26474,2,0.44979502622053097
26475,26475,2,0.4498370571981442
26476,26476,2,0.44987924356224307
26477,26477,2,0.44991400016785543
26478,26478,2,0.4394135432154184
26479,26479,2,0.43940098451922144
26480,26480,2,0.4393976337820848
26481,26481,2,0.4394036438576268
26482,26482,2,0.43940477295357877
26658,26658,1,0.5326627404240455
26659,26659,1,0.5319079331710916
26660,26660,1,0.5327611553799936
26661,26661,1,0.5324985620085542
26662,26662,1,0.5323701665424528
26663,26663,1,0.5333570770022193
26664,26664,2,0.4710137510042896
26787,26787,1,0.9774507705110674
26788,26788,1,0.9774471689062416
26789,26789,1,0.9686933368236368
26790,26790,1,0.9716618478470103
26791,26791,1,0.9613704021462861
26847,26847,1,0.84927033335607
26848,26848,1,0.7736584108624452
26849,26849,1,0.7113661489427573
26850,26850,1,0.7061488511688678
26851,26851,1,0.724621918899867
26852,26852,1,0.7431239687599931
26853,26853,1,0.7528656595206211
27147,27147,2,0.3885489261512547
27148,27148,2,0.3909750198888517
27195,27195,1,0.9651120659122496
27196,27196,1,0.9655928544516901
27205,27205,1,0.9999840601150215
27206,27206,1,0.9999840601150215
27209,27209,2,0.4418375836194895
27210,27210,2,0.46587078658671105
27211,27211,2,0.48800685353858037
27212,27212,2,0.49363095112265926
27213,27213,2,0.49555823320222153
27214,27214,2,0.5367755910605149
27215,27215,2,0.5596044666827338
27216,27216,2,0.5681820478089809
27376,27376,2,0.3563747335109742
27377,27377,2,0.3573450652181528
27378,27378,2,0.35708257353194556
27379,27379,2,0.3570797648545083
27380,27380,2,0.35116439003223215
27381,27381,2,0.3400007096412966
27382,27382,2,0.31341753739675443
27383,27383,2,0.29935995634321233
27385,27385,2,0.2825071156813739
27386,27386,2,0.25501651177359985
27387,27387,2,0.47807340797396314
27388,27388,2,0.6470348052872713
27389,27389,2,0.6477870292682328
27677,27677,1,1.241088685908941
27678,27678,1,1.241088685908941
27679,27679,1,0.9484482681254943
27680,27680,1,0.9434104218251959
27681,27681,1,0.9290070917609065
27682,27682,1,0.9265983724285526
27716,27716,1,0.5061641953896184
27717,27717,1,0.509028139775397
27718,27718,1,0.49217145566883924
27719,27719,1,0.48852555174334
27720,27720,1,0.4901201173591841
27721,27721,1,0.44511299292822804
27722,27722,1,0.4926705479719261
27723,27723,1,0.5025363168141544
27724,27724,1,1.114427125813802
27725,27725,1,0.533020517240944
27726,27726,1,0.5553802797198774
27727,27727,1,0.5771761158502561
27728,27728,2,0.46913802008415983
27849,27849,1,1.1866698637160082
27850,27850,1,1.18854884896946
27851,27851,1,1.17963985380688
27852,27852,1,1.1824785926400783
28249,28249,1,0.5107048521616406
28250,28250,1,0.5137135262432866
28251,28251,1,0.5182043059149279
28252,28252,1,0.5189252438342309
28253,28253,1,0.5181463622772611
28254,28254,1,0.5179672467199441
28256,28256,1,0.5195302267108998
28257,28257,2,0.3957790891225047
28258,28258,2,0.3932952115015965
28259,28259,2,0.3855698124592565
28260,28260,2,0.392855732833359
28261,28261,2,0.3889289672223584
28262,28262,2,0.3816617248759416
28263,28263,2,0.369472503345943
28264,28264,2,0.36345806340475545
28265,28265,2,0.3600589158819123
28266,28266,2,0.3529424298826411
28447,28447,1,1.2232555569617132
28448,28448,1,1.2243867637778945
28449,28449,1,1.2243867630222078
28450,28450,1,1.224386770138383
28465,28465,1,0.7173494470986247
28476,28476,1,0.7198765692405261
28477,28477,1,0.7194581914101013
28478,28478,1,0.7176997230180759
28479,28479,1,0.7145707800955767
28706,28706,1,0.46323132837150016
28707,28707,1,0.4348076603257539
28708,28708,1,0.43770450260899474
28709,28709,1,0.47532019540501047
28710,28710,1,0.5110410080179858
28711,28711,1,0.5099799590499251
28712,28712,1,0.5086784215623821
28713,28713,1,0.5132805351745529
28714,28714,1,0.512313069420918
28715,28715,1,0.5092231951141036
28716,28716,1,0.5154557489880938
28717,28717,1,0.6080097084678875
28718,28718,1,0.6113364496464937
28719,28719,1,0.6106234182280228
28720,28720,1,0.6120284588553366
28721,28721,1,0.6126584435571791
28722,28722,1,0.6133367720863857
28723,28723,1,0.6130276400283164
28724,28724,1,0.6117011414469626
28725,28725,1,0.6052906349657091
28726,28726,1,0.602023000074172
28727,28727,1,0.5974073085960806
28728,28728,1,0.4948042156095318
28729,28729,1,0.6156724171595104
28730,28730,1,0.759709492154757
28731,28731,1,0.7604995070962893
28732,28732,1,0.6367188024691508
28733,28733,1,0.6566192604198275
28734,28734,1,0.5015691849567355
28735,28735,1,0.5010945409073146
28736,28736,1,0.5013026907983892
28737,28737,1,0.5265580173856668
28738,28738,1,0.5263990879925787
28739,28739,1,0.5262860002325238
28740,28740,1,0.5263194899720292
28741,28741,1,0.5256643995389143
28742,28742,1,0.5278038452761755
28992,28992,1,0.5373239620487289
28993,28993,1,0.5402847007077638
28994,28994,1,0.541626720033626
28995,28995,1,0.5414591177683337
28996,28996,1,0.5437503866599456
28997,28997,1,0.5461147494209195
28998,28998,1,0.547609866061049
28999,28999,1,0.5482880819787372
29000,29000,1,0.5505107938719328
29001,29001,1,0.5538323560743973
29025,29025,2,0.6060761148269787
29026,29026,2,0.606895889760273
29027,29027,2,0.9812382384656748
29028,29028,2,0.982547544884042
29029,29029,2,0.9291123186492561
29030,29030,2,0.8878793073125355
29031,29031,2,0.888893440830084
29032,29032,2,0.9364400094870575
29033,29033,2,0.9382921258165419
29034,29034,2,1.07810566084401
29043,29043,1,1.241088685908941
29044,29044,1,1.241088685908941
29046,29046,2,0.5407394031568068
29136,29136,2,0.4663640627848821
29137,29137,2,0.4659562406971418
29138,29138,2,0.46674496018718986
29555,29555,1,0.8814638803180987
29556,29556,1,0.959487486386221
29560,29560,2,0.6272460304120988
29561,29561,2,0.6186411745584707
29663,29663,2,0.2927086380393561
29664,29664,2,0.2927506879818674
29665,29665,2,0.29277382300933674
29666,29666,2,0.2927739194717081
29667,29667,2,0.2927550834817992
29972,29972,2,0.1870742147249672
29973,29973,2,0.2533540189198965
29974,29974,2,0.2534713901870157
29975,29975,2,0.25451512586607694
29976,29976,2,0.2556555752838926
29977,29977,2,0.2557527501481742
29978,29978,2,0.25780196618381496
29979,29979,2,0.2603348711390742
29980,29980,2,0.2592976397537219
29981,29981,2,0.2540186019678336
30025,30025,2,0.29954372951656005
30026,30026,2,0.27235978038678393
30027,30027,2,0.27909319944805927
30028,30028,2,0.3047619142185929
30029,30029,2,0.3166798049663426
30030,30030,2,0.33240636465635504
30031,30031,2,0.34632118416723157
30032,30032,2,0.3516468970534237
30033,30033,2,0.3516803036791063
30034,30034,2,0.35182977215837413
30035,30035,2,0.3473291785297634
30036,30036,2,0.9016688486535479
30037,30037,2,0.9081622771187399
30332,30332,2,0.6819142625925522
30345,30345,2,0.7637365021469215
30346,30346,2,0.6952704184569265
30347,30347,2,0.6322378828125038
30879,30879,2,0.44029622871793245
30880,30880,2,0.4402947496588696
30881,30881,2,0.7510474511109756
30882,30882,2,0.7999600132078837
30895,30895,2,1.1568531611518915
30896,30896,2,1.0000438636609505
30897,30897,2,1.0052759789647199
30898,30898,2,1.1568412663760528
30899,30899,2,0.8491605558540292
30975,30975,2,0.16009042155728884
30976,30976,2,0.15645717833645012
30977,30977,2,0.1546205836095289
30978,30978,2,0.1548015094045545
30979,30979,2,0.15378699449254438
30980,30980,2,0.20914189235647782
30981,30981,2,0.20975174317873438
30982,30982,2,0.2106397504026278
30983,30983,2,0.21460399616832973
30984,30984,2,1.2061518941136453
30985,30985,2,1.2360699673049667
30986,30986,2,0.748356711425564
30987,30987,2,1.2867273165163802
30988,30988,2,1.2868767554116
30989,30989,2,1.2997751397628092
30990,30990,2,1.3009283558713731
31040,31040,1,0.23710445802828242
31041,31041,1,0.2453806634940701
31042,31042,1,0.24168102043727427
31043,31043,1,0.24734680774946446
31044,31044,1,0.247349975655565
31045,31045,1,0.3200332525834734
31076,31076,1,0.3414346747709048
31077,31077,1,0.34320053914968257
31078,31078,1,0.34644738309900114
31079,31079,1,0.3496731630233655
31080,31080,1,0.35220624028498093
31081,31081,1,0.3543157672365437
31082,31082,1,0.356821543930965
31083,31083,1,0.3576671191030092
31084,31084,1,0.36180922400720794
31085,31085,1,0.36359449478227324
31086,31086,1,0.3663765374028517
31087,31087,1,0.37127963877011577
31088,31088,1,0.3723572153855906
31089,31089,1,0.37485131870192945
31119,31119,1,0.32639496184480216
31120,31120,1,0.32780250140548106
31121,31121,1,0.329281127156969
31122,31122,1,0.3306919978126598
31123,31123,1,0.33391650810384743
31128,31128,2,0.9364260841550718
31129,31129,2,0.9362581574596717
31130,31130,2,0.9312671484575901
31131,31131,2,0.9089605662727557
31132,31132,2,0.9078860451476088
31133,31133,2,0.9077618473433944
31134,31134,2,0.6923622617188072
31135,31135,2,0.6925239572578276
31136,31136,2,0.6509602979200535
31137,31137,2,0.5445963854502669
31138,31138,2,0.467075215216839
31139,31139,2,0.3686057577666748
31140,31140,2,0.3524439135161664
31141,31141,2,0.3507736438670306
31142,31142,2,0.24668921240942818
31143,31143,2,0.2460626590015958
31144,31144,2,0.18616366038199086
31145,31145,2,0.18473569414399474
31146,31146,2,0.1841464345406926
31147,31147,2,0.1869607973884854
31148,31148,2,0.18931888335877176
31149,31149,2,0.18933141507985024
31150,31150,2,0.18934481570096673
31151,31151,2,0.18936669645692603
31152,31152,2,0.1893948509960103
31153,31153,2,0.1922804180147505
31154,31154,2,0.1924094988595401
31155,31155,2,0.1924987756786194
31156,31156,2,0.19258047566101108
31157,31157,2,0.19416884831526451
31158,31158,2,0.25184120373146723
31159,31159,2,0.2507897802239738
31160,31160,2,0.2516153665333889
31161,31161,2,0.25161069796228364
31162,31162,2,0.2531480001545001
31163,31163,2,0.2526006591966145
31164,31164,2,0.2525342058708906
31165,31165,2,0.2520708919901707
31166,31166,2,0.25257778516757035
31167,31167,2,0.25301187032937206
31168,31168,2,0.23750251107979248
31169,31169,2,0.21949392702561762
31170,31170,2,0.2015581532159982
31171,31171,2,0.18548038931520022
31172,31172,2,0.1786782565717413
31173,31173,2,0.18074552317950504
31174,31174,2,0.184049707497504
31175,31175,2,0.19095229709142245
31176,31176,2,0.1976102932698529
31177,31177,2,0.2008559498178403
31178,31178,2,0.20375139812440513
31179,31179,2,0.20861060786938143
31245,31245,2,0.35291189447737875
31246,31246,2,0.3770851921507657
31247,31247,2,0.37560379784931286
31250,31250,2,0.3848689621161705
31251,31251,1,0.5120409717700193
31252,31252,1,0.5114266381888164
31253,31253,1,0.509451503802423
31348,31348,1,0.3238522190350915
31349,31349,1,0.3186356988773671
31350,31350,1,0.3146448602902798
31351,31351,1,0.2969135390055492
31352,31352,1,0.2945964555319351
31353,31353,1,0.2951152495323016
31354,31354,1,0.30166570387659514
31355,31355,1,0.3049673277756969
31356,31356,1,0.31170264127517067
31357,31357,1,0.3165552929590591
31358,31358,1,0.45290709715819333
31359,31359,1,0.46395990699618345
31360,31360,1,0.45138856286746504
31361,31361,1,0.4810796391432455
31362,31362,1,0.4755993801877627
31363,31363,1,0.44971662970782483
31364,31364,1,0.4732845246437333
31365,31365,1,0.4881462456977898
31366,31366,1,0.48663862566351207
31367,31367,1,0.4846391447089029
31368,31368,1,0.483358834211273
31369,31369,1,0.48142941905755415
31370,31370,1,0.4803551954409839
31371,31371,1,0.479451590567783
31372,31372,1,0.4777476592507958
31373,31373,1,0.47699365155027035
31374,31374,1,0.47674907545374534
31375,31375,1,0.4795470293676744
31376,31376,1,0.4789264960287922
31377,31377,1,0.47702162233977924
31378,31378,1,0.47615818876698385
31379,31379,1,0.4750394703996287
31436,31436,1,0.5251018241079936
31630,31630,2,0.2747430068381704
31631,31631,2,0.2716620168316835
31632,31632,2,0.26753600656519516
31633,31633,2,0.26146360142318464
31634,31634,2,0.25404879865668756
31635,31635,2,0.25081347702767093
31636,31636,2,0.24846958204570377
31637,31637,2,0.24522702009765038
31638,31638,2,0.24113018851882365
31639,31639,2,0.23229836076198213
31640,31640,2,0.2331472490614717
31641,31641,2,0.23205565640908546
31642,31642,2,0.23471827017359206
31643,31643,2,0.2364444170854898
31644,31644,2,0.2221139649557084
31645,31645,2,0.25796644939416347
31646,31646,2,0.2611530545625729
31647,31647,2,0.25978682706261663
31648,31648,2,0.26234558997025265
31649,31649,2,0.26563947676770033
31650,31650,2,0.2688555463265655
31651,31651,2,0.3078591599695576
31654,31654,1,1.5287437821340883
31655,31655,1,1.528740367176253
31706,31706,1,0.48879163930371394
31769,31769,1,1.1504647107282207
31893,31893,1,1.241088685908941
31894,31894,1,1.2410871886867498
31895,31895,1,1.2410875488442823
31896,31896,1,1.241088685908941
32043,32043,2,0.9340724971670736
32044,32044,2,0.6760584115074727
32045,32045,2,1.1455788715196926
32046,32046,2,0.9861987513847325
32047,32047,2,0.9859417986017452
32048,32048,2,0.8112022592668217
32150,32150,2,0.5391992276808422
32247,32247,1,0.49061902807685914
32317,32317,1,1.2410750942310462
32318,32318,1,1.241073081951824
32319,32319,1,1.2410715964690722
32320,32320,1,1.241070625324296
32321,32321,1,1.2410701619846105
32322,32322,1,1.2410701730718399
32323,32323,1,1.2410706517903012
32324,32324,1,1.2410715877982263
32325,32325,1,1.241072951725566
32326,32326,1,1.2410747180578638
32327,32327,1,1.2410768599311446
32328,32328,1,1.241079357703337
32329,32329,1,1.2410821838925972
32330,32330,1,1.2410853024891484
32331,32331,1,1.241088685908941
32334,32334,1,1.241088685908941
32335,32335,1,1.241068077260899
32336,32336,1,1.241048146607111
32337,32337,1,1.2398704775166092
32338,32338,1,1.239852222655972
32339,32339,1,1.2398348980878457
32340,32340,1,1.239818504963562
32341,32341,1,1.239714288435801
32342,32342,1,1.239699723453473
32343,32343,1,1.2397113760121492
32355,32355,1,0.5068719907462527
32699,32699,1,1.2395854297592153
32700,32700,1,1.2395603067523668
32749,32749,1,0.5717106212147975
32750,32750,1,0.571958397869538
32751,32751,1,0.5735401687731464
32752,32752,1,0.5697198570937484
32753,32753,1,0.5660819043716641
32784,32784,2,0.7725723208665687
32785,32785,2,0.7844437099167371
32786,32786,2,0.554059615384474
32787,32787,2,0.560626076090101
32788,32788,2,0.6268077711867639
32789,32789,2,0.6264243437539178
32790,32790,2,0.305547522291707
32791,32791,2,0.3359124662735287
32792,32792,2,0.27658721174479944
32793,32793,2,0.2724091816398412
32794,32794,2,0.2716665033454669
32978,32978,1,0.882676286034621
32979,32979,1,0.8817692376166778
32980,32980,1,0.8857895857756225
32981,32981,1,0.8598035123462704
32982,32982,1,0.8597253949008578
32983,32983,1,0.9225961666554144
32984,32984,1,0.9228179923461753
32985,32985,1,0.923286237022839
32986,32986,2,0.4764424040200198
32987,32987,2,0.4767006801681484
32988,32988,2,0.47650715018025325
32989,32989,2,0.47714822272242763
32990,32990,2,0.47982354427752866
32991,32991,2,0.48337861088789225
32992,32992,2,0.4836331898180422
32993,32993,2,0.48757647978545526
32994,32994,2,0.487883428976064
32995,32995,2,0.4870098902871087
32996,32996,2,0.48725434035301024
32997,32997,2,0.48711362798835617
32998,32998,2,0.486590740466366
32999,32999,2,0.4869068912844043
33000,33000,2,0.487165519289717
33001,33001,2,0.486119890618685
33002,33002,2,0.4853841165345341
33003,33003,2,0.7376412606381576
33004,33004,2,0.7372071946913414
33005,33005,1,0.888575248217901
33006,33006,1,1.0821515136476054
33007,33007,1,1.1017602481110773
33008,33008,1,0.8739480666711922
33009,33009,1,0.8757913268738501
33010,33010,1,0.9208421398152851
33011,33011,1,0.9252363717114773
33012,33012,1,0.9262575987697754
33013,33013,1,0.8698894854264525
33014,33014,1,0.8701410595215522
33015,33015,1,0.8703991499198253
33016,33016,1,0.8735646040035943
33563,33563,2,0.5878742252413177
33564,33564,1,0.5595026529560113
33568,33568,1,0.48744618517203164
33569,33569,1,0.4681318136175591
33570,33570,1,0.49086201175903316
33571,33571,1,0.48937930562684046
33572,33572,1,0.49068040467017887
33573,33573,1,0.4905952741183762
33574,33574,1,0.4925980118033501
33575,33575,1,0.4913703949373977
33576,33576,1,0.4806879833379218
34285,34285,1,0.4474998287202168
34286,34286,1,0.4482045016111959
34287,34287,1,0.4466297958922974
34289,34289,1,0.44243983069677734
34290,34290,1,0.4412527935965832
34291,34291,1,0.5354069241149659
34292,34292,1,0.5345928439980205
34293,34293,1,0.5308858684080955
34299,34299,2,0.40436177065506007
34300,34300,2,0.39510418829843746
34301,34301,1,1.2143820717119667
34303,34303,1,1.1186985689188575
34304,34304,1,1.1173544627402752
34305,34305,1,1.1097919574603883
34306,34306,1,1.10771490371755
34307,34307,1,1.0933942575567326
34308,34308,1,1.0802679471210657
34309,34309,1,1.079035911318831
34310,34310,1,1.0437614955079138
34311,34311,1,1.0205620113642786
34312,34312,1,1.0146734491971636
34313,34313,1,1.0145432303948603
34314,34314,1,1.402566805200089
34315,34315,1,0.977323940039722
34316,34316,1,0.9746948576076099
34317,34317,1,0.9469637589468536
34318,34318,1,0.946262719876539
34319,34319,1,0.9032721413503544
34320,34320,1,0.8867863178830347
34321,34321,1,0.8871070650551995
34322,34322,1,0.8928123358054205
34323,34323,1,0.9542626209526089
34324,34324,1,0.9551749316408346
34325,34325,1,0.9539548009237165
34326,34326,1,0.9548095817415969
34327,34327,1,0.9762854864267762
34328,34328,1,0.976338383221264
34329,34329,1,0.9764519311276163
34330,34330,1,0.9775598705521995
34331,34331,1,1.417549111365197
34332,34332,1,1.0153431878482597
34333,34333,1,1.0157240573060706
34334,34334,1,1.0278855783617977
34335,34335,1,1.044395941411357
34336,34336,1,1.0795511600195142
34337,34337,1,1.080775380568002
34338,34338,1,1.1939711295091058
34340,34340,1,1.2143820717119667
34341,34341,2,0.4584920641134883
34342,34342,1,0.4242827906037972
34343,34343,1,0.4253875238424015
34344,34344,1,0.42600477594027564
34345,34345,1,0.4268817721859405
34346,34346,1,0.43188560192270914
34347,34347,1,0.43579470178218616
34348,34348,1,0.5034483376705401
34394,34394,1,0.723705801663989
34395,34395,1,0.7230656113465067
34396,34396,1,0.6869051743694093
34397,34397,1,0.6868978079257557
34398,34398,1,0.686941498295733
34399,34399,1,0.6872725539814318
34400,34400,1,0.6875000711209807
34401,34401,1,0.687492536763364
34402,34402,1,0.6668078754522243
34403,34403,1,0.4709909378229284
34404,34404,1,0.5620022132610512
34405,34405,1,0.6907346315285329
34406,34406,1,0.3981604312801118
34697,34697,2,0.16073604153143226
34698,34698,2,0.15545360417269888
34699,34699,2,0.15143736001561023
34700,34700,2,0.20173187321570274
34701,34701,2,0.1627933419620949
34702,34702,2,0.15704070864079406
34703,34703,2,0.15614337871723716
34704,34704,2,0.15552894231115622
34948,34948,1,0.5430754700722649
34949,34949,1,0.5355326022492544
35079,35079,1,1.241088685908941
35080,35080,1,1.241088685908941
35092,35092,1,1.241088685908941
35093,35093,1,1.2410886000809187
35094,35094,1,1.241088685908941
35568,35568,2,0.25013044721811356
35569,35569,2,0.24787784240551622
35570,35570,2,0.2464567366230936
35571,35571,2,0.23748415749117222
35572,35572,2,0.2276946895043313
35573,35573,2,0.22768922331002175
35574,35574,2,0.22679826915483403
35575,35575,2,0.22705119710431437
35576,35576,2,0.22798856886439825
35577,35577,2,0.22843465895109505
35578,35578,2,0.23436772034656986
35579,35579,2,0.22186938162546452
35580,35580,2,0.22024183584222792
35581,35581,2,0.2420758876904513
35582,35582,2,0.24310543310953783
35583,35583,2,0.24451996308899565
35919,35919,2,0.7557345449120849
35920,35920,2,0.7557635720889674
35921,35921,2,0.7556773162537218
35922,35922,2,0.7548467352263086
35925,35925,2,0.7549036148491263
35926,35926,2,0.7548882137516925
35927,35927,2,0.7548811455243439
35928,35928,2,0.7549536113434476
35929,35929,2,0.7549352880037635
35930,35930,2,0.7549207682136235
35931,35931,2,0.7550488716415805
35932,35932,2,0.7550265802958508
35933,35933,2,0.7551909303315822
36058,36058,1,0.5732310956844385
36059,36059,1,0.5267064580730437
36060,36060,1,0.5245285715740715
36061,36061,1,0.49890807189465025
36062,36062,1,0.49854627099566307
36063,36063,1,0.4621869947123174
36064,36064,1,0.4610824700548967
36065,36065,1,0.5931002536589053
36066,36066,1,0.5925453685053408
36067,36067,1,0.5765575724808593
36068,36068,1,0.5866099497519932
36069,36069,1,0.5818450962012636
36070,36070,1,0.4220224035771053
36071,36071,1,0.41857435274338944
36072,36072,1,0.4444928451589076
36073,36073,1,0.48544710952373854
36074,36074,1,0.48185322821366017
36075,36075,1,0.5082325164037473
36076,36076,1,0.5047434204495129
36077,36077,1,0.5024627207027469
36078,36078,1,0.46656752815536606
36079,36079,1,0.49888777361315756
36080,36080,1,0.49599464814978333
36081,36081,1,0.491788837434863
36082,36082,1,0.4895870887107363
36083,36083,1,0.48802527672567336
36084,36084,1,0.485396824640215
36085,36085,1,0.4867807990374769
36086,36086,1,0.48650117590894015
36087,36087,1,0.4873692783536986
36088,36088,1,0.4888193863150812
36089,36089,1,0.4898513987038665
36090,36090,1,0.48927316234835566
36091,36091,1,0.4883732969228378
36138,36138,2,0.4976012769092552
36139,36139,2,0.4970359648489078
36140,36140,2,0.49198236742251833
36178,36178,2,0.47313373597678027
36179,36179,2,0.4577286282114815
36180,36180,2,0.45521880258158876
36181,36181,2,0.45369699135035013
36182,36182,2,0.4566558693099395
36183,36183,2,0.4544834136407736
36184,36184,2,0.4497731590176754
36185,36185,2,0.44466606572194983
36186,36186,2,0.4419863521000158
36187,36187,2,0.4406671139312584
36188,36188,2,0.433901648876359
36189,36189,2,0.4290304769775967
36190,36190,2,0.42283406256202893
36221,36221,2,0.19144212047073333
36222,36222,2,0.19161433047812798
36223,36223,2,0.2067722163009679
36224,36224,2,0.20686073998361298
36225,36225,2,0.20647067569233402
36226,36226,2,0.20146886061061467
36227,36227,2,0.18235057689690912
36228,36228,2,0.18259825127945442
36229,36229,2,0.1843085726663638
36230,36230,2,0.18460676877641533
36231,36231,2,0.18487512144902832
36232,36232,2,0.18777012633475954
36431,36431,1,0.8939797594234115
36432,36432,1,0.5570920891808865
36440,36440,1,0.801355669466803
36441,36441,1,0.71370786552761
36442,36442,1,0.71155467701348
36443,36443,1,0.7094633680902324
36444,36444,1,0.7103552856055768
36445,36445,1,0.7105602273886836
36446,36446,1,0.7098295720681601
36719,36719,1,0.5032513410590861
36792,36792,1,0.29603833431613463
36793,36793,1,0.2983736509885201
36794,36794,1,0.29931206714577147
36795,36795,1,0.30160634502614153
36796,36796,1,0.4517367455171898
36797,36797,1,0.3595058387608179
36798,36798,1,0.3595974905632749
36799,36799,1,0.35980214947046985
36800,36800,1,0.4520648219059703
36801,36801,1,0.4521429248090663
36802,36802,1,0.4524432078220432
36803,36803,1,0.4487385536442804
36804,36804,1,0.35475444237373116
36805,36805,1,0.29227066106118815
36806,36806,1,0.2918464121116805
36807,36807,1,0.30066708038574375
36988,36988,1,0.4919708755912476
36991,36991,1,0.5533316317024068
36992,36992,1,0.5565986258523452
37086,37086,1,1.2410885919154877
37087,37087,1,1.241088620660289
37088,37088,1,1.2410886437486135
37089,37089,1,1.241088685908941
37256,37256,1,1.5499322285454804
37257,37257,1,1.5521063579403485
37258,37258,1,1.5576309614478865
37259,37259,1,1.5581750620632489
37260,37260,1,1.2046448862516486
37261,37261,1,1.2051260585632304
37262,37262,1,1.2091004549832516
37263,37263,1,1.2102183669370448
37405,37405,1,1.2410886380380108
37406,37406,1,1.241088685908941
37414,37414,1,1.241088685908941
37415,37415,1,1.2410886272692603
37416,37416,1,1.241088685908941
37897,37897,1,0.44192260517285514
37898,37898,1,0.4424893117183656
37914,37914,1,0.7210489794249318
37915,37915,1,0.6723753936400202
37916,37916,1,0.6471995374213628
37988,37988,2,0.46829369927526004
37989,37989,1,0.567754317389241
37990,37990,1,0.5443091441752432
37991,37991,1,0.5306034283085151
37992,37992,1,1.11881828595621
37993,37993,1,1.1168598616516467
37994,37994,1,0.5111438903746792
37995,37995,1,0.4991741613145026
37996,37996,1,0.49659516005669646
37997,37997,1,0.4987444555665003
37998,37998,1,0.49491640872298087
37999,37999,1,0.43525521018552477
38000,38000,1,0.49604889917440637
38001,38001,1,0.4742784887547267
38002,38002,1,0.5058198037838417
38003,38003,1,0.5082980917994834
38152,38152,1,0.6028415274059169
38153,38153,1,0.4540650194161106
38154,38154,1,0.4609109497989206
38155,38155,1,0.46510203086721597
38156,38156,1,0.4664481117644225
38157,38157,1,0.465468348662581
38158,38158,1,0.4679680301910501
38159,38159,1,0.45658426938346813
38160,38160,1,0.4554767849574993
38161,38161,1,0.44909522931717605
38595,38595,1,0.4848556535996934
38596,38596,1,0.48238861826971585
38597,38597,1,0.4821059891763599
38598,38598,1,0.48006336724320425
38599,38599,1,0.479319040294643
38600,38600,1,0.47799880852394044
38601,38601,1,0.4768776053383762
38602,38602,1,0.4786360278215319
38603,38603,1,0.4801365934910057
38604,38604,1,0.47772113957095474
38605,38605,1,0.47820381933255945
38606,38606,1,0.4851441244747396
38607,38607,1,0.49033907680234434
38608,38608,1,0.48684565583898454
38609,38609,1,0.4871956488966103
38610,38610,1,0.46259448637081907
38611,38611,1,0.4418885458208446
38612,38612,1,0.46937623427992375
38613,38613,1,0.4472530103056509
38614,38614,1,0.47915656523815997
38615,38615,1,0.482878841219482
38616,38616,1,0.42337668519787264
38617,38617,1,0.5864298127281379
38618,38618,1,0.5879969271660157
38619,38619,1,0.5909597972519122
38620,38620,1,0.5925330918015309
38621,38621,1,0.5940732041304603
38622,38622,1,0.43657287301279024
38623,38623,1,0.46501298160649024
38624,38624,1,0.4973668163824084
38625,38625,1,0.4977953813463085
38626,38626,1,0.5252219658036769
38627,38627,1,0.5272494294443995
38628,38628,1,0.5371519510722748
38629,38629,1,0.5817928382379096
38630,38630,1,0.5819973036716994
38686,38686,1,0.810925305108532
38687,38687,1,0.8109700297694558
38688,38688,1,0.8861167759589613
38689,38689,1,0.8864383313949254
38798,38798,1,0.5648656955225245
38799,38799,1,0.5699924408120463
38851,38851,1,0.4767024951627352
38852,38852,1,0.43902956762000717
38853,38853,1,0.43801159865247075
38854,38854,1,0.4369366774621826
38855,38855,1,0.43376497953292703
38856,38856,1,0.43373042189377103
38914,38914,2,1.3496606278172443
38915,38915,2,1.2916324005289306
38916,38916,2,1.2910040146863686
38917,38917,2,1.2903750281661097
38918,38918,2,1.290663109837267
38919,38919,2,1.2901843636606216
38920,38920,2,1.2896363969926716
38921,38921,2,1.0644895712013693
38922,38922,2,0.3973523845533372
38923,38923,2,0.23514017179756255
38924,38924,2,0.23161291599568243
38925,38925,2,0.22935219658931724
38926,38926,2,0.22649425960741923
38927,38927,2,0.1724316439523653
38928,38928,2,0.16865052569597175
38929,38929,2,0.16770199883658168
38930,38930,2,0.17039860262081963
38931,38931,2,0.1655456611728408
38937,38937,1,1.241088685908941
39042,39042,1,0.5667523043363801
39043,39043,1,0.6460251055993984
39044,39044,1,0.6486909995924118
39045,39045,1,0.4656451180890883
39394,39394,2,0.9615161906195006
39395,39395,2,0.9586392854121902
39396,39396,2,0.906017950607731
39397,39397,2,0.8874423908898343
39398,39398,2,0.886990187150822
39672,39672,2,0.22983172170311872
39673,39673,2,0.22427788112613975
39674,39674,2,0.21964391966757743
39675,39675,2,0.213006893638389
39676,39676,2,0.2099234071470016
39677,39677,2,0.21640269027885375
39678,39678,2,0.21997375401595573
39679,39679,2,0.2289684097870264
39707,39707,2,0.20756914445672778
39708,39708,2,0.20707314157894652
39709,39709,2,0.20378978309904522
39710,39710,2,0.20007427560440402
39711,39711,2,0.20027024309327524
39712,39712,2,0.20319198453881923
39713,39713,2,0.21309108250865483
39714,39714,2,0.2199372628855852
39715,39715,2,0.21271773685756618
39716,39716,2,0.22204790377989933
39717,39717,2,0.2233264002453261
39718,39718,2,0.24007164352348423
39719,39719,2,0.2410277211363234
39720,39720,2,0.24362037848017687
40423,40423,2,0.25585084970796085
40424,40424,2,0.25578123483872234
40425,40425,2,0.2633147752745526
40426,40426,2,0.2632960038986203
40427,40427,2,0.2745117420314739
40428,40428,2,0.27409646247444197
40429,40429,2,0.27358084221837514
40430,40430,2,0.274358402182505
40431,40431,2,0.2734747229602578
40432,40432,2,0.272986815310864
40433,40433,2,0.2739841361395085
40434,40434,2,0.2747848960855363
40435,40435,2,0.27443038625879734
40436,40436,2,0.2746170811143982
40437,40437,2,0.2738414026152322
40438,40438,2,0.2752085268923032
40439,40439,2,0.2760930707005348
40440,40440,2,0.27580668312609513
40441,40441,2,0.27603957791478667
40442,40442,2,0.27732230936030783
40443,40443,2,0.40540341227958804
40444,40444,2,0.4108292644356286
40445,40445,2,0.41666527686688165
40446,40446,2,0.4184989472741821
40447,40447,2,0.5158714638027342
40448,40448,2,0.5769085677094752
40449,40449,2,0.5777087509136033
40450,40450,2,0.6780246372079329
40451,40451,2,0.717365409686617
40452,40452,2,0.7173129712723056
40453,40453,2,0.9276665736396829
40454,40454,2,0.9328555031883613
40455,40455,2,0.9333895017245385
40456,40456,2,0.9364260841550718
40469,40469,1,0.42948977881414235
40470,40470,1,0.39475046487194787
40471,40471,1,0.429330258929692
40472,40472,1,0.5028814454301349
40473,40473,1,0.5100605724273111
40624,40624,2,0.2857155845663566
40625,40625,2,0.2874258688740807
40626,40626,2,0.2853094157406601
40627,40627,2,0.285489226884569
41050,41050,1,0.9317278810360257
41051,41051,1,0.922839384178889
41052,41052,1,0.922656816380736
41053,41053,1,0.9224698754991256
41054,41054,1,0.9152935578249266
41055,41055,1,0.8877392089227901
41056,41056,1,0.7645612542439634
41057,41057,1,0.7645396548600174
41058,41058,1,0.7985816215668132
41059,41059,1,0.799491991959057
41060,41060,1,0.7402471028798133
41061,41061,1,0.7421255121547699
41062,41062,1,0.7428909833173379
41063,41063,1,1.0282776216482972
41064,41064,1,1.0275307857291225
41065,41065,1,1.0055452776690033
41066,41066,1,0.7143959220942439
41086,41086,1,0.8014931143239686
41087,41087,1,0.8012727510150027
41088,41088,1,0.800866744577998
41089,41089,1,0.7897406945435423
41090,41090,1,0.7901800316612047
41091,41091,1,0.7988793784208298
41092,41092,1,0.7987596533352423
41093,41093,1,0.7987700351853139
41094,41094,1,0.7986805087161531
41095,41095,1,0.8719009991280843
41160,41160,1,0.3574098067752235
41161,41161,1,0.4363921710210984
41162,41162,1,0.43594697196997517
41163,41163,1,0.42000423944754084
41164,41164,1,0.45264718615248706
41165,41165,1,0.4511714318408141
41166,41166,1,0.4562273099823968
41167,41167,1,0.6062610251430923
41610,41610,1,0.6301271696637128
41611,41611,1,0.4648239967995634
41612,41612,1,0.47155280601917077
41613,41613,1,0.468961620192667
41614,41614,1,0.45669971822880634
41615,41615,1,0.4538118074730296
41656,41656,1,0.6039633572706383
41657,41657,1,0.6017475886388097
41658,41658,1,0.5597870098111265
41659,41659,1,0.5977977621474915
41660,41660,1,0.5934886244462109
41661,41661,1,0.5849223800743653
41662,41662,1,0.575773255373898
41663,41663,1,0.5775280565148629
41664,41664,1,0.5809656023497458
41665,41665,1,0.5811289118090439
41666,41666,1,0.5828953024474138
41667,41667,1,0.5832972955447805
41668,41668,1,0.5797830218444139
41669,41669,1,0.5782993778667059
41670,41670,1,0.5763547999884179
41671,41671,1,0.5763309525114353
41672,41672,1,0.5736395176946937
41673,41673,1,0.5698011956798853
41674,41674,1,0.5680335546504038
41675,41675,1,0.5615127072942241
41676,41676,1,0.5582465614449602
41677,41677,1,0.5656910080010678
41736,41736,2,1.4550126978968456
41737,41737,2,1.3869943519882537
41738,41738,2,1.414691042477491
41739,41739,2,1.0047945767288395
41740,41740,2,0.6826878833198475
41741,41741,2,0.6826728975656404
41742,41742,2,0.6825398730719089
41876,41876,1,1.2410865285014385
41877,41877,1,1.2410870937216991
41878,41878,1,1.2410872689551264
41879,41879,1,1.241088685908941
41890,41890,1,1.241088685908941
41891,41891,1,1.241088517154713
41892,41892,1,1.2410884588098596
41893,41893,1,1.2410884783606921
41894,41894,1,1.5867402860309998
41896,41896,1,1.2410867016468796
41937,41937,1,0.44392068145373964
41938,41938,1,0.44518079122532944
41939,41939,1,0.47343113642508583
41940,41940,1,0.49019946511142176
41969,41969,1,1.241088685908941
41970,41970,1,1.241088685908941
41979,41979,1,0.5440645302586052
41980,41980,1,0.5437214332502741
41981,41981,1,0.47528539557709176
42169,42169,1,0.5261326071485437
42170,42170,1,0.5094568070508526
42171,42171,1,0.45783406693191525
42650,42650,1,0.5089691593149238
42651,42651,1,0.5167740024305247
42788,42788,1,0.437424959457263
42883,42883,1,0.8039535970999263
42884,42884,1,0.8692945085577289
42885,42885,1,0.8689947115664942
42886,42886,1,0.8688823743307191
42887,42887,1,0.865746492452443
43093,43093,1,0.6340677480086663
43094,43094,1,0.6357290781747176
43095,43095,1,0.6357574217494528
43096,43096,1,0.6379946915703422
43097,43097,1,0.6383574966194124
43098,43098,1,0.6394878570730416
43099,43099,1,0.6402525586093234
43100,43100,1,0.7081993788863097
43101,43101,1,0.7085851551390884
43102,43102,1,0.7095106790757228
43103,43103,1,0.7090268582453507
43104,43104,1,0.7099568481351615
43105,43105,1,0.7144746479190629
43106,43106,1,0.7162242803889347
43107,43107,1,0.7169033057928497
43118,43118,2,0.49429220275856595
43119,43119,2,0.4963906320232958
43120,43120,1,0.6015219526560907
43121,43121,2,0.5003714308340967
43122,43122,2,0.501029619601562
43123,43123,2,0.3974928814784798
43244,43244,1,0.42678707309751146
43245,43245,1,0.4244384328089904
43594,43594,1,0.34157012268310377
43595,43595,1,0.34281736504835947
43596,43596,1,0.3426267969735416
43597,43597,1,0.32648805585662394
44078,44078,1,1.2410877452198454
44079,44079,1,1.2410880844533327
44711,44711,1,0.4410548018760534
44712,44712,1,0.44002882803187277
44713,44713,1,0.47153591758134855
44714,44714,1,0.48102955508828915
44892,44892,1,0.6245629749825494
44893,44893,1,0.6356941154759639
44894,44894,1,0.6369371552501888
44895,44895,1,0.6373769750236904
44896,44896,1,0.6764523491803774
44897,44897,1,0.6732098529765946
44898,44898,1,0.6025508474742793
44899,44899,1,0.599103617018026
44900,44900,1,0.5976186236005756
44908,44908,1,0.9786499455390292
44911,44911,1,1.241088685908941
45995,45995,1,0.34399226007924844
45996,45996,1,0.5097452081690957
45997,45997,1,0.5139605683197107
45998,45998,1,0.5146237810596808
45999,45999,1,0.5132884844093835
46000,46000,1,0.3974428471808011
46539,46539,1,0.6321129166831806
46540,46540,1,0.6403541454532929
46557,46557,1,0.6952407709227044
46558,46558,1,0.672509174380865
46560,46560,1,0.5782140608502816
47046,47046,1,0.30423060340962405
47047,47047,1,0.3058001234621553
47048,47048,1,0.5159763257381434
47049,47049,1,0.46396321582732114
47050,47050,1,0.46582713289692657
47051,47051,1,0.47000138616305265
47052,47052,1,0.520255212361705
47053,47053,1,0.34086424636957896
47054,47054,1,0.34939774255064765
47105,47105,1,0.5405839915450185
47106,47106,1,0.5379609146119851
47107,47107,1,0.5372038741296316
47108,47108,2,0.47596248257582957
47111,47111,1,0.9565988005478469
47112,47112,1,0.8576798298073353
47113,47113,1,0.8622595296948694
47114,47114,1,0.8560528231486447
47115,47115,1,1.1428187985790916
47350,47350,2,0.4975522513607353
47351,47351,2,0.49636177629994704
47352,47352,2,0.5012530395842438
47353,47353,2,0.4980710531017345
47354,47354,2,0.4985636393297009
47355,47355,2,0.5000881492313466
47356,47356,2,0.5081288284195664
47357,47357,2,0.5128197351594178
47358,47358,2,0.5142593996474205
47359,47359,2,0.5128162018893146
47360,47360,2,0.5172664740931678
47361,47361,2,0.5146526112425949
47362,47362,2,0.5105571718417298
47363,47363,2,0.5101749474691915
47364,47364,2,0.5104790740997478
47365,47365,2,0.5065056782115359
47366,47366,2,0.5069151817153587
47367,47367,2,0.4969165925903111
47368,47368,2,0.4937175421305694
47417,47417,1,0.6488342047350517
47418,47418,1,0.6412926687507615
47484,47484,1,0.5007207510808788
47485,47485,1,0.482851511751557
47520,47520,2,0.2044437136815221
47521,47521,2,0.19987974388111765
47522,47522,2,0.19910924003981761
47523,47523,2,0.19394930747684713
47524,47524,2,0.1940747999399401
47525,47525,2,0.19341188171523546
47526,47526,2,0.19356175968925227
47527,47527,2,0.19116260049640363
47528,47528,2,0.17013070261744487
47529,47529,2,0.16994464157053288
47530,47530,2,0.16894789518720016
47531,47531,2,0.16925452791201415
47532,47532,2,0.17259336932028946
47533,47533,2,0.17269165566114916
47534,47534,2,0.17075257996198337
47535,47535,2,0.1744189501761111
47536,47536,2,0.1725730370937269
47537,47537,2,0.1916389127534202
47538,47538,2,0.19266766604677865
47539,47539,2,0.19505903793571458
47540,47540,2,0.20334323993310516
47541,47541,2,0.20521167774319818
47542,47542,2,0.2052249572137507
47543,47543,2,0.2061917207704091
47551,47551,1,1.3644845122110516
47552,47552,1,1.3692292431345403
47553,47553,1,0.9491248791632181
47567,47567,1,1.551404060368952
47568,47568,1,1.5577283445302805
47569,47569,1,1.5583615516149845
47570,47570,1,1.2079065952525196
47571,47571,1,1.2128324189426996
47572,47572,1,1.2237895034245636
47574,47574,1,1.241088685908941
47581,47581,1,1.241088685908941
47758,47758,1,0.42896947540470687
47759,47759,1,0.42496531860152176
47760,47760,1,0.4248748388153162
47761,47761,1,0.4235699861521833
47762,47762,1,0.42562704679563074
47763,47763,1,0.37620929292482597
47764,47764,1,0.37616680657776486
47765,47765,1,0.3763110730288302
47766,47766,1,0.3747757414059728
47767,47767,1,0.40826275207619317
47768,47768,1,0.41523064388134456
47769,47769,1,0.4041512609986383
47770,47770,1,0.38416724518867695
47771,47771,1,0.38412933455664044
47772,47772,1,0.38156657799449467
47773,47773,1,0.3815483876411984
47774,47774,1,0.3816483761665766
47775,47775,1,0.38160992656546144
47776,47776,1,0.378858757104422
47777,47777,1,0.37571315724438814
47778,47778,1,0.3773030262871586
47779,47779,1,0.3750221147922435
47780,47780,1,0.375040710094402
47781,47781,1,0.3751748645944453
47782,47782,1,0.3751830868742412
47783,47783,1,0.3838346974075443
47784,47784,1,0.38102938259017194
47785,47785,1,0.3811895180401671
47786,47786,1,0.36449365454248206
47787,47787,1,0.3608838134018929
47788,47788,1,0.36839102130468837
47789,47789,1,0.348961961615418
47790,47790,1,0.3476431120904083
47791,47791,1,0.45513321329347767
47792,47792,1,0.5524996125384888
48110,48110,1,0.4419009558702189
48111,48111,1,0.4378910784582586
48112,48112,1,0.4367210672189727
48113,48113,1,0.4936333390818485
48114,48114,1,0.4619117889304641
48115,48115,1,0.4606381110169823
48116,48116,1,0.4869840661078376
48117,48117,1,0.4874373457022367
48118,48118,1,0.48617170152360495
48119,48119,1,0.4860351196578469
48127,48127,2,0.5152996360479939
48128,48128,2,0.4917977338855882
48129,48129,2,0.49157164337734116
48130,48130,2,0.4933664753803218
48131,48131,2,0.47513475098776564
48132,48132,2,0.4706335625866115
48133,48133,2,0.45762874936563064
48134,48134,2,0.45186525333733396
48135,48135,2,0.467668847404472
48136,48136,2,0.4352018565555678
48137,48137,2,0.6076056092947918
48138,48138,1,0.6422249410150638
48277,48277,2,0.6809105242258938
48278,48278,2,1.1974138991444918
48279,48279,2,1.4273548120154211
48280,48280,2,1.4614179417112299
48281,48281,2,1.4591840961168727
48283,48283,2,1.5286768528366639
48284,48284,2,1.0047977363461436
48285,48285,2,0.9995147814104547
48286,48286,2,0.9962567911766292
48287,48287,2,0.9133880271604999
48288,48288,2,0.6671997694827666
48289,48289,2,0.8050293755134205
48290,48290,2,0.3706361188021335
48291,48291,2,0.5025507115884593
48323,48323,1,0.9613911432557687
48324,48324,1,0.9606063835771286
48325,48325,1,0.9606111191393416
48326,48326,1,0.9606162290860155
48327,48327,1,0.9604518308516694
48331,48331,1,1.241088685908941
48332,48332,1,1.241083381200019
48333,48333,1,1.2410779429753145
48334,48334,1,1.2410725176935384
48335,48335,1,1.2410671159397064
48336,48336,1,1.2410618225894685
48337,48337,1,1.2410566930527247
48338,48338,1,1.2410517517144513
48339,48339,1,1.2410468126923537
48340,48340,1,1.2410431432760183
48341,48341,1,1.2410424756840563
48342,48342,1,1.241038194262403
48343,48343,1,1.2410341834987353
48344,48344,1,1.2410304539164654
48345,48345,1,1.2410270416229185
48346,48346,1,1.241023912520677
48347,48347,1,1.2410211174067016
48348,48348,1,1.2410186675826769
48349,48349,1,1.24101655819503
48350,48350,1,1.241014793607905
48700,48700,1,1.24108866342191
48701,48701,1,1.241088685908941
48859,48859,2,0.7218947740950901
48871,48871,2,0.30527345285255025
48872,48872,2,0.30469386456374814
48873,48873,2,0.30135162038486735
48961,48961,1,0.4342980895940965
48962,48962,1,0.4319662598670507
48963,48963,1,0.4328520036322638
49073,49073,2,0.5129334839092811
49074,49074,2,0.5134716948627653
49686,49686,1,0.468795927388785
49687,49687,1,0.503211176543992
49688,49688,1,0.4774401385666567
49689,49689,1,0.45681451938250417
49703,49703,1,0.5159684681193021
49704,49704,1,0.5436087477261886
49705,49705,1,0.5440708694086447
49712,49712,1,1.5867402860309998
49714,49714,1,1.1766705277558134
49717,49717,1,1.5867402860309998
49921,49921,1,0.3331442417535643
49922,49922,1,0.3378095290400239
49923,49923,1,0.5501979593015233
49924,49924,1,0.3780044521119354
49925,49925,1,0.39282641012026603
49926,49926,1,0.6873904463573881
49927,49927,1,0.6870080595720552
50224,50224,1,0.49893668123474944
50225,50225,1,0.4934246131491037
50226,50226,1,0.49369637351394646
50227,50227,1,0.49687794385639783
50228,50228,1,0.5001227793091434
50229,50229,1,0.49950965422672994
50230,50230,1,0.49679643704005244
50231,50231,1,0.46498337217157143
50232,50232,1,0.5019113209223347
50658,50658,2,0.7088866470852834
50977,50977,2,0.29840171247961195
50978,50978,2,0.3067324909736192
50979,50979,2,0.30182157373810664
50980,50980,2,0.30236197749958954
50981,50981,2,0.3101500434202708
50982,50982,2,0.312803802687567
50983,50983,2,0.29798178443640416
51004,51004,1,0.5725219493868291
51169,51169,2,0.4141738327465493
51170,51170,2,0.4138545393890995
51171,51171,2,0.4135325286332499
51185,51185,1,0.40652666237454893
51461,51461,1,0.28805176917544706
51473,51473,2,0.41535984551090027
51474,51474,2,0.414729227977192
51475,51475,2,0.4386948049094806
51525,51525,1,0.7379806931323074
51526,51526,1,0.42363324433820404
51527,51527,1,0.39538823682019925
51528,51528,1,0.39130894370381325
51529,51529,1,0.3925797089517726
51643,51643,1,0.7108831568209386
51644,51644,1,0.7030528906861726
51804,51804,1,0.5818392163343064
51805,51805,1,0.5563992671605856
51930,51930,1,0.4643930204263626
52010,52010,1,0.34266259155527723
52011,52011,1,0.34033901614139034
52012,52012,1,0.3170791928047165
52013,52013,1,0.38515007253247396
52014,52014,1,0.3040269811981361
52015,52015,1,0.29688452831908246
52016,52016,1,0.2855364547274007
52069,52069,2,0.38859926144101603
52252,52252,2,0.19475631464019838
52253,52253,2,0.19436824558231378
52264,52264,2,0.2767759672012938
52265,52265,2,0.2170887978704276
52266,52266,2,0.39876877660299653
52274,52274,1,0.38321016653224066
52275,52275,1,0.39900884074101983
52276,52276,1,0.5134722161987315
52277,52277,1,0.5131999133792993
52281,52281,1,0.5245551580966938
52282,52282,1,0.5249284130076517
52283,52283,1,0.5252489572017239
52284,52284,1,0.5253180254151171
52285,52285,1,0.5253882263182904
52286,52286,1,0.5254598768907618
52287,52287,1,0.8225373444199147
52288,52288,1,0.8791882406585568
52491,52491,1,0.6638337655991803
52558,52558,1,0.5598498534579851
52559,52559,1,0.5576510267147995
52560,52560,1,0.5479440761737866
52561,52561,1,0.5462605250438642
52562,52562,1,0.4552651009513016
52568,52568,1,0.7156762155302469
52569,52569,1,0.7150972146180875
52570,52570,1,0.5022022253030834
52790,52790,2,0.29172988331202
53025,53025,2,0.5315426269546926
53026,53026,2,0.5147651189199981
53027,53027,2,0.5146554315309764
53091,53091,2,0.30048168957021704
53124,53124,1,0.5424812844831894
53125,53125,1,0.5382092360243415
53302,53302,2,0.16872346507840474
53303,53303,2,0.16785709607983412
53304,53304,2,0.1659703480540757
53554,53554,2,0.47631885757790426
53555,53555,2,0.3780397398691053
53556,53556,2,0.38767437072900157
53563,53563,2,0.20818948519438848
53564,53564,2,0.2104696390356903
53641,53641,1,0.5322265717277846
53655,53655,2,0.9559850451465617
53656,53656,2,0.8517215040126465
53899,53899,1,0.4293838633834661
53949,53949,2,0.40672571078459324
54157,54157,2,0.47795544955109337
54338,54338,1,0.5458952752824691
54511,54511,2,0.17018373638846304
54512,54512,2,0.17031965014051775
54513,54513,2,0.17054038150186893
54681,54681,1,0.31321663945968137
54682,54682,1,0.315582637401311
54683,54683,1,0.31444633684673834
54684,54684,1,0.3203785888084172
54685,54685,1,0.3184508068183801
54686,54686,1,0.31222610578163035
54687,54687,1,0.3091696231044082
54688,54688,1,0.3166629088354801
54734,54734,1,0.3223981032724653
54735,54735,1,0.3231934082501953
54752,54752,1,0.3977825604709956
54753,54753,1,0.3976538086620439
54773,54773,1,0.4114016363420522
54774,54774,1,0.4190895276487731
54775,54775,1,0.4190836345928216
54776,54776,1,0.41106239517749454
54779,54779,1,0.41134952743926223
54780,54780,1,0.41110454228937965
55126,55126,1,0.5009718485121617
55127,55127,1,0.49894737314037435
55128,55128,1,0.49849977920317745
55129,55129,1,0.5049748055852022
55130,55130,1,0.6882905994385051
55131,55131,1,0.6223002735299751
55230,55230,2,0.2595837454006318
55241,55241,1,0.601226512954516
55242,55242,1,0.6365278922511789
55490,55490,1,0.3945379695622674
55593,55593,2,0.4242061090556561
55594,55594,2,0.4364130246862064
55595,55595,1,0.5166691326862649
55596,55596,1,0.524292207783424
55597,55597,1,0.5296958058312977
55598,55598,1,0.531060310037979
55599,55599,1,0.5317420735778291
55823,55823,1,0.40404559698695014
56323,56323,2,0.2956198056354741
56358,56358,2,0.2685208146688893
56371,56371,2,0.8649561680027894
56375,56375,1,0.3319804692710309
56376,56376,1,0.5322846084023455
56377,56377,1,0.5292342283986472
56379,56379,1,0.5349043853746285
56386,56386,2,0.4329843696197884
56387,56387,2,0.4353685123738685
56388,56388,2,0.4390996407855621
56389,56389,2,0.4073210245825571
56390,56390,2,0.4097008805233004
56391,56391,2,0.42767001708467767
56417,56417,1,0.5624894182209237
56630,56630,2,0.48962412404804995
56631,56631,2,0.4891993976676686
56651,56651,1,0.4873987181777804
56727,56727,2,0.5549511462885693
56728,56728,2,0.8755131286425081
56936,56936,1,0.39818849582807364
56937,56937,1,0.4243085835056031
56938,56938,1,0.4375460576814846
57246,57246,1,0.5084271070167543
57247,57247,1,0.4690716110664835
57248,57248,1,0.5137800895506884
57249,57249,1,0.5152505040436892
57250,57250,1,0.5159859881179104
57251,57251,1,0.5154388755038678
57252,57252,1,0.5174687035434656
57253,57253,1,0.5206001276285775
57254,57254,1,0.5225930937111812
57255,57255,1,0.5293835316914423
57262,57262,2,0.37774464429586274
57626,57626,2,0.2641744860922478
57693,57693,1,0.3193443396243515
57694,57694,1,0.31919230115565606
57695,57695,1,0.31612912446790137
57696,57696,1,0.31055134570766846
57697,57697,1,0.30449014791733947
57717,57717,2,0.3097282032929113
57718,57718,2,0.29922302859236544
57737,57737,2,0.22611074081740332
57738,57738,2,0.20823459833897545
57739,57739,2,0.19434690315394063
57740,57740,2,0.40150443811315767
57779,57779,1,0.4608149986261223
57780,57780,1,0.47046538811291133
57885,57885,1,0.49487079734400624
57886,57886,1,0.4953018577925263
57887,57887,1,0.5408685125393489
57888,57888,1,0.500368868864532
57889,57889,1,0.4940831938933666
57904,57904,1,0.5934649655330011
57905,57905,1,0.5928493481767081
57906,57906,1,0.5776604209290775
57907,57907,1,0.5759845363809645
57908,57908,1,0.5641513387320097
58037,58037,1,0.3500832289773876
58038,58038,1,0.2517419795577158
58115,58115,1,0.5141094694046655
58116,58116,1,0.538462854968366
58117,58117,1,0.5195242637809419
58121,58121,1,0.29749571253089163
58163,58163,1,0.7099906175380076
58164,58164,1,0.750945882286995
58165,58165,1,0.7501003778347048
58166,58166,1,0.7176697290116197
58502,58502,1,0.355732284746577
58505,58505,1,0.35198895162199895
58506,58506,1,0.3520379778979085
58632,58632,2,0.9353506084824974
58693,58693,1,0.3334178531408137
58694,58694,1,0.33249386986355367
58703,58703,2,0.47797661005200615
58854,58854,2,0.16363508690325262
58855,58855,2,0.16654176393627995
58914,58914,1,0.49230253390797696
58915,58915,1,0.41646515024904907
59030,59030,2,0.5071165010406563
59031,59031,2,0.191975983695634
59059,59059,1,0.41228162606290125
59060,59060,1,0.4133539303867603
59061,59061,1,0.40162110617102315
59062,59062,1,0.3884153178393208
59063,59063,1,0.38896027752563483
59245,59245,2,0.4362282323054353
59246,59246,2,0.4360445634226197
59555,59555,2,0.1959760351828226
59556,59556,2,0.1726695051289876
59828,59828,1,0.39238643489113656
59829,59829,1,0.8209603295567215
59979,59979,2,0.22289755365861863
60191,60191,1,0.6014051315325748
60192,60192,1,0.7126205885121271
60560,60560,1,0.9774174937544348
60650,60650,2,0.5402507263619417
60651,60651,2,0.5292200499320141
60652,60652,1,0.757791932369838
60653,60653,1,0.7317061739851509
60710,60710,2,0.41184467984796386
60712,60712,1,0.38156110261602777
60713,60713,1,0.37744976887654147
60714,60714,1,0.3350578670664153
60715,60715,1,0.35120038382606605
60761,60761,2,0.4595355749653836
60762,60762,2,0.4623102586380523
60763,60763,2,0.4213798118353499
60764,60764,2,0.41828942871108615
60765,60765,2,0.3646021269559169
60825,60825,1,0.39208718785492175
60826,60826,1,0.44529611693810023
60827,60827,1,0.3866721526936455
60834,60834,1,0.4428724436859742
60835,60835,1,0.3894083895522995
60862,60862,1,0.38388666504519375
60863,60863,1,0.383778129232485
60864,60864,1,0.38377601425647134
60865,60865,1,0.3837497905426533
60866,60866,1,0.38076308366502915
60867,60867,1,0.3806713842883231
60889,60889,1,0.34379182323932983
60890,60890,1,0.3437877083333104
60891,60891,1,0.33647174494956494
61142,61142,1,0.8465941341448476
61199,61199,1,0.5470664341657908
61200,61200,1,0.6423743764165949
61208,61208,1,0.429078223545822
61209,61209,1,0.4164570061051233
61210,61210,1,0.4128568001821898
61211,61211,1,0.4147843055816348
61328,61328,1,0.34096518181569124
61329,61329,1,0.3276595322449172
61421,61421,2,0.4258810439817282
61422,61422,2,0.34230480610460684
61933,61933,1,0.49540272717386347
61934,61934,1,0.4918804265212182
61935,61935,1,0.45094096989522947
61936,61936,1,0.5878968335235123
61937,61937,1,0.8026814755525327
61950,61950,1,0.6513369092495133
61951,61951,1,0.5203665042589293
62196,62196,1,0.39518965221084246
62197,62197,1,0.39566055178307163
62198,62198,1,0.39859677351330314
62199,62199,1,0.41993853185456204
62200,62200,1,0.4297458830802098
62201,62201,1,0.4052710962973997
62202,62202,1,0.41886816929629656
62203,62203,1,0.6193255759473949
62204,62204,1,0.614740765014538
62205,62205,1,0.6086736220982708
62206,62206,1,0.6031747567541508
62207,62207,1,0.4425087037692814
62208,62208,1,0.44122025350055505
62209,62209,1,0.44009657105613664
62210,62210,1,0.44319135425406353
62211,62211,1,0.4422652989569338
62212,62212,1,0.3615998614649499
62213,62213,1,0.39436733914916267
62214,62214,1,0.41709136057773866
62215,62215,1,0.42614916644259504
62216,62216,1,0.46515227759718847
62217,62217,1,0.6268242310927216
62218,62218,1,0.6267543563507144
62352,62352,1,0.36046750727429117
62353,62353,1,0.38399727997696886
62651,62651,2,0.3348312039193615
62675,62675,2,0.31546709972191833
62676,62676,1,0.4530080251419069
62815,62815,1,0.4352335805696868
62816,62816,1,0.584817264124549
62934,62934,2,0.3067667341240963
62935,62935,2,0.36606373778953843
62941,62941,2,0.307117924332506
62942,62942,1,0.480095444681217
62943,62943,1,0.5051963406982888
62944,62944,1,0.5122074099435531
63187,63187,2,0.1647834260755213
63211,63211,2,0.1688189463771698
63212,63212,2,0.16601379097407334
63213,63213,2,0.20735253280231383
63300,63300,1,0.3470490529264695
63301,63301,1,0.34699877945374413
63302,63302,1,0.3648561186774945
63303,63303,1,0.37330477244829663
63304,63304,1,0.38286377987841613
63305,63305,1,0.4121191607311885
63306,63306,1,0.5879529107595569
63317,63317,1,0.3534734740438693
63318,63318,1,0.3527759159851475
63319,63319,1,0.3526165605712739
63320,63320,1,0.3524094827376809
63321,63321,1,0.35210908316000905
63322,63322,1,0.3484710747075918
64021,64021,2,0.40135246686290466
64022,64022,2,0.39571712956411453
64336,64336,2,0.17011612250447228
64348,64348,2,0.18177566160266917
64381,64381,1,0.5228743730162939
64382,64382,1,0.5229589023521538
64383,64383,1,0.5233053447108916
64398,64398,1,0.31768312130912835
64529,64529,2,0.23144573809513794
64530,64530,2,0.4481876569622577
64531,64531,2,0.47107468572169053
64532,64532,2,0.47154647783119324
64609,64609,1,0.35469728768753983
64610,64610,1,0.40348196273004117
64611,64611,1,0.4249417348724888
64612,64612,1,0.44617094136469365
64613,64613,1,0.44762658141826567
64614,64614,1,0.4439963733556391
64615,64615,1,0.3993989715957389
64616,64616,1,0.338318332634995
64617,64617,1,0.33179190457728086
64618,64618,1,0.3858227071974353
64619,64619,1,0.40291688795878
64620,64620,1,0.40333154659090303
64621,64621,1,0.4034117393833767
64622,64622,1,0.4258362879563141
64775,64775,1,0.39704843445452165
64776,64776,1,0.34320110552939276
64777,64777,1,0.3544305351399137
64783,64783,2,0.27206001770372457
64784,64784,2,0.2338931705159843
64793,64793,2,0.4202610305972229
64794,64794,2,0.41774098360270306
64795,64795,1,0.6057144033234384
64796,64796,1,0.6083779303680308
64797,64797,1,0.5824008615309089
64988,64988,1,0.6961113532576942
64995,64995,1,0.6405071959922441
64996,64996,2,0.41567646136392294
64997,64997,2,0.24481957758477293
64998,64998,1,0.5071448835449366
64999,64999,1,0.5309913553958088
65000,65000,1,0.46503806429838646
65231,65231,1,0.3395295499564912
65232,65232,1,0.768041089371602
65233,65233,1,0.7865025242483995
65234,65234,1,0.6547905996879562
65247,65247,2,0.3849012263526199
65316,65316,1,0.5127092865109716
65317,65317,1,0.6390248388647334
65318,65318,1,0.34361348610478876
65319,65319,1,0.32539086462869254
65320,65320,1,0.3256986320238141
65321,65321,1,0.3715039688342985
65322,65322,1,0.3715683586791748
65323,65323,1,0.3719883008899508
65521,65521,1,0.46727150041031934
65522,65522,1,0.461721402151087
65523,65523,1,0.46103491130191976
65524,65524,1,0.5683552605402602
65525,65525,2,0.4007827503673933
65526,65526,2,0.3915323414234567
65527,65527,2,0.3773130260491831
65528,65528,2,0.36216610991141424
65529,65529,2,0.3475599669020231
65530,65530,2,0.3247771628106514
65678,65678,2,0.24461228397853024
65679,65679,2,0.33718554335404927
65795,65795,1,0.5247135320087108
65796,65796,1,0.5252714224513281
65797,65797,1,0.5238891728298493
65821,65821,1,0.641759761173391
65823,65823,1,0.4350516579042386
65824,65824,1,0.5784017800615235
65843,65843,1,0.4368438132124743
65844,65844,1,0.42827800440829145
66113,66113,1,0.3966964382112394
66114,66114,1,0.3948135686226828
66147,66147,1,0.522621372649243
66148,66148,1,0.5225033754800543
66149,66149,1,0.5224068707389363
66195,66195,1,0.6042158019967484
66196,66196,1,0.7150284112731848
66235,66235,1,0.5249348081302379
66236,66236,1,0.5180524365445959
66237,66237,1,0.5151371183049046
66238,66238,1,0.5135057751058782
66239,66239,1,0.49699899701225453
66240,66240,1,0.4912002196051481
66241,66241,1,0.5124240543542078
66242,66242,1,0.5197784902479399
66428,66428,1,0.23359492552672811
66460,66460,1,0.5036772315056236
66473,66473,2,0.5339385415316051
66474,66474,2,0.5345641950028985
66720,66720,2,0.27319309591870733
66721,66721,2,0.2730491795074377
66722,66722,2,0.26441444078897225
66723,66723,2,0.25689298062775734
66929,66929,2,0.1581957074967407
66932,66932,1,0.49206473329906825
66933,66933,1,0.5106724068959466
66934,66934,1,0.5121620176541304
66935,66935,1,0.5338882656017218
67306,67306,1,0.5252734924382848
67897,67897,2,0.21505343197572552
67898,67898,2,0.1720462744604835
67899,67899,2,0.18471756935360684
67900,67900,1,0.6717247266351248
67901,67901,1,0.7146194437542891
67902,67902,1,0.7246107710098854
67903,67903,1,0.7475525353448297
68042,68042,1,0.40091751695310734
68384,68384,1,0.8787710227509724
68866,68866,2,0.4883109856030088
68867,68867,2,0.5234823091347224
68868,68868,2,0.563184674666284
68869,68869,2,0.5656737226125533
69175,69175,2,0.16698262013851708
69190,69190,2,0.689587958056544
69194,69194,1,0.3816872212938501
69205,69205,1,0.7967394093230404
69374,69374,2,0.21368717431501688
69452,69452,2,0.5161214656244991
69759,69759,2,0.17842699462275302
69760,69760,2,0.22475999458822488
69761,69761,2,0.25024383240115333
70083,70083,1,0.5262811161827068
70084,70084,1,0.5263447106142437
70085,70085,1,0.5280936835998827
70426,70426,1,0.42736791540809516
70427,70427,1,0.6814809453670283
70428,70428,1,0.6893890746495197
70429,70429,1,0.6890953867643363
70538,70538,1,0.38995763528667904
70539,70539,1,0.4430140698333824
70540,70540,1,0.43741235185576616
70543,70543,1,0.39946000657589803
70544,70544,1,0.38127039538359336
70545,70545,1,0.38748574473393044
70716,70716,1,0.4684684407929449
70717,70717,1,0.3556368802071587
70779,70779,2,0.15307427635469797
70780,70780,2,0.14990904761352572
70781,70781,2,0.15337167585821432
70782,70782,2,0.18885063214118855
70783,70783,2,0.1906172575317764
70784,70784,2,0.19098901033733706
70785,70785,2,0.19133200740996417
70786,70786,2,0.20040671944408286
70787,70787,2,0.21014024715685117
70788,70788,2,0.20971604101821406
70811,70811,2,0.17002814097087773
70997,70997,2,0.30384840512524075
70998,70998,2,0.6908490479441216
70999,70999,2,0.2621807525942153
71227,71227,1,0.3550126875125584
71228,71228,1,0.3379812531671618
71229,71229,1,0.3258840155954436
71230,71230,1,0.3821632342712849
71231,71231,1,0.39349083948159147
71232,71232,1,0.40496903482299534
71292,71292,1,0.6103416405742715
71374,71374,2,0.2510552918557392
71685,71685,1,0.5064462802666957
71686,71686,1,0.4768642248813014
71687,71687,1,0.4678035719434725
71688,71688,1,0.4856177858516834
71689,71689,1,0.4856202496114175
71797,71797,1,0.30436359484564934
71798,71798,1,0.2983958728630791
71799,71799,1,0.20821599734267615
71800,71800,1,0.2901331919352776
71801,71801,1,0.28934397454678923
71802,71802,2,0.29277382057394036
71803,71803,2,0.29304902546220213
71804,71804,2,0.2942922228736185
71805,71805,2,0.31442148099482947
71820,71820,1,0.420364158757021
72033,72033,1,0.5265093495169075
72034,72034,1,0.5205465286195271
72035,72035,1,0.5195328729920046
72153,72153,1,0.4480357516283663
72154,72154,1,0.30470035285440333
72155,72155,1,0.33604740197923366
72399,72399,2,0.174194409928413
72400,72400,2,0.16992683277714932
72419,72419,1,0.5159914414271808
72420,72420,1,0.5226989602573158
72421,72421,2,0.1569955764245953
72422,72422,2,0.17514731440254244
72423,72423,2,0.21772396828261034
72425,72425,2,0.39825206622009895
72426,72426,2,0.3348583817454977
72430,72430,1,0.6021065076707355
72431,72431,1,0.6170521079723621
72432,72432,1,0.7090393613470066
72742,72742,1,0.4934340009634873
72743,72743,1,0.49342647212538915
72744,72744,1,0.48845964053874424
72745,72745,1,0.4884492181327019
72746,72746,1,0.4884305319595977
72747,72747,1,0.48841911213485756
72748,72748,1,0.48839284031990093
72749,72749,1,0.5290959060010328
72750,72750,1,0.5290834091757631
72751,72751,1,0.5290570429400893
72752,72752,1,0.5290426995059571
72753,72753,1,0.5290273593580285
72754,72754,1,0.528989183046677
72755,72755,1,0.5289633905916302
72756,72756,1,0.5289446523927036
73008,73008,1,0.3593133002291516
73314,73314,1,0.5283150605048746
73315,73315,1,0.529365519047877
73316,73316,1,0.5346909950154611
73317,73317,1,0.5768544850228949
73318,73318,1,0.594225602235107
73326,73326,1,0.5072436120376208
73327,73327,1,0.8703878017676038
73328,73328,1,0.865456926199884
73561,73561,1,1.241088685908941
73585,73585,2,0.43967184867671544
73590,73590,2,0.4274254251496199
73628,73628,1,0.42646908035121933
73898,73898,1,0.844389816844818
74077,74077,2,0.29927667492293014
74266,74266,2,0.2603379729751335
74267,74267,2,0.26020398334173067
74268,74268,2,0.25575887166094075
74269,74269,2,0.27879156531833704
74284,74284,1,0.3937923270108705
74292,74292,2,0.20049771164387434
74293,74293,2,0.25610366975360926
74327,74327,1,0.46887460756775323
74328,74328,1,0.468874441268363
74331,74331,1,0.6242358153033284
74360,74360,1,0.5503811880394824
75448,75448,2,0.3538256316776219
75449,75449,2,0.3080608113010421
75458,75458,1,0.5192045365632519
75459,75459,1,0.5200545139566829
75460,75460,1,0.5219983491466016
75461,75461,1,0.792570794195748
75462,75462,1,0.6194188793731424
75463,75463,1,0.5362409586032927
75464,75464,1,0.5126035969490705
75465,75465,1,0.515854546074786
75472,75472,1,0.5607650901398085
75473,75473,1,0.5128260639405531
75503,75503,2,0.18474254606881155
75504,75504,2,0.15526717441512694
75694,75694,2,0.7651297269032856
75695,75695,2,0.8913683651387856
75773,75773,2,0.15929445463346206
75781,75781,1,0.5281333745126687
75920,75920,2,0.33550842494197713
75923,75923,1,0.7146535655739599
75924,75924,1,0.6428338003397188
75927,75927,1,0.48759056002038037
75928,75928,1,0.5325073730437873
75929,75929,1,0.5791027596047663
75930,75930,1,0.5842279211335681
76373,76373,1,0.5361383555810216
76899,76899,2,0.17067447002336647
76900,76900,2,0.17108960975062876
76901,76901,2,0.16937318531132395
77007,77007,1,0.577366747924774
77008,77008,1,0.5721596815294762
77009,77009,1,0.5585393766445031
77010,77010,1,0.5074312734828919
77011,77011,1,0.3885908206246719
77012,77012,1,0.3787419759946545
77013,77013,1,0.43861235523182307
77014,77014,1,0.458276288940178
77015,77015,1,0.4387652645215262
77016,77016,1,0.47229901508752986
77017,77017,1,0.46648095631542386
77018,77018,1,0.499595902321394
77020,77020,1,0.5352083593376299
77145,77145,2,0.19379129452113267
77410,77410,2,0.4911018506914258
77411,77411,2,0.49428414126858317
77412,77412,2,0.4900668085461821
77413,77413,2,0.48591178542077373
77414,77414,2,0.49406769684993895
77492,77492,2,0.2044887252040739
77493,77493,2,0.2143269564334873
77506,77506,1,1.2389849265489274
77608,77608,1,0.49140115755363656
77609,77609,1,0.5337046391596415
77610,77610,1,0.513269021677197
77611,77611,1,0.5137294672677112
77612,77612,1,0.4964674082083621
77613,77613,1,0.535957738291323
77614,77614,1,0.4738761397844865
77615,77615,1,0.471999927426973
77620,77620,1,1.1347481092546539
77621,77621,1,1.1347522140245816
77624,77624,1,0.728928525264481
77625,77625,1,0.7175053313355981
77635,77635,2,0.3999152141781364
77654,77654,1,0.623063651821083
77871,77871,1,0.5600800326237358
78175,78175,1,0.6282082334827301
78176,78176,1,0.4628171647297587
78177,78177,1,0.31269434230414733
78178,78178,1,0.27312065006514225
78664,78664,2,0.8481642977369295
78691,78691,1,0.5154765487059149
78692,78692,1,0.5115967266249016
78693,78693,1,0.6454932985671308
78694,78694,1,0.6057202216991421
78695,78695,1,0.5059659920290157
78696,78696,1,0.48111682096687064
78744,78744,1,0.4422268612733247
78745,78745,1,0.5003978055922045
78746,78746,1,0.47132776773688756
78747,78747,1,0.45109897216423916
78748,78748,1,0.4700932166617543
78985,78985,2,0.3701989502021341
78986,78986,2,0.3842250403863812
78994,78994,1,0.5894515497796838
78995,78995,1,0.5895416151413092
78996,78996,1,0.5881392056590936
78997,78997,1,0.586798275333354
79019,79019,2,0.3881479157728261
79369,79369,1,0.33980241475955775
79604,79604,2,0.46679601984515706
79605,79605,2,0.4550000885732827
79606,79606,2,0.3910468296258974
79607,79607,2,0.38994401958508845
79608,79608,2,0.413127896367719
79618,79618,2,0.26757092012744627
79627,79627,2,0.7956942485655994
79628,79628,2,0.5292785779061925
79629,79629,2,0.6434935587022949
79652,79652,1,0.619489218064175
79656,79656,1,0.6282695231325414
80456,80456,2,0.31443587348878616
80726,80726,2,0.1881976319174306
80732,80732,2,0.2727706664172642
80733,80733,1,0.5008480536578032
80734,80734,1,0.49835537986363515
80735,80735,1,0.4992167006776553
80736,80736,1,0.6428702235188126
81428,81428,1,0.8911565097724865
81519,81519,1,1.241088685908941
81520,81520,1,1.2410881739584525
81534,81534,2,0.7889272238516511
81559,81559,2,0.16622421631497722
81560,81560,2,0.16930026398178294
81561,81561,2,0.15075016959117254
81562,81562,2,0.6818645984079277
81563,81563,2,0.5580843606627005
81658,81658,1,0.6371850048270556
81659,81659,1,0.6388100673214775
81664,81664,2,0.860295938486673
81665,81665,2,0.8579199521699914
81666,81666,2,0.8804484813218209
81852,81852,1,0.9717144374246154
81853,81853,1,0.9614072396828126
81854,81854,1,0.9614098975063733
82129,82129,2,0.2469069448514588
82832,82832,1,0.5389516414191692
82837,82837,2,0.23285332883726864
82838,82838,2,0.24492056716902555
82839,82839,2,0.19066425642794282
82840,82840,2,0.19121350663118492
82841,82841,2,0.18899896332115257
82886,82886,1,0.37418397375708135
82887,82887,1,0.3742298966657401
83212,83212,1,0.5462699437202531
83213,83213,1,0.5236522208787714
83440,83440,1,0.43306043537338834
83441,83441,1,0.5339880702438308
83443,83443,1,0.5435338293982523
83444,83444,1,0.5427017013547044
83445,83445,1,0.5472762323639423
83446,83446,1,0.5139003878680135
83547,83547,1,0.6184183383328536
83548,83548,1,0.6195754585561194
83569,83569,1,0.31594134775085014
83570,83570,1,0.3385915943711362
83683,83683,1,0.4889155754570928
83684,83684,1,0.4912960299976782
83685,83685,1,0.4900636395323233
83686,83686,1,0.4748359295766309
83687,83687,1,0.47755645410838493
83688,83688,1,0.44841088616125363
83689,83689,1,0.47672496092135597
83690,83690,1,0.4469270337338207
83691,83691,1,0.4598023903163353
83740,83740,2,0.19108816387923486
83917,83917,2,0.24238773249108939
84005,84005,1,0.373417751188543
84006,84006,1,0.3657884393945787
84007,84007,1,0.36199620749575906
84008,84008,1,0.3580927133422654
84020,84020,2,0.3836180743162616
84381,84381,2,0.46911410285818583
84382,84382,2,0.4691037941163359
84383,84383,2,0.46882308117120997
84384,84384,2,0.4701948761925252
84385,84385,2,0.4680884575402901
84386,84386,2,0.4670119930475662
84387,84387,2,0.46786557564049636
84388,84388,2,0.46892675938106126
84445,84445,1,1.2384123885045337
84446,84446,1,1.2384123885045337
84587,84587,2,0.7705199733085488
84588,84588,2,0.7004358159462775
84589,84589,1,0.4575806794054002
84590,84590,1,0.4583261862642083
84594,84594,2,0.1983735785746425
84595,84595,2,0.20620698061609907
84596,84596,2,0.19948719962263134
84597,84597,1,0.42528162606577163
84782,84782,1,0.61621365682139
84793,84793,2,0.48823519996408926
85019,85019,2,0.5872863640803714
85020,85020,1,0.6195471916992351
85090,85090,2,0.20929902727646843
85091,85091,2,0.20455175492075978
85092,85092,2,0.20442650294289336
85110,85110,1,0.4447093577820625
85111,85111,1,0.4421479596934679
85112,85112,1,0.41220595503739665
85468,85468,1,0.5602685418222197
85469,85469,1,0.5629737482455222
85470,85470,1,0.5643311848337698
85471,85471,1,0.5655736815795275
85472,85472,1,0.5650505615315676
85473,85473,1,0.5330592623723638
85474,85474,1,0.5154537328780132
85475,85475,1,0.562323234437208
85476,85476,1,0.564548719539442
85477,85477,1,0.5647139786625109
85478,85478,1,0.5637572365014293
85479,85479,1,0.5633059998803049
85480,85480,1,0.5661475514427476
85678,85678,2,0.31788497762672685
85683,85683,2,0.9514694386477333
85782,85782,1,0.5162023768869402
85783,85783,1,0.517604920065016
85784,85784,1,0.349506710423229
86161,86161,1,0.5415360124203046
86162,86162,1,0.5421158603151998
86163,86163,1,0.6147945084873304
86164,86164,1,0.6320932142522169
86165,86165,1,0.6370569742343924
86262,86262,1,0.5340309741238787
86489,86489,1,0.31341475768460825
86524,86524,2,0.18150999161166848
86525,86525,2,0.3298205890433968
86687,86687,1,0.8338100642129455
86806,86806,2,0.43234409527802825
86839,86839,1,0.8712470267497215
86840,86840,1,0.8468261762062386
87133,87133,2,0.42474610105801147
87134,87134,2,0.4049669861901911
87135,87135,2,0.379551721480414
87408,87408,1,0.5899429460202291
87409,87409,1,0.6430187469406404
87410,87410,1,0.49278172878591403
87411,87411,1,0.5134966433225425
87412,87412,1,0.5368099313225964
87413,87413,1,0.5384451986619316
87414,87414,1,0.45877197946490594
87415,87415,1,0.49299114581245645
87416,87416,1,0.48136914558153565
87417,87417,1,0.4799404867853178
87418,87418,1,0.47764066673218153
87419,87419,2,0.4439011260306217
87420,87420,2,0.4448949577730634
87977,87977,2,0.41738632121037567
87978,87978,2,0.42069074226936914
87979,87979,2,0.42199614566673976
87980,87980,2,0.4635059703003139
87981,87981,2,0.4274257020775876
87982,87982,2,0.4300097403487743
87983,87983,2,0.42644940740602905
87984,87984,1,0.5207430667943609
88311,88311,2,0.3419724434538181
88321,88321,2,0.42226560240903865
88489,88489,1,0.5343763363312398
88490,88490,1,0.5347871226785905
88817,88817,1,0.7579850974176917
88818,88818,1,0.7844445338016228
88819,88819,1,0.7278713969650658
88836,88836,2,0.30478792452194253
88950,88950,2,0.34515354601712406
88951,88951,2,0.3482341052869293
88952,88952,2,0.33954990984028743
88957,88957,1,0.5523128116998098
88958,88958,1,0.5452168130699501
88959,88959,1,0.5341857354110149
88961,88961,2,0.19343014642614026
88962,88962,1,0.4014851648410995
88985,88985,1,0.5289644609516052
88986,88986,1,0.5819908501166111
88987,88987,1,0.5819679216817558
88988,88988,1,0.5820329940243426
88989,88989,1,0.5821014510036153
89003,89003,1,0.4569284006779469
89017,89017,1,0.4644282999541473
89018,89018,1,0.4209908789906713
89019,89019,1,0.43590393589513715
89272,89272,1,0.5278344484417499
89273,89273,1,0.5297865955407326
89274,89274,1,0.5327215328334932
89275,89275,1,0.5349159285921152
89287,89287,1,0.39309847622766547
89288,89288,1,0.3906885094753368
89289,89289,1,0.3906730860860731
89338,89338,1,0.45341200500520634
89339,89339,1,0.4540148819233014
89340,89340,1,0.4411474120295479
89341,89341,1,0.4744672241896884
89342,89342,1,0.4775443972608113
89343,89343,1,0.473820072680125
89344,89344,1,0.4616395782658861
89553,89553,2,0.4418338688892205
89597,89597,1,0.6018423332456946
89598,89598,1,0.5758153330762098
89778,89778,1,0.7158832243286313
89868,89868,1,0.3915265316480884
90071,90071,1,0.9198435975319629
90072,90072,1,0.9382871391735103
90073,90073,1,1.0627791526536428
90074,90074,1,1.062961079233528
90075,90075,1,1.0639293587575251
90076,90076,1,1.0697872332654261
90136,90136,2,0.39596343877061196
90146,90146,2,0.4886055720691084
90147,90147,2,0.5710206466583766
90148,90148,2,0.47557905111333465
90149,90149,2,0.40415334620294524
90189,90189,1,0.5288741413294946
90358,90358,2,0.9261534107080938
90359,90359,2,0.9128793375097627
90360,90360,2,0.9230331975120997
90433,90433,2,0.2646167562796228
90456,90456,2,0.4389160511145705
90457,90457,2,0.42834913641489236
90458,90458,2,0.540507997880423
90459,90459,2,0.6029534128977475
90461,90461,1,0.7232943298710197
90525,90525,1,0.5337025222838154
90526,90526,1,0.3728613804098615
90671,90671,2,0.1837700479823892
90787,90787,2,0.3962369110879679
90822,90822,2,0.5340440327276128
90823,90823,2,0.5825527370497752
90840,90840,2,0.3149761424256882
90841,90841,2,0.30887201794547653
90842,90842,2,0.47715068317587017
90843,90843,2,0.4733118232736074
90844,90844,2,0.45152882806177386
90845,90845,2,0.4467022763994349
90910,90910,2,0.22472902444582443
90911,90911,2,0.21629417454201708
90912,90912,2,0.1674430209391548
91533,91533,2,0.41535404173272245
91534,91534,2,0.4163637964718842
91535,91535,2,0.42818405679500415
91536,91536,2,0.30838631798980615
91537,91537,2,0.33706804933145446
92056,92056,1,0.5239002844628521
92057,92057,1,0.5249892443376869
92058,92058,1,0.5258404874782796
92059,92059,1,0.5288459672411014
92060,92060,1,0.5291090980203657
92070,92070,1,0.43154995245355005
92385,92385,1,0.32666684540197877
92386,92386,1,0.3725096740972122
92457,92457,1,0.650451850727823
92458,92458,1,0.7962602159213839
92459,92459,1,0.8115420553045964
92460,92460,1,0.7141392159730969
92493,92493,1,0.41756698612397836
92545,92545,2,0.21133289012885886
92546,92546,2,0.25382937025442587
92547,92547,2,0.2554364984045347
92684,92684,1,0.3448670433352114
92685,92685,1,0.3720327173255578
92809,92809,1,0.7351861346806344
92810,92810,1,0.7252460997459165
93010,93010,2,0.23678247525911825
93011,93011,2,0.4195722750984811
93279,93279,2,0.4611160052446037
93280,93280,2,0.4652330919736992
93293,93293,1,0.5279561930614722
93294,93294,1,0.5288162142243314
93295,93295,1,0.5275185331742701
93296,93296,1,0.5256553645455417
93297,93297,1,0.5265089217493181
93298,93298,1,0.5258429646562132
93299,93299,1,0.5215365480048735
93330,93330,1,0.40923748787444236
93475,93475,2,0.42042775626803025
93476,93476,2,0.25909337671359534
93522,93522,2,0.364258377057955
93523,93523,2,0.36430152023877127
93526,93526,1,0.7232748335790633
93528,93528,2,0.44460351198275605
93529,93529,2,0.4399626821100597
93530,93530,2,0.43920226082929414
93531,93531,2,0.4338627938368379
93532,93532,2,0.43423611505008186
93533,93533,2,0.4340618537065564
93734,93734,1,0.5341292389286817
94071,94071,2,0.24860684856101004
94072,94072,2,0.24830345510724783
94073,94073,2,0.24989760926580074
94514,94514,2,0.4259550625053213
94515,94515,1,0.5062082750124041
94516,94516,1,0.5094494375869569
94517,94517,1,0.5124128688274591
94518,94518,1,0.5185743532334438
94519,94519,1,0.519941282543054
94520,94520,1,0.5251659751044854
94521,94521,2,0.49998686852001667
94522,94522,2,0.4207670297111871
94523,94523,2,0.41102760237065245
94536,94536,1,0.4727682442076417
94541,94541,1,0.45922585085752915
94542,94542,1,0.469159019749461
94547,94547,1,0.523815988792628
94548,94548,1,0.4625468698627897
94549,94549,1,0.46289901719167365
94550,94550,1,0.4763760034938957
94691,94691,1,0.65932898226473
94749,94749,2,0.29870921736820666
94897,94897,1,0.9773558208493643
94932,94932,1,1.2242974174387682
95633,95633,1,0.4741557517302531
95634,95634,1,0.47541593699942536
95635,95635,1,0.48144417225582187
95636,95636,1,0.4837860654194591
95637,95637,1,0.46890787578138615
95956,95956,2,0.9333463404399708
95957,95957,2,0.9316056949148411
95958,95958,2,0.9503733373422564
95959,95959,2,0.9517603076203056
95960,95960,2,0.9556290666050207
96029,96029,2,0.2758733394640002
96030,96030,2,0.28510859256738497
96031,96031,2,0.30448557334288406
96033,96033,2,0.33339508147360186
96129,96129,1,0.5357950410589954
96130,96130,1,0.5369662490597978
96131,96131,1,0.5362384826343393
96381,96381,2,0.17265037160237415
96382,96382,2,0.16841208651027278
96383,96383,2,0.18045964596944677
96432,96432,2,0.2942821622541451
96433,96433,2,0.2940599835313716
96434,96434,2,0.2892732811945268
96458,96458,2,0.3358306421693838
96459,96459,2,0.31296634069705015
96460,96460,1,0.4755735156905218
96461,96461,1,0.4712281797818685
96462,96462,1,0.47054352335310823
96470,96470,2,0.6572659006951008
96472,96472,2,0.37977113995141515
96473,96473,2,0.37325625095715376
96474,96474,2,0.36342977479672217
96475,96475,1,0.3427050020708308
96819,96819,2,0.2841997483096146
96835,96835,2,0.24994781580785405
96836,96836,2,0.21763381976352694
96882,96882,2,0.7929864107262771
96928,96928,1,1.217403698259311
96929,96929,1,1.2123844991942059
96930,96930,1,1.2105544702530773
96931,96931,1,1.2078178583934598
96932,96932,1,1.2016336722181438
96933,96933,1,1.201627829171773
96934,96934,1,0.9187761403399374
97123,97123,1,0.5431494626524761
97124,97124,1,0.5469625738055529
97125,97125,1,0.6854672236812244
97126,97126,1,0.5809094421042688
97155,97155,2,0.457339137714538
97156,97156,2,0.4570222706537046
97157,97157,2,0.4342150847304235
97158,97158,2,0.20056046356946017
97159,97159,2,0.20600422067124088
97535,97535,1,0.5347163068475846
97536,97536,1,0.31466133858847284
97537,97537,1,0.31074322384095854
97935,97935,1,0.5611612548958631
97936,97936,1,0.5388485605242704
97971,97971,1,0.8048082003550673
97972,97972,1,0.7692598694863123
97973,97973,1,0.7315846893475498
97974,97974,1,0.6250511272201983
97975,97975,1,0.6270585937613513
97976,97976,1,0.6142206718018007
98034,98034,1,0.3432873394362461
98035,98035,1,0.35531483875333536
98224,98224,2,0.17618826102452856
98440,98440,2,0.430481780333791
98441,98441,2,0.43007528525286237
98442,98442,2,0.42396504931222656
98449,98449,1,0.4623292703300061
98452,98452,1,0.5478885009628595
98454,98454,1,0.6179095607323741
98455,98455,1,0.6175032948453771
98456,98456,1,0.4630689025602547
98469,98469,1,0.5569884971465607
98470,98470,1,0.5570898909073732
98792,98792,2,0.17064176493336133
98793,98793,2,0.16512816139095307
98794,98794,2,0.22887355744955526
98795,98795,2,0.20874704158866186
99348,99348,1,0.43383707207838995
99471,99471,1,0.7714192279547563
99472,99472,1,0.49381403945451235
99507,99507,1,0.38440201149729675
99634,99634,1,0.3232519561528598
99635,99635,1,0.32490634964778575
99925,99925,1,0.41230916801922435
99926,99926,1,0.4131567397415764
99927,99927,1,0.41394132175959436
99928,99928,1,0.41426642789129337
99929,99929,1,0.3775273543779051
99930,99930,1,0.3776093053905393
99931,99931,1,0.3803574738856624
100301,100301,1,0.8022171668581252
100304,100304,1,0.3809756968480241
100305,100305,1,0.38935070930408133
100713,100713,2,0.4114528253538428
100721,100721,1,0.5005130891873893
100722,100722,1,0.46485499708246375
100743,100743,1,0.608063752297392
100744,100744,1,0.3783067663130571
100747,100747,1,0.3496200830223325
100748,100748,1,0.34965320994619564
100749,100749,1,0.3456154630190325
100750,100750,1,0.34552726708976567
100751,100751,1,0.3452353341823411
101539,101539,1,1.2410857499948158
101540,101540,1,1.241088685908941
101611,101611,2,0.17296147162997907
101612,101612,2,0.5197673134901223
101613,101613,2,0.28955691463855776
101627,101627,2,0.20123011639641755
101628,101628,2,0.34221478690752966
101629,101629,2,0.33439389300189154
101630,101630,1,0.5735750542722818
101631,101631,1,0.5398081053826267
101649,101649,1,1.2038346045873811
101650,101650,1,1.2084991052935277
101653,101653,1,1.2393658236048932
101654,101654,1,1.2393605052345675
101655,101655,1,1.2393524046684146
101656,101656,1,1.2393460610414506
102153,102153,1,0.45948027903718075
102154,102154,1,0.4556312982174296
102267,102267,2,0.21762852857467052
102268,102268,2,0.8976530194148882
102276,102276,1,0.7972927876254138
102277,102277,1,0.5322572366120535
102408,102408,1,0.8218472421403367
102409,102409,2,0.19815841279143756
102410,102410,2,0.19829691057683307
102411,102411,2,0.1969945807154052
102412,102412,2,0.1954565147200317
102413,102413,2,0.1994426702024029
102414,102414,2,0.1907340287812594
102415,102415,2,0.18769737595914632
102416,102416,2,0.17143540926492296
102440,102440,2,0.18918292821498506
102441,102441,2,0.24333000682527606
102724,102724,1,0.5289873271887
102979,102979,2,0.264135601739379
102980,102980,2,0.4387676379530596
103061,103061,1,0.4128321720553526
103122,103122,2,1.0435412567327307
103130,103130,2,0.26691883484144446
103131,103131,2,0.26730986727981654
103406,103406,1,0.4436920791461533
103407,103407,1,0.49810079906802684
103408,103408,1,0.5523553207743208
103409,103409,1,0.5557624766194906
103410,103410,1,0.5566069066025372
103411,103411,1,0.49817586617693216
103412,103412,1,0.4603331778177082
103493,103493,2,0.16646244546863867
103785,103785,2,0.3677624132739397
103786,103786,2,0.36704870029267994
103787,103787,2,0.38771041042468724
103788,103788,2,0.389166018638234
103789,103789,2,0.389618232009602
103923,103923,1,0.3886332660704137
103943,103943,1,0.5031547487108838
103944,103944,1,0.6458415719683351
103945,103945,1,0.6458426106794826
103946,103946,1,0.6458442934355249
103947,103947,1,0.6458554266133767
103948,103948,1,0.5031503421244421
104136,104136,1,0.5449044438193321
104137,104137,1,0.5477780353766869
104138,104138,1,0.546663373160986
104165,104165,2,0.4403522200692291
104166,104166,2,0.4399218591362192
104167,104167,2,0.44016518244578934
104168,104168,2,0.43998548553993827
104842,104842,1,0.5019298229576583
104843,104843,1,0.5004680836504953
105024,105024,2,0.6240013879915526
105025,105025,2,0.6285011443507732
105026,105026,2,0.6396169202493415
105027,105027,2,0.6408117636526772
105061,105061,2,0.7769406776808423
105062,105062,2,0.7776636336320971
105063,105063,2,0.7777314232644256
105064,105064,2,0.760988415533628
105100,105100,1,0.5923560311874118
105101,105101,1,0.5958783918052784
105240,105240,2,0.2085689818500689
105241,105241,2,0.19797649763296943
105278,105278,1,0.5387625317311918
105347,105347,1,0.49145689643523444
105348,105348,1,0.7911650453094512
105349,105349,1,0.5371409139941932
105476,105476,1,0.8119925274819175
105555,105555,1,0.3172510190658219
105556,105556,1,0.3044789589758159
105567,105567,2,0.6990490004170349
105641,105641,2,0.8488393300134508
105720,105720,1,0.39002562103247274
105721,105721,1,0.4267765819151002
105722,105722,1,0.49598764442049714
106012,106012,2,0.4563287311142642
106013,106013,2,0.4593021218505335
106014,106014,2,0.45544524558328403
106015,106015,2,0.4672728951730034
106016,106016,2,0.4803808453689388
106151,106151,2,0.40346732247868633
106152,106152,2,0.4067653258218619
106548,106548,1,0.4823618976318706
106571,106571,1,0.3535961791231223
106572,106572,1,0.3334596281911564
106573,106573,1,0.3271802284378642
106574,106574,1,0.32848457079987187
106575,106575,1,0.7950700038150198
106576,106576,1,0.3888201662567356
106577,106577,1,0.35648820066126663
106578,106578,1,0.3004940226578044
107096,107096,2,0.5102207201078822
107097,107097,2,0.5269502029614166
107098,107098,2,0.7106423135362865
107099,107099,2,0.71549010013619
107100,107100,2,0.7429192227487835
107101,107101,2,0.792360245540539
107102,107102,2,0.2000933796788246
107103,107103,2,0.2075636352467324
107104,107104,2,0.20514443974316285
107105,107105,2,0.20130761736015743
107106,107106,2,0.6362733050544586
107326,107326,2,0.558263709728659
107327,107327,2,0.5249185796839723
107328,107328,2,0.4173483093503482
107329,107329,2,0.4156739459991871
107330,107330,2,0.41925153011250166
107333,107333,2,0.4316702905481576
107334,107334,2,0.43124317152540936
107339,107339,1,0.3842705328391372
107340,107340,1,0.3840510528380028
107854,107854,1,0.44854111787374806
107855,107855,1,0.45272591538699625
107856,107856,1,0.48350878498983924
107857,107857,1,0.82969893313002
107858,107858,1,0.8291284384691942
107859,107859,1,0.8291688974037063
107885,107885,2,0.306428085152695
107888,107888,1,0.37096562647580206
107889,107889,1,0.37097054766941157
107890,107890,1,0.37097488464453443
107891,107891,1,0.37097767472323573
107892,107892,1,0.3709788040399934
107893,107893,1,0.3708777355163028
107894,107894,1,0.37400255321034875
108528,108528,1,0.5417859493714625
108529,108529,1,0.5235229218964473
108530,108530,1,0.49994685742238937
108531,108531,1,0.4932140549224957
108532,108532,1,0.48807402318036563
108533,108533,1,0.488160303168469
108534,108534,1,0.468293566197603
108535,108535,1,0.5551988550150861
109115,109115,1,0.6947320762925403
109116,109116,1,0.703511670872366
109117,109117,1,0.7116934135754382
109118,109118,1,0.7102818323014929
109353,109353,2,0.5237628097382994
109601,109601,1,0.5774099908776313
109605,109605,1,1.2409067589040403
109655,109655,2,0.2248916961847221
109754,109754,2,0.4864087310108315
109755,109755,2,0.4935053776736806
109756,109756,2,0.49267288206135246
109757,109757,2,0.4971609718225948
109758,109758,2,0.5027286463333143
109759,109759,2,0.5049515305799046
109815,109815,2,0.41777329021444115
109816,109816,2,0.4165408060161972
109817,109817,2,0.41672349950445725
109818,109818,2,0.42237409032250683
109819,109819,2,0.4294519395595951
109820,109820,2,0.42979870953460664
109821,109821,2,0.43003907540913705
109822,109822,2,0.41238177015288613
109823,109823,2,0.4127777686142711
109937,109937,1,0.39875581483825745
109938,109938,1,0.38251051365749694
109939,109939,1,0.38237038800406736
110222,110222,1,0.5556338838274383
110326,110326,1,0.9761778524397215
110565,110565,1,1.241088685908941
110759,110759,2,0.43565993354292515
110760,110760,2,0.43668008304802725
110761,110761,2,0.23845521865046687
110763,110763,2,0.26787883139814894
111031,111031,1,0.3470214661455524
111032,111032,1,0.3872152298503373
111079,111079,1,0.5554596361636864
111080,111080,1,0.4829322841024852
111081,111081,1,0.6628867750495456
111082,111082,1,0.7171118972394671
111083,111083,1,0.6393398773573347
111084,111084,1,0.5478107914025507
111399,111399,2,0.2697453196114892
111468,111468,2,0.4155298670471506
111525,111525,1,0.5775339705203277
111526,111526,1,0.6839782738872241
111527,111527,1,0.5522839891187711
111528,111528,1,0.5516890490646768
111751,111751,2,0.46098040091960074
111752,111752,2,0.4454709208697192
111753,111753,2,0.44033686371774267
111911,111911,2,0.2948102823798231
111912,111912,2,0.25572968971873483
111913,111913,2,0.2592383878847924
111928,111928,2,0.48819959756450515
111929,111929,2,0.4782265686075295
111932,111932,1,0.4601498616840763
111933,111933,1,0.567590261781873
111934,111934,1,0.620605408344368
112103,112103,1,0.30288082988504667
112104,112104,1,0.317782869642014
112539,112539,2,0.24307433082583638
112655,112655,2,0.777633890220828
112656,112656,2,0.7776360254514564
112657,112657,2,0.7776100569192828
112658,112658,2,0.7776328144566806
112659,112659,2,0.7777212789534605
112661,112661,2,0.8394819084081512
113321,113321,2,0.4076014114948899
113533,113533,2,0.17615207356820436
113534,113534,2,0.1687492689142012
113535,113535,2,0.16587509589871885
113536,113536,2,0.1904937910163566
114037,114037,1,0.37091606285196943
114038,114038,1,0.34154090882216004
114039,114039,1,0.3536973641475393
114041,114041,1,0.5651843269320554
114087,114087,1,0.4081051548966362
114088,114088,1,0.4115191463584914
114089,114089,1,0.4132325613207859
114090,114090,1,0.41858251993504986
114091,114091,1,0.4185909917940188
114092,114092,1,0.4243024753458735
114093,114093,1,0.4226202154503379
114181,114181,1,0.5256656520777835
114182,114182,1,0.5259696377910735
114183,114183,1,0.5277932985479521
114331,114331,1,0.45076190575258684
114332,114332,1,0.5587866476344616
114333,114333,1,0.5492072379738647
114641,114641,2,0.2526955868671875
115427,115427,2,0.21928600561667963
115428,115428,2,0.22339499655179565
115437,115437,1,0.43874546120147156
116207,116207,2,0.3020449768536621
116246,116246,1,0.5373358478170778
116247,116247,1,0.5212862539665232
116275,116275,2,0.14059906630214847
116276,116276,2,0.15901837313457912
116287,116287,1,0.4727682442076417
116606,116606,2,0.49172912881125985
116607,116607,2,0.4918549032998148
116608,116608,2,0.5864076856439951
116609,116609,2,0.5261740813027141
116686,116686,1,0.5310495273533506
116851,116851,2,0.3250148293373448
116861,116861,1,0.47060366172693535
116862,116862,1,0.7551325829192844
116863,116863,1,0.49201125468867746
116864,116864,1,0.4974324899778217
116865,116865,1,0.49343170305558776
116866,116866,1,0.4922486689440358
116867,116867,1,0.4837296686491411
117081,117081,2,0.2788231302610193
117097,117097,2,0.5176670049419224
117098,117098,2,0.51048295606164
117099,117099,2,0.5407987567146353
117100,117100,2,0.5418122236151343
117101,117101,2,0.5427423313729042
117102,117102,2,0.5489068858301122
117114,117114,1,0.514156938039495
117437,117437,2,0.18093070931706573
117438,117438,2,0.18177018276292098
117439,117439,2,0.19529746342300894
117652,117652,2,0.26812915782789615
117653,117653,2,0.2565112029503055
117654,117654,2,0.24877747670372638
117661,117661,2,0.19659603193940908
117662,117662,2,0.23525465055378944
117663,117663,1,0.5258097583163779
117664,117664,1,0.6874233991706097
117867,117867,2,0.26068356204059234
117868,117868,2,0.2589653766733131
117941,117941,2,0.49929287376677267
117942,117942,2,0.5650935170367193
117943,117943,2,0.5223450796698428
118013,118013,2,0.5895003722924907
118014,118014,2,0.6213854129403878
118015,118015,2,0.5899106051172324
118016,118016,2,0.5896258957651043
118166,118166,2,0.21898210155042583
118170,118170,2,0.2967503533988995
118171,118171,2,0.29386948709694416
118193,118193,1,0.5249298479748359
118194,118194,1,0.5211375010150207
118195,118195,1,0.5222362041275511
118214,118214,1,0.5152078493320246
118215,118215,1,0.448091724567537
118216,118216,1,0.43538341513834067
118226,118226,1,0.38761558585921385
118227,118227,1,0.41651845255915987
118228,118228,1,0.41222859838814646
118229,118229,1,0.3933499907839044
118712,118712,2,0.18805132879281367
118713,118713,2,0.17145631413977797
118714,118714,2,0.1716251592390282
118715,118715,2,0.1387963119745542
118716,118716,2,0.3071568948020105
118736,118736,1,0.48964278474097706
118743,118743,1,0.5111883583630362
118745,118745,2,0.31540826269524425
118746,118746,2,0.2613571231927868
118775,118775,1,0.3756794599801812
118776,118776,1,0.45685461073695843
119025,119025,2,0.42928065265430704
119026,119026,2,0.4319144442699089
119027,119027,2,0.43299222398175946
119030,119030,1,0.6219514980143224
119031,119031,1,0.4770554789346993
119032,119032,1,0.4563369306720874
119033,119033,1,0.4574411936860132
119176,119176,1,0.8408666666356016
119177,119177,1,0.8236271228803834
119178,119178,1,0.8017624743273171
119179,119179,1,0.7859349775878993
119270,119270,2,0.23643784853029165
119271,119271,2,0.23072248842766266
119272,119272,2,0.22723517992753844
119339,119339,1,0.44541464018904625
119340,119340,1,0.48995101247879336
119341,119341,1,0.49672214444041274
119342,119342,1,0.4863424001281946
119630,119630,2,0.29528242385759673
119631,119631,2,0.2881605312700714
119632,119632,2,0.2914777544870271
119633,119633,2,0.273813132085783
119636,119636,2,0.2613362963392961
119637,119637,2,0.2655435347837375
119647,119647,1,0.5275917509571908
119648,119648,1,0.5223393161384497
119664,119664,1,0.6308390393404357
119684,119684,1,0.5832873446105359
119685,119685,1,0.6206518022072119
119686,119686,1,0.6010241746636459
119687,119687,1,0.624388989844016
119688,119688,1,0.5218892873549497
119689,119689,1,0.5810217992896062
120138,120138,2,0.5436088068261269
120139,120139,2,0.491571607908545
120296,120296,1,0.655097404827383
120297,120297,1,0.5360385261499891
120298,120298,1,0.4587851609070958
120299,120299,1,0.4733863840650421
120300,120300,1,0.46026989746024094
120789,120789,1,0.44357050384076596
120790,120790,1,0.43347995553362484
120938,120938,1,0.387684541565219
121092,121092,1,0.622047258585086
121093,121093,1,0.3329762848708568
121094,121094,1,0.3073791345659382
121095,121095,1,0.6778233458674201
121096,121096,1,0.36703319368229986
121140,121140,1,0.3909458796770405
121217,121217,2,0.6983717752539217
121240,121240,1,0.6514729533866561
121242,121242,1,0.6468751988349082
121431,121431,1,0.5227014742580238
121467,121467,1,0.2802921775813246
121490,121490,1,0.5561220582088255
121491,121491,1,0.4605424294909962
121492,121492,1,0.5546462049483046
121875,121875,2,0.25704909811811777
121876,121876,2,0.26144202579434767
121877,121877,2,0.2719651957159284
121878,121878,2,0.2704621046702372
121879,121879,2,0.26738656437705643
121880,121880,2,0.2642239984903438
121881,121881,2,0.23874966636494285
121882,121882,2,0.23815767138298222
121883,121883,2,0.2821423786696021
121884,121884,2,0.2884904613988515
121885,121885,2,0.3043064072148904
121886,121886,2,0.35819436381415887
121887,121887,2,0.37364624455858725
121888,121888,2,0.38284060264891345
121913,121913,2,0.1577243398951652
121927,121927,1,0.5212941777958601
121928,121928,1,0.5202185169771757
121929,121929,1,0.5186286319706813
121930,121930,1,0.4312715701270605
121931,121931,1,0.5983527287091883
121932,121932,1,0.5970933425138495
121933,121933,1,0.6728279522125664
121934,121934,1,0.6410018879354447
121935,121935,1,0.7071817481332436
121937,121937,2,0.9392584907498673
121938,121938,2,0.8966141162562379
122052,122052,1,0.49424443465207085
122104,122104,1,0.3896790451850834
122105,122105,1,0.3919963490357033
122106,122106,1,0.4198127157156379
122107,122107,1,0.4538018616063433
122218,122218,2,0.3450958862500808
122219,122219,2,0.3473891950678908
122220,122220,2,0.34076022938261347
122224,122224,2,0.4975585078277769
122225,122225,1,0.43316063193224974
122410,122410,1,0.6211613488151267
122411,122411,1,0.6216895224233782
122412,122412,1,0.6220069925785026
122413,122413,1,0.7860127850139326
122481,122481,1,0.7149214016437909
122482,122482,1,0.7220323313237172
122914,122914,1,0.446642987550361
122915,122915,1,0.4465556354132862
122916,122916,1,0.44647169614412047
122917,122917,1,0.4356314878910829
122918,122918,1,0.44537220470132505
122919,122919,1,0.45624624466582137
122920,122920,1,0.44638272687727193
122921,122921,1,0.4470153712090088
122922,122922,1,0.4476001006274345
122923,122923,1,0.4523706086722468
122942,122942,2,0.2696038456019626
122943,122943,2,0.22687272005268777
122944,122944,2,0.22062852283372628
123223,123223,1,0.4685675616546954
123408,123408,1,0.429332319442933
123409,123409,1,0.4373855201152595
123864,123864,2,0.475587901565723
123865,123865,2,0.46067839305282837
123891,123891,1,0.8285014902403002
123892,123892,1,0.83682908147225
123904,123904,2,0.8332226430037585
123905,123905,2,0.9151173407509778
123988,123988,2,0.5878769024735305
123989,123989,2,0.6109653348383934
124129,124129,2,0.48494583954428194
124130,124130,2,0.3015367691987152
124131,124131,2,0.2835151810649271
124132,124132,2,0.23778076749324906
124133,124133,2,0.17740846055401496
124134,124134,2,0.1761205396801839
124135,124135,2,0.18094410657952464
124136,124136,2,0.1874438339151089
124660,124660,1,0.3222412403279534
124661,124661,1,0.3215092679431067
124662,124662,1,0.3241406523614819
124663,124663,1,0.3237766127568974
124664,124664,1,0.3168552899832836
124665,124665,1,0.31776741011477994
124666,124666,1,0.3166631107726777
124740,124740,1,0.5027435064880535
124743,124743,1,0.756096998256727
124744,124744,1,0.7605926352292373
124745,124745,1,0.7624407718423908
125209,125209,1,0.4968842647530153
125210,125210,1,0.48633736058077864
125483,125483,1,0.41330880629188016
125531,125531,2,0.617581153687238
125532,125532,2,0.6161255410275189
125786,125786,2,0.4444416188209404
125787,125787,2,0.5926253027508592
126095,126095,1,0.582586977345547
126096,126096,1,0.5826067629116055
126097,126097,1,0.5826094411930381
126499,126499,1,0.8031524826252008
126500,126500,1,0.8572366256546402
126545,126545,1,0.3586034387983357
126546,126546,1,0.36794423943826493
126556,126556,1,0.46103845761341383
126823,126823,1,0.48018562259743675
126824,126824,1,0.48048708721917693
126825,126825,1,0.48257022711484215
126826,126826,1,0.48689839667218154
126827,126827,1,0.49365470386039334
126828,126828,1,0.49343659530510825
126883,126883,1,0.4990464892689875
126884,126884,1,0.49584194838366297
126885,126885,1,0.49573135337396435
126938,126938,1,0.4047915275693188
126991,126991,1,0.32122664506211757
127000,127000,2,0.11632993042044856
127001,127001,2,0.22447887988250664
127027,127027,1,0.5371009241432926
127099,127099,1,0.46512648318599487
127100,127100,1,0.36850988510523164
127101,127101,1,0.3653934819707237
127102,127102,1,0.36526789303439167
127103,127103,1,0.36510759752225647
127232,127232,1,0.3967820326415317
127233,127233,1,0.39699696998078177
127234,127234,1,0.3974437025901171
127235,127235,1,0.6974593580884081
127236,127236,1,0.6968377279299731
127322,127322,2,0.33675866722919967
127323,127323,2,0.33710208617385007
127324,127324,2,0.3382770673479611
127325,127325,2,0.33998222568961356
127326,127326,2,0.3425857719583947
127346,127346,2,0.35284944147579483
127347,127347,2,0.43232754978213106
127348,127348,2,0.36764227448914505
127609,127609,1,0.40567610154608624
127610,127610,1,0.4703840322610487
127748,127748,1,1.2124358352879612
127749,127749,1,1.2172803761301167
128053,128053,1,0.5199859315658351
128054,128054,1,0.5183696215392732
128055,128055,1,0.5362715354655528
128056,128056,1,0.5428091571771723
128057,128057,1,0.5173788009332507
128058,128058,1,0.49296363281081484
128059,128059,1,0.4990524979797218
128060,128060,1,0.4627965030118143
128061,128061,1,0.4601375255743399
128062,128062,1,0.4619057287930868
128063,128063,1,0.49925186521034914
128064,128064,1,0.48348136936938696
128065,128065,1,0.5527761093324282
128648,128648,2,0.4940246277537105
128649,128649,2,0.4667626818226725
128650,128650,2,0.46660839792165876
128675,128675,1,0.3787580835729402
128676,128676,1,0.38459136419968737
128677,128677,1,0.33736754445410344
128678,128678,1,0.3291332426824041
128679,128679,1,0.3206199150462786
128712,128712,1,0.7298769289937584
128713,128713,1,0.6651876606027731
128921,128921,2,0.3487800114873029
128922,128922,2,0.3510224479433285
128987,128987,1,0.379514740868906
128988,128988,1,0.37950670618968146
128989,128989,1,0.37941437790810656
128990,128990,1,0.3794364717994807
128991,128991,1,0.379330676592598
128992,128992,1,0.3764638849253226
129388,129388,1,0.5665362312643761
129389,129389,1,0.5892878724532281
129390,129390,1,0.596301365558864
129391,129391,1,0.572328685589326
129459,129459,2,0.3437677644379849
129460,129460,2,0.3355934997223223
129742,129742,2,0.43427387577892906
129743,129743,2,0.43830221572584016
129744,129744,2,0.4367401254098609
129745,129745,2,0.43799145806233614
129752,129752,1,0.5239261297786344
130002,130002,1,0.613990234768963
130003,130003,1,0.621225146050962
130004,130004,1,0.6212193029380928
130005,130005,1,0.6277379742998113
130006,130006,1,0.6276716827969282
130007,130007,1,0.9552526392860808
130008,130008,1,0.9572182925160714
130009,130009,1,0.6135923938068438
130010,130010,1,0.6135921222925447
130061,130061,2,0.4560851352656303
130148,130148,2,0.2494806402551404
130149,130149,2,0.2758652504889273
130150,130150,2,0.24360947936874958
130151,130151,2,0.26691573529165025
130651,130651,2,0.18217777583058703
130652,130652,2,0.1849202760483583
130706,130706,1,0.6567534678646193
131111,131111,2,0.6474255192169369
131112,131112,2,0.6466383042621313
131113,131113,2,0.4104515137978071
131114,131114,1,0.4647942731017336
131201,131201,1,0.5364341756384096
131263,131263,1,0.4773836015154184
131264,131264,1,0.47851737544815054
131265,131265,1,0.48170836840475656
131496,131496,1,0.4206700546275125
131497,131497,1,0.7648642900368002
131498,131498,1,0.2902003358636683
131499,131499,1,0.3258035856558537
131811,131811,1,0.5801843131533073
131812,131812,1,0.5477284013208459
131849,131849,1,0.4326535414733671
131850,131850,1,0.5338579047458316
131851,131851,1,0.5339925084068569
131990,131990,2,0.19830033199272523
132245,132245,1,0.48563609226688126
132331,132331,1,0.25762878696807645
132332,132332,1,0.2557391398077317
132543,132543,1,0.5227943887916676
132726,132726,2,0.4306174422257696
132743,132743,2,0.2774297565984174
132744,132744,2,0.37326208677833106
132745,132745,2,0.3070818355154706
132746,132746,2,0.47572279133837964
132782,132782,1,0.39870419550041264
132783,132783,1,0.3800781724791303
132784,132784,1,0.3846799153969007
132979,132979,1,0.9703720679523288
132980,132980,1,0.9774639697078756
133019,133019,2,0.2749984980618181
133020,133020,2,0.2492297226899096
133021,133021,2,0.2278216250015557
133022,133022,2,0.2089573098649382
133026,133026,2,0.5772116962392684
133417,133417,2,0.30241767401345787
133418,133418,2,0.3069506084992155
133419,133419,2,0.30602380196490414
133421,133421,2,0.2521848444309747
133422,133422,2,0.2505345997701569
133423,133423,2,0.250246766593965
133424,133424,2,0.25206789734963114
133429,133429,2,0.1578996870979965
133442,133442,1,0.5474824488155167
133443,133443,1,0.517495589355436
133703,133703,2,0.17862356651929912
133704,133704,2,0.2001962339010777
133705,133705,2,0.2005789407350423
133706,133706,2,0.22152306260903223
133707,133707,2,0.22121492330470027
133708,133708,2,0.21378904594324627
133728,133728,1,0.6163384393430542
133729,133729,1,0.6954442417243785
133730,133730,1,0.7858244197080161
133731,133731,1,0.7841081364047431
133814,133814,2,0.5284838594122391
133815,133815,2,0.5197990148164229
133816,133816,2,0.5144426019752957
133817,133817,1,0.5743969189016297
133818,133818,1,0.5730971533002023
133819,133819,2,0.45669282062273525
133820,133820,2,0.4599748155664516
133821,133821,2,0.45483239910727036
133822,133822,2,0.44682557405194656
133823,133823,2,0.4454946308221131
133824,133824,2,0.4409529106280918
133968,133968,1,0.4640381208301006
133970,133970,1,0.8180502062641762
133971,133971,1,0.7400707302592622
133976,133976,1,0.4722159183735438
133977,133977,1,0.424807997311752
133978,133978,1,0.39677437755006595
133979,133979,1,0.35404983153590064
133980,133980,1,0.3347791649813935
133981,133981,1,0.3529563905617796
133982,133982,1,0.3932989778073988
134379,134379,2,0.2933739466192456
134650,134650,1,0.5923991522047253
134651,134651,1,0.5919590249405129
134652,134652,1,0.5922744477534364
134653,134653,1,0.5882055026639722
134909,134909,2,0.17798219773806326
135013,135013,1,0.6717937868137766
135014,135014,1,0.5252417149468521
135015,135015,1,0.5260633993681929
135016,135016,1,0.544225468987689
135017,135017,1,0.5422002865912806
135169,135169,2,0.7544193450273722
135170,135170,2,0.6242694251843978
135195,135195,1,0.5451710013770347
135206,135206,1,0.5735685651426462
135298,135298,2,0.202021029162776
135614,135614,1,0.38001226934467175
135619,135619,1,0.8681986988379683
135620,135620,1,0.6916182868391675
135621,135621,1,0.547231813560773
135636,135636,2,0.2587887688692617
135637,135637,2,0.25860678049438546
135638,135638,2,0.2586305398928757
135639,135639,2,0.25831064522304714
135673,135673,1,0.4677151001288615
135674,135674,1,0.46105252794113943
135889,135889,2,0.555021554342469
135890,135890,2,0.5648480332548431
135891,135891,2,0.5711124206919499
135915,135915,2,0.20971322131340933
136059,136059,2,0.26146563949429497
136322,136322,1,0.7181224813599053
136399,136399,1,0.6938409330875128
136400,136400,1,0.6197274838233573
136516,136516,2,0.22473857187830798
136663,136663,2,0.3960405249299073
136664,136664,2,0.40287597807922265
136665,136665,2,0.4054134906247371
136725,136725,1,0.42666832156465306
136726,136726,1,0.4469519011219628
136834,136834,1,0.8876698448936843
136835,136835,1,0.9034055474031285
136836,136836,1,0.9138543930447584
136844,136844,1,0.5037774596613132
136845,136845,1,0.4834166868617489
136846,136846,1,0.5131852282696143
136847,136847,1,0.68452864935041
136971,136971,1,1.2707476824244242
136972,136972,1,1.2672312542543798
137380,137380,1,0.38758360578755074
137476,137476,2,0.18962174485885216
137656,137656,1,1.241088685908941
137739,137739,1,0.6059504061155319
137835,137835,2,0.8178048109056002
137836,137836,2,0.8694957278570784
137837,137837,2,0.8697504990885472
137979,137979,2,0.21734276617529516
137980,137980,2,0.22861660695215888
137981,137981,2,0.2338525299807621
137982,137982,2,0.22721347371573458
137983,137983,2,0.24560397650278643
137984,137984,2,0.24182219076375694
137985,137985,2,0.2611964918173355
137986,137986,2,0.25559962363952826
137987,137987,2,0.23893360300853977
138352,138352,2,0.7270034590641943
138353,138353,2,0.7284057806409093
138355,138355,1,0.8594061456439303
138356,138356,1,0.9193590789429134
138357,138357,1,0.9146639500882638
138358,138358,1,0.9029977499469519
138359,138359,2,0.9170593308197206
138521,138521,1,0.5503617254276536
138928,138928,1,0.4795544798661604
139091,139091,1,0.4598578579518068
139092,139092,1,0.4411088084466511
139172,139172,1,0.5601398455979308
139175,139175,1,0.8389001683742724
139176,139176,1,0.8088563607027209
139406,139406,2,0.2979597308623107
139717,139717,1,0.3059799193415121
139718,139718,1,0.3126902511689855
139760,139760,1,0.6501512746370803
140014,140014,1,0.5323688885124359
140554,140554,2,0.17837506730474917
140662,140662,2,0.808937870730313
140663,140663,2,0.7554968381589705
140664,140664,2,0.47304403957218966
140665,140665,2,0.3764127074982712
140667,140667,2,0.2504799356926478
140668,140668,2,0.42497346693309684
140960,140960,2,0.42576213776262484
140961,140961,2,0.4265874858284297
140962,140962,2,0.41508954622704386
140963,140963,2,0.4068192749411207
140964,140964,2,0.4078604131809196
140965,140965,2,0.20304081654054174
140966,140966,2,0.1975103529330983
141107,141107,1,0.509266417347868
141108,141108,1,0.5141838450725308
141111,141111,1,0.48869271950171234
141112,141112,1,0.4557011722701542
141113,141113,1,0.3815050749214075
141128,141128,1,0.49456748009734447
141144,141144,1,0.6139449966945886
141145,141145,1,0.6222069931097839
141146,141146,1,0.6308855244786257
141147,141147,1,0.6308808060062137
141161,141161,1,0.3429730707163582
141162,141162,1,0.34304698090549174
141164,141164,1,0.347072586936132
141322,141322,2,0.7585781815946154
141758,141758,2,0.2821332525739467
141798,141798,1,0.5070922882174959
141802,141802,1,0.4716703266222973
141960,141960,2,0.39572422610239566
142190,142190,2,0.28890453365406826
142191,142191,2,0.289447248026545
142192,142192,2,0.28859347875529906
142193,142193,2,0.2895101920292265
142213,142213,1,0.8404082059146694
142214,142214,1,0.9017449564436603
142489,142489,2,0.38177299004767884
142490,142490,2,0.3860263862925414
142491,142491,2,0.36938763148779136
142492,142492,2,0.3566418983031728
142493,142493,2,0.34807015960104565
142494,142494,2,0.3530541530165436
142681,142681,2,0.4334972169317375
142682,142682,2,0.43783439926271517
142745,142745,2,0.32499243807019085
142746,142746,2,0.3258622319866375
142748,142748,1,0.4684474751752308
143034,143034,2,0.20590587276404873
143062,143062,1,0.8160963886557623
143063,143063,1,0.5803345501979472
143156,143156,2,0.3958785620583004
143211,143211,1,0.6935156140380173
143212,143212,1,0.6978594428118816
143213,143213,1,0.7037238261988719
143214,143214,1,0.3979060220913692
143215,143215,1,0.403767849122229
143216,143216,1,0.3994708059320442
143218,143218,1,0.5254287748903044
143219,143219,1,0.47354153489414585
143464,143464,1,0.5124518894144916
143465,143465,1,0.517641928921573
143466,143466,1,0.49937698445350504
143470,143470,2,0.15411747292573874
143471,143471,2,0.14620971745627706
143480,143480,1,0.5535452078099492
143481,143481,1,0.5271924892123058
143977,143977,2,0.9013423298913789
143987,143987,1,1.2143820663355485
143990,143990,2,0.518655747292473
143991,143991,2,0.3824544794132538
143992,143992,2,0.3796423966865241
143993,143993,2,0.37098917421546956
143994,143994,2,0.37653243273791775
144011,144011,1,0.41243091820235395
144012,144012,1,0.5051573790567139
144013,144013,1,0.5358475821300022
144014,144014,1,0.5621541832236544
144018,144018,2,0.22057381101835993
144173,144173,1,0.5825201038811125
144455,144455,1,0.5683165395058725
144929,144929,2,0.4552886193836257
144930,144930,1,0.552135232011637
144931,144931,1,0.5471470794987234
145693,145693,1,0.5912120940624354
145694,145694,1,0.5903591538895069
145695,145695,1,0.59228891679059
145696,145696,1,0.5939438729253825
145697,145697,1,0.5795516375212465
145698,145698,1,0.5803973100187576
145734,145734,2,0.8972657181322669
145735,145735,2,0.8970749375518443
145736,145736,2,0.8969651943284223
145855,145855,2,0.36805600584953846
145856,145856,2,0.3226982058861469
145857,145857,2,0.3414373871774212
145858,145858,2,0.23833615636151426
146190,146190,1,0.6269489878580585
146206,146206,1,0.7093893747345388
146207,146207,1,0.6398240076912314
146210,146210,1,0.8326004352257732
146414,146414,2,0.45760968638162197
146415,146415,2,0.46192910402187304
146416,146416,1,0.518718342535195
146417,146417,1,0.5263406833302685
146418,146418,1,0.5266780745009447
146430,146430,1,0.5275983975566081
146469,146469,2,0.23935634746499868
146470,146470,2,0.2489684818089614
146471,146471,2,0.248913406795788
146472,146472,2,0.24589183675688797
146473,146473,2,0.23517250163360823
146567,146567,1,0.5221288960043268
146568,146568,1,0.5241839004871017
146569,146569,1,0.5278349379944769
146570,146570,1,0.5275644579700025
146571,146571,1,0.5267965535399953
146572,146572,1,0.5249243272660366
146573,146573,1,0.5249141908026093
146574,146574,1,0.5325911245609205
147072,147072,1,0.4130113629771824
147073,147073,1,0.34117181737830127
147074,147074,1,0.33775424863838127
147139,147139,1,0.5692561666822107
147140,147140,1,0.5375218949543407
147141,147141,1,0.49323415314152674
147142,147142,1,0.478115012771613
147143,147143,1,0.47042731930020437
147144,147144,1,0.4549348561521497
147145,147145,1,0.43800087895614387
147146,147146,1,0.4364009399294677
147243,147243,1,0.4940650142646286
147248,147248,2,0.3886843164359298
147249,147249,2,0.3818551642427327
147250,147250,2,0.41991085066103684
147251,147251,2,0.42320288299969666
147252,147252,1,0.9237946588212032
147253,147253,1,0.9303174121328603
147254,147254,1,0.8191395378741081
147255,147255,2,0.4096157539316525
147256,147256,2,0.38571176675775
147257,147257,2,0.369792310490455
147258,147258,2,0.5306322130009374
147259,147259,2,0.5185507008117017
147433,147433,1,0.49536229419461975
147437,147437,1,0.4693747753749676
147446,147446,1,0.398160703475043
147590,147590,1,0.2824485834318887
147591,147591,1,0.2899363257509974
147592,147592,1,0.38343583623726096
147742,147742,2,0.2730439624497398
147743,147743,2,0.24603287234135307
147763,147763,1,0.5277295836822106
147764,147764,1,0.5263026215302402
148051,148051,2,0.33630025483843823
148052,148052,2,0.36679642378245414
148053,148053,2,0.35330094782615523
148272,148272,1,0.3062896646595308
148538,148538,2,0.2609480505964931
148539,148539,2,0.2575511987798923
148540,148540,2,0.29785358215358143
148541,148541,2,0.3044730916150341
148551,148551,2,0.48278467685665316
148552,148552,2,0.22146858358178168
148553,148553,2,0.19278626918123495
148574,148574,2,0.3738985759118959
148712,148712,1,0.4108588886793063
148713,148713,1,0.31664767217345413
148714,148714,1,0.38663492711467473
148715,148715,1,0.3034950867928372
148716,148716,1,0.3523987715245397
148717,148717,1,0.3600346397330793
148718,148718,1,0.37003801321624796
148719,148719,1,0.38293723723347123
148720,148720,1,0.3750969279439171
148721,148721,1,0.34885683066294193
148781,148781,1,0.7899850606173705
148782,148782,1,0.7860485462783953
148927,148927,1,0.42344665637464823
148928,148928,1,0.3904469288353373
149624,149624,1,0.47125926787189015
149650,149650,1,0.3676219411856955
149651,149651,1,0.3645301379929434
149944,149944,2,0.38547219150668294
149945,149945,2,0.4045631375135522
149946,149946,2,0.4125830707124318
150101,150101,1,0.3354534323277633
150103,150103,1,0.3306081091087939
150197,150197,2,0.3515107989685165
150198,150198,2,0.3503030799416217
150279,150279,1,0.5326243637178975
150280,150280,1,0.5437663970301991
150502,150502,1,0.4720158878185364
150503,150503,1,0.4774617162316909
150504,150504,1,0.477566079044762
150505,150505,1,0.4973059276616522
150506,150506,1,0.5334936828741427
150507,150507,1,0.6866997033430577
150508,150508,1,0.6966320855108089
150509,150509,1,0.7081911244319863
150661,150661,1,0.7060960814942707
150662,150662,1,0.4917718105687372
150663,150663,1,0.4955553460087543
150803,150803,2,0.2502087631465254
150804,150804,2,0.24634293709405786
150805,150805,2,0.25187873444631936
151155,151155,1,0.41886146821205383
151156,151156,2,0.31912871697273815
151648,151648,2,0.4070499520037599
151649,151649,2,0.405553482481493
151650,151650,1,0.5315073915805756
151651,151651,1,0.5274938085635721
151652,151652,1,0.5237635876931365
151653,151653,2,0.44220515247671444
152071,152071,1,0.8423607026286305
152072,152072,1,0.48213954346116666
152309,152309,1,0.7069500750275501
152310,152310,1,0.670624682216519
152314,152314,2,0.44021991731564425
152315,152315,2,0.438119266702266
152316,152316,2,0.4306320836789514
152351,152351,1,0.6023233457800159
152754,152754,2,0.2361470529319319
152755,152755,2,0.16803486952411778
152821,152821,1,0.9605527973537358
152822,152822,1,0.9632890223950686
152823,152823,1,0.6148464714716115
152824,152824,1,0.5835148619550113
152825,152825,1,0.5762692085121236
152826,152826,1,0.5761926773511016
152934,152934,2,0.2172629900110748
152961,152961,1,0.5951590611423163
153100,153100,1,0.4289441691956528
153101,153101,1,0.4174936274715691
153102,153102,1,0.37566293984780075
153103,153103,1,0.37090838720560676
153104,153104,1,0.37559396189321725
153105,153105,1,0.3176041471471426
153310,153310,2,0.5342735662065872
153311,153311,2,0.5361951798616609
153312,153312,2,0.5337713170258409
153573,153573,2,0.2529026057966943
153593,153593,2,0.32806716110939144
153594,153594,2,0.32814783222003513
153669,153669,2,0.4250439291981214
153670,153670,2,0.23852759616949432
153703,153703,1,0.5307933621354651
153704,153704,1,0.49736545153818956
153736,153736,1,0.45507750419716536
153737,153737,1,0.4493910405980764
153738,153738,1,0.4396053932998293
154037,154037,2,0.23627040826721937
154210,154210,1,0.926851303335173
154211,154211,1,0.48436391516271804
154212,154212,1,0.4842936986881357
154213,154213,1,0.484251867395864
154214,154214,1,0.48420069740971766
154231,154231,1,0.47466079755677143
154232,154232,1,0.5036749115604364
154233,154233,1,0.5040030874339425
154234,154234,1,0.5112529278405108
154235,154235,1,0.5191509855874963
154236,154236,1,0.4807683877207541
154387,154387,2,0.27111803089855113
154388,154388,2,0.2685492220387496
154389,154389,2,0.2719207207568918
154390,154390,2,0.27532984293914753
154391,154391,2,0.27665362797976834
154477,154477,2,0.42451301484156845
154478,154478,2,0.42092844692789966
154479,154479,2,0.4377940281083319
154480,154480,2,0.4379675416315262
154481,154481,2,0.44244001057767873
154773,154773,2,0.47605782287555176
154774,154774,2,0.47755079577390885
154785,154785,2,0.46253190847063824
154786,154786,2,0.5021721613817756
155164,155164,1,0.6039696389923762
155165,155165,1,0.6671626413466125
155166,155166,1,0.6013602167314289
155167,155167,1,0.5713123228487224
155182,155182,1,0.39036376889750163
155183,155183,1,0.38995680224457546
155184,155184,1,0.3623953619739847
155339,155339,1,0.8349721765183641
155533,155533,2,0.45600731039195624
155580,155580,1,0.5042393784557769
155581,155581,1,0.5068740916585055
155582,155582,1,0.5068940423922272
155583,155583,1,0.5075328746944169
155584,155584,1,0.5113237277182191
155585,155585,1,0.5110154675971502
155586,155586,1,0.7925288128535435
155587,155587,1,0.5837281788314915
155597,155597,1,0.6036505649454921
155598,155598,2,0.5177597438626749
155599,155599,2,0.5138856579450167
155621,155621,1,0.4408374108816917
155622,155622,1,0.5110309661301065
155623,155623,1,0.645854886546196
155629,155629,1,0.6283851934444086
155630,155630,1,0.6370502179115516
155780,155780,1,0.572822214983395
155781,155781,1,0.5646420850178147
155798,155798,2,0.4196370852974154
155799,155799,2,0.4977430232484046
155822,155822,1,0.47615453009395237
157343,157343,2,0.20780003810161066
157344,157344,2,0.2046785344257088
157345,157345,2,0.2040695925000221
157346,157346,2,0.2023744047171335
157347,157347,2,0.23368410995812092
157352,157352,1,0.5519223907233132
157353,157353,1,0.5374593694254446
157364,157364,2,0.8394869468123008
157365,157365,2,0.8660422767358508
157805,157805,2,0.6085091264641398
157806,157806,2,0.8908431878682253
157917,157917,1,0.39329260782104436
157918,157918,1,0.3910821962999283
157919,157919,1,0.3936453728442841
157932,157932,1,0.39351421482877935
157933,157933,1,0.39281455252793757
157937,157937,1,1.1250564384207717
158176,158176,2,0.41645110529606155
158177,158177,2,0.4233657392590432
158185,158185,2,0.5383024523282431
158186,158186,2,0.5388512337642138
158187,158187,2,0.5009172729364626
158188,158188,2,0.5057592348700825
158243,158243,2,0.7869045120876579
158254,158254,1,0.7490804110331574
158255,158255,1,0.7498747066195761
158256,158256,1,0.7377142092041594
158257,158257,1,0.7325874643748028
158258,158258,1,0.7136366429367883
158259,158259,1,0.7717283753381283
158260,158260,1,0.74966184574906
158261,158261,1,0.7655927041059793
158348,158348,1,0.583784747743544
158349,158349,1,0.5278647871348573
158350,158350,1,0.5343229378068152
158351,158351,1,0.5343416876620368
158372,158372,1,0.6190186769066034
158373,158373,1,0.6190712340299517
158374,158374,1,0.627531408352006
158874,158874,1,0.5283765963353548
158875,158875,1,0.5294768583284312
158876,158876,1,0.5295605058773064
158879,158879,1,0.580446172421387
158880,158880,1,0.5858142213320461
158881,158881,1,0.5900108333927383
158882,158882,1,0.5930781610281131
158883,158883,1,0.6004967430368698
158884,158884,1,0.5601751442035876
159505,159505,1,0.6289240502328584
159506,159506,1,0.6228846279587017
159507,159507,2,0.8474862917045705
159508,159508,2,0.319422314230679
159509,159509,2,0.3059635798130043
159652,159652,1,0.5118216618097815
159653,159653,1,0.5119961254332788
159664,159664,1,0.799751853816485
159665,159665,1,0.8033168283882945
159666,159666,1,0.802970777620167
159763,159763,1,0.7727654460955973
159764,159764,1,0.7248883384968849
159765,159765,1,0.4067781753299279
159766,159766,1,0.38999957720211315
159767,159767,1,0.3915673213226489
159819,159819,1,0.6275265598622671
159820,159820,1,0.36711439708031207
160046,160046,2,0.9363693278305195
160075,160075,1,0.531413545568763
160076,160076,1,0.5310643598778414
160077,160077,1,0.5303590887626917
160109,160109,1,0.6131449300816733
160110,160110,1,0.618281275350602
160111,160111,1,0.6204304036294127
160112,160112,1,0.6126223828698942
160113,160113,1,0.6122944801606178
160114,160114,1,0.5290927707109835
160115,160115,1,0.3415854678497832
160252,160252,2,0.2723179794924432
160270,160270,1,0.36976510970196147
160279,160279,1,0.6232395292019115
160280,160280,1,0.6228362072635681
160281,160281,1,0.6212320091323317
160282,160282,1,0.630434293052057
160289,160289,1,0.6478987686478526
160290,160290,1,0.6384114169589642
160304,160304,1,0.6370537602856985
160843,160843,2,0.13731730274753762
160844,160844,2,0.187464117612905
160845,160845,2,0.38437250863160477
161091,161091,2,0.45193318578710234
161092,161092,2,0.6818273804234712
161093,161093,2,0.5757398000274889
161140,161140,1,0.7067685138563701
161141,161141,1,0.6080425653856145
161142,161142,1,0.57489048139754
161143,161143,1,0.4047727151715724
161144,161144,1,0.4823113466686903
161145,161145,1,0.5240219176485289
161146,161146,1,0.5645153876437283
161147,161147,1,0.5683099311831652
161148,161148,1,0.5769969710370751
161179,161179,1,0.335724039734023
161180,161180,1,0.33655770258737666
161181,161181,1,0.33923803099111316
161182,161182,1,0.34242052889244107
161268,161268,2,0.3061700115593616
161300,161300,1,0.5103436138560158
161301,161301,1,0.5143762401401801
161302,161302,1,0.522507922767449
161307,161307,2,0.27279544279860873
161308,161308,1,0.6700405467587809
161309,161309,1,0.7745055627672687
161310,161310,1,0.7514334806036985
161312,161312,2,0.3606847706003195
161313,161313,2,0.8319032745143121
161577,161577,2,0.23402789417307643
161578,161578,2,0.23547256788669763
161579,161579,2,0.24598216403134673
161580,161580,2,0.23909510799311695
161581,161581,2,0.2261439963313342
161582,161582,2,0.22707139427108053
161708,161708,2,0.2933780026066754
161709,161709,2,0.2934234741333888
161710,161710,2,0.29110560513493733
161711,161711,2,0.30592891229960256
161712,161712,2,0.30155441730679855
161852,161852,2,0.3682869430283719
161853,161853,2,0.37215936894804436
161854,161854,2,0.3721516994608581
161855,161855,2,0.3761308054233175
161856,161856,2,0.37612893790030566
161857,161857,2,0.37611605843607276
161862,161862,2,0.8344204097739734
162213,162213,2,0.18502566517291588
162313,162313,2,0.8773338629873441
162413,162413,2,0.26239639941659976
162414,162414,2,0.26446362546365193
162415,162415,2,0.27334722479153006
162416,162416,2,0.27061867564206926
162417,162417,2,0.14993959718489647
162426,162426,2,0.2858785854769737
162427,162427,2,0.28640686829078366
162428,162428,2,0.2916380971879227
162429,162429,2,0.2931027677628335
162430,162430,2,0.28616571317011347
162431,162431,2,0.289495572960241
162432,162432,2,0.2717807920135855
162433,162433,2,0.27129750305621986
162434,162434,2,0.2667756573997323
162445,162445,2,0.16317719776633713
162446,162446,2,0.1538549353522795
162638,162638,1,0.3276260741992793
162639,162639,1,0.3222489708518905
162645,162645,1,1.1247429210682613
162663,162663,1,0.5348334106180858
162725,162725,1,0.3283637476847468
162952,162952,1,0.833672726042848
162953,162953,1,0.7290834740008784
162954,162954,1,0.4685145971896047
162955,162955,1,0.3766194318377246
162990,162990,1,0.39748160679715916
163171,163171,2,0.5887019522833382
163173,163173,1,1.241088685908941
163174,163174,1,1.241088685908941
163411,163411,1,0.5655391418369546
163412,163412,1,0.5577566617701575
163413,163413,1,0.5572573301274514
163414,163414,1,0.5301526132901025
163415,163415,1,0.5314844874363778
163416,163416,1,0.5143601195437816
163417,163417,1,0.5084515441832603
163418,163418,1,0.4970553322715315
163419,163419,1,0.4914561220518857
163420,163420,1,0.48602123991529445
163421,163421,1,0.48596079831139527
163422,163422,1,0.49053272323977587
163423,163423,1,0.4905934580101342
163656,163656,2,0.3220201795310465
163978,163978,1,0.8857446510631063
163979,163979,1,0.8773837030744737
163980,163980,1,0.5546793425252894
163981,163981,1,0.5537511794452299
164059,164059,1,0.4284061930780008
164442,164442,1,0.9768139227376743
164459,164459,1,1.241088685908941
164460,164460,1,1.2410568235930162
164462,164462,2,0.3247265706536674
164463,164463,2,0.3607458426676175
164480,164480,1,0.48942968496560074
164493,164493,1,0.6164969572635524
164494,164494,1,0.5566107221206199
164696,164696,1,0.4827093783187059
164701,164701,1,0.4190026935573508
164703,164703,1,0.5255210037002
164773,164773,1,0.5223089839962433
164774,164774,1,0.5223791663205273
164775,164775,1,0.5224126756921207
164776,164776,1,0.5224425249032112
164777,164777,1,0.5226928729545453
164778,164778,1,0.5228371889983515
164779,164779,1,0.5229090438159095
164780,164780,1,0.5231565927868481
165126,165126,1,0.33968017363733305
165223,165223,2,0.20808798694577965
165224,165224,2,0.207695370821775
165225,165225,2,0.20404840481447345
165226,165226,2,0.2020370884020205
165227,165227,2,0.20285933311271362
165228,165228,2,0.20206005000160293
165229,165229,2,0.20500934645616586
165274,165274,1,0.5709664849715986
165275,165275,1,0.5243015146310563
165310,165310,2,0.9618477251076765
165311,165311,2,1.0053467475510947
165372,165372,2,0.4236730458634763
165374,165374,1,0.7191685133974801
165375,165375,1,0.5903102801311718
165389,165389,2,0.3687745222569222
165772,165772,1,0.37017609213446984
166000,166000,2,0.5395121151349074
166077,166077,1,0.2901912733031165
166078,166078,1,0.29176519379930393
166079,166079,1,0.29260152566955944
166110,166110,2,0.1862469182631799
166119,166119,2,0.4443272368927637
166120,166120,2,0.4412643573744613
166121,166121,2,0.4342739764322965
166149,166149,1,0.34604973432765235
166151,166151,1,0.3303505506707074
166164,166164,1,0.4055625853283907
166165,166165,1,0.4055871387194969
166166,166166,1,0.4055136194140464
166167,166167,1,0.40533645824865233
166168,166168,1,0.4026046775890331
166169,166169,1,0.3875442917622654
166170,166170,1,0.3876425895448266
166171,166171,1,0.3844791551563555
166172,166172,1,0.3844409508167507
166173,166173,1,0.38446516752585724
166174,166174,1,0.3844592012665745
166392,166392,1,0.6417572142108401
166393,166393,2,0.5279685827725026
166394,166394,2,0.45066739243108384
166395,166395,2,0.4503189304281067
166396,166396,2,0.18365333210480675
166397,166397,2,0.18324527258567938
166398,166398,2,0.1981406775883782
166399,166399,2,0.21233899901604986
166415,166415,1,0.8306754731130647
166749,166749,1,0.44748121584243933
166988,166988,2,0.5106137038557986
167466,167466,1,0.5439030680178727
167467,167467,1,0.5438876949177197
167864,167864,2,0.9442011196896678
167865,167865,1,0.5343535838032341
167866,167866,1,0.523855303466075
167867,167867,1,0.5314578500830525
167868,167868,1,0.5258755479646702
167997,167997,2,0.4525423791386535
167998,167998,2,0.4498045684807433
167999,167999,2,0.4692205688567408
168000,168000,2,0.47428161508199396
168001,168001,2,0.47112846758238924
168095,168095,1,0.5546248636768712
168096,168096,1,0.5569072809580097
168097,168097,1,0.5633637799086659
168271,168271,2,0.2586356899413496
168272,168272,2,0.2570944995810087
168275,168275,1,0.5206498608771036
168276,168276,1,0.5206598054226297
168277,168277,1,0.51283441959717
168278,168278,1,0.510036423288568
168430,168430,1,0.6403546256476403
168431,168431,1,0.3775117837865361
168432,168432,1,0.36915365623765223
168433,168433,1,0.3427165320148182
168445,168445,1,0.4644494443154215
168446,168446,1,0.43054734600242983
168447,168447,1,0.43051525717705014
168452,168452,1,0.6374489563333903
168453,168453,1,0.6285944237572988
168845,168845,2,0.39676892237547234
168846,168846,2,0.41515939298055266
168876,168876,1,0.6391806456766853
168877,168877,1,0.6917919714542143
168878,168878,1,0.7153452170749665
168879,168879,1,0.6899712908483397
169052,169052,1,0.3506387939190323
169148,169148,1,0.3520841640845526
169149,169149,1,0.337212472344213
169150,169150,1,0.3328240294503496
169151,169151,1,0.3436424618476706
169152,169152,1,0.33717741108395777
169153,169153,1,0.33720403742981186
169154,169154,1,0.42271251964106216
169155,169155,1,0.5311983285018453
169170,169170,1,0.5065615716276411
169171,169171,1,0.5275105778496182
169172,169172,1,0.528189388935045
169420,169420,1,0.25993677752346633
169421,169421,1,0.279627441964011
169422,169422,1,0.3207297877877568
169423,169423,1,0.4435596635980277
169424,169424,1,0.4410531961481736
169425,169425,1,0.6262841430553744
169444,169444,2,0.3230991726052178
169445,169445,2,0.4392699375314113
169446,169446,2,0.44922922197417997
169713,169713,2,0.2338099276006202
169750,169750,2,0.410305678865881
169751,169751,2,0.3307713468688337
169752,169752,2,0.5568836096298481
169753,169753,2,0.5400607583580864
169754,169754,2,0.5240751950505896
169811,169811,1,0.798739406775617
169812,169812,1,0.8231201940226961
169813,169813,1,0.815514815914982
169814,169814,1,0.8116968625040191
169815,169815,1,0.811123284587031
169816,169816,1,0.8258668684613149
169817,169817,1,0.8139152038046586
169978,169978,1,0.4386119418879561
169994,169994,2,0.29975668824499535
169995,169995,2,0.29086906002677804
169996,169996,2,0.28918590849703274
170077,170077,1,0.5680840197806137
170179,170179,1,0.6902205223956743
170265,170265,1,0.34654209313017414
170266,170266,1,0.3640366749000286
170267,170267,1,0.3675649727090338
170422,170422,2,0.26330730699829924
170844,170844,2,0.44813175103267366
170910,170910,1,0.4359463810163045
170911,170911,1,0.5520326260682038
170912,170912,1,0.5414165376547807
170916,170916,1,0.3164582249422676
171225,171225,2,0.9355531990210493
171227,171227,2,0.3147162833070934
171228,171228,2,0.3154927900877866
171229,171229,2,0.31483842929131106
171230,171230,2,0.3145308505474924
171231,171231,2,0.3145337363646325
171353,171353,2,0.40176689601356474
171354,171354,2,0.3406264018287623
171355,171355,2,0.29116361581441325
171356,171356,2,0.2850035034936239
171359,171359,1,0.37414328819778303
171858,171858,1,0.4525083863091116
171859,171859,1,0.4440884675551549
171860,171860,1,0.48051618364194165
171904,171904,1,0.730028397730218
171961,171961,1,0.5429828018113532
171962,171962,1,0.6143307139384023
171963,171963,1,0.5377469001530923
172247,172247,2,0.29223916006279615
172248,172248,2,0.29232416173541936
172364,172364,2,0.4694464287848225
172365,172365,2,0.42663345302445355
172366,172366,2,0.41958595993067943
172367,172367,2,0.4179204527186522
172376,172376,1,0.5324357903777045
172377,172377,1,0.531400137220113
172509,172509,1,0.5734458513475171
172534,172534,2,0.5551438552902868
172535,172535,2,0.5707886428371824
172536,172536,2,0.25682758687501533
172937,172937,2,0.3558255150352814
172938,172938,2,0.3568270906666007
172939,172939,2,0.3602179577008137
172940,172940,2,0.37044023993847713
172941,172941,2,0.3697379964503989
172942,172942,2,0.39179630984672037
172943,172943,2,0.37019124984142515
172944,172944,2,0.3672012041514279
173512,173512,2,0.2590466303656208
173539,173539,1,0.5311265955298065
173540,173540,1,0.5284968620785786
173541,173541,1,0.5260714944664449
173542,173542,1,0.5232608473042246
173548,173548,1,0.5500167624867232
173549,173549,1,0.5471141691833958
173958,173958,1,0.565871259754199
173961,173961,1,0.5687279097250401
173962,173962,1,0.8062844225045236
173963,173963,1,0.7987906840702429
173964,173964,1,0.6633681964267272
173965,173965,1,0.5273421210522763
173966,173966,2,0.33299363140179344
173967,173967,2,0.3729546851150636
173968,173968,2,0.3819106974924703
173969,173969,1,0.6162407900099882
174060,174060,2,0.22949755734810137
174067,174067,2,0.24631104962196157
174068,174068,2,0.2460871847383565
174098,174098,1,0.36180904034038797
174352,174352,2,1.0275638420300257
174364,174364,1,0.37273342583184166
174365,174365,1,0.37279712200656073
174520,174520,2,0.31097710592410316
174536,174536,2,0.7671317393356125
174537,174537,2,0.8013705342637167
174538,174538,2,0.9197151707045157
174666,174666,1,0.5851409987242415
174686,174686,1,0.5167824494711107
174687,174687,1,0.5314581359255552
174688,174688,1,0.5134692738967376
174689,174689,1,0.5016533092501829
174690,174690,1,0.49797198201578646
174691,174691,1,0.47464599399111607
174692,174692,1,0.4734837614170986
174693,174693,1,0.4722079995652743
175050,175050,1,1.2410881570364607
175051,175051,1,1.241088368302324
175052,175052,1,1.241088685908941
175388,175388,2,1.1051015430157676
175389,175389,2,1.1030904243267514
175390,175390,2,0.9581929052498561
175391,175391,2,0.9304834212828258
175392,175392,2,0.2518373112482901
175393,175393,2,0.2371729336764412
175394,175394,2,0.23013114977281915
175593,175593,2,0.3188278827152896
175594,175594,2,0.2962043889688053
175595,175595,2,0.2962081656191426
175596,175596,2,0.2898920338767137
175643,175643,2,0.3124008455083688
175649,175649,1,0.5425806804288416
176354,176354,2,0.4657715280575482
176355,176355,2,0.4635885116073419
176372,176372,1,0.37342267634745163
176373,176373,1,0.5939191966683567
176374,176374,1,0.5937240158242933
176375,176375,1,0.5055591994306475
176376,176376,1,0.5055078990423552
176377,176377,1,0.3666410143818322
176482,176482,1,0.6579348208500989
176483,176483,1,0.65696532896623
176486,176486,1,0.6693784489415243
176498,176498,1,0.546149861223471
176499,176499,1,0.5430194339612018
176564,176564,1,0.5334582238247508
176565,176565,1,0.5285414587335379
176566,176566,1,0.5260939286917412
176567,176567,1,0.5281139680492997
176568,176568,1,0.5366121069383885
176569,176569,1,0.5352488804172432
176570,176570,1,0.558672182597149
176571,176571,1,0.549121350751841
176572,176572,1,0.5359435891066824
176573,176573,1,0.5358641891557386
176643,176643,1,0.4729162234135096
176644,176644,1,0.4804764937323243
176645,176645,1,0.48616974482654834
176646,176646,1,0.4779139038086256
176650,176650,1,0.48474022664789335
176651,176651,1,0.4819779751509201
176652,176652,1,0.4679688469715467
176653,176653,1,0.4654191445628179
176791,176791,1,1.197400602249524
176792,176792,1,1.203026673821587
176793,176793,1,1.2131409920647735
176796,176796,1,0.443647651822596
176797,176797,1,0.4409565510408005
176861,176861,1,0.4590762347932902
176862,176862,1,0.4554129118665234
176863,176863,1,0.4417115601113442
176864,176864,1,0.37100915293210446
176865,176865,1,0.652672849198128
176866,176866,1,0.6923815503079389
176867,176867,1,0.6920831537442953
176868,176868,1,0.5679038965795462
176869,176869,1,0.567211084365264
177008,177008,2,0.5027327953394353
177009,177009,2,0.5398087731233189
177205,177205,1,0.5190746962751707
177206,177206,2,0.42839681612212466
177590,177590,2,0.48220295961065496
177591,177591,2,0.47766342526271527
177592,177592,2,0.4740335497866696
177593,177593,2,0.4759549268337213
177594,177594,2,0.45954862499848675
177595,177595,2,0.4613366723746398
177657,177657,2,0.2552543578938852
177658,177658,2,0.24699281825592706
177659,177659,2,0.24834334696286653
177660,177660,2,0.253373572689558
177661,177661,2,0.2556361567985863
177662,177662,2,0.25927310297112754
177663,177663,2,0.2546838832933293
177664,177664,2,0.26239755093950684
177665,177665,2,0.3897423732306682
177667,177667,1,0.6976811295093526
177668,177668,1,0.704845336530542
177789,177789,1,0.8292439948509277
177790,177790,1,0.8295452192716618
177791,177791,1,0.8240773328846023
177792,177792,1,0.8047264472936488
177793,177793,1,0.6812301404431317
177794,177794,1,0.5369459187354801
177795,177795,1,0.4985543374107067
177796,177796,1,0.49636151724492455
177983,177983,1,0.5242173033508356
178425,178425,1,0.3824063915151058
178426,178426,1,0.3836089022077017
178888,178888,2,0.23500602238053114
178889,178889,2,0.23221165736721586
179079,179079,2,0.7777272980827444
179080,179080,2,0.8395043674933537
179087,179087,2,0.48265304024485084
179088,179088,2,0.4826873371426229
179096,179096,1,0.47660690644746345
179097,179097,1,0.4546214113963793
179564,179564,2,0.3178716689274848
179627,179627,2,0.2344207449807114
179642,179642,1,0.5479638456737987
179643,179643,1,0.5091762236104724
179659,179659,1,0.44694439733212254
179660,179660,1,0.44086432632615463
179874,179874,1,0.6360131667563518
179875,179875,1,0.6582102021791068
180204,180204,2,0.2863185830176481
180205,180205,2,0.26359028576415316
180206,180206,2,0.24096011841980583
180207,180207,2,0.2640965248212815
180208,180208,2,0.31546372449207444
180209,180209,2,0.6859369315115476
180242,180242,2,0.35162034435523243
180243,180243,2,0.35648228159234047
180504,180504,2,0.3385237914734857
180816,180816,2,0.2692457979022458
180817,180817,2,0.2707031854625632
180829,180829,2,0.28329509754499654
180830,180830,2,0.2717980462364132
180831,180831,2,0.3657019172175163
180871,180871,1,0.7404000032746059
180872,180872,1,0.774339807600487
180873,180873,1,0.7782804193263448
180874,180874,1,0.41830391347481355
180899,180899,1,0.44307793196842354
180900,180900,1,0.45319417473807977
180901,180901,1,0.4556991822687327
180902,180902,1,0.48109460517713565
180913,180913,1,0.40426192514669096
180914,180914,1,0.3934342070019647
180915,180915,1,0.37307033427962394
180916,180916,1,0.3719378458718356
180917,180917,1,0.37319482067194015
180918,180918,1,0.37037639332888517
181212,181212,1,0.31503785914007654
181213,181213,1,0.31776956492213154
181214,181214,1,0.31106361026011353
181215,181215,1,0.31843890184925433
181216,181216,1,0.32629856425548137
181277,181277,1,0.3895708651596598
181278,181278,1,0.7220471466856166
181279,181279,1,0.7171266960202135
181280,181280,1,0.7151630646287582
181281,181281,1,0.7125300280035737
181282,181282,1,0.7848752083542552
181458,181458,2,0.1759368155581656
181459,181459,1,0.4469996166053937
181460,181460,1,0.39745595115545496
181461,181461,1,0.44951960776343064
181462,181462,1,0.48239176144682083
181463,181463,1,0.4811871557823354
181464,181464,1,0.4253580633959965
181465,181465,1,0.44347789283388267
181488,181488,1,0.3778469275139932
181489,181489,1,0.37442413074035136
181810,181810,2,0.3290529063134287
181852,181852,2,0.1976646795558692
181853,181853,2,0.5486012110643987
181854,181854,2,0.5507060144050905
182296,182296,2,0.3209016408478925
182297,182297,2,0.32112268364626656
182298,182298,2,0.3213270750027673
182299,182299,2,0.3242921042117254
182300,182300,2,0.33149131972187557
182301,182301,2,0.33519149966153167
182302,182302,2,0.30585192917832876
182303,182303,2,0.31428600917650357
182304,182304,2,0.31076565110266
182331,182331,2,0.30362517150295515
182332,182332,2,0.30279725473366703
182370,182370,1,0.48523327973048286
182371,182371,1,0.4852907075249251
182372,182372,1,0.48531702989256864
182373,182373,1,0.49625459098361463
182374,182374,1,0.5304741669733329
182375,182375,1,0.5289870188651213
182376,182376,1,0.529008876319117
182377,182377,1,0.5290487351656615
182592,182592,2,0.674654493285291
182596,182596,1,0.3781149185761305
182597,182597,1,0.378138230704476
182868,182868,1,1.241088685908941
182918,182918,1,0.4945326828099826
182924,182924,2,0.3956607737752257
182925,182925,2,0.38728283871241437
183386,183386,2,0.6252610686423483
183403,183403,2,0.21433869368610403
183519,183519,2,0.3480664281523983
183542,183542,2,0.22845301315227898
183543,183543,2,0.22227816383080745
183544,183544,2,0.23914329875761894
183545,183545,2,0.2775899073843382
183546,183546,2,0.30121405563438225
183547,183547,2,0.3519898860514098
183589,183589,2,0.1714818244196827
183590,183590,2,0.17080604087369952
183597,183597,1,0.40059211642893333
183598,183598,1,0.40061949468560604
183599,183599,1,0.4005721987642439
183600,183600,1,0.4005519681803076
183601,183601,1,0.3977997049628477
183879,183879,1,0.6310738067056397
183880,183880,1,0.3657879596275877
183966,183966,2,0.18517932075892155
183967,183967,2,0.19495020578187458
183968,183968,2,0.18400324453738906
184110,184110,1,0.40120408868374197
184334,184334,2,0.4352197340319962
184335,184335,2,0.3870144781406907
184336,184336,2,0.4127679126380538
184337,184337,2,0.38883904553438536
184338,184338,2,0.38760052422307806
184339,184339,2,0.38944150186582377
184699,184699,1,0.5785504873469262
184700,184700,1,0.5253963216246929
184701,184701,1,0.560454312371337
184735,184735,2,0.41848472705042367
184736,184736,2,0.371877443384781
184859,184859,1,0.49897590402829817
185078,185078,2,0.2784219864809037
185079,185079,2,0.27394762123982436
185080,185080,2,0.27739885479589843
185081,185081,2,0.355059288873555
185082,185082,2,0.3620338966523463
185083,185083,2,0.35619810500943644
185084,185084,2,0.3538414428365664
185085,185085,2,0.35438856270355523
185086,185086,2,0.2735833647696642
185090,185090,1,0.5096615964503274
185101,185101,2,0.7182719821041569
185102,185102,1,0.4947786733866419
185103,185103,1,0.49900721400757486
185104,185104,1,0.5311747379551673
185105,185105,1,0.4696794303016454
185106,185106,1,0.49179727846861687
185107,185107,1,0.45810116216328034
185108,185108,1,0.46722150204974616
185703,185703,2,0.1846313942773803
185704,185704,2,0.18316683001415995
185738,185738,2,0.30949815423485444
185739,185739,2,0.22585901059717653
185981,185981,1,0.9017377544933901
185982,185982,1,0.8500754795976089
185983,185983,1,0.8137139730826206
185985,185985,1,0.41267195167693493
185986,185986,2,0.8799194303904979
186297,186297,1,0.3740414562643307
186298,186298,1,0.37403740918629996
186299,186299,1,0.37402201477129865
186300,186300,1,0.37386732402833367
186303,186303,1,0.3974630181900274
186304,186304,1,0.3974060852553951
186305,186305,1,0.39731368125215033
186306,186306,1,0.394019832272028
186443,186443,1,0.5188029804940762
186444,186444,1,0.49641277775173726
186453,186453,2,0.8837125028076622
186454,186454,2,0.8902555891259186
186455,186455,2,0.8899938516126018
187033,187033,1,0.6304031199558937
187036,187036,1,0.6208177236104505
187037,187037,1,0.6207800327653625
187210,187210,2,0.6443667116506668
187211,187211,2,0.4176391980239835
187212,187212,1,0.8224295372866754
187528,187528,1,0.4580046809559621
187529,187529,1,0.45970071753336506
187530,187530,1,0.457657565729409
187565,187565,1,0.40678075353139936
187566,187566,1,0.4068481418540366
187567,187567,1,0.40482823881521013
187568,187568,1,0.40492406607011544
187569,187569,1,0.3902818810956943
187570,187570,1,0.39042128916492735
187836,187836,2,0.42428175746748187
187837,187837,2,0.38540646658874483
187838,187838,2,0.7896815434335299
187851,187851,2,0.9513467794362999
187852,187852,2,0.9357048959646934
187853,187853,2,0.8792301111330862
188007,188007,2,0.22498303096991434
188048,188048,1,0.35642579879971714
188049,188049,1,0.35597413801564326
188089,188089,2,0.37166372910674933
188090,188090,2,0.41472495049639807
188097,188097,1,0.49188307852702434
188098,188098,1,0.4936142434200894
188099,188099,1,0.4894042161503615
188100,188100,1,0.48848551370443466
188101,188101,1,0.48860545596043414
188102,188102,1,0.48839850511750343
188103,188103,1,0.4890536190884825
188104,188104,1,0.48906451170986653
188105,188105,1,0.48686949782398037
188106,188106,1,0.48619320085816414
189533,189533,2,0.4389386342818616
189568,189568,2,0.425129127483933
189569,189569,2,0.42662058991072477
189765,189765,1,0.3254591771506992
189766,189766,1,0.3279485374542911
189767,189767,1,0.33444922311876185
189768,189768,1,0.3500371170855584
189769,189769,1,0.3236930682380403
189794,189794,1,0.619854665820438
189795,189795,1,0.38758510907602856
189997,189997,1,0.6671013550881657
189998,189998,1,0.6564160332533538
189999,189999,1,0.6323956178504249
190132,190132,1,0.5217009887257756
190133,190133,1,0.5248326257108576
190134,190134,1,0.5141844867007468
190135,190135,1,0.4173178897122794
190136,190136,1,0.5454567000177981
190137,190137,1,0.5633107496683682
190138,190138,1,0.4769256114723151
190142,190142,1,0.552085072889737
190143,190143,1,0.5124480167906503
190257,190257,2,0.2749614277465818
190313,190313,2,0.4163613338105424
190314,190314,2,0.40668250167814346
190470,190470,2,0.31689517082224633
190490,190490,1,0.5216661189628609
190491,190491,2,0.47369094537477574
190492,190492,2,0.49471336600530463
190493,190493,2,0.4561156716214249
190494,190494,1,0.5189585168252745
190495,190495,1,0.5192946130803958
190496,190496,1,0.5199904791572693
190511,190511,1,0.5562101774172954
190512,190512,1,0.5678278395232528
190513,190513,1,0.5875107627294652
190514,190514,1,0.5965067498972522
190841,190841,2,0.2729646788559162
191158,191158,1,0.46885305353084705
191227,191227,1,0.6190434165258312
191228,191228,1,0.48998852644184193
191229,191229,1,0.49801085253081245
191246,191246,1,0.3839923952488454
191247,191247,1,0.3840139524044995
191248,191248,1,0.38398498308180323
191249,191249,1,0.3839429353776159
191255,191255,1,0.3415255280132009
191256,191256,1,0.34754446217623064
191257,191257,1,0.34752585978549155
191258,191258,1,0.3475113865648323
191259,191259,1,0.34739955492352714
191260,191260,1,0.3652595106246727
191261,191261,1,0.36519171544426476
191262,191262,1,0.3683388532536473
191423,191423,1,0.8481436596066216
191463,191463,1,0.5994979219227321
191464,191464,1,0.5993313394547263
191465,191465,1,0.5996713337730349
191466,191466,1,0.5946588382088084
191467,191467,1,0.5913722871318027
191641,191641,1,0.6073088266720921
191642,191642,1,0.6117640248998426
191859,191859,2,0.5314433135041629
191860,191860,2,0.465589247308135
191861,191861,1,0.5777697158621975
191862,191862,1,0.640829445315089
191863,191863,2,0.652818777911496
191864,191864,2,0.5627922302873327
191865,191865,2,0.4958392263116822
191866,191866,2,0.49165055112112
191867,191867,2,0.49329633396932576
191868,191868,2,0.5041870776207523
191869,191869,2,0.46903184095605227
191870,191870,2,0.49644490814647546
191871,191871,2,0.5253585445625601
192025,192025,2,0.6089642235995038
192026,192026,2,0.4731346592718842
192027,192027,2,0.4754324852522026
192028,192028,2,0.4727933480027791
192029,192029,2,0.4697968908013168
192030,192030,2,0.47074065667293385
192031,192031,2,0.4652337679452594
192091,192091,1,0.4864063273325069
192092,192092,1,0.48667006699655263
192093,192093,1,0.48667675888382417
192094,192094,1,0.48668176147350845
192095,192095,1,0.4866934968174662
192096,192096,1,0.505947341972686
192097,192097,1,0.4866304040702273
192147,192147,1,0.4421506358395059
192148,192148,1,0.4884155115048793
192149,192149,1,0.48236499229973223
192742,192742,2,0.8831985535195919
193269,193269,1,0.4522567916693293
193270,193270,1,0.4428648998065223
193271,193271,1,0.44039511950758803
193480,193480,2,0.3595425947229101
193481,193481,2,0.35507277583097513
193482,193482,2,0.3434306321697622
193493,193493,2,0.20593816497154177
193494,193494,2,0.17818014841240207
193495,193495,2,0.24794149578469482
193496,193496,2,0.3782035757327269
193497,193497,2,0.6160173600425018
193502,193502,1,1.1913829129863105
193503,193503,1,1.187634923996621
193504,193504,1,1.1757930952753324
193547,193547,2,0.2510311453015085
193548,193548,2,0.24922665689710305
193549,193549,2,0.2519678112788897
193550,193550,2,0.2555789227891969
193551,193551,2,0.2587491026034992
193552,193552,2,0.26709255057118675
193735,193735,1,0.8098845033981649
193736,193736,1,0.8066791625287346
193737,193737,1,0.5700198045835455
193738,193738,1,0.5718157150345227
193739,193739,1,0.6034683142734433
193740,193740,1,0.42635181469784555
193741,193741,1,0.6443592456199622
193742,193742,1,0.5991625910211631
193743,193743,1,0.6999100934683553
194418,194418,2,0.24544933171872213
194419,194419,2,0.24268356299246446
194421,194421,2,0.18256636089762096
194422,194422,2,0.1393458575777569
194431,194431,2,0.29254182965833586
194432,194432,2,0.2763994849788798
194433,194433,2,0.2753468464781777
194455,194455,2,0.49167269471633485
194456,194456,2,0.3454667044033459
194463,194463,2,0.39767403142817653
194464,194464,2,0.3955900747605273
194468,194468,2,0.7931306588933148
194470,194470,1,0.4835932956273201
194768,194768,1,0.6194231825260652
195080,195080,1,0.4152057906319703
195081,195081,1,0.5158507531399533
195082,195082,1,0.5203601227907275
195088,195088,2,0.17165967617530434
195089,195089,2,0.19725749024000808
195090,195090,2,0.17654843741312898
195091,195091,2,0.17409366759050465
195205,195205,2,0.2609420478634624
195304,195304,1,0.5333208490935331
195321,195321,2,0.16122377213264713
195322,195322,2,0.1631428489464244
195323,195323,2,0.16930102985681078
195324,195324,2,0.17142606865197302
196093,196093,1,0.8189630830406266
196094,196094,1,0.8089209642765267
196095,196095,1,0.7204816574559472
196481,196481,1,0.3972702528779305
196482,196482,1,0.40646054734304154
196493,196493,1,0.5335284017889411
196614,196614,1,0.3828472495382873
196615,196615,1,0.38068272211149556
196616,196616,1,0.3331521789153484
196617,196617,1,0.2811818390379068
196788,196788,1,0.33997427996176705
197028,197028,2,0.24358002952666247
197029,197029,2,0.2878957745127803
197030,197030,2,0.5992802924885612
197059,197059,1,0.38037780879323274
197060,197060,1,0.3804697346097938
197061,197061,1,0.37746928127752444
197062,197062,1,0.37750101625532273
197063,197063,1,0.3602900627756399
197064,197064,1,0.36021773513366234
197065,197065,1,0.35637969819647985
197066,197066,1,0.3563898425142015
197067,197067,1,0.35638903791685206
197068,197068,1,0.3564616198389455
197069,197069,1,0.3567938569572607
197070,197070,1,0.35674965683125165
197073,197073,1,0.38361070291096316
197074,197074,1,0.383744126023115
197075,197075,1,0.38374046567234904
197076,197076,1,0.38378014482840644
197077,197077,1,0.37077654557571954
197078,197078,1,0.3708003328594676
197079,197079,1,0.37081284134462944
197080,197080,1,0.37091693752890287
197081,197081,1,0.3689869109733974
197363,197363,1,0.37732487508891643
197364,197364,1,0.27887167410019864
197365,197365,1,0.39678373268054046
197372,197372,2,0.4107878041732583
197373,197373,2,0.4356625085589773
197374,197374,2,0.4425746982927629
197375,197375,2,0.43710980792977255
197376,197376,2,0.44682121387923984
197377,197377,2,0.45352482673590633
197378,197378,2,0.4586133761589459
197620,197620,2,0.3761491802468246
197621,197621,2,0.3042147385516188
197622,197622,2,0.2292501842599403
197623,197623,2,0.21056640566636994
197624,197624,2,0.21482892172826026
197625,197625,2,0.21607329865619657
197626,197626,2,0.216781894805022
197878,197878,1,0.5144161950822737
197879,197879,1,0.5011565902085509
198218,198218,1,0.534623838111922
198235,198235,1,0.5042625624521264
198241,198241,1,0.3930285102078026
198242,198242,1,0.4023117843427134
198243,198243,1,0.41308947171805693
198244,198244,1,0.45951455344564063
198245,198245,1,0.485235059519757
198246,198246,1,0.48564284676879793
198247,198247,1,0.5026506624181097
198346,198346,1,0.7761611796462105
198347,198347,1,0.5341520964046621
198348,198348,1,0.5247669045996916
198349,198349,1,0.5240083058175635
198350,198350,1,0.5331245855029094
198351,198351,1,0.5527891839343263
198352,198352,1,0.5765435245672178
198358,198358,2,0.2974233755185637
198359,198359,2,0.3243339171057192
198360,198360,2,0.333792253191749
198361,198361,2,0.2700314781190427
198362,198362,2,0.23240152567068856
198365,198365,2,0.5363624913346644
198585,198585,1,0.8617267923602302
198586,198586,1,0.8169076005327561
198587,198587,1,0.5584437469981456
198733,198733,2,0.2590135694009967
198760,198760,2,0.32204343167483823
198761,198761,2,0.32938683360227083
198762,198762,2,0.3380337522092044
198867,198867,1,0.5254877383394754
199015,199015,2,0.5004038487543313
199264,199264,2,0.27157930339975234
199265,199265,2,0.27632958680753555
199269,199269,2,0.17657733025998887
199270,199270,2,0.17124070150445508
199271,199271,2,0.1677965270306105
199272,199272,2,0.16786362201314342
199273,199273,2,0.16786777906568656
199274,199274,2,0.16838737151466032
199275,199275,2,0.1685266115007386
199285,199285,2,0.1614480393154286
199321,199321,1,0.7326936786897029
199322,199322,1,0.7061543398528154
199323,199323,1,0.44526543811122493
199324,199324,1,0.4489126710570864
199325,199325,1,0.4450225001393756
199326,199326,1,0.44914587184202603
199513,199513,2,0.1921374087896321
199651,199651,1,0.39091410665489096
199652,199652,1,0.39915808641335
199653,199653,1,0.7796482410724657
199654,199654,1,0.8097507817073725
199655,199655,1,0.4132443644403733
199656,199656,1,0.4034487649478251
199657,199657,1,0.39637924746139563
199658,199658,1,0.3961816796750604
199661,199661,2,0.2724201477907906
199662,199662,2,0.237724033338337
199762,199762,2,0.17250264675203758
199763,199763,1,0.5674982484739051
199765,199765,2,0.7740937133485898
199766,199766,2,0.5996071711806622
199767,199767,2,0.5159837991340285
199768,199768,2,0.5048509002708484
199769,199769,2,0.21811603312138572
199770,199770,2,0.2058162323247424
200052,200052,2,0.5629719520041249
200347,200347,1,0.5933022688082888
200348,200348,1,0.5923048022402965
200349,200349,1,0.5922992178404854
200350,200350,1,0.5910298868206805
200351,200351,1,0.588119279229215
200352,200352,1,0.5839869998323521
200353,200353,1,0.5909837262066509
200363,200363,2,0.17393578867435913
200364,200364,2,0.1748439746853305
200365,200365,2,0.1793977597369763
200366,200366,2,0.19161145719301473
200367,200367,2,0.19675267653893827
200368,200368,2,0.20093500526930697
200369,200369,2,0.2081366742270661
200370,200370,2,0.21839568181018237
200371,200371,2,0.22839652892049098
200372,200372,2,0.23684987583627592
200373,200373,2,0.2500138325119756
200374,200374,2,0.26427572306118935
200375,200375,2,0.27017794843333603
200376,200376,2,0.2830177496548928
200559,200559,1,0.5663060800956754
200560,200560,1,0.5925082669498375
200561,200561,1,0.7615869931474889
200562,200562,1,0.7877258376060073
200569,200569,2,0.6319029300798882
200570,200570,2,0.4464791065919088
200724,200724,2,0.40550973988799044
200728,200728,2,0.29919113756193877
200729,200729,2,0.2789517315026784
200738,200738,1,0.42971764910762533
200749,200749,2,0.22795667181581036
200750,200750,2,0.2667848543102033
200751,200751,2,0.4583995224357176
200752,200752,2,0.26458067689733883
200753,200753,2,0.2645644656816487
200755,200755,2,0.20160006671844674
200756,200756,2,0.17255690689244746
200757,200757,2,0.2258021295134314
200785,200785,1,0.35584870054222184
200786,200786,1,0.35255644953539883
200788,200788,1,0.36062328024576146
200789,200789,1,0.3603046282149105
200790,200790,1,0.35395193445208206
201233,201233,2,0.8656348908805767
201234,201234,2,0.8693641175071579
201248,201248,2,0.16073895137261898
201249,201249,2,0.22908880924356803
201271,201271,1,0.5028222074360805
201272,201272,1,0.4798017020563713
201273,201273,1,0.47167915622565165
201274,201274,1,0.4373071180310744
201275,201275,1,0.44390459028598794
201796,201796,1,0.5293579741619516
201797,201797,1,0.5161437140326492
201798,201798,1,0.4640669209642673
201799,201799,1,0.43044978780647236
201822,201822,2,0.2281661598047241
201839,201839,2,0.2272381690470801
201868,201868,2,0.19960000048534354
201884,201884,1,0.5309984834993713
201885,201885,1,0.5329372769551265
201886,201886,1,0.4711499742368393
201897,201897,1,0.34796618070508
201907,201907,1,0.38493407044610906
201908,201908,1,0.384897719876531
201978,201978,1,0.5203467196933939
201979,201979,1,0.5713086286739042
201980,201980,1,0.5329105442359561
201981,201981,1,0.5807245366834948
202016,202016,2,0.4250688334969857
202023,202023,1,0.5493693634686095
202300,202300,1,0.4338207515926814
202301,202301,1,0.44140577895023975
202302,202302,1,0.3685198739611674
202303,202303,1,0.37423335830620214
202304,202304,1,0.361073275587562
202305,202305,1,0.4491813971401316
202306,202306,1,0.4228173848272886
202307,202307,1,0.48464619306744855
202308,202308,1,0.4317555232944226
202309,202309,1,0.44675256250217554
202779,202779,1,0.6132277340986738
202780,202780,1,0.617638873671975
203068,203068,1,0.4323390143834272
203069,203069,1,0.413136423792713
203070,203070,1,0.40553870180489066
203071,203071,1,0.4540451031124438
203115,203115,1,0.31109729924796503
203116,203116,1,0.31484724684076626
203223,203223,2,0.22800397425706187
203224,203224,2,0.23266214711743982
203354,203354,2,0.27895931300925064
203674,203674,1,0.7408982239462012
203675,203675,1,0.7409796673964035
203676,203676,1,0.9317837396862633
203811,203811,2,0.19703338236146073
203812,203812,2,0.2130022469233403
203813,203813,2,0.20039919599601655
203814,203814,1,0.45343023826968454
203815,203815,1,0.778393573367876
203816,203816,1,0.7725237673687405
203817,203817,1,0.7998483008126711
203818,203818,1,0.8031712023627517
203819,203819,1,0.47188257477185613
203820,203820,1,0.4711667484997493
203821,203821,1,0.47535501427414206
203822,203822,1,0.4711212030816815
204050,204050,2,0.39197096265240616
204052,204052,2,0.3921488494774206
204055,204055,2,0.43378161887266564
204056,204056,2,0.4337951794908728
204342,204342,2,0.7036614685107208
204343,204343,2,0.4764215865385681
204344,204344,2,0.4796317325503159
204382,204382,1,0.327039941017456
205080,205080,1,0.6273268940958979
205081,205081,1,0.6271177766919548
205178,205178,1,0.45947350825519995
205179,205179,1,0.45436847372945366
205612,205612,2,0.4281929505577323
205614,205614,2,0.17508925746408566
205615,205615,2,0.21659615476514765
205616,205616,2,0.21986830695972367
205676,205676,1,0.5333248089148165
205782,205782,1,0.34982058213382844
205823,205823,1,0.409093443530895
205824,205824,1,0.4082635991407746
205825,205825,1,0.39136968650004345
205826,205826,1,0.39983485254626877
206140,206140,1,0.5067700210173457
206141,206141,1,0.8924489631946076
206142,206142,1,0.8924580026150188
206329,206329,1,0.539989309086898
206346,206346,1,0.3959104451230257
206347,206347,1,0.41939303667126693
206348,206348,1,0.4197876023170287
206349,206349,1,0.5782924969866524
206350,206350,1,0.5793765194748772
206351,206351,1,0.6801973895173405
206686,206686,1,0.306250701673035
206730,206730,1,0.49749708940540954
206731,206731,1,0.4062384355018388
206818,206818,2,0.389406615384246
206819,206819,2,0.38369318531683466
207285,207285,2,0.2868661280824818
207286,207286,2,0.29029358006712597
207287,207287,2,0.42692439475671534
207288,207288,2,0.6595764721794252
207289,207289,2,0.6338757486061448
207290,207290,2,0.215235060428002
207291,207291,2,0.20527527387910732
207780,207780,2,0.2572089397450525
207781,207781,2,0.2567713355345989
207782,207782,2,0.25090515719964396
207783,207783,2,0.2677289440754715
207784,207784,2,0.26815080945180964
207785,207785,2,0.2683461013463404
207808,207808,1,0.6395940288075909
207809,207809,1,0.6411481803278178
207810,207810,1,0.6493777790438164
207811,207811,1,0.4715854262693095
207812,207812,1,0.4425671385327671
207813,207813,1,0.6260896997191359
207835,207835,1,0.5242851489834699
207836,207836,1,0.5241806324805868
207837,207837,1,0.5241115449750805
207838,207838,1,0.5240475519787338
207839,207839,1,0.5239899927035692
207840,207840,1,0.5239352123090941
208137,208137,2,0.44934475520543
208138,208138,2,0.31544645496306395
208381,208381,1,0.4459274541778551
208530,208530,1,1.2410883312066527
208531,208531,1,1.2410883008732674
208532,208532,1,1.241088394528741
208925,208925,1,0.9687576863932869
208926,208926,1,0.7361267189561318
208927,208927,1,0.7360723653767808
208984,208984,2,0.275513082722252
209000,209000,1,0.5753927524857609
209001,209001,1,0.5732375385413262
209038,209038,1,0.39720526688490987
209340,209340,2,0.7507031781573458
209341,209341,2,0.4001924115070629
209347,209347,2,0.3240741035968266
209348,209348,2,0.3228520996016435
209459,209459,2,0.20428521855360715
209491,209491,2,0.16588305911350357
209552,209552,1,0.3243584362595314
209782,209782,2,0.38729315531638103
209783,209783,2,0.39236525648574677
209807,209807,1,0.5587819670941804
210024,210024,2,0.41569247503549367
210025,210025,2,0.41556679851689904
210026,210026,2,0.41563366090466997
210027,210027,2,0.4155009445261797
210028,210028,2,0.4229908199811007
210147,210147,1,0.5807439805974535
210213,210213,1,0.3063763949607022
210214,210214,1,0.3062270096032636
210215,210215,1,0.30628538713618475
210519,210519,2,0.8430002149010988
210549,210549,2,0.2606894643263077
210550,210550,2,0.17853831649168242
210551,210551,2,0.1785112313328327
210552,210552,1,0.41369727598522293
210640,210640,1,0.3606093179654841
210714,210714,1,0.7862197709746152
210715,210715,1,0.7865004294209513
210716,210716,1,0.33945975578421517
210717,210717,1,0.33949023734167727
210724,210724,2,0.4822772178962323
210726,210726,2,0.9479606377324933
210735,210735,2,0.9435970380094478
210736,210736,2,0.9404177939786788
210737,210737,2,0.47217532418234537
210738,210738,2,0.1904919814366223
210795,210795,1,0.3800202662322287
211022,211022,1,1.241088685908941
211025,211025,2,0.46478489774278137
211026,211026,2,0.43715519407016273
211027,211027,2,0.4267213657653383
211028,211028,2,0.41951247162057154
211119,211119,2,0.2169079731915491
211120,211120,2,0.18849479659301133
211121,211121,2,0.20086715408036074
211122,211122,2,0.26836739105224056
211123,211123,2,0.27724693376361415
211366,211366,2,0.7260314331631721
211822,211822,2,0.35951595051019203
211823,211823,2,0.38905101307348045
211824,211824,2,0.21856074483036572
211825,211825,2,0.22034434868832192
212212,212212,1,0.8029902560103678
212213,212213,1,0.7988627756535784
212214,212214,1,0.7638240280943449
212215,212215,1,0.6111613582457286
212216,212216,1,0.6614086968879078
212217,212217,1,0.6668522325007422
212446,212446,1,0.3983265134188587
212447,212447,1,0.4004222241609802
212448,212448,1,0.414196314898354
212584,212584,1,0.4520760601561408
212585,212585,2,0.26871922086602074
212586,212586,2,0.27021339864669114
213317,213317,1,0.6313203943947852
213318,213318,1,0.49735208965933414
213319,213319,1,0.45288240981636635
213320,213320,1,0.4526983732114773
213322,213322,1,0.47240978126028
213323,213323,1,0.4648819183295949
213324,213324,1,0.4657674013076606
213325,213325,1,0.8012320362571624
213326,213326,1,0.8232482360747436
213327,213327,1,0.8232313815686396
213362,213362,2,0.4987923263128444
213422,213422,1,0.3412308947124798
213423,213423,1,0.3362935507707979
213424,213424,1,0.32821661323091905
213425,213425,1,0.3258367023753077
213426,213426,1,0.3288521357789031
213655,213655,2,0.196520505089024
213656,213656,2,0.1707518046877908
213746,213746,1,0.5368080581146076
213906,213906,1,0.9753307707958374
214101,214101,2,0.25404952982218754
214498,214498,2,0.21503024464542456
214555,214555,1,0.3754060668719142
214556,214556,1,0.3815012569262219
214661,214661,2,0.41817617954390734
214662,214662,2,0.4654402383529164
214667,214667,1,0.38826399135185563
214756,214756,1,0.45126479031005046
214757,214757,1,0.4613027357677972
214758,214758,1,0.43389358541836937
214759,214759,1,0.43387483605887284
214760,214760,1,0.4356282708826304
214883,214883,2,0.2577102882083781
214884,214884,2,0.25797196474463024
214885,214885,2,0.2575067955502729
214888,214888,2,0.5793877243546525
215134,215134,1,0.5347924588393076
215199,215199,2,0.1621419200078675
215231,215231,1,0.8789326061481975
215232,215232,1,0.8789922230332553
215723,215723,1,0.4630721645864125
215829,215829,1,1.241088685908941
215830,215830,1,1.2410879530841867
215928,215928,1,0.4415569030519965
216450,216450,1,0.7718907879233944
216451,216451,1,0.8005320539163344
216452,216452,1,0.7937464795543594
216482,216482,1,0.4806221657425665
216483,216483,1,0.5364548444982169
216484,216484,1,0.46631740720469267
216485,216485,1,0.43940774197942234
216486,216486,1,0.4595361526155492
216487,216487,1,0.46333752578255055
216488,216488,1,0.4449031920995885
216549,216549,2,0.36972894452454785
216644,216644,2,0.3272121801850282
216703,216703,1,0.6136469590738296
216704,216704,1,0.6225854103751062
216705,216705,1,0.6226525068993773
216706,216706,1,0.6227310380708471
216707,216707,1,0.6230261834988784
216708,216708,1,0.6230939131792309
216709,216709,1,0.6232513500515804
216710,216710,1,0.6324804699329116
216711,216711,1,0.6326481970696679
216752,216752,1,0.6132191684689897
216753,216753,1,0.6131115189740677
217154,217154,1,0.37257776477452575
217181,217181,1,0.5330868880872558
217249,217249,1,0.45730367953560824
217250,217250,1,0.4745742291295412
217251,217251,1,0.46886374719137874
217252,217252,1,0.4462782283629556
217253,217253,1,0.48053735040953816
217254,217254,1,0.5396135057927745
217295,217295,1,0.5234132149078081
217296,217296,1,0.544912133882402
217297,217297,1,0.544808550466303
217577,217577,2,0.21800120015783023
217582,217582,1,1.5867400633840754
217585,217585,1,1.3601663493680456
217586,217586,1,1.5577252645127562
217587,217587,1,1.5568888875588405
217588,217588,1,1.5867402860309998
217589,217589,1,1.586739545384748
217590,217590,1,1.5867402860309998
217591,217591,1,1.4248688743426308
217592,217592,1,1.362303534199305
217593,217593,1,1.3347459505908863
217594,217594,1,1.3589753866276448
217595,217595,1,1.5544168038289228
217630,217630,1,0.5333076641443418
217631,217631,1,0.5375284837772606
217632,217632,2,0.4686420703420999
217633,217633,2,0.5221246432803086
217634,217634,2,0.6287211368161408
217635,217635,2,0.6310727069651276
217636,217636,2,0.5060955193040056
217637,217637,2,0.43746999604901854
217638,217638,2,0.5213013601039308
217639,217639,2,0.5222682609251362
217640,217640,2,0.5181303758372242
217641,217641,2,0.7481558188325161
217642,217642,2,0.4575415977973898
217643,217643,2,0.5193306664182967
217644,217644,1,0.8839854337475329
217645,217645,1,0.8616875962055447
217646,217646,1,0.8791261748875641
217647,217647,1,0.880427292996858
217648,217648,1,0.8812755390959628
217649,217649,1,0.886620407893796
217650,217650,1,0.8840275401518766
217651,217651,1,0.8621294525597205
217656,217656,1,0.4344306677592471
217657,217657,1,0.5139531670470324
217658,217658,1,0.6666057237337342
217659,217659,1,0.6879067637317398
217660,217660,1,0.3596722147873564
217661,217661,1,0.4708523513157392
217761,217761,1,0.5784555119150774
217787,217787,1,1.5867397144401454
217809,217809,1,0.6061218359102923
217810,217810,1,0.5845582503863793
217811,217811,1,0.623256074870507
217812,217812,1,0.6181174357158183
217813,217813,1,0.5902380228540753
217814,217814,1,0.4975994274052519
217815,217815,1,0.4634513859118104
217816,217816,1,0.49844760402798294
217817,217817,1,0.43976157129762145
217847,217847,2,0.19883743348103367
217848,217848,2,0.20554087859384435
217859,217859,1,0.43482307738460785
