Per_extent,N_PFlossR_2kiw,N_PFlossR_2ktw,N_PFlossR_2kmw,PFResident_lossR,PFDaynight_lossR,PFPRM_lossR,PFAB2k_NOR,PFAB5k_NOR,PFABC_NOR
0,-0.833333333333333,-0.716794252457981,-0.582655826558266,0.0,-1.0,-1.0,1.0,1.0,0.255599579199857
1,1.0,1.0,1.0,-1.0,-1.0,-1.0,1.0,1.0,0.255974313968601
1,1.0,1.0,1.0,-1.0,-1.0,-1.0,1.0,1.0,0.255134391256299
0,-1.0,-0.486218832341312,-0.621287128712871,-0.425587467362924,0.0,0.0,1.0,1.0,0.258482933978164
0,-1.0,-0.486218832341312,-0.617866004962779,-0.425587467362924,0.0,0.0,0.997309579130205,0.99866803433983,0.258975749450925
0,-1.0,-0.486218832341312,-0.605839416058394,-0.425587467362924,0.0,0.0,0.995769933777303,0.997906644822111,0.258909868217093
0,-1.0,-0.476350517130379,-0.600961538461538,-0.20844327176781,0.0,0.0,0.99187510138432,0.995990722422503,0.258857475068589
0,-1.0,-0.438156338973604,-0.567567567567568,-0.205194805194805,0.0,0.0,0.982501997219081,0.991428286921121,0.258674765647939
0,-1.0,-0.442587944125367,-0.546610169491525,-0.285714285714286,0.0,0.0,0.958091467669595,0.979497130706098,0.26455291676158
0,-1.0,-0.434963795576291,-0.526639344262295,-0.285714285714286,0.0,0.0,0.951819099777677,0.976451850489939,0.266086383323182
0,-1.0,-0.445917319058196,-0.550537634408602,-0.642795513373598,0.0,0.0,0.772183612157973,0.854459632931461,0.527521112263055
0,-1.0,-0.434963795576291,-0.513888888888889,-0.435967302452316,0.0,0.0,0.741936596029873,0.845484746768973,0.477870875636562
0,-1.0,-0.282405294627679,-0.553695955369595,0.0,0.0,0.0,0.285282168213515,0.290047142697472,0.108605871682548
0,-1.0,-0.269637823590557,-0.55316091954023,0.0,0.0,0.0,0.293020082463263,0.291565418559392,0.108551703442003
0,-1.0,-0.269637823590557,-0.554896142433234,0.0,0.0,0.0,0.303865172725108,0.292866619702278,0.110314268686323
0,-1.0,-0.284965704741348,-0.556390977443609,0.0,0.0,0.0,0.323164186850424,0.298443929534926,0.107750339213415
0,-1.0,-0.284965704741348,-0.54375,0.0,0.0,0.0,0.329027781214954,0.299843288245226,0.107472980230761
0,-1.0,-0.284965704741348,-0.530645161290323,0.0,0.0,0.0,0.338691091320453,0.30138913934374,0.109091668722047
0,-1.0,-0.284965704741348,-0.523411371237458,0.0,0.0,0.0,0.345970472284702,0.30243527918714,0.110637112456567
0,-1.0,-0.276696078015419,-0.512820512820513,0.0,0.0,0.0,0.350350926162271,0.303168360948663,0.111641450258033
0,-1.0,-0.285281209279445,-0.5,0.0,0.0,0.0,0.355134152608515,0.30461239134473,0.112114531762654
0,-1.0,-0.333312806304928,-0.492932862190813,0.0,0.0,0.0,0.382983424279518,0.307801697738952,0.125098041830205
0,-1.0,-0.361690803081575,-0.486535008976661,0.0,0.0,0.0,0.387746962208576,0.308797115803791,0.127638744572863
0,-1.0,-0.348272877797924,-0.481617647058824,0.0,0.0,0.0,0.0196084903596451,0.0515766941180712,0.158247888666398
0,-1.0,-0.358089967102177,-0.480300187617261,0.0,0.0,0.0,0.023815506531423,0.0553419254912078,0.1580259498787
0,-1.0,-0.33056928327851,-0.48,0.0,0.0,0.0,0.0261220019934228,0.0577074013918304,0.157886350925415
0,0.0,-0.399638646476849,-0.469827586206897,0.0,-0.272926062593959,0.0,0.755292751438309,0.888366293778307,0.428096681726643
0,0.0,-0.406064562236747,-0.467248908296943,0.0,-0.272926062593959,0.0,0.755605148788184,0.888723664556648,0.426678506904946
0,0.0,-0.422143877429478,-0.449074074074074,0.0,-0.345621322256836,0.0,0.758690923814737,0.893510254364567,0.397634664915736
0,-1.0,-0.393618826311989,-0.441176470588235,0.0,-0.345621322256836,0.0,0.754315100585312,0.892562901311227,0.398585286147823
0,-1.0,-0.393618826311989,-0.43,0.0,-0.345621322256836,0.0,0.754712061478808,0.892919438179061,0.39734987092186
0,0.0,-0.481820748288542,-0.653005464480874,0.0,0.0,0.0,0.837696683449691,0.902008512017423,0.0884459290834247
0,0.0,-0.452897689774557,-0.637142857142857,0.0,0.0,0.0,0.835001992536729,0.894000371478285,0.0861963762774596
0,0.0,-0.443153622638976,-0.631123919308357,0.0,0.0,0.0,0.833853260044438,0.889069974847468,0.0840105042443519
0,0.0,-0.443153622638976,-0.624633431085044,0.0,0.0,0.0,0.832995231144897,0.884314504097985,0.0815194008875436
0,0.0,-0.411596675093908,-0.614457831325301,0.0,0.0,0.0,0.83147231906515,0.878467394434072,0.0791445411451641
0,0.0,-0.365480653192261,-0.560606060606061,0.0,0.0,0.0,0.829201479325638,0.872153462750915,0.076951275343223
0,0.0,-0.365480653192261,-0.55045871559633,0.0,0.0,0.0,0.825601095715997,0.865615611444689,0.0755568371009561
0,0.0,-0.332977568020636,-0.513846153846154,0.0,0.0,0.0,0.823320624898037,0.860840766297122,0.0739407323208546
0,0.0,-0.324172094611177,-0.48125,0.0,0.0,0.0,0.820260662187964,0.855407607692323,0.0724964180632627
0,0.0,-0.275568208735272,-0.451923076923077,0.0,0.0,0.0,0.816982360344533,0.850156776189953,0.0710980120670784
0,0.0,-0.24060841043835,-0.357859531772575,0.0,0.0,0.0,0.812960178860386,0.844738545004595,0.069764377849201
0,0.0,-0.250126056157008,-0.371621621621622,0.0,0.0,0.0,0.807815321000386,0.839173940061859,0.068887748383904
0,0.0,-0.250126056157008,-0.378006872852234,0.0,0.0,0.0,0.803623684044753,0.834796189263812,0.0675696725670846
0,0.0,-0.24060841043835,-0.331058020477816,0.0,0.0,0.0,0.797353134107359,0.828957688566404,0.0667802608385079
0,0.0,-0.24060841043835,-0.293103448275862,0.0,0.0,0.0,0.791792779415452,0.824195766423026,0.0649708759585319
0,0.0,-0.235324832440214,-0.274914089347079,0.0,0.0,0.0,0.781275790181173,0.81582241920602,0.0644686688764695
0,0.0,-0.16479855886673,-0.26530612244898,0.0,0.0,0.0,0.774921955466382,0.81111277075446,0.063451422808409
0,0.0,-0.16479855886673,-0.240549828178694,0.0,0.0,0.0,0.766699093223079,0.805269770573944,0.0628061835199395
0,0.0,-0.136258901199076,-0.222222222222222,0.0,0.0,0.0,0.759627819373428,0.800505569599229,0.0624602630474573
0,-1.0,-0.264693443341866,-0.540880503144654,0.0,0.0,0.0,0.387409199706002,0.42290529084422,0.249338301025749
0,-1.0,-0.279847950716216,-0.543035993740219,0.0,0.0,0.0,0.388084866273758,0.422031010837287,0.251012986976183
0,-1.0,-0.279847950716216,-0.542319749216301,0.0,0.0,0.0,0.379876962575629,0.398249472668757,0.274276491951027
0,-1.0,-0.279847950716216,-0.532154340836013,0.0,0.0,0.0,0.381612440906821,0.39872305410201,0.274996552842877
0,-1.0,-0.279847950716216,-0.518581081081081,0.0,0.0,0.0,0.38391106622158,0.39960259230308,0.275579397821771
0,-1.0,-0.0964802819540717,-0.0597014925373134,0.0,-0.33872502378687,0.0,0.0719605804897056,0.494586733307883,0.076509464862614
0,-1.0,-0.0831754356040347,-0.0471204188481675,0.0,-0.34529582929195,0.0,0.0724684067134839,0.493536552431191,0.0770672207752512
0,-1.0,-0.0831754356040347,-0.0453333333333333,0.0,-0.34529582929195,0.0,0.079856654885778,0.499963691552842,0.0756860758106246
0,-1.0,-0.0831754356040347,-0.0416666666666667,0.0,-0.34529582929195,0.0,0.0874265352555102,0.50572343673117,0.0745331167484179
0,-1.0,-0.0831754356040347,-0.0453333333333333,0.0,-0.34529582929195,0.0,0.118648857204631,0.53075679632259,0.0682748236752144
0,-1.0,-0.0964802819540717,-0.0598503740648379,0.0,-0.33872502378687,0.0,0.116683173131567,0.526963292649265,0.0681925943580645
0,-1.0,-0.0862771354987553,-0.0554272517321016,0.0,-0.33872502378687,0.0,0.107428115569434,0.512284829824342,0.0692045399224758
0,-1.0,-0.0746124833483029,-0.0352112676056338,0.0,-0.33872502378687,0.0,0.106317088519366,0.507302847475742,0.0685692776494063
0,0.0,-0.545949392024192,0.0,0.0,0.0,0.0,0.595013004937668,0.844798463310398,0.0003559107139064
0,0.0,-0.545949392024192,0.0,0.0,0.0,0.0,0.750712882391505,0.91797798229817,0.0005693843691967
0,0.0,-0.545949392024192,0.0,0.0,0.0,0.0,0.795424006001368,0.935319029222061,0.0006903573882741
0,0.0,-0.545949392024192,0.0,0.0,0.0,0.0,0.836314308607505,0.950021243700135,0.0009302658594226
0,0.0,-0.545949392024192,0.0,0.0,0.0,0.0,0.848130431040966,0.954055284603645,0.0010565662631605
0,0.0,-0.545949392024192,0.0,0.0,0.0,0.0,0.857292538206927,0.957132469628674,0.0011858403429294
0,0.0,-0.545949392024192,0.0,0.0,0.0,0.0,0.864763519244489,0.959591377245975,0.0013179124938868
0,0.0,-0.545949392024192,0.0,0.0,0.0,0.0,0.871059276350029,0.961643200021342,0.0014524668543835
0,0.0,-0.545949392024192,0.0,0.0,0.0,0.0,0.876492829212237,0.963388656238347,0.0015899635281861
0,0.0,-0.545949392024192,0.0,0.0,0.0,0.0,0.881273958407566,0.964891526693924,0.0017305745404191
0,0.0,-0.545949392024192,0.0,0.0,0.0,0.0,0.885471860944383,0.96620236048341,0.0018738584100885
0,0.0,-0.545949392024192,0.0,0.0,0.0,0.0,0.888766889493076,0.967212140642249,0.0020209541507465
0,0.0,-0.545949392024192,0.0,0.0,0.0,0.0,0.891761347145945,0.968136674743528,0.0021315197159556
0,0.0,-0.545949392024192,0.0,0.0,0.0,0.0,0.894811549584064,0.969063650387233,0.0022802538766694
0,0.0,-0.545949392024192,0.0,0.0,0.0,0.0,0.903844478023725,0.971834103694278,0.0024179911592227
0,0.0,-0.545949392024192,0.0,0.0,0.0,0.0,0.907699728961693,0.973004702635841,0.0025598210177046
0,0.0,-0.545949392024192,0.0,0.0,0.0,0.0,0.910949998992123,0.973985212240584,0.0026993009452607
0,0.0,-0.545949392024192,0.0,0.0,0.0,0.0,0.913754050540159,0.974824009977939,0.0028355505704761
0,0.0,-0.545949392024192,0.0,0.0,0.0,0.0,0.916137963037551,0.97553136414052,0.002969578401942
0,0.0,-0.545949392024192,0.0,0.0,0.0,0.0,0.918252852460162,0.97615850618367,0.0030987870878678
0,0.0,-0.545949392024192,0.0,0.0,0.0,0.0,0.920335215063623,0.976768619276341,0.003227697662717
0,0.0,-0.545949392024192,0.0,0.0,0.0,0.0,0.922327786113109,0.977350228420226,0.0033640877183383
0,0.0,-0.545949392024192,0.0,0.0,0.0,0.0,0.924181877060608,0.977885085594419,0.003508028624629
0,0.0,-0.545949392024192,0.0,0.0,0.0,0.0,0.925950570550164,0.978386191919338,0.0036539253568102
0,0.0,-0.604397645065869,0.0,0.0,0.0,0.0,0.936238883689422,0.981497389910735,0.0037697366882978
0,0.0,-0.604397645065869,0.0,0.0,0.0,0.0,0.934874938082167,0.980745895363716,0.0050688237599033
0,0.0,-0.604397645065869,0.0,0.0,0.0,0.0,0.935266655773265,0.980835979226422,0.005194031803524
0,0.0,-0.604397645065869,0.0,0.0,0.0,0.0,0.935512570760465,0.980876693495127,0.0053345329643417
0,0.0,-0.604397645065869,0.0,0.0,0.0,0.0,0.935797722254189,0.980935925038248,0.0054601565920837
0,0.0,-0.604397645065869,0.0,0.0,0.0,0.0,0.935932299003987,0.980943470154613,0.0056103445624172
0,0.0,-0.604397645065869,0.0,0.0,0.0,0.0,0.936120911976459,0.98096589901806,0.0057471991307601
0,0.0,-0.604397645065869,0.0,0.0,0.0,0.0,0.936311936568004,0.980990880016277,0.0058810246054067
0,0.0,-0.604397645065869,0.0,0.0,0.0,0.0,0.936592836516562,0.981046503166102,0.006011492349753
0,0.0,-0.604397645065869,0.0,0.0,0.0,0.0,0.936833637674696,0.98108507011157,0.006164680350772
0,0.0,-0.604397645065869,0.0,0.0,0.0,0.0,0.937074739444282,0.981125963353347,0.0063189323883129
0,0.0,-0.604397645065869,0.0,0.0,0.0,0.0,0.937276912736043,0.981156659998998,0.00647284401745
0,0.0,-0.604397645065869,0.0,0.0,0.0,0.0,0.937422577263186,0.981172243381243,0.0066146900647553
0,0.0,-0.604397645065869,0.0,0.0,0.0,0.0,0.997528652593568,0.999283212170311,0.0064178337515842
0,0.0,-0.604397645065869,0.0,0.0,0.0,0.0,1.0,1.0,0.0065740814491516
1,0.0,1.0,1.0,0.0,0.0,0.0,1.0,1.0,0.0066902992550855
0,0.0,-0.666937411432173,-0.985294117647059,0.0,0.0,0.0,0.955026890836718,0.995074724693435,0.156726407879635
0,0.0,-0.666937411432173,-0.985294117647059,0.0,0.0,0.0,0.979765042930188,0.997832084940641,0.154833577508665
0,0.0,-0.666937411432173,-0.985294117647059,0.0,0.0,0.0,0.981912312886539,0.998064575551621,0.154664374139311
0,0.0,-0.666937411432173,-0.985294117647059,0.0,0.0,0.0,0.986132200750775,0.998522464768398,0.154255289523681
0,0.0,-0.666937411432173,-0.985714285714286,0.0,0.0,0.0,0.992834426952649,0.999238775740656,0.153647977736971
0,0.0,-0.666937411432173,-0.985915492957746,0.0,0.0,0.0,1.0,1.0,0.153088399272612
1,0.0,1.0,1.0,0.0,0.0,0.0,1.0,1.0,0.152351375202615
1,0.0,1.0,1.0,0.0,0.0,0.0,1.0,1.0,0.151047235634854
1,0.0,1.0,1.0,0.0,0.0,0.0,1.0,1.0,0.151006235530338
0,0.0,-0.406064562236747,-0.529880478087649,0.0,-0.376389918458117,-0.0655021834061135,0.980906167058127,0.988323586775064,0.226918237506925
0,0.0,-0.399638646476849,-0.51394422310757,0.0,-0.289378350963628,0.0,0.976470195721338,0.985861655276058,0.226168677689428
0,0.0,-0.399638646476849,-0.51004016064257,0.0,-0.289378350963628,0.0,0.969209642646002,0.981779715310502,0.226975194420436
0,0.0,-0.399638646476849,-0.504032258064516,0.0,-0.289378350963628,0.0,0.966599408462891,0.980296498235675,0.226804840431334
0,0.0,-0.399638646476849,-0.493877551020408,0.0,-0.272926062593959,0.0,0.963376510898887,0.978450806136238,0.226786463891685
0,0.0,-0.287419607056337,-0.338624338624339,0.0,-0.268666756356787,0.0,0.826401058202922,0.938096537299085,0.0705571886872261
0,0.0,-0.287419607056337,-0.342105263157895,0.0,-0.268666756356787,0.0,0.829772043895745,0.940197104374187,0.0708740776832183
0,0.0,-0.347000219057485,-0.380710659898477,0.0,-0.268666756356787,0.0,0.833678804963656,0.942661868758998,0.0711581777654926
0,0.0,-0.347000219057485,-0.386934673366834,0.0,-0.268666756356787,0.0,0.837293628218088,0.944906885178962,0.0715479085953176
0,0.0,-0.347000219057485,-0.413461538461538,0.0,-0.272926062593959,0.0,0.840554980064881,0.946906608249727,0.0719712695094988
0,0.0,-0.347000219057485,-0.424528301886792,0.0,-0.272926062593959,0.0,0.89058392008914,0.922195352253236,0.157533024404015
0,0.0,-0.377232168130985,-0.432558139534884,0.0,-0.289378350963628,0.0,0.888665911925639,0.921127518772946,0.159488477678427
0,0.0,-0.399638646476849,-0.440366972477064,0.0,-0.289378350963628,0.0,0.888549086667369,0.921141886283274,0.159820985029484
0,0.0,-0.399638646476849,-0.456140350877193,0.0,-0.289378350963628,0.0,0.89156134880751,0.924119817913379,0.159398197688064
0,0.0,-0.399638646476849,-0.478991596638655,0.0,-0.289378350963628,0.0,0.960258044812761,0.970912458082575,0.150518265273524
0,0.0,-0.404632219672921,-0.607954545454545,0.0,0.0,0.0,0.915497666817411,0.970004237800188,0.282325944098799
0,0.0,-0.404632219672921,-0.575581395348837,0.0,0.0,0.0,0.908803723095405,0.967300873010789,0.280449443762702
0,0.0,-0.385021516176677,-0.517751479289941,0.0,0.0,0.0,0.900717845578273,0.964024337458878,0.279622588618539
0,0.0,-0.309979558053806,-0.474474474474474,0.0,0.0,0.0,0.893871903879283,0.961380948799445,0.278654302809396
0,0.0,-0.299092898172752,-0.387878787878788,0.0,0.0,0.0,0.886369654389606,0.958615292399912,0.276885476400387
0,0.0,-0.191512530944098,-0.332298136645963,0.0,0.0,0.0,0.874993477990816,0.954440440181559,0.275293491637934
0,0.0,-0.16479855886673,-0.262135922330097,0.0,0.0,0.0,0.860470271933776,0.949193535043803,0.274733831046708
0,0.0,-0.157645594016943,-0.229773462783172,0.0,0.0,0.0,0.847262678647616,0.944392204607047,0.275309413392121
0,0.0,-0.139571163307627,-0.211726384364821,0.0,0.0,0.0,0.716501853384439,0.951816167288136,0.21354041336003
0,0.0,-0.139571163307627,-0.218120805369128,0.0,0.0,0.0,0.708134375237678,0.951445817209038,0.212235685171108
0,0.0,-0.139571163307627,-0.198653198653199,0.0,0.0,0.0,0.698029219377132,0.950157081735611,0.211936370768587
0,0.0,-0.110864561381373,-0.183946488294314,0.0,0.0,0.0,0.69040796759061,0.949408446897054,0.21137098825005
0,-0.81402733383578,-0.122579975760428,-0.215116279069767,0.0,0.0,0.0,0.862378871812171,0.973068412816526,0.213725552380822
0,-0.81402733383578,-0.115010834553937,-0.196428571428571,0.0,0.0,0.0,0.833096330992554,0.968407409267636,0.211322627863245
0,-1.0,-0.373692076772068,-0.564920273348519,0.0,0.0,0.0,0.59472150407419,0.571804526668901,0.0136114234930651
0,-1.0,-0.373692076772068,-0.563636363636364,0.0,0.0,0.0,0.596647024508708,0.580461598841131,0.0130002502504236
0,-1.0,-0.373692076772068,-0.561085972850679,0.0,0.0,0.0,0.59487957029268,0.582672852016041,0.0127792969067877
0,-1.0,-0.373692076772068,-0.55829596412556,0.0,0.0,0.0,0.592441733741412,0.59527916555386,0.0121938545813714
0,-1.0,-0.373692076772068,-0.555803571428571,0.0,0.0,0.0,0.585350424678175,0.600743576761072,0.0116892343982492
0,-1.0,-0.373692076772068,-0.549450549450549,0.0,0.0,0.0,0.576642050357895,0.590037382921619,0.0116560807023699
0,-1.0,-0.358882204740077,-0.547045951859956,0.0,0.0,0.0,0.572465262910936,0.584056867133562,0.0114646468223414
0,-1.0,-0.358882204740077,-0.54585152838428,0.0,0.0,0.0,0.567211183647039,0.572148221360294,0.0111390473310649
0,-1.0,-0.358882204740077,-0.542299349240781,-0.125,0.0,0.0,0.558239697999508,0.550397932969026,0.0106930999242244
0,-1.0,-0.378509845502055,-0.538461538461538,-0.11727078891258,0.0,0.0,0.540356000559919,0.510882302878887,0.0102692635815388
0,-1.0,-0.378509845502055,-0.512345679012346,-0.141025641025641,0.0,0.0,0.494622105931568,0.420897075936108,0.0086875217240026
0,-1.0,-0.378509845502055,-0.501002004008016,-0.152354570637119,0.0,0.0,0.447108604507875,0.318323250015759,0.0098151754943401
0,-1.0,-0.378509845502055,-0.499001996007984,-0.152354570637119,0.0,0.0,0.429923116955068,0.290811150788178,0.0097911706633369
0,-1.0,-0.378509845502055,-0.497017892644135,-0.152354570637119,0.0,0.0,0.411735351978943,0.265042282544418,0.0099491637340847
0,-1.0,-0.358882204740077,-0.496031746031746,0.0,0.0,0.0,0.398144465598996,0.24670730348676,0.0101207485435513
0,-1.0,-0.358882204740077,-0.49604743083004,0.0,0.0,0.0,0.385460777868591,0.229736373654319,0.0102157800011747
0,-1.0,-0.358882204740077,-0.492063492063492,0.0,0.0,0.0,0.374572592275377,0.214790382456913,0.0104257155169005
0,-1.0,-0.358882204740077,-0.492063492063492,0.0,0.0,0.0,0.148088136346322,0.0614616450572136,0.0279126050386227
0,-1.0,-0.358882204740077,-0.488977955911824,0.0,0.0,0.0,0.139871193476826,0.0524993306760459,0.0274605404012581
0,-1.0,-0.358882204740077,-0.488933601609658,0.0,0.0,0.0,0.130782887486305,0.0411536537432413,0.0269980556691079
0,-1.0,-0.358882204740077,-0.490872210953347,0.0,0.0,0.0,0.121188545864978,0.0295956125432125,0.0265485455077549
0,-1.0,-0.358882204740077,-0.491836734693878,0.0,0.0,0.0,0.111101367340311,0.0194981445044417,0.0261142341909965
0,-1.0,-0.352316768077407,-0.495867768595041,0.0,0.0,0.0,0.100309625766073,0.0094007147622141,0.0257065152378226
0,-1.0,-0.352316768077407,-0.501043841336117,0.0,0.0,0.0,0.0892896127526964,0.0003211390449142,0.0253474350061147
0,-1.0,-0.352316768077407,-0.5,0.0,0.0,0.0,0.0753001200076869,0.0123852087369332,0.0248624203427661
0,-1.0,-0.352316768077407,-0.505399568034557,0.0,0.0,0.0,0.0591126480590289,0.0257411141922703,0.0243718616691038
0,-1.0,-0.352316768077407,-0.502145922746781,0.0,0.0,0.0,0.0323262389057881,0.046642012993934,0.0235267202875908
0,0.0,-0.443153622638976,-0.626822157434402,0.0,0.0,0.0,0.968956388812259,0.986420432952088,0.138786809227882
0,0.0,-0.452897689774557,-0.635057471264368,0.0,0.0,0.0,0.974463483637026,0.988803440112596,0.138840419177103
0,0.0,-0.470799878505383,-0.645714285714286,0.0,0.0,0.0,0.981024722901899,0.991697434624572,0.138462207743445
0,0.0,-0.470799878505383,-0.648725212464589,0.0,0.0,0.0,0.987360573866412,0.99446020162964,0.138379883859593
0,0.0,-0.470799878505383,-0.656338028169014,0.0,0.0,0.0,0.993686058723995,0.997220684474878,0.138344890217001
0,0.0,-0.470799878505383,-0.662011173184358,0.0,0.0,0.0,1.0,1.0,0.138330345793842
1,1.0,1.0,1.0,0.0,-1.0,0.0,1.0,1.0,0.138370266873312
1,1.0,1.0,1.0,-1.0,-1.0,0.0,1.0,1.0,0.138449850613979
1,1.0,1.0,1.0,-1.0,-1.0,0.0,1.0,1.0,0.137085626054834
0,-1.0,-0.259932504546456,-0.201550387596899,0.0,-1.0,0.0,1.0,1.0,0.139390288505453
0,-1.0,-0.223763722951403,-0.176165803108808,0.0,-1.0,0.0,0.992263137834963,0.996930210745467,0.136200561229472
0,-1.0,-0.181951315625005,-0.13953488372093,0.0,-0.34529582929195,0.0,0.89500835085078,0.959123588757058,0.141963627721704
0,-1.0,-0.142142964315367,-0.0949868073878628,0.0,-0.34529582929195,0.0,0.874193727906339,0.951174777155816,0.142366212618243
0,-1.0,-0.107078733657308,-0.0835380835380835,0.0,-0.34529582929195,0.0,0.843048830093328,0.938981541959644,0.144120581526932
0,-1.0,-0.105618869887541,-0.0726392251815981,0.0,-0.33872502378687,0.0,0.819151337568962,0.929458666730947,0.145952227173906
0,-1.0,-0.191611966392831,-0.240105540897098,0.0,0.0,0.0,0.0988321196765887,0.004304174546324,0.122496510102281
0,-1.0,-0.209250676437652,-0.25261780104712,-0.0100925147182506,0.0,0.0,0.0894009289525297,0.006440335309597,0.120247551919244
0,-1.0,-0.222114533389338,-0.262011531069827,-0.0023677979479084,0.0,0.0,0.0810906339249827,0.0080329743835594,0.118893317436083
0,-1.0,-0.222114533389338,-0.263356379635449,-0.0098522167487684,-0.194759535655058,-0.195121951219512,0.0686549147238292,0.0111895414724709,0.115557948596351
0,-1.0,-0.216714813460414,-0.231729055258467,-0.0015873015873015,0.0,0.0,0.0548479842834352,0.0162549101584574,0.11310070098594
0,-1.0,-0.180075703041226,-0.212058212058212,0.0,0.0,0.0,0.144580630883855,0.185307973191435,0.061346311487908
0,-0.81402733383578,-0.118674836734254,-0.215116279069767,0.0,0.0,0.0,0.0262876585981262,1.0,0.188253580788747
0,-0.81402733383578,-0.111422093179723,-0.142011834319527,0.0,0.0,0.0,0.0252577579105688,1.0,0.18788348164552
0,-0.345303878319584,-0.0055065693727508,-0.0645819170632223,0.0,-0.121480910142692,0.0,0.838828122577124,0.972240305762674,0.0062671580731627
0,-0.345303878319584,-0.0219948182789657,-0.0705171255876427,0.0,-0.121480910142692,0.0,0.841119039483629,0.97243760155539,0.0087014407619155
0,-0.345303878319584,-0.0569047854242424,-0.0727032385988103,-0.320388349514563,0.0,0.0,0.843436361849024,0.972632715069134,0.0110111575784642
0,0.0,-0.0569047854242424,-0.0828440965427267,-0.113793103448276,0.0,0.0,0.846016416083053,0.972855838410318,0.0141946114989483
0,0.0,-0.0618040207989333,-0.0833872010342599,-0.113793103448276,0.0,0.0,0.847659418326655,0.973000644131467,0.0162986888241556
0,0.0,-0.0618040207989333,-0.0824675324675325,-0.113793103448276,0.0,0.0,0.992028385951292,0.997091092976986,0.106905508858477
0,-0.345303878319584,-0.0897856514671049,-0.0781352593565332,-0.320388349514563,0.0,0.0,0.996276211576177,0.99866067111892,0.107723217432036
0,-0.345303878319584,-0.0897856514671049,-0.085261070720423,-0.339622641509434,-0.261588330632091,0.0,1.0,1.0,0.109323711964237
1,1.0,1.0,1.0,-1.0,-1.0,-1.0,1.0,1.0,0.11009442553127
0,0.0,-0.0275109722810084,-0.0116959064327485,-0.0283018867924528,-0.28116213683224,-0.174917491749175,1.0,1.0,0.113580427493659
0,0.0,-0.470802118845353,-0.9,0.0,0.0,0.0,0.129548667977554,0.650801125557863,0.0632446758094381
0,0.0,-0.470802118845353,-0.833333333333333,0.0,0.0,0.0,0.12706619883752,0.650532401977778,0.0624747984770017
0,0.0,-0.470802118845353,-0.714285714285714,0.0,0.0,0.0,0.124774326309166,0.650274392532235,0.0617960365755958
0,0.0,-0.470802118845353,-0.714285714285714,0.0,0.0,0.0,0.122441637369165,0.650030868430427,0.0610884886153164
0,0.0,-0.470802118845353,-0.714285714285714,0.0,0.0,0.0,0.12116867449189,0.649829159667385,0.060781320240575
0,0.0,-0.470802118845353,-0.714285714285714,0.0,0.0,0.0,0.119507707324604,0.649642532091699,0.0602422128122618
0,0.0,-0.470802118845353,-0.714285714285714,0.0,0.0,0.0,0.11868261657921,0.649477736440079,0.0600692892534221
0,0.0,-0.470802118845353,-0.714285714285714,0.0,0.0,0.0,0.11795000888597,0.64938578085023,0.0598504802669802
0,0.0,-0.470802118845353,-0.714285714285714,0.0,0.0,0.0,0.11668845328846,0.649260799307966,0.0594412398020972
0,0.0,-0.470802118845353,-0.714285714285714,0.0,0.0,0.0,0.115688121403564,0.649113272206422,0.0591746726669747
0,0.0,-0.470802118845353,-0.714285714285714,0.0,0.0,0.0,0.114042606677299,0.648954820445755,0.05861207177713
0,0.0,-0.470802118845353,-0.714285714285714,0.0,0.0,0.0,0.111877315499893,0.648701576838998,0.0579266479219314
0,0.0,-0.390895875604833,-0.714285714285714,0.0,0.0,0.0,0.1022200694827,0.64824673584094,0.0542105231753856
0,0.0,-0.390895875604833,-0.714285714285714,0.0,0.0,0.0,0.0999602576427796,0.647044678446675,0.054357811221291
0,0.0,-0.390895875604833,-0.714285714285714,0.0,0.0,0.0,0.0988258277688242,0.646890483629977,0.0540063957647338
0,0.0,-0.390895875604833,-0.714285714285714,0.0,0.0,0.0,0.097682543795055,0.646697642477585,0.053660344721982
0,0.0,-0.390895875604833,-0.714285714285714,0.0,0.0,0.0,0.0967916599510219,0.646497100312152,0.0534241098216065
0,0.0,-0.390895875604833,-0.714285714285714,0.0,0.0,0.0,0.0815229818422156,0.603502516150564,0.0355380793573877
0,0.0,-0.390895875604833,-0.714285714285714,0.0,0.0,0.0,0.0797833735503307,0.603045136800818,0.0349231486414272
0,0.0,-0.651343387726608,-0.952380952380952,0.0,0.0,0.0,0.627669340526853,0.849063085252949,0.0118564425134331
0,0.0,-0.651343387726608,-0.95,0.0,0.0,0.0,0.630678930814503,0.851996487444575,0.0116048784219483
0,0.0,-0.676790500840623,-0.95,0.0,0.0,0.0,0.633368937981118,0.85486436518121,0.0113642120283459
0,0.0,-0.676790500840623,-0.95,0.0,0.0,0.0,0.636178860097295,0.858280045303636,0.0110841103375523
0,0.0,-0.636916355089522,-0.95,0.0,0.0,0.0,0.638306601721555,0.860209447793896,0.0105777109268606
0,0.0,-0.636916355089522,-0.95,0.0,0.0,0.0,0.634787305903981,0.855800777967977,0.0102183116267182
0,0.0,-0.702000094108624,-0.95,0.0,0.0,0.0,0.634121790892614,0.853446515593685,0.0094427750561092
0,0.0,-0.702000094108624,-0.95,0.0,0.0,0.0,0.625422862883057,0.843270490518012,0.0090052932580776
0,0.0,-0.702000094108624,-0.95,0.0,0.0,0.0,0.616855520285577,0.833479205149798,0.0086783650109124
0,0.0,-0.702000094108624,-0.95,0.0,0.0,0.0,0.60767306587326,0.822795619580178,0.0083018262967802
0,0.0,-0.702000094108624,-0.95,0.0,0.0,0.0,0.595680318850293,0.80854471412334,0.0077714600612087
0,0.0,-0.702000094108624,-0.95,0.0,0.0,0.0,0.468551044888935,0.645779647174888,0.0061069852799305
0,0.0,-0.702000094108624,-0.95,0.0,0.0,0.0,0.448004715540619,0.614472362826134,0.005856508007283
0,0.0,-0.702000094108624,-0.95,0.0,0.0,0.0,0.423440481054402,0.579300251143106,0.0055376864641138
0,0.0,-0.702000094108624,-0.95,0.0,0.0,0.0,0.378523936026396,0.520248316417844,0.0049610157634834
0,0.0,-0.702000094108624,-0.95,0.0,0.0,0.0,0.315439514256357,0.446336064396736,0.0046540409313315
0,0.0,-0.676065158901202,-0.95,0.0,0.0,0.0,0.277495290620059,0.419303368950771,0.0048918863618562
0,0.0,-0.676065158901202,-0.904761904761905,0.0,0.0,0.0,0.262160477376332,0.40929538943463,0.0050132678097523
0,0.0,-0.676065158901202,-0.904761904761905,0.0,0.0,0.0,0.245820090246853,0.394931552730253,0.0050134110365034
0,0.0,-0.645185639894125,-0.904761904761905,0.0,0.0,0.0,0.229337942869406,0.391141475682532,0.0050771124391574
0,0.0,-0.645185639894125,-0.904761904761905,0.0,0.0,0.0,0.215095118599362,0.418816024463023,0.0055032411992969
0,0.0,-0.645185639894125,-0.904761904761905,0.0,0.0,0.0,0.207536314712136,0.44949577935308,0.0061453515340923
0,0.0,-0.604488168416725,-0.904761904761905,0.0,0.0,0.0,0.193882111292813,0.465106724084916,0.0065815063266107
0,0.0,-0.604488168416725,-0.904761904761905,0.0,0.0,0.0,0.193470763258909,0.494021186291354,0.0076373626744685
0,0.0,-0.604488168416725,-0.904761904761905,0.0,0.0,0.0,0.190973760074953,0.50747025216039,0.008310771319314
0,0.0,-0.604488168416725,-0.904761904761905,0.0,0.0,0.0,0.19462786055121,0.521589529713692,0.0091573184410727
0,0.0,-0.604488168416725,-0.904761904761905,0.0,0.0,0.0,0.195208783354183,0.52723213015581,0.0095590272050431
0,0.0,-0.604488168416725,-0.904761904761905,0.0,0.0,0.0,0.195922926434717,0.532480826382314,0.0099671082947084
0,0.0,-0.604488168416725,-0.904761904761905,0.0,0.0,0.0,0.195491724149458,0.536935087951361,0.0103638698292915
0,0.0,-0.604488168416725,-0.904761904761905,0.0,0.0,0.0,0.194108867534945,0.543330974267082,0.0110133542562954
0,0.0,-0.604488168416725,-0.904761904761905,0.0,0.0,0.0,0.203697580299406,0.559812390350529,0.0128988157172446
0,0.0,-0.604488168416725,-0.904761904761905,0.0,0.0,0.0,0.21233159402814,0.570470725014691,0.0146583224994331
0,0.0,-0.524691775069129,-0.904761904761905,0.0,0.0,0.0,0.225302427055419,0.582125133020225,0.017020607937711
0,0.0,-0.524691775069129,-0.904761904761905,0.0,0.0,0.0,0.235749811295638,0.590913362473383,0.0192896694054259
0,0.0,-0.524691775069129,-0.904761904761905,0.0,0.0,0.0,0.242566783884025,0.595850509885553,0.0208794279931274
0,-1.0,-0.284965704741348,-0.556561085972851,0.0,0.0,0.0,0.0462547314112765,0.0763403961191102,0.0034490060354671
0,-1.0,-0.284965704741348,-0.546583850931677,0.0,0.0,0.0,0.170752239030249,0.122627236952711,0.003736651638915
0,-1.0,-0.284965704741348,-0.531400966183575,0.0,0.0,0.0,0.34663917725409,0.210486056164841,0.0038191718144297
0,-1.0,-0.276696078015419,-0.514480408858603,0.0,0.0,0.0,0.510457293874073,0.318885305034423,0.0059205462058245
0,-1.0,-0.285281209279445,-0.50087260034904,0.0,0.0,0.0,0.534700697452147,0.343785339918127,0.0090602462524258
0,-0.140458821755787,-0.276874263400381,-0.217391304347826,0.0,0.0,0.0,0.873369055185278,0.76847509230508,0.0168826756975305
0,-0.140458821755787,-0.290415568758848,-0.23394495412844,0.0,-1.0,-1.0,0.936149466579953,0.874090261703775,0.0240238167012579
0,-0.140458821755787,-0.314520800950756,-0.221105527638191,0.0,-1.0,-1.0,0.960130089371668,0.918723705104937,0.0253054907759475
0,-0.140458821755787,-0.361455052388974,-0.209183673469388,0.0,-1.0,-1.0,0.98176304636119,0.961560940617096,0.0264998103458048
0,-0.140458821755787,-0.361455052388974,-0.211340206185567,0.0,-1.0,-1.0,1.0,1.0,0.0278189875148864
1,1.0,1.0,1.0,0.0,-1.0,-1.0,1.0,1.0,0.0291008931169775
0,-0.859541188188679,-0.806784234919674,-0.941176470588235,0.0,0.0,0.0,1.0,1.0,0.0307567933061653
0,-0.859541188188679,-0.799428273022298,-0.940860215053763,0.0,-0.876543209876543,0.0,0.977930005997166,0.975567572877035,0.0325674485743132
0,-0.859541188188679,-0.761831357563517,-0.940540540540541,0.0,-0.876543209876543,0.0,0.97586705846577,0.973254474026939,0.0325603460463666
0,-0.859541188188679,-0.72885518587283,-0.940217391304348,0.0,-0.876543209876543,0.0,0.953488237744423,0.948426087000033,0.0344318358188095
0,-1.0,-0.394204115093082,-0.502958579881657,-0.11727078891258,0.0,0.0,0.88846330241093,0.977115747917653,0.228053395105216
0,-1.0,-0.394204115093082,-0.50796812749004,-0.11727078891258,0.0,0.0,0.889363860509792,0.9772174239741,0.228241469031302
0,-1.0,-0.394204115093082,-0.524590163934426,-0.435967302452316,0.0,0.0,0.894114677564471,0.979297690411526,0.227621608832459
0,-1.0,-0.394204115093082,-0.544086021505376,-0.435967302452316,0.0,0.0,0.891520227799226,0.976283552657995,0.230144230310836
0,-1.0,-0.422435765564828,-0.552631578947368,-0.11727078891258,0.0,0.0,0.890792378891841,0.975093128454199,0.231387851902454
0,-1.0,-0.421681324699749,-0.556792873051225,-0.11727078891258,0.0,0.0,0.799010136855539,0.869987618930766,0.373056050788951
1,-1.0,-0.137782351545108,-0.22875226039783,0.0,0.0,0.0,0.0976169078862468,0.17998067610593,0.192565440346182
0,-1.0,-0.143508408910122,-0.243790248390064,0.0,0.0,0.0,0.104105636837038,0.181905045713623,0.194024921077587
0,-1.0,-0.19479311548703,-0.252319109461967,0.0,0.0,0.0,0.106717649381551,0.183055947982832,0.19356423976645
0,-1.0,-0.189638971616865,-0.286785379568885,0.0,0.0,0.0,0.111084558052686,0.184303551603544,0.194134419458674
0,-1.0,-0.189638971616865,-0.33111954459203,0.0,0.0,0.0,0.113780592883011,0.185472123392197,0.193170163045269
0,-1.0,-0.203290251921454,-0.359451518119491,0.0,0.0,0.0,0.119855592173604,0.187319363795356,0.192970644461137
0,-1.0,-0.203290251921454,-0.404950495049505,0.0,0.0,0.0,0.129338592127493,0.189123023503465,0.195507197262526
0,-1.0,-0.203290251921454,-0.427427427427427,0.0,0.0,0.0,0.13325158232002,0.189987714917966,0.195821697010053
0,-1.0,-0.203290251921454,-0.44803229061554,0.0,0.0,0.0,0.137573514556014,0.190712425812705,0.197086555317833
0,-1.0,-0.242527959520903,-0.466188524590164,0.0,0.0,0.0,0.138838847296887,0.191357901690514,0.195353620617082
0,-1.0,-0.207756270481048,-0.486772486772487,0.0,0.0,0.0,0.14780110277166,0.192734831729084,0.197976909069973
0,-1.0,-0.22783422099144,-0.501123595505618,0.0,0.0,0.0,0.150862989471957,0.193665101955183,0.196396343412376
0,-1.0,-0.290085138331146,-0.517814726840855,0.0,0.0,0.0,0.162829049306985,0.195366542972876,0.200193053105522
0,-1.0,-0.295157309736465,-0.523514851485149,0.0,0.0,0.0,0.166310013129406,0.196043999918437,0.199984571708539
0,-1.0,-0.305973211394661,-0.552295918367347,0.0,0.0,0.0,0.173280758250239,0.197011147934615,0.202219725641876
0,-1.0,-0.27138936282919,-0.550200803212851,0.0,0.0,0.0,0.176226514928409,0.197650711336483,0.201344760316872
0,-1.0,-0.51559464197933,-0.631325301204819,-0.764334862385321,-0.403149606299213,-0.462264150943396,0.897672207585725,0.93510834337552,0.0555296616761016
0,-1.0,-0.51559464197933,-0.632850241545894,-0.764334862385321,-0.403149606299213,-0.462264150943396,0.8995638457506,0.93643137275489,0.0552772057925353
0,-1.0,-0.51559464197933,-0.634382566585956,-0.764334862385321,-0.403149606299213,-0.462264150943396,0.901435481253533,0.936959813399398,0.0549671147884902
0,-1.0,-0.51559464197933,-0.640586797066015,-0.764334862385321,-0.403149606299213,-0.462264150943396,0.903624757008661,0.937316662069089,0.0546023613532227
0,-1.0,-0.51559464197933,-0.647783251231527,-0.764334862385321,-0.403149606299213,-0.462264150943396,0.905993194439033,0.937469177703393,0.0542072878689519
0,-1.0,-0.51559464197933,-0.649382716049383,-0.744243932794026,-0.403149606299213,-0.462264150943396,0.908614548761688,0.937593685028669,0.0537753624109714
0,-1.0,-0.504487920821112,-0.650990099009901,-0.744243932794026,-0.41091492776886,-0.462264150943396,0.910861344992207,0.937244664574413,0.0533955379890406
0,-1.0,-0.520124550459172,-0.652605459057072,-0.744243932794026,-0.41091492776886,-0.462264150943396,0.912718302679515,0.936715412407698,0.0530788411282853
0,-1.0,-0.520124550459172,-0.654228855721393,-0.744243932794026,-0.41091492776886,-0.462264150943396,0.914629534346619,0.93642951952649,0.0527627850374643
0,-1.0,-0.520124550459172,-0.664141414141414,-0.744243932794026,-0.41091492776886,-0.462264150943396,0.916319276009274,0.936029425576245,0.0524793749048438
0,-1.0,-0.520124550459172,-0.668329177057357,-0.744243932794026,0.0,0.0,0.91784559655419,0.935588133148601,0.0522280828592859
0,-1.0,-0.520124550459172,-0.669191919191919,-0.744243932794026,0.0,0.0,0.919449424531811,0.93514960594705,0.0520151693550747
0,-1.0,-0.531064011776169,-0.669191919191919,-0.744243932794026,0.0,0.0,0.921096066551876,0.934692522373659,0.0518747140148554
0,-1.0,-0.531064011776169,-0.67258883248731,-0.744243932794026,0.0,0.0,0.923088769940277,0.93444508209843,0.0517288541614219
0,-1.0,-0.55413879371885,-0.6751269035533,-0.744243932794026,0.0,0.0,0.924824742950094,0.933985759246243,0.0515906982035211
0,-1.0,-0.55413879371885,-0.678571428571429,-0.744243932794026,0.0,0.0,0.926134334314749,0.933224242572604,0.0514771593949536
0,-1.0,-0.569293892629759,-0.678571428571429,-0.744243932794026,0.0,0.0,0.927161190356653,0.932254364085649,0.0513945653436794
0,-1.0,-0.569293892629759,-0.6751269035533,-0.644463667820069,0.0,0.0,0.928588703499353,0.931387100751068,0.051288981464743
0,-1.0,-0.535466603695345,-0.670025188916877,-0.691736304549675,0.0,0.0,0.929737238694357,0.930075781915545,0.0512301087144928
0,-1.0,-0.535466603695345,-0.666666666666667,-0.691736304549675,0.0,0.0,0.929746805036638,0.927937945762375,0.0513006262561099
0,-1.0,-0.535466603695345,-0.665,-0.691736304549675,0.0,0.0,0.929808227602964,0.926267217010996,0.0513530439768467
0,-1.0,-0.520124550459172,-0.655172413793103,-0.691736304549675,0.0,0.0,0.932932133364034,0.926862550809361,0.0511508755758461
0,-0.81402733383578,-0.115010834553937,-0.188235294117647,0.0,0.0,0.0,0.871343711115918,0.960944830765462,0.178276965990044
0,-0.81402733383578,-0.115010834553937,-0.215116279069767,0.0,0.0,0.0,0.876688157140508,0.961725440679155,0.181305256388518
0,-0.81402733383578,-0.115010834553937,-0.215116279069767,0.0,0.0,0.0,0.88152387349226,0.9631575192365,0.181086178543311
0,-0.81402733383578,-0.122579975760428,-0.241573033707865,0.0,0.0,0.0,0.907675309786957,0.970978166329598,0.180156923391255
0,-0.836588618013349,-0.122579975760428,-0.27807486631016,0.0,0.0,0.0,0.911411278493521,0.971533460455361,0.183035699284124
0,-0.836588618013349,-0.149240876498861,-0.289473684210526,0.0,0.0,0.0,0.927563961289738,0.976690872051714,0.181823303914338
0,-1.0,-0.33056928327851,-0.482213438735178,0.0,0.0,0.0,0.137276639032341,0.0459657274899198,0.12405006981915
0,-1.0,-0.343613923564342,-0.489021956087824,0.0,0.0,0.0,0.131101596800865,0.0402630141576832,0.123785319935731
0,-1.0,-0.358882204740077,-0.49,0.0,0.0,0.0,0.104083674008497,0.0286748940721733,0.13673599306969
0,-1.0,-0.358882204740077,-0.502994011976048,0.0,0.0,0.0,0.0967409965311111,0.0228002318504654,0.135226634654525
0,-1.0,-0.358882204740077,-0.51440329218107,-0.152354570637119,0.0,0.0,0.0904372350957829,0.0168311747678387,0.134239363738756
0,-1.0,-0.358882204740077,-0.537473233404711,0.0,0.0,0.0,0.0865025185877042,0.0125522937359719,0.133796714066759
0,-1.0,-0.358882204740077,-0.539130434782609,0.0,0.0,0.0,0.085218140481685,0.010628888338772,0.133652562082426
0,-1.0,-0.33375650372552,-0.506920415224913,0.0,0.0,0.0,0.698037716258382,0.763413747568671,0.222323712103744
0,-1.0,-0.33375650372552,-0.506920415224913,0.0,0.0,0.0,0.69753997739476,0.763200111071304,0.222066783998612
0,-1.0,-0.33375650372552,-0.511986301369863,0.0,0.0,0.0,0.568231256160987,0.530659030045135,0.0460561316353919
0,-1.0,-0.284965704741348,-0.526578073089701,0.0,0.0,0.0,0.545609384334684,0.519710385596462,0.0448783287808399
0,-1.0,-0.284965704741348,-0.53125,0.0,0.0,0.0,0.539489244377161,0.514501994807633,0.0444917322416313
0,-1.0,-0.284965704741348,-0.539556962025316,0.0,0.0,0.0,0.496646819371693,0.648044695481244,0.061905488887903
0,-1.0,-0.284965704741348,-0.550769230769231,0.0,0.0,0.0,0.485424945509327,0.643107326823196,0.0604755797313656
0,-1.0,-0.284965704741348,-0.55786350148368,0.0,0.0,0.0,0.473835592928054,0.63316183612565,0.0603066138198602
0,-1.0,-0.284965704741348,-0.554597701149425,0.0,0.0,0.0,0.464380338782546,0.628190984556369,0.0592295796405799
0,-1.0,-0.298614223065127,-0.557103064066852,0.0,0.0,0.0,0.453050380744845,0.61973076133584,0.0586004468653627
0,-1.0,-0.325379140723348,-0.553763440860215,0.0,0.0,0.0,0.192633615382054,0.246025552213678,0.0331807704622163
0,-1.0,-0.31538508802272,-0.554973821989529,0.0,0.0,0.0,0.163199196612598,0.233431851294399,0.0313515040618729
0,-1.0,-0.305973211394661,-0.535,0.0,0.0,0.0,0.133759385594197,0.218336439217395,0.0305785783980888
0,-1.0,-0.295157309736465,-0.51338199513382,0.0,0.0,0.0,0.11714933530617,0.207989512339726,0.0306808701802376
0,0.0,-0.298270834142611,-0.257142857142857,-0.0121679774447247,-0.173066374108612,-0.0523465703971119,0.922624647398221,0.986446178550765,0.445446213711523
0,0.0,-0.298270834142611,-0.259067357512953,-0.0121679774447247,-0.245872936468234,-0.145646867371847,0.933905225989729,0.988332340842648,0.473401186898976
0,0.0,-0.314894445590562,-0.264248704663212,-0.0149498632634458,-0.252699228791774,-0.165129151291513,0.963020327204638,0.993453644687847,0.468425160753981
0,0.0,-0.3398169364025,-0.268929503916449,-0.0193578847969783,-0.353281853281853,-0.306864064602961,0.983475349139752,0.997054764442011,0.468685625523481
0,0.0,-0.353359902691697,-0.286089238845144,-0.0825082508250825,-0.445436105476673,-0.431001890359168,1.0,1.0,0.468704638643994
1,1.0,1.0,1.0,-1.0,-1.0,-1.0,1.0,1.0,0.467872633046317
1,1.0,1.0,1.0,-1.0,-1.0,-1.0,1.0,1.0,0.469295857634186
0,-1.0,-0.645474787256827,-0.695538057742782,-0.784704033525406,-0.249487354750513,-0.164835164835165,1.0,1.0,0.470798604220689
0,-1.0,-0.635894502104293,-0.695538057742782,-0.757522123893805,-0.249487354750513,-0.164835164835165,0.995625612132992,0.999410496351946,0.424709009220846
0,-1.0,-0.60034335397595,-0.693121693121693,-0.531890660592255,-0.248976807639836,-0.164835164835165,0.990972380876061,0.997963943575354,0.422907083705417
0,-1.0,-0.538482904205893,-0.660574412532637,-0.488169364881694,0.0,0.0,0.978395339005872,0.994386038123775,0.422333463057035
0,-1.0,-0.503380625351896,-0.647642679900744,-0.647210300429185,0.0,0.0,0.959824628051889,0.989348542339688,0.425941274051498
0,-1.0,-0.503380625351896,-0.631961259079903,-0.647210300429185,0.0,0.0,0.953102940964359,0.987544692675868,0.427419954434898
0,-1.0,-0.51559464197933,-0.627737226277372,-0.745668316831683,0.0,0.0,0.951145291208093,0.9870362144431,0.427546724717408
0,0.0,-0.100368519769554,-0.104918032786885,0.0,0.0,0.0,0.895615005197656,0.855031883428509,0.0974999233862177
0,0.0,-0.103494570629567,-0.103333333333333,0.0,0.0,0.0,0.904255735742503,0.865067888874037,0.0955864174009071
0,0.0,-0.103494570629567,-0.106666666666667,0.0,0.0,0.0,0.907019580431194,0.868293915394655,0.0951168378154368
0,0.0,-0.103494570629567,-0.106666666666667,0.0,0.0,0.0,0.908674905856125,0.870265025583372,0.0947949251305358
0,0.0,-0.103494570629567,-0.104026845637584,0.0,0.0,0.0,0.910324267295082,0.872251238528512,0.0944563624808299
0,0.0,-0.103494570629567,-0.104026845637584,0.0,0.0,0.0,0.913025434946576,0.875509589137891,0.0938897143024494
0,0.0,-0.108459640986053,-0.104026845637584,0.0,0.0,0.0,0.915252731233245,0.878186772044861,0.0934544933446811
0,0.0,-0.0907027942042011,-0.110367892976589,0.0,0.0,0.0,0.91746229290084,0.880882379168996,0.0930161460225521
0,0.0,-0.0907027942042011,-0.130872483221477,0.0,0.0,0.0,0.921840570790959,0.886321889147417,0.0921124492212142
0,0.0,-0.0696054478050899,-0.15,0.0,0.0,0.0,0.930533186784099,0.897471333336066,0.0903418477579004
0,0.0,-0.0696054478050899,-0.161073825503356,0.0,-0.099601593625498,0.0,0.939353404953719,0.909081831602202,0.0886929316979976
0,0.0,-0.0475058539492263,-0.181208053691275,0.0,-0.131578947368421,0.0,0.948245219127563,0.921127395549961,0.0870808546266567
0,0.0,-0.0475058539492263,-0.185185185185185,0.0,-0.131578947368421,0.0,0.957200002272491,0.933668373836472,0.0855148857698105
0,0.0,-0.0803737996366631,-0.204778156996587,0.0,-0.131578947368421,0.0,0.966228351796646,0.946736101518703,0.083995689762001
0,0.0,-0.0803737996366631,-0.217687074829932,0.0,-0.352112676056338,0.0,0.975268810640306,0.960340896940343,0.0825204258914996
0,0.0,-0.0843718070083271,-0.241496598639456,0.0,-0.352112676056338,0.0,0.984380308057152,0.974529512852978,0.0811035837222084
0,0.0,-0.0843718070083271,-0.249146757679181,0.0,-0.352112676056338,0.0,0.992352438621474,0.987322636543173,0.0799486221295194
0,0.0,-0.0843718070083271,-0.277591973244147,0.0,-0.352112676056338,0.0,0.996909142967575,0.994856050852045,0.0793684182814863
0,0.0,-0.105896491971097,-0.280936454849498,0.0,-0.352112676056338,0.0,1.0,1.0,0.0789679953889241
0,0.0,-0.0840196593644808,-0.169527896995708,-0.0514786418400876,-0.45370925814837,-0.0463917525773196,0.911826817489816,0.96195822252923,0.253381871834416
0,0.0,-0.0840196593644808,-0.173118279569892,-0.0518382352941177,-0.45370925814837,-0.0463917525773196,0.915718949258089,0.963594022915238,0.252849142630599
0,0.0,-0.0840196593644808,-0.205240174672489,-0.0735495660118776,-0.804482225656878,-0.266025641025641,0.978145005550011,0.990608208830184,0.240961679372088
0,0.0,-0.0855334013801844,-0.238913525498891,-0.241895261845387,-0.845675247041601,-0.560460652591171,1.0,1.0,0.240179856150694
1,1.0,1.0,1.0,-1.0,-1.0,-1.0,1.0,1.0,0.239781770178783
0,0.0,-0.043515193027592,0.0,0.0,-0.201716738197425,0.0,0.976162773161103,0.959410765950195,0.0355645368110028
0,0.0,-0.0451107746111528,-0.0033003300330033,0.0,-0.362934362934363,0.0,1.0,1.0,0.0352297096684134
1,1.0,1.0,1.0,0.0,-1.0,0.0,1.0,1.0,0.0349599790502931
1,1.0,1.0,1.0,0.0,-1.0,-1.0,1.0,1.0,0.0348067476145411
1,1.0,1.0,1.0,0.0,-1.0,-1.0,1.0,1.0,0.0347227787459876
1,1.0,1.0,1.0,0.0,-1.0,-1.0,1.0,1.0,0.0353099055964291
1,1.0,1.0,1.0,0.0,-1.0,-1.0,1.0,1.0,0.0354248265775681
1,1.0,1.0,1.0,0.0,-1.0,-1.0,1.0,1.0,0.0355156562583098
0,0.0,-0.140354907401433,-0.189964157706093,0.0,-0.0661846496106785,0.0,1.0,1.0,0.0356611969371278
0,0.0,-0.0962200895187925,-0.170289855072464,0.0,-0.0661846496106785,0.0,0.988252696554131,0.976545608614382,0.035872758606548
0,0.0,-0.0962200895187925,-0.163636363636364,0.0,-0.0661846496106785,0.0,0.977220586944012,0.95363885015225,0.0360729827800993
0,0.0,-0.0962200895187925,-0.149090909090909,0.0,-0.0661846496106785,0.0,0.965915447360797,0.929339252446391,0.0363347719646953
0,0.0,-0.0962200895187925,-0.138181818181818,0.0,-0.0661846496106785,0.0,0.954688923408342,0.904336099418538,0.0366240328745496
0,0.0,-0.0962200895187925,-0.12589928057554,0.0,0.0,0.0,0.942962989808587,0.875225756231246,0.0366463710937397
0,0.0,-0.399638646476849,-0.476793248945148,0.0,-0.272926062593959,0.0,0.788842485455095,0.762544821563447,0.27395989149326
0,0.0,-0.399638646476849,-0.45045045045045,0.0,-0.289378350963628,0.0,0.78569458804588,0.760194621907692,0.272977190326606
0,0.0,-0.37049440854963,-0.42654028436019,0.0,-0.272926062593959,0.0,0.783083316505675,0.758017261219124,0.271366991307052
0,0.0,-0.347000219057485,-0.383838383838384,0.0,-0.268666756356787,0.0,0.779018321716763,0.755033566092629,0.270948283701833
0,0.0,-0.312167054205716,-0.354497354497354,0.0,-0.268666756356787,0.0,0.762044165585081,0.774510992270006,0.193298755158799
0,0.0,-0.322706013962352,-0.33695652173913,0.0,0.0,0.0,0.560007722044232,0.616732604992967,0.249548346195649
0,0.0,-0.399638646476849,-0.495934959349593,0.0,-0.289378350963628,0.0,0.97007970965663,0.978229446267159,0.150907821065344
0,0.0,-0.399638646476849,-0.502008032128514,0.0,-0.289378350963628,0.0,0.976319673765717,0.982844096796776,0.15140446373979
0,0.0,-0.399638646476849,-0.520161290322581,0.0,-0.289378350963628,0.0,0.981459877001492,0.986627159330585,0.151582231489388
0,0.0,-0.399638646476849,-0.525896414342629,0.0,-0.289378350963628,0.0,0.986832797402267,0.990542943024843,0.151602744820524
0,0.0,-0.406064562236747,-0.544401544401544,0.0,-0.292862292718097,-0.0607287449392713,0.993666938099833,0.995464899752857,0.151484162043351
0,0.0,-0.422143877429478,-0.547892720306513,0.0,-0.398032200357782,-0.0655021834061135,1.0,1.0,0.151757526381016
1,1.0,1.0,1.0,-1.0,-1.0,-1.0,1.0,1.0,0.152204864859433
1,1.0,1.0,1.0,-1.0,-1.0,-1.0,1.0,1.0,0.153133283337896
1,1.0,1.0,1.0,-1.0,-1.0,-1.0,1.0,1.0,0.153085224859867
0,0.0,-0.196130462705316,-0.229681978798587,-0.992967651195499,-0.195298372513562,-0.926108374384236,1.0,1.0,0.156150963472535
0,0.0,-0.175771357244995,-0.214285714285714,-0.992967651195499,-0.195298372513562,-0.926108374384236,0.989000154947567,0.989891261122375,0.157877655853306
0,0.0,-0.175771357244995,-0.213523131672598,-0.988795518207283,-0.195298372513562,-0.926108374384236,0.983349080868183,0.984772995994446,0.158655106929756
0,0.0,-0.175771357244995,-0.206405693950178,-0.984819734345351,-0.0163572060123784,-0.53125,0.844079555901469,0.918734043614895,0.163822498044452
0,0.0,-0.175771357244995,-0.201413427561837,-0.984819734345351,-0.0163572060123784,-0.53125,0.839322549270988,0.913926481774781,0.164000636954677
0,0.0,-0.175771357244995,-0.193661971830986,-0.984819734345351,-0.0163572060123784,-0.53125,0.834689813837096,0.909206140719494,0.164405127853674
0,0.0,-0.175771357244995,-0.190140845070423,-0.76158940397351,-0.0163572060123784,-0.53125,0.831539170386206,0.906129606960187,0.164463580199791
0,0.0,-0.168991814006275,-0.178321678321678,-0.76158940397351,-0.0163572060123784,-0.53125,0.827732340055437,0.902414858242843,0.164595069782621
0,0.0,-0.1386839352233,-0.171929824561404,-0.717628705148206,-0.0163572060123784,-0.53125,0.823254758389788,0.898260226102711,0.164466913118435
0,0.0,-0.13457584708122,-0.171328671328671,-0.605263157894737,-0.0163572060123784,-0.53125,0.81605059487894,0.891341710578783,0.16489070657312
0,0.0,-0.0910354209143054,-0.149152542372881,-0.522292993630573,-0.0163572060123784,-0.53125,0.808513464246208,0.884523520240011,0.164701464424422
0,0.0,-0.087923725273293,-0.110738255033557,-0.4140625,-0.0163572060123784,-0.53125,0.795974646888373,0.872802383498268,0.165934984132141
0,0.0,-0.087923725273293,-0.09,-0.4140625,-0.0163572060123784,-0.53125,0.628994735329616,0.815158520973286,0.171044590275649
0,0.0,-0.0852999886216156,-0.0627062706270627,-0.4140625,-0.0178916827852998,-0.53125,0.623277895174862,0.809978837577071,0.170771628103337
0,-1.0,-0.360697038286636,-0.40625,0.0,-0.345621322256836,0.0,0.101375593437078,0.0908030745738936,0.179476292165102
0,-1.0,-0.191611966392831,-0.243403693931398,0.0,0.0,0.0,0.0019772129514945,0.321577006246623,0.0767769774097513
0,-1.0,-0.356286420350638,-0.556701030927835,0.0,0.0,0.0,0.313717192367506,0.583428911559158,0.485810487046557
0,-1.0,-0.349202715051908,-0.551122194513716,0.0,0.0,0.0,0.318183631022654,0.584304426144373,0.487970880742665
0,-1.0,-0.349202715051908,-0.542579075425791,0.0,0.0,0.0,0.32022276656744,0.58477060032446,0.488916611693181
0,-1.0,-0.349202715051908,-0.54126213592233,0.0,0.0,0.0,0.321559818508263,0.585172440285555,0.48932868835228
0,-1.0,-0.33432001134184,-0.546318289786223,0.0,0.0,0.0,0.322846844020019,0.585550899110052,0.489732452340712
0,-1.0,-0.33432001134184,-0.539906103286385,0.0,0.0,0.0,0.323937553979109,0.585801530576036,0.490226567586651
0,-1.0,-0.33432001134184,-0.541860465116279,0.0,0.0,0.0,0.324945904337756,0.586218479559826,0.4902940726896
0,-1.0,-0.33432001134184,-0.540603248259861,0.0,0.0,0.0,0.326069199492219,0.586353170416846,0.491051609106166
0,-1.0,-0.33432001134184,-0.530474040632054,0.0,0.0,0.0,0.385754059049555,0.59305126587121,0.23923733800536
0,-1.0,-0.378509845502055,-0.520661157024793,-0.141025641025641,0.0,0.0,0.403290052887807,0.599462549807937,0.239495926364485
0,-1.0,-0.394204115093082,-0.528925619834711,-0.435967302452316,0.0,0.0,0.422403063310103,0.603014058095276,0.244021340077747
0,-1.0,-0.407344521950783,-0.525562372188139,-0.435967302452316,0.0,0.0,0.778985711124971,0.940514436921833,0.133423827050079
0,-1.0,-0.434963795576291,-0.549356223175966,-0.435967302452316,0.0,0.0,0.82633089726853,0.954009077075421,0.130202207080591
0,-1.0,-0.451504953488274,-0.571111111111111,-0.488549618320611,0.0,0.0,0.836176791770715,0.955505365971928,0.132046242464944
0,-1.0,-0.459725540215006,-0.573660714285714,-0.488549618320611,0.0,0.0,0.843629429186633,0.957514664386351,0.131645830213
0,-1.0,-0.33375650372552,-0.501748251748252,0.0,0.0,0.0,0.349544715694608,0.835417135005442,0.408266431866351
0,-1.0,-0.321674301074648,-0.510309278350515,0.0,0.0,0.0,0.344072395071549,0.834935363898212,0.407956052409538
0,-1.0,-0.284965704741348,-0.52020202020202,0.0,0.0,0.0,0.34126675672966,0.834633591972537,0.407859287634842
0,-1.0,-0.284965704741348,-0.525,0.0,0.0,0.0,0.296527334799907,0.81755893827993,0.517239353704138
0,-1.0,-0.284965704741348,-0.53125,0.0,0.0,0.0,0.294075650715399,0.817278772878492,0.517185174570671
0,-1.0,-0.284965704741348,-0.533653846153846,0.0,0.0,0.0,0.291218580180802,0.817296527747321,0.516445268497438
0,-1.0,-0.284965704741348,-0.542319749216301,0.0,0.0,0.0,0.286632754334319,0.81733174395864,0.515263825879239
0,-1.0,-0.284965704741348,-0.548686244204019,0.0,0.0,0.0,0.28359170319759,0.81706556779369,0.515074910561154
0,-1.0,-0.284965704741348,-0.557548579970105,0.0,0.0,0.0,0.275227413603097,0.817394508553374,0.512463710709151
0,-1.0,-0.284965704741348,-0.552821997105644,0.0,0.0,0.0,0.272115331530481,0.816659346457298,0.513147741044787
0,0.0,-0.24060841043835,-0.273684210526316,0.0,0.0,0.0,0.624374067465527,0.695615499366666,0.0763599915661197
0,0.0,-0.24060841043835,-0.314685314685315,0.0,0.0,0.0,0.644405724258762,0.706400239749146,0.0763100597953559
0,0.0,-0.250126056157008,-0.359154929577465,0.0,0.0,0.0,0.659231985236615,0.714486390267012,0.0777694725410223
0,0.0,-0.300436917755489,-0.412587412587413,0.0,0.0,0.0,0.670170880028481,0.720627794735388,0.0782819036923483
0,0.0,-0.300436917755489,-0.415807560137457,0.0,0.0,0.0,0.68313367716329,0.728121245533412,0.0786686086927813
0,0.0,-0.250126056157008,-0.380952380952381,0.0,0.0,0.0,0.696780437514519,0.736115546119008,0.0794467311137522
0,0.0,-0.250126056157008,-0.416382252559727,0.0,0.0,0.0,0.711966729607295,0.745325818015552,0.0801440179481738
0,0.0,-0.300436917755489,-0.444444444444444,0.0,0.0,0.0,0.725352163157792,0.753926489942251,0.0814032542368194
0,0.0,-0.332977568020636,-0.495207667731629,0.0,0.0,0.0,0.737191241611701,0.761931309858416,0.0824422850499559
0,0.0,-0.348076885297227,-0.545171339563863,0.0,0.0,0.0,0.748301891060758,0.769768152887806,0.083505860562307
0,0.0,-0.379159374089353,-0.577507598784195,0.0,0.0,0.0,0.763823884350866,0.781246466868713,0.0842966294213026
0,0.0,-0.424523770442551,-0.612121212121212,0.0,0.0,0.0,0.77765091522224,0.792263396030332,0.0863789005935112
0,0.0,-0.424523770442551,-0.622418879056047,0.0,0.0,0.0,0.789585798737392,0.802328840418456,0.0881081593623537
0,-1.0,-0.117315750424898,-0.0686813186813187,-0.428571428571429,-0.34529582929195,0.0,0.344778981164136,0.570696337685712,0.117671222063928
0,-1.0,-0.117315750424898,-0.0686813186813187,-0.428571428571429,-0.34529582929195,0.0,0.34613759377548,0.571133095566111,0.117216660151285
0,-1.0,-0.117315750424898,-0.0607734806629834,-0.428571428571429,-0.34529582929195,0.0,0.347096010978091,0.571396971253957,0.116879359756608
0,-1.0,-0.102993927017442,-0.0607734806629834,-0.428571428571429,-0.34529582929195,0.0,0.348848253927478,0.571958987827788,0.116344304789054
0,-1.0,-0.102993927017442,-0.0606060606060606,-0.428571428571429,-0.308492201039861,0.0,0.348748282843948,0.571810405847717,0.11630034840966
0,-1.0,-0.106258288348037,-0.0606060606060606,-0.428571428571429,-0.563457330415755,-0.5,0.351764549522085,0.572866532830472,0.115468557149403
0,-1.0,-0.197140651881395,-0.265104808877928,0.0,0.0,0.0,0.907171327982656,0.889946959479132,0.0559509089871494
0,-1.0,-0.204365944275077,-0.0666666666666667,0.0,0.0,0.0,0.0105960654780471,0.584153688686289,0.024188835838202
0,-1.0,-0.204365944275077,-0.0666666666666667,0.0,0.0,0.0,0.0127072375066524,0.582679160911854,0.0246898346512701
0,-1.0,-0.204365944275077,-0.0779220779220779,0.0,0.0,0.0,0.0149614288414321,0.581258283184153,0.025199827275215
0,-1.0,-0.125155856203512,-0.0779220779220779,0.0,0.0,0.0,0.0172486978444808,0.579879699533092,0.0257205205063047
0,-1.0,-0.125155856203512,-0.0769230769230769,0.0,0.0,0.0,0.0196253647153474,0.57854910985092,0.0262542440725807
0,-1.0,-0.113030366001448,-0.0759493670886076,0.0,0.0,0.0,0.0221616894828624,0.577278941629518,0.0267978393583323
0,-1.0,-0.113030366001448,-0.0714285714285714,0.0,0.0,0.0,0.0251087425055841,0.576179579300864,0.0273578246928729
0,-1.0,-0.113030366001448,-0.0681818181818182,0.0,0.0,0.0,0.0283119022832629,0.575125265421502,0.0279261860931261
0,-1.0,-0.113030366001448,-0.0568181818181818,0.0,0.0,0.0,0.0317585048696781,0.574093040674087,0.0285102462965413
0,-1.0,-0.113030366001448,-0.0568181818181818,0.0,0.0,0.0,0.0354405039902322,0.573116593930467,0.0291040644070653
0,-1.0,-0.113030366001448,-0.0549450549450549,0.0,0.0,0.0,0.0394402772046545,0.5721668899708,0.0297198942697461
0,-1.0,-0.113030366001448,-0.0543478260869565,0.0,0.0,0.0,0.0436616688128494,0.571264656565213,0.0303592652025846
0,-1.0,-0.113030366001448,-0.0425531914893617,0.0,0.0,0.0,0.0480398957162333,0.570359571602863,0.0310199075505291
0,-1.0,-0.113030366001448,-0.0425531914893617,0.0,0.0,0.0,0.0525699177365269,0.569421316499232,0.0317085841052654
0,-1.0,-0.113030366001448,-0.0416666666666667,0.0,0.0,0.0,0.0570723361258831,0.568542976704262,0.0324211682603867
0,-1.0,-0.0345106902037393,-0.0412371134020619,0.0,0.0,0.0,0.0620209231582112,0.567676762859254,0.0331573978350641
0,-1.0,-0.0345106902037393,-0.0412371134020619,0.0,0.0,0.0,0.0667375256013954,0.56680004394168,0.0339142740370405
0,-1.0,-0.0311448034194938,-0.0412371134020619,0.0,0.0,0.0,0.0716188472195348,0.56593999800396,0.0346987983617728
0,-1.0,-0.0720649729211832,-0.0412371134020619,0.0,0.0,0.0,0.0764004018175863,0.565090214009629,0.035511054822015
0,-1.0,-0.191611966392831,-0.250328515111695,0.0,0.0,0.0,0.0523631786814808,0.274766603238772,0.0249537082210709
0,0.0,-0.130151684738615,-0.193979933110368,0.0,0.0,0.0,0.702346453400046,0.886252954199012,0.129351610966488
0,0.0,-0.157645594016943,-0.213559322033898,0.0,0.0,0.0,0.711589726161012,0.888231923912217,0.129818064072613
0,0.0,-0.16479855886673,-0.241610738255034,0.0,0.0,0.0,0.723337260408269,0.89073021505529,0.130081751345517
0,0.0,-0.16479855886673,-0.267558528428094,0.0,0.0,0.0,0.735449727319957,0.892379471339796,0.130965936262406
0,0.0,-0.16479855886673,-0.288079470198675,0.0,0.0,0.0,0.745384658954426,0.893274120933739,0.132074053977725
0,0.0,-0.24060841043835,-0.323333333333333,0.0,0.0,0.0,0.763256806168851,0.897237079574249,0.131982215720007
0,0.0,-0.250126056157008,-0.416382252559727,0.0,0.0,0.0,0.775766928652238,0.896697880259188,0.134739009447076
0,0.0,-0.300436917755489,-0.446308724832215,0.0,0.0,0.0,0.785626042427238,0.897127911688079,0.13581265502286
0,0.0,-0.332977568020636,-0.488817891373802,0.0,0.0,0.0,0.789415774094551,0.895763688294332,0.13755437817477
0,0.0,-0.348076885297227,-0.547987616099071,0.0,0.0,0.0,0.807829786839746,0.899907063693594,0.136273546214243
0,0.0,-0.424523770442551,-0.612121212121212,0.0,0.0,0.0,0.82345652923076,0.898063916149068,0.140118948236947
0,0.0,-0.424523770442551,-0.622418879056047,0.0,0.0,0.0,0.831100356955805,0.896305040648437,0.14301029257456
0,-1.0,-0.194741753804048,-0.179457587997692,0.0,0.0,0.0,0.831591177098712,0.977607963910307,0.122174570323495
0,-1.0,-0.250716863755253,-0.180919139034322,0.0,0.0,0.0,0.833882095988972,0.977938039842266,0.124430817818705
0,-1.0,-0.250716863755253,-0.177296664716208,0.0,0.0,0.0,0.840449572127781,0.978544084070815,0.13456225456433
0,-1.0,-0.223187611590092,-0.182567726737338,0.0,0.0,0.0,0.857572751219321,0.972647223250042,0.0376283134212432
0,-1.0,-0.223187611590092,-0.188981042654028,0.0,0.0,0.0,0.853356484946984,0.971019345094415,0.0380694543387715
0,-1.0,-0.407344521950783,-0.522448979591837,-0.435967302452316,0.0,0.0,0.177838387854098,0.101158467066136,0.11761667724194
0,-1.0,-0.434963795576291,-0.533057851239669,-0.435967302452316,0.0,0.0,0.189392825212058,0.105131707090069,0.118723609374227
0,-1.0,-0.434963795576291,-0.536382536382536,-0.435967302452316,0.0,0.0,0.196394160319474,0.107684991003649,0.119215394291367
0,-1.0,-0.434963795576291,-0.545258620689655,-0.435967302452316,0.0,0.0,0.20291855951453,0.110027645791188,0.119700810519308
0,-1.0,-0.434963795576291,-0.55119825708061,-0.642795513373598,0.0,0.0,0.208953380988684,0.1121778345087,0.120156008639416
0,-1.0,-0.438870543357094,-0.560975609756098,-0.642795513373598,0.0,0.0,0.214698264814,0.114183350173285,0.120613864924447
0,-1.0,-0.451504953488274,-0.565995525727069,-0.642795513373598,0.0,0.0,0.219999353757668,0.116012778381556,0.121063005740755
0,-1.0,-0.451504953488274,-0.56981981981982,-0.742857142857143,0.0,0.0,0.224776156502681,0.117680888211402,0.121481025542256
0,-1.0,-0.459725540215006,-0.572072072072072,-0.742857142857143,0.0,0.0,0.229110976402062,0.119264797487328,0.121889388110891
0,-1.0,-0.459725540215006,-0.576233183856502,-0.742857142857143,0.0,0.0,0.233023035361713,0.120780657782608,0.122259367083136
0,-1.0,-0.47926315181493,-0.585421412300683,-0.742857142857143,0.0,0.0,0.236757633092407,0.122263589540282,0.122617972916643
0,-1.0,-0.47926315181493,-0.588100686498856,-0.742857142857143,0.0,0.0,0.240397674602433,0.12371382182875,0.122976056441923
0,-1.0,-0.47926315181493,-0.589041095890411,-0.742857142857143,-0.338773709748566,-0.462264150943396,0.24397610445933,0.125125804921329,0.123347603178395
0,-1.0,-0.490364156570479,-0.599537037037037,-0.742857142857143,-0.338773709748566,-0.462264150943396,0.2474265864505,0.126456604524338,0.123719938865237
0,-1.0,-0.505716968744873,-0.602325581395349,-0.742857142857143,-0.338773709748566,-0.462264150943396,0.250648073000379,0.127649624192732,0.124140568378655
0,-1.0,-0.505716968744873,-0.603729603729604,-0.742857142857143,-0.338773709748566,-0.462264150943396,0.252891722796118,0.128465819131376,0.124448082112177
0,-1.0,-0.505716968744873,-0.60655737704918,-0.742857142857143,-0.338773709748566,-0.462264150943396,0.254601665589282,0.129357698656319,0.124481402540987
0,-1.0,-0.128753550186305,-0.541501976284585,0.0,0.0,0.0,0.0619810533065459,0.609036748525929,0.0583791097108259
1,1.0,1.0,1.0,-1.0,-1.0,-1.0,1.0,1.0,0.101008200702698
1,1.0,1.0,1.0,-1.0,-1.0,-1.0,1.0,1.0,0.0989417863243567
1,1.0,1.0,1.0,-1.0,-1.0,-1.0,1.0,1.0,0.0990248790586408
0,0.0,-0.022729539382098,-0.0419753086419753,0.0,-0.4312047399605,-0.46264367816092,1.0,1.0,0.098865405945786
0,-1.0,-0.222635995233651,-0.195475638051044,0.0,0.0,0.0,0.856890994761546,0.975337053824431,0.0053206687500231
0,-1.0,-0.194451094931495,-0.231132075471698,0.0,0.0,0.0,0.455462858551042,0.269633647227901,0.123776922764387
0,-1.0,-0.21783311375774,-0.240851630073187,0.0,0.0,0.0,0.477026953346769,0.32384793981967,0.132897210268941
0,-1.0,-0.21783311375774,-0.246839654025283,0.0,0.0,0.0,0.729148562803804,0.603837895134658,0.0896791540101563
0,-1.0,-0.221069406266597,-0.254993342210386,0.0,0.0,0.0,0.736038945962861,0.610156001724619,0.0899933722625643
0,-1.0,-0.221069406266597,-0.25888665325285,0.0,0.0,0.0,0.750876899158287,0.622508121358601,0.0890262929361517
0,-1.0,-0.221069406266597,-0.268506056527591,0.0,0.0,0.0,0.758761555464852,0.630160841737111,0.0897542735575548
0,-1.0,-0.221069406266597,-0.274643099932019,0.0,0.0,0.0,0.771912744250936,0.643369776634196,0.0889944192567725
0,-1.0,-0.232299132516106,-0.28013698630137,0.0,0.0,0.0,0.778374602377486,0.655956852102109,0.0895995119788714
0,-1.0,-0.240428341141907,-0.292465753424658,-0.0027548209366391,0.0,0.0,0.774657462791075,0.661529410149891,0.091365053167502
0,-1.0,-0.222114533389338,-0.262619808306709,-0.0023677979479084,0.0,0.0,0.464879076066066,0.302936819319566,0.0035015604878656
0,-1.0,-0.222114533389338,-0.261783439490446,-0.0023677979479084,0.0,0.0,0.466188664582567,0.303093842487125,0.0021938264204017
0,-1.0,-0.222114533389338,-0.263224984066284,-0.0023677979479084,0.0,0.0,0.46828405460321,0.303121087171902,0.0009617047787613
0,-1.0,-0.153253568927632,-0.214092140921409,0.0,0.0,0.0,0.479250496988523,0.0633795665665872,0.233942289079682
0,-1.0,-0.155944338247943,-0.204220558202859,0.0,0.0,0.0,0.455268300268649,0.117319331593429,0.221795798916497
0,-1.0,-0.17955349586181,-0.194822888283379,0.0,0.0,0.0,0.410282820129384,0.0154756123287652,0.248414823489226
0,-1.0,-0.175219647539164,-0.183939601921757,0.0,0.0,0.0,0.405191647083297,0.0340622529930721,0.245084918683798
0,-1.0,-0.173167184660407,-0.159779614325069,-0.0029673590504451,0.0,0.0,0.396281026329835,0.0502643404049969,0.246755594762906
0,0.0,-0.120963773902143,-0.128407026044821,-0.0136929460580913,0.0,0.0,0.787849715270552,0.956518009778652,0.0296197813098808
0,0.0,-0.14340448399208,-0.141676505312869,-0.0136929460580913,0.0,0.0,0.7844318792022,0.961546504127172,0.0371803018741039
0,-1.0,-0.240428341141907,-0.282505105513955,-0.0027548209366391,0.0,0.0,0.625047228829287,0.597961357822833,0.143689194314083
0,-1.0,-0.232299132516106,-0.27864406779661,-0.0027548209366391,0.0,0.0,0.617525011331784,0.589164242480908,0.14434948187467
0,-1.0,-0.22470166418903,-0.273584905660377,0.0,0.0,0.0,0.611424900819893,0.582450969095521,0.144586080672471
0,-1.0,-0.221069406266597,-0.269025367156208,0.0,0.0,0.0,0.604721890044084,0.575656311184455,0.145166007431776
0,-1.0,-0.221069406266597,-0.258792302587923,0.0,0.0,0.0,0.597730235058024,0.568976198725314,0.145826553019366
0,-1.0,-0.221069406266597,-0.246031746031746,0.0,0.0,0.0,0.590653076142758,0.561985927714451,0.146929544509885
0,-1.0,-0.18880691971896,-0.238914626075447,0.0,0.0,0.0,0.331357217223939,0.375307292644842,0.182798104596076
0,-1.0,-0.434963795576291,-0.521298174442191,-0.285714285714286,0.0,0.0,0.909055017628057,0.977104147845465,0.0954392320897954
0,-1.0,-0.442587944125367,-0.51195219123506,-0.285714285714286,0.0,0.0,0.901560747258314,0.973906735572103,0.0959010744972967
0,-1.0,-0.442587944125367,-0.505928853754941,-0.141025641025641,0.0,0.0,0.890191188948285,0.970363021609785,0.0966212698800574
0,-1.0,-0.426469797192391,-0.497041420118343,-0.152354570637119,0.0,0.0,0.884347436462508,0.968169914911718,0.0966766871556152
0,-1.0,-0.401833644756424,-0.494094488188976,0.0,0.0,0.0,0.868144123719185,0.962944678617267,0.0976771775404745
0,-1.0,-0.386139978026862,-0.48936170212766,0.0,0.0,0.0,0.850301855403631,0.957344981293723,0.0991574064103024
0,-1.0,-0.386139978026862,-0.486434108527132,0.0,0.0,0.0,0.842429546304493,0.954776221816836,0.099861364644771
0,-1.0,-0.386139978026862,-0.49034749034749,0.0,0.0,0.0,0.839413008997059,0.953678355834443,0.100071276628495
0,-1.0,-0.386139978026862,-0.490494296577947,0.0,0.0,0.0,0.835832662175584,0.952112998655677,0.10010273446708
0,-1.0,-0.404844059138953,-0.484346224677716,0.0,0.0,0.0,0.82153432328117,0.946550872919899,0.100995116620592
0,-1.0,-0.51559464197933,-0.613744075829384,-0.744286596664608,0.0,0.0,0.52692664215049,0.777347749243593,0.086923704278366
0,-1.0,-0.503380625351896,-0.628640776699029,-0.647210300429185,0.0,0.0,0.535223643462565,0.776658399966766,0.087464980283677
0,-1.0,-0.503380625351896,-0.636138613861386,-0.647210300429185,0.0,0.0,0.53875729206228,0.774072228025011,0.0879348535062534
0,-1.0,-0.519018937568703,-0.64321608040201,-0.488169364881694,0.0,0.0,0.548390831798798,0.808573420343902,0.0851433876240208
0,-1.0,-0.555592281933626,-0.671875,-0.527042577675489,0.0,0.0,0.565190146062527,0.817536077818473,0.0854495449576234
0,-1.0,-0.602651404225859,-0.689839572192513,-0.753744757339724,-0.248976807639836,-0.164835164835165,0.920942690187472,0.929829862334075,0.0466223181663638
0,-1.0,-0.60896587759842,-0.691292875989446,-0.755648038049941,-0.249487354750513,-0.164835164835165,0.942924362634144,0.94996346477977,0.0484634097094702
0,-1.0,-0.60896587759842,-0.691292875989446,-0.755648038049941,-0.249487354750513,-0.164835164835165,0.956825015761985,0.970200303034462,0.0461119527561896
0,-1.0,-0.600554392992753,-0.689655172413793,-0.798097251585624,-0.249487354750513,-0.164835164835165,0.968151318819528,0.979389824381262,0.0468134154374377
1,1.0,1.0,1.0,-1.0,-1.0,-1.0,1.0,1.0,0.582476692198989
0,0.0,-0.353359902691697,-0.292105263157895,-0.0808110490743462,-0.445436105476673,-0.431001890359168,1.0,1.0,0.579983660501222
0,0.0,-0.353359902691697,-0.270557029177719,-0.0180616740088106,-0.342162667497663,-0.323404255319149,0.979496176653474,0.99401243523419,0.581941872796788
0,0.0,-0.307943235307514,-0.265625,-0.0134118416748446,-0.25916161349855,-0.184156378600823,0.961287329230428,0.988800654160233,0.586300974366005
0,0.0,-0.298270834142611,-0.258485639686684,-0.0129746835443038,-0.249113025848961,-0.150927487352445,0.946149846381772,0.989488590441722,0.42590946752504
0,-1.0,-0.216181763039827,-0.211962833914053,0.0,0.0,0.0,0.871651469665904,0.979247455957295,0.23028769951891
0,-1.0,-0.23979754317345,-0.220554272517321,0.0,0.0,0.0,0.872343404300873,0.979424908451374,0.238528502075649
0,-1.0,-0.180075703041226,-0.205943331029717,0.0,0.0,0.0,0.15805086437427,0.0326967112966108,0.109437408531645
0,-1.0,-0.16410049723383,-0.551181102362205,0.0,0.0,0.0,0.0656058590031612,0.526723263932496,0.0889202050737226
0,-1.0,-0.178368737241499,-0.551587301587302,0.0,0.0,0.0,0.0587304094196081,0.513922671349166,0.0897533442736299
0,-1.0,-0.178368737241499,-0.551587301587302,0.0,0.0,0.0,0.0533110190334511,0.51066177964826,0.089005421945042
0,-1.0,-0.198507843447635,-0.549800796812749,0.0,0.0,0.0,0.0494928315178903,0.507094441061991,0.0887212379614262
0,-1.0,-0.198507843447635,-0.549800796812749,0.0,0.0,0.0,0.0475032171225718,0.504541451651941,0.0887180385221231
0,-1.0,-0.198507843447635,-0.548,0.0,0.0,0.0,0.0426162849976549,0.50296363339062,0.0876493678846505
0,0.0,-0.470802118845353,-0.833333333333333,0.0,0.0,0.0,0.298121600540869,0.799773042900155,0.0258824162668472
0,0.0,-0.470802118845353,-0.833333333333333,0.0,0.0,0.0,0.290076751134709,0.797393953041767,0.0247935682361284
0,0.0,-0.506709096752099,-0.833333333333333,0.0,0.0,0.0,0.279040374336268,0.792692552919238,0.0238663341147789
0,0.0,-0.406554005062545,-0.833333333333333,0.0,0.0,0.0,0.260028531282945,0.782134005405156,0.0234938979957988
0,-1.0,-0.33056928327851,-0.487712665406427,0.0,0.0,0.0,0.53855962644063,0.861652670177239,0.108246522423237
0,-1.0,-0.33056928327851,-0.486590038314176,0.0,0.0,0.0,0.536048101363459,0.859994654105073,0.107999861100184
0,-1.0,-0.33056928327851,-0.484732824427481,0.0,0.0,0.0,0.534106632319016,0.858740579336392,0.107812838229282
0,-1.0,-0.33056928327851,-0.479768786127168,0.0,0.0,0.0,0.180404103249156,0.352803942980546,0.26552137758474
0,-1.0,-0.33056928327851,-0.480544747081712,0.0,0.0,0.0,0.178931042636066,0.352155207110073,0.265059378987841
0,-1.0,-0.33056928327851,-0.475442043222004,0.0,0.0,0.0,0.177380745111263,0.351288122876265,0.264704723287941
0,0.0,-0.14340448399208,-0.143783146729523,-0.0136759220886863,0.0,0.0,0.813914623836401,0.9749949161508,0.0229792368089605
0,-0.345303878319584,-0.11915525461577,-0.144571085782843,0.0,0.0,0.0,0.79995855683101,0.968298650752654,0.0010678171772009
0,-1.0,-0.0746124833483029,-0.0382882882882883,0.0,-0.33872502378687,0.0,0.641526340089913,0.89046752320703,0.109083517915607
0,-1.0,-0.0758055340888162,-0.0385487528344671,0.0,-0.33872502378687,0.0,0.639352334375649,0.889538167891989,0.109011865551683
0,-1.0,-0.242527959520903,-0.448453608247423,0.0,0.0,0.0,0.271012167753159,0.76478069830601,0.0359027429500279
0,-1.0,-0.203290251921454,-0.449795081967213,0.0,0.0,0.0,0.273773173137834,0.764252771039161,0.0360656957104901
0,-1.0,-0.203290251921454,-0.446028513238289,0.0,0.0,0.0,0.277914181675948,0.765981988630364,0.0361117613085825
0,-1.0,-0.203290251921454,-0.442871587462083,0.0,0.0,0.0,0.283063083350043,0.761973412758395,0.0366568458189078
0,-1.0,-0.203290251921454,-0.42713567839196,0.0,0.0,0.0,0.288689210104722,0.764512850999522,0.0365530120461001
0,-1.0,-0.203290251921454,-0.413280475718533,0.0,0.0,0.0,0.298952334001219,0.755962267860931,0.0374503896746018
0,-1.0,-0.203290251921454,-0.411298315163528,0.0,0.0,0.0,0.305895908424783,0.745047504244733,0.0385635106239283
0,-1.0,-0.203290251921454,-0.413280475718533,0.0,0.0,0.0,0.309385413256348,0.742129005509789,0.0388925398923756
0,-1.0,-0.203290251921454,-0.428,0.0,0.0,0.0,0.315137094073584,0.738763784285962,0.0392868242353514
0,-1.0,-0.203290251921454,-0.448795180722892,0.0,0.0,0.0,0.321902638443261,0.727706072716346,0.0404680447139481
0,-1.0,-0.22783422099144,-0.493670886075949,0.0,0.0,0.0,0.336348744107512,0.721064374219899,0.0409930131511703
0,-1.0,-0.290085138331146,-0.519480519480519,0.0,0.0,0.0,0.358356302807973,0.651586117932231,0.050742300529155
0,-1.0,-0.295157309736465,-0.528535980148883,0.0,0.0,0.0,0.364960646625922,0.639277075630986,0.0529584618368519
0,-1.0,-0.305973211394661,-0.547528517110266,0.0,0.0,0.0,0.369430309140416,0.624011624420136,0.0560353471030018
0,-1.0,-0.32069979278474,-0.555412371134021,0.0,0.0,0.0,0.371323669150798,0.623010083031999,0.0562575555519733
0,-1.0,-0.287219088811279,-0.550335570469799,0.0,0.0,0.0,0.375359842159675,0.614065717660487,0.0582705196053123
0,-1.0,-0.325379140723348,-0.552989130434783,0.0,0.0,0.0,0.378508146477875,0.602989107256025,0.0609888817438753
0,0.0,-0.100368519769554,-0.101639344262295,0.0,0.0,0.0,0.919321211876401,0.899519676797862,0.024668576678762
0,0.0,-0.100368519769554,-0.101639344262295,0.0,0.0,0.0,0.915970191718891,0.901475443725778,0.024575115954324
0,0.0,-0.100368519769554,-0.0927152317880795,0.0,0.0,0.0,0.912825422774966,0.904075194928375,0.024466949341568
0,0.0,-0.100368519769554,-0.0957095709570957,0.0,0.0,0.0,0.909883282790129,0.909120951624629,0.024267739389854
0,0.0,-0.100368519769554,-0.0957095709570957,0.0,0.0,0.0,0.903878145958897,0.91058203263034,0.0242442006211104
0,-1.0,-0.157531654179907,-0.23194168323393,0.0,0.0,0.0,0.320774146343045,0.370560157323132,0.180438822382943
0,-1.0,-0.422435765564828,-0.548596112311015,-0.11727078891258,0.0,0.0,0.588457391958362,0.732385496912458,0.14208672755401
0,-1.0,-0.394204115093082,-0.538947368421053,-0.435967302452316,0.0,0.0,0.584921157806555,0.733044021977211,0.141536136928445
0,-1.0,-0.394204115093082,-0.523517382413088,-0.435967302452316,0.0,0.0,0.580934457272695,0.732349263117654,0.141949082243793
0,-1.0,-0.394204115093082,-0.519269776876268,-0.435967302452316,0.0,0.0,0.579131758475481,0.732307764809503,0.141940004553998
0,-1.0,-0.394204115093082,-0.515090543259557,-0.435967302452316,0.0,0.0,0.577558223212181,0.732469999018202,0.141790563312843
0,-1.0,-0.394204115093082,-0.51195219123506,-0.435967302452316,0.0,0.0,0.575807113595723,0.732495900894675,0.14173023345459
0,-1.0,-0.394204115093082,-0.507905138339921,-0.435967302452316,0.0,0.0,0.573773114563805,0.732963955640222,0.14133669168321
0,-1.0,-0.27101752561843,-0.281612706169823,-0.0076687116564417,-0.0006490134994807,0.0,1.0,1.0,0.108551361533713
1,1.0,1.0,1.0,-1.0,-1.0,-1.0,1.0,1.0,0.108239180010433
1,1.0,1.0,1.0,-1.0,-1.0,-1.0,1.0,1.0,0.110527865278161
0,-1.0,-0.196125222392027,-0.188440698374473,-0.217654171704958,-0.0415534601246604,0.0,0.980358875002212,0.995269678237238,0.040027620421018
0,-1.0,-0.19135262153863,-0.181653590826795,-0.217654171704958,-0.0415534601246604,0.0,0.983584840398356,0.995890295552644,0.0386485849425404
0,-1.0,-0.0758055340888162,-0.0400890868596882,0.0,-0.33872502378687,0.0,0.278521659060717,0.400088737234133,0.0468367516239232
0,-1.0,-0.105618869887541,-0.080952380952381,0.0,-0.302463891248938,0.0,0.343185815545786,0.478307842147198,0.0444436169385383
0,-1.0,-0.108288211323234,-0.0827250608272506,0.0,-0.33872502378687,0.0,0.342488266438776,0.481942824761682,0.044704746622281
0,-1.0,-0.109823420781314,-0.0843672456575682,0.0,-0.33872502378687,0.0,0.368538132749727,0.50283310327558,0.0433835412571703
0,-1.0,-0.109823420781314,-0.0923076923076923,0.0,-0.34529582929195,0.0,0.374195164002,0.513723681726522,0.0434063155557788
0,-1.0,-0.142142964315367,-0.100515463917526,0.0,-0.34529582929195,0.0,0.37355934641065,0.517163169812254,0.0436209151434589
0,-1.0,-0.155998191322232,-0.113989637305699,0.0,0.0,0.0,0.378919258139225,0.522535961240299,0.0434171852276722
0,-1.0,-0.155998191322232,-0.126288659793814,0.0,0.0,0.0,0.388366815732338,0.530848700339226,0.0430614367902076
0,-1.0,-0.155998191322232,-0.130769230769231,0.0,0.0,0.0,0.39727431463016,0.539780639527917,0.0427924819875122
0,-1.0,-0.155998191322232,-0.14030612244898,0.0,0.0,0.0,0.396408299447927,0.542203064988978,0.0430000526417863
0,-1.0,-0.155998191322232,-0.142857142857143,0.0,0.0,0.0,0.397685189084582,0.544268728662276,0.0430001602229384
0,-1.0,-0.155998191322232,-0.146153846153846,0.0,0.0,0.0,0.400933052089909,0.547656479128636,0.0428775908268142
0,-1.0,-0.155998191322232,-0.146153846153846,0.0,-0.34529582929195,0.0,0.403817614508156,0.551251833442562,0.0427920084653944
0,-1.0,-0.181951315625005,-0.146153846153846,0.0,-0.34529582929195,0.0,0.403764483996977,0.5530685630666,0.0428564007073977
0,-1.0,-0.191177454772231,-0.151282051282051,0.0,-0.34529582929195,0.0,0.405892777345655,0.555890062889807,0.0427952152691308
0,-1.0,-0.191177454772231,-0.153846153846154,0.0,-0.381868131868132,0.0,0.410070227446186,0.560284488963406,0.0426453968981666
0,-1.0,-0.191177454772231,-0.153452685421995,0.0,-0.381868131868132,0.0,0.410463693311657,0.566217424350166,0.0428672668308379
0,-1.0,-0.191177454772231,-0.153846153846154,0.0,-0.381868131868132,0.0,0.411175563198282,0.566885404084856,0.0428770337591925
0,-1.0,-0.20519493601768,-0.147286821705426,0.0,-0.381868131868132,0.0,0.415139904750698,0.568917308064387,0.0429597021966579
0,-1.0,-0.20519493601768,-0.147286821705426,0.0,-0.381868131868132,0.0,0.412931820387049,0.567439024596531,0.0431715166530681
0,-1.0,-0.211137711650348,-0.147668393782383,0.0,-0.381868131868132,0.0,0.4142069642024,0.567719824800895,0.0431924209782259
0,-1.0,-0.211137711650348,-0.14621409921671,0.0,-0.351431391905232,0.0,0.419849544214878,0.570256657402374,0.0430319574922916
0,-1.0,-0.201187981619141,-0.138297872340426,0.0,-0.351431391905232,0.0,0.410752938273394,0.564901702951802,0.0436445274662205
0,-1.0,-0.20746706394332,-0.136363636363636,0.0,-0.351431391905232,0.0,0.404248564022729,0.561157821236259,0.044054051935335
0,-1.0,-0.21337986320065,-0.127717391304348,0.0,-0.351431391905232,0.0,0.406339564605313,0.562348089575609,0.0439766235420965
0,-1.0,-0.194439127035963,-0.112947658402204,0.0,-0.351431391905232,0.0,0.404992561548191,0.561770674423174,0.0441191155856114
0,-1.0,-0.161186680636228,-0.105849582172702,0.0,-0.351431391905232,0.0,0.387075378512084,0.550694485005945,0.0452694170025848
0,-1.0,-0.158024103942459,-0.106145251396648,0.0,-0.351431391905232,0.0,0.392048425844786,0.552398707710483,0.0450359895164329
0,-1.0,-0.153162652442957,-0.103351955307263,0.0,-0.351431391905232,0.0,0.384515680485812,0.546377004731432,0.0455820588566894
0,-1.0,-0.153162652442957,-0.100558659217877,0.0,-0.351431391905232,0.0,0.370559693353381,0.537377118096547,0.046533224314522
0,0.0,-0.443558755145298,-0.623529411764706,0.0,0.0,0.0,0.966872315996107,0.982582620901059,0.136111560409821
0,0.0,-0.453304412643835,-0.62202380952381,0.0,0.0,0.0,0.972506037634082,0.985507686875569,0.136106832044557
0,0.0,-0.453304412643835,-0.62089552238806,0.0,0.0,0.0,0.976397488244928,0.98755250668676,0.136188643227041
0,0.0,-0.453304412643835,-0.629850746268657,0.0,0.0,0.0,0.977741780520769,0.988242054082629,0.136478301502779
0,0.0,-0.453304412643835,-0.627627627627628,0.0,0.0,0.0,0.982478252582651,0.990752841486515,0.135883948929781
0,0.0,-0.465057971800043,-0.632835820895522,0.0,0.0,0.0,0.987181862716841,0.993218709739128,0.135786978113266
0,0.0,-0.465057971800043,-0.638805970149254,-1.0,0.0,0.0,0.9931573469828,0.996362442518929,0.135490066763032
0,0.0,-0.465057971800043,-0.646198830409357,-1.0,0.0,0.0,0.996588757607637,0.998182654595728,0.135789713727593
0,0.0,-0.481815284481229,-0.663768115942029,-1.0,0.0,0.0,1.0,1.0,0.135749216152392
1,1.0,1.0,1.0,-1.0,-1.0,0.0,1.0,1.0,0.135722923297462
1,1.0,1.0,1.0,-1.0,-1.0,-1.0,1.0,1.0,0.135726955153811
1,1.0,1.0,1.0,-1.0,-1.0,-1.0,1.0,1.0,0.135268226707943
1,1.0,1.0,1.0,-1.0,-1.0,-1.0,1.0,1.0,0.135984714388099
1,1.0,1.0,1.0,-1.0,-1.0,-1.0,1.0,1.0,0.135627345272817
1,1.0,1.0,1.0,-1.0,-1.0,-1.0,1.0,1.0,0.135272543502657
0,-1.0,-0.374474037124801,-0.223756906077348,0.0,-1.0,0.0,1.0,1.0,0.136357927806862
0,-1.0,-0.374474037124801,-0.209944751381215,0.0,-1.0,0.0,0.990225604586194,0.996115396450243,0.136321353576811
0,-1.0,-0.329237759580776,-0.200534759358289,0.0,-0.388268156424581,0.0,0.975598573507897,0.990420336167484,0.135872850652166
0,-1.0,-0.279970588782375,-0.178191489361702,0.0,-0.388268156424581,0.0,0.94388801366816,0.978256541663596,0.136569243922632
0,-1.0,-0.235274995633653,-0.155080213903743,0.0,-0.388268156424581,0.0,0.907534853669383,0.964523349515085,0.137938482229883
0,-1.0,-0.193041349532667,-0.116022099447514,0.0,-0.351431391905232,0.0,0.872957915570652,0.951339073621052,0.140228752655098
0,-1.0,-0.153162652442957,-0.103064066852368,0.0,-0.351431391905232,0.0,0.859863615234882,0.946532629690727,0.140418093071635
0,-1.0,-0.459725540215006,-0.574944071588367,-0.488549618320611,0.0,0.0,0.846935041665087,0.958247200044006,0.13179068444082
0,-1.0,-0.459725540215006,-0.577181208053691,-0.141025641025641,0.0,0.0,0.856272680677102,0.960793346697751,0.131134273825152
0,-1.0,-0.47926315181493,-0.589041095890411,-0.488549618320611,0.0,0.0,0.871114620456207,0.964590271608535,0.130460887901392
0,-1.0,-0.478218423829411,-0.605990783410138,-0.488549618320611,0.0,0.0,0.884969245198897,0.967896581433901,0.130210745354933
0,-1.0,-0.222114533389338,-0.265068049254699,0.0,0.0,0.0,0.463530115611931,0.302899018137393,0.0205541092230209
0,-1.0,-0.222114533389338,-0.263326910725755,0.0,0.0,0.0,0.464166335545288,0.303103457147418,0.0219196627365835
0,0.0,-0.641640845163123,0.0,0.0,0.0,0.0,1.0,1.0,0.0130865354947544
1,0.0,1.0,0.0,0.0,0.0,0.0,1.0,1.0,0.0125319908197973
0,0.0,-1.0,0.0,0.0,0.0,0.0,1.0,1.0,0.0123375183531365
1,0.0,1.0,0.0,0.0,0.0,0.0,1.0,1.0,0.0119849085660601
0,0.0,-1.0,-1.0,0.0,0.0,0.0,1.0,1.0,0.0118993221922419
0,0.0,-1.0,-1.0,0.0,0.0,0.0,0.998020736457805,0.999936899972349,0.0118281048002063
0,0.0,-1.0,-1.0,0.0,0.0,0.0,0.997692938188188,0.999927775610923,0.0119248868482462
0,0.0,-1.0,-1.0,0.0,0.0,0.0,1.0,1.0,0.0118105306285506
1,0.0,1.0,1.0,0.0,0.0,0.0,1.0,1.0,0.0120637910730032
1,0.0,1.0,1.0,0.0,0.0,0.0,1.0,1.0,0.0121613706763601
0,0.0,-0.236940120942826,0.0,0.0,0.0,0.0,1.0,1.0,0.0126711723460538
0,0.0,-0.203807104162321,0.0,0.0,0.0,0.0,0.818780338378931,0.953606929862979,0.0136231537886337
0,-1.0,-0.225758257943081,-0.190972222222222,0.0,0.0,0.0,0.0810815635028331,0.0639781134947214,0.152684540011761
1,-1.0,-0.216181763039827,-0.212384259259259,0.0,0.0,0.0,0.0802603924283129,0.0692210108081976,0.155630957812333
1,-1.0,-0.240547831976937,-0.212456344586729,0.0,0.0,0.0,0.0783885267361548,0.0703224322872798,0.154854470113995
0,-1.0,-0.216714813460414,-0.232281119714116,-0.0018999366687777,0.0,0.0,0.0738368376340019,0.0721177097650908,0.152318024169377
0,-1.0,-0.180144170379725,-0.247883917775091,-0.0099317194289261,0.0,0.0,0.0798455138800609,0.0764560563856905,0.156419000453588
0,-1.0,-0.180144170379725,-0.254093389933293,-0.0159468438538206,0.0,0.0,0.0816355102342461,0.0779540025649939,0.157378698217418
0,-1.0,-0.174752480537511,-0.259054634745242,0.0,0.0,0.0,0.0825529341971799,0.0790906403713253,0.157261973146387
0,-1.0,-0.222114533389338,-0.264232673267327,0.0,0.0,0.0,0.0855787642255221,0.080899143100941,0.158800573616565
0,-1.0,-0.222114533389338,-0.260403530895334,-0.108374384236453,-0.141466705213453,-0.195121951219512,0.0875982328328896,0.0821285976513047,0.15819219858487
0,-1.0,-0.222114533389338,-0.259282970550576,0.0,0.0,0.0,0.094210630877224,0.0849386308767134,0.16073152095302
0,-1.0,-0.194451094931495,-0.230665770006725,0.0,0.0,0.0,0.11281859537145,0.0925568998395716,0.169522615960549
0,-1.0,-0.194451094931495,-0.225188227241615,0.0,0.0,0.0,0.113907167708675,0.0928887910577001,0.167862066562616
0,-1.0,-0.156397881369627,-0.207988980716253,0.0,0.0,0.0,0.122207626724881,0.0962658814404383,0.172210755949356
0,-0.140458821755787,-0.197008970207054,-0.135593220338983,0.0,0.0,0.0,0.580176259092731,0.841611236771495,0.170975578363456
0,-0.140458821755787,-0.154047877172932,-0.136170212765957,0.0,0.0,0.0,0.589366064006066,0.841831351308447,0.17056725215948
0,-0.140458821755787,-0.154047877172932,-0.140969162995595,0.0,0.0,0.0,0.598113985285692,0.841756702040724,0.170385899796265
0,-0.140458821755787,-0.161441649761747,-0.141592920353982,0.0,0.0,0.0,0.598689932988959,0.840442722652875,0.171193576703958
0,-0.140458821755787,-0.170735713205616,-0.142857142857143,0.0,0.0,0.0,0.611225204803264,0.842126993161012,0.169895178294886
0,-0.140458821755787,-0.175143400156358,-0.126168224299065,0.0,0.0,0.0,0.620535239328667,0.841663596768861,0.170062971173234
0,-0.140458821755787,-0.175143400156358,-0.122641509433962,0.0,0.0,0.0,0.628144655797348,0.841223677206194,0.170330448907645
0,-0.140458821755787,-0.236258351502426,-0.127962085308057,0.0,0.0,0.0,0.641442741402127,0.84190207073548,0.169845841471749
0,-0.140458821755787,-0.236258351502426,-0.137931034482759,0.0,0.0,0.0,0.64891056151392,0.84087107038209,0.170726096746193
0,-0.140458821755787,-0.250270677982753,-0.154228855721393,0.0,-0.123456790123457,-1.0,0.65641301366929,0.840382636479037,0.171263563595304
0,-0.140458821755787,-0.206949827031992,-0.168316831683168,0.0,-0.123456790123457,-1.0,0.654635010426509,0.838366154279906,0.172927583158395
0,-0.140458821755787,-0.206949827031992,-0.180487804878049,0.0,-0.123456790123457,-1.0,0.662082221249317,0.839281090430606,0.172365569803104
0,-0.140458821755787,-0.242304944377725,-0.173913043478261,0.0,-0.123456790123457,-1.0,0.665436600054186,0.838506799568232,0.173166266034102
0,-0.140458821755787,-0.242304944377725,-0.168269230769231,0.0,-0.0775193798449612,-1.0,0.668498734242445,0.837907967684347,0.173833466261186
0,-1.0,-0.486218832341312,-0.624078624078624,-0.352051835853132,0.0,0.0,1.0,1.0,0.14794738495268
0,-1.0,-0.443479773378272,-0.577181208053691,-0.285714285714286,0.0,0.0,0.954839894260558,0.98336767348885,0.14687232394862
0,-1.0,-0.434963795576291,-0.545647558386412,-0.543596730245232,0.0,0.0,0.922327723604515,0.973059901582693,0.143742196062833
0,-1.0,-0.434963795576291,-0.518145161290323,-0.435967302452316,0.0,0.0,0.879822034674532,0.958999375234947,0.14541834309508
0,-1.0,-0.394204115093082,-0.51503006012024,-0.435967302452316,0.0,0.0,0.865918197546778,0.956138088209519,0.1422029600695
0,-1.0,-0.378509845502055,-0.507128309572301,-0.141025641025641,0.0,0.0,0.820681560108873,0.943876822492464,0.140488875606485
0,-1.0,-0.352316768077407,-0.527472527472527,0.0,0.0,0.0,0.771183764990593,0.930009736345162,0.14071176248101
0,-1.0,-0.33432001134184,-0.536470588235294,0.0,0.0,0.0,0.732289197682111,0.920565237376622,0.139382439353566
0,-1.0,-0.349202715051908,-0.536764705882353,0.0,0.0,0.0,0.691706322200442,0.908157094786472,0.141349759509596
0,-1.0,-0.225758257943081,-0.19047619047619,0.0,0.0,0.0,0.877643586731411,0.984526905614902,0.146252336002668
0,-1.0,-0.250716863755253,-0.182983682983683,0.0,0.0,0.0,0.876507084903676,0.984404796573761,0.144628476362032
0,-1.0,-0.170507820393249,-0.214237288135593,0.0,0.0,0.0,0.890668923010294,0.91252494124318,0.0100911611446302
0,-1.0,-0.17955349586181,-0.213070115724983,0.0,0.0,0.0,0.334691211180113,0.287952922740477,0.0099449007037645
0,-1.0,-0.17955349586181,-0.202462380300958,0.0,0.0,0.0,0.334200231518016,0.287490663587337,0.0083804450912582
0,-1.0,-0.17955349586181,-0.194672131147541,0.0,0.0,0.0,0.333225683394738,0.287131985285708,0.0069748379702733
0,-1.0,-0.175219647539164,-0.188316151202749,0.0,0.0,0.0,0.334260797415836,0.286859750748203,0.0035613372226052
0,-1.0,-0.175219647539164,-0.176268861454047,0.0,0.0,0.0,0.334612789145682,0.286591997804711,0.0013183514637183
1,1.0,1.0,1.0,0.0,-1.0,0.0,1.0,1.0,0.0781932946667954
0,0.0,0.0,-0.0030674846625766,0.0,0.0,0.0,1.0,1.0,0.0778593409958193
0,-1.0,-0.209189137838265,-0.247851949768672,0.0,0.0,0.0,0.102816093190282,0.293360682862154,0.0043440592536718
0,-1.0,-0.232899917118432,-0.249834765366821,0.0,0.0,0.0,0.017282683149365,0.543149682893009,0.0031428477562459
0,-1.0,-0.232899917118432,-0.24901185770751,0.0,0.0,0.0,0.0135956100327454,0.550687298063981,0.0026019751954607
0,-1.0,-0.209250676437652,-0.256176853055917,-0.0100925147182506,0.0,0.0,0.709134847164232,0.852357058232437,0.0006871082607245
0,0.0,-0.547839770037211,-0.990654205607477,0.0,0.0,0.0,0.483511135037739,0.974027530515768,0.068207743305583
0,0.0,-0.616326508657983,-0.9921875,0.0,0.0,0.0,0.523881763681357,0.976564109502378,0.0679737519621366
0,0.0,-0.616326508657983,-0.992805755395683,0.0,0.0,0.0,0.559737904173729,0.978637402011041,0.0677652084601427
0,0.0,-0.673384279911403,-0.993333333333333,0.0,0.0,0.0,0.595832575007372,0.98062692373253,0.0675407675110656
0,0.0,-0.703265799421326,-0.993377483443709,0.0,0.0,0.0,0.632144609607613,0.982467087493486,0.0674252115517188
0,0.0,-0.703265799421326,-0.993788819875776,0.0,0.0,0.0,0.66414835267518,0.983921166865307,0.0674873466421566
0,0.0,-0.703265799421326,-0.994047619047619,0.0,0.0,0.0,0.697072560582184,0.985481289724542,0.067412457285273
0,0.0,-0.796383602827953,-0.994152046783626,0.0,0.0,0.0,0.725759960865174,0.986694011115225,0.0675646702994177
0,0.0,-0.796383602827953,-0.994285714285714,0.0,0.0,0.0,0.761531296147299,0.988387142737788,0.0674292879708402
0,0.0,-0.805650907751628,-0.99438202247191,0.0,0.0,0.0,0.802663364232539,0.990202983434162,0.0675135155361557
0,0.0,-0.805650907751628,-0.994413407821229,0.0,0.0,0.0,0.845477913555436,0.992102012354909,0.0677030818544752
0,0.0,-0.805650907751628,-0.994623655913978,0.0,0.0,0.0,0.893067862240342,0.994305386641909,0.0679112805597496
0,0.0,-0.814111375280051,-0.994764397905759,0.0,0.0,0.0,0.950151140703893,0.997209050845233,0.0682290365146507
0,0.0,-0.826391471671774,-0.994791666666667,0.0,0.0,0.0,1.0,1.0,0.0691400800345107
1,0.0,1.0,1.0,0.0,0.0,0.0,1.0,1.0,0.0703476733391575
1,0.0,1.0,1.0,0.0,0.0,0.0,1.0,1.0,0.0714632118712566
1,0.0,1.0,1.0,0.0,0.0,0.0,1.0,1.0,0.0721376539724643
1,0.0,1.0,1.0,0.0,0.0,0.0,1.0,1.0,0.0737945791169103
1,0.0,1.0,1.0,0.0,0.0,0.0,1.0,1.0,0.0741550326292389
0,0.0,-0.109271755732035,-0.0049019607843137,0.0,0.0,0.0,1.0,1.0,0.0774275658520937
0,0.0,-0.109271755732035,-0.0048780487804878,0.0,0.0,0.0,0.903255950355273,0.990964226807242,0.0796697415868586
0,-1.0,-0.103919540808454,-0.53515625,0.0,0.0,0.0,0.0917880326441454,0.529414541029885,0.202726548992365
0,-1.0,-0.103919540808454,-0.533073929961089,0.0,0.0,0.0,0.103675378526767,0.52968782497266,0.203985726424218
0,-1.0,-0.0993778892642591,-0.544061302681992,0.0,0.0,0.0,0.115613106381403,0.531570813426566,0.203398351408237
0,-1.0,-0.102162667345136,-0.555970149253731,0.0,0.0,0.0,0.130386925859141,0.529849776777278,0.20815919224012
0,-1.0,-0.106765600600688,-0.555970149253731,0.0,0.0,0.0,0.14196823137023,0.512799340803714,0.449439322560072
0,-1.0,-0.184452183749592,-0.568840579710145,0.0,0.0,0.0,0.146236616896511,0.515255474540906,0.449228517581307
0,-1.0,-0.184452183749592,-0.573476702508961,0.0,0.0,0.0,0.150203329064952,0.516540901454072,0.451189625531224
0,-1.0,-0.184452183749592,-0.573476702508961,0.0,0.0,0.0,0.151874094073858,0.517087296137512,0.451939102656808
0,-1.0,-0.184452183749592,-0.576512455516014,0.0,0.0,0.0,0.194965144914763,0.551576364589312,0.418254197851588
0,-1.0,-0.184452183749592,-0.579505300353357,0.0,0.0,0.0,0.198266614567593,0.553459819766182,0.417769217569622
0,-1.0,-0.197040406330117,-0.592592592592593,0.0,0.0,0.0,0.203218576759538,0.555972175322911,0.417611628610418
0,-1.0,-0.152226540883684,-0.551181102362205,0.0,0.0,0.0,0.0788693920551416,0.553293557422764,0.158740003077643
0,-1.0,-0.152226540883684,-0.549407114624506,0.0,0.0,0.0,0.0724503306149696,0.545040158798833,0.160547274197477
0,-1.0,-0.152226540883684,-0.545454545454545,0.0,0.0,0.0,0.0653250158439191,0.541856719583066,0.159349098324781
0,-1.0,-0.128753550186305,-0.529880478087649,0.0,0.0,0.0,0.037576485820432,0.469159467235598,0.109758968718333
0,0.0,-0.52995565771355,-0.98780487804878,0.0,0.0,0.0,0.166147696489048,0.82877751115551,0.0179932673117788
0,0.0,-0.52995565771355,-0.984126984126984,0.0,0.0,0.0,0.158639691149362,0.822475892006228,0.016646428369716
0,0.0,-0.492997778081801,-0.975609756097561,0.0,0.0,0.0,0.152824399917088,0.815461494245692,0.0165551197555328
0,0.0,-0.492997778081801,-0.964285714285714,0.0,0.0,0.0,0.149902691088827,0.813342753432267,0.015204211790665
0,0.0,-0.428204905493495,-0.954545454545455,0.0,0.0,0.0,0.143484492252548,0.806088128544712,0.014532886047073
0,0.0,-0.300989912625188,-0.9375,0.0,0.0,0.0,0.130059219572065,0.799039572852257,0.0136823150576163
0,0.0,-0.300989912625188,-0.9375,0.0,0.0,0.0,0.104485812993013,0.785415007084778,0.0131815423199571
0,0.0,-0.437982647335359,-0.909090909090909,0.0,0.0,0.0,0.080790881356185,0.767318190713336,0.0132953855032055
0,0.0,-0.406554005062545,-0.714285714285714,0.0,0.0,0.0,0.0582336293254659,0.741785706138963,0.01412261622768
0,0.0,-0.360677684448623,-0.714285714285714,0.0,0.0,0.0,0.0511447769987516,0.730648520185056,0.0143747456220907
0,0.0,-0.360677684448623,-0.714285714285714,0.0,0.0,0.0,0.0476599471228265,0.721046195150726,0.0151623860927417
0,0.0,-0.360677684448623,-0.714285714285714,0.0,0.0,0.0,0.0439576394853636,0.714015913742771,0.0150517357546094
0,0.0,-0.360677684448623,-0.714285714285714,0.0,0.0,0.0,0.036627522318736,0.689033007746693,0.0155536262246314
0,0.0,-0.438857392908536,-0.714285714285714,0.0,0.0,0.0,0.0405834159354297,0.667650495144977,0.017561023010437
0,0.0,-0.406578006833477,0.0,0.0,0.0,0.0,0.653509517810433,0.981709780035358,0.10216869586471
1,0.0,1.0,1.0,-1.0,0.0,0.0,1.0,1.0,0.0964132486744659
1,0.0,1.0,1.0,-1.0,0.0,0.0,1.0,1.0,0.0954291779023617
1,0.0,1.0,1.0,0.0,0.0,0.0,1.0,1.0,0.0936673986164833
0,0.0,-0.255078055451381,-0.142857142857143,0.0,0.0,0.0,1.0,1.0,0.0961067390336271
0,0.0,-0.255078055451381,-0.142857142857143,0.0,0.0,0.0,0.98389460862079,0.999193313842943,0.0955338438799984
0,0.0,-0.235056815044388,-0.142857142857143,0.0,0.0,0.0,0.915213444026327,0.995835085871589,0.0953558504313917
0,0.0,-0.235056815044388,-0.125,0.0,0.0,0.0,0.822969772011213,0.991013359439947,0.0964757694651156
0,0.0,-0.235056815044388,0.0,0.0,0.0,0.0,0.79647356624899,0.98999689383748,0.0959461596028652
0,-0.836588618013349,-0.208777050856675,-0.384259259259259,0.0,0.0,0.0,1.0,1.0,0.137125629141607
1,1.0,1.0,1.0,-1.0,0.0,0.0,1.0,1.0,0.141765577260679
1,1.0,1.0,1.0,-1.0,0.0,0.0,1.0,1.0,0.143979348038298
0,-0.140458821755787,-0.262233794916661,-0.196153846153846,0.0,0.0,0.0,1.0,1.0,0.148971829832085
0,-0.140458821755787,-0.262233794916661,-0.186770428015564,0.0,0.0,0.0,0.967080010376276,0.992784889081298,0.151269804134513
0,-0.140458821755787,-0.251706548534682,-0.200772200772201,0.0,0.0,0.0,0.963076304613478,0.992048490284855,0.149945893181875
0,-0.140458821755787,-0.240519775076223,-0.175097276264591,0.0,0.0,0.0,0.826091035938141,0.980399623229249,0.0963362118187066
0,-0.140458821755787,-0.240519775076223,-0.143426294820717,0.0,0.0,0.0,0.814351753523049,0.977235998011204,0.0953075162194767
0,-0.140458821755787,-0.236597592220115,-0.127490039840637,0.0,0.0,0.0,0.751624880935278,0.963981801590114,0.097341738211127
0,-0.140458821755787,-0.236597592220115,-0.119521912350598,0.0,0.0,0.0,0.718737566386497,0.956583426344982,0.0989597015210818
0,-0.140458821755787,-0.216701657550949,-0.127490039840637,0.0,0.0,0.0,0.670147557003976,0.945302514502673,0.100102906717591
0,-0.140458821755787,-0.212220450465232,-0.121951219512195,0.0,0.0,0.0,0.628713173248744,0.935041482219578,0.101263609890383
0,0.0,-0.0676125809180014,-0.033434650455927,-0.0097087378640776,-0.0160450997398092,-0.173469387755102,0.85761371694515,0.949717821831289,0.562935750290151
0,0.0,-0.0512396042155687,-0.0363636363636364,-0.0097087378640776,-0.0160450997398092,-0.173469387755102,0.859210810582359,0.950231401826959,0.562620511315489
0,0.0,-0.0512396042155687,-0.0364741641337386,-0.0097087378640776,-0.0160450997398092,-0.173469387755102,0.862584375712695,0.951338717836668,0.561628338336705
0,0.0,-0.0512396042155687,-0.0373831775700935,-0.0097087378640776,-0.0160450997398092,-0.173469387755102,0.865891829716611,0.952427395155699,0.561013523050092
0,0.0,-0.0539134999054648,-0.0536277602523659,-0.0097087378640776,-0.0160450997398092,-0.173469387755102,0.867718253604577,0.953024414871839,0.560961628848366
0,0.0,-0.0539134999054648,-0.0605095541401274,-0.0097087378640776,-0.0160450997398092,-0.173469387755102,0.869629180241268,0.953660854320267,0.560595773035286
0,0.0,-0.0539134999054648,-0.0709677419354839,-0.193037974683544,-0.0160450997398092,-0.173469387755102,0.874875965560533,0.955437365308757,0.559003844558514
0,0.0,-0.082828214455394,-0.0822368421052632,-0.4140625,-0.0178916827852998,-0.53125,0.880082706383598,0.957206687805748,0.558125681873843
0,0.0,-0.0852999886216156,-0.097972972972973,-0.4140625,-0.0163572060123784,-0.53125,0.883860009220321,0.958506818655555,0.557798280879118
0,0.0,-0.087923725273293,-0.114478114478114,-0.4140625,-0.0163572060123784,-0.53125,0.957526100482841,0.983587841874647,0.565029887003588
0,0.0,-0.087923725273293,-0.149152542372881,-0.4140625,-0.0163572060123784,-0.53125,0.960591829974157,0.984621012249985,0.564854059445937
0,0.0,-0.13457584708122,-0.16382252559727,-0.53416149068323,-0.0163572060123784,-0.53125,0.963735169884602,0.985682565878948,0.564366982739714
0,0.0,-0.13457584708122,-0.171328671328671,-0.605263157894737,-0.0163572060123784,-0.53125,0.968332382268522,0.98726945240775,0.563388656961235
0,0.0,-0.168991814006275,-0.175438596491228,-0.605263157894737,-0.0163572060123784,-0.53125,0.970738193240972,0.988122759225006,0.563501701079869
0,0.0,-0.168991814006275,-0.189473684210526,-0.717628705148206,-0.0163572060123784,-0.53125,0.973241598316699,0.989007814738909,0.563162235765609
0,0.0,-0.168991814006275,-0.193661971830986,-0.76158940397351,-0.0163572060123784,-0.53125,0.974998172193285,0.98964338207028,0.563105640950548
0,0.0,-0.175771357244995,-0.201413427561837,-0.76158940397351,-0.0163572060123784,-0.53125,0.977409893343441,0.990521624489931,0.562669987627951
0,0.0,-0.175771357244995,-0.213523131672598,-0.984819734345351,-0.0163572060123784,-0.53125,0.980696907834146,0.991730452305566,0.562096046095245
0,0.0,-0.175771357244995,-0.213523131672598,-0.988795518207283,-0.195298372513562,-0.926108374384236,0.994598309116856,0.997962483634859,0.592357595447993
0,0.0,-0.196130462705316,-0.214285714285714,-0.988795518207283,-0.195298372513562,-0.926108374384236,0.997044733560501,0.998882761236176,0.591868507214439
0,0.0,-0.196130462705316,-0.240282685512367,-0.992967651195499,-0.195298372513562,-0.926108374384236,1.0,1.0,0.591368190110336
1,1.0,1.0,1.0,-1.0,-1.0,-1.0,1.0,1.0,0.588575025247327
1,1.0,1.0,1.0,-1.0,-1.0,-1.0,1.0,1.0,0.588494844215917
0,0.0,-0.422143877429478,-0.547892720306513,0.0,-0.398032200357782,-0.0655021834061135,1.0,1.0,0.588562970755641
0,0.0,-0.360677684448623,-0.714285714285714,0.0,0.0,0.0,0.0869219939131675,0.655820726986264,0.0320091558009745
0,0.0,-0.360677684448623,-0.714285714285714,0.0,0.0,0.0,0.150569890440619,0.838230127594914,0.0192371165081202
0,0.0,-0.474512607816497,-0.714285714285714,0.0,0.0,0.0,0.148651750715366,0.842847407867661,0.0188477164360996
0,0.0,-0.474512607816497,-0.833333333333333,0.0,0.0,0.0,0.146044329424028,0.846130999615695,0.0194031586140126
0,0.0,-0.437982647335359,-0.833333333333333,0.0,0.0,0.0,0.147905711475171,0.852850358804963,0.018669118915474
0,0.0,-0.437982647335359,-0.923076923076923,0.0,0.0,0.0,0.149997957755518,0.858338095057724,0.0189999252284552
0,0.0,-0.300989912625188,-0.9375,0.0,0.0,0.0,0.152645938536661,0.863730918716739,0.01954981659697
0,0.0,-0.428204905493495,-0.954545454545455,0.0,0.0,0.0,0.155295273342162,0.865472813225392,0.0208403761822587
0,0.0,-0.428204905493495,-0.956521739130435,0.0,0.0,0.0,0.157847949219761,0.865515780634192,0.0217740173417993
0,0.0,-0.492997778081801,-0.975,0.0,0.0,0.0,0.164457821825073,0.871502704215821,0.0216499531628583
0,0.0,-0.52995565771355,-0.984848484848485,0.0,0.0,0.0,0.1730798380924,0.87137892772098,0.0235870514399253
0,0.0,-0.572903736323577,-0.988505747126437,0.0,0.0,0.0,0.181561964352118,0.875847079325694,0.02412424669447
0,0.0,-0.547839770037211,-0.98989898989899,0.0,0.0,0.0,0.197430352543804,0.879606243717699,0.0259341448998893
0,0.0,-0.547839770037211,-0.990654205607477,0.0,0.0,0.0,0.212998917669984,0.877103579699613,0.0288346642781655
0,-1.0,-0.0907468567849174,-0.114707952146376,0.0,-0.151021775544389,-0.229437229437229,0.254022843883287,0.738385769988873,0.379045025307139
0,-1.0,-0.0879433872380831,-0.0968421052631579,-0.45748987854251,-0.109396233741021,-0.229437229437229,0.286096159531569,0.734143202073904,0.385692003063067
0,-1.0,-0.0879433872380831,-0.0947368421052632,-0.45748987854251,-0.109396233741021,-0.229437229437229,0.286272361881902,0.733997279277078,0.385876907922522
0,-1.0,-0.0861330536537405,-0.0865862313697658,-0.45748987854251,-0.187974314068885,-0.883333333333333,0.0022121596004971,0.538641075701107,0.208013620474114
0,-1.0,-0.0881774890595986,-0.0843373493975904,-0.506726457399103,-0.174282842341297,-0.946428571428571,0.0414431405635774,0.534282874134406,0.201454757186803
0,-1.0,-0.0655205535536169,-0.0826855123674912,-0.506726457399103,-0.174282842341297,-0.946428571428571,0.0424464644405916,0.533429974461151,0.202196683655474
0,-1.0,-0.0655205535536169,-0.0815752461322082,-0.513636363636364,-0.174282842341297,-0.946428571428571,0.0448602048958368,0.532936030565834,0.202406826568215
0,-1.0,-0.0444839551029111,-0.0735395189003436,-0.696581196581197,-0.148533772652389,-0.946428571428571,0.0890673229534854,0.531881898023379,0.198426164120327
0,-1.0,-0.180075703041226,-0.208653175157013,0.0,0.0,0.0,0.180746460989407,0.221817137105095,0.0802805204864896
0,-1.0,-0.642003479027431,-1.0,0.0,0.0,0.0,0.864372586873557,0.972262871066281,0.0417130254058838
0,-1.0,-0.642003479027431,-1.0,0.0,0.0,0.0,0.859897326743293,0.969930999198368,0.0412040179824552
0,-1.0,-0.642003479027431,-1.0,0.0,0.0,0.0,0.855653277389825,0.967570363953299,0.0410587560447314
0,-1.0,-0.642003479027431,-1.0,0.0,0.0,0.0,0.853480912367284,0.966432604407897,0.0408922612575504
0,-1.0,-0.642003479027431,-1.0,0.0,0.0,0.0,0.851741765126991,0.965581744396011,0.0406649345163311
0,-1.0,-0.642003479027431,-1.0,0.0,0.0,0.0,0.8497082274032,0.964573449442978,0.0404248811831186
0,-1.0,-0.642003479027431,-1.0,0.0,0.0,0.0,0.847413178290536,0.963436962779387,0.0402056879290897
0,0.0,-0.515016715525136,-1.0,0.0,0.0,0.0,0.845153306502368,0.962289436077566,0.0400381054026448
0,0.0,-0.515016715525136,-1.0,0.0,0.0,0.0,0.843242050154035,0.961311359743617,0.0399069909082
0,0.0,-0.515016715525136,-1.0,0.0,0.0,0.0,0.841622699110271,0.96056272113738,0.0396441197656183
0,0.0,-0.515016715525136,-1.0,0.0,0.0,0.0,0.836522154255527,0.958008343648524,0.0393194608825937
0,0.0,-0.515016715525136,-1.0,0.0,0.0,0.0,0.834786010222012,0.957179711999402,0.0391863149895806
0,0.0,-0.515016715525136,0.0,0.0,0.0,0.0,0.833049328499693,0.956385428030973,0.0389794009373478
0,0.0,-0.515016715525136,0.0,0.0,0.0,0.0,0.830673492891909,0.955284236602338,0.0387079676487748
0,0.0,-0.515016715525136,0.0,0.0,0.0,0.0,0.827495661446892,0.953749326072231,0.0384691977090291
0,0.0,-0.414503142023831,0.0,0.0,0.0,0.0,0.824401342146501,0.952091455460358,0.0384934425572361
0,0.0,-0.414503142023831,0.0,0.0,0.0,0.0,0.823373769078927,0.951588638252653,0.0384129276385622
0,0.0,-0.414503142023831,0.0,0.0,0.0,0.0,0.822162879488448,0.951084642989568,0.0381731764325016
0,0.0,-0.414503142023831,0.0,0.0,0.0,0.0,0.819665608740189,0.949803709845204,0.0380578934432682
0,0.0,-0.414503142023831,0.0,0.0,0.0,0.0,0.817629426197708,0.948777010281833,0.0379344307465922
0,0.0,-0.361577488768136,0.0,0.0,0.0,0.0,0.815685898825715,0.947783706029334,0.0378088434916136
0,0.0,-0.361577488768136,0.0,0.0,0.0,0.0,0.813753251869877,0.946787332616178,0.0376872116882147
0,0.0,-0.361577488768136,0.0,0.0,0.0,0.0,0.811820062197536,0.945797916031066,0.0375628847380343
0,0.0,-0.361577488768136,0.0,0.0,0.0,0.0,0.809869547277643,0.944769264079174,0.0374910142552967
0,0.0,-0.361577488768136,0.0,0.0,0.0,0.0,0.808310267011835,0.943980945944267,0.0373532933890503
0,0.0,-0.361577488768136,0.0,0.0,0.0,0.0,0.806339760785184,0.942921952682253,0.0373080214902372
0,0.0,-0.361577488768136,0.0,0.0,0.0,0.0,0.805032987022992,0.942223430681498,0.0372620568335315
0,0.0,-0.361577488768136,0.0,0.0,0.0,0.0,0.803993017842636,0.941674595210122,0.0372110088480373
0,0.0,-0.361577488768136,0.0,0.0,0.0,0.0,0.803018154466177,0.941159681158244,0.0371677253089162
0,0.0,-0.361577488768136,0.0,0.0,0.0,0.0,0.802171657891899,0.940693692207989,0.0371631396544501
0,0.0,-0.361577488768136,0.0,0.0,0.0,0.0,0.80169814881075,0.940463726939769,0.0370951546405381
0,0.0,-0.361577488768136,0.0,0.0,0.0,0.0,0.800807798286363,0.939990168343009,0.0370392014070772
0,0.0,-0.361577488768136,0.0,0.0,0.0,0.0,0.79912828480215,0.939289212658713,0.0368589945906462
1,0.0,1.0,1.0,0.0,-1.0,0.0,1.0,1.0,0.018627341222178
1,0.0,1.0,1.0,0.0,-1.0,0.0,1.0,1.0,0.0181528987480383
1,0.0,1.0,1.0,0.0,-1.0,0.0,1.0,1.0,0.0176207971275425
1,0.0,1.0,1.0,0.0,-1.0,0.0,1.0,1.0,0.0168836599411169
1,0.0,1.0,1.0,0.0,-1.0,0.0,1.0,1.0,0.0161112781776062
0,0.0,-1.0,-1.0,0.0,-0.985915492957746,0.0,1.0,1.0,0.015404047136237
0,0.0,-1.0,-1.0,0.0,-0.985915492957746,0.0,0.998945382481581,0.999805447671914,0.0146131483823624
1,1.0,1.0,1.0,-1.0,-1.0,-1.0,1.0,1.0,0.0675112097473814
1,1.0,1.0,1.0,-1.0,-1.0,-1.0,1.0,1.0,0.0661648247063189
1,1.0,1.0,1.0,-1.0,-1.0,-1.0,1.0,1.0,0.064155491924289
1,1.0,1.0,1.0,-1.0,-1.0,-1.0,1.0,1.0,0.0623260556015396
0,-1.0,-0.191611966392831,-0.252652519893899,0.0,0.0,0.0,0.199611024995583,0.0292638618880875,0.0388718795912934
0,-1.0,-0.191611966392831,-0.245033112582781,0.0,0.0,0.0,0.2057460305383,0.0194469083298327,0.0461776473779311
0,-1.0,-0.191611966392831,-0.242244224422442,0.0,0.0,0.0,0.212647563495119,0.0280469363394977,0.0476740518662647
0,-1.0,-0.191611966392831,-0.243243243243243,0.0,0.0,0.0,0.208615159269337,0.0266805891304775,0.0529616359071534
0,-1.0,-0.191611966392831,-0.241765480895916,0.0,0.0,0.0,0.215437526781597,0.0380883946045574,0.052682186584154
0,-1.0,-0.11915525461577,-0.138349514563107,0.0,0.0,0.0,0.80617105791299,0.970030237711289,0.0107674556509587
0,-1.0,-0.14340448399208,-0.140158439975625,0.0,0.0,0.0,0.805647182521365,0.969413063600819,0.009389299555076
0,-1.0,-0.165155932042857,-0.143552311435523,0.0,-0.180710041139723,-0.0649350649350649,0.80638749087732,0.968884409180042,0.0079470503440509
0,-1.0,-0.111248409078767,-0.137785800240674,0.0,0.0,0.0,0.823043200656732,0.964683165683276,0.0034877574615414
0,-1.0,-0.14340448399208,-0.146268656716418,0.0,0.0,0.0,0.847394375097938,0.963505295112421,0.0032191478872328
0,-1.0,-0.165155932042857,-0.150089338892198,0.0,0.0,0.0,0.850854325448671,0.954002669892728,0.0026423975288577
0,-1.0,-0.165155932042857,-0.155172413793103,0.0,0.0,0.0,0.851127161018354,0.935115746699857,0.0023379867813057
0,-1.0,-0.165155932042857,-0.159050445103858,0.0,0.0,0.0,0.85464434844592,0.945686595552767,0.0026804250497372
0,-1.0,-0.223187611590092,-0.164991129509166,0.0,0.0,0.0,0.871525432165564,0.967485352277473,0.003532318445077
0,-1.0,-0.223187611590092,-0.16577221228384,0.0,0.0,0.0,0.868928883382255,0.975205829281865,0.0067050607515595
0,-1.0,-0.223187611590092,-0.164465786314526,0.0,0.0,0.0,0.868568943254885,0.976298604310451,0.0080773014560035
0,-1.0,-0.223187611590092,-0.164556962025316,0.0,0.0,0.0,0.866940116198634,0.976532030707423,0.0092274635065868
0,-1.0,-0.223187611590092,-0.169799878714372,0.0,0.0,0.0,0.866973736798965,0.976958121326201,0.0101239036193368
0,-1.0,-0.197378452997645,-0.174071819841753,0.0,0.0,0.0,0.864868162290823,0.97701757380898,0.0125332187072711
0,-1.0,-0.197378452997645,-0.176004872107186,0.0,0.0,0.0,0.864576524396287,0.977108320294354,0.0136489652671763
0,-1.0,-0.197378452997645,-0.176077717061324,0.0,0.0,0.0,0.864297600888832,0.977147810060823,0.0147429126895032
0,-1.0,-0.197378452997645,-0.175970873786408,0.0,0.0,0.0,0.864325797055502,0.977215475544247,0.0156991571374982
0,-1.0,-0.197378452997645,-0.182203389830508,0.0,0.0,0.0,0.863902535671113,0.977181637785165,0.0171423229059276
0,-1.0,-0.202115489661842,-0.186327888687235,0.0,0.0,0.0,0.863634514650797,0.977166384601124,0.017925538403369
0,-1.0,-0.227772323748448,-0.194930597465299,0.0,0.0,0.0,0.863287991298054,0.977130374439786,0.0191447747620396
0,-1.0,-0.227772323748448,-0.198802395209581,0.0,0.0,0.0,0.863506488621301,0.977198226856918,0.0203533066774873
0,-1.0,-0.223187611590092,-0.188948306595365,0.0,0.0,0.0,0.863460860452638,0.977117864008941,0.0249775257326478
0,-1.0,-0.358089967102177,-0.482439926062847,0.0,0.0,0.0,0.678833858816007,0.594462362390447,0.292883999509842
0,-1.0,-0.358089967102177,-0.487619047619048,0.0,0.0,0.0,0.691518171304049,0.653806249742682,0.337609418131999
0,-1.0,-0.376235373253061,-0.490234375,-0.141025641025641,0.0,0.0,0.693813621890021,0.654540928446377,0.338297278254438
0,-1.0,-0.405413932363252,-0.5,-0.141025641025641,0.0,0.0,0.69484325561592,0.654287028737185,0.340133696972271
0,-1.0,-0.422435765564828,-0.50293542074364,-0.141025641025641,0.0,0.0,0.695264020126489,0.654067639061149,0.341294919621183
0,-1.0,-0.422435765564828,-0.512974051896208,-0.435967302452316,0.0,0.0,0.433801970479824,0.595659736197225,0.112891818982814
0,-1.0,-0.407344521950783,-0.512922465208748,-0.435967302452316,0.0,0.0,0.491753261172179,0.620747932613393,0.104608455370347
0,-1.0,-0.407344521950783,-0.526639344262295,-0.435967302452316,0.0,0.0,0.511754385371625,0.625375157035705,0.107288299935057
0,-1.0,-0.43387548170171,-0.553376906318083,-0.435967302452316,0.0,0.0,0.519202550689898,0.627397628705965,0.107371883173114
0,-1.0,-0.450408297530926,-0.573991031390135,-0.645547945205479,0.0,0.0,0.527841935337145,0.626747224220503,0.107939663318264
0,-1.0,-0.490364156570479,-0.587155963302752,-0.744286596664608,0.0,0.0,0.583609470290959,0.589650652531755,0.108449148246901
0,-1.0,-0.490364156570479,-0.597674418604651,-0.744286596664608,0.0,0.0,0.586539939792812,0.595135823283084,0.107860750391382
0,-1.0,-0.490364156570479,-0.60655737704918,-0.744286596664608,0.0,0.0,0.518684486886183,0.762491791516025,0.0880084145432307
0,-1.0,-0.165517035709007,-0.151670951156812,0.0,0.0,0.0,0.444891524361618,0.790231190964642,0.0634633188225831
0,-1.0,-0.155998191322232,-0.144702842377261,0.0,0.0,0.0,0.44054942257156,0.78809102855448,0.0630495399554211
0,-1.0,-0.155998191322232,-0.144329896907216,0.0,0.0,0.0,0.4395042967217,0.789184908883953,0.0625198284643062
0,-1.0,-0.155998191322232,-0.143589743589744,0.0,0.0,0.0,0.437003392694611,0.788098096617643,0.0624751611567685
0,-1.0,-0.155998191322232,-0.138817480719794,0.0,0.0,0.0,0.438454853533631,0.793053721048359,0.0613940539672049
0,-1.0,-0.155998191322232,-0.128865979381443,0.0,0.0,0.0,0.434955830456044,0.793648148308016,0.0608142264892094
0,-1.0,-0.155998191322232,-0.1171875,0.0,0.0,0.0,0.431262559947232,0.792073364472138,0.0607587720770655
0,-1.0,-0.142142964315367,-0.10498687664042,0.0,0.0,0.0,0.431431567375152,0.795424385211246,0.0599909473807862
0,-1.0,-0.142142964315367,-0.101827676240209,0.0,0.0,0.0,0.42840154559967,0.796102148397177,0.0595198077363254
0,-1.0,-0.109823420781314,-0.0895140664961637,0.0,-0.34529582929195,0.0,0.425235106812251,0.795323285664139,0.05937819374145
0,-1.0,-0.109823420781314,-0.089058524173028,0.0,-0.33872502378687,0.0,0.424924015935407,0.799221293324033,0.0585094512588348
0,-1.0,-0.108288211323234,-0.0843672456575682,0.0,-0.33872502378687,0.0,0.421537613101494,0.802202825658368,0.0575810822439287
0,-1.0,-0.108288211323234,-0.0823244552058111,0.0,-0.302463891248938,0.0,0.415483046807834,0.801527822766133,0.0572097555421598
0,-1.0,-0.0798995226074133,-0.0350467289719626,0.0,-0.33872502378687,0.0,0.355936004094188,0.811945552463229,0.051839287804232
0,-1.0,-0.0798995226074133,-0.0348837209302326,0.0,-0.33872502378687,0.0,0.250502425716514,0.730378887301544,0.0547832689366177
0,-1.0,-0.0769941188560565,-0.0344827586206897,0.0,-0.33872502378687,0.0,0.246030976144832,0.72482823833755,0.0552247065913666
0,-1.0,-0.0729825803364436,-0.0389016018306636,0.0,-0.33872502378687,0.0,0.241214703115269,0.718576461997034,0.0557665250090781
0,-1.0,-0.19742774790046,-0.248290013679891,0.0,0.0,0.0,0.283651470458666,0.151048802851314,0.0124179825981704
0,-1.0,-0.19742774790046,-0.251204404679972,0.0,0.0,0.0,0.273817434515411,0.140179383996954,0.0113364022372773
0,-1.0,-0.19742774790046,-0.252602359472588,0.0,0.0,0.0,0.143228034876766,0.0272031059058533,0.0053370742525294
0,-1.0,-0.19742774790046,-0.254367575122292,0.0,0.0,0.0,0.0871538740864922,0.0115124811987821,0.0044235640098089
0,0.0,-0.0361579330474314,-0.0048543689320388,0.0,0.0,0.0,1.0,1.0,0.0471178590295963
1,0.0,1.0,1.0,0.0,0.0,0.0,1.0,1.0,0.0461762233285348
1,0.0,1.0,1.0,0.0,0.0,0.0,1.0,1.0,0.0450123932198315
1,0.0,1.0,1.0,0.0,0.0,0.0,1.0,1.0,0.0455630622048293
1,0.0,1.0,1.0,0.0,0.0,0.0,1.0,1.0,0.0453968334903952
0,0.0,-0.861413508310414,-0.994791666666667,0.0,0.0,0.0,1.0,1.0,0.0454899629619348
0,0.0,-0.826391471671774,-0.994764397905759,0.0,0.0,0.0,0.95197081735436,0.997427648220129,0.0450685006647892
0,0.0,-0.814111375280051,-0.994764397905759,0.0,0.0,0.0,0.870922644112911,0.993039642931656,0.0450996723849858
0,0.0,-0.770579094240036,-0.994413407821229,0.0,0.0,0.0,0.790433298445057,0.988570443849714,0.0452292716041615
0,0.0,-0.760137314241676,-0.994318181818182,0.0,0.0,0.0,0.712866594866577,0.983890006222793,0.0452849599263129
0,0.0,-0.703265799421326,-0.993975903614458,0.0,0.0,0.0,0.626567758837948,0.978173533519993,0.0457871320590507
0,0.0,-0.703265799421326,-0.993377483443709,0.0,0.0,0.0,0.555325901899586,0.972782958975951,0.0464426687712893
0,0.0,-0.616326508657983,-0.992592592592593,0.0,0.0,0.0,0.494964028418546,0.967915836588788,0.0467772483884454
0,0.0,-0.547839770037211,-0.990740740740741,0.0,0.0,0.0,0.42561648387567,0.960998668680965,0.0476091867605213
0,0.0,-0.529829034195763,-0.98989898989899,0.0,0.0,0.0,0.360143278410207,0.952511426112529,0.0492988276596582
0,0.0,-0.440614781673981,-0.989130434782609,0.0,0.0,0.0,0.32090131661463,0.946057127926643,0.0514061944201957
0,-0.140458821755787,-0.236597592220115,-0.131474103585657,0.0,0.0,0.0,0.452890937487408,0.882650892421574,0.130834423153101
0,-0.140458821755787,-0.240519775076223,-0.147410358565737,0.0,0.0,0.0,0.465546621492412,0.882317333780431,0.130889848397882
0,-0.140458821755787,-0.240519775076223,-0.186770428015564,0.0,0.0,0.0,0.707330755759181,0.960561727219592,0.107753481992413
0,-0.140458821755787,-0.240519775076223,-0.185328185328185,0.0,0.0,0.0,0.71694522210503,0.961409258126013,0.108239038136818
0,-0.140458821755787,-0.251706548534682,-0.211764705882353,0.0,0.0,0.0,0.804382674284214,0.974952724046477,0.104851246298989
0,-0.140458821755787,-0.262233794916661,-0.190661478599222,0.0,0.0,0.0,0.821492278908535,0.976240718832162,0.106836126066332
0,-0.140458821755787,-0.262233794916661,-0.190661478599222,0.0,0.0,0.0,0.826587854355983,0.976905197353893,0.106918720303536
0,-0.140458821755787,-0.276874263400381,-0.229885057471264,0.0,0.0,0.0,0.917138762101001,0.988958932366353,0.106102270747235
0,-0.140458821755787,-0.2958992021036,-0.259259259259259,-1.0,0.0,0.0,1.0,1.0,0.105264869808203
1,1.0,1.0,1.0,-1.0,0.0,0.0,1.0,1.0,0.10658666000706
0,-0.836588618013349,-0.315202015811916,-0.429223744292237,0.0,0.0,0.0,1.0,1.0,0.104882954627136
0,-0.836588618013349,-0.208777050856675,-0.341584158415842,0.0,0.0,0.0,0.932299008078919,0.987726542804121,0.105981070687998
0,-0.836588618013349,-0.149240876498861,-0.27807486631016,0.0,0.0,0.0,0.866549981422076,0.974572462469211,0.108484194529814
0,-1.0,-0.216714813460414,-0.237895995218171,-0.0018621973929236,0.0,0.0,0.97334150545033,0.993787405640053,0.0164235269610279
0,-1.0,-0.216714813460414,-0.239856801909308,0.0,0.0,0.0,0.933846131332385,0.917738543509092,0.0116524824038202
0,-1.0,-0.213088516320332,-0.241646778042959,-0.0099502487562189,0.0,0.0,0.71685371619259,0.596541119776393,0.0130426922790351
0,0.0,-0.438857392908536,-0.714285714285714,0.0,0.0,0.0,0.0291822077587556,0.46134493078249,0.0270372893394749
0,0.0,-0.438857392908536,-0.714285714285714,0.0,0.0,0.0,0.0273493972008482,0.455436408352505,0.0265544083822288
0,0.0,-0.470802118845353,-0.714285714285714,0.0,0.0,0.0,0.0167538697652589,0.425131194689688,0.0232472232215306
0,0.0,-1.0,0.0,0.0,0.0,0.0,0.991629413355364,0.999464380349554,0.0086312813709981
0,0.0,-1.0,0.0,0.0,0.0,0.0,0.992478739776689,0.999519145688643,0.0086901839467174
0,0.0,-1.0,0.0,0.0,0.0,0.0,0.993257781548733,0.999569288473452,0.0087513820815863
0,0.0,-1.0,0.0,0.0,0.0,0.0,0.994361567696808,0.999640188785505,0.0088056676838353
0,0.0,-1.0,0.0,0.0,0.0,0.0,0.995305522078068,0.99970070414266,0.0088861606120177
0,0.0,-1.0,0.0,0.0,0.0,0.0,0.995856593411422,0.999735983127571,0.0089561614564965
0,0.0,-1.0,0.0,0.0,0.0,0.0,0.996524458741494,0.999778688356927,0.0089952285534197
0,0.0,-1.0,0.0,0.0,0.0,0.0,0.99718832354449,0.999821078567108,0.0090437362749545
0,0.0,-1.0,0.0,0.0,0.0,0.0,0.998124734291922,0.999880777534158,0.0090905563664888
0,0.0,-1.0,0.0,0.0,0.0,0.0,0.999063897005485,0.999940541044713,0.0091587204879292
0,0.0,-1.0,0.0,0.0,0.0,0.0,1.0,1.0,0.0092275641905928
1,0.0,1.0,0.0,0.0,0.0,0.0,1.0,1.0,0.0092834438689713
1,0.0,1.0,0.0,0.0,0.0,0.0,1.0,1.0,0.0095349373647032
0,0.0,-0.32063714114346,0.0,0.0,0.0,0.0,0.90637137848626,0.960796446743643,0.0111862878267968
0,0.0,-0.32063714114346,0.0,0.0,0.0,0.0,0.898797931892738,0.957568273786914,0.0113229220489002
0,0.0,-0.32063714114346,0.0,0.0,0.0,0.0,0.890624477889417,0.954085042566486,0.0114760879355627
0,0.0,-0.32063714114346,0.0,0.0,0.0,0.0,0.882683252256525,0.950670430407104,0.0116317632667259
0,0.0,-0.32063714114346,0.0,0.0,0.0,0.0,0.875496468868347,0.947561429514294,0.0117756557548532
0,0.0,-0.32063714114346,0.0,0.0,0.0,0.0,0.867563167307422,0.94411871888763,0.0119467575471433
0,0.0,-0.32063714114346,0.0,0.0,0.0,0.0,0.861491599451582,0.941469354426292,0.0120790588136558
0,0.0,-0.32063714114346,0.0,0.0,0.0,0.0,0.85483378069231,0.938548826406965,0.0122309103368338
0,0.0,-0.261434241394113,0.0,0.0,0.0,0.0,0.8483815528426,0.935674612352453,0.012384968386113
0,0.0,-0.261434241394113,0.0,0.0,0.0,0.0,0.842849688334846,0.93317062666886,0.0125200611637995
0,0.0,-0.261434241394113,0.0,0.0,0.0,0.0,0.836077828600879,0.930095267871753,0.0126844047975685
0,0.0,-0.261434241394113,0.0,0.0,0.0,0.0,0.824044617415815,0.924678773111518,0.013004226927776
0,0.0,-0.261434241394113,0.0,0.0,0.0,0.0,0.812687802863109,0.919468330734531,0.0133338152122781
0,0.0,-0.261434241394113,0.0,0.0,0.0,0.0,0.802229649394207,0.914530342712555,0.0136667165839971
0,0.0,-0.261434241394113,0.0,0.0,0.0,0.0,0.79243003646567,0.909779631452872,0.0140045213839681
0,0.0,-0.261434241394113,0.0,0.0,0.0,0.0,0.783117267690662,0.905157223763687,0.0143654806822843
0,0.0,-0.261434241394113,0.0,0.0,0.0,0.0,0.779753626971547,0.903425540774835,0.0145031633220157
0,0.0,-0.261434241394113,0.0,0.0,0.0,0.0,0.776861618213176,0.901923902321754,0.0146254454354723
0,0.0,-0.261434241394113,0.0,0.0,0.0,0.0,0.774589812256297,0.900746211579045,0.0147233037054176
0,0.0,-0.261434241394113,0.0,0.0,0.0,0.0,0.772927948509933,0.899869285070564,0.0147953921454446
0,0.0,-0.261434241394113,0.0,0.0,0.0,0.0,0.771275282273411,0.898980021866467,0.014866860104915
0,0.0,-0.261434241394113,0.0,0.0,0.0,0.0,0.768576315950395,0.897529581119295,0.0149921306164636
0,0.0,-0.261434241394113,0.0,0.0,0.0,0.0,0.766672491782188,0.896504105793402,0.0150768538267821
0,0.0,-0.261434241394113,0.0,0.0,0.0,0.0,0.763391735555021,0.894712889235325,0.015229170493519
0,-1.0,-0.208324467412576,-0.25823111684958,0.0,0.0,0.0,0.545833573861027,0.420775635402349,0.0270173274893145
0,0.0,-0.676790500840623,-0.95,0.0,0.0,0.0,0.957975576317576,0.996412723124412,0.237811970324726
0,0.0,-0.702000094108624,-0.95,0.0,0.0,0.0,0.966088741850374,0.997097566314167,0.237583224443644
0,0.0,-0.702000094108624,-0.95,0.0,0.0,0.0,0.979899644726921,0.998276694231419,0.236465233049284
1,0.0,1.0,1.0,0.0,0.0,0.0,1.0,1.0,0.232444936170181
1,0.0,1.0,1.0,0.0,0.0,0.0,1.0,1.0,0.235812173118093
1,0.0,1.0,1.0,0.0,0.0,0.0,1.0,1.0,0.2345106359558
1,0.0,1.0,1.0,0.0,0.0,0.0,1.0,1.0,0.235381880775468
1,0.0,1.0,1.0,0.0,0.0,0.0,1.0,1.0,0.234511023148071
0,0.0,-0.418467905001302,-0.3,0.0,0.0,0.0,1.0,1.0,0.235320386202471
0,0.0,-0.3536070447192,-0.3,0.0,0.0,0.0,0.98777468491828,0.99882555996669,0.23319608246573
0,0.0,-0.3536070447192,-0.3,0.0,0.0,0.0,0.925835892268323,0.992936591688922,0.237957732453478
0,0.0,-0.3536070447192,-0.3,0.0,0.0,0.0,0.921525767286711,0.992548911986534,0.237628167120861
0,0.0,-0.325589853874445,-0.3,0.0,0.0,0.0,0.909816841480807,0.99141415507329,0.238727990175844
0,0.0,-0.325589853874445,-0.3,0.0,0.0,0.0,0.907280185980754,0.991179937584595,0.238703225611615
0,0.0,-0.360677684448623,-0.833333333333333,0.0,0.0,0.0,0.113509392531101,0.699238908649293,0.156149441193967
0,0.0,-0.360677684448623,-0.833333333333333,0.0,0.0,0.0,0.114003158163199,0.699358232094208,0.156402633150477
0,0.0,-0.360677684448623,-0.833333333333333,0.0,0.0,0.0,0.114584211851608,0.699868067157342,0.155675053568375
0,0.0,-0.474512607816497,-0.833333333333333,0.0,0.0,0.0,0.117325565262873,0.700563849513273,0.156811001646441
0,0.0,-0.506709096752099,-0.833333333333333,0.0,0.0,0.0,0.1217101588363,0.701934979660235,0.157450957702996
0,0.0,-0.470802118845353,-0.833333333333333,0.0,0.0,0.0,0.125181467616569,0.702867435629681,0.158211187578387
0,0.0,-0.470802118845353,-0.833333333333333,0.0,0.0,0.0,0.128972934893017,0.703466113904091,0.159817911762172
0,0.0,-0.390895875604833,-0.714285714285714,0.0,0.0,0.0,0.005641008003426,0.610513425412311,0.0216173691348716
0,0.0,-0.470802118845353,-0.714285714285714,0.0,0.0,0.0,0.0123173317756947,0.617825319459829,0.0223457859551295
0,0.0,-0.470802118845353,-0.714285714285714,0.0,0.0,0.0,0.0263120201402812,0.623686474377302,0.0244557026408271
0,0.0,-0.470802118845353,-0.714285714285714,0.0,0.0,0.0,0.0282965483795406,0.626270193702239,0.0236448223491378
0,0.0,-0.360677684448623,-0.714285714285714,0.0,0.0,0.0,0.0445755234029327,0.633640142290086,0.0255688114820207
0,0.0,-0.360677684448623,-0.714285714285714,0.0,0.0,0.0,0.0542179767743462,0.639355513522924,0.0264990154162306
0,0.0,-0.360677684448623,-0.714285714285714,0.0,0.0,0.0,0.0670102060671238,0.64621599648992,0.0283205670090476
0,0.0,-0.360677684448623,-0.714285714285714,0.0,0.0,0.0,0.0775531633969102,0.652107095508259,0.0301456958241182
0,0.0,-0.245629038095682,-0.0594059405940594,-0.0391705069124424,0.0,-0.175141242937853,0.986379209255392,0.996439167998775,0.246690083149915
0,0.0,-0.245629038095682,-0.0652173913043478,-0.0915032679738562,0.0,-0.175141242937853,1.0,1.0,0.244773550933031
1,1.0,1.0,1.0,-1.0,-1.0,-1.0,1.0,1.0,0.23952831564822
0,-1.0,-0.739020685730846,-0.896551724137931,-0.121883656509695,0.0,0.0,1.0,1.0,0.239868603971906
0,-1.0,-0.739020685730846,-0.837209302325581,-0.0920398009950249,0.0,0.0,0.992903969713899,0.998145747942152,0.23746394576072
0,-1.0,-0.697182680831967,-0.588235294117647,-0.0257611241217799,0.0,0.0,0.97953044006507,0.994663365018643,0.233672551454588
0,0.0,-0.147313804758665,-0.145123384253819,-0.0136759220886863,0.0,0.0,0.789056549757393,0.970413422175145,0.0797700889750513
0,0.0,-0.173761149662665,-0.146627565982405,0.0,0.0,0.0,0.7971805284781,0.972221327432546,0.107516991002582
0,-1.0,-0.11915525461577,-0.142509135200974,0.0,0.0,0.0,0.785027889937063,0.971102486874154,0.0333434047925042
0,-0.345303878319584,-0.11915525461577,-0.141732283464567,0.0,0.0,0.0,0.791075903079591,0.971675120411257,0.0384381931261352
0,-0.345303878319584,-0.11915525461577,-0.1378896882494,0.0,0.0,0.0,0.792364564286952,0.971866831108803,0.0392118919684535
0,0.0,-0.14340448399208,-0.145808736717828,-0.0136929460580913,0.0,0.0,0.797124515840506,0.972229006729216,0.0428581640745911
0,-1.0,-0.180075703041226,-0.207232267037552,0.0,0.0,0.0,0.15648447966215,0.174547889713169,0.0423825564038511
0,-1.0,-0.175219647539164,-0.20625,0.0,0.0,0.0,0.157344457161448,0.173191622862338,0.0430122705104733
0,0.0,-0.422143877429478,-0.541832669322709,0.0,-0.372435658336442,0.0,0.990312765714663,0.997756983895703,0.362124669219102
0,0.0,-0.422143877429478,-0.51004016064257,0.0,-0.345621322256836,0.0,0.985624310173516,0.997018396517046,0.362347916947688
0,0.0,-0.406064562236747,-0.504065040650406,0.0,-0.345621322256836,0.0,0.985890935617376,0.997204275728815,0.361578712065128
0,0.0,-0.399638646476849,-0.485355648535565,0.0,-0.272926062593959,0.0,0.986675556241177,0.997568898708411,0.360355419616406
0,-1.0,-0.705110227258285,-1.0,0.0,0.0,0.0,1.0,1.0,0.0659799872949146
0,-1.0,-0.705110227258285,-1.0,0.0,0.0,0.0,0.999531842604794,0.999843139016168,0.0659419336217247
0,-1.0,-0.705110227258285,-1.0,0.0,0.0,0.0,0.999098194538751,0.99969790475866,0.0658890700396793
0,-1.0,-0.705110227258285,-1.0,0.0,0.0,0.0,0.998571425890658,0.999522274314721,0.0658499556613855
0,-1.0,-0.705110227258285,-1.0,0.0,0.0,0.0,0.998105404776691,0.999366908914703,0.0658079368162659
0,-1.0,-0.705110227258285,-1.0,0.0,0.0,0.0,0.99764016228427,0.999211726047404,0.0657649538639866
0,-1.0,-0.705110227258285,-1.0,0.0,0.0,0.0,0.997168065136365,0.999054043152041,0.0657244761466662
0,-1.0,-0.705110227258285,-1.0,0.0,0.0,0.0,0.996710104092122,0.998901094301652,0.065681789633423
0,-1.0,-0.705110227258285,-1.0,0.0,0.0,0.0,0.996240418869053,0.998744274078074,0.0656430057762232
0,-1.0,-0.705110227258285,-1.0,0.0,0.0,0.0,0.995793621213964,0.99859507168987,0.0656066079955981
0,-1.0,-0.705110227258285,-1.0,0.0,0.0,0.0,0.995370843612121,0.99845395167781,0.0655673146449352
0,-1.0,-0.705110227258285,-1.0,0.0,0.0,0.0,0.994936212555692,0.998308773933739,0.0655287685578473
0,-1.0,-0.705110227258285,-1.0,0.0,0.0,0.0,0.994499246933522,0.998163349775912,0.0654657088395445
0,-1.0,-0.705110227258285,-1.0,0.0,0.0,0.0,0.993890185437875,0.997959819983989,0.0654319956070139
0,-1.0,-0.705110227258285,-1.0,0.0,0.0,0.0,0.993424083803444,0.997804474659001,0.0653882174780954
0,-1.0,-0.705110227258285,-1.0,0.0,0.0,0.0,0.992936583454906,0.997642510997464,0.0653456130948506
0,-1.0,-0.705110227258285,-1.0,0.0,0.0,0.0,0.992448449098167,0.997480476206359,0.0652964611667409
0,-1.0,-0.705110227258285,-1.0,0.0,0.0,0.0,0.991908181075557,0.997300936539658,0.0652507179432034
0,-1.0,-0.705110227258285,-1.0,0.0,0.0,0.0,0.991372103719115,0.997122983461759,0.0652028448244509
0,-1.0,-0.705110227258285,-1.0,0.0,0.0,0.0,0.990821577402408,0.996940255930214,0.0651570911280159
0,-1.0,-0.705110227258285,-1.0,0.0,0.0,0.0,0.990278710728032,0.9967597867779,0.0651113830545246
0,-1.0,-0.705110227258285,-1.0,0.0,0.0,0.0,0.989734462734721,0.996578844330973,0.0650661896724091
0,-1.0,-0.705110227258285,-1.0,0.0,0.0,0.0,0.989192378117133,0.996398761547415,0.0650205602551992
0,-1.0,-0.705110227258285,-1.0,0.0,0.0,0.0,0.988650269940805,0.996218158956627,0.064989770119843
0,-1.0,-0.705110227258285,-1.0,0.0,0.0,0.0,0.988213240211988,0.996073364525427,0.0649456201381079
0,-1.0,-0.705110227258285,-1.0,0.0,0.0,0.0,0.987718665038508,0.995908962614044,0.0649051070973291
0,-1.0,-0.705110227258285,-1.0,0.0,0.0,0.0,0.987226486480832,0.995745406563307,0.0648650011496955
0,-1.0,-0.705110227258285,-1.0,0.0,0.0,0.0,0.986728178250097,0.99558139610918,0.0648059620561665
0,-1.0,-0.705110227258285,-1.0,0.0,0.0,0.0,0.986087925166448,0.995369508613656,0.0647543537453321
0,-1.0,-0.705110227258285,-1.0,0.0,0.0,0.0,0.985445993336242,0.995157201454846,0.0647032287649851
0,-1.0,-0.705110227258285,-1.0,0.0,0.0,0.0,0.984799265638813,0.994944722440209,0.0646254021876873
0,-1.0,-0.705110227258285,-1.0,0.0,0.0,0.0,0.983953566661279,0.994665019190843,0.0645582287335939
0,-1.0,-0.705110227258285,-1.0,0.0,0.0,0.0,0.983108383481284,0.994385781930337,0.0644912465067668
0,-1.0,-0.705110227258285,-1.0,0.0,0.0,0.0,0.982263811560813,0.994106048045574,0.0644246256923371
0,-1.0,-0.705110227258285,-1.0,0.0,0.0,0.0,0.981389430651836,0.993822152838434,0.0642846651641902
0,-1.0,-0.705110227258285,-1.0,0.0,0.0,0.0,0.979972824670846,0.993350873543521,0.0642331485737911
0,-1.0,-0.705110227258285,-1.0,0.0,0.0,0.0,0.979002798033411,0.993028647319332,0.0641597079312779
0,-1.0,-0.705110227258285,-1.0,0.0,0.0,0.0,0.978033419066537,0.992705993188453,0.0640865425953834
0,-1.0,-0.642003479027431,-1.0,0.0,0.0,0.0,0.977071867875145,0.992383807251297,0.0640372721711545
0,-1.0,-0.642003479027431,-1.0,0.0,0.0,0.0,0.976285855606039,0.992121659008859,0.0639794826103245
0,-1.0,-0.642003479027431,-1.0,0.0,0.0,0.0,0.97549891962141,0.991859318645644,0.0639235363030956
0,-1.0,-0.642003479027431,-1.0,0.0,0.0,0.0,0.974724096739163,0.991601222676569,0.0638670162045176
0,-1.0,-0.642003479027431,-1.0,0.0,0.0,0.0,0.973948114795571,0.991342052264227,0.0638106789445387
0,-1.0,-0.642003479027431,-1.0,0.0,0.0,0.0,0.973178513555095,0.991083091787651,0.0637698459904395
0,-1.0,-0.642003479027431,-1.0,0.0,0.0,0.0,0.972511894627365,0.990865335593409,0.063723143272462
0,-1.0,-0.642003479027431,-1.0,0.0,0.0,0.0,0.971842787744253,0.990646513109424,0.0636770436802956
0,-1.0,-0.642003479027431,-1.0,0.0,0.0,0.0,0.971175169272157,0.990428202328985,0.0636307836040801
0,-1.0,-0.642003479027431,-1.0,0.0,0.0,0.0,0.970503420814052,0.990209570385855,0.0635848922802089
0,-1.0,-0.642003479027431,-1.0,0.0,0.0,0.0,0.969832157516738,0.989990981376253,0.0635390311721657
0,-1.0,-0.642003479027431,-1.0,0.0,0.0,0.0,0.969169246745228,0.989773282884746,0.063512795503544
0,-1.0,-0.642003479027431,-1.0,0.0,0.0,0.0,0.968663028922521,0.989608473191854,0.0634774596633654
0,-1.0,-0.642003479027431,-1.0,0.0,0.0,0.0,0.80547163128947,0.968380904370096,0.0276255344117243
0,-1.0,-0.642003479027431,-1.0,0.0,0.0,0.0,0.804994319832409,0.968197745795847,0.0275655936888055
0,-1.0,-0.642003479027431,-1.0,0.0,0.0,0.0,0.804471886788307,0.968033534636447,0.0274808257435421
0,-1.0,-0.642003479027431,-1.0,0.0,0.0,0.0,0.80381760498372,0.96778097885493,0.0274000688644187
0,-1.0,-0.642003479027431,-1.0,0.0,0.0,0.0,0.80316114718267,0.967528593515024,0.0273193467154411
0,-1.0,-0.642003479027431,-1.0,0.0,0.0,0.0,0.802435353158796,0.967307737342053,0.0271991243471737
0,-1.0,-0.642003479027431,-1.0,0.0,0.0,0.0,0.801575073375889,0.966907378471862,0.0271328156520966
0,-1.0,-0.642003479027431,-1.0,0.0,0.0,0.0,0.800964113324818,0.96667268916705,0.0270598166725447
0,-1.0,-0.642003479027431,-1.0,0.0,0.0,0.0,0.800328250946583,0.966438049180956,0.0269871439797027
0,-1.0,-0.642003479027431,-1.0,0.0,0.0,0.0,0.799687135534082,0.966198438068055,0.0269148885922377
0,-1.0,-0.642003479027431,-1.0,0.0,0.0,0.0,0.799049321946959,0.965957237575119,0.0268428760794859
0,-1.0,-0.642003479027431,-1.0,0.0,0.0,0.0,0.79840988665013,0.965713135559988,0.0267724554895167
0,-1.0,-0.642003479027431,-1.0,0.0,0.0,0.0,0.797820504186157,0.965472709506891,0.0267046899839418
0,-1.0,-0.642003479027431,-1.0,0.0,0.0,0.0,0.797229305452811,0.965228406101735,0.0266372331641806
0,-1.0,-0.642003479027431,-1.0,0.0,0.0,0.0,0.796638521701029,0.964983550297012,0.0265698993675193
0,-1.0,-0.705110227258285,-1.0,0.0,0.0,0.0,0.796042881645854,0.964735973749238,0.0265031795250579
0,-1.0,-0.705110227258285,-1.0,0.0,0.0,0.0,0.795469107562208,0.964478916592973,0.0264496815364139
0,-1.0,-0.705110227258285,-1.0,0.0,0.0,0.0,0.794970176367947,0.964272542236421,0.0263939766063754
0,-1.0,-0.705110227258285,-1.0,0.0,0.0,0.0,0.794429680103707,0.964081421284263,0.0263164004896788
0,-1.0,-0.705110227258285,-1.0,0.0,0.0,0.0,0.793756710021898,0.963803655584894,0.0262421846431587
0,-1.0,-0.705110227258285,-1.0,0.0,0.0,0.0,0.793080509324124,0.963523893999554,0.0261684962221305
0,-1.0,-0.705110227258285,-1.0,0.0,0.0,0.0,0.792409696986888,0.963243028976298,0.0260950980082302
0,-1.0,-0.705110227258285,-1.0,0.0,0.0,0.0,0.791735012827207,0.962959188732046,0.0260218205658452
0,-1.0,-0.705110227258285,-1.0,0.0,0.0,0.0,0.79105906515105,0.962674261397992,0.0259489526771092
0,-1.0,-0.705110227258285,-1.0,0.0,0.0,0.0,0.790390872778183,0.962382827996869,0.0258820245242403
0,-1.0,-0.705110227258285,-1.0,0.0,0.0,0.0,0.789753828174163,0.962108350387792,0.0258147540426683
0,-1.0,-0.705110227258285,-1.0,0.0,0.0,0.0,0.789114936578021,0.961833284331565,0.0257473689362976
0,-1.0,-0.705110227258285,-1.0,0.0,0.0,0.0,0.788472245318367,0.961556836948056,0.0256801659915362
0,-1.0,-0.705110227258285,-1.0,0.0,0.0,0.0,0.78782491920332,0.961279077713048,0.0256130464618002
0,-1.0,-0.705110227258285,-1.0,0.0,0.0,0.0,0.787175769266218,0.961000910554936,0.0255459454188697
0,-1.0,-0.705110227258285,-1.0,0.0,0.0,0.0,0.7864392785121,0.960746716320359,0.0254371886375435
0,-1.0,-0.705110227258285,-1.0,0.0,0.0,0.0,0.785512856059141,0.96029632694816,0.0253712508810191
0,-1.0,-0.705110227258285,-1.0,0.0,0.0,0.0,0.784807405981936,0.959989675951763,0.0252996600389087
0,-1.0,-0.705110227258285,-1.0,0.0,0.0,0.0,0.784092116896078,0.959676892532936,0.0252281331391928
0,-1.0,-0.705110227258285,-1.0,0.0,0.0,0.0,0.78337458038883,0.959362106171469,0.0251569478156327
0,-1.0,-0.705110227258285,-1.0,0.0,0.0,0.0,0.782659764255971,0.959044460324411,0.0250862621784795
0,-1.0,-0.705110227258285,-1.0,0.0,0.0,0.0,0.781984507577754,0.95871057332652,0.0250367314150316
0,-1.0,-0.705110227258285,-1.0,0.0,0.0,0.0,0.781441489725015,0.95846633966114,0.024983805697917
0,-1.0,-0.705110227258285,-1.0,0.0,0.0,0.0,0.780896974226232,0.958222014094435,0.0249306785636012
0,-1.0,-0.705110227258285,-1.0,0.0,0.0,0.0,0.780350088074332,0.957975663935659,0.0248780554322393
0,-1.0,-0.705110227258285,-1.0,0.0,0.0,0.0,0.779756326592025,0.957740481909623,0.0248038111118404
0,-1.0,-0.705110227258285,-1.0,0.0,0.0,0.0,0.779023474911077,0.957408741162196,0.0247336742785375
0,0.0,-0.586075946141143,-1.0,0.0,0.0,0.0,0.778281252280928,0.957075972456667,0.0246635973621644
0,0.0,-0.586075946141143,-1.0,0.0,0.0,0.0,0.777502154760984,0.956749915377972,0.024576884239172
0,0.0,-0.586075946141143,-1.0,0.0,0.0,0.0,0.776608933339576,0.956346744509865,0.0244936339525142
0,0.0,-0.586075946141143,-1.0,0.0,0.0,0.0,0.775711138384827,0.955943964860867,0.024410463907881
0,0.0,-0.586075946141143,-1.0,0.0,0.0,0.0,0.774806272201075,0.955539543428855,0.0243272068745889
0,0.0,-0.586075946141143,-1.0,0.0,0.0,0.0,0.77389374602083,0.955132312766294,0.0242441837289394
0,0.0,-0.586075946141143,-1.0,0.0,0.0,0.0,0.772914050599592,0.954727635125614,0.0241362100244665
0,0.0,-0.586075946141143,-1.0,0.0,0.0,0.0,0.771761234151593,0.954200670891708,0.0240329398966985
0,0.0,-0.586075946141143,-1.0,0.0,0.0,0.0,0.770596824899192,0.953666795226298,0.0239305362634186
0,0.0,-0.586075946141143,-1.0,0.0,0.0,0.0,0.769429057985318,0.953129854037797,0.0238282836078478
0,0.0,-0.586075946141143,-1.0,0.0,0.0,0.0,0.767956875556743,0.952627005818539,0.0236034140591574
0,0.0,-0.586075946141143,-1.0,0.0,0.0,0.0,0.765570748951537,0.951531712482513,0.0234008116304937
0,0.0,-0.586075946141143,-1.0,0.0,0.0,0.0,0.763449139196568,0.950392219230166,0.0233224832852045
0,0.0,-0.586075946141143,0.0,0.0,0.0,0.0,0.762217186430938,0.949833858244213,0.0232218922135075
0,0.0,-0.586075946141143,0.0,0.0,0.0,0.0,0.760987418984425,0.949272290958805,0.0231219721117534
0,0.0,-0.586075946141143,0.0,0.0,0.0,0.0,0.75974278572121,0.948705644583654,0.0230222974963318
0,0.0,-0.586075946141143,0.0,0.0,0.0,0.0,0.758490677588051,0.948135761191732,0.0229254756313365
0,0.0,-0.586075946141143,0.0,0.0,0.0,0.0,0.757411239506301,0.94756454535525,0.0228858383011431
0,0.0,-0.586075946141143,0.0,0.0,0.0,0.0,0.756771522081015,0.947271329167729,0.0228356364024597
0,0.0,-0.586075946141143,0.0,0.0,0.0,0.0,0.756149785126087,0.946973241796528,0.0227939357778484
0,0.0,-0.586075946141143,0.0,0.0,0.0,0.0,0.755474355093824,0.946721175454568,0.0227097244374278
0,0.0,-0.586075946141143,0.0,0.0,0.0,0.0,0.754481557950658,0.946263575072303,0.022633503929232
0,0.0,-0.586075946141143,0.0,0.0,0.0,0.0,0.753470476243581,0.945802510238278,0.0225717899915915
0,0.0,-0.485579447977451,0.0,0.0,0.0,0.0,0.752552193819618,0.945407583771202,0.0225078941000555
0,0.0,-0.485579447977451,0.0,0.0,0.0,0.0,0.751630456186546,0.94501068158674,0.0224437443350342
0,0.0,-0.485579447977451,0.0,0.0,0.0,0.0,0.750701365744421,0.944608552533035,0.0223800815608398
0,0.0,-0.485579447977451,0.0,0.0,0.0,0.0,0.749766287554723,0.944204599001925,0.0223161288979873
0,0.0,-0.485579447977451,0.0,0.0,0.0,0.0,0.748826210794609,0.943795605179508,0.0222523287245441
0,0.0,-0.485579447977451,0.0,0.0,0.0,0.0,0.747909863242339,0.943380242161232,0.0221968845438633
0,0.0,-0.485579447977451,0.0,0.0,0.0,0.0,0.747053388434957,0.943006412692074,0.0221397772513697
0,0.0,-0.485579447977451,0.0,0.0,0.0,0.0,0.746190402115984,0.942633081092714,0.0220825657780728
0,0.0,-0.485579447977451,0.0,0.0,0.0,0.0,0.745319419544065,0.942256369896211,0.0220257955007615
0,0.0,-0.485579447977451,0.0,0.0,0.0,0.0,0.744444147618207,0.941879310092634,0.021969039778102
0,0.0,-0.485579447977451,0.0,0.0,0.0,0.0,0.743628700972267,0.941503067631507,0.0219281377728831
0,0.0,-0.485579447977451,0.0,0.0,0.0,0.0,0.742940987190793,0.941208002413863,0.0218841038738386
0,0.0,-0.485579447977451,0.0,0.0,0.0,0.0,0.742122831703514,0.940907663731383,0.0218088029204562
0,0.0,-0.485579447977451,0.0,0.0,0.0,0.0,0.741070617099573,0.940439304761108,0.0217482228308475
0,0.0,-0.485579447977451,0.0,0.0,0.0,0.0,0.740080014579328,0.940011402408819,0.0216858825137267
0,0.0,-0.485579447977451,0.0,0.0,0.0,0.0,0.739180797965649,0.939584445005508,0.0216461878808318
0,0.0,-0.485579447977451,0.0,0.0,0.0,0.0,0.738464275684077,0.939276564991509,0.021602094891448
0,0.0,-0.485579447977451,0.0,0.0,0.0,0.0,0.737745078636518,0.938967139588447,0.0215580277739578
0,0.0,-0.485579447977451,0.0,0.0,0.0,0.0,0.736970876965347,0.938653760796145,0.0215022269193888
0,0.0,-0.485579447977451,0.0,0.0,0.0,0.0,0.736060904068336,0.938272359172275,0.0214393090415765
0,0.0,-0.485579447977451,0.0,0.0,0.0,0.0,0.735059857165725,0.937833700571634,0.0213788107285367
0,0.0,-0.485579447977451,0.0,0.0,0.0,0.0,0.73405007568127,0.937394068585725,0.0213181309308776
0,0.0,-0.485579447977451,0.0,0.0,0.0,0.0,0.733036593960826,0.936950840366359,0.0212580994620729
0,0.0,-0.485579447977451,0.0,0.0,0.0,0.0,0.732026897163802,0.936505719112337,0.021198184644493
0,0.0,-0.485579447977451,0.0,0.0,0.0,0.0,0.731002842191011,0.936057675496154,0.0211385973083679
0,0.0,-0.485579447977451,0.0,0.0,0.0,0.0,0.729971849872755,0.935608327349533,0.0210790079554505
0,0.0,-0.485579447977451,0.0,0.0,0.0,0.0,0.728936048544641,0.935156267059624,0.0210194391913225
0,0.0,-0.485579447977451,0.0,0.0,0.0,0.0,0.727549323596807,0.934675910518287,0.0208856333682837
0,0.0,-0.485579447977451,0.0,0.0,0.0,0.0,0.725815999975146,0.933792153642772,0.0208429285474496
0,0.0,-0.485579447977451,0.0,0.0,0.0,0.0,0.724771312174277,0.933332133866345,0.0207846602961117
0,0.0,-0.485579447977451,0.0,0.0,0.0,0.0,0.723722410176716,0.932869490477298,0.0207263926928617
0,0.0,-0.485579447977451,0.0,0.0,0.0,0.0,0.722658134530376,0.932402174483677,0.0206683003920072
0,0.0,-0.485579447977451,0.0,0.0,0.0,0.0,0.721586169447747,0.931932857679465,0.0206104321621053
0,0.0,-0.485579447977451,0.0,0.0,0.0,0.0,0.720506208179005,0.931462748191144,0.020552623934325
0,0.0,-0.485579447977451,0.0,0.0,0.0,0.0,0.719424653280514,0.930991908105605,0.0204950541054762
0,0.0,-0.485579447977451,0.0,0.0,0.0,0.0,0.718359597071724,0.930518521691373,0.0204384851484785
0,0.0,-0.485579447977451,0.0,0.0,0.0,0.0,0.717287031557308,0.930039593101726,0.0203819432599074
0,0.0,-0.485579447977451,0.0,0.0,0.0,0.0,0.716203386797603,0.929553091938622,0.020325810995726
0,0.0,-0.485579447977451,0.0,0.0,0.0,0.0,0.715113460284211,0.929063055507031,0.0202700963972299
0,0.0,-0.485579447977451,0.0,0.0,0.0,0.0,0.714021225467666,0.928571807961702,0.0202146182838184
0,0.0,-0.485579447977451,0.0,0.0,0.0,0.0,0.712920487707669,0.928078005826021,0.0201591237774657
0,0.0,-0.485579447977451,0.0,0.0,0.0,0.0,0.711815737687594,0.927582773849597,0.020104161862313
0,0.0,-0.485579447977451,0.0,0.0,0.0,0.0,0.710719865992877,0.927088889353402,0.0200517667892521
0,0.0,-0.485579447977451,0.0,0.0,0.0,0.0,0.709645039572683,0.926607011218166,0.0199988093901703
0,0.0,-0.485579447977451,0.0,0.0,0.0,0.0,0.708562396218707,0.926122575961838,0.0199463323945159
0,0.0,-0.485579447977451,0.0,0.0,0.0,0.0,0.707547815780935,0.925649266362737,0.0199066722052279
0,0.0,-0.485579447977451,0.0,0.0,0.0,0.0,0.706655243325094,0.92525621561711,0.0198641677576734
0,0.0,-0.485579447977451,0.0,0.0,0.0,0.0,0.705758927827808,0.924862988339159,0.0198218202382883
0,0.0,-0.485579447977451,0.0,0.0,0.0,0.0,0.704861404550622,0.924469827048461,0.0197793263006529
0,0.0,-0.485579447977451,0.0,0.0,0.0,0.0,0.703967704054101,0.924076258210797,0.0197390776677832
0,0.0,-0.485579447977451,0.0,0.0,0.0,0.0,0.703094139474102,0.923695358330142,0.019698583300852
0,0.0,-0.485579447977451,0.0,0.0,0.0,0.0,0.702217041610104,0.923313830374472,0.0196580457025286
0,0.0,-0.485579447977451,0.0,0.0,0.0,0.0,0.701314752105874,0.922930382637806,0.0196177389443628
0,0.0,-0.485579447977451,0.0,0.0,0.0,0.0,0.700284923696289,0.922530503932368,0.0195597936670407
0,0.0,-0.485579447977451,0.0,0.0,0.0,0.0,0.699061275475078,0.922015546411367,0.0195065692034355
0,0.0,-0.485579447977451,0.0,0.0,0.0,0.0,0.697840050888792,0.921499157179307,0.0194535291900456
0,0.0,-0.485579447977451,0.0,0.0,0.0,0.0,0.696615571362006,0.920982530132157,0.019401738328264
0,0.0,-0.485579447977451,0.0,0.0,0.0,0.0,0.695397830031223,0.920465180145948,0.019350239479695
0,0.0,-0.485579447977451,0.0,0.0,0.0,0.0,0.694175581485684,0.919937413120662,0.0192988250786327
0,0.0,-0.485579447977451,0.0,0.0,0.0,0.0,0.692940926450174,0.919405318169884,0.0192476467042185
0,0.0,-0.485579447977451,0.0,0.0,0.0,0.0,0.691568593371396,0.918850841783699,0.019177845021388
0,0.0,-0.485579447977451,0.0,0.0,0.0,0.0,0.690195976449609,0.918204807833842,0.0191448650612422
0,0.0,-0.485579447977451,0.0,0.0,0.0,0.0,0.689076255306078,0.917756525313057,0.0190896305142585
0,0.0,-0.485579447977451,0.0,0.0,0.0,0.0,0.687783352733032,0.917210246702952,0.0190379540662944
0,0.0,-0.485579447977451,0.0,0.0,0.0,0.0,0.686483695311582,0.916662318990649,0.0189869020824494
0,0.0,-0.485579447977451,0.0,0.0,0.0,0.0,0.685177130131551,0.916115442129821,0.0189359648648842
0,0.0,-0.485579447977451,0.0,0.0,0.0,0.0,0.683859302322277,0.915567352502,0.0188850218720591
0,0.0,-0.485579447977451,0.0,0.0,0.0,0.0,0.682528165839527,0.915016913096668,0.0188340004673792
0,0.0,-0.485579447977451,0.0,0.0,0.0,0.0,0.681084588127889,0.914446951769192,0.0187697914309066
0,0.0,-0.485579447977451,0.0,0.0,0.0,0.0,0.679477127506134,0.913783228778361,0.0187092919311139
0,0.0,-0.485579447977451,0.0,0.0,0.0,0.0,0.677862778377874,0.913117587081696,0.0186495262290149
0,0.0,-0.485579447977451,0.0,0.0,0.0,0.0,0.676223821353656,0.912451105270312,0.0185895889748685
0,0.0,-0.485579447977451,0.0,0.0,0.0,0.0,0.674569201134633,0.911781469107935,0.018530192833951
0,0.0,-0.485579447977451,0.0,0.0,0.0,0.0,0.672781570926024,0.911092447768119,0.0184565584241323
0,0.0,-0.485579447977451,0.0,0.0,0.0,0.0,0.670782492472094,0.910294030349441,0.0183876674221897
0,0.0,-0.485579447977451,0.0,0.0,0.0,0.0,0.668997493714021,0.909495562283922,0.0183237197003065
0,0.0,-0.485579447977451,0.0,0.0,0.0,0.0,0.667238196225849,0.908692948608625,0.0182610403118541
0,0.0,-0.485579447977451,0.0,0.0,0.0,0.0,0.665218325901674,0.9078133697256,0.0181507102702984
0,0.0,-0.485579447977451,0.0,0.0,0.0,0.0,0.662572903084767,0.906565875931353,0.0180682245284196
0,0.0,-0.485579447977451,0.0,0.0,0.0,0.0,0.66006554663729,0.905410155312939,0.017982377640089
0,0.0,-0.485579447977451,0.0,0.0,0.0,0.0,0.65760621173501,0.904254512640946,0.0178998372330011
0,0.0,-0.485579447977451,0.0,0.0,0.0,0.0,0.655124710274223,0.903109914316989,0.017817572898016
0,0.0,-0.485579447977451,0.0,0.0,0.0,0.0,0.65265666494321,0.901965006973544,0.0177360537134734
0,0.0,-0.485579447977451,0.0,0.0,0.0,0.0,0.650393287142208,0.900866647876387,0.0176854413569491
0,0.0,-0.485579447977451,0.0,0.0,0.0,0.0,0.648561703819303,0.900003864332022,0.0176258006471195
0,0.0,-0.485579447977451,0.0,0.0,0.0,0.0,0.646602161637235,0.899138141816142,0.0175674536682123
0,0.0,-0.485579447977451,0.0,0.0,0.0,0.0,0.644614666713014,0.89827225649467,0.0175095687603449
0,0.0,-0.485579447977451,0.0,0.0,0.0,0.0,0.642781580463354,0.897445188858846,0.017473771902682
0,0.0,-0.485579447977451,0.0,0.0,0.0,0.0,0.641291588346461,0.896794595697707,0.0174311704791215
0,0.0,-0.485579447977451,0.0,0.0,0.0,0.0,0.639797281559086,0.896140601193626,0.0173887208743119
0,0.0,-0.485579447977451,0.0,0.0,0.0,0.0,0.638301292629058,0.895482388841374,0.0173464930455172
0,0.0,-0.485579447977451,0.0,0.0,0.0,0.0,0.63664099411516,0.894779132641289,0.0172832158096687
0,0.0,-0.485579447977451,0.0,0.0,0.0,0.0,0.634912784643706,0.893975291307626,0.0172675026468887
0,0.0,-0.485579447977451,0.0,0.0,0.0,0.0,0.633576590576282,0.893432243556992,0.0172020177486094
0,0.0,-0.485579447977451,0.0,0.0,0.0,0.0,0.631636654556011,0.892586397814253,0.0171498676775714
0,0.0,-0.485579447977451,0.0,0.0,0.0,0.0,0.629690937825588,0.891739627170376,0.0170964996243739
0,0.0,-0.485579447977451,0.0,0.0,0.0,0.0,0.627946296112424,0.890944769781099,0.0170742878929647
0,0.0,-0.485579447977451,0.0,0.0,0.0,0.0,0.626457094871061,0.89033656458303,0.0170085374497079
0,0.0,-0.485579447977451,0.0,0.0,0.0,0.0,0.624381835449352,0.889447576838145,0.0169547687490099
0,-1.0,-0.358089967102177,-0.488679245283019,0.0,0.0,0.0,0.448623698420062,0.818682833579771,0.0657467919914123
0,-1.0,-0.358089967102177,-0.486486486486487,0.0,0.0,0.0,0.457497860904374,0.826808163095748,0.0657067350327123
0,-1.0,-0.376235373253061,-0.480392156862745,-0.152354570637119,0.0,0.0,0.466862610393521,0.832635276046564,0.0659902904439599
0,-1.0,-0.405413932363252,-0.496062992125984,-0.141025641025641,0.0,0.0,0.479380454521055,0.833441211124235,0.0665909147563167
0,-1.0,-0.422435765564828,-0.50098231827112,-0.141025641025641,0.0,0.0,0.496455821044839,0.826559103062212,0.0683569132492736
0,-1.0,-0.434963795576291,-0.504854368932039,-0.435967302452316,0.0,0.0,0.569530565290339,0.822944807567593,0.0767284165130169
0,-1.0,-0.434963795576291,-0.514910536779324,-0.435967302452316,0.0,0.0,0.495529681344336,0.829418603682223,0.0596755062904239
0,0.0,-0.390895875604833,-0.714285714285714,0.0,0.0,0.0,0.0636261175259848,0.484421677961328,0.0785072919764849
0,0.0,-0.390895875604833,-0.714285714285714,0.0,0.0,0.0,0.066398886214109,0.485436139199312,0.0788077823945062
0,0.0,-0.390895875604833,-0.714285714285714,0.0,0.0,0.0,0.0695144769752497,0.48658300640847,0.0791381316224826
0,0.0,-0.390895875604833,-0.714285714285714,0.0,0.0,0.0,0.0740320604540634,0.488406328123723,0.0793148344212245
0,0.0,-0.470802081397668,-0.714285714285714,0.0,0.0,0.0,0.0843133747689762,0.492104506466779,0.0801385850353032
0,0.0,-0.507762493583533,-0.714285714285714,0.0,0.0,0.0,0.10156523559812,0.497559921459229,0.0823895493278619
0,0.0,-0.470802118845353,-0.9,0.0,0.0,0.0,0.120507415590318,0.502474876409031,0.0855405662711303
0,0.0,-0.470802118845353,-0.904761904761905,0.0,0.0,0.0,0.130263280205435,0.505042664181996,0.0870832575308605
0,0.0,-0.470802118845353,-0.904761904761905,0.0,0.0,0.0,0.136924051435912,0.50689928761728,0.0881493549306994
0,0.0,-0.470802118845353,-0.904761904761905,0.0,0.0,0.0,0.142492328604843,0.50828328557788,0.0891025456022108
0,0.0,-0.470802118845353,-0.904761904761905,0.0,0.0,0.0,0.145709733414036,0.509142946863843,0.0896593923168686
0,0.0,-0.158092340701927,-0.166666666666667,0.0,0.0,0.0,0.954114158913345,0.981832769908429,0.258391256089511
0,-1.0,-0.174973515807296,-0.182519280205656,0.0,0.0,0.0,0.974853712114144,0.990008442581818,0.255786794700912
0,-1.0,-0.189481534305568,-0.182519280205656,0.0,0.0,0.0,0.979875955359953,0.99195547720987,0.25661622260597
0,-1.0,-0.203126537272914,-0.185378590078329,0.0,-1.0,0.0,1.0,1.0,0.254031859328124
1,1.0,1.0,1.0,0.0,-1.0,0.0,1.0,1.0,0.253381318600046
1,1.0,1.0,1.0,0.0,-1.0,0.0,1.0,1.0,0.252398157624341
1,1.0,1.0,1.0,0.0,-1.0,0.0,1.0,1.0,0.252760113197106
0,0.0,-0.219416761302138,-0.25,0.0,0.0,0.0,0.534390735191594,0.920352938054066,0.177349770296502
0,0.0,-0.342133769955887,-0.255813953488372,0.0,0.0,0.0,0.55362503209426,0.924590007615468,0.175502466626037
0,0.0,-0.355504912599309,-0.288888888888889,0.0,0.0,0.0,0.566709041589497,0.927163587539427,0.174848606598161
0,0.0,-0.377198929947267,-0.304347826086957,0.0,0.0,0.0,0.584114914638368,0.930844549262551,0.173197283976906
0,0.0,-0.377198929947267,-0.369565217391304,0.0,0.0,0.0,0.600670350279847,0.934106614063886,0.172139488542678
0,0.0,-0.377198929947267,-0.391304347826087,0.0,0.0,0.0,0.617920260449891,0.937481671695073,0.170968043618038
0,0.0,-0.435527109253811,-0.391304347826087,0.0,0.0,0.0,0.643868104028598,0.942541739468792,0.168987476616357
0,0.0,-0.490492822242401,-0.48780487804878,0.0,0.0,0.0,0.675007491485981,0.948132857306507,0.167276868860448
0,0.0,-0.510590004233301,-0.51219512195122,0.0,0.0,0.0,0.683748488881137,0.949039027311882,0.168320532222721
0,0.0,-0.525805757633277,-0.534883720930233,0.0,0.0,0.0,0.708692531275445,0.953667765145832,0.166083177979712
0,0.0,-0.577648200714503,-0.591836734693878,0.0,0.0,0.0,0.745272497758007,0.959620677465375,0.164457649563075
0,0.0,-0.610858436210651,-0.607843137254902,0.0,0.0,0.0,0.7841381258721,0.965677471773058,0.163477140661708
0,-0.5,-0.634294583454769,-0.770491803278688,0.0,0.0,0.0,0.827891400332024,0.972411598928495,0.162685178411183
0,-0.843189755206573,-0.663327068626429,-0.865384615384615,0.0,0.0,0.0,0.864456593158155,0.977761928450026,0.163245140125905
0,-0.843189755206573,-0.692548855447345,-0.879310344827586,0.0,0.0,0.0,0.893281831298414,0.982075766922373,0.164000226255958
0,-0.843189755206573,-0.692548855447345,-0.887096774193548,0.0,0.0,0.0,0.91266002779306,0.984977131771563,0.165114847666434
0,-0.859541188188679,-0.702898562448447,-0.897058823529412,0.0,0.0,0.0,0.931422246378406,0.987989287335452,0.165559583271035
0,-0.859541188188679,-0.702898562448447,-0.906040268456376,0.0,0.0,0.0,0.9517903939679,0.991381040751497,0.166129787399632
0,-0.859541188188679,-0.741043519539284,-0.936416184971098,0.0,0.0,0.0,0.990594502295937,0.998284552577188,0.165951990275581
0,-0.140458821755787,-0.276874263400381,-0.217391304347826,0.0,0.0,0.0,0.516528725080359,0.657943976754792,0.0653718916910626
0,-0.140458821755787,-0.262233794916661,-0.2109375,0.0,0.0,0.0,0.523372040304861,0.661354121877396,0.0656751462618629
0,-0.140458821755787,-0.262233794916661,-0.20703125,0.0,0.0,0.0,0.530554119653375,0.665823495848776,0.0656583079591929
0,-0.140458821755787,-0.262233794916661,-0.21011673151751,0.0,0.0,0.0,0.533527309772081,0.666518614513333,0.0662161408762091
0,-0.140458821755787,-0.262233794916661,-0.21011673151751,0.0,0.0,0.0,0.664809669915748,0.79198343048463,0.0687108576301362
0,-0.140458821755787,-0.276874263400381,-0.229885057471264,0.0,0.0,0.0,0.710695670740131,0.822169496238681,0.0662837694712103
0,-0.140458821755787,-0.2958992021036,-0.254032258064516,0.0,0.0,0.0,0.742702124264091,0.841062036105951,0.0657017535685504
0,-0.140458821755787,-0.2958992021036,-0.263374485596708,-1.0,0.0,0.0,0.75431328948128,0.84642474043834,0.0664436059546479
0,-0.140458821755787,-0.2958992021036,-0.277310924369748,-1.0,0.0,0.0,0.768461344729718,0.855282655221768,0.0658452401536785
0,-0.140458821755787,-0.31052711795777,-0.289473684210526,-1.0,0.0,0.0,0.781576155343511,0.862837218054351,0.0657611385533585
0,-0.859541188188679,-0.794910730361704,-0.940540540540541,0.0,0.0,0.0,1.0,1.0,0.0993267655668545
1,1.0,1.0,1.0,0.0,0.0,0.0,1.0,1.0,0.0993770183888465
0,-0.140458821755787,-0.361455052388974,-0.215789473684211,0.0,0.0,0.0,1.0,1.0,0.0992576273300789
0,-0.140458821755787,-0.361455052388974,-0.21025641025641,0.0,0.0,0.0,0.972780828648477,0.990448871132778,0.100522183049843
0,-0.140458821755787,-0.290950311069508,-0.228855721393035,0.0,0.0,0.0,0.966030961313382,0.988200818190774,0.0998322373428628
0,-0.140458821755787,-0.276874263400381,-0.229357798165138,0.0,0.0,0.0,0.939908906936681,0.979296511809852,0.100246021185042
0,-0.140458821755787,-0.276874263400381,-0.230769230769231,0.0,0.0,0.0,0.911152453759237,0.969455815873236,0.100968790070661
0,-0.140458821755787,-0.276874263400381,-0.225806451612903,0.0,0.0,0.0,0.883743610537896,0.960146146003052,0.101812684618194
0,-0.140458821755787,-0.276874263400381,-0.211764705882353,0.0,0.0,0.0,0.859465405752964,0.95194747150159,0.102677957057632
0,-0.140458821755787,-0.230580790389291,-0.176470588235294,0.0,0.0,0.0,0.782952583942356,0.925647700905615,0.105397451617874
0,-0.140458821755787,-0.243454068018653,-0.1699604743083,0.0,0.0,0.0,0.761828865268736,0.917976462926569,0.106623734033058
0,-1.0,-0.434963795576291,-0.507874015748031,-0.435967302452316,0.0,0.0,0.8978454081791,0.940517838035487,0.0693968776632431
0,-1.0,-0.434963795576291,-0.51394422310757,-0.435967302452316,0.0,0.0,0.89869326304088,0.941324747353027,0.0693987264741697
0,-1.0,-0.222114533389338,-0.26084142394822,0.0,0.0,0.0,0.329225402379937,0.30644423833579,0.0128628738378938
0,-1.0,-0.22683345238379,-0.261639344262295,-0.0100925147182506,0.0,0.0,0.16962730522063,0.0333699496188149,0.0103930734824791
0,-1.0,-0.240395656478315,-0.256308100929615,0.0,0.0,0.0,0.108939535205242,0.151078205733293,0.0125487896333448
0,-1.0,-0.232899917118432,-0.254169446297532,0.0,0.0,0.0,0.092410304741381,0.197712080887589,0.0128526509423475
0,-1.0,-0.294080048364385,-0.49468085106383,0.0,0.0,0.0,0.268820755444931,0.0641536158337569,0.0461360837168246
0,-1.0,-0.294080048364385,-0.484629294755877,0.0,0.0,0.0,0.276192310029944,0.0694301266182028,0.0486160175111745
0,-1.0,-0.294080048364385,-0.482695810564663,0.0,0.0,0.0,0.27876688664907,0.0716226545327695,0.0497449164260203
0,-1.0,-0.294080048364385,-0.475046210720887,0.0,0.0,0.0,0.280937338289873,0.0758652191582729,0.050956247226957
0,-1.0,-0.294080048364385,-0.470149253731343,0.0,0.0,0.0,0.282684130579111,0.0792429957532054,0.0520547504780183
0,-1.0,-0.276696078015419,-0.503484320557491,0.0,0.0,0.0,0.386517493136553,0.399692991307821,0.278259817703285
0,-1.0,-0.285281209279445,-0.495575221238938,0.0,0.0,0.0,0.388034722288499,0.400470048613752,0.278221920019951
0,-1.0,-0.197040406330117,-0.598006644518272,0.0,0.0,0.0,0.208990668097078,0.558307891906746,0.418549372703393
0,-1.0,-0.223059576503113,-0.592833876221498,0.0,0.0,0.0,0.213713890858958,0.559862328524459,0.41993545751014
0,-1.0,-0.223059576503113,-0.588424437299035,0.0,0.0,0.0,0.217681871227557,0.561725047876907,0.41998817161798
0,-1.0,-0.204333651699359,-0.589171974522293,0.0,0.0,0.0,0.222450535928581,0.563164021839879,0.421456062273472
0,-1.0,-0.204333651699359,-0.580441640378549,0.0,0.0,0.0,0.225900080661283,0.564388915809809,0.422137435257229
0,-1.0,-0.204333651699359,-0.578616352201258,0.0,0.0,0.0,0.228785494340055,0.56494585341179,0.423440444066046
0,-1.0,-0.204333651699359,-0.579937304075235,0.0,0.0,0.0,0.229874881093572,0.565285048389324,0.42372008487413
0,-1.0,-0.229124318941202,-0.590625,0.0,0.0,0.0,0.232358488246054,0.567066172910648,0.422617020717566
0,-1.0,-0.263033976710344,-0.590625,0.0,0.0,0.0,0.242722293764268,0.57712768878416,0.41671546809077
0,-1.0,-0.286168090471497,-0.595015576323987,0.0,0.0,0.0,0.244393840955086,0.577559058223847,0.417223469526432
0,-1.0,-0.263033976710344,-0.590625,0.0,0.0,0.0,0.132977343080824,0.226981152983822,0.0085833013024231
0,-1.0,-0.286168090471497,-0.595015576323987,0.0,0.0,0.0,0.193177359112234,0.169188298347224,0.0081743171180513
0,-1.0,-0.310255192182502,-0.598130841121495,0.0,0.0,0.0,0.318636093995414,0.0068280806253231,0.0092836854691619
0,-1.0,-0.300185642161953,-0.585074626865672,0.0,0.0,0.0,0.413436625251318,0.194072070918712,0.0108008276012165
0,-1.0,-0.333956004589382,-0.576470588235294,0.0,0.0,0.0,0.460487982925153,0.325746100597135,0.0133779317024987
0,-1.0,-0.356286420350638,-0.572625698324022,0.0,0.0,0.0,0.492042092246265,0.410656018095482,0.0142496070812665
0,-1.0,-0.356286420350638,-0.563492063492063,0.0,0.0,0.0,0.516391858492987,0.480540125139561,0.0157822994637358
0,-1.0,-0.356286420350638,-0.553571428571429,0.0,0.0,0.0,0.530672271318697,0.525387753572669,0.0172680427319883
0,-1.0,-0.349202715051908,-0.5525,0.0,0.0,0.0,0.539157654138721,0.553577406567448,0.0183263104464713
0,-1.0,-0.349202715051908,-0.546341463414634,0.0,0.0,0.0,0.547856533078509,0.583637999247808,0.0189480623815688
0,-1.0,-0.349202715051908,-0.546116504854369,0.0,0.0,0.0,0.555051638444265,0.60975940336138,0.0198122094371537
0,-1.0,-0.33432001134184,-0.548463356973995,0.0,0.0,0.0,0.56244047947441,0.637578274989407,0.0205758993794987
0,-1.0,-0.33432001134184,-0.54292343387471,0.0,0.0,0.0,0.566641402811661,0.653634523799987,0.0216452137676701
0,-1.0,-0.33432001134184,-0.546082949308756,0.0,0.0,0.0,0.383758519371935,0.609370200001439,0.305589047789179
0,-1.0,-0.33432001134184,-0.550925925925926,0.0,0.0,0.0,0.384572609334327,0.609998001679225,0.305723654119327
0,-1.0,-0.33432001134184,-0.552204176334107,0.0,0.0,0.0,0.262156363951984,0.143216877417832,0.012664453006454
0,-1.0,-0.33432001134184,-0.55607476635514,0.0,0.0,0.0,0.238252134960653,0.129124812727752,0.01209878440778
0,-1.0,-0.33432001134184,-0.557077625570776,0.0,0.0,0.0,0.218100094104051,0.116628934293708,0.011815372970197
0,-1.0,-0.33432001134184,-0.555808656036446,0.0,0.0,0.0,0.197383908404785,0.104171950739648,0.0114443698901482
0,-1.0,-0.340807172737153,-0.556818181818182,0.0,0.0,0.0,0.17665258649239,0.0917073436365067,0.0111206154998843
0,-1.0,-0.340807172737153,-0.551801801801802,0.0,0.0,0.0,0.161037503791655,0.08211463392841,0.0109573967352374
0,-1.0,-0.373692076772068,-0.551801801801802,0.0,0.0,0.0,0.148450403587652,0.0741362945774114,0.0107698621987309
0,-1.0,-0.340807172737153,-0.550335570469799,0.0,0.0,0.0,0.151691098591989,0.0781978976947772,0.0106413237161424
0,0.0,0.0,0.0,0.0,-0.184065934065934,0.0,1.0,1.0,0.0069862567107668
1,0.0,1.0,1.0,-1.0,-1.0,0.0,1.0,1.0,0.0068459417413152
1,0.0,1.0,1.0,-1.0,-1.0,0.0,1.0,1.0,0.006706278986095
1,0.0,1.0,1.0,-1.0,-1.0,0.0,1.0,1.0,0.0065665405120447
1,0.0,1.0,1.0,-1.0,-1.0,0.0,1.0,1.0,0.0064267230304024
1,0.0,1.0,1.0,-1.0,-1.0,0.0,1.0,1.0,0.0062171134606179
1,0.0,1.0,1.0,-1.0,-1.0,0.0,1.0,1.0,0.0055775835872969
1,0.0,1.0,1.0,-1.0,-1.0,0.0,1.0,1.0,0.0049625373997262
0,0.0,-1.0,-1.0,-1.0,0.0,0.0,1.0,1.0,0.0043634510432724
0,0.0,-1.0,-1.0,-1.0,0.0,0.0,0.999103907758482,0.999850775324268,0.003942206119429
0,0.0,-1.0,-1.0,-1.0,0.0,0.0,0.996175188434831,0.999361572381292,0.0022320125359427
0,0.0,-1.0,-1.0,-1.0,0.0,0.0,0.99587413483411,0.999311110070246,0.0020681504762092
0,0.0,-1.0,-1.0,-1.0,0.0,0.0,0.995617019165287,0.999268232137163,0.0017447954692645
0,0.0,-1.0,-1.0,0.0,0.0,0.0,0.995123765049544,0.999185093499447,0.001469023930926
0,0.0,-1.0,-1.0,0.0,0.0,0.0,0.994695372749182,0.999113049645667,0.0011890655101034
0,0.0,-1.0,-1.0,0.0,0.0,0.0,0.994259864441032,0.999040142406573,0.0010077589662896
0,0.0,-1.0,-1.0,0.0,0.0,0.0,0.993973444423158,0.99899256537503,0.0008613086106154
0,0.0,-1.0,-1.0,0.0,0.0,0.0,0.993722036367172,0.998953488609613,0.0005656683597618
0,0.0,-1.0,-1.0,0.0,0.0,0.0,0.993244473597874,0.998876632760528,0.0004084698095466
0,0.0,-1.0,-1.0,0.0,0.0,0.0,0.0,0.0,0.0
0,-1.0,-0.180075703041226,-0.210526315789474,0.0,0.0,0.0,0.10671236513402,0.609377221153804,0.0321680448632453
0,-1.0,-0.180075703041226,-0.206753962784287,0.0,0.0,0.0,0.124644195725033,0.617278650302706,0.032430881305073
0,-1.0,-0.180075703041226,-0.217118997912317,0.0,0.0,0.0,0.140721074829592,0.231430653531167,0.0041443460749867
0,-1.0,-0.180075703041226,-0.215481171548117,0.0,0.0,0.0,0.132781025539519,0.268095069361629,0.0047517080940007
0,-1.0,-0.180075703041226,-0.208362369337979,0.0,0.0,0.0,0.118113373588366,0.27060054851682,0.0057874361118076
0,-1.0,-0.269637823590557,-0.555869872701556,0.0,0.0,0.0,0.265968494292007,0.816884511429051,0.511219965041576
0,-1.0,-0.325379140723348,-0.55359565807327,0.0,0.0,0.0,0.257430179009046,0.816722980421052,0.509470223995008
0,-1.0,-0.305973211394661,-0.555984555984556,0.0,0.0,0.0,0.248991010092699,0.816253820137287,0.508361705610468
0,-1.0,-0.295157309736465,-0.518382352941177,0.0,0.0,0.0,0.241378344427997,0.815714306711933,0.507631613307785
0,-1.0,-0.22783422099144,-0.494972067039106,0.0,0.0,0.0,0.199197540006515,0.798688760038978,0.534444541222565
0,-1.0,-0.242527959520903,-0.465989847715736,0.0,0.0,0.0,0.191290567765891,0.796857652090786,0.535735346135796
0,-1.0,-0.203290251921454,-0.44689378757515,0.0,0.0,0.0,0.190013217317968,0.795682132236231,0.537594605997633
0,-1.0,-0.203290251921454,-0.421471172962227,0.0,0.0,0.0,0.185264276166817,0.795780590803356,0.536098393769011
0,-1.0,-0.203290251921454,-0.355185909980431,0.0,0.0,0.0,0.170511129497756,0.795881973045379,0.531922242658954
0,-1.0,-0.189638971616865,-0.30225988700565,0.0,0.0,0.0,0.168706813959992,0.793171864621805,0.536283782300095
0,-1.0,-0.189638971616865,-0.274509803921569,0.0,0.0,0.0,0.166366410438816,0.792589550571629,0.536650179053139
0,-1.0,-0.264252709871344,-0.595015576323987,0.0,0.0,0.0,0.297853063868929,0.879929642466199,0.0896800919262494
0,-1.0,-0.240408354803862,-0.589341692789969,0.0,0.0,0.0,0.262288456820356,0.873168135852262,0.0898593824623186
0,-1.0,-0.204333651699359,-0.586206896551724,0.0,0.0,0.0,0.235423434816556,0.868236561631268,0.0899200966703047
0,-1.0,-0.204333651699359,-0.579937304075235,0.0,0.0,0.0,0.219941943479488,0.863999645405129,0.0904207724580455
0,-1.0,-0.204333651699359,-0.579937304075235,0.0,0.0,0.0,0.211128223677576,0.8625549992439,0.0903684320111469
0,-1.0,-0.204333651699359,-0.577287066246057,0.0,0.0,0.0,0.195939317339485,0.860814180840792,0.09002937395206
0,-1.0,-0.198763650334627,-0.587301587301587,0.0,0.0,0.0,0.162870391380593,0.857032222741633,0.0893127741244507
0,-1.0,-0.223059576503113,-0.588424437299035,0.0,0.0,0.0,0.124522713431787,0.848534070960381,0.0897264376768349
0,-1.0,-0.223059576503113,-0.590909090909091,0.0,0.0,0.0,0.0960791361234636,0.840586965839545,0.0904525945783594
0,-1.0,-0.197040406330117,-0.59468438538206,0.0,0.0,0.0,0.0612993094866143,0.834153694346545,0.0903600934492271
0,0.0,-0.610061855845795,-0.798701298701299,-0.571428571428571,0.0,-0.5,0.927119671356827,0.960785712607067,0.0379816161247517
0,0.0,-0.620204015969649,-0.849056603773585,-0.571428571428571,-0.389448725548311,-0.5,1.0,1.0,0.0366734873928719
1,0.0,1.0,1.0,-1.0,-1.0,-1.0,1.0,1.0,0.0361386614185169
0,0.0,-0.123085992341453,-0.0532544378698225,-0.428571428571429,-0.610551274451689,-0.5,1.0,1.0,0.0372663613060814
0,0.0,-0.126862920430177,-0.0459770114942529,-0.428571428571429,-0.610551274451689,-0.5,0.957797373494254,0.965537551274893,0.0376713651757244
0,0.0,-0.119960379495978,-0.0437158469945355,-0.428571428571429,-0.569060773480663,-0.5,0.924466644867067,0.938875197533442,0.0380172763453666
0,0.0,-0.112119334559719,-0.0448548812664908,-0.428571428571429,-0.563457330415755,-0.5,0.897175689822831,0.917195599030003,0.0386604330135425
0,0.0,-0.112119334559719,-0.0448548812664908,-0.352941176470588,-0.563457330415755,-0.5,0.886927016672667,0.90922016259729,0.0388327622227881
0,0.0,-0.112119334559719,-0.0423280423280423,-0.352941176470588,-0.563457330415755,-0.5,0.879105229468489,0.903146713038382,0.0388235375052095
0,0.0,-0.1102855829186,-0.043956043956044,-0.352941176470588,-0.313380281690141,0.0,0.863855055326701,0.891542178854618,0.0381809242877489
0,0.0,-0.194252633539901,-0.0463215258855586,0.0,-0.313380281690141,0.0,0.796642435658999,0.840429046353504,0.0366562445475058
0,0.0,-0.524691775069129,-0.904761904761905,0.0,0.0,0.0,0.155022810140549,0.573005569677838,0.0587631876431653
0,0.0,-0.524691775069129,-0.904761904761905,0.0,0.0,0.0,0.136171603842175,0.568318170298742,0.0541295521184828
0,0.0,-0.524691775069129,-0.904761904761905,0.0,0.0,0.0,0.121971559341696,0.563666052126627,0.0511312960111045
0,0.0,-0.507762493583533,-0.904761904761905,0.0,0.0,0.0,0.112884916423333,0.56014686543142,0.0492286133109221
0,0.0,-0.507762493583533,-0.9,0.0,0.0,0.0,0.104941501406711,0.557082590947455,0.0474732088132814
0,0.0,-0.507762493583533,-0.714285714285714,0.0,0.0,0.0,0.0972183554732333,0.553981213960448,0.0456805068947016
0,0.0,-0.507762493583533,-0.714285714285714,0.0,0.0,0.0,0.0880004653980268,0.55030428798384,0.0435897304134698
0,0.0,-0.470802081397668,-0.714285714285714,0.0,0.0,0.0,0.0803250121899555,0.547109136104047,0.0420367351582195
0,0.0,-0.390895875604833,-0.714285714285714,0.0,0.0,0.0,0.0716284575093597,0.543528773856656,0.0401620484878236
0,0.0,-0.390895875604833,-0.714285714285714,0.0,0.0,0.0,0.066843511558296,0.541376870961338,0.0394078367648633
0,0.0,-0.390895875604833,-0.714285714285714,0.0,0.0,0.0,0.0572596214918453,0.537012735149578,0.0375012969480117
0,0.0,-0.390895875604833,-0.714285714285714,0.0,0.0,0.0,0.0547323170126653,0.535712473255159,0.0370300844764281
0,-1.0,-0.184113063149248,-0.252285191956124,-0.0261194029850746,0.0,0.0,0.892262298388122,0.95376315854301,0.0189434034273814
0,-1.0,-0.180144170379725,-0.253026634382567,-0.0409683426443203,0.0,0.0,0.863449109425138,0.898552092174957,0.0152845429109947
0,-1.0,-0.0734564039384341,-0.0514541387024608,0.0,-0.33872502378687,0.0,0.591490634469,0.732774109736543,0.0537568578538872
0,-1.0,-0.0746124833483029,-0.0396270396270396,0.0,-0.33872502378687,0.0,0.582078943519554,0.722294707226079,0.0535224556313046
0,-1.0,-0.0758055340888162,-0.0504385964912281,0.0,-0.33872502378687,0.0,0.753503487328687,0.928790977869139,0.154418542782821
0,0.0,-0.0815618332226724,-0.0609480812641084,0.0,-0.302463891248938,0.0,0.796821063416102,0.940086956831598,0.154615652611043
0,0.0,-0.103916466654213,-0.0671296296296296,0.0,-0.302463891248938,0.0,0.817490835427964,0.94612505666493,0.153635277120694
0,-1.0,-0.105618869887541,-0.0817307692307692,0.0,-0.33872502378687,0.0,0.843119153116941,0.953452746321138,0.152765277490242
0,-1.0,-0.142142964315367,-0.0972568578553616,0.0,-0.34529582929195,0.0,0.872385823601179,0.961717551156267,0.152226670591493
0,-1.0,-0.155998191322232,-0.137404580152672,0.0,0.0,0.0,0.900723180244562,0.969802886762172,0.1520092616017
0,-1.0,-0.211137711650348,-0.174807197943445,0.0,0.0,0.0,0.982433263002789,0.994381171151586,0.150857271044353
0,-1.0,-0.230740431735986,-0.191815856777494,0.0,-1.0,0.0,1.0,1.0,0.152911597120717
1,1.0,1.0,1.0,-1.0,-1.0,0.0,1.0,1.0,0.152370775596592
1,1.0,1.0,1.0,0.0,-1.0,0.0,1.0,1.0,0.152167000416284
0,-0.859541188188679,-0.72885518587283,-0.936046511627907,0.0,-0.876543209876543,0.0,0.951710522437862,0.993306276301327,0.295303566190644
0,-0.859541188188679,-0.720261066020818,-0.916167664670659,0.0,-0.876543209876543,0.0,0.938080681734615,0.991486460211941,0.295384424717371
0,-0.859541188188679,-0.720261066020818,-0.915151515151515,0.0,0.0,0.0,0.930799134624446,0.990590399399699,0.294523535334993
0,-0.859541188188679,-0.701807306892956,-0.91304347826087,0.0,0.0,0.0,0.921451278538029,0.98942640294589,0.294125610783234
0,-0.859541188188679,-0.673602207867526,-0.910828025477707,0.0,0.0,0.0,0.913332276054541,0.988421220447338,0.293876663830117
0,-0.859541188188679,-0.673602207867526,-0.906666666666667,0.0,0.0,0.0,0.906217710517856,0.987593176850673,0.293208620388302
0,-0.859541188188679,-0.673602207867526,-0.901408450704225,0.0,0.0,0.0,0.897020093541403,0.986494562890461,0.292843800552597
0,-0.859541188188679,-0.660825904058154,-0.883333333333333,0.0,0.0,0.0,0.887677487958019,0.985432690263368,0.292113312973385
0,-0.859541188188679,-0.6497169254053,-0.871559633027523,0.0,0.0,0.0,0.875375604921319,0.984025621261546,0.291386876962871
0,-0.859541188188679,-0.634294583454769,-0.844444444444444,0.0,0.0,0.0,0.859860913961173,0.982295286822917,0.290427371968619
0,-0.843189755206573,-0.634294583454769,-0.770114942528736,0.0,0.0,0.0,0.839510186629882,0.979933981524217,0.2903573429924
0,-0.843189755206573,-0.592223004596989,-0.753086419753086,0.0,0.0,0.0,0.821045664271639,0.977783950504355,0.290558554739564
0,-0.5,-0.571712999688521,-0.661016949152542,0.0,0.0,0.0,0.805408214432513,0.975988525011076,0.290876062792764
0,-0.5,-0.571712999688521,-0.574468085106383,0.0,0.0,0.0,0.79178856180232,0.974474646024534,0.290949481441559
0,0.0,-0.527833132997858,-0.51219512195122,0.0,0.0,0.0,0.776351707489368,0.972812654052282,0.2905960454876
0,0.0,-0.527833132997858,-0.487179487179487,0.0,0.0,0.0,0.756958028253946,0.97033495887933,0.292608612171528
0,0.0,-0.507761400281181,-0.473684210526316,0.0,0.0,0.0,0.751963764091364,0.969939116549977,0.291514665022316
0,0.0,-0.478582858825791,-0.461538461538462,0.0,0.0,0.0,0.7341460446312,0.967790181328941,0.292096584744571
0,0.0,-0.461376443196333,-0.377777777777778,0.0,0.0,0.0,0.716792859496711,0.965616005077114,0.29309629804662
0,0.0,-0.404992618729066,-0.377777777777778,0.0,0.0,0.0,0.701660811826967,0.963850700984583,0.29301393640518
0,0.0,-0.377198929947267,-0.27906976744186,0.0,0.0,0.0,0.677745179761179,0.960770314660766,0.294416175417816
0,0.0,-0.350202817103817,-0.255813953488372,0.0,0.0,0.0,0.658039473031436,0.957964418451198,0.296942764895989
0,0.0,-0.350202817103817,-0.238095238095238,0.0,0.0,0.0,0.62121818387805,0.95427172047529,0.290264882275998
0,0.0,-0.257746977582368,-0.214285714285714,0.0,0.0,0.0,0.600396441197095,0.951309801648792,0.292266164753085
0,0.0,-0.208725681523624,-0.204545454545455,0.0,0.0,0.0,0.585489531312204,0.949210613141459,0.293362461016377
0,0.0,-0.200005475791526,-0.2,0.0,0.0,0.0,0.569576145976072,0.946849533655644,0.294860470628155
0,-0.140458821755787,-0.240519775076223,-0.136546184738956,0.0,0.0,0.0,0.577454145264541,0.766069995559011,0.256063893128989
0,-0.140458821755787,-0.240519775076223,-0.137096774193548,0.0,0.0,0.0,0.581508802775164,0.767468546794719,0.255212750559778
0,-1.0,-0.378021906643752,-0.486338797814208,0.0,0.0,0.0,0.411261447727139,0.698428754202664,0.157806746289404
0,-1.0,-0.389066628524481,-0.490740740740741,-0.141025641025641,0.0,0.0,0.412293372147659,0.697077239416232,0.158944082728713
0,-1.0,-0.403052301457183,-0.494360902255639,-0.141025641025641,0.0,0.0,0.414472831529957,0.697369819957961,0.159256399285175
0,-1.0,-0.390807683098493,-0.491362763915547,-0.141025641025641,0.0,0.0,0.418680517805482,0.696013261873018,0.161182451790623
0,-1.0,-0.405413932363252,-0.499029126213592,-0.488549618320611,0.0,0.0,0.420952375663136,0.695045861407299,0.162393447756981
0,-1.0,-0.405413932363252,-0.503875968992248,-0.435967302452316,0.0,0.0,0.422046690609,0.695012690292134,0.162708568144875
0,-1.0,-0.422435765564828,-0.504854368932039,-0.435967302452316,0.0,0.0,0.451898532244984,0.701175703856892,0.166856092425593
0,0.0,-0.0539096894791514,-0.0549786194257789,-0.0145929339477727,-0.19176800748363,-0.268101761252446,0.75569549908939,0.944157905141805,0.0146861986907669
0,0.0,-0.0879171732829963,-0.0643985419198056,-0.0145929339477727,-0.19176800748363,-0.268101761252446,0.762576710679632,0.943774401164981,0.0150755078293701
0,0.0,-0.0879171732829963,-0.0730816077953715,-0.019019019019019,-0.19176800748363,-0.268101761252446,0.775361483499311,0.948020808493094,0.0165871350582655
0,0.0,-0.0879171732829963,-0.0909090909090909,-0.282051282051282,0.0,0.0,0.783277800675171,0.949825355819097,0.0154153113573881
0,0.0,-0.15091802350795,-0.124924562462281,-0.259225092250922,0.0,0.0,0.837841223467491,0.966543459061496,0.02195005239583
0,-0.317464084935677,-0.171416954087219,-0.153067301965456,-0.397295556986478,-0.377220248667851,-0.481421647819063,0.86416570368703,0.972986992131576,0.0269521767848553
0,-0.553146383499794,-0.169042436488697,-0.174631268436578,-0.377988272440235,-0.267854327605234,-0.474522292993631,0.893258718396656,0.979260664681108,0.0373578872250792
0,0.0,-0.325589853874445,-0.3,0.0,0.0,0.0,0.466065917044672,0.813782368671375,0.261263011452885
0,0.0,-0.325589853874445,-0.3,0.0,0.0,0.0,0.464967915769138,0.8136095836935,0.2613163100178
0,0.0,-0.325589853874445,-0.263157894736842,0.0,0.0,0.0,0.464002526267088,0.813407427416681,0.26147465525954
0,0.0,-0.325589853874445,-0.263157894736842,0.0,0.0,0.0,0.549294350897148,0.862901255678524,0.193225381362291
0,0.0,-0.325589853874445,-0.263157894736842,0.0,0.0,0.0,0.547837723171751,0.862757476993653,0.193249057768723
0,0.0,-0.325589853874445,-0.263157894736842,0.0,0.0,0.0,0.546524272731585,0.862587026300536,0.193368939802052
0,0.0,-0.325589853874445,-0.263157894736842,0.0,0.0,0.0,0.545796869165271,0.862512202018,0.193382295729797
0,0.0,-0.325589853874445,-0.263157894736842,0.0,0.0,0.0,0.544932630643568,0.862453754434952,0.19330370387778
0,0.0,-0.325589853874445,-0.176470588235294,0.0,0.0,0.0,0.543483630256337,0.862278132316073,0.193335637744273
0,0.0,-0.325589853874445,-0.176470588235294,0.0,0.0,0.0,0.54216804382473,0.862074711591419,0.193462658745001
0,-1.0,-0.284965704741348,-0.535830618892508,0.0,0.0,0.0,0.248175725439618,0.0699448814165475,0.0401914778593954
0,-1.0,-0.284965704741348,-0.535031847133758,0.0,0.0,0.0,0.253497212992658,0.0687668479769164,0.0417144092001557
0,-1.0,-0.284965704741348,-0.521812080536913,0.0,0.0,0.0,0.258640614397092,0.0662875827806746,0.0432003855910919
0,0.0,-0.390895875604833,-0.714285714285714,0.0,0.0,0.0,0.0769895856257324,0.594742251605474,0.0438269908628063
0,0.0,-0.390895875604833,-0.714285714285714,0.0,0.0,0.0,0.0844080300089099,0.593856165700189,0.0449232254205371
0,0.0,-0.470802081397668,-0.714285714285714,0.0,0.0,0.0,0.0943073416906392,0.592887810742008,0.0464464036746919
0,0.0,-0.470802081397668,-0.714285714285714,0.0,0.0,0.0,0.106289375346841,0.592078848585451,0.0481808697467238
0,0.0,-0.507762493583533,-0.833333333333333,0.0,0.0,0.0,0.121719744168019,0.592215679250967,0.0509176221412049
0,0.0,-0.507762493583533,-0.9,0.0,0.0,0.0,0.133500096326107,0.59254911106197,0.0530739952930063
0,0.0,-0.507762493583533,-0.904761904761905,0.0,0.0,0.0,0.140954479344429,0.592774537561938,0.0543771010378334
0,0.0,-0.507762493583533,-0.904761904761905,0.0,0.0,0.0,0.148448434847006,0.593115181568458,0.055722614787765
0,0.0,-0.561394755471353,-0.904761904761905,0.0,0.0,0.0,0.156966660857075,0.593599410701707,0.0571771123695478
0,0.0,-0.524691775069129,-0.904761904761905,0.0,0.0,0.0,0.168407409742112,0.594550389755011,0.0593978236579553
0,0.0,-0.524691775069129,-0.904761904761905,0.0,0.0,0.0,0.181624288201258,0.595901420855148,0.0624207426062866
0,0.0,-0.524691775069129,-0.904761904761905,0.0,0.0,0.0,0.249992189968148,0.667975450197897,0.119135953370695
0,0.0,-0.506709096752099,-0.714285714285714,0.0,0.0,0.0,0.114257589684418,0.392718269479714,0.0224200350748742
0,0.0,-0.474512607816497,-0.714285714285714,0.0,0.0,0.0,0.115456051788005,0.387204639621649,0.0225875356753482
0,0.0,-0.474512607816497,-0.714285714285714,0.0,0.0,0.0,0.116576959597064,0.382612449303417,0.0227697044418868
0,0.0,-0.506709096752099,-0.833333333333333,0.0,0.0,0.0,0.120227756599151,0.353755024295987,0.0230223972952595
0,0.0,-0.437982647335359,-0.833333333333333,0.0,0.0,0.0,0.123465370970545,0.345085579579505,0.0236441796066767
0,0.0,-0.390895875604833,-0.833333333333333,0.0,0.0,0.0,0.125569127463563,0.339966409881544,0.0240485901503545
0,0.0,-0.390895875604833,-0.833333333333333,0.0,0.0,0.0,0.126972992087163,0.322730370297159,0.0240232301318921
0,0.0,-0.390895875604833,-0.833333333333333,0.0,0.0,0.0,0.130502643121698,0.314272892563898,0.0247227381696221
0,0.0,-0.390895875604833,-0.833333333333333,0.0,0.0,0.0,0.132722870054125,0.306507721653542,0.0251063536150403
0,0.0,-0.390895875604833,-0.833333333333333,0.0,0.0,0.0,0.134687669201336,0.301690109821433,0.025489433557827
0,0.0,-0.390895875604833,-0.833333333333333,0.0,0.0,0.0,0.136300780479002,0.296059841576545,0.0257655804461031
0,0.0,-0.390895875604833,-0.833333333333333,0.0,0.0,0.0,0.137986767312385,0.28915710480133,0.0260315735959257
0,0.0,-0.390895875604833,-0.833333333333333,0.0,0.0,0.0,0.139946336687718,0.284339245414754,0.0263850088540736
0,0.0,-0.390895875604833,-0.833333333333333,0.0,0.0,0.0,0.142388111529835,0.284902236352723,0.0268602741649207
0,0.0,-0.470802118845353,-0.833333333333333,0.0,0.0,0.0,0.145192686047988,0.288576931115151,0.027481844551063
0,0.0,-0.470802118845353,-0.833333333333333,0.0,0.0,0.0,0.148236969402559,0.299041036002981,0.0280998482077753
0,0.0,-0.470802118845353,-0.833333333333333,0.0,0.0,0.0,0.152782103911897,0.322979371814431,0.0291052110000359
0,0.0,-0.470802118845353,-0.833333333333333,0.0,0.0,0.0,0.158439097068925,0.351066319831337,0.0304982480786888
0,0.0,-0.470802118845353,-0.833333333333333,0.0,0.0,0.0,0.164356243480338,0.376954754495583,0.0321622026032743
0,0.0,-0.470802118845353,-0.833333333333333,0.0,0.0,0.0,0.166038621734192,0.382182482568307,0.0324199275653504
0,-1.0,-0.0311448034194938,-0.0412371134020619,0.0,0.0,0.0,0.170291579969826,0.521440026794552,0.0398857827177677
0,-1.0,-0.0311448034194938,-0.0412371134020619,0.0,0.0,0.0,0.168838517299807,0.519407703755113,0.0399945516912197
0,-1.0,-0.0345106902037393,-0.0412371134020619,0.0,0.0,0.0,0.16774668431737,0.51729497685409,0.0401307017406395
0,-1.0,-0.0345106902037393,-0.0412371134020619,0.0,0.0,0.0,0.167077029863945,0.515136743541071,0.0402833994426391
0,-1.0,-0.0345106902037393,-0.0412371134020619,0.0,0.0,0.0,0.166786744962535,0.512927888338119,0.0404568425647389
0,-1.0,-0.113030366001448,-0.0421052631578947,0.0,0.0,0.0,0.167133322484531,0.510649185535056,0.0406572477747987
0,-1.0,-0.242527959520903,-0.452479338842975,0.0,0.0,0.0,0.302860229394617,0.311583149176221,0.0230248733836006
0,-1.0,-0.170752480212463,-0.430894308943089,0.0,0.0,0.0,0.298346493416823,0.313686085959331,0.0201826707985903
0,-1.0,-0.202713228979279,-0.339268051434224,0.0,0.0,0.0,0.277434420200284,0.318764014671481,0.0096105737389309
0,-1.0,-0.143508408910122,-0.274087932647334,0.0,0.0,0.0,0.273561886038477,0.319131589436563,0.0084896015281216
0,-1.0,-0.17955349586181,-0.194121667805878,0.0,0.0,0.0,0.249159700568555,0.236507822657201,0.0026524749271784
0,-1.0,-0.175219647539164,-0.18805765271105,0.0,0.0,0.0,0.250486233103914,0.236586670893155,0.0034547164935347
0,-1.0,-0.173167184660407,-0.162629757785467,-0.0033707865168539,0.0,0.0,0.251864846161565,0.237744361824705,0.0082653722622741
0,-1.0,-0.0993778892642591,-0.533073929961089,0.0,0.0,0.0,0.0797924156109213,0.132165333835255,0.27595751638157
0,-1.0,-0.0970207722125449,-0.527131782945736,0.0,0.0,0.0,0.083599446265533,0.1326158094132,0.277301435947061
0,-1.0,-0.0970207722125449,-0.527131782945736,0.0,0.0,0.0,0.12422957193363,0.472789509554127,0.249289770876111
0,-1.0,-0.0970207722125449,-0.529182879377432,0.0,0.0,0.0,0.127476802406792,0.477033164725688,0.247578294885652
0,-1.0,-0.102162667345136,-0.550561797752809,0.0,0.0,0.0,0.131905916881277,0.48011599865374,0.248599278602026
0,-1.0,-0.102162667345136,-0.554307116104869,0.0,0.0,0.0,0.134715522021455,0.482586358090901,0.248576226175747
1,1.0,1.0,1.0,-1.0,-1.0,-1.0,1.0,1.0,0.05644363481005
1,1.0,1.0,1.0,-1.0,-1.0,-1.0,1.0,1.0,0.0568300634193815
1,1.0,1.0,1.0,-1.0,-1.0,-1.0,1.0,1.0,0.0574688150275491
1,1.0,1.0,1.0,-1.0,-1.0,-1.0,1.0,1.0,0.058938979441964
0,0.0,0.0,-0.0135970333745365,-0.191966922622563,0.0,0.0,1.0,1.0,0.0594714346629997
0,0.0,0.0,-0.010519801980198,-0.191966922622563,0.0,0.0,0.993164877927817,0.990142359044657,0.059567200221967
0,-1.0,-0.216714813460414,-0.228858663512714,0.0,-0.122952463729357,-0.0311418685121107,0.910593221448085,0.840822268396299,0.136692532392844
0,-1.0,-0.257473465914716,-0.217595307917889,-0.0111287758346582,0.0,0.0,0.895781931625906,0.815449568385384,0.144468353550634
0,-1.0,-0.219937325161924,-0.230357142857143,-0.0016077170418006,-0.0003736083090487,0.0,0.701150960946557,0.489729881900159,0.0879757849697226
0,-1.0,-0.213420468336863,-0.258766626360339,-0.0167714884696017,-0.0003736083090487,0.0,0.69892159742454,0.48664624539919,0.0890014110620983
0,0.0,-0.41521658101708,-0.615384615384615,-0.966292134831461,0.0,0.0,0.904319727096249,0.94114462489818,0.0983758700272177
0,0.0,-0.428421716749857,-0.636363636363636,-1.0,0.0,0.0,0.930609042760807,0.954903978789971,0.0980684717504203
0,0.0,-0.560291089924988,-0.67741935483871,-1.0,0.0,0.0,0.961816669538347,0.973459770242704,0.097024429610731
0,0.0,-0.61524401875744,-0.7,-1.0,0.0,0.0,0.9766491397021,0.98270941314231,0.0980419966276845
0,0.0,-0.61524401875744,-0.70873786407767,-1.0,0.0,0.0,0.986660293067196,0.989803240694543,0.0983304251635682
0,0.0,-0.643738791842942,-0.70873786407767,-1.0,0.0,0.0,1.0,1.0,0.0980340560061485
1,0.0,1.0,1.0,-1.0,-1.0,0.0,1.0,1.0,0.098363517896651
1,0.0,1.0,1.0,-1.0,-1.0,-1.0,1.0,1.0,0.0990706623451854
0,0.0,-0.313796041960296,-0.138297872340426,0.0,-0.571895424836601,0.0,1.0,1.0,0.0991096408920503
0,0.0,-0.313796041960296,-0.129032258064516,0.0,-0.571895424836601,0.0,0.980686248509159,0.99572769136007,0.0994021415842913
0,0.0,-0.301257200637199,-0.10989010989011,0.0,-0.571895424836601,0.0,0.961283946363588,0.991301497664595,0.0996970206199898
0,0.0,-0.284929159852236,-0.10989010989011,0.0,-0.571895424836601,0.0,0.940342984279288,0.986456106281683,0.10032726301998
0,0.0,-0.284929159852236,-0.1,0.0,-0.571895424836601,0.0,0.924692936848536,0.98273368021043,0.100897020710353
0,0.0,-1.0,0.0,0.0,0.0,0.0,0.595517530644033,0.850680016206278,0.0171227058916389
0,0.0,-1.0,0.0,0.0,0.0,0.0,0.600632547758818,0.852225920141481,0.0171471639121249
0,0.0,-1.0,0.0,0.0,0.0,0.0,0.60573377463035,0.853768975246591,0.0171720530255045
0,0.0,-1.0,0.0,0.0,0.0,0.0,0.610193802518528,0.855011135314941,0.0172092176152838
0,0.0,-1.0,0.0,0.0,0.0,0.0,0.614044553887185,0.85616569624648,0.0172288332011121
0,0.0,-1.0,0.0,0.0,0.0,0.0,0.617871178590953,0.85731629142762,0.0172485755652054
0,0.0,-1.0,0.0,0.0,0.0,0.0,0.621505491971511,0.858459935619999,0.0172695431455679
0,0.0,-1.0,0.0,0.0,0.0,0.0,0.625160465236926,0.8596027274093,0.0172909721762699
0,0.0,-1.0,0.0,0.0,0.0,0.0,0.628833041671901,0.860741719894301,0.0173130714803834
0,0.0,-1.0,0.0,0.0,0.0,0.0,0.632522466878182,0.861882021017574,0.0173356904116052
0,0.0,-1.0,0.0,0.0,0.0,0.0,0.636184610693354,0.863023318923456,0.0173585287047199
0,0.0,-1.0,0.0,0.0,0.0,0.0,0.639142380849159,0.863808059849161,0.0173951089223629
0,0.0,-1.0,0.0,0.0,0.0,0.0,0.64194687387127,0.86480689505145,0.0173971564992692
0,0.0,-1.0,0.0,0.0,0.0,0.0,0.645421169100095,0.865892951305457,0.0174196208869943
0,0.0,-1.0,0.0,0.0,0.0,0.0,0.648884360005157,0.866979988707871,0.0174423282168707
0,0.0,-1.0,0.0,0.0,0.0,0.0,0.651598491239597,0.867686138760641,0.0174797695342852
0,0.0,-1.0,0.0,0.0,0.0,0.0,0.654334896731232,0.868699987208221,0.0174770568440919
0,0.0,-1.0,0.0,0.0,0.0,0.0,0.657469103502117,0.869604395229239,0.0175099451829251
0,0.0,-1.0,0.0,0.0,0.0,0.0,0.66014658177596,0.870448240407139,0.0175283430138234
0,0.0,-1.0,0.0,0.0,0.0,0.0,0.662808939760262,0.871289835342864,0.0175470179685737
0,0.0,-1.0,0.0,0.0,0.0,0.0,0.665474207893408,0.872130306909338,0.0175658651090081
0,0.0,-1.0,0.0,0.0,0.0,0.0,0.668572491802728,0.873189401160883,0.0175764627128609
0,0.0,-1.0,0.0,0.0,0.0,0.0,0.672151045254609,0.874302824034805,0.0176027347185555
0,0.0,-1.0,0.0,0.0,0.0,0.0,0.675713564466275,0.875413901231019,0.0176290226185673
0,0.0,-1.0,0.0,0.0,0.0,0.0,0.679270534950072,0.876522097137542,0.0176559868196597
0,0.0,-1.0,0.0,0.0,0.0,0.0,0.683388276472966,0.877919973431745,0.0176719202053173
0,0.0,-1.0,0.0,0.0,0.0,0.0,0.688112811652402,0.879388121883974,0.0177089415520276
0,0.0,-1.0,0.0,0.0,0.0,0.0,0.692818803196091,0.880852422244687,0.0177468067199328
0,0.0,-1.0,0.0,0.0,0.0,0.0,0.697588407289064,0.882327404394849,0.0177852888545632
0,0.0,-1.0,0.0,0.0,0.0,0.0,0.702428533507923,0.883806560689486,0.0178264906552668
0,0.0,-1.0,0.0,0.0,0.0,0.0,0.707462838697228,0.88539889733489,0.0178637020295355
0,0.0,-1.0,0.0,0.0,0.0,0.0,0.711733721649423,0.88654316324373,0.0179278201512808
0,0.0,-1.0,0.0,0.0,0.0,0.0,0.715010108136243,0.887566429740809,0.0179581864999623
0,0.0,-1.0,0.0,0.0,0.0,0.0,0.718254247395949,0.888588895278209,0.0179884083714911
0,0.0,-1.0,0.0,0.0,0.0,0.0,0.721513502335997,0.889606927041148,0.0180196669240168
0,0.0,-1.0,0.0,0.0,0.0,0.0,0.724497349276133,0.890490064481746,0.0180560269717417
0,0.0,-1.0,0.0,0.0,0.0,0.0,0.727225598302077,0.891341332249957,0.0180828345479991
0,0.0,-1.0,0.0,0.0,0.0,0.0,0.72993480645074,0.892189543997085,0.018109916600982
0,0.0,-1.0,0.0,0.0,0.0,0.0,0.732640873363465,0.893036070237775,0.0181371070725916
0,0.0,-1.0,0.0,0.0,0.0,0.0,0.735334755440633,0.893879025611647,0.0181646879789225
0,0.0,-1.0,0.0,0.0,0.0,0.0,0.737788033366209,0.89460698813169,0.0181967204837456
0,0.0,-1.0,0.0,0.0,0.0,0.0,0.740012953352677,0.895306494721448,0.018219984231441
0,0.0,-1.0,0.0,0.0,0.0,0.0,0.742220149765958,0.896002377027182,0.0182433510582324
0,0.0,-1.0,0.0,0.0,0.0,0.0,0.744412685102274,0.896697923221275,0.0182667242809838
0,0.0,-1.0,0.0,0.0,0.0,0.0,0.746611782787586,0.897393079954474,0.0182905393848302
0,0.0,-1.0,0.0,0.0,0.0,0.0,0.748805398908357,0.898086434015169,0.018314599156538
0,0.0,-1.0,0.0,0.0,0.0,0.0,0.751039550109451,0.898806122340299,0.0183376658568398
0,0.0,-1.0,0.0,0.0,0.0,0.0,0.753225253251063,0.899502902855832,0.0183642131048899
0,0.0,-1.0,0.0,0.0,0.0,0.0,0.755336059628175,0.900185956025069,0.018388887073436
0,0.0,-1.0,0.0,0.0,0.0,0.0,0.757433556879011,0.900865750111073,0.0184134456324313
0,0.0,-1.0,0.0,0.0,0.0,0.0,0.759521307939943,0.901545776578556,0.0184379474041447
0,0.0,-1.0,0.0,0.0,0.0,0.0,0.761599880379078,0.902223606117101,0.0184627064893413
0,0.0,-1.0,0.0,0.0,0.0,0.0,0.763679585603836,0.902909267244418,0.018487151136035
0,0.0,-1.0,0.0,0.0,0.0,0.0,0.765768781550321,0.903592416236757,0.0185124575359524
0,0.0,-1.0,0.0,0.0,0.0,0.0,0.767869145720683,0.904273616181529,0.0185382820368271
0,0.0,-1.0,0.0,0.0,0.0,0.0,0.769680164992086,0.904812628286024,0.0185696343959524
0,0.0,-1.0,0.0,0.0,0.0,0.0,0.771241947202633,0.905320260431941,0.0185891767657858
0,0.0,-1.0,0.0,0.0,0.0,0.0,0.772804253017926,0.905829776019163,0.0186087647086048
0,0.0,-1.0,0.0,0.0,0.0,0.0,0.774366721896378,0.906336590660142,0.0186288754789207
0,0.0,-1.0,0.0,0.0,0.0,0.0,0.775954309825669,0.906859314581133,0.0186481777614078
0,0.0,-1.0,0.0,0.0,0.0,0.0,0.777561048889593,0.907383702595962,0.0186690323601176
0,0.0,-1.0,0.0,0.0,0.0,0.0,0.77915906512352,0.907907567936066,0.0186898690027135
0,0.0,-1.0,0.0,0.0,0.0,0.0,0.780754640920748,0.908431698673247,0.0187107377009411
0,0.0,-1.0,0.0,0.0,0.0,0.0,0.782563286310104,0.909056081728763,0.0187284094765133
0,0.0,-1.0,0.0,0.0,0.0,0.0,0.784524572431222,0.909701129203702,0.0187547511662893
0,0.0,-1.0,0.0,0.0,0.0,0.0,0.786481047700851,0.910345141727065,0.018781242576135
0,0.0,-1.0,0.0,0.0,0.0,0.0,0.788470338551063,0.911009158810418,0.018807215599032
0,0.0,-1.0,0.0,0.0,0.0,0.0,0.790494687447625,0.911678963362595,0.0188351812368058
0,0.0,-1.0,0.0,0.0,0.0,0.0,0.79250886378032,0.912347019819629,0.0188634870161073
0,0.0,-1.0,0.0,0.0,0.0,0.0,0.794506272011222,0.913012017822278,0.0188918442481138
0,0.0,-1.0,0.0,0.0,0.0,0.0,0.796500381158031,0.913675687934163,0.0189203453075339
0,0.0,-1.0,0.0,0.0,0.0,0.0,0.798487780652238,0.914339708245463,0.0189490779114889
0,0.0,-1.0,0.0,0.0,0.0,0.0,0.80046183295599,0.91500108995758,0.0189779913550043
0,0.0,-1.0,0.0,0.0,0.0,0.0,0.802419765134661,0.915658815569363,0.0190069867822199
0,0.0,-1.0,0.0,0.0,0.0,0.0,0.80437389192255,0.916319053146732,0.0190359370626819
0,0.0,-1.0,0.0,0.0,0.0,0.0,0.80633524284851,0.91697662110089,0.0190658178089285
0,0.0,-1.0,0.0,0.0,0.0,0.0,0.80829186275785,0.917630564264013,0.0190960086659828
0,0.0,-1.0,0.0,0.0,0.0,0.0,0.81018576677987,0.918283586091637,0.0191267074647497
0,0.0,-1.0,0.0,0.0,0.0,0.0,0.812071860287013,0.918936115244581,0.0191578428485706
0,0.0,-1.0,0.0,0.0,0.0,0.0,0.813948406634012,0.91958706166644,0.0191891507606304
0,0.0,-1.0,0.0,0.0,0.0,0.0,0.815812400092992,0.920237404977014,0.0192205344067285
0,0.0,-1.0,0.0,0.0,0.0,0.0,0.817664381793011,0.920886963278847,0.0192519606376454
0,0.0,-1.0,0.0,0.0,0.0,0.0,0.819509799603026,0.921535661555159,0.0192837019021661
0,0.0,-1.0,0.0,0.0,0.0,0.0,0.821348940025761,0.922182397605446,0.0193156129833901
0,0.0,-1.0,0.0,0.0,0.0,0.0,0.823175797299368,0.922827064016608,0.0193478129785953
0,0.0,-1.0,0.0,0.0,0.0,0.0,0.824997665836602,0.923471650831215,0.0193800202833309
0,0.0,-1.0,0.0,0.0,0.0,0.0,0.826808929406473,0.924114859880631,0.0194125712951081
0,0.0,-1.0,0.0,0.0,0.0,0.0,0.828618680787284,0.924753885624957,0.0194457169862252
0,0.0,-1.0,0.0,0.0,0.0,0.0,0.830431124200932,0.925392345481826,0.0194789230367432
0,0.0,-1.0,0.0,0.0,0.0,0.0,0.832234767016721,0.926028038577265,0.019512665015514
0,0.0,-1.0,0.0,0.0,0.0,0.0,0.833906275467541,0.926591245941047,0.0195496547269218
0,0.0,-1.0,0.0,0.0,0.0,0.0,0.835300951490952,0.92705636397755,0.0195826282008435
0,0.0,-1.0,0.0,0.0,0.0,0.0,0.83657174883632,0.927505547556742,0.0196071326756991
0,0.0,-1.0,0.0,0.0,0.0,0.0,0.837840050456341,0.927952547355585,0.019631833683496
0,0.0,-1.0,0.0,0.0,0.0,0.0,0.839409230438305,0.928551434340636,0.0196511670067413
0,0.0,-1.0,0.0,0.0,0.0,0.0,0.84117884500679,0.929175433030972,0.0196863438756656
0,0.0,-1.0,0.0,0.0,0.0,0.0,0.843045373168801,0.929851670531431,0.0197196575508347
0,0.0,-1.0,0.0,0.0,0.0,0.0,0.84455342647659,0.930324362779402,0.019766682406202
0,0.0,-1.0,0.0,0.0,0.0,0.0,0.845767157535433,0.930755915884139,0.0197917536313877
0,0.0,-1.0,0.0,0.0,0.0,0.0,0.847250849925375,0.931293856485174,0.0198151215031771
0,0.0,-1.0,0.0,0.0,0.0,0.0,0.848887739139618,0.93184968721234,0.0198507357683279
0,0.0,-1.0,0.0,0.0,0.0,0.0,0.850514744875295,0.932405862485633,0.0198863972629481
0,0.0,-1.0,0.0,0.0,0.0,0.0,0.852132770637902,0.932962194374586,0.0199221945292353
0,0.0,-1.0,0.0,0.0,0.0,0.0,0.85373921637097,0.933515860672335,0.0199583493994941
0,0.0,-1.0,0.0,0.0,0.0,0.0,0.855440000659387,0.934122883523126,0.0199924109949929
0,0.0,-1.0,0.0,0.0,0.0,0.0,0.857201512707809,0.934738221169144,0.0200327128435729
0,0.0,-1.0,0.0,0.0,0.0,0.0,0.858952848968161,0.935351138936072,0.020073258200503
0,0.0,-1.0,-1.0,0.0,0.0,0.0,0.860694206188018,0.935963851064603,0.0201139870040694
0,0.0,-1.0,-1.0,0.0,0.0,0.0,0.862398039741075,0.936574964287966,0.0201550163798989
0,0.0,-1.0,-1.0,0.0,0.0,0.0,0.86408759975155,0.937184819352486,0.0201962043033601
0,0.0,-1.0,-1.0,0.0,0.0,0.0,0.865937938323086,0.937883456725819,0.0202343988971203
0,0.0,-1.0,-1.0,0.0,0.0,0.0,0.867889629147472,0.938595940737774,0.0202830796501247
0,0.0,-1.0,-1.0,0.0,0.0,0.0,0.869314558127639,0.939039754484376,0.0203419082341013
0,0.0,-1.0,-1.0,0.0,0.0,0.0,0.870513330018368,0.939496390233437,0.0203679355810211
0,0.0,-1.0,-1.0,0.0,0.0,0.0,0.871774150928057,0.939961630555008,0.0204005894569171
0,0.0,-1.0,-1.0,0.0,0.0,0.0,0.873729506289871,0.940793131448835,0.020420089531335
0,0.0,-1.0,-1.0,0.0,0.0,0.0,0.876143249424098,0.941698834601545,0.0204822837099932
0,0.0,-1.0,-1.0,0.0,0.0,0.0,0.878549324259107,0.942603682072967,0.0205471381538981
0,0.0,-1.0,-1.0,0.0,0.0,0.0,0.880936519816396,0.943503484922782,0.0206125023519318
0,0.0,-1.0,-1.0,0.0,0.0,0.0,0.88330029552841,0.944402619237797,0.0206781416877154
0,0.0,-1.0,-1.0,0.0,0.0,0.0,0.887083834177518,0.946081862908553,0.0207168353752084
0,0.0,-1.0,-1.0,0.0,0.0,0.0,0.891639963045955,0.947859167181409,0.0208512878248925
0,0.0,-1.0,-1.0,0.0,0.0,0.0,0.894656572847427,0.948851873609543,0.0210153164632008
0,0.0,-1.0,-1.0,0.0,0.0,0.0,0.896866962239472,0.949734915345386,0.0210842259676406
0,0.0,-1.0,-1.0,0.0,0.0,0.0,0.899055100382575,0.950612384967971,0.0211539615511715
0,-1.0,-1.0,-1.0,0.0,0.0,0.0,0.901223702305196,0.951489231628839,0.0212241376133738
0,-1.0,-1.0,-1.0,0.0,0.0,0.0,0.903084327338682,0.952209291133761,0.0213005643601361
0,-1.0,-1.0,-1.0,0.0,0.0,0.0,0.904788021029874,0.952907010020912,0.0213572613830351
0,-1.0,-1.0,-1.0,0.0,0.0,0.0,0.906474026272516,0.953600921062327,0.021414339884275
0,-1.0,-1.0,-1.0,0.0,0.0,0.0,0.908148535098771,0.954288483813146,0.0214714254169
0,-1.0,-1.0,-1.0,0.0,0.0,0.0,0.909809116249031,0.954973606730594,0.0215291639745025
0,-1.0,-1.0,-1.0,0.0,0.0,0.0,0.911269864067177,0.955558527806065,0.0215907378576481
0,-1.0,-1.0,-1.0,0.0,0.0,0.0,0.912636244416731,0.956127588259626,0.0216395996561033
0,-1.0,-1.0,-1.0,0.0,0.0,0.0,0.913990361726911,0.956694133191645,0.0216884400455102
0,-1.0,-1.0,-1.0,0.0,0.0,0.0,0.915101280973422,0.957135042467774,0.0217419409338266
0,-1.0,-1.0,-1.0,0.0,0.0,0.0,0.916104203946659,0.95755968500222,0.0217788074110075
0,-1.0,-1.0,-1.0,0.0,0.0,0.0,0.917105055097717,0.957984367399234,0.0218158236741817
0,-1.0,-1.0,-1.0,0.0,0.0,0.0,0.918096706343532,0.958405432997527,0.0218531581857991
0,-1.0,-1.0,-1.0,0.0,0.0,0.0,0.919319040837901,0.958953620953285,0.0218854421448763
0,-1.0,-1.0,-1.0,0.0,0.0,0.0,0.920627781072324,0.959515023508591,0.0219353224606728
0,-1.0,-1.0,-1.0,0.0,0.0,0.0,0.921928082905534,0.960074473861529,0.0219852654515904
0,-1.0,-1.0,-1.0,0.0,0.0,0.0,0.923218936910471,0.960631801159724,0.0220354382050432
0,-1.0,-1.0,-1.0,0.0,0.0,0.0,0.924500603106533,0.961189059517986,0.0220856368866793
0,-1.0,-1.0,-1.0,0.0,0.0,0.0,0.925967506734867,0.961849329486235,0.0221325331283568
0,-1.0,-1.0,-1.0,0.0,0.0,0.0,0.927426322365909,0.962485925533567,0.0221947134026587
0,-1.0,-1.0,-1.0,0.0,0.0,0.0,0.928656859083257,0.963011870303525,0.0222561901310217
0,-1.0,-1.0,-1.0,0.0,0.0,0.0,0.929812088740639,0.963526306948563,0.0223032805690101
0,-1.0,-1.0,-1.0,0.0,0.0,0.0,0.930959519278999,0.964037699597508,0.022350723454896
0,-1.0,-1.0,-1.0,0.0,0.0,0.0,0.932097957287362,0.964546858315701,0.0223983246810087
0,-1.0,-1.0,-1.0,0.0,0.0,0.0,0.933228691858795,0.965055620537166,0.0224459497285037
0,-1.0,-1.0,-1.0,0.0,0.0,0.0,0.934418566186506,0.965599509120224,0.0224925669795577
0,-1.0,-1.0,-1.0,0.0,0.0,0.0,0.935619218026028,0.966144340788424,0.0225443316958436
0,-1.0,-1.0,-1.0,0.0,0.0,0.0,0.936838773201712,0.966685640505647,0.0225997369130892
0,-1.0,-1.0,-1.0,0.0,0.0,0.0,0.938050824176004,0.967227759846964,0.0226550777231723
0,-1.0,-1.0,-1.0,0.0,0.0,0.0,0.939258435210448,0.967768065307135,0.0227116318195652
0,-1.0,-1.0,-1.0,0.0,0.0,0.0,0.940455693760624,0.968306598747199,0.0227681437829708
0,-1.0,-1.0,-1.0,0.0,0.0,0.0,0.941421802233861,0.968721033846956,0.0228298501892248
0,-1.0,-1.0,-1.0,0.0,0.0,0.0,0.942308335035371,0.969122256997314,0.0228728925471381
0,-1.0,-1.0,-1.0,0.0,0.0,0.0,0.943322049659896,0.969596164177958,0.0229132777362809
0,-1.0,-1.0,-1.0,0.0,0.0,0.0,0.944374649067098,0.970074576239694,0.0229653555571791
0,-1.0,-1.0,-1.0,0.0,0.0,0.0,0.945423098946953,0.970553228704024,0.0230179134037165
0,-1.0,-1.0,-1.0,0.0,0.0,0.0,0.946462508596526,0.971029514968418,0.0230708076558845
0,-1.0,-1.0,-1.0,0.0,0.0,0.0,0.947494072977588,0.971505744112587,0.0231236435880143
0,-1.0,-1.0,-1.0,0.0,0.0,0.0,0.94853210406639,0.97198603686933,0.0231768002808376
0,-1.0,-1.0,-1.0,0.0,0.0,0.0,0.949566976784101,0.972466636916977,0.0232310246295015
0,-1.0,-1.0,-1.0,0.0,0.0,0.0,0.950592802517494,0.972945876419282,0.0232855152721141
0,-1.0,-1.0,-1.0,0.0,0.0,0.0,0.951609660465606,0.973422225171137,0.0233400860312355
0,-1.0,-1.0,-1.0,0.0,0.0,0.0,0.952618789543447,0.973897385064651,0.0233947977003444
0,-1.0,-1.0,-1.0,0.0,0.0,0.0,0.953843281344095,0.974495554514772,0.0234449257270718
0,-1.0,-1.0,-1.0,0.0,0.0,0.0,0.955189862866878,0.975143301422781,0.0235140339572663
0,-1.0,-1.0,-1.0,0.0,0.0,0.0,0.956321366554292,0.975669693363177,0.0235946671064309
0,-1.0,-1.0,-1.0,0.0,0.0,0.0,0.957390477433116,0.976183628598502,0.0236551545764849
0,-1.0,-1.0,-1.0,0.0,0.0,0.0,0.958225292908993,0.976570534660622,0.0237208517676847
0,-1.0,-1.0,-1.0,0.0,0.0,0.0,0.959004345298647,0.976949291695612,0.0237655852516125
0,-1.0,-1.0,-1.0,0.0,0.0,0.0,0.959799713874871,0.977338584022496,0.023810482323638
0,-1.0,-1.0,-1.0,0.0,0.0,0.0,0.961429688346122,0.978197178946278,0.0238393449267187
0,-1.0,-1.0,-1.0,0.0,0.0,0.0,0.962589836381993,0.978728456800868,0.0239601127518758
0,-1.0,-1.0,-1.0,0.0,0.0,0.0,0.963603194863355,0.9792319056637,0.0240214040250576
0,-1.0,-1.0,-1.0,0.0,0.0,0.0,0.964610434063198,0.979735174231563,0.0240828521508511
0,-1.0,-1.0,-1.0,0.0,0.0,0.0,0.965606885555599,0.980235064623522,0.0241446489194188
0,-1.0,-1.0,-1.0,0.0,0.0,0.0,0.966595074326248,0.980732977892631,0.0242062160539959
0,-1.0,-1.0,-1.0,0.0,0.0,0.0,0.967734862189297,0.981319488946552,0.0242644879419896
0,-1.0,-1.0,-1.0,0.0,0.0,0.0,0.968893105934128,0.981909904759373,0.0243381592166898
0,-1.0,-1.0,-1.0,0.0,0.0,0.0,0.970038465090373,0.982496302719209,0.0244120183493988
0,-1.0,-1.0,-1.0,0.0,0.0,0.0,0.971189895579113,0.983089034512246,0.0244853746419678
0,-1.0,-1.0,-1.0,0.0,0.0,0.0,0.972336123965702,0.983681039541014,0.0245612949576045
0,-1.0,-1.0,-1.0,0.0,0.0,0.0,0.973704980091345,0.984402474628573,0.0246326186619511
0,-1.0,-1.0,-1.0,0.0,0.0,0.0,0.975095196077487,0.985127691675479,0.0247280191804212
0,-1.0,-1.0,-1.0,0.0,0.0,0.0,0.976466723262307,0.985846849302881,0.0248236677841801
0,-1.0,-1.0,-1.0,0.0,0.0,0.0,0.978401782546969,0.98688888190619,0.0249068612381044
0,-1.0,-1.0,-1.0,0.0,0.0,0.0,0.979660180991971,0.987528336349017,0.0250663060879883
0,-1.0,-1.0,-1.0,0.0,0.0,0.0,0.980817668274098,0.988146826097151,0.0251515492541662
0,-1.0,-1.0,-1.0,0.0,0.0,0.0,0.981963678424107,0.988762916786348,0.0252369269858442
0,-1.0,-1.0,-1.0,0.0,0.0,0.0,0.983097035175024,0.989374962493719,0.0253231892003285
0,-1.0,-1.0,-1.0,0.0,0.0,0.0,0.98397176344771,0.989841330254615,0.0254152054432447
0,-1.0,-1.0,-1.0,0.0,0.0,0.0,0.984814850425967,0.990300946984187,0.0254809339660112
0,-1.0,-1.0,-1.0,0.0,0.0,0.0,0.985653175234947,0.990759615619588,0.0255467296782164
0,-1.0,-1.0,-1.0,0.0,0.0,0.0,0.986307445608952,0.991115091146834,0.0256167165719293
0,-1.0,-1.0,-1.0,0.0,0.0,0.0,0.987538022848351,0.991807693579399,0.0256540661534538
0,-1.0,-1.0,-1.0,0.0,0.0,0.0,0.988138234898352,0.992126076102229,0.0257710761286539
0,-1.0,-1.0,-1.0,0.0,0.0,0.0,0.988824426158174,0.992509471958517,0.0258139106835874
0,-1.0,-1.0,-1.0,0.0,0.0,0.0,0.989512809778438,0.992892417667259,0.0258719242759945
0,-1.0,-1.0,-1.0,0.0,0.0,0.0,0.990191534677041,0.993271639359697,0.0259298129121868
0,-1.0,-1.0,-1.0,0.0,0.0,0.0,0.990877536305102,0.993656383509104,0.0259872772504269
0,-1.0,-1.0,-1.0,0.0,0.0,0.0,0.991557963847891,0.994039716741585,0.026046110511514
0,-1.0,-1.0,-1.0,0.0,0.0,0.0,0.992236808620946,0.994424134439465,0.0261046530573522
0,-1.0,-1.0,-1.0,0.0,0.0,0.0,0.992894167491731,0.994797858705569,0.0261639420416891
0,-1.0,-1.0,-1.0,0.0,0.0,0.0,0.993468073623414,0.995124498620173,0.0262231333646368
0,-1.0,-1.0,-1.0,0.0,0.0,0.0,0.993935014548519,0.995467219146606,0.0262740365440445
0,-1.0,-1.0,-1.0,0.0,0.0,0.0,0.994383574425322,0.995796972816276,0.0263288452436609
0,-1.0,-1.0,-1.0,0.0,0.0,0.0,0.99496543433708,0.996227696920619,0.0263774987366534
0,-1.0,-1.0,-1.0,0.0,0.0,0.0,0.995363226699216,0.996519047874997,0.0264514443051789
0,-1.0,-1.0,-1.0,0.0,0.0,0.0,0.995772289816731,0.996822642830002,0.0264973126605329
0,-1.0,-1.0,-1.0,0.0,0.0,0.0,0.996195435081655,0.997137634877134,0.0265459022855936
0,-1.0,-1.0,-1.0,0.0,0.0,0.0,0.996588711782267,0.997429879775222,0.0265976370599273
0,-1.0,-1.0,-1.0,0.0,0.0,0.0,0.997019428577456,0.997751245308585,0.0266440363373345
0,-1.0,-1.0,-1.0,0.0,0.0,0.0,0.997449142203237,0.998072556767879,0.0266967747483157
0,-1.0,-1.0,-1.0,0.0,0.0,0.0,0.997872010564623,0.99838971904153,0.026749678468014
0,-1.0,-1.0,-1.0,0.0,0.0,0.0,0.998293386965421,0.998706482337299,0.0268020079927019
0,-1.0,-1.0,-1.0,0.0,0.0,0.0,0.998726332745118,0.999033184986907,0.0268541001768125
0,-1.0,-1.0,-1.0,0.0,0.0,0.0,0.999143878510315,0.999349133525851,0.0269086409371448
0,-1.0,-1.0,-1.0,0.0,0.0,0.0,0.99957795816777,0.999678817787229,0.0269606666732156
0,-1.0,-1.0,-1.0,0.0,0.0,0.0,1.0,1.0,0.0270158565682105
0,-1.0,-0.180075703041226,-0.213687150837989,0.0,0.0,0.0,0.411773246618432,0.217230596725839,0.11972153834917
0,-1.0,-0.180075703041226,-0.212647671994441,0.0,0.0,0.0,0.408040358298529,0.220530980610552,0.123077666013771
0,-1.0,-0.180075703041226,-0.213296398891967,0.0,0.0,0.0,0.411867964379856,0.22256786394753,0.123022079604721
0,-1.0,-0.180075703041226,-0.210526315789474,0.0,0.0,0.0,0.416085542369075,0.224483650572896,0.122572680416482
0,-1.0,-0.180075703041226,-0.209431345353675,0.0,0.0,0.0,0.427889707202199,0.229250684303984,0.120700806672127
0,-1.0,-0.180075703041226,-0.210964607911173,0.0,0.0,0.0,0.435688453603746,0.235516795542233,0.121693423958989
0,-1.0,-0.180075703041226,-0.21235253296322,0.0,0.0,0.0,0.43840991769258,0.238732792709706,0.121948411690223
0,-1.0,-0.156397881369627,-0.211188811188811,0.0,0.0,0.0,0.44084657054594,0.241687878682359,0.12172343247801
0,-1.0,-0.153691573844473,-0.212988826815642,0.0,0.0,0.0,0.442664357850746,0.245543902590564,0.122155318790602
0,0.0,-0.470802118845353,-0.833333333333333,0.0,0.0,0.0,0.214193095390848,0.702993482606817,0.0056176784386606
0,0.0,-0.470802118845353,-0.833333333333333,0.0,0.0,0.0,0.211734214260506,0.702573643265403,0.0047989017885826
0,0.0,-0.390895875604833,-0.833333333333333,0.0,0.0,0.0,0.207927079931613,0.702150337870996,0.0036563584496728
0,0.0,-0.390895875604833,-0.833333333333333,0.0,0.0,0.0,0.204756496407779,0.701374059627252,0.0020021318441984
0,-1.0,-0.0944106627750183,-0.426523297491039,0.0,0.0,0.0,0.104346046218423,0.874810139235014,0.0681099596523142
0,-1.0,-0.0944106627750183,-0.411552346570397,0.0,0.0,0.0,0.107183315715997,0.889496487818452,0.0681056128283561
0,0.0,-0.349249827947252,-0.789473684210526,0.0,0.0,0.0,0.286058578694896,0.749820373347733,0.0003482013733479
0,0.0,-0.372974611736049,-0.785714285714286,0.0,0.0,0.0,0.27976696720904,0.639261995947585,0.0044586046537314
0,-1.0,-0.445292910293014,-0.390892962743938,-0.326145552560647,-0.368287937743191,0.0,0.94219140977016,0.990672717100913,0.0191642461210745
0,0.0,-0.329812432356164,-0.783783783783784,0.0,0.0,0.0,0.241109920048019,0.639541338727031,0.0086641510883019
0,0.0,-0.329812432356164,-0.783783783783784,0.0,0.0,0.0,0.331189582319559,0.771163120059161,0.0070651727622782
0,0.0,-0.349249827947252,-0.789473684210526,0.0,0.0,0.0,0.386860397732847,0.893431240793077,0.14380801611882
0,0.0,-0.329812432356164,-0.783783783783784,0.0,0.0,0.0,0.373140965495603,0.890205955286858,0.137800474862389
0,-1.0,-0.264228436729441,-0.125,0.0,0.0,0.0,0.168101261868928,0.546847467231345,0.328707348576583
0,-1.0,-0.268708046833231,-0.157407407407407,0.0,0.0,0.0,0.169061239136927,0.547205232282819,0.329793860622246
0,-1.0,-0.340041618758692,-0.347222222222222,0.0,0.0,0.0,0.448976100512647,0.530929192014999,0.0028803031251499
0,-1.0,-0.357866537895511,-0.326530612244898,0.0,0.0,0.0,0.450460225523398,0.528886692567526,0.0055087149070321
0,-1.0,-0.401171456413179,-0.375,0.0,0.0,0.0,0.451776761693741,0.524506412785712,0.0116678103271798
0,-1.0,-0.360697038286636,-0.397849462365591,0.0,0.0,0.0,0.684243982250914,0.755659572225737,0.0169276228329334
0,-1.0,-0.393618826311989,-0.435643564356436,0.0,-0.345621322256836,0.0,0.61372796515404,0.678349074559001,0.0246867130172995
0,0.0,-0.393618826311989,-0.457547169811321,0.0,-0.345621322256836,0.0,0.610081478068094,0.672573981984882,0.0254843560320687
0,0.0,-0.422143877429478,-0.442922374429224,0.0,-0.345621322256836,0.0,0.590670859078438,0.647987992446051,0.029738042962502
0,-1.0,-0.292266610703124,-0.212765957446809,0.0,0.0,0.0,0.326576105799337,0.372096542321115,0.0231741734592889
0,-1.0,-0.255137025170286,-0.183823529411765,0.0,0.0,0.0,0.304238814092284,0.357365227773591,0.0183490796453791
0,-1.0,-0.202034609732327,-0.196969696969697,0.0,0.0,0.0,0.0796600989125529,0.221203412741995,0.0120691410878019
0,-1.0,-0.174321797931393,-0.198473282442748,0.0,0.0,0.0,0.0981153910376133,0.253490398491982,0.0123113327235043
0,-1.0,-0.223187611590092,-0.19112426035503,0.0,0.0,0.0,0.816938017281034,0.952194743736428,0.0307876019141869
0,-1.0,-0.223187611590092,-0.191602602010645,0.0,0.0,0.0,0.814042071823617,0.951430586490284,0.0298663408937536
0,-1.0,-0.227772323748448,-0.207180694526192,0.0,0.0,0.0,0.814309265185826,0.952825886181923,0.0309232451289817
0,-1.0,-0.223910491471067,-0.21,0.0,0.0,0.0,0.813090472674472,0.95255574566148,0.0306345915085616
0,-1.0,-0.271747344761902,-0.220269478617458,-0.0019292604501607,-0.122952463729357,-0.0311418685121107,0.74455380152468,0.766510665572558,0.219975100690283
1,1.0,1.0,1.0,-1.0,-1.0,-1.0,1.0,1.0,0.122128201883575
1,1.0,1.0,1.0,-1.0,-1.0,-1.0,1.0,1.0,0.123132437748763
0,-1.0,-0.294080048364385,-0.49645390070922,0.0,0.0,0.0,0.570174450372215,0.435134036491343,0.0209981943482549
0,0.0,-0.0830442436992012,-0.0457637600494743,0.0,-0.338235294117647,-0.423728813559322,0.946099507562239,0.985615801640701,0.0495494427168118
0,0.0,-0.022729539382098,-0.0388648982109809,0.0,-0.275444371296906,-0.264367816091954,0.959047661210191,0.988777932663698,0.103939322622879
0,0.0,-0.022729539382098,-0.041358024691358,0.0,-0.275444371296906,-0.264367816091954,0.958251875892215,0.98853942444438,0.103455533521191
0,-1.0,-0.285631802895745,-0.265068049254699,-0.0997150997150997,0.0,0.0,0.647102015527507,0.502259955298145,0.0139065331016979
1,0.0,1.0,1.0,0.0,0.0,0.0,0.0,0.0,0.0
0,-1.0,-0.243268665863658,-0.196869355809753,-0.217654171704958,-0.0415534601246604,0.0,0.814338799768555,0.955407103081774,0.0894946884166887
1,0.0,1.0,1.0,-1.0,-1.0,-1.0,0.0,0.0,0.0
0,-1.0,-0.563377307508217,-0.486147757255937,-0.263598326359833,-0.113624408206207,-0.05,0.966672647807775,0.995690244543537,0.0163527825226525
0,-1.0,-0.566001266458601,-0.49025974025974,-0.263598326359833,-0.113624408206207,-0.05,0.975783473557462,0.996669416689419,0.0187127464642947
0,0.0,-0.390302346155876,-0.258397932816537,-0.0276930894308943,0.0,0.0,0.563420896985558,0.794195617104697,0.0016805083039905
0,-1.0,-0.281537686349415,-0.25780771586038,-0.112982456140351,0.0,0.0,0.132269605045965,0.0654702042273559,0.0032543709376574
0,0.0,-0.247279492692441,-0.578947368421053,0.0,0.0,0.0,0.233967856131359,0.729265293897008,0.0012811284563618
0,0.0,-0.361577488768136,0.0,0.0,0.0,0.0,0.689196021809776,0.838004962700721,0.0240385683960056
0,-1.0,-0.194336156273013,-0.390745501285347,0.0,0.0,0.0,0.0,0.0,0.0
0,-0.345303878319584,-0.173761149662665,-0.154025670945158,0.0,0.0,0.0,0.827837689710312,0.973267509702294,0.0124593962313361
0,-0.345303878319584,-0.173761149662665,-0.159077468953282,0.0,0.0,0.0,0.821340145156645,0.972830735587814,0.0076320387683647
0,-1.0,-0.261596855494264,-0.177777777777778,0.0,0.0,0.0,0.391426157213764,0.523805227945014,0.186302494049181
0,-1.0,-0.275394407450656,-0.183206106870229,0.0,0.0,0.0,0.387539691167442,0.522709537766086,0.185631180594715
0,-1.0,-0.176278737665119,-0.204724409448819,0.0,0.0,0.0,0.249288223366726,0.398565443541934,0.0554990184447175
0,-1.0,-0.17256144699985,-0.272,0.0,0.0,0.0,0.241051736361188,0.394543486008881,0.0529230991768093
0,-1.0,-0.574287324884057,-0.443078913324709,-0.242307692307692,-0.718227424749164,-0.793478260869565,0.918726142235692,0.987548197012623,0.0047919869716472
0,-1.0,-0.561451398166511,-0.437862202189311,-0.242307692307692,-0.718227424749164,-0.793478260869565,0.900231953226175,0.984844751344652,0.0011807468797269
0,-1.0,-0.561451398166511,-0.434504792332268,-0.242307692307692,-0.69435878831852,-0.05,0.965159956891814,0.9954801552282,0.0004299560147577
0,-1.0,-0.547946599004179,-0.432950191570881,-0.242307692307692,-0.69435878831852,-0.05,0.97509602692951,0.991311600287348,4.67937828105129e-05
0,-1.0,-0.547946599004179,-0.431397574984046,-0.242307692307692,-0.69435878831852,-0.05,0.827313398454233,0.955030289628343,0.0005030253356333
0,0.0,-0.298270834142611,-0.255208333333333,-0.0121679774447247,-0.173066374108612,-0.0523465703971119,0.758624996501898,0.877057537506244,0.312739085391487
0,-1.0,-0.234263326619372,-0.148975791433892,-0.370748299319728,-0.522697223446452,-0.238095238095238,0.0,0.0,0.0
0,-1.0,-0.576123028896717,-0.50965250965251,-0.263598326359833,-0.20668549905838,-0.25,0.924827752688323,0.986680477979957,0.0105872226282072
0,0.0,-0.0256956691079457,-0.0077519379844961,-0.0817733990147783,-0.208067940552017,-0.105367793240557,1.0,1.0,0.373134216920878
0,0.0,-0.604397645065869,0.0,0.0,0.0,0.0,0.895875926786477,0.967970553629272,0.001986149471273
0,0.0,-0.545949392024192,0.0,0.0,0.0,0.0,0.893925702438525,0.967699180854749,0.0013158764401395
0,0.0,-0.19947316005663,-0.360636417206836,0.0,0.0,0.0,0.623761193978255,0.64226244569322,0.0001177198872517
0,-1.0,-0.559019131046202,-0.454029511918275,-0.457407407407407,-0.451379492911348,-0.216981132075472,0.949171586381636,0.990793269797108,0.0538935264536969
0,-1.0,-0.525597158218261,-0.444633730834753,-0.288834951456311,-0.451379492911348,-0.216981132075472,0.938475577678061,0.989642059211995,0.0350299107348531
0,-0.140458821755787,-0.243454068018653,-0.149377593360996,0.0,0.0,0.0,0.732209491264313,0.92513427952101,0.0850250687774664
0,-0.140458821755787,-0.224968595435077,-0.108597285067873,0.0,0.0,0.0,0.685982401719191,0.910980077369879,0.086988790561484
0,-0.140458821755787,-0.224968595435077,-0.0888888888888889,0.0,0.0,0.0,0.653086347793185,0.899396062934231,0.0885254014153484
0,-1.0,-0.51559464197933,-0.616113744075829,-0.765544780376497,-0.403149606299213,-0.462264150943396,0.830899607157313,0.869412723595491,0.11808213734643
0,-1.0,-0.247314133324645,-0.51864406779661,0.0,0.0,0.0,0.33591379083544,0.309638549465134,0.32591729515568
0,-1.0,-0.247314133324645,-0.53577106518283,0.0,0.0,0.0,0.337237517053931,0.30947089586598,0.328323895128496
0,0.0,-0.307943235307514,-0.253968253968254,-0.000453514739229,0.0,0.0,0.682832433330333,0.684287541722618,0.019921166951773
0,0.0,-0.307943235307514,-0.253263707571802,-0.0004638936137312,0.0,0.0,0.761669491100157,0.715198696927135,0.0194884435617777
0,0.0,-0.307943235307514,-0.255208333333333,-0.0004638936137312,0.0,0.0,0.764462193189465,0.715531354131277,0.0207017469055371
0,0.0,-0.298270834142611,-0.255208333333333,-0.000453514739229,-0.183376925312409,-0.0681551116333725,0.755481273555922,0.709881776126234,0.021125178878397
0,0.0,-0.298270834142611,-0.255208333333333,-0.0123698898778096,-0.183376925312409,-0.0681551116333725,0.737786365512051,0.701496119391063,0.0218106299485024
0,0.0,-0.298270834142611,-0.25130890052356,-0.0120765832106038,-0.249113025848961,-0.150927487352445,0.530978425772092,0.526816567515541,0.50898336850419
0,-1.0,-0.13063665215145,-0.444805194805195,0.0,0.0,0.0,0.0,0.0,0.0
0,-1.0,-0.184424318554451,-0.420731707317073,0.0,0.0,0.0,0.22207719536052,0.364990769263552,0.18664320393811
0,-1.0,-0.222114533389338,-0.270253555967842,-0.108374384236453,-0.183305238184429,-0.197879858657244,0.833490813113266,0.829637727600648,0.0097465521365451
0,-1.0,-0.222114533389338,-0.275969962453066,-0.0023677979479084,0.0,0.0,0.778333002371587,0.65822854756871,0.0071963342702672
0,-1.0,-0.259757891863267,-0.270420792079208,-0.0023677979479084,0.0,0.0,0.766258070573182,0.578924869580217,0.0463630653972937
0,-1.0,-0.65684137616236,-0.636363636363636,-1.0,-0.5,-0.272727272727273,0.662589806514939,0.628275097486874,0.0309721077916409
0,-1.0,-0.65684137616236,-0.612794612794613,-1.0,-0.5,-0.272727272727273,0.659473662025334,0.626264618936257,0.0319539938077077
0,-1.0,-0.65684137616236,-0.601328903654485,-1.0,-0.984375,-0.272727272727273,0.657429584570617,0.624983280049976,0.0325765353691635
1,0.0,1.0,0.0,0.0,0.0,0.0,1.0,1.0,0.0024074951538516
0,-1.0,-0.0868631487696922,-0.0875,-0.603703703703704,-0.127560837577816,-0.883333333333333,0.126467967756662,0.193759205628915,0.437085861787528
0,-1.0,-0.0444839551029111,-0.0775978407557355,-0.712550607287449,-0.148533772652389,-0.946428571428571,0.189101524292129,0.47733194436069,0.629068853319505
0,0.0,-0.204841726798248,-0.833333333333333,0.0,0.0,0.0,0.0413124248986611,0.582543096128968,0.103552829196154
0,0.0,-0.524691775069129,-0.904761904761905,0.0,0.0,0.0,0.123516911652066,0.534530021836889,0.0740762812270286
0,0.0,-0.58280197391345,-0.947368421052632,0.0,0.0,0.0,0.189240523998031,0.566838307395589,0.0750042462962023
0,0.0,-0.58280197391345,-0.931034482758621,0.0,0.0,0.0,0.171292752928175,0.557561895267459,0.075706217818208
0,0.0,-0.58280197391345,-0.91304347826087,0.0,0.0,0.0,0.143503639757306,0.545928977906474,0.0726215336099509
0,0.0,-0.524691775069129,-0.904761904761905,0.0,0.0,0.0,0.126594308422425,0.537015568519143,0.0731813326280798
0,0.0,-0.329812432356164,-0.709677419354839,0.0,0.0,0.0,0.20579512654475,0.415442022790081,0.167577165493528
0,0.0,-0.287496832036626,-0.702127659574468,0.0,0.0,0.0,0.225071913553452,0.488374833606092,0.208528691665049
0,-1.0,-0.360697038286636,-0.379120879120879,0.0,0.0,0.0,0.507607080501805,0.617246191533798,0.56282597052203
0,-1.0,-0.357866537895511,-0.309677419354839,0.0,0.0,0.0,0.4354970128605,0.598442552283587,0.537334987166165
0,-1.0,-0.327671538884062,-0.307692307692308,0.0,0.0,0.0,0.34612863802007,0.568378503625951,0.485492106956964
0,-1.0,-0.351155812397901,-0.340909090909091,0.0,0.0,0.0,0.342441189619162,0.567212163716819,0.487614568030693
0,-1.0,-0.305283394362172,-0.291338582677165,0.0,0.0,0.0,0.285434145476147,0.543134520931846,0.506899402065037
0,-1.0,-0.28734562449174,-0.0561797752808989,0.0,0.0,0.0,0.300549378290372,0.429771818168914,0.170563935376031
0,-1.0,-0.274573260788682,-0.0561797752808989,0.0,0.0,0.0,0.30393529058322,0.428800671174035,0.16858501256027
0,-1.0,-0.304472284952036,-0.217289719626168,-0.151503164556962,-0.126739375705152,-0.327902240325866,0.826720477662205,0.963091457312262,0.0295143620305082
0,-1.0,-0.246160516246358,-0.202805376972531,-0.274300932090546,-0.322697056030389,-0.577519379844961,0.827120720276238,0.947610005645673,0.0220563791975104
0,-1.0,-0.221912719237674,-0.195791934541204,-0.342180481829318,-0.267854327605234,-0.474522292993631,0.821490004359403,0.924253464481939,0.0164137117304309
0,-1.0,-0.320644419024901,-0.284996861268048,-0.0140679953106682,-0.470033562410101,-0.513761467889908,0.638374000652271,0.351087557540753,0.0230601353879592
0,-1.0,-0.320644419024901,-0.279308135810378,-0.216833095577746,-0.0015055706112616,0.0,0.640072314274355,0.34974321105065,0.0155029818185916
0,-1.0,-0.260659117152484,-0.287755102040816,-0.180878552971576,0.0,0.0,0.0,0.0,2.20701872611423e-06
0,0.0,-0.406554005062545,-0.833333333333333,0.0,0.0,0.0,0.255782352060986,0.780508674245904,0.0227839204952133
0,0.0,-0.406554005062545,-0.833333333333333,0.0,0.0,0.0,0.247574746494883,0.776360452558812,0.0218058472998901
0,0.0,-0.406554005062545,-0.833333333333333,0.0,0.0,0.0,0.239413457259379,0.769869544479755,0.0222490835464962
0,0.0,-0.406554005062545,-0.833333333333333,0.0,0.0,0.0,0.236612538216755,0.768487931240167,0.0218691687995271
0,0.0,-0.406554005062545,-0.833333333333333,0.0,0.0,0.0,0.227733036482401,0.763453743206728,0.0219283593501476
0,0.0,-0.406554005062545,-0.833333333333333,0.0,0.0,0.0,0.226294930256751,0.762634482260334,0.0218530206956313
0,0.0,-0.406554005062545,-0.833333333333333,0.0,0.0,0.0,0.224682502390102,0.761385307437591,0.0218575842608476
0,0.0,-0.406554005062545,-0.833333333333333,0.0,0.0,0.0,0.222952056266567,0.759892285490721,0.0219957523889834
0,0.0,-0.406554005062545,-0.833333333333333,0.0,0.0,0.0,0.167881350114213,0.810025945604351,0.0418658445329375
0,0.0,-0.406554005062545,-0.833333333333333,0.0,0.0,0.0,0.165973603496936,0.809581551234024,0.0416593107396313
0,0.0,-0.274588706633784,-0.833333333333333,0.0,0.0,0.0,0.159004608502076,0.809763189385092,0.0401445636528082
0,0.0,-0.204841726798248,-0.833333333333333,0.0,0.0,0.0,0.151305804940794,0.807069702768445,0.0398668959831153
0,0.0,-0.204841726798248,-0.833333333333333,0.0,0.0,0.0,0.140950427054989,0.806240924941315,0.0380687402435476
0,-1.0,-0.0738202054483714,-0.0686015831134565,-0.727272727272727,-0.286554115164305,-1.0,0.0,0.0,0.0
0,-1.0,-0.377680863240629,-0.567375886524823,-0.177897574123989,0.0,0.0,0.647277629693268,0.545907938774751,0.0566831819488202
0,-1.0,-0.377680863240629,-0.564705882352941,-0.177897574123989,0.0,0.0,0.516449169420421,0.578656276148577,0.0326784116671821
1,1.0,1.0,1.0,-1.0,-1.0,0.0,1.0,1.0,0.130801009936489
0,-0.836588618013349,-0.149240876498861,-0.287234042553192,0.0,0.0,0.0,1.0,1.0,0.129022223940661
0,0.0,-0.0825586261295748,-0.176754151044456,-0.0537142857142857,-0.45370925814837,-0.0463917525773196,0.702955775410555,0.854266067949511,0.191674610754359
0,0.0,-0.0696532573658984,-0.199466666666667,-0.0440900562851782,-0.453075079872204,-0.0363881401617251,0.691350664336484,0.851745671529089,0.192278495031346
0,-1.0,-0.23094203061867,-0.189917936694021,-0.477651515151515,-0.267854327605234,-0.474522292993631,0.996705114579985,0.999347096158648,0.0538503366655992
0,-1.0,-0.207672602560615,-0.184967704051674,-0.477651515151515,-0.267854327605234,-0.474522292993631,0.996263482684124,0.99925895960021,0.0533638135577515
0,-1.0,-0.191019733308782,-0.18379330593071,-0.419856962557846,-0.267854327605234,-0.474522292993631,0.99721001524761,0.999447659131872,0.052282425711794
0,0.0,-1.0,-1.0,-0.728260869565217,0.0,0.0,0.985600309887234,0.998419272607377,0.0083411871311311
0,0.0,-1.0,-1.0,-0.71264367816092,0.0,0.0,0.983025465662118,0.998165093551091,0.0069152875288828
0,0.0,-1.0,-1.0,-0.6,0.0,0.0,0.977462114797598,0.997564460864638,0.0064220517751768
0,0.0,-1.0,-1.0,-0.6,0.0,0.0,0.975382848441504,0.997339005554113,0.0062737705472133
0,-1.0,-0.202034609732327,-0.204545454545455,0.0,0.0,0.0,0.168706958808741,0.325024776238236,0.0198561160236872
0,-1.0,-0.202034609732327,-0.204545454545455,0.0,0.0,0.0,0.01744618571972,0.235746375132352,0.0063311891687708
0,-1.0,-0.563377307508217,-0.435649935649936,-0.250950570342205,-0.69435878831852,-0.05,0.827741398543988,0.970946764250131,0.0739923627312136
0,-1.0,-0.51559464197933,-0.646913580246914,-0.791370558375635,-0.403149606299213,-0.462264150943396,0.81072084933286,0.785132236267098,0.091275062532097
0,-1.0,-0.520124550459172,-0.664141414141414,-0.821691973969631,-0.41091492776886,-0.462264150943396,0.897988242340304,0.886272876653159,0.0738454606748559
0,-1.0,-0.55413879371885,-0.674300254452926,-0.838252656434475,-0.41091492776886,-0.462264150943396,0.9120966305774,0.901720134059131,0.0720366945719046
0,-1.0,-0.55413879371885,-0.68298969072165,-0.838252656434475,-0.506262359920897,-0.646864686468647,0.918247383573696,0.907756407196512,0.0717949121363066
0,-1.0,-0.595488270145461,-0.701570680628272,-0.871913580246914,-0.704203013481364,-0.809608540925267,1.0,1.0,0.0630522806685795
1,1.0,1.0,1.0,-1.0,-1.0,-1.0,1.0,1.0,0.0649457978768598
0,0.0,-0.391779905146649,-0.289002557544757,-0.0934393638170974,-0.25426039536469,-0.166926677067083,1.0,1.0,0.0652444101253658
0,0.0,-0.391779905146649,-0.287179487179487,-0.0890392422192152,-0.0499348675640469,-0.0840480274442539,0.986577713058409,0.989932276210319,0.0649622397567745
0,0.0,-0.416891670923018,-0.28498727735369,-0.0878974084958589,-0.0499348675640469,-0.0840480274442539,0.965805918878444,0.974079651896656,0.0652045099573444
0,-1.0,-0.292914814132031,-0.182481751824818,0.0,0.0,0.0,0.119302402577386,0.119493421185884,0.0269894254662797
0,-1.0,-0.370093851500597,-0.303703703703704,0.0,0.0,0.0,0.317401177393478,0.469504449896769,0.0917289707538519
0,-1.0,-0.210769273812622,-0.105263157894737,0.0,0.0,0.0,0.202822517059779,0.512941931509709,0.0148708866357664
0,0.0,-0.470802118845353,-0.833333333333333,0.0,0.0,0.0,0.201335808333241,0.759163203755166,0.156621283577825
0,0.0,-0.470802118845353,-0.833333333333333,0.0,0.0,0.0,0.149451796207507,0.733065374123719,0.156742168452149
0,-1.0,-0.268708046833231,-0.12621359223301,0.0,0.0,0.0,0.215666662488321,0.430146499459032,0.0568751478000071
0,-1.0,-0.268708046833231,-0.12621359223301,0.0,0.0,0.0,0.0630363731388997,0.230190948018794,0.0557329392223092
0,0.0,-0.406554005062545,-0.833333333333333,0.0,0.0,0.0,0.135162785739735,0.716632678644088,0.0008088176837816
0,0.0,-0.406554005062545,-0.833333333333333,0.0,0.0,0.0,0.14232130378083,0.730788792447357,0.0005645622343801
0,0.0,-0.406554005062545,-0.833333333333333,0.0,0.0,0.0,0.23218223707426,0.704866934729693,0.000219408414944
0,0.0,-0.406554005062545,-0.833333333333333,0.0,0.0,0.0,0.325221440545641,0.439445438513886,0.0001975470772619
0,0.0,-0.232627599056503,-0.611111111111111,0.0,0.0,0.0,0.231131507727346,0.810586112824916,0.153748785005157
0,-1.0,-0.293218816165895,-0.245762711864407,0.0,0.0,0.0,0.189906366201168,0.464273048651295,0.102744507862103
0,-1.0,-0.305451230762674,-0.221238938053097,0.0,0.0,0.0,0.171956318331281,0.461816618305613,0.0987346838425815
0,-1.0,-0.263733338985585,-0.221238938053097,0.0,0.0,0.0,0.150330518255511,0.458700008635668,0.094191400407205
0,-1.0,-0.241381427119908,-0.157407407407407,0.0,0.0,0.0,0.11171448428832,0.445487928753803,0.092185647171226
0,-1.0,-0.248938792693917,-0.116504854368932,0.0,0.0,0.0,0.0950632543943904,0.441131617211465,0.0895058814224827
0,-1.0,-0.176563191275383,-0.0631578947368421,0.0,0.0,0.0,0.0607840944198579,0.434244249693631,0.082504316510743
0,-1.0,-0.396662644870677,-0.323529411764706,0.0,0.0,0.0,0.135338305805346,0.169188593332462,0.0521783886471126
0,-1.0,-0.355892844779515,-0.308270676691729,0.0,0.0,0.0,0.112490594363497,0.140458097282799,0.0482186704802267
0,-1.0,-0.370093851500597,-0.308270676691729,0.0,0.0,0.0,0.105360882472895,0.131973443628585,0.0475244744424253
0,-1.0,-0.370093851500597,-0.305970149253731,0.0,0.0,0.0,0.0918920709256809,0.113308996320942,0.0456182656730896
1,1.0,1.0,1.0,-1.0,-1.0,-1.0,1.0,1.0,0.0002744490879277
1,0.0,0.0,0.0,-1.0,0.0,0.0,1.0,1.0,0.0007523316089482
1,0.0,0.0,0.0,-1.0,0.0,0.0,1.0,1.0,0.0006409249101051
1,0.0,0.0,0.0,-1.0,0.0,0.0,1.0,1.0,0.0005068157816314
0,0.0,0.0,0.0,-1.0,0.0,0.0,1.0,1.0,0.00010375372544
0,-1.0,-0.445292910293014,-0.354550862581797,-0.343939393939394,-0.378852568378919,0.0,0.94185780641043,0.98950256292164,0.0189312190815054
0,-1.0,-0.210769273812622,-0.101010101010101,0.0,0.0,0.0,0.10534805920979,0.209249554086782,0.0164813375927012
0,0.0,-0.290315131482876,-0.708333333333333,0.0,0.0,0.0,0.271266628684736,0.841407526396645,0.144038276577959
0,0.0,-0.022729539382098,-0.0406905055487053,0.0,-0.275444371296906,-0.264367816091954,0.996169239293787,0.99894263646986,0.0977176799322365
0,0.0,-0.58280197391345,-0.96,0.0,0.0,0.0,0.220988331653286,0.579454980614785,0.0797678188389615
0,0.0,-0.329812432356164,-0.733333333333333,0.0,0.0,0.0,0.363347656958554,0.888758841371074,0.130350779645737
0,-1.0,-0.293309574959975,-0.593846153846154,0.0,0.0,0.0,0.249511351284574,0.581505335009295,0.414515718128215
0,-1.0,-0.367503766541435,-0.567796610169492,0.0,0.0,0.0,0.26353956829485,0.584025557913343,0.420758024138846
0,-1.0,-0.0974689442316317,-0.450592885375494,0.0,0.0,0.0,0.0444833460120162,0.469593937212591,0.0227282345336081
0,-1.0,-0.285631802895745,-0.26701231367466,-0.0997150997150997,0.0,0.0,0.631733271041978,0.478639299742496,0.0138302485076554
0,-1.0,-0.180075703041226,-0.215523215523216,0.0,0.0,0.0,0.155171304896478,0.639958370361053,0.0322046784385266
0,-1.0,-0.180075703041226,-0.212141882673943,0.0,0.0,0.0,0.208598270912323,0.644847193488518,0.0356386048208834
0,-1.0,-0.156397881369627,-0.209952283571915,0.0,0.0,0.0,0.226895694678892,0.643601428698965,0.037540173234192
0,-1.0,-0.24512340243264,-0.183823529411765,0.0,0.0,0.0,0.423645987936641,0.45675739466578,0.0067631172353497
0,-1.0,-0.281346155730351,-0.21830985915493,0.0,0.0,0.0,0.44480495425681,0.47921294191804,0.0069964308523327
0,-1.0,-0.281346155730351,-0.212765957446809,0.0,0.0,0.0,0.0075334034435833,0.0764387334751059,0.0006897212008951
0,-1.0,-0.0464679441258559,-0.0503693754197448,-0.511627906976744,-0.168598997681203,-0.946428571428571,0.734517692083244,0.115673903092481,0.416919246695288
0,-1.0,-0.0464679441258559,-0.0415531335149864,-0.339583333333333,-0.185483870967742,-0.946428571428571,0.739101456614958,0.117350188227929,0.416583091691574
0,0.0,-0.443153622638976,-0.641456582633053,0.0,0.0,0.0,0.922119609476098,0.972799498391946,0.283800166212358
0,-1.0,-0.141522461029967,-0.146625766871166,-0.330792682926829,-0.522697223446452,-0.238095238095238,0.865017482562091,0.976416849045485,0.007241122556447
0,-1.0,-0.294080048364385,-0.504347826086956,0.0,0.0,0.0,5.6349200497208e-05,0.173353398744511,0.0004772233136975
0,-1.0,-0.294080048364385,-0.506920415224913,0.0,0.0,0.0,0.525865722101233,0.415328259289748,0.0211988646511966
0,-1.0,-0.294080048364385,-0.508620689655172,0.0,0.0,0.0,0.522854808239824,0.416884928147565,0.0211018314260454
0,-1.0,-0.490364156570479,-0.601873536299766,-0.744286596664608,-0.338773709748566,-0.462264150943396,0.736536153072416,0.78764969596357,0.0407279363409124
0,-1.0,-0.505716968744873,-0.60655737704918,-0.764236902050114,-0.338773709748566,-0.462264150943396,0.823600234012379,0.859469620706891,0.120206427896839
0,0.0,-0.545949392024192,0.0,0.0,0.0,0.0,0.592328818411368,0.847580762760122,0.0003837719797771
0,0.0,-0.436756551918371,-1.0,0.0,0.0,0.0,0.598788845784828,0.666076462732646,0.0446135959592122
0,0.0,-0.436756551918371,-1.0,0.0,0.0,0.0,0.602481698817462,0.668231756692121,0.0444153163059757
0,0.0,-0.436756551918371,-1.0,0.0,0.0,0.0,0.677478838765525,0.878389040638483,0.041502986360955
0,0.0,-0.436756551918371,-1.0,0.0,0.0,0.0,0.679132168560129,0.8816167978879,0.0414191509435006
0,-1.0,-0.471755982981778,-0.369405099150142,-0.0180412371134021,-0.0398435086996808,-0.716723549488055,0.801296661245459,0.962966360058428,0.0266027021162922
0,-1.0,-0.191019733308782,-0.18331374853114,-0.377988272440235,-0.267854327605234,-0.474522292993631,0.808995358257985,0.915733050666295,0.0203955316782958
0,-1.0,-0.207672602560615,-0.184380504991192,-0.371618625277162,-0.267854327605234,-0.474522292993631,0.802468181329432,0.910757619407266,0.0201352549847013
0,-1.0,-0.207672602560615,-0.185773074661964,-0.371618625277162,-0.267854327605234,-0.474522292993631,0.799330370604368,0.90940066303583,0.0201379877024023
0,-1.0,-0.520124550459172,-0.661616161616162,-0.791370558375635,-0.41091492776886,-0.462264150943396,0.538287786499993,0.33959842329327,0.015954039699554
0,-1.0,-0.520124550459172,-0.66497461928934,-0.791370558375635,-0.41091492776886,-0.462264150943396,0.537626558501586,0.339775256361953,0.0154232895843556
0,-1.0,-0.520124550459172,-0.666666666666667,-0.791370558375635,-0.41091492776886,-0.462264150943396,0.536971119188652,0.340008086173823,0.0148208180393887
0,-1.0,-0.55413879371885,-0.669250645994832,-0.764334862385321,-0.41091492776886,-0.462264150943396,0.535640745394041,0.340392139002352,0.0135575147466571
0,-1.0,-0.55413879371885,-0.672727272727273,-0.764334862385321,-0.41091492776886,-0.462264150943396,0.534983341240133,0.340552137631354,0.012991764762477
0,-1.0,-0.55413879371885,-0.687165775401069,-0.800600600600601,-0.506262359920897,-0.646864686468647,0.530624303671275,0.342505492444737,0.005756349115263
0,-1.0,-0.549439181523836,-0.691056910569106,-0.782722513089005,0.0,0.0,0.529235173023864,0.342653749750397,0.0048763938981125
0,-1.0,-0.548457580334495,-0.692934782608696,-0.691736304549675,0.0,0.0,0.0,0.0,0.0
0,0.0,-0.58280197391345,-0.933333333333333,0.0,0.0,0.0,0.390206626219455,0.843062246704869,0.084144579849664
0,0.0,-0.58280197391345,-0.947368421052632,0.0,0.0,0.0,0.405581439051533,0.848434220035191,0.0856081459930944
0,-1.0,-0.340510820419725,-0.315758640890451,-0.148760330578512,-0.359612462006079,0.0,0.72768230451531,0.743008250822828,0.0001173017611961
0,0.0,-0.390302346155876,-0.262210796915167,-0.073141196415597,0.0,0.0,0.756862895693109,0.943545554119618,0.013555411009079
0,0.0,-0.390302346155876,-0.258397932816537,-0.0277142130689041,0.0,0.0,0.724091145570754,0.902167709753312,0.0110048842360722
0,0.0,-0.530616074767925,-0.142857142857143,-1.0,-0.197183098591549,-0.954545454545455,0.869076815047572,0.890824393562838,0.263915575224172
0,0.0,-0.481946089347464,-0.122448979591837,-1.0,0.0,-0.769230769230769,0.858495129804922,0.896239955688847,0.253898180092963
0,0.0,-0.40930762596314,-0.12,0.0,0.0,-0.769230769230769,0.778453640412507,0.888554201640106,0.258541507807733
0,0.0,-0.40930762596314,-0.12,0.0,0.0,-0.769230769230769,0.77463598801491,0.888719338891475,0.25795843750674
0,0.0,-0.395594873303521,-0.12,0.0,0.0,-0.769230769230769,0.762297964839024,0.889856814104851,0.255188941413166
0,0.0,-0.370244026115862,-0.12,0.0,0.0,-0.769230769230769,0.73241044911179,0.887789610747049,0.255995714991082
0,0.0,-0.38154655088315,-0.12,0.0,0.0,0.0,0.711378393154532,0.887617004119924,0.254733461245033
0,-1.0,-0.278452832263826,-0.49009009009009,0.0,0.0,0.0,0.418224810622734,0.328658007699887,0.0096719722419371
0,-1.0,-0.278452832263826,-0.482632541133455,0.0,0.0,0.0,0.416290741927707,0.328987860540469,0.0084067182214474
0,-1.0,-0.278452832263826,-0.473880597014925,0.0,0.0,0.0,0.414679290699669,0.32942953549213,0.0068248101778718
0,-1.0,-0.283929933511816,-0.467924528301887,0.0,0.0,0.0,0.413700660432628,0.329923195798526,0.0054051191088912
0,-1.0,-0.289626824540891,-0.456479690522244,0.0,0.0,0.0,0.411217584281643,0.330679926788869,0.0024681910218576
0,-1.0,-0.276691772184427,-0.447524752475248,0.0,0.0,0.0,0.0,0.0,0.0
0,-1.0,-0.436857571638632,-0.611620795107034,-0.930762489044698,-0.0711206896551724,-0.248447204968944,0.443943087387008,1.0,0.0847986172136232
0,-1.0,-0.426309049089722,-0.644970414201183,-0.962770970782281,-0.123983739837398,-0.539923954372624,0.480929105672902,1.0,0.093844670035983
0,-1.0,-0.426309049089722,-0.654069767441861,-0.965313028764805,-0.123983739837398,-0.539923954372624,0.493107229678303,1.0,0.0958454068958071
0,-1.0,-0.340041618758692,-0.328767123287671,0.0,0.0,0.0,0.566182721617217,0.650318017459944,0.0500399425176076
0,-1.0,-0.422375458086479,-0.574647887323944,0.0,0.0,0.0,0.716445785982744,0.54108592523793,0.039649037575912
0,-1.0,-0.310981129740516,-0.460446247464503,0.0,0.0,0.0,0.431601989711346,0.338518665267926,0.0357875874968443
0,-1.0,-0.426102338130865,-0.590625,0.0,0.0,0.0,0.495396867604385,0.365268699548598,0.0507329420933229
0,-1.0,-0.397920210091539,-0.53935860058309,0.0,0.0,0.0,0.486096904520646,0.365418700237979,0.044603078096118
0,-1.0,-0.366567473407185,-0.513157894736842,0.0,0.0,0.0,0.474975130987014,0.364219635282392,0.0411943244006822
0,-1.0,-0.326185785650439,-0.467889908256881,0.0,0.0,0.0,0.454107115754355,0.359252201714832,0.0348241956893776
0,-1.0,-0.30175420277368,-0.46072186836518,0.0,0.0,0.0,0.443742390607689,0.350087948349466,0.0346245782088204
0,-1.0,-0.287673721263743,-0.457731958762887,0.0,0.0,0.0,0.437430360538309,0.343782988685135,0.0349009210051599
0,-1.0,-0.447830482191404,-0.648414985590778,-0.952297847585806,-0.0726872246696035,-0.248447204968944,0.467737205885123,0.205572942714956,0.0035426673874188
0,-1.0,-0.447830482191404,-0.647230320699708,-0.94782034346103,-0.0726872246696035,-0.248447204968944,0.469594990950045,0.205894037681003,0.0018338499187206
0,-1.0,-0.447830482191404,-0.64306784660767,-0.94782034346103,-0.0726872246696035,-0.248447204968944,0.0,0.0,0.0
0,-1.0,-0.280660118643443,-0.239669421487603,0.0,0.0,0.0,0.303384101482101,0.514479116873204,0.0077684354795972
0,-1.0,-0.280660118643443,-0.239669421487603,0.0,0.0,0.0,0.317526122569285,0.524514276167352,0.0086286899824351
0,-1.0,-0.218786812377693,-0.0625,0.0,0.0,0.0,0.137104979238864,0.523468140250617,0.068675482067842
0,-1.0,-0.250716863755253,-0.203714451538015,0.0,0.0,0.0,0.94102809885981,0.993389942276996,0.12585540553279
0,-1.0,-0.278853038986823,-0.231664726426077,-0.0649563318777293,0.0,0.0,0.787997020318104,0.946853442660014,0.0041339499532142
0,0.0,-0.545949392024192,0.0,0.0,0.0,0.0,0.629648195789868,0.865655095262883,0.0006185219392319
0,0.0,-0.545949392024192,0.0,0.0,0.0,0.0,0.82627703951551,0.946860563917597,0.0014799519600642
0,0.0,-0.570195385183548,0.0,0.0,0.0,0.0,0.871977112437232,0.961865266014075,0.0026428050895918
0,0.0,-0.40511116792844,-0.267716535433071,-0.0829214717188358,0.0,0.0,0.600646440606258,0.711051988627207,0.0014145079876556
0,0.0,-0.390302346155876,-0.266149870801034,-0.0763204447814001,-0.0499348675640469,-0.0840480274442539,0.555486183712418,0.537870935498903,0.0072185147686413
0,-1.0,-0.580496300912976,-0.46882951653944,-0.263598326359833,-0.660521809207213,-0.25,0.826668202582616,0.96603649120821,0.0334364985882678
0,-1.0,-0.298050903140306,-0.278045423262216,0.0,0.0,0.0,0.0,0.0,0.0
0,-1.0,-0.454602446821941,-0.332774049217002,-0.569767441860465,-0.0528760759666621,-0.418326693227092,0.907084990169582,0.979578488940131,0.0781635034313464
0,-1.0,-0.46149785550011,-0.336148648648649,-0.564421190320471,-0.0528760759666621,-0.418326693227092,0.904997724777718,0.979093644585888,0.0763400480214052
0,-1.0,-0.448854951919064,-0.340534394542354,-0.542274052478134,-0.0338286713286713,-0.418326693227092,0.900490311017108,0.978127129401287,0.0702978340004692
0,-1.0,-0.447023228638653,-0.346590909090909,-0.46875,-0.0398435086996808,-0.716723549488055,0.894267560587737,0.977104132005513,0.0711508885391493
0,-1.0,-0.437879472157742,-0.354488279016581,-0.0133843212237094,-0.194854528187862,-0.733118971061093,0.841901159901,0.96907647312828,0.0598289732407613
0,-1.0,-0.407912353112202,-0.350857142857143,-0.149618320610687,-0.0957842028751413,-0.257352941176471,0.810493114750947,0.967553588402593,0.0538147198263894
0,-1.0,-0.38777787363249,-0.334476843910806,-0.265806451612903,0.0,0.0,0.807444837788672,0.967571709042456,0.0543096836873045
0,-1.0,-0.368995587273036,-0.326659038901602,-0.0090322580645161,0.0,0.0,0.803961060736982,0.967409201043914,0.0537122912049598
0,-1.0,-0.368995587273036,-0.317842799770511,-0.140801644398767,0.0,0.0,0.79673248225713,0.96673843311532,0.0523508929005142
0,-1.0,-0.368995587273036,-0.30046403712297,-0.0184994861253854,0.0,0.0,0.794899479103691,0.966618939352411,0.0540117239732303
0,-1.0,-0.362948206197387,-0.284467713787086,-0.187606112054329,0.0,0.0,0.782414486776281,0.966843447201669,0.0589916943909513
0,-1.0,-0.290307067402003,-0.247236765561373,0.0,0.0,0.0,0.784569723997573,0.967690086473569,0.0724928027758541
1,1.0,1.0,1.0,-1.0,-1.0,-1.0,1.0,1.0,0.0621666553582494
0,-1.0,-0.260991963101364,-0.217008797653959,-0.0111287758346582,0.0,0.0,1.0,1.0,0.0628565732739988
0,0.0,-1.05004184416749e-07,0.0,0.0,0.0,0.0,1.0,1.0,0.0018900904973151
1,1.0,1.0,1.0,0.0,0.0,0.0,0.0,0.0,0.0
0,-1.0,-0.0383408817174427,-0.433333333333333,0.0,0.0,0.0,0.224190488513817,0.316690204809747,0.0040171119518345
0,-1.0,-0.0920275344232283,-0.450184501845018,0.0,0.0,0.0,0.251499179533968,0.341774334640967,0.0036172648703845
0,-1.0,-0.0944106627750183,-0.431734317343173,0.0,0.0,0.0,0.252933495267921,0.306471598795862,0.003534942861446
0,-1.0,-0.0944106627750183,-0.436823104693141,0.0,0.0,0.0,0.246021262480034,0.281123692447163,0.0036481597869185
0,-1.0,-0.0944106627750183,-0.426523297491039,0.0,0.0,0.0,0.23590427097107,0.269527694155482,0.0041371660081814
0,-1.0,-0.247314133324645,-0.517826825127334,0.0,0.0,0.0,0.281395100302345,0.326424214622153,0.0661657800855713
0,-1.0,-1.0,-1.0,-1.0,-0.997508896797153,-1.0,0.991041686325402,0.997422415997393,0.0021817860006908
0,-1.0,-0.242130785217114,-0.552380952380952,0.0,0.0,0.0,0.205805460734421,0.0034302565074082,0.0545424877231464
0,-1.0,-0.242130785217114,-0.552380952380952,0.0,0.0,0.0,0.216856439114951,0.036163686691105,0.0543002943172868
0,-1.0,-0.348272877797924,-0.483695652173913,0.0,0.0,0.0,0.42785142074865,0.362878827504218,0.443753375328501
0,-1.0,-0.320644419024901,-0.285180572851806,0.0,-0.3817497403946,-0.2,0.639045532779563,0.351849243573967,0.0574207308836171
0,-1.0,-0.283301085933263,-0.29676511954993,-0.174242424242424,0.0,0.0,0.0,0.0,0.0
0,-1.0,-0.283301085933263,-0.291899441340782,-0.292134831460674,0.0,0.0,0.639495397126286,0.350159278711082,0.0020562875314066
0,-1.0,-0.283301085933263,-0.294321329639889,-0.292134831460674,0.0,0.0,0.640156436661669,0.350019211649663,0.003435722383508
0,-1.0,-0.240547710153908,-0.289329685362517,-0.232558139534884,0.0,0.0,0.640446647180684,0.350053151860761,0.0045178191653479
0,-1.0,-0.285804581103015,-0.275682704811443,-0.0271493212669683,-0.0015055706112616,0.0,0.643953064491726,0.35052049974505,0.0167702214490392
0,0.0,-0.373840263547444,-0.74468085106383,0.0,0.0,0.0,1.0,1.0,0.346580507136173
0,0.0,-0.340067658289739,-0.74468085106383,0.0,0.0,0.0,0.961202133160398,0.996613624679144,0.349595711129085
0,-1.0,-0.218786812377693,-0.0631578947368421,0.0,0.0,0.0,0.130219628121209,0.526077087878436,0.0605141440846534
0,-1.0,-0.222114533389338,-0.266968325791855,0.0,0.0,0.0,0.438346488159774,0.0812710780484095,0.0009430993457173
0,-1.0,-0.222114533389338,-0.275600505689001,0.0,0.0,0.0,0.864081678313725,0.962235630833762,0.0029827741633705
0,-1.0,-0.222114533389338,-0.283174603174603,0.0,0.0,0.0,0.421814629605847,0.0888667025265562,0.007966406583504
1,1.0,1.0,1.0,-1.0,-1.0,-1.0,1.0,1.0,0.446020293774011
0,0.0,-0.0560608518818669,-0.089938167509837,-0.14339953271028,-0.812690665039658,-0.311345646437995,1.0,1.0,0.45003892588602
0,-1.0,-0.210769273812622,-0.0618556701030928,0.0,0.0,0.0,0.167194413880811,0.498003662681869,0.0378665433189963
0,-1.0,-0.218786812377693,-0.0625,0.0,0.0,0.0,0.159906854340978,0.494534534986359,0.0284710718280008
1,1.0,1.0,1.0,0.0,0.0,0.0,1.0,1.0,0.0930752784690309
0,-0.140458821755787,-0.447011324281457,-0.489010989010989,0.0,0.0,0.0,1.0,1.0,0.0930367846082742
0,-0.140458821755787,-0.405686400269725,-0.428571428571429,0.0,0.0,0.0,0.976215370563942,0.994555101518062,0.091492046886915
0,-0.140458821755787,-0.405686400269725,-0.38860103626943,0.0,0.0,0.0,0.929111815987188,0.98458428651846,0.0908494235443737
0,-0.140458821755787,-0.391212868624284,-0.336538461538462,0.0,0.0,0.0,0.880206640455202,0.975052487087425,0.0900820358536733
0,-0.140458821755787,-0.391212868624284,-0.327188940092166,0.0,0.0,0.0,0.826401845681294,0.964095149468343,0.0905798179664305
0,-0.140458821755787,-0.368825275092717,-0.317972350230415,0.0,0.0,0.0,0.79513079626573,0.957805553735364,0.0908056546789995
0,-0.140458821755787,-0.386797839182745,-0.31651376146789,0.0,0.0,0.0,0.771669937393487,0.953156440360606,0.0909878710144355
0,-0.140458821755787,-0.31052711795777,-0.308035714285714,-1.0,0.0,0.0,0.745840516069695,0.949311481288942,0.0902271710708693
0,-1.0,-0.500389032271095,-0.661064425770308,-0.932565789473684,-0.0399032648125756,-0.149253731343284,0.422957665614663,1.0,0.0934674782739376
0,-1.0,-0.500389032271095,-0.673076923076923,-0.741784037558685,-0.0432503276539974,-0.149253731343284,0.430609132614944,1.0,0.0954839890170924
0,-1.0,-0.512428740808935,-0.67479674796748,-0.551767676767677,-0.0432503276539974,-0.149253731343284,0.439399706165349,1.0,0.0982212940176307
0,-1.0,-0.571729810547771,-0.679245283018868,-0.691935483870968,-0.0432503276539974,-0.149253731343284,0.448344050829066,0.972835833416765,0.10115227065427
0,-1.0,-0.574287324884057,-0.474687705456936,-0.479289940828402,-0.676428228516563,-0.793478260869565,0.948438893541253,0.993192004982214,0.0785355283701728
0,-1.0,-0.574287324884057,-0.461787564766839,-0.483870967741935,-0.676428228516563,-0.793478260869565,0.942909673575239,0.992341667520908,0.0857573344837724
0,0.0,-0.58280197391345,-0.92,0.0,0.0,0.0,0.779784211631238,0.975709434040209,0.0843345682658888
0,0.0,-0.617032686506248,-0.909090909090909,0.0,0.0,0.0,0.800324509007706,0.977715047316928,0.0841871590553513
0,0.0,-0.617032686506248,-0.904761904761905,0.0,0.0,0.0,0.813678424312486,0.979061388821716,0.083998083313208
0,0.0,-0.568620311850885,-0.904761904761905,0.0,0.0,0.0,0.824354963317099,0.980163341718649,0.0837851607744856
0,0.0,-0.568620311850885,-0.904761904761905,0.0,0.0,0.0,0.835681259327415,0.981358339835628,0.08347263218509
0,0.0,-0.604488168416725,-0.904761904761905,0.0,0.0,0.0,0.845376431259849,0.982380927314551,0.0834218626574115
0,0.0,-0.604488168416725,-0.904761904761905,0.0,0.0,0.0,0.84804680010824,0.98268287105491,0.0837514977844067
0,0.0,-0.506709096752099,-0.833333333333333,0.0,0.0,0.0,0.192326239898963,0.913291318688056,0.0737300153943496
0,0.0,-0.506709096752099,-0.833333333333333,0.0,0.0,0.0,0.191110855524398,0.915072668429429,0.0729595632948323
0,0.0,-0.506709096752099,-0.833333333333333,0.0,0.0,0.0,0.189799168132862,0.917223388336042,0.0719440029916287
0,0.0,-0.437982647335359,-0.909090909090909,0.0,0.0,0.0,0.188906418045707,0.919271357997481,0.0710715119853281
0,0.0,-0.437982647335359,-0.916666666666667,0.0,0.0,0.0,0.188476441237134,0.920909202155046,0.070438495009909
0,0.0,-0.437982647335359,-0.923076923076923,0.0,0.0,0.0,0.188203044605824,0.922370561601808,0.0698577533009687
0,0.0,-0.474677580043812,-0.9375,0.0,0.0,0.0,0.187065181202241,0.927848917267796,0.0671242224093526
0,0.0,-0.372648954470471,-0.941176470588235,0.0,0.0,0.0,0.189071354923319,0.930083045138403,0.0667842158186773
0,0.0,-0.508134313204765,-0.954545454545455,0.0,0.0,0.0,0.190387327774703,0.931318616679414,0.0664654189333915
0,0.0,-0.508134313204765,-0.956521739130435,0.0,0.0,0.0,0.191561761137657,0.934081349463103,0.0652666968995382
0,0.0,-0.572903736323577,-0.96551724137931,0.0,0.0,0.0,0.194610553881636,0.935377887330281,0.0648037776933256
0,0.0,-0.572903736323577,-0.984615384615385,0.0,0.0,0.0,0.200964145140796,0.939375185327606,0.0623992313386871
0,0.0,-0.572903736323577,-0.989690721649485,0.0,0.0,0.0,0.218304664622824,0.942705835970548,0.0608856335836211
0,0.0,-0.547839770037211,-0.990384615384615,0.0,0.0,0.0,0.235108128565286,0.942473562602439,0.0616455304330822
0,0.0,-0.547839770037211,-0.990654205607477,0.0,0.0,0.0,0.241714709775089,0.942418075111262,0.0619128572154972
0,0.0,-0.470802118845353,-0.833333333333333,0.0,0.0,0.0,0.384134056272279,0.818574336256351,0.0314160031070975
0,-1.0,-0.434963795576291,-0.507874015748031,-0.435967302452316,0.0,0.0,0.887717012664695,0.93483242700297,0.0871718486562947
0,-1.0,-0.458640241074101,-0.366628830874007,-0.392,-0.0398435086996808,-0.716723549488055,0.0,0.0,0.0
0,-1.0,-0.183771465268462,-0.189718482252142,-0.367174280879865,-0.0415534601246604,0.0,0.823723387794599,0.972244563249242,0.0077949799645431
0,-1.0,-0.178925520215903,-0.172520024645718,-0.543859649122807,-0.995801847187238,-1.0,0.850490666572502,0.97012469380271,0.0026432024182907
0,-1.0,-0.216744145570178,-0.157568238213399,-0.370748299319728,-0.995801847187238,-1.0,0.916585636852716,0.979504438473262,0.0035985723443422
0,-1.0,-0.216744145570178,-0.155183116076971,-0.370748299319728,-0.995801847187238,-1.0,0.959533674889283,0.987496179000926,0.0030040786574001
0,-1.0,-0.234263326619372,-0.151458721291124,-0.370748299319728,-0.522697223446452,-0.238095238095238,0.962516044961724,0.988052087724208,0.0030198335767272
0,-1.0,-0.216744145570178,-0.154370737755735,-0.370748299319728,-0.995801847187238,-1.0,0.914734703973882,0.979686468686887,0.0043095079110465
0,-1.0,-0.178925520215903,-0.170971709717097,-0.543859649122807,-0.995801847187238,-1.0,0.857701396012904,0.972344361246489,0.003385406542916
0,-1.0,-0.178925520215903,-0.182151589242054,-0.367174280879865,-0.0415534601246604,0.0,0.83134127951095,0.97312981943284,0.0088567848960782
0,-1.0,-0.508281639145243,-0.417744916820702,-0.337614678899083,-0.43120728929385,0.0,0.972954532221865,0.99502241119791,0.0045887808997652
0,-1.0,-0.210769273812622,-0.0618556701030928,0.0,0.0,0.0,0.141695672345261,0.522548696955686,0.0748228847920892
0,0.0,-0.524691775069129,-0.904761904761905,0.0,0.0,0.0,0.244207534305433,0.699829968066751,0.0654543314066174
0,-1.0,-0.361794466452105,-0.554794520547945,-0.177897574123989,0.0,0.0,0.177469178814456,0.0786330607511255,0.0393475223326091
0,-1.0,-0.361794466452105,-0.553530751708428,-0.146341463414634,0.0,0.0,0.177588762351536,0.0784188099056817,0.0397606680622725
0,-1.0,-0.281346155730351,-0.219178082191781,0.0,0.0,0.0,0.503247032951683,0.576948089579533,0.0331965600463536
0,-1.0,-0.281346155730351,-0.208333333333333,0.0,0.0,0.0,0.491912567418834,0.569477640872943,0.0322212426321757
0,-1.0,-0.292914814132031,-0.188405797101449,0.0,0.0,0.0,0.251374173006368,0.496422422277478,0.0003350644869341
0,0.0,-0.390895875604833,-0.714285714285714,0.0,0.0,0.0,0.0656456654790192,0.659072385589065,0.0247860394290454
0,0.0,-0.390895875604833,-0.714285714285714,0.0,0.0,0.0,0.0691903349635038,0.659634224472754,0.0254005458025425
0,-1.0,-0.228969339919668,-0.195064629847239,-0.0091522157996146,0.0,0.0,0.840620512245893,0.974548213436826,0.0178978021929869
0,-1.0,-0.20769031728219,-0.190392501464558,-0.0091390091390091,0.0,0.0,0.835085547068701,0.972364413845701,0.0201064401989639
0,-1.0,-0.236406125488347,-0.193107546048723,0.0,0.0,0.0,0.825524987495794,0.971272935511325,0.0128681653180486
0,-1.0,-0.262541901656207,-0.189957652752571,0.0,0.0,0.0,0.823824572860582,0.970987307960383,0.0121687303557131
0,-1.0,-0.262541901656207,-0.189320388349515,0.0,0.0,0.0,0.82268284282019,0.970826280997565,0.0115615119238391
0,-1.0,-0.21134517344595,-0.196650124069479,0.0,0.0,0.0,0.353174781919543,0.613650075321978,0.0001875388770141
0,-1.0,-0.219258442284732,-0.198468410976388,0.0,0.0,0.0,0.44437369352615,0.724349321797065,0.0001645614931605
0,-1.0,-0.219258442284732,-0.198341836734694,0.0,0.0,0.0,0.835070340397309,0.974823567931588,0.0010806102810998
0,-1.0,-0.219258442284732,-0.198473282442748,0.0,0.0,0.0,0.853059403649556,0.978278860831102,0.0027923304131151
0,-1.0,-0.212397113062584,-0.197460317460317,0.0,0.0,0.0,0.85183582975536,0.978006523022724,0.0036090019499163
0,-1.0,-0.21134517344595,-0.197261978842564,0.0,0.0,0.0,0.848508392362044,0.977286593684917,0.0044263266694598
0,-1.0,-0.234119871459783,-0.197409006785935,0.0,0.0,0.0,0.839213777652056,0.97518327074472,0.0086478801974912
0,-1.0,-0.262541901656207,-0.189896530736458,0.0,0.0,0.0,0.83879602239703,0.974787079673842,0.0115408645896969
0,0.0,-0.025979515399993,-0.0197530864197531,-0.805069402534701,-0.385385121790652,-0.376436781609195,0.916237184740846,0.936441429411844,0.0032334668670292
0,-1.0,-0.294080048364385,-0.5,0.0,0.0,0.0,0.51208896544517,0.334151124888867,0.0756660010892947
0,-1.0,-0.109259679290158,-0.0412371134020619,0.0,0.0,0.0,0.1480134565119,0.471484001047048,0.073481648758319
0,-1.0,-0.210769273812622,-0.099009900990099,0.0,0.0,0.0,0.170177763293414,0.521140956813991,0.185117492609699
0,-1.0,-0.268708046833231,-0.158878504672897,0.0,0.0,0.0,0.137974280221834,0.325002622408662,0.0252290591048653
0,-1.0,-0.275082105050607,-0.207207207207207,0.0,0.0,0.0,0.283626886953666,0.551282920469671,0.0478742893012881
0,-1.0,-0.258003315311723,-0.18348623853211,0.0,0.0,0.0,0.274968591196221,0.539597283477149,0.0447288232014948
0,-1.0,-0.258003315311723,-0.158878504672897,0.0,0.0,0.0,0.262269388014363,0.521905141963552,0.0462810057581382
0,-1.0,-0.26279922782564,-0.158878504672897,0.0,0.0,0.0,0.257519658154136,0.515499911116425,0.0465989103171306
0,-1.0,-0.291464718330507,-0.254385964912281,0.0,0.0,0.0,0.281358003846351,0.430699173498349,0.205129249535835
0,-1.0,-0.291464718330507,-0.254385964912281,0.0,0.0,0.0,0.316200768192671,0.62130534121928,0.0457632793873248
0,-1.0,-0.297961764612829,-0.227272727272727,0.0,0.0,0.0,0.327268987332808,0.612170421899961,0.0522142638118931
0,-1.0,-0.297961764612829,-0.227272727272727,0.0,0.0,0.0,0.322262341000418,0.606584508720453,0.0500872441690156
0,-1.0,-0.275082105050607,-0.227272727272727,0.0,0.0,0.0,0.312616457452665,0.593712240967294,0.0488138463305279
1,0.0,1.0,1.0,0.0,0.0,0.0,1.0,1.0,0.0370910861216719
0,0.0,-0.604397645065869,0.0,0.0,0.0,0.0,0.949832862894901,0.985437597623059,0.0098825296468967
0,0.0,-0.604397645065869,0.0,0.0,0.0,0.0,0.950607359175311,0.985876716385058,0.0085995114760046
0,0.0,-0.604397645065869,0.0,0.0,0.0,0.0,0.947321590088069,0.985012882758594,0.0078932098526606
0,0.0,-0.545949392024192,0.0,0.0,0.0,0.0,0.945639417295509,0.984657357729527,0.0068739056828594
0,0.0,-0.545949392024192,0.0,0.0,0.0,0.0,0.940060062124395,0.983099679261914,0.0060219784155581
0,0.0,-0.545949392024192,0.0,0.0,0.0,0.0,0.888619226713884,0.967895495076931,0.001493064918159
0,0.0,-0.545949392024192,0.0,0.0,0.0,0.0,0.816325020517894,0.944088460236666,0.0012252565970127
0,0.0,-0.545949392024192,0.0,0.0,0.0,0.0,0.768279962447323,0.926619726813881,0.0010828791037911
0,0.0,-0.545949392024192,0.0,0.0,0.0,0.0,0.685254129166998,0.89221231090824,0.0003562503253838
0,0.0,-0.524691775069129,-0.904761904761905,0.0,0.0,0.0,0.24012520492698,0.633177289184615,0.169092480362145
0,0.0,-0.524691775069129,-0.904761904761905,0.0,0.0,0.0,0.237816895896629,0.632350236505562,0.168080501618503
0,0.0,-0.524691775069129,-0.904761904761905,0.0,0.0,0.0,0.164385202067635,0.514900482264758,0.0925018589498845
0,0.0,-0.524691775069129,-0.904761904761905,0.0,0.0,0.0,0.173269025325714,0.517563470632066,0.0944277138514487
0,-1.0,-0.566001266458601,-0.472329472329472,-0.263598326359833,-0.644552262419576,-0.05,0.768121617568108,0.958618192575996,0.0085269619004741
0,-1.0,-0.469538071764189,-0.648414985590778,-0.961411764705882,-0.12655601659751,-0.539923954372624,0.562905669420548,0.487011699901224,0.0252394665643422
0,-1.0,-0.447830482191404,-0.648414985590778,-0.952297847585806,-0.0726872246696035,-0.248447204968944,0.520510868074796,0.247413665529544,0.0256260027095731
0,-1.0,-0.486544744108122,-0.635014836795252,-0.930762489044698,-0.0645161290322581,-0.19047619047619,0.494478927173347,0.114770066116409,0.0208214107941404
0,-1.0,-0.408071611701564,-0.612359550561798,-0.8165548098434,-0.0708915145005371,-0.19047619047619,0.464795744682365,0.146419664865414,0.0310271671944318
0,0.0,-0.651343387726608,-0.91304347826087,0.0,0.0,0.0,0.868844086576006,0.986964820222158,0.0865683102021816
0,0.0,-0.604488168416725,-0.904761904761905,0.0,0.0,0.0,0.861842863854204,0.984842068495276,0.0841639786298831
0,0.0,-0.617032686506248,-0.904761904761905,0.0,0.0,0.0,0.878800280734008,0.98741772683469,0.0842262736414363
0,0.0,-0.604488168416725,-0.904761904761905,0.0,0.0,0.0,0.852729293948131,0.983342369817681,0.0837193801851755
0,0.0,-0.604488168416725,-0.904761904761905,0.0,0.0,0.0,0.854697818414508,0.983752639090118,0.0840816960383412
1,1.0,1.0,1.0,-1.0,-1.0,-1.0,1.0,1.0,0.390362705390981
0,-1.0,-0.151683536165588,-0.541254125412541,0.0,0.0,0.0,0.0112874613886052,0.550154669137325,0.0730548073808187
0,-1.0,-0.0969204984360537,-0.482394366197183,0.0,0.0,0.0,0.0673446410904967,0.770523209796664,0.0665003070959785
0,-1.0,-0.0881774890595986,-0.0674486803519062,0.0,-0.31072511717673,-0.946428571428571,0.0391761383992548,0.542998014830424,0.0070921082711339
0,-1.0,-0.0881774890595986,-0.0675973548861132,0.0,-0.31072511717673,-0.946428571428571,0.10986160584175,0.516718602015839,0.0074510980196803
0,-1.0,-0.0662398764486356,-0.0666666666666667,0.0,-0.31072511717673,-0.946428571428571,0.173658396638421,0.579213566093196,0.0072587661089013
0,-1.0,-0.449925969490105,-0.393507972665148,-0.190023752969121,0.0,0.0,0.799089815034723,0.969334527621919,0.012190306149751
0,0.0,-0.413717178255245,-0.627118644067797,0.0,0.0,0.0,0.556187693123057,0.769318101708611,0.0444817858868536
0,0.0,-0.5102921346684,-0.707936507936508,-0.454545454545455,0.0,-0.5,0.590705719524524,0.780494377445271,0.0449985474493193
0,0.0,-0.544781424126754,-0.722397476340694,-0.454545454545455,0.0,-0.5,0.745850087158126,0.859085118666896,0.0384609542257429
0,0.0,-0.565957579660921,-0.727272727272727,-0.454545454545455,0.0,-0.5,0.765989462294366,0.870443687733982,0.0375887239535947
0,0.0,-0.565957579660921,-0.75,-0.454545454545455,0.0,-0.5,0.787927936469239,0.883017367930335,0.0371228639560315
0,-1.0,-0.249295120914776,-0.274809160305344,0.0,0.0,0.0,0.265458344247476,0.443208633057112,0.0810288858839396
0,-1.0,-0.292914814132031,-0.18978102189781,0.0,0.0,0.0,0.585676010662707,0.760437605852344,0.021425074597395
0,-1.0,-0.281346155730351,-0.183823529411765,0.0,0.0,0.0,0.565207208034812,0.709873007671291,0.0283988289723566
0,-1.0,-0.157531654179907,-0.221694915254237,0.0,0.0,0.0,0.777461154759949,0.656950674378984,0.12970210414167
0,-1.0,-0.157531654179907,-0.218095881161377,0.0,0.0,0.0,0.774496936731706,0.651711876261512,0.129428210200536
0,-1.0,-0.157531654179907,-0.215924426450742,0.0,0.0,0.0,0.481242376046585,0.0588547888015888,0.234028699141461
0,-1.0,-0.19742774790046,-0.268918918918919,0.0,0.0,0.0,0.768987262050897,0.786822786460063,0.025660230580064
0,-1.0,-0.19742774790046,-0.269571136827774,0.0,0.0,0.0,0.783268688143605,0.807610745746222,0.026693499382618
0,-1.0,-0.19742774790046,-0.272294077603812,0.0,0.0,0.0,0.779860863416824,0.801124196313798,0.0273931700364009
0,-1.0,-0.173167184660407,-0.155754651964163,-0.0033707865168539,0.0,0.0,0.398376308688478,1.0,0.0525936274144239
0,0.0,-0.173167184660407,-0.143154968728284,-0.0045045045045045,-0.144616963941999,-0.229437229437229,0.426074316272021,1.0,0.0575511713767901
1,0.0,0.0,0.0,-1.0,-1.0,-1.0,1.0,1.0,0.0037366310252176
1,0.0,0.0,0.0,-1.0,-1.0,-1.0,1.0,1.0,0.0032582557734093
0,0.0,0.0,0.0,-1.0,-1.0,-1.0,1.0,1.0,0.0030163795727496
0,0.0,0.0,0.0,-1.0,-1.0,-1.0,0.999416917406957,0.999883232616359,0.0023792678513985
0,0.0,0.0,0.0,-1.0,-1.0,-1.0,0.997861737442928,0.999572973633419,0.0022041144741344
0,-1.0,-0.240428341141907,-0.289329685362517,-0.0027548209366391,0.0,0.0,0.348988930439212,0.396054520890951,0.0178618036224176
0,-1.0,-0.527402359301675,-0.426573426573427,-0.221830985915493,-0.449272165857962,-0.05,0.957487559142153,0.994122394264597,0.0066323985660035
0,-1.0,-0.377680863240629,-0.569739952718676,-0.177897574123989,0.0,0.0,0.14495926441478,1.0,0.0006462935103246
0,0.0,-0.325834616958673,-0.541666666666667,0.0,0.0,0.0,0.413184857598323,0.674722819679665,0.062296415354453
0,0.0,-0.175771357244995,-0.213523131672598,-0.988795518207283,-0.195298372513562,-0.926108374384236,0.559872659056898,0.709605785319757,0.0454935373826301
0,0.0,-0.196130462705316,-0.215827338129496,-0.989247311827957,-0.0163572060123784,-0.53125,0.668753636807295,0.736799841188937,0.0607218802083715
0,0.0,-0.19590196216379,-0.232727272727273,-1.0,-0.0163572060123784,-0.53125,0.675629933591337,0.760352236909766,0.0585837588824034
0,0.0,-0.0976281346761364,-0.050061804697157,0.0,-0.338235294117647,-0.423728813559322,0.996605265917942,0.999214463072698,0.0552183784315669
0,0.0,-0.0830442436992012,-0.0457637600494743,0.0,-0.4312047399605,-0.46264367816092,0.998572733273931,0.999670423085632,0.0552218337477551
0,0.0,-0.61828224521704,-0.974358974358974,0.0,0.0,0.0,0.541221588360244,0.844084376971033,0.0455810008327458
0,0.0,-0.58280197391345,-0.963636363636364,0.0,0.0,0.0,0.565338689814735,0.840955723572371,0.0469542341310046
0,0.0,-0.58280197391345,-0.963636363636364,0.0,0.0,0.0,0.560880336003733,0.841376000202718,0.0467297237904221
0,0.0,-0.61828224521704,-0.958333333333333,0.0,0.0,0.0,0.558477316135686,0.84691809318985,0.0443180075254061
0,0.0,-0.651343387726608,-0.952380952380952,0.0,0.0,0.0,0.970830273012553,0.99930062393392,0.0609017077766378
0,0.0,-0.651343387726608,-0.956521739130435,0.0,0.0,0.0,0.952616518155275,0.998032877052886,0.0607038015825614
0,0.0,-0.651343387726608,-0.962962962962963,0.0,0.0,0.0,0.91203429547772,0.995401879809168,0.0599809207822747
0,0.0,-0.651343387726608,-0.972222222222222,0.0,0.0,0.0,0.812979381131039,0.988137621759304,0.0626781686328174
0,0.0,-0.651343387726608,-0.972972972972973,0.0,0.0,0.0,0.782158532844855,0.985696527176865,0.0633702143852771
0,0.0,-0.651343387726608,-0.974358974358974,0.0,0.0,0.0,0.758201244350321,0.983839581047693,0.0637215836588035
0,0.0,-0.651343387726608,-0.952380952380952,0.0,0.0,0.0,0.731408371619116,0.981605790391748,0.0643539638001845
0,0.0,-0.651343387726608,-0.96,0.0,0.0,0.0,0.70696837502568,0.979640700732072,0.0646579610988011
0,0.0,-0.58280197391345,-0.963636363636364,0.0,0.0,0.0,0.675139399711906,0.976725042204448,0.065538729921388
0,-1.0,-0.338961214279152,-0.283118405627198,0.0,-0.322103113833589,0.0,0.764450516813261,0.951247533238445,0.0145170699584653
1,0.0,1.0,1.0,-1.0,-1.0,-1.0,1.0,1.0,0.341110426216466
0,-1.0,-0.0444839551029111,-0.0657802659202239,-0.696581196581197,-0.148533772652389,-0.946428571428571,0.039107442492515,0.265418112112551,0.0117774769228275
0,-1.0,-0.04314424616936,-0.0696022727272727,-0.624309392265193,-0.148533772652389,-0.946428571428571,0.0020585613349525,0.549237171458201,0.0054600692428223
0,-1.0,-0.0881774890595986,-0.0774697938877043,-0.506726457399103,-0.31072511717673,-0.946428571428571,0.172814263346249,0.67578972600085,0.0079769101140753
0,-1.0,-0.0464679441258559,-0.0544127405441274,-0.727272727272727,-0.140836360825539,-0.943396226415094,0.168874794544977,0.0313837182045843,0.0258044789120306
0,0.0,-0.436756551918371,-1.0,0.0,0.0,0.0,0.219642209843492,0.0514048550220305,0.116319040636851
0,0.0,-0.470802118845353,-0.904761904761905,0.0,0.0,0.0,0.2587169043792,0.653830350987715,0.0075369087768348
0,0.0,-0.470802118845353,-0.904761904761905,0.0,0.0,0.0,0.255868863657154,0.652504162036862,0.0061113882430432
0,0.0,-0.470802118845353,-0.9,0.0,0.0,0.0,0.251444932876981,0.651183511450007,0.0045447390219246
0,0.0,-0.470802118845353,-0.833333333333333,0.0,0.0,0.0,0.245612357972137,0.649612772891956,0.0023495732781025
0,0.0,-0.470802118845353,-0.714285714285714,0.0,0.0,0.0,0.23456461681749,0.647690389581569,0.0005533356409608
0,-1.0,-0.469538071764189,-0.65625,-0.965313028764805,-0.429499426824608,-0.689774696707106,0.409120131083961,1.0,0.0707021857921578
0,-1.0,-0.469538071764189,-0.657142857142857,-0.965313028764805,-0.565961732124874,-0.766859344894027,0.412474844324064,1.0,0.0706247414528789
0,0.0,-0.55860286728946,-0.385714285714286,0.0,0.0,0.0,0.947385902770322,0.991112672045308,0.257572351172352
0,-0.833333333333333,-0.686164235294086,-0.523415977961432,0.0,-1.0,-1.0,0.980019723431319,0.995938289940509,0.284165801543467
0,-0.833333333333333,-0.729404407109935,-0.553424657534247,0.0,-1.0,-1.0,0.995709936872328,0.999083325757675,0.288140426921748
1,1.0,1.0,1.0,-1.0,-1.0,-1.0,1.0,1.0,0.153407974118313
0,0.0,-0.0949134711284157,-0.110975609756098,-0.0160356347438753,0.0,0.0,0.849778082933453,0.960744844757939,0.033890229156949
0,-1.0,-0.100146323350464,-0.458498023715415,0.0,0.0,0.0,0.0071612224453227,1.0,0.0582615652171391
0,-1.0,-0.100146323350464,-0.446640316205534,0.0,0.0,0.0,0.0019829404836205,1.0,0.0597140048146388
0,-1.0,-0.100146323350464,-0.44488188976378,0.0,0.0,0.0,0.0001747058011472,1.0,0.0599599879684934
0,-1.0,-0.0393940692421166,-0.446564885496183,0.0,0.0,0.0,0.0028512403491742,1.0,0.059383325509708
0,-1.0,-0.0393940692421166,-0.456928838951311,0.0,0.0,0.0,0.0043742842080386,1.0,0.059422398177372
0,-1.0,-0.0393940692421166,-0.455555555555556,0.0,0.0,0.0,0.0068446237544664,1.0,0.0588161907142432
0,-1.0,-0.0970207722125449,-0.517509727626459,0.0,0.0,0.0,0.0892452662973133,0.924689411592376,0.0729256980021738
0,-1.0,-0.0996732511978837,-0.5,0.0,0.0,0.0,0.0798714515786046,0.966055382504698,0.0705982043534288
0,-1.0,-0.0996732511978837,-0.492063492063492,0.0,0.0,0.0,0.0729476975472344,0.996040650239853,0.0690885320969923
0,-1.0,-0.284927448879576,-0.195488721804511,0.0,0.0,0.0,0.376528523600018,0.453557676996686,0.0039621934089825
0,0.0,-0.616735782520366,-0.5,0.0,0.0,0.0,0.575712622024614,0.850272631816733,0.103494760627268
0,0.0,-0.604397645065869,0.0,0.0,0.0,0.0,0.940968848798295,0.984177088275771,0.0189376183838461
0,0.0,-0.604397645065869,0.0,0.0,0.0,0.0,0.943500238486921,0.984783664056129,0.0198300645056032
0,0.0,-0.604397645065869,0.0,0.0,0.0,0.0,0.945313811180206,0.985201590349119,0.0206330909945787
0,0.0,-0.604397645065869,0.0,0.0,0.0,0.0,0.979969315066832,0.994587348489298,0.0271326109492802
0,0.0,-0.524691775069129,-0.904761904761905,0.0,0.0,0.0,0.512200245334013,0.915687831594518,0.165080525646144
0,0.0,-0.58280197391345,-0.92,0.0,0.0,0.0,0.521465479389873,0.917689191866405,0.166065428337233
0,0.0,-0.524691775069129,-0.904761904761905,0.0,0.0,0.0,0.504348057154618,0.913616271778771,0.166162646756675
0,0.0,-0.470802118845353,-0.95,0.0,0.0,0.0,0.439279789887952,0.798595910950711,0.0297574701768146
0,0.0,-0.470802118845353,-0.947368421052632,0.0,0.0,0.0,0.431245593717559,0.799912647058059,0.0290094149255278
0,0.0,-0.470802118845353,-0.909090909090909,0.0,0.0,0.0,0.415898540663532,0.799661475167537,0.0287994413000956
0,-1.0,-0.0974689442316317,-0.446215139442231,0.0,0.0,0.0,0.0350397724965514,0.0552767094207751,0.0032831765689825
0,-1.0,-0.292201495644991,-0.212962962962963,0.0,0.0,0.0,0.3099554544222,0.674214125190023,0.0175219972372022
0,-1.0,-0.291464718330507,-0.254385964912281,0.0,0.0,0.0,0.450096474661416,0.700199323392854,0.0608023748119874
0,-1.0,-0.291464718330507,-0.254385964912281,0.0,0.0,0.0,0.453044482181602,0.703385868375197,0.0596629368929319
0,-1.0,-0.315884576555933,-0.227272727272727,0.0,0.0,0.0,0.477221570232015,0.715462927837779,0.0598444808207159
0,0.0,-1.0,-0.988636363636364,0.0,0.0,0.0,0.977395300406369,0.996788427215423,0.016114964761615
0,0.0,-1.0,-0.987341772151899,0.0,0.0,0.0,0.976636466881381,0.996729549281772,0.0134899887317821
0,0.0,-1.0,-0.987179487179487,0.0,0.0,0.0,0.96964640220745,0.995781785325217,0.0057594694994077
0,0.0,-1.0,-0.986666666666667,0.0,0.0,0.0,0.968923162990816,0.995714787621642,0.0050678300326855
0,0.0,-1.0,-0.986666666666667,0.0,0.0,0.0,0.967949127791978,0.995633783992983,0.0040077079141573
0,0.0,-1.0,-0.986666666666667,0.0,0.0,0.0,0.966556951674084,0.995510019355114,0.0026830547809788
0,0.0,-1.0,-0.986486486486487,0.0,0.0,0.0,0.965242755291606,0.995368827420637,0.0020308869243796
0,0.0,-1.0,-0.986486486486487,0.0,0.0,0.0,0.964236355032181,0.99528750629336,0.0013316062069413
0,0.0,-1.0,-0.986486486486487,0.0,0.0,0.0,0.963470600786048,0.995204935769807,0.0009645416075866
0,0.0,-1.0,-0.986301369863014,0.0,0.0,0.0,0.0,0.0,0.0
0,-1.0,-1.0,-1.0,-1.0,0.0,0.0,0.995930310155738,0.999576335770019,0.0050757675172152
0,-1.0,-1.0,-1.0,0.0,0.0,0.0,0.0,0.0,0.0
0,-1.0,-0.10189441523327,-0.0776699029126214,0.0,0.0,0.0,0.242315767568866,0.427693108007212,0.0393669787991067
0,-1.0,-0.169763128499396,-0.0707070707070707,0.0,0.0,0.0,0.232527650553104,0.430710786304777,0.0361950053805651
0,-1.0,-0.225476148845263,-0.191011235955056,0.0,0.0,0.0,0.167856999141326,0.450887652971999,0.0199397914170284
0,-1.0,-0.226065127913105,-0.0779220779220779,0.0,0.0,0.0,0.138130434801166,0.45443569956478,0.0152483187758447
0,-1.0,-0.226065127913105,-0.0779220779220779,0.0,0.0,0.0,0.121964786888662,0.454913134988216,0.0127095090421907
0,-1.0,-0.226065127913105,-0.0666666666666667,0.0,0.0,0.0,0.11991875934288,0.454788168996751,0.0124882514391203
0,-1.0,-0.236457333219167,-0.0666666666666667,0.0,0.0,0.0,0.116004576237062,0.454710675546339,0.0118725902398284
0,-1.0,-0.236457333219167,-0.0666666666666667,0.0,0.0,0.0,0.113743967380535,0.454575864959713,0.0115241047765253
0,0.0,-0.695688146837634,0.0,0.0,0.0,0.0,0.433880396506494,0.683372476153362,0.0010458348966006
0,0.0,-0.695688146837634,-0.625,0.0,0.0,0.0,0.442131785845434,0.680459297864929,0.0031451945046088
0,0.0,-0.695688146837634,0.0,0.0,0.0,0.0,0.437596194226413,0.682212429950896,0.0021268095233702
0,0.0,-0.695688146837634,0.0,0.0,0.0,0.0,0.434853173694484,0.682987856705546,0.0015524695286407
0,0.0,-0.29986998476969,-0.333333333333333,0.0,0.0,0.0,0.495960626214654,0.773294295497975,0.186158645472321
0,0.0,-0.322754694730374,-0.36144578313253,0.0,0.0,0.0,0.515695678103892,0.775562344169531,0.185673105194617
0,0.0,-0.335075218117747,-0.449438202247191,0.0,0.0,0.0,0.535247858431367,0.777676808700616,0.185390969156489
0,0.0,-0.335075218117747,-0.525773195876289,0.0,0.0,0.0,0.555747342295861,0.780025689306754,0.185022894167716
0,0.0,-0.376435524767898,-0.5625,0.0,0.0,0.0,0.596917111066797,0.786322986743085,0.182833379668833
0,-0.836588618013349,-0.208777050856675,-0.351219512195122,0.0,0.0,0.0,1.0,1.0,0.0691111146036435
1,1.0,1.0,1.0,-1.0,0.0,0.0,1.0,1.0,0.0678538285555048
1,1.0,1.0,1.0,-1.0,0.0,0.0,1.0,1.0,0.0110582675177512
0,0.0,-0.194835991013762,-0.14070351758794,-1.0,0.0,0.0,1.0,1.0,0.0096646905257378
0,0.0,-0.349249827947252,-0.789473684210526,0.0,0.0,0.0,0.212831125198791,0.664559751918023,0.0001011252898911
0,0.0,-0.349249827947252,-0.804878048780488,0.0,0.0,0.0,0.175095442333977,0.438733150598687,0.0043762473365615
0,0.0,-0.604397645065869,0.0,0.0,0.0,0.0,0.934740864880833,0.98058161021577,0.0062535276287918
0,0.0,-0.604397645065869,0.0,0.0,0.0,0.0,0.934647954842755,0.980689072719107,0.0057727818659423
0,0.0,-0.604397645065869,0.0,0.0,0.0,0.0,0.934951980344889,0.980949941026631,0.0051528385287452
0,0.0,-0.604397645065869,0.0,0.0,0.0,0.0,0.934759354780785,0.98116531968204,0.0041203405132784
0,0.0,-0.545949392024192,0.0,0.0,0.0,0.0,0.928604772117362,0.979510561225514,0.003384493879115
0,0.0,-0.545949392024192,0.0,0.0,0.0,0.0,0.920424242662642,0.97715982504354,0.0028414102378027
0,0.0,-0.545949392024192,0.0,0.0,0.0,0.0,0.908474463653512,0.97367535220861,0.0022242873089257
0,0.0,-0.545949392024192,0.0,0.0,0.0,0.0,0.755717920640831,0.921551570695301,0.0003950448087165
0,0.0,-0.545949392024192,0.0,0.0,0.0,0.0,0.581233030999525,0.84061594801563,0.0004172691875065
0,-1.0,-0.240428341141907,-0.275469168900804,-0.0025423728813559,0.0,0.0,0.148195823902071,0.0026896648253817,0.0145185080313465
0,-1.0,-0.240428341141907,-0.268325487558843,-0.0025423728813559,0.0,0.0,0.184284188456143,0.0424828527469936,0.0171849144000156
0,-1.0,-0.20509005964496,-0.258172114743162,0.0,0.0,0.0,0.219376043925122,0.080428179097291,0.0203914577813969
0,-1.0,-0.0228053684218701,-0.0669014084507042,-0.60427807486631,-0.148533772652389,-0.946428571428571,0.0058913496056855,0.0770117081804782,0.0077998336695553
0,-1.0,-0.04314424616936,-0.0698005698005698,-0.631284916201117,-0.148533772652389,-0.946428571428571,0.0282354842720896,0.0255082700907252,0.0063233662944842
0,-1.0,-0.04314424616936,-0.0714796283059328,-0.631284916201117,-0.31072511717673,-0.946428571428571,0.0275295352851012,0.0106658241673858,0.0062501200027661
0,-1.0,-0.04314424616936,-0.0710696338837042,-0.614130434782609,-0.31072511717673,-0.946428571428571,0.0453953879027149,0.0519772926810419,0.0054523142914433
0,-1.0,-0.563377307508217,-0.454308093994778,-0.254237288135593,-0.644552262419576,-0.05,0.955331977428417,0.994070650930022,0.0032268107189503
0,-1.0,-0.5475965470248,-0.492348636061211,-0.244635193133047,-0.113624408206207,-0.05,0.932047874583282,0.991382857457604,0.0259590601274541
0,-1.0,-0.561451398166511,-0.48478835978836,-0.254237288135593,-0.288429054054054,-0.793478260869565,0.901816068361911,0.986441595662901,0.0373830722988635
0,-1.0,-0.285281209279445,-0.4875,0.0,0.0,0.0,0.430004029168693,0.421892967790888,0.257578486852847
0,-1.0,-0.344507000036891,-0.480943738656987,0.0,0.0,0.0,0.431994827842822,0.421555667304744,0.260420654069262
0,-1.0,-0.285281209279445,-0.477941176470588,0.0,0.0,0.0,0.0980381907532314,0.0200122618153749,0.0242312189119858
0,-1.0,-0.285281209279445,-0.485559566787004,0.0,0.0,0.0,0.117025098261175,0.0368054845710781,0.026192854896512
0,-1.0,-0.361794466452105,-0.55787037037037,-0.177897574123989,0.0,0.0,0.407072438085016,0.361383331931316,0.0359084363779678
0,-1.0,-0.356286420350638,-0.570388349514563,0.0,0.0,0.0,0.378686700519318,0.329911639448943,0.0285418750250746
0,-1.0,-0.341093045646536,-0.60056657223796,0.0,0.0,0.0,0.281583035635708,0.139382800202704,0.0181749245750866
0,-1.0,-0.340946163619305,-0.610429447852761,0.0,0.0,0.0,0.210653763581817,0.0922385090876757,0.0172485968350912
0,-1.0,-0.490364156570479,-0.588100686498856,-0.744286596664608,0.0,0.0,0.19985148858053,0.0687932262224987,0.106065080002391
0,-1.0,-0.490364156570479,-0.587155963302752,-0.744286596664608,0.0,0.0,0.176705774093405,0.130753438202572,0.021792243549231
0,0.0,-1.0,0.0,0.0,0.0,0.0,0.944330387024763,0.992449887890104,0.011021544246074
0,0.0,-1.0,0.0,0.0,0.0,0.0,0.940204768278371,0.991888491921105,0.0104617766531148
0,0.0,-1.0,0.0,0.0,0.0,0.0,0.93698828044703,0.991470691845245,0.009555508981037
0,0.0,-1.0,0.0,0.0,0.0,0.0,0.931992420032368,0.990812786173962,0.0084343095762522
0,0.0,-1.0,0.0,0.0,0.0,0.0,0.926972664611734,0.99009800333785,0.0082898362941611
0,0.0,-1.0,0.0,0.0,0.0,0.0,0.925419748529449,0.989908505875591,0.0076168922207456
0,0.0,-1.0,0.0,0.0,0.0,0.0,0.921921045779314,0.989429744765323,0.0072047182559657
0,0.0,-1.0,0.0,0.0,0.0,0.0,0.919384166252548,0.989085870543108,0.0066913382493662
0,0.0,-1.0,0.0,0.0,0.0,0.0,0.916235713040567,0.988667716616918,0.0061469595907977
0,0.0,-1.0,0.0,0.0,0.0,0.0,0.91222567757282,0.988170268332569,0.0052594692433649
0,0.0,-1.0,0.0,0.0,0.0,0.0,0.907629097571609,0.987521753346787,0.0050222226832247
0,0.0,-1.0,0.0,0.0,0.0,0.0,0.90565957595006,0.987274473817044,0.0046029907297757
0,0.0,-1.0,0.0,0.0,0.0,0.0,0.903052142599267,0.98692892779375,0.0043247939597866
0,0.0,-1.0,0.0,0.0,0.0,0.0,0.899992992484712,0.986592527535131,0.003510796784777
0,0.0,-1.0,0.0,0.0,0.0,0.0,0.895406157368029,0.985950385878193,0.0032396438276846
0,0.0,-1.0,0.0,0.0,0.0,0.0,0.892339814796288,0.985608913296905,0.0024690839988853
0,0.0,-1.0,0.0,0.0,0.0,0.0,0.887040708728633,0.984851606425496,0.0018204060358712
0,0.0,-1.0,0.0,0.0,0.0,0.0,0.882956524342021,0.984255812079046,0.001564348937365
0,0.0,-1.0,0.0,0.0,0.0,0.0,0.881200284545073,0.984009756470628,0.0014455697431267
0,0.0,-1.0,0.0,0.0,0.0,0.0,0.880378120753821,0.983890646177292,0.0013793510265314
0,0.0,-1.0,0.0,0.0,0.0,0.0,0.878064768947296,0.983636228477072,0.0005253941543475
0,0.0,-1.0,0.0,0.0,0.0,0.0,0.87213162083969,0.982853622662085,0.0001910703065526
0,-1.0,-0.280660118643443,-0.211864406779661,0.0,0.0,0.0,0.141914820321296,0.313122073764618,0.0387142873245156
0,-1.0,-0.280660118643443,-0.210084033613445,0.0,0.0,0.0,0.145298136868916,0.318567172901862,0.0390779413604145
0,0.0,-0.570195385183548,0.0,0.0,0.0,0.0,0.903244880726726,0.974398729568996,0.012758394383051
0,0.0,-0.570195385183548,0.0,0.0,0.0,0.0,0.902174231228677,0.974144560204028,0.0125470182527738
0,0.0,-0.570195385183548,0.0,0.0,0.0,0.0,0.90120277646764,0.973930007625412,0.0122882534288046
0,0.0,-0.570195385183548,0.0,0.0,0.0,0.0,0.899197104276537,0.973565904617666,0.0114007737056718
0,0.0,-0.570195385183548,0.0,0.0,0.0,0.0,0.896330502657152,0.972815865716888,0.0111510496178658
0,0.0,-0.570195385183548,0.0,0.0,0.0,0.0,0.894181744877105,0.972432876636264,0.010178208446471
0,0.0,-0.545949392024192,0.0,0.0,0.0,0.0,0.602099259105795,0.843285414377371,0.0001873542489949
0,0.0,-0.545949392024192,0.0,0.0,0.0,0.0,0.888707361582978,0.967333322168492,0.0027105994593043
0,0.0,-0.545949392024192,0.0,0.0,0.0,0.0,0.888317271361757,0.967230277152141,0.0026471323350169
0,0.0,-0.545949392024192,0.0,0.0,0.0,0.0,0.888008740492209,0.967159266166015,0.0025588467159172
0,0.0,-0.545949392024192,0.0,0.0,0.0,0.0,0.886899397544832,0.966944073672395,0.00209047372218
0,0.0,-0.545949392024192,0.0,0.0,0.0,0.0,0.885191173355335,0.966494337195181,0.0017387804836079
0,0.0,-0.545949392024192,0.0,0.0,0.0,0.0,0.882586375710126,0.965940456997471,0.0008361399788728
0,0.0,-0.545949392024192,0.0,0.0,0.0,0.0,0.879283539794186,0.965110228998385,0.0003441773818882
0,0.0,-0.349249827947252,-0.804878048780488,0.0,0.0,0.0,0.18425122161866,0.450321460016679,0.0016388548053932
1,0.0,0.0,0.0,0.0,-1.0,0.0,1.0,1.0,0.0028182729290401
1,0.0,0.0,0.0,0.0,-1.0,0.0,1.0,1.0,0.0024513179387937
1,0.0,0.0,0.0,0.0,-1.0,0.0,1.0,1.0,0.0018957653843304
0,-1.0,-0.333945744356883,-0.290540540540541,0.0,0.0,0.0,0.375313868904519,0.526838773000404,0.117781688241081
0,-1.0,-0.333513610231349,-0.303448275862069,0.0,0.0,0.0,0.371816689521636,0.528325254206353,0.112590942672451
0,-1.0,-0.216714813460414,-0.240483383685801,0.0,0.0,0.0,0.913886475874166,0.849095635416262,0.11252177602801
0,-1.0,-0.27101752561843,-0.278319123020706,-0.0076687116564417,-0.0006490134994807,0.0,0.647421319913633,0.525746400769135,0.0782642385529102
1,1.0,1.0,1.0,-1.0,-1.0,-1.0,1.0,1.0,0.109009125137367
0,-1.0,-0.23094203061867,-0.190392501464558,-0.41007493755204,-0.267854327605234,-0.474522292993631,0.468130851273222,0.647748507792793,0.0054563306372547
0,-1.0,-0.23094203061867,-0.193208430913349,-0.45364500792393,-0.267854327605234,-0.474522292993631,0.534868359319277,0.769806814977261,0.0063325871288398
0,-1.0,-0.318992162374132,-0.313559322033898,0.0,-0.0024911032028469,0.0,0.938531550767167,0.956948083646876,0.016800541924532
0,-1.0,-0.318992162374132,-0.313559322033898,0.0,-0.0024911032028469,0.0,1.0,1.0,0.0154409433090316
1,1.0,1.0,1.0,-1.0,-1.0,-1.0,1.0,1.0,0.012760601381095
1,1.0,1.0,1.0,-1.0,-1.0,-1.0,1.0,1.0,0.0105754706853612
0,-1.0,-1.0,-1.0,-1.0,-0.997508896797153,-1.0,0.994417123297098,0.999334839117287,0.0050856603498759
0,-1.0,-1.0,-1.0,-1.0,-0.997508896797153,-1.0,0.99416165428629,0.999307739977495,0.004066642457299
0,-1.0,-1.0,-1.0,-1.0,-0.997508896797153,-1.0,0.993792642666207,0.99926687112134,0.0033001631001956
0,-1.0,-1.0,-1.0,-1.0,-0.997508896797153,-1.0,0.993463023476361,0.999234513607664,0.0022458761703804
0,-1.0,-1.0,-1.0,0.0,-0.997508896797153,-1.0,0.0,0.0,0.0
0,-1.0,-0.176278737665119,-0.196850393700787,0.0,0.0,0.0,0.256071487849652,0.401341821138243,0.057450380465615
0,-1.0,-0.204225778630541,-0.203125,0.0,0.0,0.0,0.265160477951474,0.386617742220131,0.0670431928359034
0,-1.0,-0.410916775758806,-0.573770491803279,-0.177897574123989,0.0,0.0,0.660791584911306,0.576216721422039,0.0560327829043531
0,-1.0,-0.54051838971465,-0.664756446991404,-0.722972972972973,-0.0467753366406804,-0.182648401826484,0.0,0.0,0.0
0,0.0,0.0,0.0,-1.0,-1.0,-1.0,0.997387135932178,0.999482614133571,0.0018384916408243
0,0.0,0.0,0.0,-1.0,-1.0,-1.0,0.996428724797619,0.99929567643911,0.0016537225557056
0,0.0,0.0,0.0,-1.0,-1.0,-1.0,0.995874029058658,0.999198025849264,0.0011812737397733
0,0.0,0.0,0.0,-1.0,-1.0,-1.0,0.994555270336407,0.998950077459122,0.0008892284972788
0,0.0,0.0,0.0,-1.0,-1.0,-1.0,0.993709202541292,0.998792340649459,0.0007248974834547
0,0.0,0.0,0.0,-1.0,-1.0,-1.0,0.993119322854213,0.998696141756806,0.0002567808209852
0,0.0,-0.416891670923018,-0.268041237113402,-0.0706763398080974,-0.0488322717622081,-0.0782747603833866,0.884177050676862,0.98512897315826,0.0103046333159237
0,0.0,-0.390302346155876,-0.261538461538462,-0.071260028315243,0.0,0.0,0.67907898976104,0.865337053487726,0.004559556501025
0,0.0,-0.416891670923018,-0.280612244897959,-0.0843806104129264,-0.0499348675640469,-0.0840480274442539,0.736923157531581,0.762731848724496,0.0607567305463051
0,0.0,-0.416891670923018,-0.276214833759591,-0.0814558058925477,-0.0499348675640469,-0.0840480274442539,0.791980038522876,0.815388978573525,0.0519765859154796
0,0.0,-0.470802118845353,-0.9,0.0,0.0,0.0,0.244852517146473,0.653541870267109,0.0039980797598743
0,0.0,-0.470802118845353,-0.833333333333333,0.0,0.0,0.0,0.239907392975334,0.651803593924229,0.0020107784917572
0,0.0,-0.470802118845353,-0.714285714285714,0.0,0.0,0.0,0.232550917087255,0.650651871828453,0.0007640137081298
0,-1.0,-0.157531654179907,-0.216745442268737,0.0,0.0,0.0,0.297002089811525,0.709708433622959,0.13314682013125
0,-1.0,-0.157531654179907,-0.223719676549865,0.0,0.0,0.0,0.310386473352473,0.361944872932126,0.186557959872875
0,-1.0,-0.157531654179907,-0.221173297370196,0.0,0.0,0.0,0.44027955384432,0.929586591815787,0.0727695598143029
0,-1.0,-0.157531654179907,-0.215301286391334,0.0,0.0,0.0,0.434388317347989,0.930516878704795,0.0719437690506978
0,-1.0,-0.153691573844473,-0.210990502035278,0.0,0.0,0.0,0.42140194721835,0.925916259346992,0.0722215140044457
0,-1.0,-0.161105391830272,-0.221374045801527,0.0,0.0,0.0,0.445297634927897,0.250495966476274,0.122456543019615
0,-1.0,-0.194451094931495,-0.227272727272727,0.0,0.0,0.0,0.448755445135057,0.25748759864025,0.123240357186588
0,0.0,-0.204841726798248,-0.833333333333333,0.0,0.0,0.0,0.0466015145512525,0.573761343198707,0.102550464114755
0,0.0,-1.0,0.0,0.0,0.0,0.0,0.944695892111635,0.992369993883829,0.0114345607601899
0,0.0,-1.0,0.0,0.0,0.0,0.0,0.942911424629646,0.992122421937391,0.0112076113067274
0,0.0,-1.0,0.0,0.0,0.0,0.0,0.941743935706769,0.991970132656085,0.0108433934285061
0,0.0,-1.0,0.0,0.0,0.0,0.0,0.939619111024667,0.991698447460637,0.0097657624177586
0,0.0,-1.0,0.0,0.0,0.0,0.0,0.935185614052383,0.991063562386967,0.009454956415697
0,0.0,-1.0,0.0,0.0,0.0,0.0,0.933568461626133,0.990841116450687,0.0090885937046478
0,0.0,-1.0,0.0,0.0,0.0,0.0,0.931298651692156,0.990548764780838,0.0080888134234074
0,0.0,-1.0,0.0,0.0,0.0,0.0,0.92685121065346,0.989911793981868,0.0075364852458487
0,0.0,-1.0,0.0,0.0,0.0,0.0,0.924048179678824,0.989519713102713,0.0069916598770472
0,0.0,-1.0,0.0,0.0,0.0,0.0,0.902713406968713,0.986124521321236,0.0012487173060791
0,-1.0,-0.214241519153001,-0.195374315276932,-0.217654171704958,-0.0415534601246604,0.0,0.81278609732328,0.953597609722899,0.0851816146344358
0,-1.0,-0.226134106850094,-0.196114146933819,-0.217654171704958,-0.0415534601246604,0.0,0.813348930978403,0.95433922923953,0.086859913962718
0,-1.0,-0.226134106850094,-0.195534097767049,-0.217654171704958,-0.0415534601246604,0.0,0.813761567934526,0.954877954969882,0.0880906080031977
0,0.0,-0.470802118845353,-0.833333333333333,0.0,0.0,0.0,0.107715713282484,0.709664063452453,0.0171107907279921
0,0.0,-0.390895875604833,-0.833333333333333,0.0,0.0,0.0,0.0858833731238733,0.673089098455041,0.0163696020696236
0,0.0,-0.390895875604833,-0.833333333333333,0.0,0.0,0.0,0.0538780294938849,0.636222626243209,0.014252586905667
0,0.0,-0.253610011902124,-0.833333333333333,0.0,0.0,0.0,0.0134783637832956,0.590383975279728,0.012586415363264
0,0.0,-0.253610011902124,-0.833333333333333,0.0,0.0,0.0,0.0216797257215314,0.582821176532476,0.0149136035607
0,0.0,-0.426640547889822,-0.714285714285714,0.0,0.0,0.0,0.0522691786479088,0.564725786451656,0.0155618156042942
0,0.0,-0.390895875604833,-0.714285714285714,0.0,0.0,0.0,0.0550931555248639,0.564834718585672,0.0157144060142667
0,0.0,-0.390895875604833,-0.714285714285714,0.0,0.0,0.0,0.0571507722710452,0.565298865471934,0.0156313510525589
0,0.0,-0.390895875604833,-0.714285714285714,0.0,0.0,0.0,0.0644360675883944,0.567287766047258,0.0150882332813974
0,0.0,-0.470802118845353,-0.714285714285714,0.0,0.0,0.0,0.0894204257159694,0.579397122472172,0.0160197862733986
0,0.0,-0.470802118845353,-0.714285714285714,0.0,0.0,0.0,0.117419656874799,0.592189662052399,0.0175750909327097
0,0.0,-0.470802118845353,-0.714285714285714,0.0,0.0,0.0,0.137395779030522,0.601331386859798,0.0195018129435164
1,0.0,1.0,1.0,-1.0,0.0,0.0,0.0,0.0,0.0
0,-1.0,-0.33056928327851,-0.472222222222222,0.0,0.0,0.0,0.205461455787919,0.564486598244845,0.139393553281519
0,-1.0,-0.343613923564342,-0.478787878787879,0.0,0.0,0.0,0.200574316380841,0.562593431821882,0.138642144905152
0,-1.0,-0.343613923564342,-0.480651731160896,0.0,0.0,0.0,0.19441066916554,0.561153403152213,0.137450448858048
0,-1.0,-0.381647923440376,-0.477178423236515,0.0,0.0,0.0,0.186057181144945,0.558272446982034,0.135988815666466
0,-1.0,-0.352316768077407,-0.489406779661017,0.0,0.0,0.0,0.179763426116601,0.554763725769664,0.135441981624428
0,-1.0,-0.366578961180338,-0.514563106796116,0.0,0.0,0.0,0.112344843339583,0.493387934458827,0.150314460457667
0,-1.0,-0.486218832341312,-0.634844868735084,-0.49079754601227,0.0,0.0,0.938891695862073,0.980865803008663,0.127146861061693
0,-1.0,-0.501862717174594,-0.667493796526055,-0.49079754601227,0.0,0.0,1.0,1.0,0.173588129115675
1,1.0,1.0,1.0,-1.0,-1.0,-1.0,1.0,1.0,0.171657566710997
0,0.0,-0.522462127628504,-0.321428571428571,-0.329268292682927,0.0,0.0,1.0,1.0,0.147243948363249
0,-1.0,-0.204333651699359,-0.566037735849057,0.0,0.0,0.0,0.277563797884745,0.135344967945857,0.0588964463892616
0,-1.0,-0.204333651699359,-0.56875,0.0,0.0,0.0,0.284407950694623,0.163570148212865,0.0598966173070692
0,-1.0,-0.263033976710344,-0.58125,0.0,0.0,0.0,0.295488234619101,0.20723072924401,0.0600428486613353
0,-1.0,-0.25660377962058,-0.593167701863354,0.0,0.0,0.0,0.309734475180642,0.253789137893855,0.0630238396179656
0,-1.0,-0.293309574959975,-0.597523219814242,0.0,0.0,0.0,0.324622035483515,0.304393473001448,0.0644526001445334
0,-1.0,-0.333956004589382,-0.571428571428571,0.0,0.0,0.0,0.345360807928047,0.360452924781672,0.0685768253240124
0,0.0,-0.307943235307514,-0.258485639686684,-0.013564929693962,-0.25916161349855,-0.184156378600823,0.960712758123596,0.96145940334699,0.159160783773903
0,0.0,-0.307943235307514,-0.257978723404255,-0.0136986301369863,-0.312063492063492,-0.236147757255937,0.946264273539905,0.955008830686404,0.159687308775787
0,0.0,-0.307943235307514,-0.256613756613757,-0.0130469371519491,-0.312063492063492,-0.236147757255937,0.938878835909817,0.952088335169152,0.15985731836016
0,0.0,-0.307943235307514,-0.253263707571802,-0.0125940715711872,-0.312063492063492,-0.236147757255937,0.933561528118962,0.94998042865844,0.160015130346151
0,0.0,-0.307943235307514,-0.25,-0.0124620060790274,-0.25916161349855,-0.184156378600823,0.928919624690325,0.947213065460462,0.159352525326195
0,-1.0,-0.11915525461577,-0.145121951219512,0.0,0.0,0.0,0.847936103078315,0.950025156036236,0.0047256811926579
0,-1.0,-0.11915525461577,-0.144329896907216,0.0,0.0,0.0,0.837408684439557,0.956312022725979,0.0050605424251707
0,-1.0,-0.275082105050607,-0.212962962962963,0.0,0.0,0.0,0.245115283254664,0.498950544803834,0.0079947323139476
0,-1.0,-0.258003315311723,-0.19047619047619,0.0,0.0,0.0,0.0360100465546134,0.164986154287591,0.0001283761812482
0,-1.0,-0.264228436729441,-0.166666666666667,0.0,0.0,0.0,0.276197128592929,0.630239059830098,0.0170781262763873
0,-1.0,-0.175219647539164,-0.201790633608815,0.0,0.0,0.0,0.216459207681458,0.895585344381066,0.10125153958746
0,-1.0,-0.263470253523041,-0.27027027027027,0.0,-0.0006490134994807,0.0,0.0,0.0,0.0
0,0.0,-0.61828224521704,-0.972222222222222,0.0,0.0,0.0,0.540486576179732,0.847371583657207,0.0442341500414573
0,0.0,-0.61828224521704,-0.971428571428571,0.0,0.0,0.0,0.530458181613168,0.84742997260522,0.0441842877083239
0,0.0,-0.58280197391345,-0.964285714285714,0.0,0.0,0.0,0.523968459894984,0.848894612955366,0.0433773255419823
0,0.0,-0.58280197391345,-0.958333333333333,0.0,0.0,0.0,0.513925774435783,0.8495272110852,0.0429640044685249
0,0.0,-0.541851337563963,-0.954545454545455,0.0,0.0,0.0,0.503457080958863,0.85011421462606,0.0426330999151512
0,0.0,-0.541851337563963,-0.95,0.0,0.0,0.0,0.492994743132831,0.851109184840332,0.0421883616481887
0,-1.0,-0.360999588751386,-0.311242603550296,-0.308049535603715,-0.359612462006079,0.0,0.848838273645605,0.972057070974219,0.0184656167344237
0,-1.0,-0.285631802895745,-0.270200387847447,-0.108603667136812,0.0,0.0,0.689322683044955,0.481017893356801,0.0145954755120762
0,-1.0,-0.259887394853169,-0.266582438408086,0.0,0.0,0.0,0.873480261825968,0.959217932926936,0.0208429257547005
0,-1.0,-1.0,-1.0,0.0,-1.0,0.0,0.983402258346088,0.998366651179795,0.0316178988606027
0,-1.0,-1.0,-1.0,0.0,-1.0,0.0,0.982407256237771,0.998269656450372,0.0315099560327995
1,0.0,1.0,1.0,-1.0,0.0,0.0,1.0,1.0,0.0004977196106524
0,0.0,-1.0,-1.0,-1.0,0.0,0.0,1.0,1.0,0.0002348636541237
0,0.0,-1.0,-1.0,-1.0,0.0,0.0,0.0,0.0,0.0
0,-1.0,-0.166166316994533,-0.591362126245847,0.0,0.0,0.0,0.0936911304844365,0.0379801230438639,0.0475060546678599
0,-1.0,-0.171017811462037,-0.583606557377049,0.0,0.0,0.0,0.0871728036164338,0.0842563304217105,0.0457032725430395
0,-1.0,-0.204333651699359,-0.561290322580645,0.0,0.0,0.0,0.0905397539478635,0.103618269471709,0.0465330621412614
0,-1.0,-0.204333651699359,-0.560897435897436,0.0,0.0,0.0,0.0862144660702477,0.127818496321191,0.0450935634162763
0,-1.0,-0.340807172737153,-0.554545454545455,-0.146341463414634,0.0,0.0,0.421154352209903,0.316346427548786,0.0013752497882905
0,-1.0,-0.340807172737153,-0.558086560364465,-0.146341463414634,0.0,0.0,0.630501007406242,0.625309688836455,0.0015034438573915
0,-1.0,-0.393632385278406,-0.559633027522936,-0.177897574123989,0.0,0.0,0.708950563559851,0.687659483685808,0.0017603664744558
0,-1.0,-0.393632385278406,-0.567757009345794,-0.177897574123989,0.0,0.0,0.723910424229359,0.426263837417668,0.0009258305814352
0,-1.0,-0.377680863240629,-0.567058823529412,-0.177897574123989,0.0,0.0,0.54606245624478,0.542539334737191,0.0005266494398442
0,-1.0,-0.448862716581917,-0.659942363112392,-0.965313028764805,-0.565961732124874,-0.766859344894027,0.583078842666632,1.0,0.0931199494657481
0,-1.0,-0.448862716581917,-0.653295128939828,-0.965313028764805,-0.565961732124874,-0.766859344894027,0.579103114817558,1.0,0.0923423045241379
0,0.0,-0.0958594648661247,-0.238952536824877,-0.12779552715655,-0.578855975485189,-0.0471092077087794,0.879483610243384,0.882628667131576,0.120865284190349
0,0.0,-0.127301725784708,-0.25542570951586,-0.179372197309417,-0.585433884297521,-0.0714285714285714,0.91802382391251,0.917875550260837,0.117564110877968
0,0.0,-0.129717349499369,-0.269751693002257,-0.180995475113122,-0.778754981448399,-0.213592233009709,0.934902818831057,0.934657030282753,0.116635413925083
0,0.0,-0.132640164004827,-0.272058823529412,-0.200294550810015,-0.778754981448399,-0.213592233009709,0.951549643187123,0.952430323807719,0.115282535515731
0,0.0,-0.132640164004827,-0.269511510387423,-0.235211267605634,-0.796545914069082,-0.0995475113122172,0.983191191247731,0.987324613637763,0.112360507781639
0,0.0,-0.13213710062395,-0.268973214285714,-0.360424028268551,-0.83715782483583,-0.114583333333333,0.87346627588476,0.885366088319769,0.0074762011718233
1,0.0,1.0,1.0,0.0,0.0,0.0,0.0,0.0,0.0
0,-1.0,-0.246224012806877,-0.158878504672897,0.0,0.0,0.0,0.202458523300382,0.592783023865847,0.264919047349162
0,-1.0,-0.258003315311723,-0.181818181818182,0.0,0.0,0.0,0.205053385830799,0.594596127099395,0.262214588222547
0,-1.0,-0.275082105050607,-0.212389380530973,0.0,0.0,0.0,0.210317576033575,0.596246521541713,0.264362569948039
0,-1.0,-0.297961764612829,-0.221238938053097,0.0,0.0,0.0,0.214076623844377,0.597355624532183,0.266142872558295
0,-1.0,-0.297961764612829,-0.227272727272727,0.0,0.0,0.0,0.216683305842355,0.598151651466214,0.267056414445454
0,-1.0,-0.297961764612829,-0.227272727272727,0.0,0.0,0.0,0.219207421292396,0.599045575664826,0.26744484769402
0,-1.0,-0.291464718330507,-0.254385964912281,0.0,0.0,0.0,0.223613497912425,0.600761952171049,0.267416310038251
0,-1.0,-0.268708046833231,-0.158878504672897,0.0,0.0,0.0,0.169793567121151,0.547379407016352,0.331160697671624
0,0.0,-0.27733526051825,-0.403508771929825,0.0,0.0,0.0,0.667556850259598,0.712180814810118,0.0008886918514276
0,0.0,-0.27733526051825,-0.403508771929825,0.0,0.0,0.0,0.669955578063757,0.70625815353616,0.0008123406760544
0,0.0,-0.204841726798248,-0.833333333333333,0.0,0.0,0.0,0.126710965896949,0.66860372519098,0.0016941700673553
0,0.0,-0.204841726798248,-0.833333333333333,0.0,0.0,0.0,0.122418327342555,0.66719930672192,0.0005745245648411
0,-1.0,-0.147481998828322,-0.136164896939413,-0.239035087719298,-0.341885269530124,-0.175,0.83663586256571,0.930757324231933,0.0577092502285808
0,-1.0,-0.181634288320869,-0.144194756554307,-0.405204460966543,-0.341885269530124,-0.175,0.831615580674527,0.928414899963942,0.0564430970808472
0,-1.0,-0.209116222687384,-0.152079453755431,-0.370748299319728,-0.522697223446452,-0.238095238095238,0.820888274100445,0.928859286641304,0.0561626863811811
0,-1.0,-0.216744145570178,-0.155183116076971,-0.370748299319728,-0.995801847187238,-1.0,0.809609471685164,0.924558644495117,0.0531236656086044
0,-1.0,-0.178925520215903,-0.171182266009852,-0.402597402597403,-0.996554100620262,-1.0,0.8046057192583,0.92588544255284,0.0530158575429922
0,-1.0,-0.183771465268462,-0.183374083129584,-0.367174280879865,-0.0415534601246604,0.0,0.805955258252592,0.936121654594308,0.0591630024383711
0,-1.0,-0.214241519153001,-0.188414634146341,-0.209650582362729,-0.0415534601246604,0.0,0.812956163392853,0.952578294989841,0.0834221057673566
0,-1.0,-0.214241519153001,-0.190127970749543,-0.0299500831946755,-0.0415534601246604,0.0,0.812912529493852,0.953070688697343,0.0843003877840247
0,-1.0,-0.278452832263826,-0.499121265377856,0.0,0.0,0.0,0.423119175469347,0.279287842145396,0.0125078784029853
0,-1.0,-0.242130785217114,-0.554140127388535,0.0,0.0,0.0,0.0569308850862981,0.476288422247566,0.0377915522003246
0,-1.0,-0.231651746599248,-0.552715654952077,0.0,0.0,0.0,0.0521307007088335,0.483151241764179,0.0378279534013883
0,-1.0,-0.231651746599248,-0.552715654952077,0.0,0.0,0.0,0.0694509675772937,0.265431326341484,0.081891015653834
0,-1.0,-0.231651746599248,-0.552715654952077,0.0,0.0,0.0,0.066001895495793,0.274145634391542,0.0813100561217022
0,-1.0,-0.231651746599248,-0.55448717948718,0.0,0.0,0.0,0.0626832431972099,0.701430361471806,0.0083525171958811
0,-1.0,-0.243268665863658,-0.196869355809753,-0.0490307867730901,-0.0415534601246604,0.0,0.887187370306154,0.980682563249687,0.157852675983112
0,0.0,-0.595986124804287,-0.794612794612795,-0.454545454545455,0.0,-0.5,0.903806883260009,0.943631581342291,0.004047159860395
0,0.0,-0.572773873981841,-0.802120141342756,-0.454545454545455,0.0,0.0,0.971266663046862,0.998011734201502,0.0035134608446025
0,0.0,-0.488184497875595,-0.680147058823529,0.0,0.0,0.0,0.876688362032778,0.976859252808491,0.0001144291889575
0,0.0,-0.406554005062545,-0.833333333333333,0.0,0.0,0.0,0.177238631208366,0.880445241035976,0.0363890188764891
0,0.0,-0.406554005062545,-0.833333333333333,0.0,0.0,0.0,0.17658277933925,0.880225062522861,0.0363705636352364
0,0.0,-0.406554005062545,-0.833333333333333,0.0,0.0,0.0,0.175386839947542,0.879412205749783,0.0364746192378132
0,0.0,-0.406554005062545,-0.833333333333333,0.0,0.0,0.0,0.174627109570152,0.878314905827973,0.0366518446857669
0,0.0,-0.470802118845353,-0.833333333333333,0.0,0.0,0.0,0.0808168765003918,0.329656417328729,0.02692526498878
0,-1.0,-0.364197357212946,-0.269120184013801,-0.478695813264172,-0.115929203539823,-0.635802469135803,0.983696653420441,0.997478715297887,0.380886748740209
0,-1.0,-0.34716860197991,-0.266820011500863,-0.269733874605322,-0.0648256494266323,-0.177700348432056,0.981239112126126,0.997098268086886,0.375802206236369
0,-1.0,-0.382323229391035,-0.279043280182232,-0.679200380771061,-0.0702789699570815,-0.585227272727273,0.82234328692517,0.920147747690166,0.0469600316489942
0,-1.0,-0.382323229391035,-0.290743895513913,-0.756177156177156,-0.0702789699570815,-0.585227272727273,0.811621842751312,0.913270508323541,0.0465893086156327
0,-1.0,-0.417085211704434,-0.309080654258319,-0.675,-0.0528760759666621,-0.418326693227092,0.789255955563555,0.880505558416894,0.0408132238969003
0,-1.0,-0.454602446821941,-0.326998323085523,-0.569767441860465,-0.0528760759666621,-0.418326693227092,0.778923288133502,0.879263535783385,0.0424059383388002
0,0.0,-0.470802118845353,-0.833333333333333,0.0,0.0,0.0,0.199593353481155,0.787982695470461,0.027116187371868
0,0.0,-0.470802118845353,-0.833333333333333,0.0,0.0,0.0,0.197337078095009,0.787870909479526,0.0266637472557681
0,0.0,-0.470802118845353,-0.833333333333333,0.0,0.0,0.0,0.186692332988628,0.786046396462765,0.0245402530035774
0,0.0,-0.470802118845353,-0.833333333333333,0.0,0.0,0.0,0.179162290584324,0.777950188759817,0.0237528556158174
0,0.0,-0.470802118845353,-0.833333333333333,0.0,0.0,0.0,0.175711842371189,0.773340677998233,0.0235569439797033
0,0.0,-0.470802118845353,-0.833333333333333,0.0,0.0,0.0,0.172711624423836,0.770789660411544,0.0232503708580911
0,0.0,-0.0735451796322557,-0.0750481077613855,-0.0593080724876442,0.0,0.0,0.959606599892776,0.982571402920074,0.0953638666205765
0,0.0,-0.0402492537406665,-0.0734642178594047,-0.0536512667660209,0.0,0.0,0.954711505574928,0.980659842142926,0.096316521380968
0,0.0,-0.0948534052999783,-0.0749370277078086,-0.0044709388971684,0.0,0.0,0.953062219247916,0.980017031721284,0.0965012493554055
0,0.0,-0.0564464536622229,-0.0707635009310987,0.0,-0.129468232916509,-0.197406340057637,0.856210531728817,0.961174852346101,0.0350732528904212
0,0.0,-0.0634748149585783,-0.0886153846153846,-0.0013698630136986,0.0,0.0,0.855653835277163,0.959421156829995,0.0325547421531349
0,-1.0,-0.184452183749592,-0.575539568345324,0.0,0.0,0.0,0.126937707936008,0.0868977438987003,0.0574978587119604
0,-1.0,-0.197040406330117,-0.576512455516014,0.0,0.0,0.0,0.102606707207976,0.0231416373959792,0.0485903627612511
1,0.0,1.0,1.0,0.0,0.0,0.0,1.0,1.0,0.0035356826158972
1,0.0,1.0,1.0,0.0,0.0,0.0,1.0,1.0,0.0026753946332009
1,0.0,1.0,1.0,0.0,0.0,0.0,1.0,1.0,0.0023648004267811
1,0.0,1.0,1.0,0.0,0.0,0.0,1.0,1.0,0.0019877303638151
1,0.0,1.0,1.0,0.0,0.0,0.0,1.0,1.0,0.0015394463155969
1,0.0,1.0,1.0,0.0,0.0,0.0,1.0,1.0,0.0008542084752496
1,0.0,1.0,1.0,0.0,0.0,0.0,0.0,0.0,0.0
0,0.0,-0.570195385183548,0.0,0.0,0.0,0.0,0.874194421920885,0.967098957168037,0.0055018459031262
0,0.0,-0.570195385183548,0.0,0.0,0.0,0.0,0.871803119476472,0.966631622452953,0.0050166348603937
0,0.0,-0.570195385183548,0.0,0.0,0.0,0.0,0.869802783101765,0.966141224246508,0.0048483071690908
0,0.0,-0.570195385183548,0.0,0.0,0.0,0.0,0.867096366332586,0.96567348737601,0.0041121584299866
0,0.0,-0.570195385183548,0.0,0.0,0.0,0.0,0.864265999858413,0.964928393888961,0.0039362644212812
0,0.0,-0.570195385183548,0.0,0.0,0.0,0.0,0.862124543175755,0.964525539771646,0.003434624504647
0,0.0,-0.570195385183548,0.0,0.0,0.0,0.0,0.860119869815133,0.963993119173687,0.0033115862924774
0,0.0,-0.570195385183548,0.0,0.0,0.0,0.0,0.859269919554308,0.96379347435651,0.0031626686462657
0,0.0,-0.570195385183548,0.0,0.0,0.0,0.0,0.858012777779171,0.963493817393425,0.0028843986684361
0,0.0,-0.545949392024192,0.0,0.0,0.0,0.0,0.856609413789024,0.963139717274268,0.002732560445738
0,0.0,-0.545949392024192,0.0,0.0,0.0,0.0,0.849731424619104,0.962212751551194,0.0013607208039437
0,0.0,-0.545949392024192,0.0,0.0,0.0,0.0,0.843618222444222,0.960687736285981,0.0009900398589117
0,0.0,-0.545949392024192,0.0,0.0,0.0,0.0,0.841228660354538,0.960078827443224,0.0007227299332744
0,0.0,-0.545949392024192,0.0,0.0,0.0,0.0,0.83780190828311,0.959516298382496,0.0003623394712396
0,0.0,-0.247852072267361,-0.0631578947368421,0.0,-0.131876412961567,0.0,0.813070431078608,0.95340108205135,0.104653992551671
0,0.0,-0.266639544637414,-0.0851063829787234,0.0,-0.19273127753304,0.0,0.884065028806011,0.972489612372192,0.100048926527624
0,0.0,-0.284929159852236,-0.1,0.0,-0.19273127753304,0.0,0.914218729303383,0.98017203448243,0.100539763539985
0,-1.0,-0.0444467317882685,-0.0718390804597701,0.0,-0.31072511717673,-0.946428571428571,0.0253839910196518,0.070168893772739,0.0052240875156672
0,-1.0,-0.0655205535536169,-0.0695652173913043,0.0,-0.31072511717673,-0.946428571428571,0.0210434689487232,0.0004444545978278,0.0052568378740782
0,-1.0,-0.0881774890595986,-0.0673499267935578,0.0,-0.31072511717673,-0.946428571428571,0.0717005424176243,0.123665393202133,0.0058956381931011
0,-1.0,-0.0662398764486356,-0.0664697193500739,0.0,-0.31072511717673,-0.946428571428571,0.0201985776944066,0.380526478294239,0.0648750320190217
0,-1.0,-0.292914814132031,-0.237410071942446,0.0,0.0,0.0,0.336176394797175,0.462288931462044,0.0115869646953598
0,-1.0,-0.292914814132031,-0.231884057971014,0.0,0.0,0.0,0.331363754713311,0.462260255918252,0.0093685307916367
0,-1.0,-0.292914814132031,-0.235294117647059,0.0,0.0,0.0,0.327924157398483,0.462657531690856,0.0077191764855727
0,-1.0,-0.257175682524112,-0.225563909774436,0.0,0.0,0.0,0.325530502947032,0.463114251967411,0.0065379520786975
0,-1.0,-0.257175682524112,-0.225563909774436,0.0,0.0,0.0,0.32483929262589,0.463175197152886,0.0062276745196859
0,-1.0,-0.257175682524112,-0.246153846153846,0.0,0.0,0.0,0.32092181535843,0.464569864203034,0.0034290748074022
0,-1.0,-0.275103329077052,-0.293650793650794,0.0,0.0,0.0,0.320466294501166,0.464770799084548,0.0031150810143412
0,-1.0,-0.249295120914776,-0.296,0.0,0.0,0.0,0.0,0.0,0.0
0,-1.0,-0.180144170379725,-0.258515815085158,0.0,0.0,0.0,0.60069495757327,0.351519423491423,0.0059284392291216
0,-1.0,-0.203223090579644,-0.265481299816064,0.0,0.0,0.0,0.486062459211155,0.500496025737269,3.44319906956153e-05
0,-1.0,-0.267373077454467,-0.261904761904762,0.0,0.0,0.0,0.291045968547866,0.301192682288451,0.0003889084245877
0,-1.0,-0.262541901656207,-0.207951070336391,-0.182654402102497,-0.0720791048659901,-0.189591078066914,0.0,0.0,0.0
0,-1.0,-0.344490294817081,-0.614906832298137,0.0,0.0,0.0,0.0086286382849115,0.85187870624288,0.009781054434563
0,-1.0,-0.310255192182502,-0.613003095975232,0.0,0.0,0.0,0.0386166470054689,1.0,0.0091168462086279
0,-1.0,-0.294080048364385,-0.494661921708185,0.0,0.0,0.0,0.510011315862877,0.334168180192284,0.0730129643396931
0,-1.0,-0.294080048364385,-0.5,0.0,0.0,0.0,0.509919969083547,0.334199763743459,0.0738913892124175
0,-1.0,-0.294080048364385,-0.5,0.0,0.0,0.0,0.179956714098912,0.090464958570026,0.0007105994987082
0,-1.0,-0.448862716581917,-0.651428571428571,-0.965313028764805,-0.565961732124874,-0.766859344894027,0.28176322060236,1.0,0.0078454809716038
0,-1.0,-0.448862716581917,-0.650429799426934,-0.965313028764805,-0.123983739837398,-0.539923954372624,0.348290102796235,1.0,0.0074261424432139
0,-1.0,-0.448862716581917,-0.648571428571429,-0.965313028764805,-0.123983739837398,-0.539923954372624,0.301729878855175,1.0,0.0078932897061626
0,-1.0,-0.469538071764189,-0.650429799426934,-0.965313028764805,-0.123983739837398,-0.539923954372624,0.179290969322449,1.0,0.0090567616114317
0,0.0,-0.0618040207989333,-0.0792015453960077,-0.0596026490066225,0.0,0.0,0.984321009454592,0.995804653009027,0.003403029502143
0,0.0,-0.0935613010142394,-0.0788302606484425,-0.0538922155688623,0.0,0.0,0.910010357266529,0.980572097405807,0.0017097657025831
0,0.0,-0.109860240326906,-0.0781348456206679,0.0,-0.283305693753455,-0.45364238410596,0.800800063624356,0.96581290678879,0.0054345923009248
0,0.0,-0.109860240326906,-0.0768261964735516,0.0,-0.283305693753455,-0.45364238410596,0.800981691162084,0.966192990735062,0.0062385718362366
0,0.0,-0.0842732759681905,-0.0630855715178014,0.0,-0.459904186627786,-0.625,0.792554143903288,0.96728799681887,0.0064543920824531
0,0.0,-0.0976281346761364,-0.051980198019802,0.0,-0.338235294117647,-0.423728813559322,0.829120393329442,0.971478304438571,0.0149988207104135
0,-1.0,-0.434963795576291,-0.520325203252033,-0.543596730245232,0.0,0.0,0.942159603932867,0.969612139635164,0.170646918913784
0,-1.0,-0.434963795576291,-0.505928853754941,-0.435967302452316,0.0,0.0,0.925905693018134,0.957595718129495,0.174105515916125
0,-1.0,-0.418552472045123,-0.334902884049441,-0.410386965376782,-0.509239345125752,-0.234939759036145,0.833677813136722,0.976387723859176,0.233948637162362
0,-1.0,-0.280660118643443,-0.237704918032787,0.0,0.0,0.0,0.313409582882516,0.511474227594456,0.0049744298304421
0,-1.0,-0.280660118643443,-0.220338983050847,0.0,0.0,0.0,9.3764844146889e-08,0.0,4.56502148932293e-05
0,-1.0,-0.280660118643443,-0.210084033613445,0.0,0.0,0.0,0.189573935183426,0.41633495395191,0.0053213832940984
0,-1.0,-0.280660118643443,-0.210084033613445,0.0,0.0,0.0,0.1024016403823,0.25938548385618,0.0013156087996077
0,-1.0,-0.280660118643443,-0.220338983050847,0.0,0.0,0.0,0.290584625425545,0.505836455695818,0.0067361900474792
0,0.0,-0.545949392024192,0.0,0.0,0.0,0.0,0.928600063153355,0.981131180907535,0.0155019586949688
0,-1.0,-0.280176286704546,-0.207777132907719,-0.42882020026121,-0.267854327605234,-0.474522292993631,0.728918189687723,0.909756535745066,0.0127331255934842
0,-1.0,-0.352202043966834,-0.242857142857143,-0.69019422074846,-0.314814814814815,-0.679347826086957,0.757551925320503,0.931945468552807,0.015055035908227
0,-1.0,-0.357866537895511,-0.305732484076433,0.0,0.0,0.0,0.261636710178135,0.265280148540896,0.016183162351054
0,-1.0,-0.377582196890608,-0.29746835443038,0.0,0.0,0.0,0.304226531179521,0.318810814714751,0.0207533830364505
0,-1.0,-0.377582196890608,-0.31055900621118,0.0,0.0,0.0,0.310330958937095,0.32610250590831,0.0216290977731163
0,-1.0,-0.269926696872667,-0.225303292894281,-0.0659090909090909,0.0,0.0,0.787785457477686,0.96282223059656,0.22227252265346
0,-1.0,-0.285631802895745,-0.266321913380737,-0.108603667136812,-0.394676703858045,-0.2,0.825067071896604,0.818217944854603,0.0041471383702086
0,-1.0,-0.285631802895745,-0.268261150614092,-0.0098730606488011,-0.394676703858045,-0.2,0.928026643996414,0.960765700192268,0.0046243595014822
0,-1.0,-0.285631802895745,-0.266580811332904,0.0,-0.394676703858045,-0.2,0.95265955270472,0.978045552886669,0.0050988068212604
0,-1.0,-0.285631802895745,-0.26461143224149,0.0,-0.394676703858045,-0.2,0.91752333649294,0.908376870768008,0.0057987583355266
0,-1.0,-0.294080048364385,-0.512820512820513,0.0,0.0,0.0,0.475813077708927,0.908836054845939,0.0204276978902787
0,-1.0,-0.284965704741348,-0.528925619834711,0.0,0.0,0.0,0.461798174858158,0.829730018931112,0.0239486742866096
0,0.0,-0.471991282548692,-0.653116531165312,0.0,0.0,0.0,0.926700003810464,0.974719412041981,0.285910923247542
0,-1.0,-0.218786812377693,-0.0531914893617021,0.0,0.0,0.0,0.123578298895478,0.533133298250657,0.0481516583565206
0,-1.0,-0.280660118643443,-0.243697478991597,0.0,0.0,0.0,0.244752340998425,0.404910330038764,0.0152709678956999
0,-1.0,-0.295613757880987,-0.224137931034483,0.0,0.0,0.0,0.207275921207837,0.354999811774527,0.0126202088354761
0,-1.0,-0.295613757880987,-0.217391304347826,0.0,0.0,0.0,0.167436178246778,0.303325813288352,0.0119510609312247
0,-1.0,-0.287741261600142,-0.210526315789474,0.0,0.0,0.0,0.0669301902333845,0.114596335936345,0.0084650569440296
0,-1.0,-0.318748825691734,-0.217391304347826,0.0,0.0,0.0,0.0955546647224725,0.173324533194613,0.0115595543395376
0,-1.0,-0.280660118643443,-0.243697478991597,0.0,0.0,0.0,0.0843385733016475,0.145009385016036,0.0220881435935103
0,0.0,-0.45287097713719,-0.384615384615385,0.0,0.0,0.0,0.529301474231552,0.905390035825161,0.149708031420632
0,0.0,-0.45287097713719,-0.384615384615385,0.0,0.0,0.0,0.534951455404604,0.908312914256954,0.149848091808129
0,0.0,-0.45287097713719,-0.384615384615385,0.0,0.0,0.0,0.541805469814683,0.911736133319687,0.15025919331753
0,0.0,-0.45287097713719,-0.416666666666667,0.0,0.0,0.0,0.548656802473462,0.91499860595314,0.150949768147041
0,-1.0,-0.204346104805331,-0.252857142857143,0.0,0.0,0.0,0.0492805444923223,0.109064104021168,0.0001094218285807
0,-1.0,-0.204346104805331,-0.254609929078014,0.0,0.0,0.0,0.45197296152647,0.363773169552084,0.0010108897624699
0,-1.0,-0.281475019185507,-0.289915966386555,0.0,0.0,0.0,0.472753904746571,0.349607422841402,0.0038057582932497
0,-1.0,-0.267623527505483,-0.297428769979152,-0.0027548209366391,0.0,0.0,0.519182937525904,0.42263317030445,0.0153271051231361
0,-1.0,-0.259463455910036,-0.294360385144429,-0.0027548209366391,0.0,0.0,0.502634449296936,0.386464371324103,0.0223526836615451
0,-1.0,-0.24512340243264,-0.178571428571429,0.0,0.0,0.0,0.44552145028514,0.548721274516109,0.0222176631762407
0,-1.0,-0.24512340243264,-0.178571428571429,0.0,0.0,0.0,0.424969844325372,0.534958594774709,0.0210084416537488
0,-1.0,-0.219370219881473,-0.231224127735068,-0.0384884534639608,-0.263103590590177,-0.15727002967359,0.632988734283046,0.666666037772159,0.235890978743197
0,0.0,-0.204841726798248,-0.833333333333333,0.0,0.0,0.0,0.133896579978,0.800948229868351,0.0388819044582484
0,0.0,-0.61828224521704,-0.972222222222222,0.0,0.0,0.0,0.267375642324522,0.761878409991757,0.148365970771883
0,0.0,-0.470802118845353,-0.928571428571429,0.0,0.0,0.0,0.229233653043633,0.763000318771606,0.144730911258315
0,0.0,-0.470802118845353,-0.947368421052632,0.0,0.0,0.0,0.233825548820987,0.762930036854104,0.145387556932557
0,0.0,-0.470802118845353,-0.95,0.0,0.0,0.0,0.237003168877647,0.76295694486778,0.145494576878309
0,0.0,-0.470802118845353,-0.95,0.0,0.0,0.0,0.240739132171941,0.762992769123503,0.145348409844247
0,0.0,-0.541851337563963,-0.952380952380952,0.0,0.0,0.0,0.245637660621269,0.762908148352119,0.145579786847734
0,0.0,-0.58280197391345,-0.958333333333333,0.0,0.0,0.0,0.250674472118117,0.762716056307102,0.146049063226129
0,0.0,-0.58280197391345,-0.962962962962963,0.0,0.0,0.0,0.255662820324193,0.762514222309475,0.146316947433971
0,0.0,-0.58280197391345,-0.971428571428571,0.0,0.0,0.0,0.261961797870498,0.762305587991077,0.146596576580963
0,-1.0,-0.473983885654675,-0.42322724734785,-0.0460526315789474,-0.120803522289488,-0.41304347826087,0.900004051312135,0.967691042493805,0.0006630364147065
0,-1.0,-0.51989532575835,-0.420326223337516,-0.450248756218905,-0.505446623093682,-0.05,0.99849275757465,0.999794674037721,0.124660287515923
0,-1.0,-0.51989532575835,-0.422810333963453,-0.450248756218905,-0.505446623093682,-0.05,1.0,1.0,0.124104800924431
0,-1.0,-0.51989532575835,-0.420125786163522,-0.450248756218905,-0.505446623093682,-0.05,0.971282288256179,0.996516512832299,0.295782314298455
0,-1.0,-0.516623925162433,-0.424778761061947,-0.221830985915493,-0.505446623093682,-0.05,0.973069236682529,0.996744605527515,0.293669221289823
0,-1.0,-0.547946599004179,-0.434394904458599,-0.242307692307692,-0.718227424749164,-0.793478260869565,0.975669467969672,0.997074290410399,0.291740491764676
0,-1.0,-0.574287324884057,-0.439306358381503,-0.242307692307692,-0.718227424749164,-0.793478260869565,0.9782574624976,0.997399071411297,0.289569831418884
0,-1.0,-0.574287324884057,-0.447180816591056,-0.483870967741935,-0.718227424749164,-0.793478260869565,0.981593983319613,0.997814605781365,0.291740548516448
0,-1.0,-0.574287324884057,-0.455016181229773,-0.483870967741935,-0.676428228516563,-0.793478260869565,0.981850716885613,0.997845577325382,0.2934680210251
0,-1.0,-0.574287324884057,-0.458602846054334,-0.601809954751131,-0.676428228516563,-0.793478260869565,0.982051152985053,0.997869848693852,0.293768377040597
1,1.0,1.0,1.0,-1.0,-1.0,-1.0,1.0,1.0,0.353122768312728
0,-1.0,-0.259757891863267,-0.273885350318471,0.0,0.0,0.0,0.356571121024669,0.194789682476044,0.0244991354417546
0,-1.0,-0.361794466452105,-0.560747663551402,-0.177897574123989,0.0,0.0,0.511038406615407,0.579969714889691,0.0323409824903478
0,-1.0,-0.361794466452105,-0.555299539170507,-0.177897574123989,0.0,0.0,0.503730423979045,0.565676500936047,0.0325862198758572
0,-1.0,-0.294080048364385,-0.491007194244604,0.0,0.0,0.0,0.512650381765419,0.334370509976351,0.0763821731748672
1,0.0,1.0,0.0,0.0,0.0,0.0,1.0,1.0,0.0002191907772752
0,-1.0,-0.217490827679045,-0.203125,0.0,0.0,0.0,0.358835811097805,0.51672628358736,0.135412139574353
0,-1.0,-0.217490827679045,-0.1796875,0.0,0.0,0.0,0.359745212775269,0.51678139600027,0.136061842268613
0,-1.0,-0.275394407450656,-0.1796875,0.0,0.0,0.0,0.360281197855415,0.516814186172602,0.136657634462064
0,-1.0,-0.275394407450656,-0.198473282442748,0.0,0.0,0.0,0.360810275275845,0.51685644408895,0.137202207273193
0,-1.0,-0.275394407450656,-0.198473282442748,0.0,0.0,0.0,0.402617206579735,0.544181326530768,0.0499827404659186
0,-1.0,-0.275394407450656,-0.1796875,0.0,0.0,0.0,0.401046543736268,0.54401759360704,0.0495800899694404
0,-1.0,-0.559019131046202,-0.450511945392491,-0.41980198019802,-0.451379492911348,-0.216981132075472,0.967192010104889,0.991590086393429,0.0117276480711419
0,-1.0,-0.209250676437652,-0.261827608554763,-0.0100925147182506,0.0,0.0,0.58038633559215,0.440327104532905,0.0358949919237763
0,-1.0,-0.209250676437652,-0.259211376858436,0.0,0.0,0.0,0.584534466506899,0.471994779804673,0.0330682556703656
1,1.0,1.0,1.0,0.0,-1.0,0.0,1.0,1.0,0.0776527381727242
1,1.0,1.0,1.0,0.0,-1.0,0.0,1.0,1.0,0.0768688851026703
1,1.0,1.0,1.0,-1.0,-1.0,-1.0,1.0,1.0,0.0115704610322549
0,-1.0,-0.152589240371024,-0.45364238410596,0.0,0.0,0.0,0.304758327704092,0.295701121957436,0.0082905284782968
0,-1.0,-0.267255411283078,-0.566371681415929,0.0,0.0,0.0,0.0581360254836611,0.474279680611203,0.143030706526714
0,-1.0,-0.223059576503113,-0.587859424920128,0.0,0.0,0.0,0.0371476275717732,0.452302435345394,0.146283254234424
0,-1.0,-0.223059576503113,-0.584664536741214,0.0,0.0,0.0,0.0349818060817213,0.444556833329088,0.148994442798845
0,-1.0,-0.223059576503113,-0.584664536741214,0.0,0.0,0.0,0.0478171890904492,0.392762049278096,0.172194106382784
0,-1.0,-0.223059576503113,-0.585760517799353,0.0,0.0,0.0,0.038841371333897,0.393013270591916,0.169761221844966
0,-1.0,-0.197040406330117,-0.586885245901639,0.0,0.0,0.0,0.0272762959816445,0.392547754863042,0.167415041524196
0,-1.0,-0.184452183749592,-0.573426573426573,0.0,0.0,0.0,0.0158150134594684,0.387882265050571,0.165700003615887
0,-1.0,-0.184452183749592,-0.569395017793594,0.0,0.0,0.0,0.0095042132178001,0.381655031170683,0.165779191891154
0,0.0,-0.58280197391345,-0.963636363636364,0.0,0.0,0.0,0.446140479669126,0.923284493097974,0.122352501018245
0,0.0,-0.58280197391345,-0.963636363636364,0.0,0.0,0.0,0.448196209366984,0.923622226366844,0.122301850683545
0,0.0,-0.518518526565414,-0.5,0.0,0.0,0.0,0.51347682878327,0.782361353056995,0.0828986715382458
0,0.0,-0.45287097713719,-0.454545454545455,0.0,0.0,0.0,0.493432552926716,0.761569251829444,0.0817438148353195
0,0.0,-0.45287097713719,-0.416666666666667,0.0,0.0,0.0,0.481318806053923,0.748804347580185,0.0822780165227982
0,0.0,-0.411448139815939,-0.416666666666667,0.0,0.0,0.0,0.477834809537006,0.745115769027124,0.0825332619680751
0,0.0,-0.411448139815939,-0.416666666666667,0.0,0.0,0.0,0.476702338690955,0.744075054157418,0.0824285416449795
0,0.0,-0.518518526565414,-0.526315789473684,0.0,0.0,0.0,0.511600644778672,0.611746352396775,0.0039393889975064
0,-1.0,-0.294080048364385,-0.494661921708185,0.0,0.0,0.0,0.645495033738344,0.789730112709299,0.300578648104815
0,-1.0,-0.315958555593235,-0.489130434782609,0.0,0.0,0.0,0.776440223302032,0.911253220624655,0.222422224449205
0,-1.0,-0.294080048364385,-0.490125673249551,0.0,0.0,0.0,0.510991233050322,0.334289788346802,0.0799512376532878
0,-1.0,-0.242130785217114,-0.555555555555556,0.0,0.0,0.0,0.282328668829369,0.371131155767559,0.0401805616219427
0,-1.0,-0.242130785217114,-0.55379746835443,0.0,0.0,0.0,0.280966182595664,0.368170866064211,0.0409676609629456
0,-1.0,-0.334119581741555,-0.228211009174312,-0.126984126984127,-0.0562893720788458,-0.133858267716535,0.889662167897525,0.981809343125979,0.0750975404561601
0,-1.0,-0.334119581741555,-0.248855835240275,-0.102040816326531,-0.0517660250420482,-0.12781954887218,0.893864312793531,0.982552834102487,0.0779664064274585
0,0.0,-0.204841726798248,-0.833333333333333,0.0,0.0,0.0,0.0520070847027516,0.63584015963556,0.0543281281278062
0,0.0,-0.204841726798248,-0.833333333333333,0.0,0.0,0.0,0.0510143972267643,0.635526245856224,0.053946994582123
0,0.0,-0.204841726798248,-0.833333333333333,0.0,0.0,0.0,0.0487947981901067,0.634912828336785,0.0530484981115098
0,0.0,-0.204841726798248,-0.833333333333333,0.0,0.0,0.0,0.0462980666501738,0.634121007296011,0.0519849534872511
0,0.0,-0.204841726798248,-0.833333333333333,0.0,0.0,0.0,0.044271730762681,0.633404908834467,0.0510953706487129
0,0.0,-0.204841726798248,-0.833333333333333,0.0,0.0,0.0,0.0418557098359909,0.63254407717909,0.0499614627555784
0,0.0,-0.204841726798248,-0.833333333333333,0.0,0.0,0.0,0.0399646971904371,0.631802686104431,0.0490891509016964
0,0.0,-0.204841726798248,-0.8,0.0,0.0,0.0,0.0375407163904788,0.63087933842525,0.0478790973433496
0,0.0,-0.230678770461333,0.0,0.0,0.0,0.0,0.878261002696938,0.957230805181987,0.0708684324462533
0,0.0,-0.230678770461333,0.0,0.0,0.0,0.0,0.936390868522483,0.97849491119404,0.0680388271865826
0,0.0,-0.230678770461333,0.0,0.0,0.0,0.0,0.974940580103989,0.991545325003489,0.0671075196984791
0,0.0,-0.258861793228082,0.0,0.0,0.0,0.0,1.0,1.0,0.0665185907343958
1,1.0,1.0,1.0,0.0,0.0,0.0,1.0,1.0,0.0655990053585339
0,-1.0,-0.210769273812622,-0.107843137254902,0.0,0.0,0.0,0.171285639517884,0.521641728292385,0.185596325002197
0,-1.0,-0.210769273812622,-0.107843137254902,0.0,0.0,0.0,0.172244504619036,0.521992183876964,0.186688205276257
0,-1.0,-0.264228436729441,-0.107843137254902,0.0,0.0,0.0,0.172553216720667,0.522127863521772,0.187047462270015
0,-1.0,-0.204333651699359,-0.584905660377358,0.0,0.0,0.0,0.217595015773657,0.291236356170172,0.0328763162131173
0,-1.0,-0.204333651699359,-0.586206896551724,0.0,0.0,0.0,0.21538379923427,0.289462827042081,0.0330307775829604
0,-1.0,-0.204333651699359,-0.588050314465409,0.0,0.0,0.0,0.0610598403705389,0.145844026407855,0.051108917239173
0,-1.0,-0.198763650334627,-0.587301587301587,0.0,0.0,0.0,0.0527622699351309,0.142003976057643,0.0494153923293723
0,-1.0,-0.223059576503113,-0.584664536741214,0.0,0.0,0.0,0.0636595852312573,0.112448782641284,0.0519205024292528
0,0.0,-0.322706013962352,-0.333333333333333,0.0,0.0,0.0,0.561383279114865,0.598907075062084,0.157752920302587
0,-1.0,-0.281346155730351,-0.206896551724138,0.0,0.0,0.0,0.23130716050319,0.268461447955147,0.0335907248865898
0,-1.0,-0.156397881369627,-0.210884353741497,0.0,0.0,0.0,0.191386313386413,0.634330117189922,0.0284217035138285
0,-1.0,-0.17955349586181,-0.215112321307012,0.0,0.0,0.0,0.199144655202978,0.634580828095751,0.0282730573987674
0,-1.0,-0.17955349586181,-0.202047781569966,0.0,0.0,0.0,0.0359643139994746,0.488352615592756,0.025254890862618
0,-1.0,-0.31768655161479,-0.613707165109034,0.0,0.0,0.0,0.0,0.0,0.0
0,-1.0,-0.292914814132031,-0.221428571428571,0.0,0.0,0.0,0.339293420086005,0.462143836429386,0.012903150427469
0,-0.140458821755787,-0.236597592220115,-0.123505976095618,0.0,0.0,0.0,0.743219253138011,0.895448120385218,0.0706151826246102
0,0.0,-0.524691775069129,-0.904761904761905,0.0,0.0,0.0,0.207180618365832,0.645647793422558,0.0963199216292095
0,0.0,-0.524691775069129,-0.904761904761905,0.0,0.0,0.0,0.199938774091468,0.644656095217722,0.0921486883934714
0,0.0,-0.470802118845353,-0.714285714285714,0.0,0.0,0.0,0.172333217036955,0.614798681761092,0.0218458932346664
0,0.0,-0.470802118845353,-0.833333333333333,0.0,0.0,0.0,0.178329423227826,0.613614505081746,0.0222593948355748
0,0.0,-0.470802118845353,-0.9,0.0,0.0,0.0,0.187168354871365,0.614782848775059,0.0244727050432761
0,0.0,-0.470802118845353,-0.904761904761905,0.0,0.0,0.0,0.180325674279441,0.641503124354634,0.0831773316567028
0,-1.0,-0.429311248434067,-0.60857908847185,-0.722972972972973,-0.0690376569037657,-0.19047619047619,0.453074484970232,0.331079620864552,0.0474783743820823
0,-1.0,-0.429311248434067,-0.596491228070175,-0.258278145695364,-0.0690376569037657,-0.19047619047619,0.457261832737315,0.348053199192784,0.050342690184237
0,-1.0,-0.429311248434067,-0.586633663366337,-0.370786516853933,-0.0608856088560886,-0.19047619047619,0.459639024752099,0.357705421995477,0.0521423770401321
0,0.0,-0.370145103780291,-0.200626959247649,0.0,0.0,0.0,0.752924259337921,0.967909015581971,0.0089526999027189
0,0.0,-0.370145103780291,-0.199367088607595,0.0,0.0,0.0,0.753569861433113,0.981471683695034,0.0086836987450043
0,0.0,-0.370145103780291,-0.197492163009404,0.0,0.0,0.0,0.72090951396493,0.974984845430889,0.0087192187732081
1,0.0,1.0,0.0,0.0,0.0,0.0,1.0,1.0,0.0018353174284095
1,0.0,1.0,0.0,0.0,0.0,0.0,1.0,1.0,0.0017532435867507
0,0.0,-1.0,0.0,0.0,0.0,0.0,1.0,1.0,0.0016951257694357
0,0.0,-1.0,0.0,0.0,0.0,0.0,0.99978411303169,0.999969038175675,0.0015751995517622
0,0.0,-1.0,0.0,0.0,0.0,0.0,0.999600367351296,0.99994282882954,0.0014179091835155
0,0.0,-1.0,0.0,0.0,0.0,0.0,1.0,1.0,0.0012261099044171
1,0.0,1.0,0.0,0.0,0.0,0.0,1.0,1.0,0.000791098033331
0,0.0,-1.0,0.0,0.0,0.0,0.0,1.0,1.0,0.0006780423834053
0,0.0,-1.0,0.0,0.0,0.0,0.0,0.997734546445097,0.999680779235721,0.0004934467687397
0,0.0,-1.0,0.0,0.0,0.0,0.0,0.994120536221042,0.999169069998887,0.0004084452532437
0,0.0,-1.0,0.0,0.0,0.0,0.0,0.992391740233576,0.998923619309865,0.0003595812018874
0,0.0,-1.0,0.0,0.0,0.0,0.0,0.991373409832993,0.998780440261648,0.0002580809622127
0,0.0,-1.0,0.0,0.0,0.0,0.0,0.98929209281244,0.998486797339677,8.47261033796832e-05
0,0.0,-0.249327403133972,-0.0631578947368421,0.0,-0.126171593366979,0.0,0.693459217153193,0.934839216485375,0.0508233814820288
0,-1.0,-0.242130785217114,-0.555555555555556,0.0,0.0,0.0,0.0824098214886645,0.938415821691976,0.0068248076223973
0,-1.0,-0.242130785217114,-0.555555555555556,0.0,0.0,0.0,0.284166316734111,0.374068629925042,0.0394701816066752
0,-1.0,-0.269926696872667,-0.226612434631028,-0.0659090909090909,0.0,0.0,0.905055410078814,0.989060956112916,0.388428264702598
0,-1.0,-0.269926696872667,-0.225880993645292,-0.0659090909090909,0.0,0.0,0.90500464123212,0.989060582183696,0.388368738866172
0,-1.0,-0.23979754317345,-0.226011560693642,0.0,0.0,0.0,0.905252283274983,0.989085286735878,0.38743600228109
0,-1.0,-0.216181763039827,-0.222672064777328,0.0,0.0,0.0,0.905485321006147,0.989094802474019,0.387320209688622
0,-1.0,-0.266314796630011,-0.231126596980256,-0.106918238993711,0.0,0.0,0.916356419697304,0.990919150579118,0.338236364921824
0,-1.0,-0.364459113097281,-0.269385410683515,-0.0885585003232062,0.0,0.0,0.91987311636773,0.991315565345659,0.334153428818248
0,-1.0,-0.314769853160441,-0.255270655270655,-0.0539944903581267,-0.0269849001461276,-0.128787878787879,0.92190635149123,0.991473109749838,0.336457154941581
0,-1.0,-0.346690247972166,-0.267388825541619,-0.031038374717833,-0.245619762759822,-0.438461538461538,0.933108219218277,0.992770593897986,0.322628330676528
0,-1.0,-0.403208601561911,-0.286122215876642,-0.174860618347694,-0.0528760759666621,-0.418326693227092,0.921822988237631,0.994312467917896,0.201335359933113
0,-1.0,-0.422324021875872,-0.30387685290764,-0.27802037845706,-0.0528760759666621,-0.418326693227092,0.924291122043338,0.994485377754665,0.201449562575469
0,-1.0,-0.448854951919064,-0.316685584562997,-0.403033586132178,-0.0528760759666621,-0.418326693227092,0.92685996376208,0.99463961649574,0.202685579938514
0,-1.0,-0.46149785550011,-0.334650112866817,-0.392489711934156,-0.0528760759666621,-0.418326693227092,0.929614608978564,0.994812699691702,0.203911157358973
0,-1.0,-0.454602446821941,-0.335198656966984,-0.515488018702513,-0.0528760759666621,-0.418326693227092,0.931730275352385,0.994919075172941,0.206298162290872
0,0.0,-0.259486698740916,-0.297297297297297,0.0,0.0,0.0,0.894611737069038,0.820278371993103,0.0785958004445537
0,0.0,-0.287419607056337,-0.32620320855615,0.0,0.0,0.0,0.905590133753084,0.835863928315171,0.0778168641484633
0,0.0,-0.287419607056337,-0.34375,0.0,-0.289378350963628,0.0,0.909535460502768,0.84436358238482,0.0781330533379323
0,0.0,-0.32350602956534,-0.371859296482412,0.0,-0.289378350963628,0.0,0.906514728466506,0.843655773815181,0.0791681353993924
0,0.0,-0.32350602956534,-0.390243902439024,0.0,-0.272926062593959,0.0,0.90898389504328,0.850574586940513,0.0792492526887031
0,0.0,-0.368138111703759,-0.257731958762887,-0.0277142130689041,0.0,0.0,0.712456794168093,0.948303329962562,0.0021404083226161
0,-0.140458821755787,-0.240288264535696,-0.142259414225941,0.0,0.0,0.0,0.737692963926847,0.822107034637265,0.187114678324914
0,-0.140458821755787,-0.267174255376284,-0.155251141552511,0.0,-0.0775193798449612,-1.0,0.749336389606564,0.823281462985007,0.188230986459706
0,-0.140458821755787,-0.258524945703958,-0.164319248826291,0.0,-0.0775193798449612,-1.0,0.762371441078541,0.825870478281784,0.187551004785934
0,-0.140458821755787,-0.258524945703958,-0.166666666666667,0.0,-0.0775193798449612,-1.0,0.766940322416355,0.826240397389435,0.188265247297989
0,-1.0,-0.141522461029967,-0.136588380716934,-0.198905109489051,-0.341885269530124,-0.175,0.95016999636603,0.988762457675597,0.18169288457392
0,-1.0,-0.223187611590092,-0.154456654456654,-0.365319865319865,-0.328711070697886,-0.212121212121212,0.94783866973979,0.988506007846771,0.184764474305311
0,-1.0,-0.178925520215903,-0.165655339805825,-0.367174280879865,-0.0415534601246604,0.0,0.945897827808642,0.988214302248047,0.188788238366837
0,-1.0,-0.178925520215903,-0.175618587809294,-0.0270676691729323,-0.0415534601246604,0.0,0.944232713331738,0.988134181774163,0.192095512764487
0,-1.0,-0.571927109766214,-0.452229299363057,-0.263598326359833,-0.644552262419576,-0.05,0.803383618498499,0.964306675153293,0.0468290914503298
0,0.0,-0.314300176056837,-0.256613756613757,0.0,0.0,0.0,0.58570035987653,0.791043689779679,0.0728361182952985
0,-1.0,-0.210769273812622,-0.0618556701030928,0.0,0.0,0.0,0.093699295401983,0.550357385275602,0.122078559871516
0,-1.0,-0.210769273812622,-0.0618556701030928,0.0,0.0,0.0,0.166731502427535,0.520146145844245,0.185482010618614
0,-1.0,-0.210769273812622,-0.0618556701030928,0.0,0.0,0.0,0.167057867238704,0.520290646869413,0.18576794276466
0,-1.0,-0.210769273812622,-0.0618556701030928,0.0,0.0,0.0,0.126638768221504,0.475965566662886,0.134959110180055
0,-1.0,-0.210769273812622,-0.0618556701030928,0.0,0.0,0.0,0.127185245087298,0.476199124318223,0.135065082114096
0,-1.0,-0.210769273812622,-0.0618556701030928,0.0,0.0,0.0,0.104566594625637,0.554489025657988,0.118275714604249
0,-1.0,-0.210769273812622,-0.0618556701030928,0.0,0.0,0.0,0.103739424798446,0.554178650304775,0.118092450079601
0,0.0,-1.0,-1.0,-0.6,0.0,0.0,0.0,0.0,0.0
0,0.0,-1.0,-1.0,-0.6,0.0,0.0,0.954491353258637,0.994640179762132,0.0002089402754936
0,0.0,-1.0,-1.0,-0.71264367816092,0.0,0.0,0.960260290629785,0.995343496765161,0.0003294055259702
0,0.0,-1.0,-1.0,-0.71264367816092,0.0,0.0,0.962351657426823,0.995518517116674,0.0020660589596188
0,0.0,-1.0,-1.0,-0.728260869565217,0.0,0.0,0.964639321184357,0.995780758947513,0.0023169750811804
0,-1.0,-0.249295120914776,-0.25,0.0,0.0,0.0,0.352128873623038,0.56424533101583,0.0202607263884833
0,-1.0,-0.178705083636069,-0.238095238095238,0.0,0.0,0.0,0.396311537518496,0.610188424054714,0.0188027930666818
0,-1.0,-0.174321797931393,-0.2,0.0,0.0,0.0,0.410180802235591,0.609593753526288,0.0246315642419195
0,0.0,-0.470802118845353,-0.947368421052632,0.0,0.0,0.0,0.552075841264194,0.936892779215072,0.0121948049075027
0,0.0,-0.470802118845353,-0.909090909090909,0.0,0.0,0.0,0.532610206678944,0.948315227231224,0.0120728340606272
0,0.0,-0.470802118845353,-0.833333333333333,0.0,0.0,0.0,0.517008869568902,0.950984467413919,0.0121448698074892
0,0.0,-0.470802118845353,-0.833333333333333,0.0,0.0,0.0,0.508648933803062,0.954669194206358,0.0118470685021682
0,0.0,-0.506709096752099,-0.833333333333333,0.0,0.0,0.0,0.494853513523436,0.95946055670795,0.0114725201419528
0,0.0,-0.470802118845353,-0.833333333333333,0.0,0.0,0.0,0.104086388637487,0.887777569787209,0.0651767134955213
0,-1.0,-0.454602446821941,-0.335574229691877,-0.564421190320471,-0.0338286713286713,-0.418326693227092,0.848428765328187,0.967741710082754,0.0538562544544865
0,-1.0,-0.454602446821941,-0.352183650615901,-0.527659574468085,-0.0338286713286713,-0.418326693227092,0.842009735475275,0.965983905374555,0.0476094313342621
0,-1.0,-0.284965704741348,-0.518581081081081,0.0,0.0,0.0,0.242247625901442,0.0697356480034618,0.0384408253033072
0,-1.0,-0.390664936061076,-0.573426573426573,-0.177897574123989,0.0,0.0,0.726968094648903,0.694738564852952,0.0039115959853127
0,-1.0,-0.373692076772068,-0.573085846867749,0.0,0.0,0.0,0.154525237477915,0.0371277610078173,0.006013455471297
0,-1.0,-0.404527113003715,-0.57919621749409,0.0,0.0,0.0,0.138398637263484,0.024791141536415,0.004635438995169
0,-1.0,-0.404527113003715,-0.594132029339853,0.0,0.0,0.0,0.363301881529103,0.237846286111944,0.0065638185238441
0,-1.0,-0.41270859941547,-0.622739018087855,-0.0286624203821656,0.0,0.0,0.517772379778709,0.470480761637513,0.005670007125404
0,-1.0,-0.445135247395427,-0.622784810126582,-0.0286624203821656,0.0,0.0,0.608944464453717,0.557913442195384,0.0100957480400367
0,-1.0,-0.445135247395427,-0.615384615384615,-0.0228426395939086,0.0,0.0,0.642630048138978,0.622900458337028,0.0102465373857386
0,-1.0,-0.373692076772068,-0.556306306306306,0.0,0.0,0.0,0.66816448520107,0.845055799130425,0.203535591168567
0,-1.0,-0.358882204740077,-0.540659340659341,0.0,0.0,0.0,0.189146465775882,0.0717800588342327,0.0354678148104506
0,-1.0,-0.340807172737153,-0.550561797752809,-0.146341463414634,0.0,0.0,0.180316907195136,0.0761011422175501,0.0420263289875593
0,-1.0,-0.318748825691734,-0.217391304347826,0.0,0.0,0.0,0.0,0.0,0.0
0,-1.0,-0.318748825691734,-0.217391304347826,0.0,0.0,0.0,0.291528066298625,0.476692683078777,0.0016397367655199
0,-1.0,-0.35297169693365,-0.316176470588235,0.0,0.0,0.0,0.0,0.0,0.0
0,0.0,-0.651343387726608,-0.91304347826087,0.0,0.0,0.0,0.874495367301825,0.989412958416452,0.180003544532522
0,0.0,-0.651343387726608,-0.909090909090909,0.0,0.0,0.0,0.880949827791347,0.990032847265428,0.179918918708522
0,0.0,-0.651343387726608,-0.947368421052632,0.0,0.0,0.0,0.719558810599967,0.976851311758615,0.0993487165126202
0,0.0,-0.651343387726608,-0.972222222222222,0.0,0.0,0.0,0.734026567902209,0.978614402276993,0.0986274720852642
0,0.0,-0.651343387726608,-0.962962962962963,0.0,0.0,0.0,0.777442823145587,0.984026750492898,0.0957927611763413
0,0.0,-0.651343387726608,-0.92,0.0,0.0,0.0,0.798707047369308,0.985932298632694,0.0965517215396282
0,0.0,-0.61828224521704,-0.95,0.0,0.0,0.0,0.270997987409041,0.762041982759013,0.14721093908244
0,0.0,-0.61828224521704,-0.96,0.0,0.0,0.0,0.278584893402591,0.761565548798891,0.14932512164536
0,0.0,-0.58280197391345,-0.96,0.0,0.0,0.0,0.281866226815229,0.761503116004349,0.149527246252382
0,0.0,-0.58280197391345,-0.963636363636364,0.0,0.0,0.0,0.285445636535657,0.761318750110923,0.150359567939562
0,-1.0,-0.405413932363252,-0.5,-0.488549618320611,0.0,0.0,0.655112609059194,0.825567286820925,0.392848096676171
0,-1.0,-0.395528199750288,-0.490808823529412,-0.141025641025641,0.0,0.0,0.65392379469081,0.825731773471244,0.389602894667126
0,-1.0,-0.204333651699359,-0.562300319488818,0.0,0.0,0.0,0.118924771294954,0.0266494658071564,0.0734677486989259
0,-1.0,-0.242130785217114,-0.551282051282051,0.0,0.0,0.0,0.110680464548081,0.0032560450114516,0.0702275979259091
0,0.0,-0.331828453703155,0.0,0.0,0.0,0.0,1.0,1.0,0.0022226067624589
1,0.0,1.0,1.0,-1.0,0.0,0.0,0.0,0.0,0.0
0,-0.345303878319584,-0.0843956392444381,-0.0986800754242615,-0.0316395014381592,-0.458978328173375,-0.238095238095238,0.919642153439431,0.983016774545657,0.0953833104850448
0,-0.345303878319584,-0.0843956392444381,-0.0981749528005035,-0.109347442680776,-0.458978328173375,-0.238095238095238,0.918318422076157,0.982830725394613,0.0961645999894638
0,-0.345303878319584,-0.0685863980730786,-0.109010712035287,-0.113607990012484,-0.522697223446452,-0.238095238095238,0.918341521528299,0.983000125550721,0.0932730119818349
0,-1.0,-0.0902279547617216,-0.126944617299315,-0.13992297817715,-0.341885269530124,-0.175,0.913674815134027,0.982493204945832,0.0991829025944982
0,-1.0,-0.124380244254269,-0.131806930693069,-0.198905109489051,-0.341885269530124,-0.175,0.912829139188002,0.982428365765471,0.100160871631761
0,0.0,-0.0899517889618947,-0.0721393034825871,0.0,-0.146818519435504,-0.0591216216216216,0.929459257403581,0.984543530540906,0.0961647907389937
0,0.0,-0.0634748149585783,-0.0815691158156912,-0.0023400936037441,-0.215401380312386,-0.0855745721271394,0.926992275021676,0.984157038862862,0.0970178272061523
0,0.0,-0.0634748149585783,-0.0820288040075141,-0.0280811232449298,-0.215205951732898,-0.0855745721271394,0.926290310424894,0.984058611070511,0.0957276051402496
0,0.0,-0.0786912140773143,-0.0889724310776942,-0.0276497695852535,-0.275110183252146,-0.098314606741573,0.924385881297016,0.983760568583678,0.0951037095365349
0,0.0,-0.0740463498152718,-0.0907944514501892,-0.0254041570438799,-0.458978328173375,-0.238095238095238,0.922205710073574,0.983417530787156,0.095515629341858
0,0.0,-0.105669865470753,-0.0962264150943396,-0.0256012412723041,-0.458978328173375,-0.238095238095238,0.920888497055415,0.983212287361402,0.0954836165074018
0,0.0,-0.34717260532958,-0.277142857142857,-0.0251913265306122,-0.428280773143438,-0.233140655105973,0.960097934940471,0.9042068582485,0.085164852913715
0,0.0,-0.264184562193286,-0.268011527377522,-0.0217032967032967,-0.276657060518732,-0.218018018018018,0.932365308974685,0.847126236107318,0.0804665790815264
0,0.0,-1.0,-0.987179487179487,0.0,0.0,0.0,0.973982042477585,0.995799925815787,0.0034792682151421
0,0.0,-1.0,-0.985714285714286,0.0,0.0,0.0,0.972421067185601,0.995609803992041,0.0016096502149024
0,0.0,-1.0,-0.984615384615385,0.0,0.0,0.0,0.0,0.0,0.0
0,-1.0,-0.253423373847237,-0.281376518218623,0.0,0.0,0.0,0.795044599574329,0.814190295994474,0.0269399222570565
0,-1.0,-0.269294039038535,-0.274418604651163,0.0,0.0,0.0,0.681420496168566,0.570867718855381,0.0761214649073758
0,-1.0,-0.26001162732373,-0.26258064516129,-0.0368248772504092,-0.257305194805195,0.0,0.638822614206176,0.507102647973217,0.0993452884477948
0,-1.0,-0.247671855479678,-0.256926952141058,-0.044035228182546,-0.306947854976166,-0.215447154471545,0.568126508341007,0.38090734794156,0.123218008330223
0,-1.0,-0.221251140082622,-0.252644679527069,-0.151104775481112,-0.317037994827929,-0.215447154471545,0.533140587858394,0.324140640298878,0.158417215563074
0,-1.0,-0.217619215318862,-0.225669099756691,-0.276270006958942,-0.317037994827929,-0.215447154471545,0.53235720112541,0.325914374339706,0.164291769300377
0,-1.0,-0.205410895108983,-0.202622169249106,-0.290629575402635,-0.404053115778511,-0.360927152317881,0.53128233983859,0.326831637241459,0.171587912471857
0,-1.0,-0.153681890803486,-0.155927835051546,0.0,0.0,0.0,0.774140233588025,0.969167770145695,0.0075288806386852
0,-1.0,-0.153681890803486,-0.157078215901745,0.0,0.0,0.0,0.773763241511887,0.969103092716535,0.007023088893151
0,-1.0,-0.153681890803486,-0.154450261780105,0.0,0.0,0.0,0.77643839472229,0.968638374164784,0.002916922270535
0,-1.0,-0.137243530366107,-0.162037037037037,0.0,0.0,0.0,0.783494835370298,0.968371174114285,0.001825689176281
0,0.0,-0.0888235108971611,-0.0497427101200686,-0.167687842631409,-0.563171193935565,-0.387211367673179,0.999953338231529,0.999986038075219,0.070944217169283
0,0.0,-0.0548838205693603,-0.048460661345496,-0.109744850906855,-0.355715756951596,-0.252415458937198,0.983329692101095,0.981527274118055,0.0723666975282446
0,-1.0,-0.100146323350464,-0.454545454545455,0.0,0.0,0.0,0.0432558380974651,0.0373324211081822,0.0218385510285743
0,-1.0,-0.100146323350464,-0.446640316205534,0.0,0.0,0.0,0.0437611753002392,0.0399950813312489,0.0248300219407916
0,-1.0,-0.100146323350464,-0.446640316205534,0.0,0.0,0.0,0.0392489637370183,0.0180743807722605,0.0462847633034225
0,-1.0,-0.100146323350464,-0.454545454545455,0.0,0.0,0.0,0.019941115892403,0.331371476029105,0.0246140265470291
0,-1.0,-0.100146323350464,-0.458498023715415,0.0,0.0,0.0,0.0128426226170915,0.314376413300314,0.025576296348647
0,-1.0,-0.140268786119426,-0.0997229916897507,0.0,-0.351431391905232,0.0,0.533786369008309,0.620782512531668,0.18160948122919
0,-1.0,-0.131076621837444,-0.0828729281767956,-0.428571428571429,-0.34529582929195,0.0,0.52014954126866,0.614074908272162,0.184466379432808
0,-1.0,-0.127158198093696,-0.0773480662983425,-0.428571428571429,-0.34529582929195,0.0,0.519404610830125,0.613376639535381,0.183538787851763
0,-1.0,-0.243110862944705,-0.272228989037759,0.0,-0.0006490134994807,0.0,0.744242500202151,0.588532032363602,0.0988737210584907
0,-1.0,-0.243110862944705,-0.265454545454545,-0.0167714884696017,-0.0006490134994807,0.0,0.743413130495996,0.585343615184249,0.100725394395448
0,0.0,-0.0548553699979473,-0.0450895614576899,0.0,-0.4312047399605,-0.46264367816092,0.7362540271143,0.886108443321572,0.0003928510022106
0,0.0,-0.0548553699979473,-0.0420012353304509,0.0,-0.4312047399605,-0.46264367816092,0.757901762134216,0.941494437249678,0.0005832397930566
0,0.0,-0.022729539382098,-0.0425925925925926,0.0,-0.4312047399605,-0.46264367816092,0.790222221529946,0.957985562699166,0.0009566073303115
0,-1.0,-0.275394407450656,-0.198473282442748,0.0,0.0,0.0,0.205071558920096,0.278048511419374,0.0086610225659526
0,-1.0,-0.204225778630541,-0.203125,0.0,0.0,0.0,0.19017426667326,0.241658274802996,0.0085803137378106
0,0.0,-0.436756551918371,-1.0,0.0,0.0,0.0,0.667160201893993,0.704429714470604,0.0315980618413851
0,0.0,-0.436756551918371,-1.0,0.0,0.0,0.0,0.663100778092668,0.693000659019355,0.0317734769006262
0,-1.0,-0.469231598698353,-0.384939759036145,-0.527812113720643,-0.54949233095701,-0.181159420289855,0.895766844880788,0.987281639858537,0.293129910032183
0,-1.0,-0.445135247395427,-0.618453865336658,-0.0286624203821656,0.0,0.0,0.909058324348648,0.928764545261372,0.52420705025473
0,-1.0,-0.485801438611678,-0.638676844783715,-0.157549234135667,0.0,0.0,0.912817925131956,0.930281969589415,0.524118911040969
0,-1.0,-0.502060700127704,-0.679045092838196,-0.65018315018315,0.0,0.0,0.923015841833072,0.933918125472418,0.521099346150872
0,-1.0,-0.280660118643443,-0.210084033613445,0.0,0.0,0.0,0.176158556345836,0.353631040905435,0.0419561958867883
0,-1.0,-0.567123440814042,-0.685333333333333,-0.728891820580475,-0.199671772428884,-0.164835164835165,0.247349639998968,1.0,0.0356802285853256
0,-1.0,-0.588336140836538,-0.688829787234043,-0.707264957264957,-0.199671772428884,-0.164835164835165,0.285917024309014,1.0,0.0378074814197897
0,-1.0,-0.588336140836538,-0.688829787234043,-0.707264957264957,-0.2,-0.164835164835165,0.29949215515283,1.0,0.0408904038435079
0,-1.0,-0.587839533517005,-0.687165775401069,-0.735180412371134,-0.227921734531994,-0.271565495207668,0.180234781569296,1.0,0.0690743266372957
0,-1.0,-0.571729810547771,-0.686327077747989,-0.725771715721464,-0.0432503276539974,-0.149253731343284,0.168543475330909,1.0,0.0680764295112157
0,-1.0,-0.587732404623719,-0.537423312883436,-0.217777777777778,-0.617001932037732,-0.393617021276596,0.909870800997252,0.951559574153882,0.0002018055203125
0,-1.0,-0.248389782215505,-0.271131339401821,-0.0100925147182506,0.0,0.0,0.130355825214875,0.0712828299145639,0.0261960076945622
0,-1.0,-0.277039394206806,-0.275839793281654,0.0,0.0,0.0,0.422556133570854,0.200938954791201,0.0086054842361767
0,0.0,-1.0,0.0,0.0,0.0,0.0,1.0,1.0,0.0002640360316963
0,0.0,-1.0,0.0,0.0,0.0,0.0,0.963167844166159,0.997328824710331,0.0003766194507821
0,0.0,-1.0,0.0,0.0,0.0,0.0,0.9432352631055,0.995893696254979,0.0004928266630881
0,0.0,-1.0,0.0,0.0,0.0,0.0,0.936441796639356,0.995412553240433,0.0005542642135433
0,0.0,-1.0,0.0,0.0,0.0,0.0,0.930219932136678,0.994975041919159,0.0006296885034284
0,0.0,-1.0,0.0,0.0,0.0,0.0,0.924649466737015,0.99458774905006,0.0007281692771001
0,0.0,-1.0,0.0,0.0,0.0,0.0,0.9214878909338,0.99440515071315,0.0008740268203266
0,0.0,-1.0,0.0,0.0,0.0,0.0,0.913577293482453,0.993870614399403,0.0013685291308622
0,0.0,-1.0,0.0,0.0,0.0,0.0,0.911992836996437,0.993799478107622,0.0017082391970484
0,0.0,-1.0,0.0,0.0,0.0,0.0,0.913968632112816,0.993966555506602,0.0019114502117139
0,0.0,-1.0,0.0,0.0,0.0,0.0,0.915227540286423,0.994095194823968,0.0022527539666861
0,0.0,-1.0,0.0,0.0,0.0,0.0,0.915462217847377,0.994130498968487,0.0025372084372621
0,0.0,-1.0,0.0,0.0,0.0,0.0,0.919723261797885,0.994453306445174,0.0026302433682112
0,0.0,-1.0,0.0,0.0,0.0,0.0,0.950836798657714,0.996713683671014,0.0057256779826444
0,0.0,-1.0,0.0,0.0,0.0,0.0,0.949598987135575,0.996627084550159,0.0056479382054715
0,0.0,-1.0,0.0,0.0,0.0,0.0,0.945951402960202,0.996341073550583,0.0039545455661401
0,0.0,-1.0,0.0,0.0,0.0,0.0,0.917569394238993,0.994232291547278,0.0020497068098397
0,0.0,-1.0,0.0,0.0,0.0,0.0,0.880260847189516,0.991463130663026,0.0007410918064457
0,0.0,-1.0,0.0,0.0,0.0,0.0,0.856851212344438,0.989506188957646,0.0004805185279457
0,0.0,-1.0,0.0,0.0,0.0,0.0,0.851198824917834,0.989016683320223,0.000261795363297
0,0.0,-1.0,0.0,0.0,0.0,0.0,0.845680154485458,0.988640827446928,0.0001374285512887
0,0.0,-1.0,0.0,0.0,0.0,0.0,0.843443964212089,0.988427931885764,6.41182186816279e-05
0,-1.0,-0.268708046833231,-0.12621359223301,0.0,0.0,0.0,0.296560251388884,0.434715772050696,0.176165392299268
0,-1.0,-0.270637150732329,-0.0666666666666667,0.0,0.0,0.0,0.0462977851181771,0.182179411283492,0.0504569392056269
0,0.0,-0.0805088151671231,0.0,0.0,0.0,0.0,1.0,1.0,0.037711462560323
1,1.0,1.0,1.0,0.0,-1.0,0.0,1.0,1.0,0.0366689810522017
1,0.0,1.0,1.0,0.0,0.0,0.0,0.0,0.0,0.0
0,-1.0,-0.269926696872667,-0.22735141373341,-0.0659090909090909,0.0,0.0,0.787693944995515,0.962853979387897,0.222034671840381
0,-1.0,-0.269926696872667,-0.239583333333333,-0.0762355415352261,0.0,0.0,0.823721221479079,0.973678136259423,0.235817919197136
0,-1.0,-0.380369885086885,-0.280537697253068,-0.379649122807018,-0.314695777457608,0.0,0.825785062020736,0.97458427850727,0.231702524577653
0,-1.0,-0.0924979237164077,-0.0888888888888889,-0.521164021164021,-0.344821331398513,-1.0,0.251400836756793,0.500618239837951,0.314129451829996
0,-1.0,-0.115781470155548,-0.102208201892744,-0.43503937007874,-0.398461074230537,-0.9375,0.279763184180583,0.515422980426515,0.309819333669039
0,-1.0,-0.218935326073843,-0.171931956257594,-0.347325102880658,-0.315500346431753,-0.706666666666667,0.331612611583854,0.535990772740458,0.315731663873759
0,-1.0,-0.294476270551568,-0.283323000619963,0.0,-0.0006490134994807,0.0,0.638451324186681,0.351981590062426,0.0588428994316432
0,-1.0,-0.27101752561843,-0.281326781326781,0.0,-0.0006490134994807,0.0,0.638111391295525,0.352124081324283,0.0600611931929127
0,-1.0,-0.210769273812622,-0.0618556701030928,0.0,0.0,0.0,0.0900170518015059,0.549447338149029,0.120462672041994
0,-1.0,-0.202843690581499,-0.0625,0.0,0.0,0.0,0.081415380195065,0.547107301169311,0.11700957191629
0,-1.0,-0.202843690581499,-0.0526315789473684,0.0,0.0,0.0,0.0770236780396497,0.54409236976666,0.116851814622706
0,-1.0,-0.202843690581499,-0.0526315789473684,0.0,0.0,0.0,0.0713192047178715,0.542008091912849,0.114449472426956
0,-0.140458821755787,-0.240519775076223,-0.175097276264591,0.0,0.0,0.0,0.854662395622438,0.948128321382636,0.0644810071035353
0,-0.140458821755787,-0.240519775076223,-0.154150197628458,0.0,0.0,0.0,0.838734723693324,0.940807123349025,0.0649430462707045
0,-0.140458821755787,-0.240519775076223,-0.135458167330677,0.0,0.0,0.0,0.801777644418409,0.922818292135628,0.0668535034012657
0,-1.0,-0.180144170379725,-0.25077208153181,-0.0159786950732357,0.0,0.0,0.948795153876603,0.932107027323871,0.0820290979191555
0,-1.0,-0.0738202054483714,-0.0719332048811818,-0.513020833333333,-0.286554115164305,-1.0,0.499845335217037,0.592735514227968,0.430384666187982
0,0.0,-0.524691775069129,-0.904761904761905,0.0,0.0,0.0,0.212978326993831,0.727957327646708,0.0436206694460587
0,0.0,-0.524691775069129,-0.904761904761905,0.0,0.0,0.0,0.208755866175617,0.725162219449695,0.0430951617693378
0,0.0,-0.524691775069129,-0.904761904761905,0.0,0.0,0.0,0.191885152039925,0.721335312849961,0.0394524526492383
0,0.0,-0.561394755471353,-0.904761904761905,0.0,0.0,0.0,0.167436729081182,0.710628377491593,0.0356077207018789
0,0.0,-0.507762493583533,-0.833333333333333,0.0,0.0,0.0,0.128180544249392,0.692134947239969,0.0294094289545849
0,0.0,-0.470802081397668,-0.714285714285714,0.0,0.0,0.0,0.101699008078628,0.665579762909813,0.0274484365111924
0,0.0,-0.390895875604833,-0.714285714285714,0.0,0.0,0.0,0.0921571595293854,0.650804985689562,0.0274890472634989
0,0.0,-0.390895875604833,-0.714285714285714,0.0,0.0,0.0,0.084188137325936,0.643246653352596,0.0264504722927233
0,0.0,-0.390895875604833,-0.714285714285714,0.0,0.0,0.0,0.0780862850613254,0.634906404351913,0.0260722177669258
0,-1.0,-0.506406811957901,-0.400996264009963,-0.333948339483395,-0.505446623093682,-0.05,0.900557302109518,0.988026188439777,0.29294448364925
0,0.0,-1.0,-1.0,-1.0,0.0,0.0,0.994815764409765,0.999132496286735,0.0010714920814268
0,0.0,-1.0,-1.0,-1.0,0.0,0.0,0.994141348400851,0.999019390784325,0.0008814762087052
0,0.0,-1.0,-1.0,0.0,0.0,0.0,0.993850725916144,0.998971121221813,0.0007559819852249
0,0.0,-1.0,-1.0,0.0,0.0,0.0,0.993662317376001,0.998937800128408,0.0005078527366226
0,0.0,-1.0,-1.0,0.0,0.0,0.0,0.0,0.0,0.0
0,-1.0,-0.508583635268901,-0.42212333121424,-0.213523131672598,-0.505446623093682,-0.05,0.781185909497134,0.960324253115741,0.0777271656847291
0,-1.0,-0.51989532575835,-0.419962335216573,-0.450248756218905,-0.505446623093682,-0.05,0.787786620080198,0.961600575078959,0.0845383875226991
0,-1.0,-0.554031919130265,-0.447828904731043,-0.254237288135593,-0.644552262419576,-0.05,0.971523601529249,0.995962212553511,0.0354027715357607
0,-1.0,-0.561451398166511,-0.477631578947368,-0.254237288135593,-0.676428228516563,-0.793478260869565,0.984548527235583,0.997906759873614,0.0390903063398737
0,0.0,-0.53177604896349,-0.7578125,0.0,0.0,0.0,0.388940547727047,0.555124698506917,0.0031754589114026
0,0.0,-0.521578271549552,-0.719354838709677,-0.454545454545455,0.0,-0.5,0.400157958873069,0.555562115558874,0.0106926869316721
0,0.0,-0.350202817103817,-0.219512195121951,0.0,0.0,0.0,0.702157526765477,0.861033923872849,0.0074113649265993
0,-1.0,-0.66905902929337,-0.598006644518272,-1.0,-0.984375,-0.272727272727273,1.0,1.0,0.192223454550323
1,1.0,1.0,1.0,-1.0,-1.0,-1.0,1.0,1.0,0.190547373651325
0,-1.0,-0.387682887667096,-0.535809018567639,0.0,0.0,0.0,0.887756630499732,0.955595552523622,0.199249646310755
0,-1.0,-0.348536308289836,-0.516587677725118,0.0,0.0,0.0,0.859633250185821,0.944142261882757,0.204598315487496
0,-1.0,-0.340657186100329,-0.486899563318777,0.0,0.0,0.0,0.843301696950895,0.937529622030094,0.208071130833045
0,-1.0,-0.340657186100329,-0.476595744680851,0.0,0.0,0.0,0.836537555434273,0.934912079632239,0.209326888369992
0,-1.0,-0.340657186100329,-0.473794549266247,0.0,0.0,0.0,0.82981225278519,0.93235478378802,0.210519162733223
0,-1.0,-0.323233678155354,-0.473029045643154,0.0,0.0,0.0,0.821636284258075,0.929153003745429,0.212320982403895
0,-1.0,-0.310981129740516,-0.473384030418251,0.0,0.0,0.0,0.815745536513485,0.927323904316023,0.211947695846807
0,-1.0,-0.321844323481649,-0.48256880733945,0.0,0.0,0.0,0.781545343559298,0.913336742577892,0.221291014165909
0,0.0,-1.0,-0.989795918367347,0.0,0.0,0.0,0.971570630868038,0.995651886836597,0.0033204411433745
0,0.0,-1.0,-0.988888888888889,0.0,0.0,0.0,0.970063138295678,0.995547314061429,0.0010610582205284
0,0.0,-1.0,-0.98876404494382,0.0,0.0,0.0,0.968575054060249,0.995346082321096,0.0005608509097447
0,0.0,-1.0,-0.988636363636364,0.0,0.0,0.0,0.0,0.0,0.0
0,-0.345303878319584,-0.173761149662665,-0.15492137449039,0.0,0.0,0.0,0.718084939504933,0.854937003925369,0.0071054044610727
0,-1.0,-0.173761149662665,-0.173356602675974,-0.0079199666527719,0.0,0.0,0.742467070428451,0.897490239346474,0.0070672569619734
0,-1.0,-0.173761149662665,-0.185314685314685,-0.0087800369685767,-0.0369678366475377,-0.0904255319148936,0.806932238562031,0.95347360336812,0.0127275299447894
0,-1.0,-0.0930190792886362,-0.105035971223022,-0.513636363636364,-0.174282842341297,-0.946428571428571,0.0,0.0,0.0
0,-1.0,-0.268708046833231,-0.158878504672897,0.0,0.0,0.0,0.185933090990997,0.448377153201415,0.0864566130313421
0,-1.0,-0.268708046833231,-0.158878504672897,0.0,0.0,0.0,0.186408974056097,0.44913925932086,0.0869384911464006
0,-1.0,-0.268708046833231,-0.158878504672897,0.0,0.0,0.0,0.19393871746309,0.404955066309616,0.063804914884848
0,-1.0,-0.268708046833231,-0.158878504672897,0.0,0.0,0.0,0.192992456328698,0.402969962255275,0.0635163326883408
0,-1.0,-0.26279922782564,-0.158878504672897,0.0,0.0,0.0,0.183373465766963,0.409186401311029,0.0635396908910254
0,-1.0,-0.268708046833231,-0.158878504672897,0.0,0.0,0.0,0.183023649380916,0.40807395638903,0.0632050058896291
0,-1.0,-0.294080048364385,-0.497354497354497,0.0,0.0,0.0,0.644444276079381,0.78908209425589,0.301086542158649
0,-1.0,-0.294080048364385,-0.504347826086956,0.0,0.0,0.0,0.642277058141945,0.787652391645808,0.302469987043203
0,-1.0,-0.210769273812622,-0.0618556701030928,0.0,0.0,0.0,0.135286613784652,0.477167581040549,0.129460082200353
0,-1.0,-0.318992162374132,-0.313559322033898,0.0,-0.0024911032028469,0.0,0.0,0.0,0.0
0,-1.0,-0.191611966392831,-0.237154150197628,0.0,0.0,0.0,0.101122575967379,0.335256286273166,0.0270039065730297
1,0.0,1.0,0.0,0.0,0.0,0.0,1.0,1.0,0.0225405007459487
0,0.0,-1.0,0.0,0.0,0.0,0.0,0.912394004710373,0.987844959575046,0.0048293144464556
0,0.0,-1.0,0.0,0.0,0.0,0.0,0.910319839386836,0.987554713670916,0.0044747970961647
0,0.0,-1.0,0.0,0.0,0.0,0.0,0.906661141959578,0.987130722486528,0.0032026692199538
0,0.0,-1.0,0.0,0.0,0.0,0.0,0.900951659337672,0.986281820070206,0.0030891468708559
0,0.0,-1.0,0.0,0.0,0.0,0.0,0.900123241645643,0.986173352117526,0.0029496025845098
0,0.0,-1.0,0.0,0.0,0.0,0.0,0.899037594554112,0.986038686583396,0.0027238040288525
0,0.0,-1.0,0.0,0.0,0.0,0.0,0.897364513185955,0.985827403965633,0.0024099219281795
0,0.0,-1.0,0.0,0.0,0.0,0.0,0.895584928850479,0.98558580165454,0.0022557461530187
0,0.0,-1.0,0.0,0.0,0.0,0.0,0.893705068989589,0.98540690865678,0.0017655129875123
0,0.0,-1.0,0.0,0.0,0.0,0.0,0.889691516819579,0.984969835691895,0.0009952175415671
0,0.0,-1.0,0.0,0.0,0.0,0.0,0.885409326799443,0.984400790459052,0.0007138562602994
1,1.0,1.0,1.0,-1.0,-1.0,-1.0,1.0,1.0,0.275083879377688
0,-1.0,-0.481603076975493,-0.393700787401575,-0.0212121212121212,-0.0398435086996808,-0.716723549488055,0.778677655890203,0.95516279708566,0.0178887296735331
0,-1.0,-0.195069371721882,-0.548701298701299,0.0,0.0,0.0,0.0303362666744592,0.414655911496546,0.0815959913576139
0,0.0,-0.304230844032976,-0.255208333333333,-0.0004926917392018,-0.175766016713092,-0.0576540755467197,0.887470538508689,0.972358666369863,0.0281950616317283
0,0.0,-0.298270834142611,-0.256476683937824,-0.0126856435643564,-0.175766016713092,-0.0576540755467197,0.918944752267971,0.980597470590764,0.0285721808969453
0,0.0,-0.298270834142611,-0.257142857142857,-0.0121679774447247,-0.245872936468234,-0.145646867371847,0.935814699079124,0.984837336224974,0.0288735484110438
0,0.0,-0.440614781673981,-0.984615384615385,0.0,0.0,0.0,0.192826697619556,0.911568138175651,0.0465109516399091
0,0.0,-0.492997778081801,-0.962962962962963,0.0,0.0,0.0,0.175962909264203,0.899160234626865,0.0500403692455887
0,0.0,-0.428204905493495,-0.956521739130435,0.0,0.0,0.0,0.171753238221852,0.895771642070512,0.0508385567507235
0,0.0,-0.428204905493495,-0.954545454545455,0.0,0.0,0.0,0.167863721717807,0.89292555806034,0.0513126848791397
0,0.0,-0.300989912625188,-0.941176470588235,0.0,0.0,0.0,0.164641832240468,0.889014905070168,0.0523711549457508
0,0.0,-0.300989912625188,-0.9375,0.0,0.0,0.0,0.161105872999133,0.885858525245655,0.0526847941504692
0,0.0,-0.274588706633784,-0.9375,0.0,0.0,0.0,0.159454542132499,0.879469857850179,0.054855210420544
0,0.0,-0.274588706633784,-0.916666666666667,0.0,0.0,0.0,0.158799718831774,0.876456000772136,0.0557169342248601
0,0.0,-0.274588706633784,-0.909090909090909,0.0,0.0,0.0,0.158629295587708,0.873432988296131,0.0567237752641973
0,0.0,-0.322706013962352,-0.33695652173913,0.0,0.0,0.0,0.740739891322422,0.75134800656703,0.0012868931741015
0,-1.0,-0.0944106627750183,-0.400735294117647,0.0,0.0,0.0,0.0382844330455885,1.0,0.0515216910212046
0,-1.0,-0.0393940692421166,-0.409594095940959,0.0,0.0,0.0,0.0386479002888146,1.0,0.0515758886616791
0,-1.0,-0.0393940692421166,-0.413284132841328,0.0,0.0,0.0,0.0393521953556624,1.0,0.0519053220785134
0,-1.0,-0.278452832263826,-0.495575221238938,0.0,0.0,0.0,0.0951885270545185,0.909161504853009,0.0145251767684538
0,-1.0,-0.278452832263826,-0.496466431095406,0.0,0.0,0.0,0.169828752890989,0.0468302126809606,0.0237917675271966
0,-1.0,-0.278452832263826,-0.493761140819964,0.0,0.0,0.0,0.182179169551665,0.0634982088716693,0.0243941846195515
0,-1.0,-0.598951946330681,-0.503267973856209,-0.663479923518164,-0.767233043238016,-0.393617021276596,0.821651553793552,0.952037283371913,0.0003949008869633
0,-1.0,-0.595363317472199,-0.482487922705314,-0.651485148514852,-0.767233043238016,-0.393617021276596,0.771171300423034,0.957588374030982,0.000771043969109
0,-1.0,-0.273994243865711,-0.261462205700124,-0.0170731707317073,0.0,0.0,0.237090171542685,0.153646981786415,0.0140938843481768
0,-1.0,-0.230379693620488,-0.254780999383097,-0.0429352068696331,-0.216439075630252,0.0,0.405457993867421,0.0496104944772909,0.0220915516203067
0,0.0,-1.0,-1.0,-0.6,0.0,0.0,0.96272977096784,0.996042373676945,0.0029725067806872
0,0.0,-1.0,-1.0,-0.180327868852459,0.0,0.0,0.958750767207832,0.995681499552129,0.0023459746209092
0,0.0,-1.0,-1.0,-0.180327868852459,0.0,0.0,0.955933305510846,0.995388000263713,0.0022169817632478
0,0.0,-1.0,-1.0,-0.180327868852459,0.0,0.0,0.95520705900994,0.99532105901037,0.0021037954436379
0,0.0,-1.0,-1.0,-0.180327868852459,0.0,0.0,0.954546495613411,0.995262092051348,0.001978636897815
0,0.0,-1.0,-1.0,0.0,0.0,0.0,0.953597032009998,0.995191430435394,0.0017039861983827
0,0.0,-1.0,-1.0,0.0,0.0,0.0,0.951849629933769,0.995043288365856,0.0012643369685683
0,0.0,-1.0,-1.0,0.0,0.0,0.0,0.949025006020453,0.994839270946673,0.0006931133146378
0,0.0,-1.0,-1.0,0.0,0.0,0.0,0.0,0.0,0.0
0,-1.0,-0.191611966392831,-0.252330226364847,0.0,0.0,0.0,0.182327628560898,0.0075407525872885,0.0359436068537691
0,-1.0,-0.291464718330507,-0.234234234234234,0.0,0.0,0.0,0.243719983301926,0.399744557690768,0.157182575399792
0,-1.0,-0.297961764612829,-0.227272727272727,0.0,0.0,0.0,0.236961255347415,0.397836718802865,0.156940596026953
0,-1.0,-0.297961764612829,-0.227272727272727,0.0,0.0,0.0,0.231131362675906,0.395972061726485,0.156210959557683
0,-1.0,-0.275082105050607,-0.20353982300885,0.0,0.0,0.0,0.214876737463308,0.390405998786058,0.151134025732297
0,-1.0,-0.258003315311723,-0.158878504672897,0.0,0.0,0.0,0.203414542714477,0.387218200414596,0.154241706555114
0,-1.0,-0.297961764612829,-0.227272727272727,0.0,0.0,0.0,0.451869563479403,0.625548810825361,0.0081526739990857
0,-1.0,-0.291464718330507,-0.254385964912281,0.0,0.0,0.0,0.474714890287485,0.641905016191313,0.0074387945884954
0,-1.0,-0.291464718330507,-0.234234234234234,0.0,0.0,0.0,0.465476737858422,0.633721937161025,0.0075809312962131
0,-1.0,-0.294080048364385,-0.510309278350515,0.0,0.0,0.0,0.245204704479989,0.755816428513822,0.111568700062812
0,-1.0,-0.284965704741348,-0.517766497461929,0.0,0.0,0.0,0.235798049667151,0.750236598158922,0.113714342606944
0,0.0,-0.55890714689074,-0.340823970037453,0.0,0.0,0.0,0.711433852254824,0.920442920060727,0.164414923361559
0,0.0,-0.55890714689074,-0.387832699619772,-1.0,0.0,0.0,0.740748766991485,0.926706866781332,0.168717032037485
0,0.0,-0.55890714689074,-0.429090909090909,-1.0,-0.0062992125984252,0.0,0.763999411327718,0.932397739591221,0.16913706478924
0,-1.0,-0.575191378686971,-0.550335570469799,-1.0,-0.5,-0.272727272727273,0.851680966309491,0.955118749979174,0.166222242214008
0,-1.0,-0.275214696280766,-0.221238938053097,0.0,0.0,0.0,0.0159774195361757,0.0091933434607515,0.0001006143565518
0,-1.0,-0.305451230762674,-0.221238938053097,0.0,0.0,0.0,0.29404200103785,0.518492146277372,0.0007510610961252
0,-1.0,-0.0944106627750183,-0.397058823529412,0.0,0.0,0.0,0.132510724011532,1.0,0.103003571837633
0,-1.0,-0.0393940692421166,-0.375912408759124,0.0,0.0,0.0,0.135659907113811,1.0,0.102373588256596
0,-1.0,-0.0416841151727526,-0.275862068965517,0.0,0.0,0.0,0.14984758321577,1.0,0.0975368818852237
0,-1.0,-0.0393940692421166,-0.416974169741697,0.0,0.0,0.0,0.137705050272708,0.18528305672817,0.0279618599352384
0,-1.0,-0.0405067511381181,-0.433333333333333,0.0,0.0,0.0,0.137958398618633,0.185151497218606,0.0276324792574969
0,-1.0,-0.0393940692421166,-0.451492537313433,0.0,0.0,0.0,0.134743657269827,0.173618666709907,0.0275231493005944
0,-1.0,-0.0393940692421166,-0.453183520599251,0.0,0.0,0.0,0.129550520486017,0.157468237573916,0.0277963569133867
0,-1.0,-0.0393940692421166,-0.43579766536965,0.0,0.0,0.0,0.118151708121376,0.142715240355055,0.0268810809753691
0,-1.0,-0.100146323350464,-0.446640316205534,0.0,0.0,0.0,0.10039451512695,0.117479357315971,0.0294944949989565
0,-1.0,-0.292914814132031,-0.244604316546763,0.0,0.0,0.0,0.155697369604586,0.223830417112056,0.0471922638444912
0,-1.0,-0.210769273812622,-0.0618556701030928,0.0,0.0,0.0,0.152822722699481,0.578196578830092,0.140395303689805
0,-1.0,-0.210769273812622,-0.099009900990099,0.0,0.0,0.0,0.157132568417365,0.579416684311918,0.139866197421875
0,-1.0,-0.264228436729441,-0.107843137254902,0.0,0.0,0.0,0.1606814897235,0.5804513551837,0.141465373496798
0,-1.0,-0.210769273812622,-0.107843137254902,0.0,0.0,0.0,0.158803208426984,0.580176556667864,0.140083633648764
0,0.0,-1.0,-0.987012987012987,0.0,0.0,0.0,0.970467463027876,0.995868046129536,0.006097992381081
0,0.0,-1.0,-0.986666666666667,0.0,0.0,0.0,0.969541087638311,0.99576074252386,0.0052406564071993
0,0.0,-1.0,-0.986666666666667,0.0,0.0,0.0,0.967146491408081,0.99549864609932,0.0027853869500716
0,0.0,-1.0,-0.986666666666667,0.0,0.0,0.0,0.966341729683939,0.995412212021725,0.0022876416087804
0,0.0,-1.0,-0.986666666666667,0.0,0.0,0.0,0.965663084191369,0.995345798422511,0.0013193783065187
0,0.0,-1.0,-0.986486486486487,0.0,0.0,0.0,0.964590593574172,0.995239899453025,0.000703125183698
0,0.0,-1.0,-0.986486486486487,0.0,0.0,0.0,0.963812459552087,0.995171581126884,0.000347678688191
0,0.0,-1.0,-0.986486486486487,0.0,0.0,0.0,0.0,0.0,0.0
0,0.0,-0.322706013962352,-0.333333333333333,0.0,0.0,0.0,0.680933399212873,0.860050959749247,0.0677007409328419
0,0.0,-0.297123077141423,-0.331550802139037,0.0,0.0,0.0,0.673615589246937,0.853158090197418,0.0699682660027474
0,0.0,-0.287419607056337,-0.335106382978723,0.0,0.0,0.0,0.798148369752857,0.612901800539699,0.0759047363038431
0,0.0,-0.312167054205716,-0.354497354497354,0.0,-0.268666756356787,0.0,0.799487844339145,0.621912985356166,0.0761024895195871
0,-1.0,-0.286296953525228,-0.445109780439122,0.0,0.0,0.0,0.0,0.0,0.0
0,-1.0,-0.276691772184427,-0.45224171539961,0.0,0.0,0.0,0.414361856763148,0.282316364534529,0.0015312306662078
0,-1.0,-0.289626824540891,-0.463878326996198,0.0,0.0,0.0,0.415725328854543,0.281045755224585,0.0049059026422296
0,-1.0,-0.278452832263826,-0.470919324577861,0.0,0.0,0.0,0.416876999918671,0.280629576244377,0.0063668460637228
0,-1.0,-0.278452832263826,-0.478821362799263,0.0,0.0,0.0,0.417644445187909,0.280390255850266,0.0075957313693579
0,-1.0,-0.278452832263826,-0.490125673249551,0.0,0.0,0.0,0.418993044881272,0.279769589601804,0.0094853616675255
0,0.0,-0.0618040207989333,-0.0824211204121056,-0.0596026490066225,0.0,0.0,0.965509358364888,0.985693400214435,0.100479495126053
0,-1.0,-0.305365242021685,-0.222286042504308,-0.0228136882129278,-0.0281647178444331,-0.134920634920635,0.954474270209772,0.994822242128324,0.140102001563837
0,-1.0,-0.306622302529959,-0.24460839954597,-0.0099620493358633,-0.0384241919822444,-0.14868804664723,0.772188372483261,0.950209047861344,0.017463360902462
0,-1.0,-0.16847091417696,-0.236220472440945,0.0,0.0,0.0,0.133336805702498,0.215882176974502,0.0265939987792114
0,-1.0,-0.174321797931393,-0.204724409448819,0.0,0.0,0.0,0.0936547820242445,0.149027478043146,0.0233611591370458
0,-1.0,-0.202034609732327,-0.198473282442748,0.0,0.0,0.0,0.0908266037879808,0.130881916414164,0.0244499732224216
0,-1.0,-0.54051838971465,-0.664756446991404,-0.445945945945946,0.0,0.0,0.0,0.0,0.0
0,-1.0,-0.326844296554323,-0.303448275862069,0.0,0.0,0.0,0.0184035686326302,0.153480922692516,0.0001726660714235
0,-1.0,-0.340041618758692,-0.316129032258064,0.0,0.0,0.0,0.561499414228922,0.571834555816407,0.0002345429873808
0,-1.0,-0.340041618758692,-0.320512820512821,0.0,0.0,0.0,0.466772034802741,0.513918964128261,0.0020163744426855
0,0.0,-0.476525838601507,-0.220149253731343,0.0,0.0,0.0,0.939747004919934,0.991410442162201,0.003200075739328
0,0.0,-0.476525838601507,-0.220149253731343,0.0,0.0,0.0,0.657494238887745,0.808140430260662,0.0037468930690718
0,-1.0,-0.11915525461577,-0.139248305606901,0.0,0.0,0.0,0.910903958772472,0.966731695757933,0.0065260045884452
0,0.0,-0.0904311367420779,-0.11372064276885,-0.0150204824761038,0.0,0.0,0.889691276917641,0.97508906379035,0.0124121330572947
0,-0.345303878319584,-0.0916430993184967,-0.12111801242236,0.0,0.0,0.0,0.916012998122572,0.97352192056957,0.0077913032237679
0,-1.0,-0.257175682524112,-0.194029850746269,0.0,0.0,0.0,0.215409488575437,0.162916767462345,0.003301224038633
0,-1.0,-0.257175682524112,-0.192592592592593,0.0,0.0,0.0,0.155646110658336,0.0336112755826218,0.002938654058717
0,-1.0,-0.257175682524112,-0.196969696969697,0.0,0.0,0.0,0.0916004115611262,0.128241132706285,0.0027172377604555
0,-1.0,-0.218786812377693,-0.0631578947368421,0.0,0.0,0.0,0.150696796113769,0.492923173872507,0.0056482636415281
0,-1.0,-0.218786812377693,-0.0531914893617021,0.0,0.0,0.0,0.149074647235152,0.492421476438176,0.00479904206125
0,-1.0,-0.147481998828322,-0.13387297633873,-0.239035087719298,-0.341885269530124,-0.175,0.993242455408763,0.998148152637479,0.0809006759395883
0,-1.0,-0.147481998828322,-0.138699690402477,-0.198905109489051,-0.341885269530124,-0.175,0.991785189169621,0.997763906265946,0.0808528103165889
0,-1.0,-0.222114533389338,-0.278761061946903,0.0,0.0,0.0,0.0,0.0,0.0
0,-1.0,-0.225758257943081,-0.196169471851422,0.0,0.0,0.0,0.767617966645561,0.951151932351029,0.0587732784656142
0,-1.0,-0.261079535829432,-0.211349160393746,0.0,0.0,0.0,0.751883227775892,0.945649851556415,0.0532219881165254
0,0.0,0.0,-0.009925558312655,-0.309252217997465,-0.204498977505112,-0.108829568788501,0.974967389089407,0.951280655866007,0.0994984993786071
0,0.0,0.0,-0.0197775030902349,-0.709716354858177,-0.385385121790652,-0.376436781609195,0.990593526363451,0.978529893139329,0.0991696219246954
0,0.0,-1.0,-0.98876404494382,0.0,0.0,0.0,0.981435931637519,0.997325552649366,0.0217536736885094
0,0.0,-1.0,-0.988636363636364,0.0,0.0,0.0,0.971985837222441,0.995751692126766,0.0048166114566169
0,0.0,-1.0,-0.988505747126437,0.0,0.0,0.0,0.971665230043271,0.995713672886837,0.004500976248489
0,0.0,-1.0,-0.9875,0.0,0.0,0.0,0.971200639359749,0.995674423406972,0.003589097480879
0,0.0,-1.0,-0.987341772151899,0.0,0.0,0.0,0.970538982183922,0.995590553707534,0.0031702416614815
0,0.0,-1.0,-0.987341772151899,0.0,0.0,0.0,0.969711022694766,0.995535606085149,0.00197017453786
0,0.0,-1.0,-0.987179487179487,0.0,0.0,0.0,0.968690740174803,0.995419279719963,0.0014775313022938
0,0.0,-1.0,-0.986666666666667,0.0,0.0,0.0,0.0,0.0,0.0
0,0.0,0.0,-0.0103425985778927,-0.0113636363636364,-0.28116213683224,-0.174917491749175,0.986121237814342,0.970632977814928,0.114981865284218
0,0.0,0.0,-0.010230179028133,-0.249343832020997,-0.28116213683224,-0.174917491749175,0.973569903080505,0.94484643496927,0.116036736848805
0,-1.0,-0.210769273812622,-0.0618556701030928,0.0,0.0,0.0,0.185494518145198,0.508058263445094,0.0049015371864397
0,-1.0,-0.210769273812622,-0.0618556701030928,0.0,0.0,0.0,0.185363367268978,0.507997579478897,0.0044407380179329
0,-1.0,-0.210769273812622,-0.0625,0.0,0.0,0.0,0.184853319252583,0.507672984300062,0.0025550226561901
0,-1.0,-0.51559464197933,-0.613207547169811,-0.764334862385321,-0.338773709748566,-0.462264150943396,0.633118793676906,0.572025658983797,0.0236336509393709
0,-1.0,-0.51559464197933,-0.616113744075829,-0.764334862385321,-0.403149606299213,-0.462264150943396,0.645646555234635,0.581737219945844,0.022445935863348
0,-1.0,-0.51559464197933,-0.630434782608696,-0.764334862385321,-0.403149606299213,-0.462264150943396,0.658123409955336,0.592419897976868,0.0223221533058629
0,-1.0,-0.51559464197933,-0.632850241545894,-0.764334862385321,-0.403149606299213,-0.462264150943396,0.889667253046522,0.928567697693908,0.0566552604379698
0,-1.0,-0.51559464197933,-0.629807692307692,-0.764334862385321,-0.403149606299213,-0.462264150943396,0.872981509922759,0.820197355564647,0.0003422840702921
0,-1.0,-0.51559464197933,-0.617021276595745,-0.764334862385321,-0.403149606299213,-0.462264150943396,0.568692143592457,0.189133975134666,0.0004371663505026
0,-1.0,-0.51559464197933,-0.614657210401891,-0.764334862385321,-0.403149606299213,-0.462264150943396,0.46125769651008,0.144318197665311,0.0010545297587958
1,1.0,1.0,1.0,0.0,-1.0,-1.0,1.0,1.0,0.303735750325744
0,-0.859541188188679,-0.742992526315764,-0.941798941798942,0.0,-0.876543209876543,0.0,1.0,1.0,0.300358520948233
0,-1.0,-0.587189171002616,-0.48411214953271,-0.272727272727273,-0.767233043238016,-0.393617021276596,0.834356134245287,0.966001145164287,0.0316405761274776
0,-1.0,-0.587189171002616,-0.486093552465234,-0.272727272727273,-0.760108200455581,-0.25,0.831000146609675,0.965871280808896,0.0326777900307356
0,-1.0,-0.218786812377693,-0.0631578947368421,0.0,0.0,0.0,0.161907857802818,0.496703966574568,0.004411280911042
0,-1.0,-0.0450832704259912,-0.0584594222833563,-0.7117903930131,-0.174228955708433,-1.0,0.0084200920714479,0.0074739242100401,0.157755499725596
0,-1.0,-0.0450832704259912,-0.0598052851182197,-0.7117903930131,-0.148533772652389,-0.946428571428571,0.0036159951327476,0.0077143068338024,0.156003188844825
0,-1.0,-0.0444839551029111,-0.0657802659202239,-0.696581196581197,-0.148533772652389,-0.946428571428571,0.0037132707132311,0.0019679819052711,0.150537825785327
0,-1.0,-0.0444839551029111,-0.0652631578947368,-0.687763713080169,-0.148533772652389,-0.946428571428571,0.0029955672046878,0.0013341722394205,0.150829980450689
0,-1.0,-0.0444839551029111,-0.0660112359550562,-0.687763713080169,-0.148533772652389,-0.946428571428571,0.0048366743600609,0.0017873418526515,0.149585115688756
0,-1.0,-0.04314424616936,-0.069701280227596,-0.614130434782609,-0.174282842341297,-0.946428571428571,0.0084689856109075,0.0028394619012176,0.139093707629371
0,-1.0,-0.0655205535536169,-0.0667623833452979,0.0,-0.31072511717673,-0.946428571428571,0.0080536172202958,0.0072597557377765,0.142443137511199
0,-1.0,-0.202843690581499,-0.0625,0.0,0.0,0.0,0.205873000733035,0.605355281553813,0.0149932984317658
0,-1.0,-0.202843690581499,-0.0625,0.0,0.0,0.0,0.196457954822755,0.601195815245945,0.0126715401802579
0,-1.0,-0.202843690581499,-0.0625,0.0,0.0,0.0,0.176563871134363,0.577443712375118,0.0122735088046926
0,-1.0,-0.202843690581499,-0.0526315789473684,0.0,0.0,0.0,0.148052018078565,0.547874022687539,0.0087182528255367
0,-1.0,-0.202843690581499,-0.0526315789473684,0.0,0.0,0.0,0.0900370014991484,0.459447271840839,0.107539059376584
0,-1.0,-0.202843690581499,-0.0625,0.0,0.0,0.0,0.0995313957354618,0.463057969448171,0.108835407195491
0,-1.0,-0.218786812377693,-0.0531914893617021,0.0,0.0,0.0,0.145871018104231,0.492196335441305,0.0042106351926779
0,-1.0,-1.0,-1.0,0.0,-1.0,0.0,0.953335322997284,0.995676557095824,0.0246222968288796
0,-1.0,-1.0,-1.0,0.0,-1.0,0.0,0.952466583358735,0.99562065579567,0.0242736543619871
0,-1.0,-1.0,-1.0,0.0,-1.0,0.0,0.950365590357555,0.995482182885047,0.0235423537505608
0,-1.0,-1.0,-1.0,0.0,-1.0,0.0,0.945534961767492,0.995175219698353,0.0219242652007337
0,-1.0,-1.0,-1.0,0.0,-1.0,0.0,0.939179862208701,0.994610751203883,0.0217188140857533
0,-1.0,-1.0,-1.0,0.0,-1.0,0.0,0.937492081638121,0.99449273633079,0.0213742051662706
0,-1.0,-1.0,-1.0,0.0,-1.0,0.0,0.935869928320219,0.994360283511668,0.0212279626507166
0,-1.0,-1.0,-1.0,0.0,-1.0,0.0,0.933897904229858,0.994263353554328,0.0205232820097838
0,-1.0,-1.0,-1.0,0.0,-1.0,0.0,0.923924120303591,0.993818007896218,0.0174564052183858
0,0.0,-1.0,-1.0,0.0,-1.0,0.0,0.905681086606374,0.992513185459602,0.0161656370097314
0,0.0,-1.0,-1.0,0.0,0.0,0.0,0.873110045928739,0.990869116069094,0.0126822085714909
0,0.0,-1.0,-1.0,0.0,0.0,0.0,0.854848759428924,0.989753286044113,0.0119465038364982
0,0.0,-1.0,-1.0,0.0,0.0,0.0,0.652380909241015,0.987192914198489,0.0032512449191276
0,0.0,-1.0,0.0,0.0,0.0,0.0,0.506886310020969,0.979746620002734,0.0028277369434449
0,0.0,-1.0,0.0,0.0,0.0,0.0,0.406132318007368,0.977604346544856,0.001287993714919
0,0.0,-1.0,0.0,0.0,0.0,0.0,0.322900844186567,0.974311110458781,0.0004144595773376
0,0.0,-1.0,0.0,0.0,0.0,0.0,0.297625955753049,0.972428470824415,0.0002127668314285
0,0.0,-0.49413601842891,-0.615686274509804,0.0,-0.5,-0.333333333333333,0.443964496406888,0.42835387317377,0.0102984448063127
0,0.0,-0.49413601842891,-0.610687022900763,0.0,-0.5,-0.333333333333333,0.447575742367548,0.427304456282327,0.0110119315273364
0,0.0,-0.473189491613942,-0.620071684587814,0.0,-0.5,-0.333333333333333,0.460619952968468,0.423064032821403,0.0139679665317783
0,-1.0,-0.506715399968191,-0.623693379790941,0.0,-0.015625,-0.333333333333333,0.468336694668397,0.420832291192675,0.0156830869449505
0,0.0,-0.570195385183548,0.0,0.0,0.0,0.0,0.847730528819868,0.961296847183798,0.0003177289770893
0,0.0,-0.570195385183548,0.0,0.0,0.0,0.0,0.850904086734743,0.96155242325438,0.0006854957758205
0,0.0,-0.570195385183548,0.0,0.0,0.0,0.0,0.851743135759664,0.961688027201625,0.0007682153948273
0,0.0,-0.570195385183548,0.0,0.0,0.0,0.0,0.853468379008651,0.962085305117279,0.0008680241717103
0,0.0,-0.570195385183548,0.0,0.0,0.0,0.0,0.855376898362688,0.962416967202625,0.0012299474029569
0,0.0,-0.570195385183548,0.0,0.0,0.0,0.0,0.85622746578007,0.962600127904987,0.001369130210213
0,0.0,-0.570195385183548,0.0,0.0,0.0,0.0,0.856974047109855,0.962772459827041,0.0014951683843351
0,0.0,-0.570195385183548,0.0,0.0,0.0,0.0,0.858195799478068,0.963090490111154,0.0016148599624175
0,0.0,-0.570195385183548,0.0,0.0,0.0,0.0,0.859269956425741,0.963342571740805,0.0018961801720877
0,0.0,-0.570195385183548,0.0,0.0,0.0,0.0,0.860784262706758,0.963729977924134,0.0020208098533775
0,0.0,-0.570195385183548,0.0,0.0,0.0,0.0,0.862319148827016,0.964018314351093,0.0023832284938977
0,0.0,-0.570195385183548,0.0,0.0,0.0,0.0,0.863792541738714,0.964384490796983,0.0025314899716471
0,0.0,-0.570195385183548,0.0,0.0,0.0,0.0,0.866475311304707,0.965029621117874,0.0028645112992878
0,0.0,-0.570195385183548,0.0,0.0,0.0,0.0,0.868621216281129,0.965381075566891,0.0034465880099719
0,0.0,-0.570195385183548,0.0,0.0,0.0,0.0,0.869394240451619,0.965545835250331,0.003587507793964
0,0.0,-0.570195385183548,0.0,0.0,0.0,0.0,0.870636749509164,0.965837395692359,0.0037144628730529
0,0.0,-0.570195385183548,0.0,0.0,0.0,0.0,0.872998272673958,0.966375630579798,0.0040013118656012
0,-1.0,-0.469538071764189,-0.664723032069971,-0.961411764705882,-0.0764890282131661,-0.442367601246106,0.490469271769843,0.233524728073976,0.0050067288110641
0,-1.0,-0.469538071764189,-0.66374269005848,-0.945945945945946,-0.0428849902534113,-0.182648401826484,0.0,0.0,0.0
0,-1.0,-0.102338156561467,-0.470119521912351,0.0,0.0,0.0,0.0854475279007572,0.128721401296302,0.0028357057475092
0,-1.0,-0.477703740882803,-0.373529411764706,-0.665597433841219,-0.540923700083653,-0.162962962962963,0.97274404640361,0.996354674518947,0.381922288362399
0,-1.0,-0.467266485060613,-0.390532544378698,-0.526510480887793,-0.557770009533754,-0.147651006711409,0.974687063601113,0.996627122508063,0.378888731395639
0,-1.0,-0.507789845546128,-0.409252669039146,-0.438405797101449,-0.574721676489849,-0.244047619047619,0.979296921238258,0.997287720254826,0.393843607378658
0,-1.0,-0.522987618228732,-0.431165787932045,-0.280742459396752,-0.402319302981961,-0.13013698630137,0.984352866146762,0.997982587553953,0.41300629129902
0,-1.0,-0.5464969474979,-0.464902186421174,-0.441988950276243,-0.440622487653612,-0.153333333333333,0.986403765997091,0.998247355435277,0.415509986015862
0,-1.0,-0.542453755614903,-0.457598178713717,-0.451553930530165,-0.506134564643799,-0.237113402061856,0.987039342698792,0.998325953128272,0.419828751653815
0,-1.0,-0.539344392975648,-0.460795454545455,-0.51888341543514,-0.506134564643799,-0.237113402061856,0.996887327765944,0.999596978145438,0.440418322417203
0,-1.0,-0.563760695304918,-0.462401795735129,-0.562686567164179,-0.451379492911348,-0.216981132075472,0.997623892341897,0.999691406342714,0.445014246244554
0,-1.0,-0.574287324884057,-0.436737315350032,-0.242307692307692,-0.718227424749164,-0.793478260869565,0.774389793684907,0.936661784683806,0.0010364300269547
0,-1.0,-0.587732404623719,-0.475811390079608,-0.405405405405405,-0.767233043238016,-0.393617021276596,0.920549511409946,0.982748923815889,0.0250778699174633
0,-1.0,-0.582902812277554,-0.460327074500303,-0.60990099009901,-0.767233043238016,-0.393617021276596,0.990792664216315,0.997845192941815,0.0259000157698465
0,-1.0,-0.587732404623719,-0.464720194647202,-0.576344086021505,-0.767233043238016,-0.393617021276596,0.931732282235293,0.985321431398176,0.0293552184898335
0,0.0,-0.309018715942197,-0.74468085106383,0.0,0.0,0.0,0.608911393986531,0.94904710795966,0.25520006465309
0,0.0,-0.309018715942197,-0.733333333333333,0.0,0.0,0.0,0.599422765245059,0.947650199947624,0.255932515988661
0,0.0,-0.341302532599574,-0.74468085106383,0.0,0.0,0.0,0.459659105048284,0.916302991645463,0.159409705087603
1,0.0,1.0,0.0,0.0,0.0,0.0,1.0,1.0,0.0003977527712176
0,-1.0,-0.312819608308117,-0.313559322033898,0.0,-0.0023744911804613,0.0,0.380289402141513,0.689603709438966,0.0053109914989669
0,-1.0,-0.195573866049439,-0.117021276595745,0.0,0.0,0.0,0.198755271628552,0.489055206833351,0.0028483222317962
0,-1.0,-0.273157102470609,-0.126315789473684,0.0,0.0,0.0,0.20100644846182,0.492124989878237,0.0042874974105723
0,-1.0,-0.273157102470609,-0.128712871287129,0.0,0.0,0.0,0.202285750995974,0.49302874942512,0.0049467438722293
0,-1.0,-0.273157102470609,-0.161904761904762,0.0,0.0,0.0,0.203518829233607,0.493693154038371,0.0056643276992594
0,-1.0,-0.243498920302446,-0.160377358490566,0.0,0.0,0.0,0.206904285255378,0.494533519367963,0.0078709096505969
0,-1.0,-0.243498920302446,-0.181818181818182,0.0,0.0,0.0,0.212938447610482,0.494079491801687,0.0109382095459623
0,-1.0,-0.243498920302446,-0.189189189189189,0.0,0.0,0.0,0.214542781281308,0.494041444921633,0.0116974189381671
0,-1.0,-0.251987261645735,-0.20353982300885,0.0,0.0,0.0,0.216969557102796,0.49384829149631,0.0129871740834059
0,-1.0,-0.251987261645735,-0.210526315789474,0.0,0.0,0.0,0.221112868549949,0.49392468615499,0.0147559616360473
0,-1.0,-0.251987261645735,-0.217391304347826,0.0,0.0,0.0,0.224430839580545,0.493910671278971,0.0160596154334666
0,-1.0,-0.280660118643443,-0.217391304347826,0.0,0.0,0.0,0.226411296191,0.494007067548594,0.0167336619327964
0,-1.0,-0.280660118643443,-0.211864406779661,0.0,0.0,0.0,0.283607104355027,0.502999381778423,0.003524777857164
0,-1.0,-0.280660118643443,-0.211864406779661,0.0,0.0,0.0,0.27941814364621,0.503164357001144,0.0021292943503292
0,-1.0,-0.211766942580179,-0.281208935611038,0.0,0.0,0.0,0.623395985086242,0.465739396418955,0.0362570058648448
0,-1.0,-0.259887394853169,-0.262388818297332,0.0,0.0,0.0,0.880911547527022,0.839827757193139,0.0067094144858058
0,-1.0,-0.0444839551029111,-0.0667603654251581,-0.683035714285714,-0.148533772652389,-0.946428571428571,0.168359050080159,0.223413661049761,0.0047851075225363
0,-1.0,-0.0228053684218701,-0.0662905500705219,-0.631284916201117,-0.148533772652389,-0.946428571428571,0.168256801591738,0.223211792979267,0.0038988522763498
0,-1.0,-0.0437388091361357,-0.07,-0.642045454545455,-0.210752688172043,-1.0,0.0,0.0,0.0
0,-1.0,-0.563377307508217,-0.444015444015444,-0.250950570342205,-0.644552262419576,-0.05,0.82423622301663,0.969564769652666,0.0639471363025755
0,-1.0,-0.294080048364385,-0.508620689655172,0.0,0.0,0.0,0.13324880623951,0.0098861125464185,0.0285652518724198
0,-1.0,-0.294080048364385,-0.504347826086956,0.0,0.0,0.0,0.125134974694315,0.0225445640733062,0.0277603351698958
0,-1.0,-0.278452832263826,-0.499121265377856,0.0,0.0,0.0,0.0976224944464177,0.964079395039181,0.0144440346476765
0,0.0,-0.695688146837634,-0.625,0.0,0.0,0.0,0.470507524260011,0.732067982811769,0.0272234344648481
0,0.0,-0.606425104516849,-0.625,0.0,0.0,0.0,0.479330811261586,0.728174841159448,0.0299215174498174
0,0.0,-0.606425104516849,-0.625,0.0,0.0,0.0,0.482875138453474,0.727425469006106,0.0304813889492895
0,0.0,-0.606425104516849,-0.625,0.0,0.0,0.0,0.48934620801292,0.726518577357267,0.0312316973311524
0,0.0,-0.606425104516849,-0.625,0.0,0.0,0.0,0.496525319287057,0.723738675835011,0.0333413115539144
0,0.0,-0.606425104516849,-0.625,0.0,0.0,0.0,0.502457587881464,0.72199484093204,0.0347361096569392
0,0.0,-0.606425104516849,-0.625,0.0,0.0,0.0,0.506599494301834,0.719028534134454,0.0374183065058071
0,0.0,-0.606425104516849,-0.625,0.0,0.0,0.0,0.510975231047377,0.718548787542689,0.0380319702610926
0,0.0,-0.606425104516849,-0.588235294117647,0.0,0.0,0.0,0.516801645520327,0.714933120663121,0.0415848265149426
0,0.0,-0.673508047752494,-0.588235294117647,0.0,0.0,0.0,0.5220086247175,0.712853535457459,0.0436544066030116
0,0.0,-0.673508047752494,-0.5,0.0,0.0,0.0,0.52631270737444,0.709176365094719,0.0471938855379841
0,0.0,-0.590466187383114,-0.5,0.0,0.0,0.0,0.528665633784612,0.707235084287352,0.0490279727370021
0,0.0,-0.616735782520366,-0.5,0.0,0.0,0.0,0.529934981129609,0.70611830967062,0.0500726164510866
0,-1.0,-0.35554446590697,-0.315942028985507,-0.135073779795687,-0.322103113833589,0.0,0.700897519565254,0.939828729974128,0.0101656605389687
0,0.0,-0.247279492692441,-0.653846153846154,0.0,0.0,0.0,0.287363597069206,0.700397958679813,0.0304641287698486
0,0.0,-0.291879959518766,-0.653846153846154,0.0,0.0,0.0,0.2908025116545,0.706132175759354,0.0304232966040239
0,0.0,-0.291879959518766,-0.653846153846154,0.0,0.0,0.0,0.293035390034406,0.710774521300194,0.0306116139022353
0,0.0,-0.291879959518766,-0.586206896551724,0.0,0.0,0.0,0.298551046436315,0.720687127794303,0.0304485613808284
0,0.0,-0.275353469971075,-0.625,0.0,0.0,0.0,0.321247290589591,0.758262210087249,0.0293669497422108
0,0.0,-0.275353469971075,-0.647058823529412,0.0,0.0,0.0,0.317098917870845,0.764579733328319,0.0323856326725307
0,0.0,-0.275353469971075,-0.707317073170732,0.0,0.0,0.0,0.31801953187334,0.768816558118161,0.0332232162570463
0,0.0,-0.275353469971075,-0.707317073170732,0.0,0.0,0.0,0.325518882982793,0.782323983874342,0.0330996237935927
0,0.0,-0.306845644301287,-0.254847645429363,-0.0204187128456966,-0.238482384823848,-0.233140655105973,0.68475058918722,0.806236637706092,0.0032702812471711
0,0.0,-0.295132424560287,-0.276353276353276,-0.0220855465473861,-0.428280773143438,-0.233140655105973,0.948457200187434,0.945045552371363,0.0054620436310757
0,0.0,-0.345988018842445,-0.279538904899135,-0.0220855465473861,-0.29925187032419,-0.233140655105973,0.832028555789168,0.65266638803342,0.0052191692441611
0,-1.0,-0.26279922782564,-0.158878504672897,0.0,0.0,0.0,0.17253595903801,0.573572180338896,0.283624036353503
0,-1.0,-0.26279922782564,-0.158878504672897,0.0,0.0,0.0,0.173283758693544,0.573912399353004,0.283728974293897
0,0.0,-7.20270597020053e-08,0.0,0.0,0.0,0.0,1.0,1.0,0.0017954206487049
1,0.0,1.0,1.0,0.0,0.0,0.0,0.0,0.0,0.0
0,-1.0,-0.277315689700401,-0.552155771905424,0.0,0.0,0.0,0.0220162801591099,0.117785643677341,0.0993186066469171
0,-1.0,-0.247314133324645,-0.554921540656205,0.0,0.0,0.0,0.0356985960735209,0.118752393126646,0.0998487151417393
0,-1.0,-0.247314133324645,-0.549707602339181,0.0,0.0,0.0,0.0522911864295128,0.120241679567063,0.101121665175871
0,-1.0,-0.247314133324645,-0.554396423248882,0.0,0.0,0.0,0.0457642270536213,0.131187989011539,0.0843883583105341
0,-1.0,-0.247314133324645,-0.551829268292683,0.0,0.0,0.0,0.016440743057232,0.129285193833357,0.0818641793944147
0,0.0,-0.58280197391345,-0.964912280701754,0.0,0.0,0.0,0.757329421118054,0.956958905347181,0.0601960065017287
0,0.0,-0.58280197391345,-0.964285714285714,0.0,0.0,0.0,0.753093287091374,0.955520069334543,0.0601977811472833
0,0.0,-0.58280197391345,-0.964285714285714,0.0,0.0,0.0,0.681819607010586,0.878005046459973,0.0501989982709346
0,0.0,-0.58280197391345,-0.963636363636364,0.0,0.0,0.0,0.679343110952708,0.876657096098638,0.0504068246266553
0,0.0,-0.58280197391345,-0.963636363636364,0.0,0.0,0.0,0.280763222490766,0.763150844266606,0.166916498217234
0,0.0,-0.58280197391345,-0.963636363636364,0.0,0.0,0.0,0.28118484489101,0.763000044813036,0.16703326726452
0,-1.0,-0.0770833452411913,-0.0601503759398496,0.0,-0.34529582929195,0.0,0.484171157527349,0.546838996991017,0.094830824706775
0,-1.0,-0.0769212670781747,-0.0432432432432432,0.0,-0.34529582929195,0.0,0.485579238774371,0.541397649784343,0.0958115081527821
0,-1.0,-0.0769212670781747,-0.0573770491803279,-0.428571428571429,-0.34529582929195,0.0,0.492421562071943,0.544618441550113,0.094794598256128
0,-1.0,-0.117315750424898,-0.0609418282548476,-0.428571428571429,-0.34529582929195,0.0,0.500190230906236,0.548425276825939,0.0935967671590268
0,-1.0,-0.361690803081575,-0.478021978021978,0.0,0.0,0.0,0.416986984988352,0.166820929105592,0.0565680414949469
0,-1.0,-0.333312806304928,-0.46927374301676,0.0,0.0,0.0,0.417435622009923,0.166129199077476,0.0550556046130487
0,-1.0,-0.285281209279445,-0.474074074074074,0.0,0.0,0.0,0.416226625146369,0.16386963203071,0.0529516224690084
0,-1.0,-0.071681790399849,-0.0684660961158657,-0.727272727272727,-0.262478425957887,-1.0,0.477725918175694,0.584425578010115,0.412569244939128
0,-1.0,-0.305451230762674,-0.245762711864407,0.0,0.0,0.0,0.362964072956182,0.522916750222997,0.0036697654468269
0,-1.0,-0.188157822672071,-0.196850393700787,0.0,0.0,0.0,0.367208638171447,0.516687519852518,0.0203718363443996
0,-1.0,-0.188157822672071,-0.196850393700787,0.0,0.0,0.0,0.368849200453621,0.515459378815326,0.0218682400863994
0,-1.0,-0.218786812377693,-0.0531914893617021,0.0,0.0,0.0,0.136155329385304,0.490894704674628,0.0093889293696373
0,-1.0,-0.218786812377693,-0.0631578947368421,0.0,0.0,0.0,0.141029253675965,0.491889517363289,0.0118444335632448
0,0.0,-1.0,-1.0,-0.180327868852459,0.0,0.0,0.955977122016497,0.995233444745493,0.0014083188350858
0,0.0,-1.0,-1.0,-0.180327868852459,0.0,0.0,0.952797301625161,0.99494200303323,0.0009121735789642
0,0.0,-1.0,-1.0,-0.180327868852459,0.0,0.0,0.950210610655801,0.994699575131855,0.0006546681531235
0,0.0,-1.0,-1.0,0.0,0.0,0.0,0.0,0.0,0.0
0,0.0,-1.0,-1.0,-0.6,0.0,0.0,0.959897609477424,0.995540731174349,0.0025013346641289
0,0.0,-1.0,-1.0,-0.6,0.0,0.0,0.958907391739578,0.995478294828434,0.0020026275634369
0,-1.0,-0.493581046286147,-0.395413870246085,-0.0393258426966292,-0.119441034840903,-0.733974358974359,0.787267771651224,0.946410816933397,0.0123304110899534
0,-1.0,-0.500588349281557,-0.402684563758389,-0.0393258426966292,-0.165251469627694,-0.89453125,0.793447586142692,0.946681049207675,0.0114081657074626
0,-1.0,-0.491272761928412,-0.411111111111111,-0.0393258426966292,-0.165251469627694,-0.89453125,0.811087349883099,0.952595552396606,0.0114602799628193
0,-1.0,-0.501786509528816,-0.41749723145072,-0.0393258426966292,-0.120803522289488,-0.41304347826087,0.834316276501575,0.961135467983606,0.0120712306797604
0,-1.0,-0.501786509528816,-0.421373200442968,-0.262931034482759,-0.120803522289488,-0.41304347826087,0.855116966395745,0.96797280479481,0.0131033530576545
0,-1.0,-0.51246733250364,-0.429678848283499,-0.293388429752066,-0.237833969465649,-0.46,0.872499267297632,0.972972183151822,0.0144033735259341
0,-1.0,-0.51246733250364,-0.439226519337017,-0.450757575757576,-0.237833969465649,-0.46,0.8879422863946,0.977119678552405,0.0160675174950064
0,-1.0,-0.521242199630856,-0.443646408839779,-0.593837535014006,-0.237833969465649,-0.46,0.900584260717608,0.980494094688499,0.0177472757728556
0,-1.0,-0.215571396037178,-0.190778097982709,-0.0079597821533305,-0.0562893720788458,-0.133858267716535,0.669012486275079,0.854895087299286,0.0127904049597383
0,-1.0,-0.194741753804048,-0.179457587997692,-0.0079597821533305,0.0,0.0,0.639005005630453,0.800164207603806,0.0115621029265229
0,-1.0,-0.305365242021685,-0.206578188113099,-0.0291938997821351,-0.0562893720788458,-0.133858267716535,0.909636500900908,0.985300673522025,0.045207258952587
0,-1.0,-0.242130785217114,-0.555555555555556,0.0,0.0,0.0,0.0475506307792965,1.0,0.0067034778360735
0,-1.0,-0.242130785217114,-0.55591054313099,0.0,0.0,0.0,0.0164018454471216,1.0,0.0066102003521616
0,-1.0,-0.231651746599248,-0.559870550161812,0.0,0.0,0.0,0.0814501280327839,0.858070068730745,0.0073617427357982
0,-1.0,-0.231651746599248,-0.559870550161812,0.0,0.0,0.0,0.0765152928874875,0.770750699069704,0.0078641220182611
0,-1.0,-0.26465543429701,-0.590625,0.0,0.0,0.0,0.245893093704848,0.286516674087226,0.0241458644161646
0,-1.0,-0.242130785217114,-0.56782334384858,0.0,0.0,0.0,0.222565625274711,0.252753551493317,0.0379423794365023
0,-1.0,-0.0464679441258559,-0.0492910195813639,-0.516129032258065,-0.168598997681203,-0.946428571428571,0.0226541015029674,0.0045460158283892,0.170324337019987
0,-1.0,-0.0464679441258559,-0.0503693754197448,-0.511627906976744,-0.168598997681203,-0.946428571428571,0.0197853861671269,0.005778257619799,0.169427185499958
0,-1.0,-0.0450832704259912,-0.0549966465459423,-0.727272727272727,-0.140836360825539,-0.943396226415094,0.0184755978963324,0.0061190568905986,0.161035814013925
0,-1.0,-0.312264051554657,-0.548476454293629,0.0,0.0,0.0,0.486850333696174,0.918888660957102,0.088388290642578
0,-1.0,-0.269717130031876,-0.581325301204819,0.0,0.0,0.0,0.3863244960531,0.893523364872675,0.0907802620840607
0,-1.0,-0.279172350812512,-0.596273291925466,0.0,0.0,0.0,0.346419662605805,0.888778940281332,0.0895880439883357
0,-1.0,-0.21783311375774,-0.23841059602649,0.0,0.0,0.0,0.002874793302315,0.242131148000195,0.050383604169947
0,0.0,-0.309018715942197,-0.733333333333333,0.0,0.0,0.0,0.569157535717865,0.916596979847004,0.0434728718813513
0,0.0,-0.309018715942197,-0.733333333333333,0.0,0.0,0.0,0.567782102308071,0.915940186801834,0.0436994957662667
0,-1.0,-0.28734562449174,-0.0561797752808989,0.0,0.0,0.0,0.220933123298252,0.484161054403988,0.0489185995415238
0,0.0,-0.492978605177895,-1.0,0.0,0.0,0.0,0.975509863556397,0.979786900104082,0.052314588763785
0,0.0,-0.492978605177895,-1.0,0.0,0.0,0.0,0.99245404274944,0.993790627546899,0.0516964292978173
0,0.0,-0.492978605177895,-1.0,0.0,0.0,0.0,1.0,1.0,0.0513974918966932
1,0.0,1.0,1.0,0.0,0.0,0.0,1.0,1.0,0.0501896298864415
0,0.0,-1.0,-1.0,0.0,0.0,0.0,1.0,1.0,0.0492683317962311
0,0.0,-1.0,-1.0,0.0,0.0,0.0,0.999860693683403,0.999961644300399,0.0480526277066829
0,0.0,-1.0,-1.0,0.0,0.0,0.0,0.999909358392654,0.999975229925517,0.0453125297805124
0,0.0,-1.0,-1.0,0.0,0.0,0.0,1.0,1.0,0.0445599046886931
0,-1.0,-0.33375650372552,-0.50261780104712,0.0,0.0,0.0,0.739244929770653,0.803408980015876,0.173706953461489
0,-1.0,-0.321674301074648,-0.500875656742557,0.0,0.0,0.0,0.741538949637315,0.805456637044336,0.172928680665901
0,-1.0,-0.294080048364385,-0.505208333333333,0.0,0.0,0.0,0.743991319747843,0.807293001937961,0.171653033739004
0,0.0,-0.349249827947252,-0.804878048780488,0.0,0.0,0.0,0.17457713138987,0.435809968588879,0.0040756457637666
0,-1.0,-0.339809116226216,-0.495559502664298,0.0,0.0,0.0,0.597575743328634,0.821779085077044,0.630473198717947
0,0.0,0.0,-0.0209747069710056,-0.805069402534701,-0.385385121790652,-0.376436781609195,0.808471949367441,0.679611931815639,0.0047504899425149
0,-1.0,-0.112104199811965,-0.122720897615708,0.0,-0.151021775544389,-0.229437229437229,0.121650795144841,0.211973103282684,0.42522170908526
0,-1.0,-0.285631802895745,-0.267100977198697,-0.0023677979479084,0.0,0.0,0.611688840403598,0.45782037570868,0.0123123812235992
0,-1.0,-0.201417698976349,-0.263861055444222,-0.0024752475247524,0.0,0.0,0.210566664027576,0.122460217653081,0.0056401993994642
0,-1.0,-0.209056265185349,-0.273154362416107,-0.0025423728813559,0.0,0.0,0.156402816814353,0.0211065848781013,0.0138090755261842
0,-1.0,-0.571729810547771,-0.686327077747989,-0.725771715721464,-0.0567010309278351,-0.149253731343284,0.983122594161725,0.974039918365969,0.0374502126316901
0,-1.0,-0.587839533517005,-0.687165775401069,-0.787895613548029,-0.281883584041857,-0.271565495207668,0.988703101389515,0.98326106218167,0.0385051475502839
0,-1.0,-0.587839533517005,-0.687165775401069,-0.768905021173624,-0.281883584041857,-0.271565495207668,0.978514609030556,0.974224614595207,0.0399578803717549
0,-1.0,-0.587839533517005,-0.687165775401069,-0.768905021173624,-0.281883584041857,-0.271565495207668,0.972798706523843,0.96937773748324,0.0409183463051419
0,-1.0,-0.600554392992753,-0.688829787234043,-0.798097251585624,-0.281883584041857,-0.271565495207668,0.968461832153159,0.966490883218399,0.0418203046724811
0,-1.0,-0.194741753804048,-0.174740484429066,-0.008182601205857,0.0,0.0,0.830408154385633,0.977415793048252,0.120935640369961
0,0.0,-0.14640344989115,-0.237354085603113,-0.625,-0.0139675349188373,-1.0,0.70260268300001,0.785552319347296,0.0433754704071062
1,0.0,1.0,0.0,0.0,0.0,0.0,1.0,1.0,5.52757795149779e-05
0,-1.0,-0.243268665863658,-0.197841726618705,-0.0490307867730901,-0.0415534601246604,0.0,0.874492196838739,0.979055072362513,0.23464141706023
0,-1.0,-0.207922051069032,-0.216795711733174,0.0,-0.033748701973001,0.0,0.873839518649964,0.979102964190027,0.233284397306652
0,-1.0,-0.469538071764189,-0.655270655270655,-0.965313028764805,-0.0764890282131661,-0.442367601246106,0.199804480106465,1.0,0.059019797864989
0,-1.0,-0.469538071764189,-0.662790697674419,-0.961411764705882,-0.0764890282131661,-0.442367601246106,0.212293080961093,1.0,0.0595300764650879
0,-1.0,-0.483293199746117,-0.664723032069971,-0.945945945945946,-0.0428849902534113,-0.182648401826484,0.281116460128069,1.0,0.0662300288918082
0,-1.0,-0.500389032271095,-0.660968660968661,-0.928881179531656,-0.0399032648125756,-0.149253731343284,0.320311142232764,1.0,0.0731845129666535
0,-1.0,-0.500389032271095,-0.659090909090909,-0.928881179531656,-0.0399032648125756,-0.149253731343284,0.595665009031881,0.316358949625021,0.020096614571973
0,-1.0,-0.500389032271095,-0.66,-0.8165548098434,-0.0432503276539974,-0.149253731343284,0.600439760252994,0.346080044771874,0.0126674597763157
0,-1.0,-0.54051838971465,-0.665714285714286,-0.722972972972973,-0.0467753366406804,-0.182648401826484,0.456347321292743,0.379931160527463,0.0053306576945822
0,-1.0,-0.54051838971465,-0.664756446991404,-0.445945945945946,-0.0467753366406804,-0.182648401826484,0.371203821809572,0.360245245747711,0.0050650357791812
0,-1.0,-0.527466794150391,-0.664756446991404,-0.445945945945946,-0.0432503276539974,-0.149253731343284,0.185349027298165,0.306258361197318,0.0036689612257044
0,-1.0,-0.460872466873158,-0.65819209039548,-0.437086092715232,0.0,0.0,0.0884265440144518,0.0971074474109396,0.0033531158465402
0,-1.0,-0.0881774890595986,-0.0666666666666667,0.0,-0.31072511717673,-0.946428571428571,0.0181050139868257,0.384777269634989,0.0665228846151009
0,-1.0,-0.0881774890595986,-0.0712742980561555,0.0,-0.31072511717673,-0.946428571428571,0.0192512754987072,0.38294113721562,0.0676508209748474
0,-1.0,-0.0879433872380831,-0.0976809557273366,-0.45748987854251,-0.109396233741021,-0.229437229437229,0.339775702189651,0.753235804490846,0.0114461191511004
0,-1.0,-0.0861330536537405,-0.0937940761636107,-0.45748987854251,-0.151021775544389,-0.229437229437229,0.316729793168354,0.736766923008704,0.0109324677078714
0,-1.0,-0.0861330536537405,-0.0820256776034237,0.0,-0.187974314068885,-0.883333333333333,0.256776570064829,0.628529338613498,0.0107778485052082
0,-1.0,-0.0881774890595986,-0.0756602426837973,0.0,-0.187974314068885,-0.883333333333333,0.200789762987391,0.491493463467049,0.01247350565393
0,-1.0,-0.210769273812622,-0.0618556701030928,0.0,0.0,0.0,0.142274700832067,0.522473085232004,0.0755263418884087
0,0.0,-0.368138111703759,-0.257731958762887,-0.0276930894308943,0.0,0.0,0.72804952071076,0.929982990719292,0.0003845583683536
0,-1.0,-0.142744645523631,-0.161327897495632,0.0,0.0,0.0,0.818388045153806,0.975968674570951,0.111704405182006
0,-1.0,-0.335224373109709,-0.589905362776025,-1.0,-0.279661016949153,-1.0,0.26257898759878,0.35944466435577,0.0192866721113838
0,-1.0,-0.31768655161479,-0.6125,0.0,0.0,0.0,0.188222721923157,0.079890751790201,0.0301529304746649
0,-1.0,-0.31768655161479,-0.615384615384615,0.0,0.0,0.0,0.180387839637334,0.0679372129275566,0.0311800765882865
0,-1.0,-0.31768655161479,-0.608024691358025,0.0,0.0,0.0,0.282160022618038,0.210759579272187,0.0231890793580308
0,-1.0,-0.31768655161479,-0.604361370716511,0.0,0.0,0.0,0.273454978076377,0.217956563603027,0.0231297339803592
0,-1.0,-0.318748825691734,-0.217391304347826,0.0,0.0,0.0,0.269519679513814,0.493479757933812,0.0182804180826621
0,-1.0,-0.295613757880987,-0.217391304347826,0.0,0.0,0.0,0.299600317632952,0.527644052242426,0.0203459824915553
0,-1.0,-0.295613757880987,-0.243697478991597,0.0,0.0,0.0,0.307200478800008,0.532302128583256,0.0214045032042565
0,-1.0,-0.310884594044225,-0.25,0.0,0.0,0.0,0.312452743626197,0.527464957233347,0.023794948331635
0,-1.0,-0.261585215459963,-0.25,0.0,0.0,0.0,0.315439886623667,0.524767419228237,0.0252899286438203
0,-1.0,-0.261585215459963,-0.28,0.0,0.0,0.0,0.317376476031124,0.522369488612749,0.0265935295340818
0,-1.0,-0.261585215459963,-0.272,0.0,0.0,0.0,0.318458937088194,0.521371028921445,0.0271706955925018
0,-1.0,-0.178705083636069,-0.264,0.0,0.0,0.0,0.319626147616268,0.520168879645752,0.0278518670766798
0,-1.0,-0.21196502028049,-0.559870550161812,0.0,0.0,0.0,0.0,0.0,0.0
0,0.0,-0.695688146837634,0.0,0.0,0.0,0.0,0.432436608775269,0.741954711948338,0.0209261579960457
0,0.0,-0.695688146837634,0.0,0.0,0.0,0.0,0.409809717987952,0.744720230024784,0.0187084131095632
0,-1.0,-0.145026991404508,-0.211267605633803,0.0,0.0,0.0,0.812425714641265,0.953664588560961,0.0300852914785266
0,-1.0,-0.240722659077691,-0.387341772151899,0.0,0.0,0.0,0.341715766059112,0.286586084516799,0.0009760344569139
0,-1.0,-0.1649323857319,-0.420731707317073,0.0,0.0,0.0,0.0,0.0,0.0
0,-1.0,-0.22123082713298,-0.397590361445783,0.0,0.0,0.0,0.26148542420129,0.362632381227847,0.229931065628364
0,-1.0,-0.189112288731971,-0.4,0.0,0.0,0.0,0.259589293633605,0.362508243490032,0.229036803968397
0,-1.0,-0.152589240371024,-0.485815602836879,0.0,0.0,0.0,0.17855798404064,0.370111703843567,0.138155102018022
0,0.0,-0.26118093600515,-0.376543209876543,0.0,0.0,0.0,0.838991060529086,0.676827730306577,0.0016256290902176
0,0.0,-0.27733526051825,-0.395209580838323,0.0,0.0,0.0,0.631227371021761,0.547250677546373,0.0015568623438543
0,-1.0,-0.19135262153863,-0.185362927414517,-0.217654171704958,-0.0415534601246604,0.0,0.932645874549781,0.986435129822619,0.157025580286781
0,-1.0,-0.213924223405463,-0.189903846153846,-0.189917936694021,-0.0415534601246604,0.0,0.932140622273909,0.986432917638168,0.15845084387452
1,1.0,1.0,1.0,-1.0,-1.0,-1.0,1.0,1.0,0.172493220935682
1,1.0,1.0,1.0,-1.0,-1.0,-1.0,1.0,1.0,0.170538854344483
0,-1.0,-0.202034609732327,-0.196969696969697,0.0,0.0,0.0,0.0760018649508699,0.181248701038005,0.0102640999178561
0,-1.0,-0.202034609732327,-0.196969696969697,0.0,0.0,0.0,0.0534316407200263,0.152779185926611,0.0094556057925251
0,-1.0,-0.174321797931393,-0.192307692307692,0.0,0.0,0.0,0.0416721253794585,0.149276786984512,0.0089020057613183
0,-1.0,-0.202034609732327,-0.198473282442748,0.0,0.0,0.0,0.620036030811766,0.802758352919156,0.0170116412194039
0,-1.0,-0.257175682524112,-0.198473282442748,0.0,0.0,0.0,0.614896171790635,0.795211674936056,0.0175968655083336
0,-1.0,-0.257175682524112,-0.194029850746269,0.0,0.0,0.0,0.604454314424229,0.782939467549231,0.0185505637303687
0,-1.0,-0.257175682524112,-0.194029850746269,0.0,0.0,0.0,0.597445333398747,0.774700875173828,0.0192419177114646
0,-1.0,-0.344132889148801,-0.319327731092437,0.0,-0.0024911032028469,0.0,0.660006567941838,0.727705831496859,0.0323841720671413
0,-1.0,-0.393640786864176,-0.336065573770492,0.0,-0.0024911032028469,0.0,0.643093388493227,0.714431549514236,0.0345030978591474
0,-1.0,-0.425367923214295,-0.352,0.0,-0.0024911032028469,0.0,0.639010227119392,0.71023525703538,0.0351708794023469
0,-1.0,-0.359433095039208,-0.354330708661417,0.0,0.0,0.0,0.603226749599912,0.682273581400666,0.0409531886819361
0,-1.0,-0.326844296554323,-0.321167883211679,0.0,0.0,0.0,0.586754194534812,0.668703132822393,0.0444000579686599
0,-1.0,-0.326844296554323,-0.307142857142857,0.0,0.0,0.0,0.573115824192849,0.656704530663618,0.0479526134837313
0,-1.0,-0.340041618758692,-0.307142857142857,0.0,0.0,0.0,0.569478194969178,0.653394926670087,0.049009938633951
0,-1.0,-0.521242199630856,-0.445930880713489,-0.556430446194226,-0.237833969465649,-0.46,0.712755062768274,0.902759825333961,0.0038514222285711
0,-1.0,-0.516497362066106,-0.443507588532884,-0.294930875576037,-0.545616155870014,-0.46,0.785168046433185,0.949241948147705,0.0058693354005093
0,-1.0,-0.488573828466347,-0.44029428409734,-0.260869565217391,-0.506449370510543,-0.41304347826087,0.881952095930563,0.98001007463592,0.0217584131940503
0,-1.0,-0.504158842811964,-0.440045248868778,-0.155619596541787,-0.451379492911348,-0.216981132075472,0.852838375318232,0.956733671511977,0.0099844141153039
0,-1.0,-0.521242199630856,-0.449469570072585,-0.6175,-0.545616155870014,-0.46,0.96945631722107,0.994616761887795,0.0171305899198785
0,-1.0,-0.555694181888038,-0.455717488789238,-0.673773987206823,-0.545616155870014,-0.46,0.970167496611661,0.994803945898491,0.0220226848738417
0,-1.0,-0.563760695304918,-0.458473625140292,-0.673773987206823,-0.545616155870014,-0.46,0.972680417714343,0.995243128823039,0.0246945944474485
0,-1.0,-0.563760695304918,-0.460806270996641,-0.562686567164179,-0.451379492911348,-0.216981132075472,0.973715628153925,0.995411858091628,0.0269347169761837
0,-1.0,-0.563760695304918,-0.462486002239642,-0.562686567164179,-0.451379492911348,-0.216981132075472,0.973169021906516,0.995301190679591,0.028600313816615
0,0.0,-0.336939127707056,-0.32258064516129,0.0,0.0,0.0,0.444143904008026,0.862906636184807,0.146891715024359
0,-1.0,-0.614768086411712,-0.502322880371661,-0.711111111111111,-0.767233043238016,-0.393617021276596,0.926829817917442,0.982886491965575,0.026805641176363
0,-1.0,-0.598951946330681,-0.502645502645503,-0.711111111111111,-0.767233043238016,-0.393617021276596,0.932821410116991,0.98381456621828,0.0236711916428932
0,-1.0,-0.598951946330681,-0.505624629958555,-0.702702702702703,-0.767233043238016,-0.393617021276596,0.933746679895627,0.984070137291876,0.0234395507896847
0,-1.0,-0.598951946330681,-0.509231685527099,-0.672480620155039,-0.767233043238016,-0.393617021276596,0.935683258401754,0.983951160826782,0.0201194291220708
0,-1.0,-0.590072580187605,-0.523982999392835,-0.629385964912281,-0.617001932037732,-0.393617021276596,0.977894360198937,0.993212844814407,0.012011999967305
0,-1.0,-0.587732404623719,-0.533374157991427,-0.369175627240143,-0.617001932037732,-0.393617021276596,0.980438675524303,0.994045440350394,0.0103745325330048
0,-1.0,-0.589361330776653,-0.538414259373079,-0.217777777777778,-0.617001932037732,-0.393617021276596,0.977994519728198,0.993389541204706,0.0094871666323251
0,-1.0,-0.576123028896717,-0.536069651741294,-0.217777777777778,-0.617001932037732,-0.393617021276596,0.950519127808872,0.986845251478211,0.0100056213296472
0,0.0,-0.349249827947252,-0.8,0.0,0.0,0.0,0.388206058918496,0.890774019106074,0.153018524866065
0,-1.0,-0.242130785217114,-0.558730158730159,0.0,0.0,0.0,0.218683624670835,0.25027400666122,0.0392034653609697
0,-1.0,-0.0393940692421166,-0.416974169741697,0.0,0.0,0.0,0.0277033968761274,1.0,0.0573111638616209
0,-1.0,-0.0383408817174427,-0.428044280442804,0.0,0.0,0.0,0.0247313988232215,1.0,0.0572290562848077
0,0.0,-1.0,-1.0,0.0,0.0,0.0,0.884466627227174,0.985212641188487,0.0007521929679162
0,0.0,-1.0,-1.0,0.0,0.0,0.0,0.0,0.0,0.0
0,-1.0,-0.243110862944705,-0.263093788063337,-0.0162932790224033,-0.0006490134994807,0.0,0.626066780714675,0.0553554437950251,0.0264816474484114
0,-1.0,-0.262845612578114,-0.265382224984462,0.0,-0.0006490134994807,0.0,0.664371352776363,0.200763007169982,0.0247360388710353
0,-1.0,-0.198743045026919,-0.258025439127801,0.0,0.0,0.0,0.67791112615536,0.542931376589895,0.0182698956306565
0,-1.0,-0.258977197444729,-0.256253813300793,0.0,0.0,0.0,0.556042328247231,0.360815387952465,0.0228810458863911
0,0.0,-0.329812432356164,-0.758620689655172,0.0,0.0,0.0,0.33116061150657,0.77050012492241,0.0034328154860952
0,0.0,-0.287496832036626,-0.733333333333333,0.0,0.0,0.0,0.340071687350651,0.725139063492096,0.0589760218206992
0,-1.0,-0.109259679290158,-0.0568181818181818,0.0,0.0,0.0,0.2103728691741,0.440306906650919,0.0049324485351063
0,-1.0,-0.109259679290158,-0.043010752688172,0.0,0.0,0.0,0.114481864294274,0.479315019132962,0.0626785899853587
0,-1.0,-0.116269785531994,-0.0779220779220779,0.0,0.0,0.0,0.0427270182781457,0.490296679717003,0.0453965340785342
0,-1.0,-0.408712819794294,-0.584569732937685,0.0,0.0,0.0,0.729278313850837,0.557227385341255,0.0366153967700043
0,0.0,-0.41521658101708,-0.583333333333333,0.0,0.0,0.0,0.600402975184268,0.812088593322163,0.175523335055963
0,0.0,-0.376435524767898,-0.622222222222222,0.0,0.0,0.0,0.607525786010462,0.814532478124783,0.17344796031805
0,0.0,-0.547320670135886,-0.634146341463415,0.0,0.0,0.0,0.629936962846204,0.82226081940786,0.167415127595374
0,0.0,-0.616011933839471,-0.285714285714286,0.0,0.0,0.0,0.679128210063694,0.837239910607932,0.158727920686446
0,0.0,-0.571456036717729,-0.325581395348837,0.0,0.0,0.0,0.763314609565829,0.865068639404332,0.150962196306149
0,0.0,-0.521091802922499,-0.186046511627907,0.0,0.0,-0.625,0.776764863175692,0.84957582173441,0.172099359159028
0,0.0,-0.530616074767925,-0.181818181818182,-1.0,-0.183807439824945,-0.91304347826087,0.779640128710899,0.854284933703954,0.17284404669761
0,0.0,-0.41521658101708,-0.577319587628866,0.0,0.0,0.0,0.626269997565199,0.787325684612056,0.185209560041945
0,-1.0,-0.326844296554323,-0.23972602739726,0.0,0.0,0.0,0.113431583236749,0.0768543834092267,0.0101278199709636
0,-1.0,-0.326844296554323,-0.263513513513513,0.0,0.0,0.0,0.104706871312688,0.0552291826400143,0.0103835173948618
0,-1.0,-0.340041618758692,-0.296774193548387,0.0,0.0,0.0,0.110691294673936,0.0593322682978082,0.0101254697814647
0,-1.0,-0.292914814132031,-0.185714285714286,0.0,0.0,0.0,0.369969663589219,0.508621350586728,0.0185794405050112
0,-1.0,-0.390664936061076,-0.580046403712297,0.0,0.0,0.0,0.80218700913464,0.896109164358585,0.241044734333553
0,-1.0,-0.373692076772068,-0.565217391304348,0.0,0.0,0.0,0.673523012764145,0.846720856768872,0.205701821363708
0,-1.0,-0.373692076772068,-0.571759259259259,0.0,0.0,0.0,0.677429355232781,0.848157491617965,0.205690153049815
0,-1.0,-0.373692076772068,-0.571759259259259,0.0,0.0,0.0,0.627521807395295,0.52529727874282,0.0068630597873839
0,-1.0,-0.373692076772068,-0.569124423963134,-0.146341463414634,0.0,0.0,0.652256793821572,0.569988191519463,0.0598467311583551
0,0.0,-0.245629038095682,-0.0594059405940594,-0.0391705069124424,0.0,-0.175141242937853,0.989802481543395,0.993857643006534,0.0044773335563207
0,0.0,-0.673508047752494,-0.588235294117647,0.0,0.0,0.0,0.562831480464364,0.836315239462264,0.0955529331074234
0,-1.0,-0.318748825691734,-0.217391304347826,0.0,0.0,0.0,0.263907532340657,0.483029724917581,0.0130291133414538
0,-1.0,-0.318748825691734,-0.217391304347826,0.0,0.0,0.0,0.259415972399794,0.484819431797147,0.0106339041318088
0,-1.0,-0.287741261600142,-0.217391304347826,0.0,0.0,0.0,0.256954571170641,0.485687830175045,0.0095703793359909
0,-1.0,-0.264084487487222,-0.20353982300885,0.0,0.0,0.0,0.247932714906321,0.487913608219827,0.0049075661612687
0,-1.0,-0.264084487487222,-0.160377358490566,0.0,0.0,0.0,0.243633228473929,0.488943858333952,0.0033035627862587
0,-1.0,-0.264084487487222,-0.161904761904762,0.0,0.0,0.0,0.242128357103618,0.489161876603969,0.0027286208484941
0,-1.0,-0.264084487487222,-0.161904761904762,0.0,0.0,0.0,0.240382168375839,0.489562659819505,0.0020126057373585
0,-1.0,-0.273157102470609,-0.161904761904762,0.0,0.0,0.0,0.236476258004969,0.49041196393883,0.0008171825621432
0,-1.0,-1.0,-1.0,0.0,-1.0,0.0,0.915785157548744,0.987732621693975,0.0052793122779157
0,-1.0,-1.0,-1.0,0.0,-1.0,0.0,0.915050279185888,0.987652344362001,0.0049484211280334
0,-1.0,-1.0,-1.0,0.0,-1.0,0.0,0.913582365770829,0.987515903554166,0.0042344364861092
0,-1.0,-1.0,-1.0,0.0,-1.0,0.0,0.90830522818838,0.987104548158214,0.0008625808773873
0,-1.0,-1.0,-1.0,0.0,-1.0,0.0,0.0,0.0,0.0
0,0.0,-1.0,-1.0,-0.747474747474748,0.0,0.0,1.0,1.0,0.0117746900681578
1,0.0,1.0,1.0,-1.0,0.0,0.0,1.0,1.0,0.012654903658002
1,0.0,1.0,1.0,-1.0,0.0,0.0,1.0,1.0,0.0139494279495565
0,0.0,-0.331828453703155,0.0,-0.149253731343284,0.0,0.0,1.0,1.0,0.0142664412332303
0,0.0,-0.331828453703155,0.0,-0.136986301369863,0.0,0.0,0.928753351485214,0.936552714755788,0.0153137764189966
0,0.0,-0.331828453703155,0.0,-0.136986301369863,0.0,0.0,0.910621577671988,0.920436846744016,0.0155606490676744
0,0.0,-0.0703568312372116,-0.0352941176470588,-0.46294964028777,0.0,0.0,1.0,1.0,0.0059299535735244
0,-1.0,-0.259757891863267,-0.267320662170448,-0.0098522167487684,-0.213077872124247,-0.2,0.38347145142072,0.335354288111829,0.0002157213741189
0,-1.0,-0.281537686349415,-0.256707317073171,-0.121359223300971,-0.213077872124247,-0.2,0.443407144651857,0.164808754709691,0.0234249313071432
0,0.0,-0.349249827947252,-0.783783783783784,0.0,0.0,0.0,0.346407543696803,0.769965013646,0.0041989471851508
0,-1.0,-0.294080048364385,-0.490125673249551,0.0,0.0,0.0,0.576752390577835,0.425184824709673,0.0245278991716635
0,-1.0,-0.334119581741555,-0.221966647498562,-0.126984126984127,-0.0562893720788458,-0.133858267716535,0.82231280645676,0.966208181499876,0.0375659412183643
0,-1.0,-0.334119581741555,-0.216435185185185,-0.126829268292683,-0.0562893720788458,-0.133858267716535,0.819207984617139,0.965657175121642,0.038125296436264
0,-1.0,-0.270098595930024,-0.202780996523754,-0.0084557187360925,-0.0562893720788458,-0.133858267716535,0.822297996507058,0.966668571987507,0.039726564407058
0,-1.0,-0.338219356593146,-0.260571428571429,-0.188642925890279,-0.0882956878850103,-0.47085201793722,0.969506926073263,0.996275341533189,0.195572190412255
0,-1.0,-0.306622302529959,-0.241695303550974,-0.0983463881636205,-0.0648256494266323,-0.177700348432056,0.970417916428498,0.996443447063721,0.186664817963315
0,-1.0,-0.374949424767038,-0.271322266742988,-0.132863340563991,-0.0882956878850103,-0.47085201793722,0.942019924857253,0.985488755705402,0.131098494921359
0,-1.0,-0.403208601561911,-0.277142857142857,-0.240671641791045,-0.0528760759666621,-0.418326693227092,0.937813923362525,0.984421833943497,0.132858602812034
0,-1.0,-0.206717104198346,-0.584192439862543,0.0,0.0,0.0,0.0223755053568391,0.823015253301186,0.0910951947595057
0,-1.0,-0.184452183749592,-0.57243816254417,0.0,0.0,0.0,0.0052088744756216,0.80870135308821,0.0930199569633944
0,-1.0,-0.184452183749592,-0.578754578754579,0.0,0.0,0.0,0.102573531615065,0.581824682329365,0.234465683093871
0,-1.0,-0.213327545322495,-0.211995249406176,-0.256392536281963,-0.408681911951894,-0.656626506024096,0.617571845813774,0.655260766084186,0.236487130106811
0,-1.0,-0.276916793451502,-0.204918032786885,-0.285582255083179,-0.322697056030389,-0.577519379844961,0.851369361423493,0.97405388415422,0.0143388267137726
0,-1.0,-0.262541901656207,-0.201073985680191,-0.206024744486283,-0.158962264150943,-0.424802110817942,0.844485237148999,0.973509063565758,0.0069538591016993
0,-1.0,-0.270637150732329,-0.0561797752808989,0.0,0.0,0.0,0.162977386293716,0.516868451714385,0.0124127724360748
0,-1.0,-0.28734562449174,-0.0666666666666667,0.0,0.0,0.0,0.171208222823646,0.51740413674006,0.0230217634904918
0,-1.0,-0.28734562449174,-0.0666666666666667,0.0,0.0,0.0,0.171857293937377,0.517432200789097,0.0236883456514083
0,0.0,-0.61828224521704,-0.967741935483871,0.0,0.0,0.0,0.376247688141312,0.69598426798101,0.003567681603662
0,0.0,-0.61828224521704,-0.967213114754098,0.0,0.0,0.0,0.365510249039858,0.688078882516816,0.0025108576560003
0,0.0,-0.61828224521704,-0.983606557377049,0.0,0.0,0.0,0.349045031167366,0.673550632446632,0.0016413753311215
0,0.0,-0.61828224521704,-0.983870967741935,0.0,0.0,0.0,0.283277352410733,0.604740660377379,0.0006484421698155
0,0.0,-0.61828224521704,-0.984126984126984,0.0,0.0,0.0,0.565375631341881,0.757963461210277,2.5870017179313e-05
0,0.0,-0.61828224521704,-0.984615384615385,0.0,0.0,0.0,0.948982634300893,0.991132016953857,0.0001746085579156
0,0.0,-0.666937411432173,-0.984615384615385,0.0,0.0,0.0,0.479256254546971,0.775413719220284,0.0010437417416402
0,0.0,-0.666937411432173,-0.985294117647059,0.0,0.0,0.0,0.436448474160295,0.746070913503629,0.0022571988334154
0,-1.0,-0.174321797931393,-0.192307692307692,0.0,0.0,0.0,0.327231615757696,0.532461823141088,0.0326671684050787
0,-1.0,-0.174321797931393,-0.192307692307692,0.0,0.0,0.0,0.330914351576284,0.535582117399698,0.0326655039264778
0,-1.0,-0.202034609732327,-0.198473282442748,0.0,0.0,0.0,0.335746212380316,0.53865470749563,0.0331000255089938
0,-1.0,-0.260432613767424,-0.516883116883117,0.0,0.0,0.0,0.241923122151077,0.460446578458302,0.044512739567189
0,-1.0,-0.178022970876478,-0.473969631236443,0.0,0.0,0.0,0.24521994852774,0.51531929599518,0.0423046021736589
0,-1.0,-0.202554770323761,-0.419287211740042,0.0,0.0,0.0,0.282182783398619,0.359081296376638,0.25568342821835
0,0.0,-0.406554005062545,-0.833333333333333,0.0,0.0,0.0,0.0846967546169963,0.500007761936708,0.0428646387549765
0,0.0,-0.406554005062545,-0.833333333333333,0.0,0.0,0.0,0.0825744869322112,0.496310925878109,0.0422492535811612
0,0.0,-0.360677684448623,-0.714285714285714,0.0,0.0,0.0,0.080192396393424,0.493120948569211,0.041590268509343
0,0.0,-0.264184562193286,-0.251366120218579,0.0,-0.149723521905572,-0.165526675786594,0.804521502253964,0.6514818647794,0.0902649691327258
1,1.0,1.0,1.0,-1.0,-1.0,-1.0,1.0,1.0,0.0031484845691704
0,-1.0,-0.541197087349307,-0.622837370242215,0.0,-0.015625,-0.333333333333333,1.0,1.0,0.0017956753724834
0,-1.0,-0.506715399968191,-0.620689655172414,0.0,-0.015625,-0.333333333333333,0.469633040654768,0.377643913051993,0.0202180465159215
0,-1.0,-0.506715399968191,-0.618556701030928,0.0,-0.015625,-0.333333333333333,0.470145785037066,0.377650518844268,0.0213301392827695
0,-1.0,-0.436797485654989,-0.614583333333333,0.0,-0.015625,-0.727272727272727,0.469379436523463,0.377400157650305,0.0227759384396811
0,-1.0,-0.445482589846938,-0.593548387096774,0.0,0.0,0.0,0.485635565690557,0.376581173862001,0.0317903685781011
0,-1.0,-0.426102338130865,-0.595015576323987,0.0,0.0,0.0,0.487586502541491,0.375869671463481,0.0332260595655839
0,-1.0,-0.426102338130865,-0.593167701863354,0.0,0.0,0.0,0.530822391528862,0.354718068122656,0.0019142109905725
0,-1.0,-0.445482589846938,-0.58974358974359,0.0,0.0,0.0,0.0,0.0,0.0
0,-1.0,-0.071681790399849,-0.0601700457815566,-0.727272727272727,-0.262478425957887,-1.0,0.210880474052531,0.0584216278426196,0.0223600996583762
0,-1.0,-0.0738202054483714,-0.0571240971766251,-0.727272727272727,-0.262478425957887,-1.0,0.117533481123056,0.375638314033833,0.018406142353906
0,-1.0,-0.0464679441258559,-0.0567282321899736,-0.727272727272727,-0.140836360825539,-0.943396226415094,0.0419217486408234,0.40315666417119,0.0203256464526093
0,-1.0,-0.458640241074101,-0.362001124227094,-0.478696741854637,-0.0398435086996808,-0.716723549488055,0.876628963068422,0.975386798144687,0.013784395674861
0,-1.0,-0.465484600308859,-0.366873940079141,-0.367729831144465,-0.0398435086996808,-0.716723549488055,0.522690432358259,0.726563087102733,0.0010675968839455
0,-1.0,-0.458640241074101,-0.361142217245241,-0.542274052478134,-0.0398435086996808,-0.716723549488055,0.809779566628748,0.955457785898099,0.0275034416485943
0,-1.0,-0.458640241074101,-0.37037037037037,-0.576086956521739,-0.0398435086996808,-0.716723549488055,0.79417770231366,0.949308591618376,0.0219923307411302
0,-1.0,-0.47500359793441,-0.389291689905187,-0.46685878962536,-0.0398435086996808,-0.716723549488055,0.794091758017749,0.94862730741217,0.0210415295088959
0,-1.0,-0.17623264860581,-0.192307692307692,-0.0088619402985074,-0.0369678366475377,-0.0904255319148936,0.882352375991765,0.980618657351863,0.0617595476334676
0,-1.0,-0.310981312282157,-0.209154113557358,-0.126984126984127,-0.0562893720788458,-0.133858267716535,0.88301063080051,0.980703008388916,0.0650737587995248
0,-1.0,-0.469538071764189,-0.649425287356322,-0.961411764705882,-0.123983739837398,-0.539923954372624,0.576735005344138,0.644501519350517,0.0241251990776238
0,-1.0,-0.135491616749843,-0.456666666666667,0.0,0.0,0.0,0.278833270992856,0.302482624644808,0.0107755907429781
0,-1.0,-0.567320790536989,-0.489402697495183,-0.263598326359833,-0.760108200455581,-0.25,0.792385182086347,0.955166748886883,0.0049429954604739
0,-1.0,-0.567320790536989,-0.526086956521739,-0.272727272727273,-0.617001932037732,-0.393617021276596,0.773701179352405,0.948062277560803,0.0041431962870143
0,-1.0,-0.576123028896717,-0.531795511221945,-0.217777777777778,-0.617001932037732,-0.393617021276596,0.92877950635023,0.990353126491384,0.0009648803439823
0,-1.0,-0.33432001134184,-0.554794520547945,0.0,0.0,0.0,0.400933317416765,0.624870776898139,0.295647429725404
0,-1.0,-0.33432001134184,-0.551569506726457,0.0,0.0,0.0,0.403561304773959,0.627297950202912,0.294951781029379
0,-1.0,-0.11915525461577,-0.142769230769231,0.0,0.0,0.0,0.786426214514573,0.97032784662538,0.0293146739033895
0,-1.0,-0.1545320262835,-0.147186147186147,0.0,0.0,0.0,0.784865222468708,0.970190963382556,0.0282181629545383
0,-1.0,-0.212396023111221,-0.146448774355751,0.0,0.0,0.0,0.778181736140158,0.969676659760654,0.0203980417448301
0,-1.0,-0.153681890803486,-0.151882578174856,0.0,0.0,0.0,0.776830389168776,0.969455353583549,0.0197597608127789
0,-1.0,-0.153681890803486,-0.154731457800512,0.0,0.0,0.0,0.776479969308092,0.969403848973078,0.0191050029544906
0,-1.0,-0.23094203061867,-0.196845794392523,-0.505202726946537,-0.267854327605234,-0.474522292993631,0.947330010718813,0.986372497189311,0.0071251738796631
0,-1.0,-0.23094203061867,-0.192622950819672,-0.505202726946537,-0.267854327605234,-0.474522292993631,0.966147895767095,0.991471604981492,0.0072301558726639
0,0.0,-0.0830442436992012,-0.0445544554455446,0.0,-0.338235294117647,-0.423728813559322,0.947069520983899,0.985150290308398,0.102116035525946
0,0.0,-0.0564464536622229,-0.0582765034097954,0.0,-0.129468232916509,-0.197406340057637,0.941049734849905,0.983565332936479,0.100748892712328
0,-1.0,-0.124380244254269,-0.131628197130381,-0.239035087719298,-0.341885269530124,-0.175,0.92700333554919,0.975889817731362,0.137324609771458
0,-1.0,-0.0685863980730786,-0.114826498422713,-0.380753138075314,-0.396670190274841,-0.175,0.932065653146895,0.976425000396601,0.132484601238939
0,-0.345303878319584,-0.0525404403476062,-0.104232469993683,-0.380753138075314,-0.396670190274841,-0.175,0.933647078520296,0.976989791548477,0.13578457263685
0,-0.345303878319584,-0.0169733844756542,-0.0895806861499365,-0.105431309904153,-0.313424947145877,-0.175,0.937353365147418,0.977754232603041,0.133452828683053
0,0.0,-0.0054152729562626,-0.0696324951644101,-0.0574162679425837,-0.313424947145877,-0.175,0.940568667732692,0.978815858059991,0.134642416955063
0,0.0,-0.0454464759621343,-0.0760938490805327,-0.0536512667660209,-0.313424947145877,-0.175,0.943038772505278,0.979655483928618,0.135714542871514
0,0.0,-0.0948534052999783,-0.0747957259585167,-0.0044709388971684,-0.313424947145877,-0.175,0.944135241343024,0.9801328715005,0.137244831420942
0,0.0,-0.0948534052999783,-0.0741206030150754,-0.0044709388971684,-0.313424947145877,-0.175,0.952014828055988,0.97970713622876,0.0969406735857817
0,0.0,-0.0899517889618947,-0.0664993726474278,0.0,0.0,0.0,0.910347090274728,0.975196184940063,0.0437355934954891
0,0.0,-0.0830442436992012,-0.0610591900311526,0.0,-0.283305693753455,-0.45364238410596,0.916253628222012,0.977198254695779,0.0458347957664335
0,0.0,-0.0976281346761364,-0.0570365778053317,0.0,-0.338235294117647,-0.423728813559322,0.92635236798393,0.979592588042869,0.0449607048805765
0,-1.0,-0.19742774790046,-0.252427184466019,0.0,0.0,0.0,0.373511928338344,0.263579632933534,0.0033043139783612
0,-1.0,-0.204346104805331,-0.246817538896747,0.0,0.0,0.0,0.363849017082312,0.178336263944424,0.0006399955227485
0,-1.0,-0.204346104805331,-0.248571428571429,0.0,0.0,0.0,0.145982723334742,0.0101914990664098,0.0003447981506917
0,-1.0,-0.0649169242069723,-0.169741697416974,0.0,0.0,0.0,0.248332733896104,1.0,0.0607900287394876
0,-1.0,-0.104872932823422,-0.365448504983389,0.0,0.0,0.0,0.186183043392394,1.0,0.0577352714509072
0,-1.0,-0.105320059458564,-0.405228758169935,0.0,0.0,0.0,0.117206197974774,1.0,0.0626072403236035
0,-1.0,-0.13402845050381,-0.429508196721311,0.0,0.0,0.0,0.0983471184217354,1.0,0.0611844335687814
0,-1.0,-0.14044637089983,-0.501628664495114,0.0,0.0,0.0,0.0437843169843576,1.0,0.0598010832482838
0,-1.0,-0.13644842044021,-0.543973941368078,-1.0,0.0,0.0,0.0310032385463654,1.0,0.0654341691159394
0,-1.0,-0.19940565932343,-0.55663430420712,-1.0,0.0,0.0,0.0608042480662803,1.0,0.068470393403747
0,-1.0,-0.19940565932343,-0.566343042071197,-0.73037542662116,-0.11660777385159,-0.248447204968944,0.10930381846273,1.0,0.0670493020356378
0,-1.0,-0.242130785217114,-0.56782334384858,0.0,0.0,0.0,0.0,0.0,0.0
0,-1.0,-0.614768086411712,-0.492415402567095,-0.675213675213675,-0.767233043238016,-0.393617021276596,0.97598277814654,0.995298731505427,0.0937960434444629
0,-1.0,-0.586601950465673,-0.472123368920522,-0.66722972972973,-0.767233043238016,-0.393617021276596,0.972366049985198,0.994552637026004,0.0900200795051753
0,-1.0,-0.5464969474979,-0.453836930455636,-0.568359375,-0.482594280978036,-0.393617021276596,0.949557916780147,0.989910615562223,0.0686286951715124
0,-1.0,-0.5464969474979,-0.450120192307692,-0.568359375,-0.482594280978036,-0.393617021276596,0.947264117114635,0.989416055974274,0.0680410757705488
0,-1.0,-0.537944479519603,-0.439806412583182,-0.608058608058608,-0.482594280978036,-0.393617021276596,0.942867482568644,0.988366751063747,0.0657585719226465
0,-1.0,-0.522987618228732,-0.417170495767836,-0.264765784114053,-0.482594280978036,-0.393617021276596,0.932257600925078,0.98583463116906,0.0647778612326285
0,-1.0,-0.507789845546128,-0.398669086509377,-0.513375796178344,-0.637327523602033,-0.418367346938776,0.892483764714844,0.973342501114482,0.0611939356795046
0,-1.0,-0.467266485060613,-0.389086595492289,-0.515078407720145,-0.540923700083653,-0.162962962962963,0.868673639610771,0.962236021037569,0.0579167666961168
0,-1.0,-0.477703740882803,-0.372791519434629,-0.665597433841219,-0.540923700083653,-0.162962962962963,0.865913789749164,0.962155188424943,0.0630258111043683
0,-1.0,-0.508583635268901,-0.413947536788228,-0.450248756218905,-0.449272165857962,-0.05,0.888338952226646,0.980150782765239,0.0142919657808642
0,-1.0,-0.291801120104327,-0.450592885375494,0.0,0.0,0.0,0.432038653879442,0.27450842709255,0.008026915001787
0,-1.0,-0.291801120104327,-0.449799196787149,0.0,0.0,0.0,0.432228463616483,0.274815466164126,0.0073122017477107
0,-1.0,-0.274847551893084,-0.436830835117773,0.0,0.0,0.0,0.0,0.0,0.0
0,0.0,-0.276380148951488,-0.254641909814324,0.0,0.0,0.0,0.601249523570843,0.732666506279417,0.0580636916809299
0,0.0,-0.291808024395699,-0.256613756613757,0.0,0.0,0.0,0.582697834834259,0.720926177618094,0.0621712786383401
0,-1.0,-0.210769273812622,-0.0618556701030928,0.0,0.0,0.0,0.167986059882253,0.498364222922845,0.0391903647030149
0,-1.0,-0.0879433872380831,-0.0966149506346968,-0.45748987854251,-0.127560837577816,-0.883333333333333,0.68549560885766,0.955521244394601,0.186519443355995
0,-1.0,-0.109002622061626,-0.0921787709497207,-0.597069597069597,-0.174282842341297,-0.946428571428571,0.682176897138499,0.954501377018562,0.187010758796202
0,-1.0,-0.0662706324512469,-0.0875862068965517,-0.603703703703704,-0.174282842341297,-0.946428571428571,0.640987070134247,0.947670460878934,0.192249962171133
0,0.0,-1.0,-0.986666666666667,0.0,0.0,0.0,0.967060484726572,0.99533962733522,0.0013913037858213
0,0.0,-1.0,-0.986666666666667,0.0,0.0,0.0,0.966681405754922,0.995306019537523,0.0008823659208372
0,0.0,-1.0,-0.986666666666667,0.0,0.0,0.0,0.0,0.0,0.0
0,-1.0,-0.536821935689126,-0.439907993099482,0.0,-0.412831329094,-0.186274509803922,0.909308982070289,0.975354848653013,0.0056519855518309
0,-1.0,-0.541456435458332,-0.451170759565962,-0.288834951456311,-0.451379492911348,-0.216981132075472,0.956798172911877,0.987670340830304,0.0099611309236912
0,-1.0,-0.278853038986823,-0.227906976744186,0.0,-0.0281647178444331,-0.134920634920635,0.951467377688783,0.994512683648504,0.136293116245141
0,0.0,-0.287419607056337,-0.329787234042553,0.0,0.0,0.0,0.696809299334286,0.584079639568418,0.0037267698301307
0,0.0,-0.287419607056337,-0.342105263157895,0.0,-0.289378350963628,0.0,0.779697058167926,0.753231454595304,0.0040736295656716
0,0.0,-0.347000219057485,-0.39,0.0,-0.272926062593959,0.0,0.821329371736289,0.870311177787442,0.004668509231783
1,1.0,1.0,1.0,0.0,0.0,0.0,1.0,1.0,0.026871256525575
0,0.0,-0.0908669787809241,0.0,0.0,0.0,0.0,1.0,1.0,0.0279417190558115
0,0.0,-0.166595892163627,0.0,0.0,0.0,0.0,0.952398712622059,0.985526183276242,0.0286130849350107
0,0.0,-1.0,0.0,0.0,0.0,0.0,0.354325099281178,0.821985242455624,0.0129733103991516
0,-1.0,-0.113030366001448,-0.0543478260869565,0.0,0.0,0.0,0.0999890304580923,0.495134982872362,0.0517524005629359
0,-1.0,-0.125155856203512,-0.0779220779220779,0.0,0.0,0.0,0.0505805649456121,0.511604224122884,0.0418005738310685
1,0.0,1.0,1.0,0.0,0.0,0.0,0.0,0.0,0.0
1,0.0,1.0,1.0,0.0,0.0,0.0,1.0,1.0,0.0005243330770726
1,0.0,1.0,1.0,0.0,0.0,0.0,1.0,1.0,0.0015313077930929
1,0.0,1.0,1.0,0.0,0.0,0.0,1.0,1.0,0.0019824186717377
1,0.0,1.0,1.0,0.0,0.0,0.0,1.0,1.0,0.0026889411005456
0,0.0,-0.436756551918371,-1.0,0.0,0.0,0.0,0.101491500602212,0.0350282901040429,0.0252521446324987
0,0.0,-0.436756551918371,-1.0,0.0,0.0,0.0,0.101507817802294,0.0350315099930126,0.0250757911186353
0,0.0,-0.436756551918371,-1.0,0.0,0.0,0.0,0.101541009633515,0.0350363839068017,0.024903699396786
0,0.0,-0.476525838601507,-0.271428571428571,0.0,0.0,0.0,0.624722685687253,0.896944380994577,0.167461854776545
0,-1.0,-0.65684137616236,-0.647058823529412,-1.0,-0.5,-0.272727272727273,0.604514381366308,0.566964436321692,0.0225221518627839
0,0.0,-0.631051024656218,-0.678445229681979,-1.0,-0.5,-0.272727272727273,0.60694991787682,0.567431788048661,0.0192554348907838
0,0.0,-0.659506663046242,-0.696969696969697,-1.0,-0.5,-0.272727272727273,0.613063011647447,0.566613455074849,0.0128305101328769
0,0.0,-0.659506663046242,-0.757322175732218,-1.0,-0.5,0.0,0.62007119924889,0.567427885394952,0.0094493903627519
0,0.0,-0.689538148028977,-0.801020408163265,-1.0,0.0,0.0,0.0,0.0,0.0
0,0.0,-0.476525838601507,-0.210714285714286,0.0,0.0,0.0,0.58526295595052,0.88691489297133,0.165049341605264
0,0.0,-0.476525838601507,-0.202846975088968,0.0,0.0,0.0,0.56736309064104,0.881050497083704,0.166711009924996
0,0.0,-0.456618773636239,-0.206293706293706,0.0,0.0,0.0,0.600526655498752,0.956667384776469,0.114675990896394
0,0.0,-0.337823909851661,-0.253807106598985,-0.0232856227301859,0.0,0.0,0.43113247961736,0.838095902088117,0.0003742226980807
0,-1.0,-0.505716968744873,-0.609004739336493,-0.744286596664608,0.0,0.0,0.948655965942237,0.986441996906701,0.426162585813167
0,-1.0,-0.490364156570479,-0.588100686498856,-0.744286596664608,-0.338773709748566,-0.462264150943396,0.908825543405071,0.968379666540704,0.470087375205107
0,-1.0,-0.470783131851484,-0.573991031390135,-0.744286596664608,0.0,0.0,0.773805438772907,0.853647872700671,0.529649796611054
1,0.0,1.0,0.0,0.0,0.0,0.0,1.0,1.0,0.0202902945221572
0,-1.0,-0.263733338985585,-0.207207207207207,0.0,0.0,0.0,0.0887415315170777,0.161059328486936,0.002770983248029
0,-1.0,-0.263733338985585,-0.214285714285714,0.0,0.0,0.0,0.152255703966557,0.254444329661414,0.0030785600430705
0,-1.0,-0.310856046602728,-0.293711126468556,-0.292134831460674,0.0,0.0,0.0,0.0,2.01365658339667e-05
0,0.0,-0.390548851378929,-0.201320132013201,0.0,0.0,0.0,0.551461179869368,0.947158303138936,0.113859922407087
0,0.0,-0.370145103780291,-0.196875,0.0,0.0,0.0,0.618211405881375,0.940678921685214,0.0059573131228149
0,0.0,-0.370145103780291,-0.193251533742331,0.0,0.0,0.0,0.545418761596213,0.87347293983255,0.0071344256698945
0,-1.0,-0.505716968744873,-0.610849056603774,-0.742857142857143,-0.338773709748566,-0.462264150943396,0.186148595669345,0.0631572430693105,0.104705456779729
0,-1.0,-0.268708046833231,-0.12621359223301,0.0,0.0,0.0,0.0152606281550697,0.156256642474677,0.007064217136125
0,-1.0,-0.268708046833231,-0.12621359223301,0.0,0.0,0.0,0.422685021153369,0.772991098787107,0.0313802016221254
0,-1.0,-0.357866537895511,-0.326666666666667,0.0,0.0,0.0,0.0728753831425732,0.213038561813824,0.0060238908392337
0,-1.0,-0.294080048364385,-0.504347826086956,0.0,0.0,0.0,0.545931652924027,0.424583815839112,0.020983581463554
0,-0.345303878319584,-0.11915525461577,-0.142599277978339,0.0,0.0,0.0,0.800570696129643,0.974820735771313,0.0150087897607605
0,-1.0,-0.214042605790186,-0.243873281530185,-0.0261194029850746,0.0,0.0,0.598495293948813,0.350406556242734,0.0157411525794777
0,-1.0,-0.180144170379725,-0.251056125528063,-0.0159786950732357,0.0,0.0,0.591730408342771,0.350480194061779,0.0092471764863716
0,-1.0,-0.220981667682749,-0.245215311004785,-0.0262008733624454,0.0,0.0,0.561312775556598,0.356244001545576,0.0150271584160889
0,-1.0,-0.203223090579644,-0.26161369193154,0.0,0.0,0.0,0.104229383242124,0.084980852782185,0.0014705605242298
0,0.0,-0.204841726798248,-0.833333333333333,0.0,0.0,0.0,0.0419485305809711,0.583261013845445,0.103020310263704
0,0.0,-0.204841726798248,-0.833333333333333,0.0,0.0,0.0,0.0466111869922448,0.58516005253247,0.10479036394377
0,0.0,-0.204841726798248,-0.833333333333333,0.0,0.0,0.0,0.0479541180452012,0.586112014254204,0.104369293866034
0,0.0,-0.406554005062545,-0.833333333333333,0.0,0.0,0.0,0.054267340011057,0.58832258887428,0.106707443620727
0,0.0,-0.406554005062545,-0.833333333333333,0.0,0.0,0.0,0.0549614005384657,0.588678643148868,0.106873529375992
0,0.0,-0.406554005062545,-0.833333333333333,0.0,0.0,0.0,0.0886073433404259,0.656830474216997,0.143626467221943
0,0.0,-0.406554005062545,-0.833333333333333,0.0,0.0,0.0,0.0889599643536693,0.656934552114051,0.143702151138307
0,0.0,-0.406554005062545,-0.833333333333333,0.0,0.0,0.0,0.112234534622062,0.698908389346969,0.155558482358085
0,-1.0,-0.572553343128262,-0.466257668711656,-0.562686567164179,-0.451379492911348,-0.216981132075472,1.0,1.0,0.470192842472138
1,1.0,1.0,1.0,-1.0,-1.0,-1.0,1.0,1.0,0.469951271665356
0,0.0,-0.101625759546576,-0.263216471897607,-0.202020202020202,-0.83291733959771,-0.0691823899371069,0.996972614121234,0.999434630308471,0.476848132158399
0,0.0,-0.0950948001846525,-0.23202614379085,-0.096,-0.653256484149856,-0.0578947368421053,0.986501702402257,0.992192567165188,0.477597963751285
0,0.0,-0.0915781183306548,-0.220149253731343,-0.0283944243675787,-0.578855975485189,-0.0471092077087794,0.79796986638557,0.783848796607336,0.481110989874755
0,0.0,-0.0805576504288853,-0.241892610313663,-0.0044620723847298,-0.570086433671552,-0.0414746543778802,0.708423559982676,0.742286262307365,0.415735249732691
0,0.0,-0.298270834142611,-0.25130890052356,-0.012012891883973,-0.249113025848961,-0.150927487352445,0.816764342347083,0.80404475599574,0.461241811652133
0,0.0,-0.275353469971075,-0.707317073170732,0.0,0.0,0.0,0.450708828048971,0.833807006325289,0.0382224901892422
0,0.0,-0.287496832036626,-0.714285714285714,0.0,0.0,0.0,0.437543700825589,0.81942773327561,0.0401540396276879
0,0.0,-0.287496832036626,-0.727272727272727,0.0,0.0,0.0,0.432371911952253,0.81319952559844,0.0410335716427174
0,-1.0,-0.153681890803486,-0.152858060372511,0.0,0.0,0.0,0.776132927844109,0.969355266625937,0.0184720482982146
0,-1.0,-0.153681890803486,-0.155927835051546,0.0,0.0,0.0,0.774386904096015,0.968947104387227,0.009809175381336
0,-1.0,-0.153681890803486,-0.156351791530945,0.0,0.0,0.0,0.774755202855384,0.968561046525512,0.0063809747531292
0,-1.0,-0.15899637132343,-0.157790927021696,0.0,0.0,0.0,0.775616421754321,0.968339880167222,0.0052619094660651
0,-1.0,-0.137243530366107,-0.162037037037037,0.0,0.0,0.0,0.778934076771282,0.968179376519965,0.0041479499983968
0,-1.0,-0.166981673640934,-0.166556071665561,0.0,0.0,0.0,0.776529446207104,0.968019721568825,0.0028568433690193
0,-1.0,-0.137244541334431,-0.159488559892328,0.0,0.0,0.0,0.774203695926169,0.967873313901966,0.0017378272280306
0,-1.0,-0.393709119323285,-0.347368421052632,0.0,-0.388812816650692,0.0,0.844783371381271,0.974603055969828,0.0182951925910721
0,0.0,-0.236026558874454,-0.0198019801980198,0.0,0.0,0.0,0.874421702281422,0.966137470418401,0.0599640181398225
0,0.0,-0.249835992135813,-0.0198019801980198,0.0,0.0,0.0,0.868231807109042,0.963016673785682,0.0597946888710513
0,0.0,-0.524691775069129,-0.904761904761905,0.0,0.0,0.0,0.320089114838529,0.77455452445668,0.131200034474416
0,-1.0,-0.307215947249403,-0.24390243902439,0.0,0.0,0.0,0.220404289101992,0.404116378972054,0.0549845622605553
0,-1.0,-0.307215947249403,-0.271317829457364,0.0,0.0,0.0,0.229876861842978,0.412115343170128,0.0587291494879002
0,-1.0,-0.249295120914776,-0.282442748091603,0.0,0.0,0.0,0.233006243319029,0.414629164654376,0.0592436141025747
0,-1.0,-0.249295120914776,-0.282442748091603,0.0,0.0,0.0,0.334488877398155,0.527076743479351,0.0154495775462655
0,-1.0,-0.307215947249403,-0.2734375,0.0,0.0,0.0,0.333213744632635,0.537713877413963,0.0107289798169912
0,-1.0,-0.263733338985585,-0.207207207207207,0.0,0.0,0.0,9.87302694961182e-08,0.0490978385115405,0.0019348465893561
0,-1.0,-0.263733338985585,-0.221238938053097,0.0,0.0,0.0,0.0021834822423417,0.0459703442779665,0.0014831869769956
0,-1.0,-0.293218816165895,-0.245762711864407,0.0,0.0,0.0,0.338062030352117,0.519158228316144,0.0043432738154933
0,-1.0,-0.188157822672071,-0.204724409448819,0.0,0.0,0.0,0.361107442920573,0.512853342096244,0.0178815694829572
0,-1.0,-0.299199515958453,-0.314285714285714,0.0,0.0,0.0,0.216894091843579,0.295194884009053,0.0586752510004606
0,-1.0,-0.299199515958453,-0.285714285714286,0.0,0.0,0.0,0.214773328487774,0.293002234477999,0.0582267255223465
0,-1.0,-0.351300058236601,-0.323741007194245,0.0,0.0,0.0,0.537455226984779,0.703360590477693,0.0553853043565306
0,-1.0,-0.588336140836538,-0.688829787234043,-0.707264957264957,-0.199671772428884,-0.164835164835165,0.854048128691081,0.912756919268988,0.0422375722690264
0,-1.0,-0.538662023096388,-0.683510638297872,-0.671462829736211,-0.199671772428884,-0.164835164835165,0.842927397870692,0.904366636442005,0.0419027556575845
0,-1.0,-0.52652197621971,-0.663212435233161,-0.265384615384615,0.0,0.0,0.8279141557551,0.893569069253185,0.0382740758118977
0,-1.0,-0.445135247395427,-0.623737373737374,-0.0286624203821656,0.0,0.0,0.739888408476397,0.824723443814424,0.040671409406257
0,-1.0,-0.587839533517005,-0.687165775401069,-0.755648038049941,-0.2,-0.164835164835165,0.995248871355444,0.997951724951611,0.497029050111823
0,-1.0,-0.600554392992753,-0.688829787234043,-0.798097251585624,-0.249487354750513,-0.164835164835165,0.99794666860022,0.99911826239461,0.498054218542691
0,-1.0,-0.60896587759842,-0.691292875989446,-0.755648038049941,-0.2,-0.164835164835165,0.918837248078574,0.950783298432157,0.043939836220725
0,-1.0,-0.588336140836538,-0.69047619047619,-0.707264957264957,-0.2,-0.164835164835165,0.897423937661992,0.934185983299787,0.0439953563495111
0,-1.0,-0.60896587759842,-0.692913385826772,-0.770708283313325,-0.249487354750513,-0.164835164835165,0.971416061294432,0.987015178466857,0.0449372940136113
0,-1.0,-0.436310938953303,-0.582366589327146,-0.0228426395939086,0.0,0.0,0.875605126912535,0.915152651799485,0.563953106803827
0,-1.0,-0.263470253523041,-0.273011897307451,0.0,-0.0006490134994807,0.0,0.598168450419917,0.450532757599446,0.0037511122198686
0,-1.0,-0.184113063149248,-0.253250773993808,-0.0161398789509079,0.0,0.0,0.642695237550452,0.439675049233312,0.006659929391353
0,-1.0,-0.289090033806389,-0.272900763358779,-0.0084507042253521,-0.3817497403946,-0.2,0.727144607305965,0.482926858350456,0.0235021565896264
0,-1.0,-0.219438793317444,-0.0625,0.0,0.0,0.0,0.303869331603475,0.43212697386692,0.169400906867058
0,-1.0,-0.270637150732329,-0.0666666666666667,0.0,0.0,0.0,0.302934042887495,0.430227080775454,0.169137824795289
1,0.0,1.0,1.0,0.0,0.0,0.0,1.0,1.0,0.148294358114295
0,0.0,-1.0,-0.988095238095238,0.0,0.0,0.0,1.0,1.0,0.147993157615304
0,0.0,-1.0,-0.987951807228916,0.0,0.0,0.0,0.999360991915914,0.999975367466503,0.147711036080449
0,0.0,-1.0,-0.987179487179487,0.0,0.0,0.0,0.997390084893364,0.999903562880227,0.144303518035119
0,0.0,-1.0,-0.986486486486487,0.0,0.0,0.0,0.996726056439924,0.999879780849609,0.143843472981664
0,0.0,-1.0,-0.986666666666667,0.0,0.0,0.0,0.996250578475035,0.999862509101455,0.143776989086279
0,0.0,-1.0,-0.986666666666667,0.0,0.0,0.0,0.996003224153716,0.999853941945821,0.143494032936656
0,0.0,-1.0,-0.987341772151899,0.0,0.0,0.0,0.995920748179333,0.999853241127365,0.142088191007598
0,0.0,-1.0,-0.98780487804878,0.0,0.0,0.0,0.995281435475773,0.999829098657474,0.142786422803557
0,0.0,-1.0,-0.98876404494382,0.0,0.0,0.0,0.995181167778541,0.999826008972824,0.142511967433734
0,0.0,-1.0,-0.989130434782609,0.0,0.0,0.0,0.997228484674545,0.999904920252892,0.13815214672545
0,0.0,-1.0,-0.99,0.0,0.0,0.0,1.0,1.0,0.136654725684893
1,0.0,1.0,1.0,0.0,0.0,0.0,1.0,1.0,0.137148044452288
0,0.0,-0.249835992135813,-0.0198019801980198,0.0,0.0,0.0,1.0,1.0,0.138286692389222
0,0.0,-0.249835992135813,-0.0198019801980198,0.0,0.0,0.0,0.997338623874434,0.999414361613335,0.138298760366469
0,0.0,-0.236026558874454,-0.0198019801980198,0.0,0.0,0.0,0.994714530016028,0.998837009243359,0.138235776963091
0,0.0,-0.230341989748813,-0.0198019801980198,0.0,0.0,0.0,0.845196815626022,0.982004278742637,0.0868055200678375
0,0.0,-0.230341989748813,-0.019047619047619,0.0,0.0,0.0,0.826222198894871,0.978149554594977,0.0870672986153592
0,0.0,-0.211779546741423,-0.019047619047619,0.0,0.0,0.0,0.814741351409825,0.975992503921338,0.0869995809482214
0,0.0,-0.183712002235083,-0.0185185185185185,0.0,0.0,0.0,0.801623057993364,0.973993871931865,0.0861806219651423
0,0.0,-0.255970726039401,-0.254691689008043,0.0,0.0,0.0,0.701978917563369,0.653447208740369,0.0105664194807513
0,0.0,-0.372974611736049,-0.785714285714286,0.0,0.0,0.0,0.414179739840476,0.900576128757412,0.154495335933406
0,0.0,-0.341302532599574,-0.733333333333333,0.0,0.0,0.0,0.428768391507442,0.905879988319793,0.155424923362882
0,-1.0,-0.205410895108983,-0.202026221692491,-0.290629575402635,-0.404053115778511,-0.360927152317881,0.948388648172533,0.983739821821433,0.151664543084059
0,-1.0,-0.217619215318862,-0.224179829890644,-0.294947994056464,-0.341621563688977,-0.706666666666667,0.949495133171981,0.978777501688794,0.145281237149573
0,-1.0,-0.247612150573245,-0.259522272433828,-0.0645539906103286,-0.285285957218294,-0.21285140562249,0.936076700876361,0.940150966099042,0.129623875779319
0,-1.0,-0.231976548738642,-0.251533742331288,0.0,0.0,0.0,0.826319798652427,0.726601303348743,0.124594794301361
0,-1.0,-0.388371634342978,-0.582125603864734,-0.177897574123989,0.0,0.0,0.462694309418444,0.373407239672519,0.0530678546355264
0,0.0,-0.414503142023831,0.0,0.0,0.0,0.0,0.748302529800278,0.88615311462942,0.0160467976236952
0,0.0,-0.414503142023831,0.0,0.0,0.0,0.0,0.742537845480045,0.882814682075808,0.0163729155883089
0,0.0,-0.414503142023831,0.0,0.0,0.0,0.0,0.730465001194908,0.875496924387132,0.017209121477356
0,0.0,-0.361577488768136,0.0,0.0,0.0,0.0,0.719764322833344,0.868342281916692,0.0181445525825902
0,0.0,-0.361577488768136,0.0,0.0,0.0,0.0,0.707564979944688,0.85850546124111,0.0195625798638983
0,0.0,-0.0862572959901284,-0.0548885077186964,-0.152224824355972,-0.677302943969611,-0.422480620155039,0.977547289893108,0.993837891566569,0.0001595562056632
0,0.0,-0.240542193739748,-0.317460317460317,0.0,-0.442401417811254,0.0,0.626351175707079,0.5968745705577,0.0115136167668684
0,0.0,-0.274588706633784,-0.833333333333333,0.0,0.0,0.0,0.15872186821387,0.871221831807829,0.0574866364523354
0,0.0,-0.274588706633784,-0.833333333333333,0.0,0.0,0.0,0.158613366554302,0.869496596777433,0.0579027105266761
0,0.0,-0.406554005062545,-0.833333333333333,0.0,0.0,0.0,0.159214943678301,0.866909732961203,0.0589559546709145
0,0.0,-0.406554005062545,-0.833333333333333,0.0,0.0,0.0,0.159259245710735,0.865835126844326,0.0592994853987084
0,-1.0,-0.195933652668684,-0.0618556701030928,0.0,0.0,0.0,0.131448794519904,0.475656322245916,0.128145690206641
0,-1.0,-0.210769273812622,-0.0618556701030928,0.0,0.0,0.0,0.133655907321699,0.476513809546086,0.128973885916566
0,-1.0,-0.188157822672071,-0.236220472440945,0.0,0.0,0.0,0.2077914843102,0.466339998992484,0.107590328579351
0,-1.0,-0.188157822672071,-0.196850393700787,0.0,0.0,0.0,0.256699660155526,0.471124132114649,0.132137447105895
0,0.0,-0.481772707445849,-0.454545454545455,0.0,0.0,0.0,0.579528198232462,0.931178045216504,0.15251607813317
0,0.0,-0.590466187383114,-0.476190476190476,0.0,0.0,0.0,0.59729194143905,0.939579710257536,0.15436924776538
0,-1.0,-0.473983885654675,-0.408300616937745,-0.0393258426966292,0.0,0.0,0.690694058583364,0.943396725353258,0.0033730103513837
0,-1.0,-0.489177679075629,-0.404279279279279,-0.0393258426966292,0.0,0.0,0.659952922100206,0.934090332924001,0.0015312361231636
0,-1.0,-0.500588349281557,-0.398085585585586,-0.0393258426966292,-0.0398435086996808,-0.716723549488055,0.841106382620799,0.960630788747439,0.0078684070739414
0,-1.0,-0.493581046286147,-0.393057110862262,-0.0393258426966292,-0.0398435086996808,-0.716723549488055,0.878832268092155,0.97296947212882,0.0124754532834896
0,0.0,-0.306084839355039,0.0,0.0,0.0,0.0,0.851557051804575,0.857210923438227,0.0014423069887221
0,0.0,-0.306084839355039,0.0,0.0,0.0,0.0,1.0,1.0,0.0012307634404009
1,0.0,1.0,1.0,0.0,0.0,0.0,0.0,0.0,0.0
0,-1.0,-0.0974689442316317,-0.446215139442231,0.0,0.0,0.0,0.000147123597887,0.485169522915631,0.341935647451395
0,-1.0,-0.0974689442316317,-0.442231075697211,0.0,0.0,0.0,0.0046399990508773,0.498521453830397,0.361200030623958
0,-1.0,-0.237971131350375,-0.236623067776457,-0.0102564102564103,0.0,0.0,0.346284836368724,0.0838421755658285,0.0237780078242303
0,-1.0,-0.210422678761274,-0.226337448559671,-0.0237636480411047,-0.239050989036487,0.0,0.6476896568095,0.679383142005774,0.232517130823668
0,-1.0,-0.278452832263826,-0.492831541218638,0.0,0.0,0.0,0.353640741100257,0.268534580141828,0.0721466433401406
0,-1.0,-0.289626824540891,-0.474860335195531,0.0,0.0,0.0,0.353602334869837,0.268548942580591,0.0662947296669307
0,-1.0,-0.286296953525228,-0.460348162475822,0.0,0.0,0.0,0.361050367974264,0.272596471964823,0.0638503194522924
0,-1.0,-0.310981129740516,-0.460159362549801,0.0,0.0,0.0,0.366000065172186,0.275139873724537,0.0634062751225276
0,-1.0,-0.310981129740516,-0.458585858585859,0.0,0.0,0.0,0.448825413851794,0.352676147021996,0.035677472100798
0,-1.0,-0.261259264151189,-0.456032719836401,0.0,0.0,0.0,0.448885649013589,0.353068455291006,0.0348784721142607
0,-1.0,-0.261259264151189,-0.450733752620545,0.0,0.0,0.0,0.448922658968868,0.35402598149557,0.0329804614431982
0,-1.0,-0.274545166706166,-0.453563714902808,0.0,0.0,0.0,0.448757545829579,0.354872803117103,0.0312569125986598
0,-1.0,-0.290470586003027,-0.454347826086957,0.0,0.0,0.0,0.448616487707955,0.355243131549677,0.0305193020817823
0,-1.0,-0.290470586003027,-0.453159041394335,0.0,0.0,0.0,0.448570177719523,0.355699858781521,0.0296845041103481
0,-1.0,-0.314383788730251,-0.473829201101928,0.0,0.0,0.0,0.445332527004552,0.366713445880019,0.0149552158754909
0,-1.0,-0.287644422739905,-0.538745387453875,0.0,0.0,0.0,0.433077242226828,0.377064294787562,0.0051673913838647
0,-1.0,-0.300567227546689,-0.55421686746988,0.0,0.0,0.0,0.0,0.0,0.0
0,-1.0,-0.0450832704259912,-0.0678642714570858,-0.727272727272727,-0.148533772652389,-0.946428571428571,0.759332285928648,1.0,0.238251375125097
0,-1.0,-0.0450832704259912,-0.0644728005372733,-0.727272727272727,-0.148533772652389,-0.946428571428571,0.757639719004426,1.0,0.239162489727375
0,-1.0,-0.0450832704259912,-0.058029689608637,-0.727272727272727,-0.174228955708433,-1.0,0.694629604222592,0.108692408974253,0.421031089959268
0,-1.0,-0.0464679441258559,-0.0543766578249337,-0.511627906976744,-0.168598997681203,-0.946428571428571,0.726841504673065,0.114244642725471,0.418604049976732
0,-1.0,-0.0881774890595986,-0.0759312320916905,0.0,-0.187974314068885,-0.883333333333333,0.0074848705404541,0.105827242187528,0.194188865459764
0,-1.0,-0.0450832704259912,-0.0602572782667569,-0.727272727272727,-0.174228955708433,-1.0,0.0121383479968935,0.0064714494286465,0.15859140446021
0,-1.0,-0.361690803081575,-0.481884057971014,0.0,0.0,0.0,0.432967692490041,0.421903562443902,0.260794301389623
0,-1.0,-0.222114533389338,-0.262886597938144,-0.0024752475247524,0.0,0.0,0.464892173120675,0.302885198773883,0.0099392630047415
0,0.0,-0.390302346155876,-0.262210796915167,-0.0752929444028921,0.0,0.0,0.82175037993146,0.965113446671551,0.0250595798939158
0,0.0,-0.390302346155876,-0.262210796915167,-0.0752929444028921,0.0,0.0,0.857086683804924,0.960630044391259,0.0251774876511923
0,0.0,-0.416891670923018,-0.267352185089974,-0.0706763398080974,-0.0499348675640469,-0.0840480274442539,0.811010863374179,0.892552087887408,0.042093440676266
0,0.0,-0.58280197391345,-0.963636363636364,0.0,0.0,0.0,0.674782117585084,0.971228845375154,0.101408842148524
0,0.0,-0.617032686506248,-0.96,0.0,0.0,0.0,0.685013672191962,0.972589311336863,0.100818313957073
0,0.0,-0.651343387726608,-0.953488372093023,0.0,0.0,0.0,0.698885415445534,0.974406908813656,0.100017066756669
0,0.0,-0.651343387726608,-0.95,0.0,0.0,0.0,0.708872840168551,0.975528640288483,0.0998509077937395
0,0.0,-0.362129311027173,-0.32258064516129,0.0,0.0,0.0,0.47093111807042,0.876942620360081,0.147419245511929
0,0.0,-0.401978091043969,-0.384615384615385,0.0,0.0,0.0,0.489550972184087,0.887737212393035,0.144916063374873
0,0.0,-0.45287097713719,-0.384615384615385,0.0,0.0,0.0,0.501197326395634,0.89184024569395,0.147666638991057
0,0.0,-0.45287097713719,-0.384615384615385,0.0,0.0,0.0,0.507638960886435,0.894852061778203,0.148049286876743
0,0.0,-0.45287097713719,-0.384615384615385,0.0,0.0,0.0,0.51184811048655,0.896589002595101,0.14869188715664
0,-1.0,-0.239071335136529,-0.548780487804878,0.0,0.0,0.0,0.263161994534063,0.358032004070636,0.0557503086781301
0,-1.0,-0.199518414839958,-0.532724505327245,0.0,0.0,0.0,0.0,0.0,0.0
0,-1.0,-0.294080048364385,-0.468045112781955,0.0,0.0,0.0,0.311013285691671,0.123299384535546,0.0738648979852003
0,-1.0,-0.285281209279445,-0.465028355387524,0.0,0.0,0.0,0.311853074556663,0.124348741866085,0.0747997059140774
0,-1.0,-0.285281209279445,-0.471028037383178,0.0,0.0,0.0,0.312552956944613,0.125218683990125,0.0757557665440532
0,0.0,-0.139571163307627,-0.194174757281553,0.0,0.0,0.0,0.895839514696429,0.797485927915178,0.0677999667259854
0,0.0,-0.139571163307627,-0.166123778501629,0.0,0.0,0.0,0.902201293429116,0.781124478729884,0.0660537622490669
0,0.0,-0.517645486095409,-0.316725978647687,0.0,0.0,0.0,0.651253590038381,0.903710126356773,0.168888509030556
0,0.0,-0.517645486095409,-0.312056737588652,0.0,0.0,0.0,0.643463886889349,0.901822496697968,0.168206843295682
1,1.0,1.0,1.0,-1.0,-1.0,-1.0,1.0,1.0,0.0382092827660873
0,0.0,-0.0840196593644808,-0.214129244249726,-0.081467365412101,-0.804482225656878,-0.266025641025641,1.0,1.0,0.0354964078262693
0,0.0,-0.0840196593644808,-0.172395273899033,-0.0514786418400876,-0.45370925814837,-0.0463917525773196,0.651407683016877,0.744603708022077,0.0514636917275692
0,-1.0,-0.498306971098098,-0.402803168799513,-0.434250764525994,-0.581671971854582,-0.0655737704918033,0.927476734142388,0.978042563302961,0.0096494572382646
0,-1.0,-0.247314133324645,-0.512864493996569,0.0,0.0,0.0,0.335311341678313,0.309621965027113,0.325520103213659
0,-1.0,-0.24722531033866,-0.471028037383178,0.0,0.0,0.0,0.338368161667895,0.317058579326261,0.0063619323019248
0,-1.0,-0.202554770323761,-0.422037422037422,0.0,0.0,0.0,0.331789427479785,0.32521120405167,0.0054011903331176
0,-1.0,-0.214998349667759,-0.414529914529915,0.0,0.0,0.0,0.319074370387139,0.356322986102515,0.0034466630052235
0,-1.0,-0.214998349667759,-0.404494382022472,0.0,0.0,0.0,0.239406377837063,0.65863127890633,0.0008612868470921
0,-1.0,-0.226653457353854,-0.398081534772182,0.0,0.0,0.0,0.237630243199981,0.602086264806129,0.0005547677550099
0,-1.0,-0.214998349667759,-0.408791208791209,0.0,0.0,0.0,0.362659346441923,0.246460257872399,0.0034619581966191
0,-1.0,-0.202554770323761,-0.437751004016064,0.0,0.0,0.0,0.365132320311975,0.252776157155069,0.0117059008753467
0,-1.0,-0.247314133324645,-0.506944444444444,0.0,0.0,0.0,0.301201780727654,0.353900051287998,0.284124031673252
0,-1.0,-0.24722531033866,-0.473098330241187,0.0,0.0,0.0,0.296469137149334,0.355618412756033,0.274583001126825
0,-1.0,-0.124380244254269,-0.135286783042394,-0.239035087719298,-0.341885269530124,-0.175,0.838705838725266,0.9321264779361,0.0582015696341828
0,0.0,-0.518518526565414,-0.526315789473684,0.0,0.0,0.0,0.542469946460677,0.81253521616516,0.0898292438554484
0,0.0,-0.518518526565414,-0.526315789473684,0.0,0.0,0.0,0.536008178051438,0.802618897633663,0.090362152237234
0,-1.0,-0.469538071764189,-0.659942363112392,-0.968962906888721,-0.565961732124874,-0.766859344894027,0.993131304455862,0.972091348335151,0.0769747186471111
0,-1.0,-0.469538071764189,-0.661849710982659,-0.968962906888721,-0.565961732124874,-0.766859344894027,1.0,1.0,0.0772621736296961
1,1.0,1.0,1.0,-1.0,-1.0,-1.0,1.0,1.0,0.0771078515867641
0,-1.0,-0.27515670508127,-0.261034047919294,-0.0272727272727273,0.0,0.0,0.598120885240126,0.0932097564643006,0.029701060788404
0,-1.0,-0.48441712916775,-0.428011204481793,0.0,-0.412831329094,-0.186274509803922,0.800877492063236,0.934824009552158,0.0072538659912755
0,-1.0,-0.263861045999367,-0.29523141654979,0.0,0.0,0.0,0.0,0.0,0.0
0,-1.0,-0.349202715051908,-0.537313432835821,0.0,0.0,0.0,0.598340938224096,0.795444028589596,0.0563435504619787
0,-1.0,-0.312264051554657,-0.551532033426184,0.0,0.0,0.0,0.54846422727354,0.773586913619678,0.0521819866455384
0,-1.0,-0.279172350812512,-0.598130841121495,0.0,0.0,0.0,0.409400256203721,0.665053945886369,0.0532054373785673
0,-1.0,-0.204333651699359,-0.588050314465409,0.0,0.0,0.0,0.323814917675435,0.562119814519346,0.0619017065931146
0,-1.0,-0.204333651699359,-0.581761006289308,0.0,0.0,0.0,0.213879459427793,0.331938944260237,0.0675847207182934
0,-1.0,-0.204333651699359,-0.577287066246057,0.0,0.0,0.0,0.211960533605669,0.329387967861512,0.0673872464071257
0,-1.0,-0.264693443341866,-0.556053811659193,0.0,0.0,0.0,0.215469641019741,0.0841470739878375,0.0218392852560395
0,-1.0,-0.279847950716216,-0.55045871559633,0.0,0.0,0.0,0.239581898163052,0.0950681077109024,0.0230212589482828
0,-1.0,-0.219438793317444,-0.1,0.0,0.0,0.0,0.0452245000635167,0.195932442191798,0.050150349755126
0,-1.0,-0.268708046833231,-0.117647058823529,0.0,0.0,0.0,0.215304285842315,0.431206198778775,0.0568404556206229
0,-1.0,-0.219438793317444,-0.0631578947368421,0.0,0.0,0.0,0.215210215157731,0.429634425495468,0.0514394444055207
0,-1.0,-0.270637150732329,-0.0666666666666667,0.0,0.0,0.0,0.213453697157311,0.441591189447819,0.0524238114752045
0,-1.0,-0.278452832263826,-0.493783303730018,0.0,0.0,0.0,0.420333064796668,0.328346778695365,0.0111708394571962
0,0.0,-0.309018715942197,-0.733333333333333,0.0,0.0,0.0,0.327574374101778,0.569152853536592,0.239983288228348
0,0.0,-0.309018715942197,-0.733333333333333,0.0,0.0,0.0,0.328089691807736,0.569284809445812,0.240013781766875
0,0.0,-0.309018715942197,-0.733333333333333,0.0,0.0,0.0,0.298345236783533,0.474810938408233,0.152956292305073
0,0.0,-0.309018715942197,-0.733333333333333,0.0,0.0,0.0,0.29734388571487,0.474171019171647,0.15291141892145
0,0.0,-0.309018715942197,-0.733333333333333,0.0,0.0,0.0,0.296306290725434,0.473456778673052,0.152716720129914
0,-1.0,-0.274462178535091,-0.227272727272727,0.0,-0.0217391304347826,0.0,0.634872153662537,0.793383919686337,0.0326159641376717
0,-1.0,-0.274462178535091,-0.235849056603774,0.0,-0.0217391304347826,0.0,0.647570756019679,0.8016510932905,0.0316177277377455
0,-1.0,-0.29932640674909,-0.235849056603774,0.0,-0.0217391304347826,0.0,0.744560104859235,0.867106823771809,0.0255862250614353
0,-1.0,-0.292252880458425,-0.263636363636364,0.0,-0.00224,0.0,0.792987572400516,0.900381616736769,0.0234707615738114
0,-1.0,-0.292252880458425,-0.263636363636364,0.0,-0.0023033892727871,0.0,0.806700741541676,0.910271033227528,0.0229766134185155
0,-1.0,-0.3151675137646,-0.263636363636364,0.0,-0.0023033892727871,0.0,0.812739164243261,0.914821990525303,0.0227575896342007
0,-1.0,-0.276896270919646,-0.462998102466793,0.0,0.0,0.0,0.430856869471314,0.272934194548893,0.0223194611481303
0,-1.0,-0.282354736047913,-0.459770114942529,0.0,0.0,0.0,0.430810626009751,0.273157497094385,0.0212788190944279
0,-1.0,-0.282354736047913,-0.457692307692308,0.0,0.0,0.0,0.430939123383899,0.273477889528057,0.0197333223302707
0,-1.0,-0.282354736047913,-0.453125,0.0,0.0,0.0,0.431257897373969,0.273741343784673,0.0182452543076305
0,-1.0,-0.288141176832366,-0.443478260869565,0.0,0.0,0.0,0.426706409219511,0.275852126705494,0.0011062812814095
0,-1.0,-0.288141176832366,-0.44273127753304,0.0,0.0,0.0,0.0,0.0,0.0
0,-1.0,-0.274847551893084,-0.449392712550607,0.0,0.0,0.0,0.429265482041159,0.275360976586799,0.0038898893704596
0,-1.0,-0.274847551893084,-0.439490445859873,0.0,0.0,0.0,0.426717538746407,0.275702633167839,0.0025575140006127
0,-1.0,-0.469538071764189,-0.651428571428571,-0.965313028764805,-0.0755417956656347,-0.442367601246106,0.918162291594727,0.879020032152148,0.0195865119809671
0,-1.0,-0.469538071764189,-0.65625,-0.965313028764805,-0.0764890282131661,-0.442367601246106,0.916606492142111,0.870410787735574,0.0203379675353871
0,-1.0,-0.377582196890608,-0.299363057324841,0.0,0.0,0.0,0.470739965891032,0.551009905959063,0.0685582601414325
0,-1.0,-0.340041618758692,-0.335570469798658,0.0,0.0,0.0,0.480003708239522,0.561626365171101,0.0581362261798218
0,-1.0,-0.292286852263529,-0.287878787878788,0.0,0.0,0.0,0.291380459465326,0.45297581716292,0.0770547019266612
0,-1.0,-0.307215947249403,-0.252032520325203,0.0,0.0,0.0,0.0027789383849299,0.0287977051008604,0.0001099179359914
0,-1.0,-0.307215947249403,-0.286821705426357,0.0,0.0,0.0,0.388516786180366,0.538296945471376,0.0048014621150434
0,-1.0,-0.307215947249403,-0.286821705426357,0.0,0.0,0.0,0.386147620266325,0.536579743326908,0.0057210737494237
0,-1.0,-0.307215947249403,-0.284615384615385,0.0,0.0,0.0,0.385528078970252,0.533998347602034,0.0063126462435648
0,-0.140458821755787,-0.31052711795777,-0.244444444444444,-0.863636363636364,0.0,0.0,0.446056399699754,0.590803590927889,0.0634123747136418
0,-1.0,-1.0,-1.0,0.0,-1.0,0.0,0.0,0.0,0.0
0,-1.0,-1.0,-1.0,0.0,-1.0,0.0,0.902837586925258,0.98681617140671,0.0010917504041676
0,-1.0,-1.0,-1.0,0.0,-1.0,0.0,0.912074325381947,0.987793425944104,0.005006565791328
0,-1.0,-1.0,-1.0,0.0,-1.0,0.0,0.982003470700303,0.99823100159697,0.0314323541169934
0,0.0,-1.0,-1.0,0.0,0.0,0.0,0.997803775531207,0.999625267666013,0.0097273737561645
0,0.0,-1.0,-1.0,0.0,0.0,0.0,0.990585098771205,0.998418953147591,0.0083143561642973
0,0.0,-1.0,-1.0,0.0,0.0,0.0,0.989561168106856,0.998308375886692,0.0062791024164617
0,0.0,-1.0,-1.0,0.0,0.0,0.0,0.9870497188124,0.99790417174486,0.0059255345368217
0,0.0,-1.0,-1.0,0.0,0.0,0.0,0.988333017791808,0.998134800436354,0.0050857584128651
0,0.0,-1.0,-1.0,0.0,0.0,0.0,0.989863282641214,0.998392647987874,0.0043604455468318
0,0.0,-1.0,-1.0,0.0,0.0,0.0,0.996938423240452,0.999518916039075,0.0032082463631576
0,0.0,-1.0,-1.0,0.0,0.0,0.0,1.0,1.0,0.0029275270153573
1,0.0,1.0,1.0,0.0,0.0,0.0,0.0,0.0,0.0
0,-1.0,-0.260991963101364,-0.217595307917889,-0.0111287758346582,0.0,0.0,1.0,1.0,0.295451637437117
1,1.0,1.0,1.0,-1.0,-1.0,-1.0,1.0,1.0,0.295601799067414
1,1.0,1.0,1.0,-1.0,-1.0,-1.0,1.0,1.0,0.2972904861718
0,-1.0,-0.31768655161479,-0.608024691358025,0.0,0.0,0.0,0.24290026202226,0.0331695974110731,0.0035185238737288
0,-1.0,-0.310255192182502,-0.609230769230769,0.0,0.0,0.0,0.274061310519108,0.0692201109703531,0.0033328623629069
0,-1.0,-0.310255192182502,-0.613003095975232,0.0,0.0,0.0,0.447768398430508,0.439924444687569,0.0049087693860801
0,-1.0,-0.359244839526174,-0.614906832298137,0.0,0.0,0.0,0.458104394230796,0.442615960906408,0.005518538648009
0,0.0,-0.134247248541573,-0.144736842105263,0.0,0.0,0.0,0.772576733439808,0.921168646893657,0.234034114121775
0,0.0,-0.146169840983575,-0.158163265306122,0.0,0.0,0.0,0.777066220331752,0.923524424202691,0.234949896741888
0,0.0,-0.259486698740916,-0.28804347826087,0.0,0.0,0.0,0.739235763582635,0.63368953933721,0.0895745797883234
0,0.0,-0.58280197391345,-0.96,0.0,0.0,0.0,0.416406647662408,0.851314471984969,0.0879582587266716
0,0.0,-0.58280197391345,-0.963636363636364,0.0,0.0,0.0,0.422224933793501,0.852793610579217,0.0891622934940429
0,0.0,-0.58280197391345,-0.963636363636364,0.0,0.0,0.0,0.593685342756478,0.930544738634318,0.0653807859144406
0,0.0,-0.58280197391345,-0.963636363636364,0.0,0.0,0.0,0.600143595410127,0.931858922816886,0.0653092300206284
0,0.0,-0.58280197391345,-0.964285714285714,0.0,0.0,0.0,0.797950392199692,0.985355533629002,0.116578081350811
0,0.0,-0.58280197391345,-0.964912280701754,0.0,0.0,0.0,0.800271622000269,0.985700096069539,0.116370510696099
0,0.0,-0.58280197391345,-0.964912280701754,0.0,0.0,0.0,0.801638773992178,0.98599156234565,0.116176437736493
0,0.0,-0.61828224521704,-0.964912280701754,0.0,0.0,0.0,0.89927725460035,0.988456895053055,0.161917454315355
0,0.0,-0.61828224521704,-0.984615384615385,0.0,0.0,0.0,0.950783032616918,0.994605880387693,0.156430094894477
0,-1.0,-0.27101752561843,-0.279268292682927,-0.054093567251462,-0.0006490134994807,0.0,1.0,1.0,0.170095317508509
0,-1.0,-0.306317675866745,-0.28030303030303,-0.0344827586206897,-0.470033562410101,-0.513761467889908,0.916404019278332,0.961533010732661,0.127519548177572
0,-1.0,-0.267806538002109,-0.271645736946464,-0.0036674816625916,-0.0010486577181208,0.0,0.872535067731805,0.885737084357305,0.131590089027066
0,-1.0,-0.242328568238161,-0.278035832780358,-0.0631808278867102,0.0,0.0,0.867354569006123,0.877934338559751,0.128491267986994
0,-1.0,-0.224391415321499,-0.274628879892038,-0.0768472906403941,0.0,0.0,0.850944915220077,0.853567732623699,0.126537329651649
0,-1.0,-0.194123795715419,-0.277966101694915,-0.023023023023023,0.0,0.0,0.828679209035002,0.822829559287148,0.121246440390583
0,-1.0,-0.240428341141907,-0.288343558282209,-0.0027548209366391,0.0,0.0,0.784365617916943,0.765199031247649,0.124027552519033
0,0.0,-0.470802118845353,-0.833333333333333,0.0,0.0,0.0,0.109198623846179,0.899608625292317,0.0655556912682714
0,0.0,-0.438857392908536,-0.714285714285714,0.0,0.0,0.0,0.041702044101386,0.427718783664093,0.0303644107338399
0,-1.0,-0.210769273812622,-0.0659340659340659,0.0,0.0,0.0,0.182739815058889,0.499180316332019,0.0101812711498979
0,-1.0,-0.210769273812622,-0.0666666666666667,0.0,0.0,0.0,0.180032131450839,0.497777269453654,0.0085300711201854
0,-1.0,-0.218786812377693,-0.0666666666666667,0.0,0.0,0.0,0.179071713653638,0.497244071555656,0.008031952498977
0,-1.0,-0.218786812377693,-0.0666666666666667,0.0,0.0,0.0,0.177934755972585,0.496527208962559,0.007457865631551
0,-1.0,-0.218786812377693,-0.0666666666666667,0.0,0.0,0.0,0.17242739512519,0.494227995798696,0.0050171062567673
0,-1.0,-0.218786812377693,-0.0666666666666667,0.0,0.0,0.0,0.170539775807025,0.494032162294867,0.0045571457128904
0,-1.0,-0.218786812377693,-0.0666666666666667,0.0,0.0,0.0,0.166132837285287,0.493545517755781,0.0035788323444991
0,-1.0,-0.218786812377693,-0.0561797752808989,0.0,0.0,0.0,0.163737312878797,0.492686254439742,0.0021669217469196
0,-1.0,-0.218786812377693,-0.0561797752808989,0.0,0.0,0.0,0.161378974481041,0.491704767678564,0.0013382447372475
0,-1.0,-0.210769273812622,-0.0659340659340659,0.0,0.0,0.0,0.19315843375804,0.506423602462965,0.0024826643574182
0,-1.0,-0.210769273812622,-0.0659340659340659,0.0,0.0,0.0,0.194001050338382,0.506607061645763,0.0034081685743903
0,-1.0,-0.268708046833231,-0.158878504672897,0.0,0.0,0.0,0.217016798778298,0.388779844685749,0.15050384600882
0,-1.0,-0.240428341141907,-0.28952772073922,-0.0027548209366391,0.0,0.0,0.751116283281935,0.658475206220157,0.110083045741701
0,-1.0,-0.194123795715419,-0.280354706684857,-0.023023023023023,0.0,0.0,0.798177704130774,0.714625886703225,0.108643636557667
0,-1.0,-0.224880696741979,-0.278343516632722,-0.0859977949283352,0.0,0.0,0.816108974420009,0.740719479810718,0.114935313849141
0,-1.0,-0.242328568238161,-0.28189712758851,-0.0855745721271394,0.0,0.0,0.841915100185828,0.777636374376668,0.114715489367728
0,-1.0,-0.267806538002109,-0.275065963060686,-0.0036674816625916,-0.0010486577181208,0.0,0.852757163919286,0.797146427579727,0.119510838946623
0,-1.0,-0.310976078859548,-0.282115869017632,-0.0344827586206897,-0.470033562410101,-0.513761467889908,0.889210910211106,0.863769300850926,0.118496006563503
0,0.0,-0.474512607816497,-0.833333333333333,0.0,0.0,0.0,0.267623065943057,0.787074056991935,0.0232831508147246
0,0.0,-0.474512607816497,-0.833333333333333,0.0,0.0,0.0,0.119053789842676,0.701143105078838,0.156982881148731
0,0.0,-0.474512607816497,-0.833333333333333,0.0,0.0,0.0,0.0663371899026104,0.751806148799136,0.0139463484064581
0,0.0,-0.474512607816497,-0.833333333333333,0.0,0.0,0.0,0.14686966044961,0.845235764741227,0.0191337629061391
0,0.0,-0.474512607816497,-0.833333333333333,0.0,0.0,0.0,0.117473435476181,0.369319474750785,0.022699572408671
0,0.0,-0.702000094108624,-0.95,0.0,0.0,0.0,1.0,1.0,0.23512087910881
0,0.0,-0.702000094108624,-0.95,0.0,0.0,0.0,0.554591616942628,0.747595188308754,0.0055524129012402
0,0.0,-0.390895875604833,-0.714285714285714,0.0,0.0,0.0,0.0578926490323633,0.482368146330481,0.0774916322876012
0,0.0,-0.390895875604833,-0.714285714285714,0.0,0.0,0.0,0.0612088262375446,0.538920613890647,0.0382225556384466
0,0.0,-0.390895875604833,-0.714285714285714,0.0,0.0,0.0,0.0059693193690526,0.592473168718164,0.0224624321229354
0,0.0,-0.390895875604833,-0.714285714285714,0.0,0.0,0.0,0.0016860702336491,0.594882217810629,0.0218330204737033
0,-1.0,-0.204333651699359,-0.580441640378549,0.0,0.0,0.0,0.225790978219832,0.293211903626682,0.0296049835317712
0,-1.0,-0.204333651699359,-0.564668769716088,0.0,0.0,0.0,0.19545710699595,0.312434408382937,0.0631298009844834
0,-1.0,-0.284965704741348,-0.506065857885615,0.0,0.0,0.0,0.265761372367616,0.0696234824131028,0.0452505819185315
0,-1.0,-0.284965704741348,-0.508620689655172,0.0,0.0,0.0,0.385808817838145,0.399469199197625,0.277978356019212
1,-1.0,-0.137782351545108,-0.236313868613139,0.0,0.0,0.0,0.150637997556887,0.792870197343381,0.531528410105751
0,-1.0,-0.191177454772231,-0.153452685421995,0.0,-0.381868131868132,0.0,0.41999682099564,0.571761182851087,0.0425442270752491
0,-1.0,-0.191177454772231,-0.156010230179028,0.0,-0.381868131868132,0.0,0.420849042482377,0.569673861728536,0.0422147334433058
0,-1.0,-0.191177454772231,-0.155612244897959,0.0,-0.381868131868132,0.0,0.937684559686898,0.980646798953996,0.151314381816066
0,-1.0,-0.191177454772231,-0.151670951156812,0.0,-0.381868131868132,0.0,0.918731017492837,0.968171859112003,0.140907959273143
0,-1.0,-0.102268072783327,-0.0614657210401891,0.0,-0.302463891248938,0.0,0.113080934490827,0.520961912884959,0.0685446962680418
0,0.0,-0.0828016622937329,-0.0633484162895928,0.0,-0.302463891248938,0.0,0.801654196742162,0.941426587847274,0.154533255314292
0,-1.0,-0.0958246104704072,-0.0562060889929742,0.0,-0.302463891248938,0.0,0.110841639005129,0.516998372068565,0.0686949047423221
0,-1.0,-0.0734564039384341,-0.0518018018018018,0.0,-0.33872502378687,0.0,0.110581209070374,0.514216906078917,0.068224283193401
0,-1.0,-0.0958737769905843,-0.0546697038724374,0.0,-0.33872502378687,0.0,0.602908877067488,0.741593970041799,0.0539497476538637
0,-1.0,-0.0734564039384341,-0.0534521158129176,0.0,-0.33872502378687,0.0,0.658343663829949,0.898806397263348,0.107854775948469
0,-0.81402733383578,-0.115010834553937,-0.215116279069767,0.0,0.0,0.0,0.844964368083237,0.969685262011662,0.214321143780652
0,-0.81402733383578,-0.111422093179723,-0.215116279069767,0.0,0.0,0.0,0.886656688525259,0.964598343907947,0.18130534173022
0,-0.140458821755787,-0.262233794916661,-0.186770428015564,0.0,0.0,0.0,0.978041632886142,0.995202387887725,0.150453263820591
0,-0.140458821755787,-0.262233794916661,-0.190661478599222,0.0,0.0,0.0,0.679606193039131,0.801970325460022,0.0677823101609458
0,-0.140458821755787,-0.262233794916661,-0.186770428015564,0.0,0.0,0.0,0.838511463926001,0.945037824696176,0.103027707528869
0,-0.140458821755787,-0.262233794916661,-0.182879377431907,0.0,0.0,0.0,0.809423397503513,0.935025752559081,0.104159297083675
0,-0.140458821755787,-0.262233794916661,-0.186770428015564,0.0,0.0,0.0,0.85511620023694,0.980535234300004,0.107470524290404
0,-0.140458821755787,-0.236597592220115,-0.123015873015873,0.0,0.0,0.0,0.680960967492755,0.947756079322579,0.100791617872245
0,-0.140458821755787,-0.236597592220115,-0.131474103585657,0.0,0.0,0.0,0.566665422494674,0.763441285140597,0.256335717565872
0,-1.0,-0.250716863755253,-0.171948356807512,0.0,0.0,0.0,0.837607996785212,0.978352337885872,0.128992693000329
0,0.0,-0.501108742953936,0.0,0.0,0.0,0.0,1.0,1.0,0.0974052764171295
0,0.0,-0.406578006833477,0.0,0.0,0.0,0.0,0.762262219006304,0.988264020269675,0.100752444421542
0,0.0,-0.3536070447192,-0.3,0.0,0.0,0.0,0.942737258182915,0.994557663518625,0.236466691626224
0,-1.0,-0.232899917118432,-0.240157480314961,0.0,0.0,0.0,0.100179267652913,0.0872730536953372,0.160653495118134
0,-1.0,-0.19742774790046,-0.243725231175694,0.0,0.0,0.0,0.698070528926634,0.676600603584777,0.021594104082979
0,-1.0,-0.194451094931495,-0.246788370520622,0.0,0.0,0.0,0.106747679355181,0.0026010758445166,0.124150953315043
0,-1.0,-0.194451094931495,-0.243983957219251,0.0,0.0,0.0,0.297269465496848,0.166354652777585,0.0142848434617214
0,-1.0,-0.17955349586181,-0.189170664838931,0.0,0.0,0.0,0.334415924794212,0.287054404898441,0.0043818808371444
0,0.0,-0.100368519769554,-0.0960264900662252,0.0,0.0,0.0,0.908388759282978,0.948561814741919,0.0228104040267075
